ISO-10303-21;
HEADER;
FILE_DESCRIPTION(('STEP AP214'),'1');
FILE_NAME('cctmp_0BE804C5-1277-4A11-8FBA-5B98BBEA6A25_2024_10_10_16_06_07_0400_66932..stp','2024-10-10T14:06:07',('KiM GmbH'),('CADClick - www.CADClick.com'),'Spatial InterOp 3D',' ','unknown authorization');
FILE_SCHEMA(('AUTOMOTIVE_DESIGN'));
ENDSEC;
DATA;
#1=PRODUCT_DEFINITION_CONTEXT('',#16,'design');
#2=APPLICATION_PROTOCOL_DEFINITION('INTERNATIONAL STANDARD','automotive_design',1994,#16);
#3=PRODUCT_CATEGORY_RELATIONSHIP('NONE','NONE',#17,#18);
#4=SHAPE_DEFINITION_REPRESENTATION(#19,#20);
#5=PRODUCT_DEFINITION_CONTEXT('',#21,'design');
#6=APPLICATION_PROTOCOL_DEFINITION('INTERNATIONAL STANDARD','automotive_design',1994,#21);
#7=PRODUCT_CATEGORY_RELATIONSHIP('NONE','NONE',#22,#23);
#8=CONTEXT_DEPENDENT_SHAPE_REPRESENTATION(#24,#25);
#9=SHAPE_DEFINITION_REPRESENTATION(#26,#27);
#10=SHAPE_REPRESENTATION_RELATIONSHIP('NONE','NONE',#27,#28);
#11=MECHANICAL_DESIGN_GEOMETRIC_PRESENTATION_REPRESENTATION(' ',(#29,#30,#31,#32,#33,#34,#35,#36,#37,#38,#39,#40,#41,#42,#43,#44,#45,#46,#47,#48,#49,#50,#51,#52,#53,#54,#55,#56,#57,#58,#59,#60,#61,#62,#63,#64,#65,#66,#67,#68,#69,#70,#71,#72,#73,#74,#75,#76,#77,#78,#79,#80,#81,#82,#83,#84,#85,#86,#87,#88,#89,#90,#91,#92,#93,#94,#95,#96,#97,#98,#99,#100,#101,#102,#103,#104,#105,#106,#107,#108,#109,#110,#111,#112),#12);
#12= (GEOMETRIC_REPRESENTATION_CONTEXT(3)GLOBAL_UNCERTAINTY_ASSIGNED_CONTEXT((#115))GLOBAL_UNIT_ASSIGNED_CONTEXT((#117,#118,#119))REPRESENTATION_CONTEXT('NONE','WORKSPACE'));
#16=APPLICATION_CONTEXT(' ');
#17=PRODUCT_CATEGORY('part','NONE');
#18=PRODUCT_RELATED_PRODUCT_CATEGORY('detail',' ',(#121));
#19=PRODUCT_DEFINITION_SHAPE('NONE','NONE',#122);
#20=SHAPE_REPRESENTATION('item_0043784_Klemmwinkel 5',(#123,#124),#125);
#21=APPLICATION_CONTEXT(' ');
#22=PRODUCT_CATEGORY('part','NONE');
#23=PRODUCT_RELATED_PRODUCT_CATEGORY('detail',' ',(#126));
#24=(REPRESENTATION_RELATIONSHIP('','',#27,#20)REPRESENTATION_RELATIONSHIP_WITH_TRANSFORMATION(#129)SHAPE_REPRESENTATION_RELATIONSHIP());
#25=PRODUCT_DEFINITION_SHAPE('NAUO-PROD-DEF','NAUO-PROD-DEF',#131);
#26=PRODUCT_DEFINITION_SHAPE('NONE','NONE',#132);
#27=SHAPE_REPRESENTATION('item_0043784_Klemmwinkel 5_1',(#123),#125);
#28=ADVANCED_BREP_SHAPE_REPRESENTATION('item_0043784_Klemmwinkel 5',(#133),#12);
#29=STYLED_ITEM('',(#134),#135);
#30=STYLED_ITEM('',(#136),#137);
#31=STYLED_ITEM('',(#138),#139);
#32=STYLED_ITEM('',(#140),#141);
#33=STYLED_ITEM('',(#142),#143);
#34=STYLED_ITEM('',(#144),#145);
#35=STYLED_ITEM('',(#146),#147);
#36=STYLED_ITEM('',(#148),#149);
#37=STYLED_ITEM('',(#150),#151);
#38=STYLED_ITEM('',(#152),#153);
#39=STYLED_ITEM('',(#154),#155);
#40=STYLED_ITEM('',(#156),#157);
#41=STYLED_ITEM('',(#158),#159);
#42=STYLED_ITEM('',(#160),#161);
#43=STYLED_ITEM('',(#162),#163);
#44=STYLED_ITEM('',(#164),#165);
#45=STYLED_ITEM('',(#166),#167);
#46=STYLED_ITEM('',(#168),#169);
#47=STYLED_ITEM('',(#170),#171);
#48=STYLED_ITEM('',(#172),#173);
#49=STYLED_ITEM('',(#174),#175);
#50=STYLED_ITEM('',(#176),#177);
#51=STYLED_ITEM('',(#178),#179);
#52=STYLED_ITEM('',(#180),#181);
#53=STYLED_ITEM('',(#182),#183);
#54=STYLED_ITEM('',(#184),#185);
#55=STYLED_ITEM('',(#186),#187);
#56=STYLED_ITEM('',(#188),#189);
#57=STYLED_ITEM('',(#190),#191);
#58=STYLED_ITEM('',(#192),#193);
#59=STYLED_ITEM('',(#194),#195);
#60=STYLED_ITEM('',(#196),#197);
#61=STYLED_ITEM('',(#198),#199);
#62=STYLED_ITEM('',(#200),#201);
#63=STYLED_ITEM('',(#202),#203);
#64=STYLED_ITEM('',(#204),#205);
#65=STYLED_ITEM('',(#206),#207);
#66=STYLED_ITEM('',(#208),#209);
#67=STYLED_ITEM('',(#210),#211);
#68=STYLED_ITEM('',(#212),#213);
#69=STYLED_ITEM('',(#214),#215);
#70=STYLED_ITEM('',(#216),#217);
#71=STYLED_ITEM('',(#218),#219);
#72=STYLED_ITEM('',(#220),#221);
#73=STYLED_ITEM('',(#222),#223);
#74=STYLED_ITEM('',(#224),#225);
#75=STYLED_ITEM('',(#226),#227);
#76=STYLED_ITEM('',(#228),#229);
#77=STYLED_ITEM('',(#230),#231);
#78=STYLED_ITEM('',(#232),#233);
#79=STYLED_ITEM('',(#234),#235);
#80=STYLED_ITEM('',(#236),#237);
#81=STYLED_ITEM('',(#238),#239);
#82=STYLED_ITEM('',(#240),#241);
#83=STYLED_ITEM('',(#242),#243);
#84=STYLED_ITEM('',(#244),#245);
#85=STYLED_ITEM('',(#246),#247);
#86=STYLED_ITEM('',(#248),#249);
#87=STYLED_ITEM('',(#250),#251);
#88=STYLED_ITEM('',(#252),#253);
#89=STYLED_ITEM('',(#254),#255);
#90=STYLED_ITEM('',(#256),#257);
#91=STYLED_ITEM('',(#258),#259);
#92=STYLED_ITEM('',(#260),#261);
#93=STYLED_ITEM('',(#262),#263);
#94=STYLED_ITEM('',(#264),#265);
#95=STYLED_ITEM('',(#266),#267);
#96=STYLED_ITEM('',(#268),#269);
#97=STYLED_ITEM('',(#270),#271);
#98=STYLED_ITEM('',(#272),#273);
#99=STYLED_ITEM('',(#274),#275);
#100=STYLED_ITEM('',(#276),#277);
#101=STYLED_ITEM('',(#278),#279);
#102=STYLED_ITEM('',(#280),#281);
#103=STYLED_ITEM('',(#282),#283);
#104=STYLED_ITEM('',(#284),#285);
#105=STYLED_ITEM('',(#286),#287);
#106=STYLED_ITEM('',(#288),#289);
#107=STYLED_ITEM('',(#290),#291);
#108=STYLED_ITEM('',(#292),#293);
#109=STYLED_ITEM('',(#294),#295);
#110=STYLED_ITEM('',(#296),#297);
#111=STYLED_ITEM('',(#298),#299);
#112=STYLED_ITEM('',(#300),#133);
#115=UNCERTAINTY_MEASURE_WITH_UNIT(LENGTH_MEASURE(1.0E-06),#117,'','');
#117= (CONVERSION_BASED_UNIT('MILLIMETRE',#303)LENGTH_UNIT()NAMED_UNIT(#306));
#118= (NAMED_UNIT(#308)PLANE_ANGLE_UNIT()SI_UNIT($,.RADIAN.));
#119= (NAMED_UNIT(#308)SOLID_ANGLE_UNIT()SI_UNIT($,.STERADIAN.));
#121=PRODUCT('item_0043784_Klemmwinkel 5','item_0043784_Klemmwinkel 5','PART--DESC',(#314));
#122=PRODUCT_DEFINITION('item_0043784_Klemmwinkel 5','item_0043784_Klemmwinkel 5',#315,#1);
#123=AXIS2_PLACEMENT_3D('',#316,#317,#318);
#124=AXIS2_PLACEMENT_3D('',#319,#320,#321);
#125= (GEOMETRIC_REPRESENTATION_CONTEXT(3)GLOBAL_UNCERTAINTY_ASSIGNED_CONTEXT((#324))GLOBAL_UNIT_ASSIGNED_CONTEXT((#326,#327,#328))REPRESENTATION_CONTEXT('NONE','WORKSPACE'));
#126=PRODUCT('item_0043784_Klemmwinkel 5_1','item_0043784_Klemmwinkel 5_1','PART-item_0043784_Klemmwinkel 5_1-DESC',(#330));
#129=ITEM_DEFINED_TRANSFORMATION('','',#123,#124);
#131=NEXT_ASSEMBLY_USAGE_OCCURRENCE('','','',#122,#132,$);
#132=PRODUCT_DEFINITION('item_0043784_Klemmwinkel 5_1','item_0043784_Klemmwinkel 5_1',#331,#5);
#133=MANIFOLD_SOLID_BREP('item_0043784_Klemmwinkel 5',#332);
#134=PRESENTATION_STYLE_ASSIGNMENT((#333));
#135=ADVANCED_FACE('',(#334),#335,.T.);
#136=PRESENTATION_STYLE_ASSIGNMENT((#336));
#137=ADVANCED_FACE('',(#337),#338,.F.);
#138=PRESENTATION_STYLE_ASSIGNMENT((#339));
#139=ADVANCED_FACE('',(#340),#341,.T.);
#140=PRESENTATION_STYLE_ASSIGNMENT((#342));
#141=ADVANCED_FACE('',(#343),#344,.F.);
#142=PRESENTATION_STYLE_ASSIGNMENT((#345));
#143=ADVANCED_FACE('',(#346),#347,.T.);
#144=PRESENTATION_STYLE_ASSIGNMENT((#348));
#145=ADVANCED_FACE('',(#349),#350,.T.);
#146=PRESENTATION_STYLE_ASSIGNMENT((#351));
#147=ADVANCED_FACE('',(#352),#353,.T.);
#148=PRESENTATION_STYLE_ASSIGNMENT((#354));
#149=ADVANCED_FACE('',(#355),#356,.F.);
#150=PRESENTATION_STYLE_ASSIGNMENT((#357));
#151=ADVANCED_FACE('',(#358),#359,.F.);
#152=PRESENTATION_STYLE_ASSIGNMENT((#360));
#153=ADVANCED_FACE('',(#361),#362,.F.);
#154=PRESENTATION_STYLE_ASSIGNMENT((#363));
#155=ADVANCED_FACE('',(#364),#365,.T.);
#156=PRESENTATION_STYLE_ASSIGNMENT((#366));
#157=ADVANCED_FACE('',(#367),#368,.T.);
#158=PRESENTATION_STYLE_ASSIGNMENT((#369));
#159=ADVANCED_FACE('',(#370),#371,.F.);
#160=PRESENTATION_STYLE_ASSIGNMENT((#372));
#161=ADVANCED_FACE('',(#373),#374,.T.);
#162=PRESENTATION_STYLE_ASSIGNMENT((#375));
#163=ADVANCED_FACE('',(#376),#377,.T.);
#164=PRESENTATION_STYLE_ASSIGNMENT((#378));
#165=ADVANCED_FACE('',(#379),#380,.T.);
#166=PRESENTATION_STYLE_ASSIGNMENT((#381));
#167=ADVANCED_FACE('',(#382),#383,.T.);
#168=PRESENTATION_STYLE_ASSIGNMENT((#384));
#169=ADVANCED_FACE('',(#385),#386,.T.);
#170=PRESENTATION_STYLE_ASSIGNMENT((#387));
#171=ADVANCED_FACE('',(#388),#389,.T.);
#172=PRESENTATION_STYLE_ASSIGNMENT((#390));
#173=ADVANCED_FACE('',(#391),#392,.F.);
#174=PRESENTATION_STYLE_ASSIGNMENT((#393));
#175=ADVANCED_FACE('',(#394),#395,.T.);
#176=PRESENTATION_STYLE_ASSIGNMENT((#396));
#177=ADVANCED_FACE('',(#397),#398,.T.);
#178=PRESENTATION_STYLE_ASSIGNMENT((#399));
#179=ADVANCED_FACE('',(#400),#401,.F.);
#180=PRESENTATION_STYLE_ASSIGNMENT((#402));
#181=ADVANCED_FACE('',(#403),#404,.T.);
#182=PRESENTATION_STYLE_ASSIGNMENT((#405));
#183=ADVANCED_FACE('',(#406),#407,.T.);
#184=PRESENTATION_STYLE_ASSIGNMENT((#408));
#185=ADVANCED_FACE('',(#409),#410,.T.);
#186=PRESENTATION_STYLE_ASSIGNMENT((#411));
#187=ADVANCED_FACE('',(#412),#413,.T.);
#188=PRESENTATION_STYLE_ASSIGNMENT((#414));
#189=ADVANCED_FACE('',(#415),#416,.T.);
#190=PRESENTATION_STYLE_ASSIGNMENT((#417));
#191=ADVANCED_FACE('',(#418),#419,.T.);
#192=PRESENTATION_STYLE_ASSIGNMENT((#420));
#193=ADVANCED_FACE('',(#421),#422,.F.);
#194=PRESENTATION_STYLE_ASSIGNMENT((#423));
#195=ADVANCED_FACE('',(#424),#425,.T.);
#196=PRESENTATION_STYLE_ASSIGNMENT((#426));
#197=ADVANCED_FACE('',(#427,#428),#429,.T.);
#198=PRESENTATION_STYLE_ASSIGNMENT((#430));
#199=ADVANCED_FACE('',(#431),#432,.T.);
#200=PRESENTATION_STYLE_ASSIGNMENT((#433));
#201=ADVANCED_FACE('',(#434),#435,.T.);
#202=PRESENTATION_STYLE_ASSIGNMENT((#436));
#203=ADVANCED_FACE('',(#437,#438),#439,.T.);
#204=PRESENTATION_STYLE_ASSIGNMENT((#440));
#205=ADVANCED_FACE('',(#441),#442,.F.);
#206=PRESENTATION_STYLE_ASSIGNMENT((#443));
#207=ADVANCED_FACE('',(#444),#445,.F.);
#208=PRESENTATION_STYLE_ASSIGNMENT((#446));
#209=ADVANCED_FACE('',(#447),#448,.F.);
#210=PRESENTATION_STYLE_ASSIGNMENT((#449));
#211=ADVANCED_FACE('',(#450),#451,.T.);
#212=PRESENTATION_STYLE_ASSIGNMENT((#452));
#213=ADVANCED_FACE('',(#453),#454,.F.);
#214=PRESENTATION_STYLE_ASSIGNMENT((#455));
#215=ADVANCED_FACE('',(#456),#457,.F.);
#216=PRESENTATION_STYLE_ASSIGNMENT((#458));
#217=ADVANCED_FACE('',(#459),#460,.F.);
#218=PRESENTATION_STYLE_ASSIGNMENT((#461));
#219=ADVANCED_FACE('',(#462,#463),#464,.T.);
#220=PRESENTATION_STYLE_ASSIGNMENT((#465));
#221=ADVANCED_FACE('',(#466),#467,.T.);
#222=PRESENTATION_STYLE_ASSIGNMENT((#468));
#223=ADVANCED_FACE('',(#469),#470,.F.);
#224=PRESENTATION_STYLE_ASSIGNMENT((#471));
#225=ADVANCED_FACE('',(#472),#473,.T.);
#226=PRESENTATION_STYLE_ASSIGNMENT((#474));
#227=ADVANCED_FACE('',(#475),#476,.T.);
#228=PRESENTATION_STYLE_ASSIGNMENT((#477));
#229=ADVANCED_FACE('',(#478),#479,.F.);
#230=PRESENTATION_STYLE_ASSIGNMENT((#480));
#231=ADVANCED_FACE('',(#481),#482,.F.);
#232=PRESENTATION_STYLE_ASSIGNMENT((#483));
#233=ADVANCED_FACE('',(#484),#485,.F.);
#234=PRESENTATION_STYLE_ASSIGNMENT((#486));
#235=ADVANCED_FACE('',(#487),#488,.F.);
#236=PRESENTATION_STYLE_ASSIGNMENT((#489));
#237=ADVANCED_FACE('',(#490),#491,.F.);
#238=PRESENTATION_STYLE_ASSIGNMENT((#492));
#239=ADVANCED_FACE('',(#493),#494,.F.);
#240=PRESENTATION_STYLE_ASSIGNMENT((#495));
#241=ADVANCED_FACE('',(#496),#497,.F.);
#242=PRESENTATION_STYLE_ASSIGNMENT((#498));
#243=ADVANCED_FACE('',(#499,#500),#501,.F.);
#244=PRESENTATION_STYLE_ASSIGNMENT((#502));
#245=ADVANCED_FACE('',(#503),#504,.T.);
#246=PRESENTATION_STYLE_ASSIGNMENT((#505));
#247=ADVANCED_FACE('',(#506,#507),#508,.T.);
#248=PRESENTATION_STYLE_ASSIGNMENT((#509));
#249=ADVANCED_FACE('',(#510),#511,.T.);
#250=PRESENTATION_STYLE_ASSIGNMENT((#512));
#251=ADVANCED_FACE('',(#513),#514,.T.);
#252=PRESENTATION_STYLE_ASSIGNMENT((#515));
#253=ADVANCED_FACE('',(#516,#517),#518,.T.);
#254=PRESENTATION_STYLE_ASSIGNMENT((#519));
#255=ADVANCED_FACE('',(#520),#521,.T.);
#256=PRESENTATION_STYLE_ASSIGNMENT((#522));
#257=ADVANCED_FACE('',(#523),#524,.T.);
#258=PRESENTATION_STYLE_ASSIGNMENT((#525));
#259=ADVANCED_FACE('',(#526),#527,.T.);
#260=PRESENTATION_STYLE_ASSIGNMENT((#528));
#261=ADVANCED_FACE('',(#529),#530,.T.);
#262=PRESENTATION_STYLE_ASSIGNMENT((#531));
#263=ADVANCED_FACE('',(#532),#533,.T.);
#264=PRESENTATION_STYLE_ASSIGNMENT((#534));
#265=ADVANCED_FACE('',(#535),#536,.T.);
#266=PRESENTATION_STYLE_ASSIGNMENT((#537));
#267=ADVANCED_FACE('',(#538),#539,.T.);
#268=PRESENTATION_STYLE_ASSIGNMENT((#540));
#269=ADVANCED_FACE('',(#541),#542,.T.);
#270=PRESENTATION_STYLE_ASSIGNMENT((#543));
#271=ADVANCED_FACE('',(#544),#545,.T.);
#272=PRESENTATION_STYLE_ASSIGNMENT((#546));
#273=ADVANCED_FACE('',(#547),#548,.T.);
#274=PRESENTATION_STYLE_ASSIGNMENT((#549));
#275=ADVANCED_FACE('',(#550),#551,.F.);
#276=PRESENTATION_STYLE_ASSIGNMENT((#552));
#277=ADVANCED_FACE('',(#553),#554,.T.);
#278=PRESENTATION_STYLE_ASSIGNMENT((#555));
#279=ADVANCED_FACE('',(#556),#557,.T.);
#280=PRESENTATION_STYLE_ASSIGNMENT((#558));
#281=ADVANCED_FACE('',(#559),#560,.T.);
#282=PRESENTATION_STYLE_ASSIGNMENT((#561));
#283=ADVANCED_FACE('',(#562),#563,.T.);
#284=PRESENTATION_STYLE_ASSIGNMENT((#564));
#285=ADVANCED_FACE('',(#565),#566,.T.);
#286=PRESENTATION_STYLE_ASSIGNMENT((#567));
#287=ADVANCED_FACE('',(#568),#569,.T.);
#288=PRESENTATION_STYLE_ASSIGNMENT((#570));
#289=ADVANCED_FACE('',(#571),#572,.T.);
#290=PRESENTATION_STYLE_ASSIGNMENT((#573));
#291=ADVANCED_FACE('',(#574),#575,.T.);
#292=PRESENTATION_STYLE_ASSIGNMENT((#576));
#293=ADVANCED_FACE('',(#577),#578,.T.);
#294=PRESENTATION_STYLE_ASSIGNMENT((#579));
#295=ADVANCED_FACE('',(#580),#581,.F.);
#296=PRESENTATION_STYLE_ASSIGNMENT((#582));
#297=ADVANCED_FACE('',(#583),#584,.T.);
#298=PRESENTATION_STYLE_ASSIGNMENT((#585));
#299=ADVANCED_FACE('',(#586),#587,.F.);
#300=PRESENTATION_STYLE_ASSIGNMENT((#588));
#303=LENGTH_MEASURE_WITH_UNIT(LENGTH_MEASURE(1.0),#589);
#306=DIMENSIONAL_EXPONENTS(1.0,0.0,0.0,0.0,0.0,0.0,0.0);
#308=DIMENSIONAL_EXPONENTS(0.0,0.0,0.0,0.0,0.0,0.0,0.0);
#314=PRODUCT_CONTEXT('',#16,'mechanical');
#315=PRODUCT_DEFINITION_FORMATION_WITH_SPECIFIED_SOURCE(' ','NONE',#121,.NOT_KNOWN.);
#316=CARTESIAN_POINT('',(0.0,0.0,0.0));
#317=DIRECTION('',(0.0,0.0,1.0));
#318=DIRECTION('',(1.0,0.0,0.0));
#319=CARTESIAN_POINT('',(0.0,0.0,0.0));
#320=DIRECTION('',(0.0,0.0,1.0));
#321=DIRECTION('',(1.0,0.0,0.0));
#324=UNCERTAINTY_MEASURE_WITH_UNIT(LENGTH_MEASURE(1.0E-06),#326,'','');
#326= (CONVERSION_BASED_UNIT('MILLIMETRE',#592)LENGTH_UNIT()NAMED_UNIT(#595));
#327= (NAMED_UNIT(#597)PLANE_ANGLE_UNIT()SI_UNIT($,.RADIAN.));
#328= (NAMED_UNIT(#597)SOLID_ANGLE_UNIT()SI_UNIT($,.STERADIAN.));
#330=PRODUCT_CONTEXT('',#21,'mechanical');
#331=PRODUCT_DEFINITION_FORMATION_WITH_SPECIFIED_SOURCE(' ','NONE',#126,.NOT_KNOWN.);
#332=CLOSED_SHELL('',(#135,#137,#139,#141,#143,#145,#147,#149,#151,#153,#155,#157,#159,#161,#163,#165,#167,#169,#171,#173,#175,#177,#179,#181,#183,#185,#187,#189,#191,#193,#195,#197,#199,#201,#203,#205,#207,#209,#211,#213,#215,#217,#219,#221,#223,#225,#227,#229,#231,#233,#235,#237,#239,#241,#243,#245,#247,#249,#251,#253,#255,#257,#259,#261,#263,#265,#267,#269,#271,#273,#275,#277,#279,#281,#283,#285,#287,#289,#291,#293,#295,#297,#299));
#333=SURFACE_STYLE_USAGE(.BOTH.,#603);
#334=FACE_OUTER_BOUND('',#604,.T.);
#335=TOROIDAL_SURFACE('',#605,7.5,0.5);
#336=SURFACE_STYLE_USAGE(.BOTH.,#606);
#337=FACE_OUTER_BOUND('',#607,.T.);
#338=CYLINDRICAL_SURFACE('',#608,3.0);
#339=SURFACE_STYLE_USAGE(.BOTH.,#609);
#340=FACE_OUTER_BOUND('',#610,.T.);
#341=CYLINDRICAL_SURFACE('',#611,2.5);
#342=SURFACE_STYLE_USAGE(.BOTH.,#612);
#343=FACE_OUTER_BOUND('',#613,.T.);
#344=TOROIDAL_SURFACE('',#614,2.7,0.2);
#345=SURFACE_STYLE_USAGE(.BOTH.,#615);
#346=FACE_OUTER_BOUND('',#616,.T.);
#347=TOROIDAL_SURFACE('',#617,1.42411293065508,3.53933509296191);
#348=SURFACE_STYLE_USAGE(.BOTH.,#618);
#349=FACE_OUTER_BOUND('',#619,.T.);
#350=CONICAL_SURFACE('',#620,2.254625,0.785398163397448);
#351=SURFACE_STYLE_USAGE(.BOTH.,#621);
#352=FACE_OUTER_BOUND('',#622,.T.);
#353=CYLINDRICAL_SURFACE('',#623,5.9);
#354=SURFACE_STYLE_USAGE(.BOTH.,#624);
#355=FACE_OUTER_BOUND('',#625,.T.);
#356=CYLINDRICAL_SURFACE('',#626,2.5);
#357=SURFACE_STYLE_USAGE(.BOTH.,#627);
#358=FACE_OUTER_BOUND('',#628,.T.);
#359=CYLINDRICAL_SURFACE('',#629,2.5);
#360=SURFACE_STYLE_USAGE(.BOTH.,#630);
#361=FACE_OUTER_BOUND('',#631,.T.);
#362=CYLINDRICAL_SURFACE('',#632,0.300000011130395);
#363=SURFACE_STYLE_USAGE(.BOTH.,#633);
#364=FACE_OUTER_BOUND('',#634,.T.);
#365=CYLINDRICAL_SURFACE('',#635,0.300000011130395);
#366=SURFACE_STYLE_USAGE(.BOTH.,#636);
#367=FACE_OUTER_BOUND('',#637,.T.);
#368=PLANE('',#638);
#369=SURFACE_STYLE_USAGE(.BOTH.,#639);
#370=FACE_OUTER_BOUND('',#640,.T.);
#371=CYLINDRICAL_SURFACE('',#641,9.89999995862729);
#372=SURFACE_STYLE_USAGE(.BOTH.,#642);
#373=FACE_OUTER_BOUND('',#643,.T.);
#374=PLANE('',#644);
#375=SURFACE_STYLE_USAGE(.BOTH.,#645);
#376=FACE_OUTER_BOUND('',#646,.T.);
#377=CYLINDRICAL_SURFACE('',#647,0.300000011130395);
#378=SURFACE_STYLE_USAGE(.BOTH.,#648);
#379=FACE_OUTER_BOUND('',#649,.T.);
#380=CYLINDRICAL_SURFACE('',#650,7.99999977119225);
#381=SURFACE_STYLE_USAGE(.BOTH.,#651);
#382=FACE_OUTER_BOUND('',#652,.T.);
#383=CYLINDRICAL_SURFACE('',#653,2.49999998452337);
#384=SURFACE_STYLE_USAGE(.BOTH.,#654);
#385=FACE_OUTER_BOUND('',#655,.T.);
#386=CYLINDRICAL_SURFACE('',#656,0.29999999187493);
#387=SURFACE_STYLE_USAGE(.BOTH.,#657);
#388=FACE_OUTER_BOUND('',#658,.T.);
#389=PLANE('',#659);
#390=SURFACE_STYLE_USAGE(.BOTH.,#660);
#391=FACE_OUTER_BOUND('',#661,.T.);
#392=CYLINDRICAL_SURFACE('',#662,0.300000011130396);
#393=SURFACE_STYLE_USAGE(.BOTH.,#663);
#394=FACE_OUTER_BOUND('',#664,.T.);
#395=CYLINDRICAL_SURFACE('',#665,0.300000011130395);
#396=SURFACE_STYLE_USAGE(.BOTH.,#666);
#397=FACE_OUTER_BOUND('',#667,.T.);
#398=PLANE('',#668);
#399=SURFACE_STYLE_USAGE(.BOTH.,#669);
#400=FACE_OUTER_BOUND('',#670,.T.);
#401=CYLINDRICAL_SURFACE('',#671,9.89999995862729);
#402=SURFACE_STYLE_USAGE(.BOTH.,#672);
#403=FACE_OUTER_BOUND('',#673,.T.);
#404=PLANE('',#674);
#405=SURFACE_STYLE_USAGE(.BOTH.,#675);
#406=FACE_OUTER_BOUND('',#676,.T.);
#407=CYLINDRICAL_SURFACE('',#677,0.300000011130395);
#408=SURFACE_STYLE_USAGE(.BOTH.,#678);
#409=FACE_OUTER_BOUND('',#679,.T.);
#410=PLANE('',#680);
#411=SURFACE_STYLE_USAGE(.BOTH.,#681);
#412=FACE_OUTER_BOUND('',#682,.T.);
#413=CYLINDRICAL_SURFACE('',#683,0.300000001781412);
#414=SURFACE_STYLE_USAGE(.BOTH.,#684);
#415=FACE_OUTER_BOUND('',#685,.T.);
#416=CYLINDRICAL_SURFACE('',#686,7.99999996801615);
#417=SURFACE_STYLE_USAGE(.BOTH.,#687);
#418=FACE_OUTER_BOUND('',#688,.T.);
#419=CYLINDRICAL_SURFACE('',#689,2.49999998452337);
#420=SURFACE_STYLE_USAGE(.BOTH.,#690);
#421=FACE_OUTER_BOUND('',#691,.T.);
#422=PLANE('',#692);
#423=SURFACE_STYLE_USAGE(.BOTH.,#693);
#424=FACE_OUTER_BOUND('',#694,.T.);
#425=PLANE('',#695);
#426=SURFACE_STYLE_USAGE(.BOTH.,#696);
#427=FACE_BOUND('',#697,.T.);
#428=FACE_OUTER_BOUND('',#698,.T.);
#429=PLANE('',#699);
#430=SURFACE_STYLE_USAGE(.BOTH.,#700);
#431=FACE_OUTER_BOUND('',#701,.T.);
#432=PLANE('',#702);
#433=SURFACE_STYLE_USAGE(.BOTH.,#703);
#434=FACE_OUTER_BOUND('',#704,.T.);
#435=CYLINDRICAL_SURFACE('',#705,5.9);
#436=SURFACE_STYLE_USAGE(.BOTH.,#706);
#437=FACE_BOUND('',#707,.T.);
#438=FACE_OUTER_BOUND('',#708,.T.);
#439=PLANE('',#709);
#440=SURFACE_STYLE_USAGE(.BOTH.,#710);
#441=FACE_OUTER_BOUND('',#711,.T.);
#442=PLANE('',#712);
#443=SURFACE_STYLE_USAGE(.BOTH.,#713);
#444=FACE_OUTER_BOUND('',#714,.T.);
#445=PLANE('',#715);
#446=SURFACE_STYLE_USAGE(.BOTH.,#716);
#447=FACE_OUTER_BOUND('',#717,.T.);
#448=PLANE('',#718);
#449=SURFACE_STYLE_USAGE(.BOTH.,#719);
#450=FACE_OUTER_BOUND('',#720,.T.);
#451=CONICAL_SURFACE('',#721,2.254625,0.785398163397448);
#452=SURFACE_STYLE_USAGE(.BOTH.,#722);
#453=FACE_OUTER_BOUND('',#723,.T.);
#454=PLANE('',#724);
#455=SURFACE_STYLE_USAGE(.BOTH.,#725);
#456=FACE_OUTER_BOUND('',#726,.T.);
#457=PLANE('',#727);
#458=SURFACE_STYLE_USAGE(.BOTH.,#728);
#459=FACE_OUTER_BOUND('',#729,.T.);
#460=PLANE('',#730);
#461=SURFACE_STYLE_USAGE(.BOTH.,#731);
#462=FACE_BOUND('',#732,.T.);
#463=FACE_OUTER_BOUND('',#733,.T.);
#464=PLANE('',#734);
#465=SURFACE_STYLE_USAGE(.BOTH.,#735);
#466=FACE_OUTER_BOUND('',#736,.T.);
#467=TOROIDAL_SURFACE('',#737,1.42411293065508,3.53933509296191);
#468=SURFACE_STYLE_USAGE(.BOTH.,#738);
#469=FACE_OUTER_BOUND('',#739,.T.);
#470=TOROIDAL_SURFACE('',#740,2.7,0.2);
#471=SURFACE_STYLE_USAGE(.BOTH.,#741);
#472=FACE_OUTER_BOUND('',#742,.T.);
#473=CYLINDRICAL_SURFACE('',#743,2.5);
#474=SURFACE_STYLE_USAGE(.BOTH.,#744);
#475=FACE_OUTER_BOUND('',#745,.T.);
#476=PLANE('',#746);
#477=SURFACE_STYLE_USAGE(.BOTH.,#747);
#478=FACE_OUTER_BOUND('',#748,.T.);
#479=CYLINDRICAL_SURFACE('',#749,3.0);
#480=SURFACE_STYLE_USAGE(.BOTH.,#750);
#481=FACE_OUTER_BOUND('',#751,.T.);
#482=CYLINDRICAL_SURFACE('',#752,0.500000000000001);
#483=SURFACE_STYLE_USAGE(.BOTH.,#753);
#484=FACE_OUTER_BOUND('',#754,.T.);
#485=PLANE('',#755);
#486=SURFACE_STYLE_USAGE(.BOTH.,#756);
#487=FACE_OUTER_BOUND('',#757,.T.);
#488=CYLINDRICAL_SURFACE('',#758,6.5);
#489=SURFACE_STYLE_USAGE(.BOTH.,#759);
#490=FACE_OUTER_BOUND('',#760,.T.);
#491=PLANE('',#761);
#492=SURFACE_STYLE_USAGE(.BOTH.,#762);
#493=FACE_OUTER_BOUND('',#763,.T.);
#494=PLANE('',#764);
#495=SURFACE_STYLE_USAGE(.BOTH.,#765);
#496=FACE_OUTER_BOUND('',#766,.T.);
#497=CYLINDRICAL_SURFACE('',#767,0.500000000000001);
#498=SURFACE_STYLE_USAGE(.BOTH.,#768);
#499=FACE_BOUND('',#769,.T.);
#500=FACE_OUTER_BOUND('',#770,.T.);
#501=PLANE('',#771);
#502=SURFACE_STYLE_USAGE(.BOTH.,#772);
#503=FACE_OUTER_BOUND('',#773,.T.);
#504=CYLINDRICAL_SURFACE('',#774,0.5);
#505=SURFACE_STYLE_USAGE(.BOTH.,#775);
#506=FACE_BOUND('',#776,.T.);
#507=FACE_OUTER_BOUND('',#777,.T.);
#508=PLANE('',#778);
#509=SURFACE_STYLE_USAGE(.BOTH.,#779);
#510=FACE_OUTER_BOUND('',#780,.T.);
#511=CYLINDRICAL_SURFACE('',#781,0.700000004482259);
#512=SURFACE_STYLE_USAGE(.BOTH.,#782);
#513=FACE_OUTER_BOUND('',#783,.T.);
#514=CYLINDRICAL_SURFACE('',#784,0.5);
#515=SURFACE_STYLE_USAGE(.BOTH.,#785);
#516=FACE_BOUND('',#786,.T.);
#517=FACE_OUTER_BOUND('',#787,.T.);
#518=PLANE('',#788);
#519=SURFACE_STYLE_USAGE(.BOTH.,#789);
#520=FACE_OUTER_BOUND('',#790,.T.);
#521=CYLINDRICAL_SURFACE('',#791,0.499999999999999);
#522=SURFACE_STYLE_USAGE(.BOTH.,#792);
#523=FACE_OUTER_BOUND('',#793,.T.);
#524=CYLINDRICAL_SURFACE('',#794,0.5);
#525=SURFACE_STYLE_USAGE(.BOTH.,#795);
#526=FACE_OUTER_BOUND('',#796,.T.);
#527=PLANE('',#797);
#528=SURFACE_STYLE_USAGE(.BOTH.,#798);
#529=FACE_OUTER_BOUND('',#799,.T.);
#530=CYLINDRICAL_SURFACE('',#800,0.5);
#531=SURFACE_STYLE_USAGE(.BOTH.,#801);
#532=FACE_OUTER_BOUND('',#802,.T.);
#533=PLANE('',#803);
#534=SURFACE_STYLE_USAGE(.BOTH.,#804);
#535=FACE_OUTER_BOUND('',#805,.T.);
#536=TOROIDAL_SURFACE('',#806,7.5,0.5);
#537=SURFACE_STYLE_USAGE(.BOTH.,#807);
#538=FACE_OUTER_BOUND('',#808,.T.);
#539=CYLINDRICAL_SURFACE('',#809,8.0);
#540=SURFACE_STYLE_USAGE(.BOTH.,#810);
#541=FACE_OUTER_BOUND('',#811,.T.);
#542=CYLINDRICAL_SURFACE('',#812,0.699999999999984);
#543=SURFACE_STYLE_USAGE(.BOTH.,#813);
#544=FACE_OUTER_BOUND('',#814,.T.);
#545=CYLINDRICAL_SURFACE('',#815,0.499999999999995);
#546=SURFACE_STYLE_USAGE(.BOTH.,#816);
#547=FACE_OUTER_BOUND('',#817,.T.);
#548=PLANE('',#818);
#549=SURFACE_STYLE_USAGE(.BOTH.,#819);
#550=FACE_OUTER_BOUND('',#820,.T.);
#551=CYLINDRICAL_SURFACE('',#821,0.699999999999999);
#552=SURFACE_STYLE_USAGE(.BOTH.,#822);
#553=FACE_OUTER_BOUND('',#823,.T.);
#554=PLANE('',#824);
#555=SURFACE_STYLE_USAGE(.BOTH.,#825);
#556=FACE_OUTER_BOUND('',#826,.T.);
#557=CYLINDRICAL_SURFACE('',#827,2.0);
#558=SURFACE_STYLE_USAGE(.BOTH.,#828);
#559=FACE_OUTER_BOUND('',#829,.T.);
#560=PLANE('',#830);
#561=SURFACE_STYLE_USAGE(.BOTH.,#831);
#562=FACE_OUTER_BOUND('',#832,.T.);
#563=CYLINDRICAL_SURFACE('',#833,0.5);
#564=SURFACE_STYLE_USAGE(.BOTH.,#834);
#565=FACE_OUTER_BOUND('',#835,.T.);
#566=PLANE('',#836);
#567=SURFACE_STYLE_USAGE(.BOTH.,#837);
#568=FACE_OUTER_BOUND('',#838,.T.);
#569=CYLINDRICAL_SURFACE('',#839,0.300000000000001);
#570=SURFACE_STYLE_USAGE(.BOTH.,#840);
#571=FACE_OUTER_BOUND('',#841,.T.);
#572=PLANE('',#842);
#573=SURFACE_STYLE_USAGE(.BOTH.,#843);
#574=FACE_OUTER_BOUND('',#844,.T.);
#575=PLANE('',#845);
#576=SURFACE_STYLE_USAGE(.BOTH.,#846);
#577=FACE_OUTER_BOUND('',#847,.T.);
#578=PLANE('',#848);
#579=SURFACE_STYLE_USAGE(.BOTH.,#849);
#580=FACE_OUTER_BOUND('',#850,.T.);
#581=CYLINDRICAL_SURFACE('',#851,1.0);
#582=SURFACE_STYLE_USAGE(.BOTH.,#852);
#583=FACE_OUTER_BOUND('',#853,.T.);
#584=PLANE('',#854);
#585=SURFACE_STYLE_USAGE(.BOTH.,#855);
#586=FACE_OUTER_BOUND('',#856,.T.);
#587=PLANE('',#857);
#588=SURFACE_STYLE_USAGE(.BOTH.,#858);
#589= (NAMED_UNIT(#306)LENGTH_UNIT()SI_UNIT(.MILLI.,.METRE.));
#592=LENGTH_MEASURE_WITH_UNIT(LENGTH_MEASURE(1.0),#860);
#595=DIMENSIONAL_EXPONENTS(1.0,0.0,0.0,0.0,0.0,0.0,0.0);
#597=DIMENSIONAL_EXPONENTS(0.0,0.0,0.0,0.0,0.0,0.0,0.0);
#603=SURFACE_SIDE_STYLE('',(#861));
#604=EDGE_LOOP('',(#862,#863,#864,#865));
#605=AXIS2_PLACEMENT_3D('',#866,#867,#868);
#606=SURFACE_SIDE_STYLE('',(#869));
#607=EDGE_LOOP('',(#870,#871,#872,#873));
#608=AXIS2_PLACEMENT_3D('',#874,#875,#876);
#609=SURFACE_SIDE_STYLE('',(#877));
#610=EDGE_LOOP('',(#878,#879,#880,#881,#882,#883,#884,#885,#886,#887));
#611=AXIS2_PLACEMENT_3D('',#888,#889,#890);
#612=SURFACE_SIDE_STYLE('',(#891));
#613=EDGE_LOOP('',(#892,#893,#894,#895));
#614=AXIS2_PLACEMENT_3D('',#896,#897,#898);
#615=SURFACE_SIDE_STYLE('',(#899));
#616=EDGE_LOOP('',(#900,#901,#902,#903));
#617=AXIS2_PLACEMENT_3D('',#904,#905,#906);
#618=SURFACE_SIDE_STYLE('',(#907));
#619=EDGE_LOOP('',(#908,#909,#910,#911,#912));
#620=AXIS2_PLACEMENT_3D('',#913,#914,#915);
#621=SURFACE_SIDE_STYLE('',(#916));
#622=EDGE_LOOP('',(#917,#918,#919,#920));
#623=AXIS2_PLACEMENT_3D('',#921,#922,#923);
#624=SURFACE_SIDE_STYLE('',(#924));
#625=EDGE_LOOP('',(#925,#926,#927,#928,#929,#930,#931));
#626=AXIS2_PLACEMENT_3D('',#932,#933,#934);
#627=SURFACE_SIDE_STYLE('',(#935));
#628=EDGE_LOOP('',(#936,#937,#938,#939,#940,#941,#942));
#629=AXIS2_PLACEMENT_3D('',#943,#944,#945);
#630=SURFACE_SIDE_STYLE('',(#946));
#631=EDGE_LOOP('',(#947,#948,#949,#950,#951,#952));
#632=AXIS2_PLACEMENT_3D('',#953,#954,#955);
#633=SURFACE_SIDE_STYLE('',(#956));
#634=EDGE_LOOP('',(#957,#958,#959,#960));
#635=AXIS2_PLACEMENT_3D('',#961,#962,#963);
#636=SURFACE_SIDE_STYLE('',(#964));
#637=EDGE_LOOP('',(#965,#966,#967,#968));
#638=AXIS2_PLACEMENT_3D('',#969,#970,#971);
#639=SURFACE_SIDE_STYLE('',(#972));
#640=EDGE_LOOP('',(#973,#974,#975,#976,#977));
#641=AXIS2_PLACEMENT_3D('',#978,#979,#980);
#642=SURFACE_SIDE_STYLE('',(#981));
#643=EDGE_LOOP('',(#982,#983,#984,#985));
#644=AXIS2_PLACEMENT_3D('',#986,#987,#988);
#645=SURFACE_SIDE_STYLE('',(#989));
#646=EDGE_LOOP('',(#990,#991,#992,#993));
#647=AXIS2_PLACEMENT_3D('',#994,#995,#996);
#648=SURFACE_SIDE_STYLE('',(#997));
#649=EDGE_LOOP('',(#998,#999,#1000,#1001,#1002,#1003,#1004));
#650=AXIS2_PLACEMENT_3D('',#1005,#1006,#1007);
#651=SURFACE_SIDE_STYLE('',(#1008));
#652=EDGE_LOOP('',(#1009,#1010,#1011,#1012));
#653=AXIS2_PLACEMENT_3D('',#1013,#1014,#1015);
#654=SURFACE_SIDE_STYLE('',(#1016));
#655=EDGE_LOOP('',(#1017,#1018,#1019,#1020));
#656=AXIS2_PLACEMENT_3D('',#1021,#1022,#1023);
#657=SURFACE_SIDE_STYLE('',(#1024));
#658=EDGE_LOOP('',(#1025,#1026,#1027,#1028));
#659=AXIS2_PLACEMENT_3D('',#1029,#1030,#1031);
#660=SURFACE_SIDE_STYLE('',(#1032));
#661=EDGE_LOOP('',(#1033,#1034,#1035,#1036,#1037,#1038));
#662=AXIS2_PLACEMENT_3D('',#1039,#1040,#1041);
#663=SURFACE_SIDE_STYLE('',(#1042));
#664=EDGE_LOOP('',(#1043,#1044,#1045,#1046));
#665=AXIS2_PLACEMENT_3D('',#1047,#1048,#1049);
#666=SURFACE_SIDE_STYLE('',(#1050));
#667=EDGE_LOOP('',(#1051,#1052,#1053,#1054));
#668=AXIS2_PLACEMENT_3D('',#1055,#1056,#1057);
#669=SURFACE_SIDE_STYLE('',(#1058));
#670=EDGE_LOOP('',(#1059,#1060,#1061,#1062,#1063));
#671=AXIS2_PLACEMENT_3D('',#1064,#1065,#1066);
#672=SURFACE_SIDE_STYLE('',(#1067));
#673=EDGE_LOOP('',(#1068,#1069,#1070,#1071));
#674=AXIS2_PLACEMENT_3D('',#1072,#1073,#1074);
#675=SURFACE_SIDE_STYLE('',(#1075));
#676=EDGE_LOOP('',(#1076,#1077,#1078,#1079));
#677=AXIS2_PLACEMENT_3D('',#1080,#1081,#1082);
#678=SURFACE_SIDE_STYLE('',(#1083));
#679=EDGE_LOOP('',(#1084,#1085,#1086,#1087));
#680=AXIS2_PLACEMENT_3D('',#1088,#1089,#1090);
#681=SURFACE_SIDE_STYLE('',(#1091));
#682=EDGE_LOOP('',(#1092,#1093,#1094,#1095));
#683=AXIS2_PLACEMENT_3D('',#1096,#1097,#1098);
#684=SURFACE_SIDE_STYLE('',(#1099));
#685=EDGE_LOOP('',(#1100,#1101,#1102,#1103,#1104,#1105,#1106));
#686=AXIS2_PLACEMENT_3D('',#1107,#1108,#1109);
#687=SURFACE_SIDE_STYLE('',(#1110));
#688=EDGE_LOOP('',(#1111,#1112,#1113,#1114));
#689=AXIS2_PLACEMENT_3D('',#1115,#1116,#1117);
#690=SURFACE_SIDE_STYLE('',(#1118));
#691=EDGE_LOOP('',(#1119,#1120,#1121,#1122,#1123,#1124,#1125,#1126,#1127,#1128,#1129,#1130,#1131,#1132));
#692=AXIS2_PLACEMENT_3D('',#1133,#1134,#1135);
#693=SURFACE_SIDE_STYLE('',(#1136));
#694=EDGE_LOOP('',(#1137,#1138,#1139,#1140,#1141,#1142,#1143,#1144,#1145,#1146,#1147,#1148,#1149,#1150));
#695=AXIS2_PLACEMENT_3D('',#1151,#1152,#1153);
#696=SURFACE_SIDE_STYLE('',(#1154));
#697=EDGE_LOOP('',(#1155,#1156));
#698=EDGE_LOOP('',(#1157,#1158));
#699=AXIS2_PLACEMENT_3D('',#1159,#1160,#1161);
#700=SURFACE_SIDE_STYLE('',(#1162));
#701=EDGE_LOOP('',(#1163,#1164,#1165,#1166,#1167,#1168));
#702=AXIS2_PLACEMENT_3D('',#1169,#1170,#1171);
#703=SURFACE_SIDE_STYLE('',(#1172));
#704=EDGE_LOOP('',(#1173,#1174,#1175,#1176));
#705=AXIS2_PLACEMENT_3D('',#1177,#1178,#1179);
#706=SURFACE_SIDE_STYLE('',(#1180));
#707=EDGE_LOOP('',(#1181,#1182));
#708=EDGE_LOOP('',(#1183,#1184));
#709=AXIS2_PLACEMENT_3D('',#1185,#1186,#1187);
#710=SURFACE_SIDE_STYLE('',(#1188));
#711=EDGE_LOOP('',(#1189,#1190,#1191,#1192));
#712=AXIS2_PLACEMENT_3D('',#1193,#1194,#1195);
#713=SURFACE_SIDE_STYLE('',(#1196));
#714=EDGE_LOOP('',(#1197,#1198,#1199,#1200));
#715=AXIS2_PLACEMENT_3D('',#1201,#1202,#1203);
#716=SURFACE_SIDE_STYLE('',(#1204));
#717=EDGE_LOOP('',(#1205,#1206,#1207,#1208));
#718=AXIS2_PLACEMENT_3D('',#1209,#1210,#1211);
#719=SURFACE_SIDE_STYLE('',(#1212));
#720=EDGE_LOOP('',(#1213,#1214,#1215,#1216,#1217));
#721=AXIS2_PLACEMENT_3D('',#1218,#1219,#1220);
#722=SURFACE_SIDE_STYLE('',(#1221));
#723=EDGE_LOOP('',(#1222,#1223,#1224,#1225));
#724=AXIS2_PLACEMENT_3D('',#1226,#1227,#1228);
#725=SURFACE_SIDE_STYLE('',(#1229));
#726=EDGE_LOOP('',(#1230,#1231,#1232,#1233));
#727=AXIS2_PLACEMENT_3D('',#1234,#1235,#1236);
#728=SURFACE_SIDE_STYLE('',(#1237));
#729=EDGE_LOOP('',(#1238,#1239,#1240,#1241));
#730=AXIS2_PLACEMENT_3D('',#1242,#1243,#1244);
#731=SURFACE_SIDE_STYLE('',(#1245));
#732=EDGE_LOOP('',(#1246,#1247,#1248,#1249,#1250,#1251));
#733=EDGE_LOOP('',(#1252,#1253));
#734=AXIS2_PLACEMENT_3D('',#1254,#1255,#1256);
#735=SURFACE_SIDE_STYLE('',(#1257));
#736=EDGE_LOOP('',(#1258,#1259,#1260,#1261));
#737=AXIS2_PLACEMENT_3D('',#1262,#1263,#1264);
#738=SURFACE_SIDE_STYLE('',(#1265));
#739=EDGE_LOOP('',(#1266,#1267,#1268,#1269));
#740=AXIS2_PLACEMENT_3D('',#1270,#1271,#1272);
#741=SURFACE_SIDE_STYLE('',(#1273));
#742=EDGE_LOOP('',(#1274,#1275,#1276,#1277,#1278,#1279,#1280,#1281,#1282,#1283));
#743=AXIS2_PLACEMENT_3D('',#1284,#1285,#1286);
#744=SURFACE_SIDE_STYLE('',(#1287));
#745=EDGE_LOOP('',(#1288,#1289));
#746=AXIS2_PLACEMENT_3D('',#1290,#1291,#1292);
#747=SURFACE_SIDE_STYLE('',(#1293));
#748=EDGE_LOOP('',(#1294,#1295,#1296,#1297));
#749=AXIS2_PLACEMENT_3D('',#1298,#1299,#1300);
#750=SURFACE_SIDE_STYLE('',(#1301));
#751=EDGE_LOOP('',(#1302,#1303,#1304,#1305));
#752=AXIS2_PLACEMENT_3D('',#1306,#1307,#1308);
#753=SURFACE_SIDE_STYLE('',(#1309));
#754=EDGE_LOOP('',(#1310,#1311,#1312,#1313));
#755=AXIS2_PLACEMENT_3D('',#1314,#1315,#1316);
#756=SURFACE_SIDE_STYLE('',(#1317));
#757=EDGE_LOOP('',(#1318,#1319,#1320,#1321));
#758=AXIS2_PLACEMENT_3D('',#1322,#1323,#1324);
#759=SURFACE_SIDE_STYLE('',(#1325));
#760=EDGE_LOOP('',(#1326,#1327,#1328,#1329));
#761=AXIS2_PLACEMENT_3D('',#1330,#1331,#1332);
#762=SURFACE_SIDE_STYLE('',(#1333));
#763=EDGE_LOOP('',(#1334,#1335,#1336,#1337));
#764=AXIS2_PLACEMENT_3D('',#1338,#1339,#1340);
#765=SURFACE_SIDE_STYLE('',(#1341));
#766=EDGE_LOOP('',(#1342,#1343,#1344,#1345));
#767=AXIS2_PLACEMENT_3D('',#1346,#1347,#1348);
#768=SURFACE_SIDE_STYLE('',(#1349));
#769=EDGE_LOOP('',(#1350,#1351));
#770=EDGE_LOOP('',(#1352,#1353,#1354,#1355,#1356,#1357));
#771=AXIS2_PLACEMENT_3D('',#1358,#1359,#1360);
#772=SURFACE_SIDE_STYLE('',(#1361));
#773=EDGE_LOOP('',(#1362,#1363,#1364,#1365,#1366));
#774=AXIS2_PLACEMENT_3D('',#1367,#1368,#1369);
#775=SURFACE_SIDE_STYLE('',(#1370));
#776=EDGE_LOOP('',(#1371,#1372,#1373,#1374,#1375,#1376));
#777=EDGE_LOOP('',(#1377,#1378,#1379,#1380,#1381,#1382,#1383,#1384));
#778=AXIS2_PLACEMENT_3D('',#1385,#1386,#1387);
#779=SURFACE_SIDE_STYLE('',(#1388));
#780=EDGE_LOOP('',(#1389,#1390,#1391,#1392));
#781=AXIS2_PLACEMENT_3D('',#1393,#1394,#1395);
#782=SURFACE_SIDE_STYLE('',(#1396));
#783=EDGE_LOOP('',(#1397,#1398,#1399,#1400));
#784=AXIS2_PLACEMENT_3D('',#1401,#1402,#1403);
#785=SURFACE_SIDE_STYLE('',(#1404));
#786=EDGE_LOOP('',(#1405,#1406));
#787=EDGE_LOOP('',(#1407,#1408,#1409,#1410,#1411));
#788=AXIS2_PLACEMENT_3D('',#1412,#1413,#1414);
#789=SURFACE_SIDE_STYLE('',(#1415));
#790=EDGE_LOOP('',(#1416,#1417,#1418,#1419));
#791=AXIS2_PLACEMENT_3D('',#1420,#1421,#1422);
#792=SURFACE_SIDE_STYLE('',(#1423));
#793=EDGE_LOOP('',(#1424,#1425,#1426,#1427,#1428));
#794=AXIS2_PLACEMENT_3D('',#1429,#1430,#1431);
#795=SURFACE_SIDE_STYLE('',(#1432));
#796=EDGE_LOOP('',(#1433,#1434,#1435,#1436));
#797=AXIS2_PLACEMENT_3D('',#1437,#1438,#1439);
#798=SURFACE_SIDE_STYLE('',(#1440));
#799=EDGE_LOOP('',(#1441,#1442,#1443,#1444));
#800=AXIS2_PLACEMENT_3D('',#1445,#1446,#1447);
#801=SURFACE_SIDE_STYLE('',(#1448));
#802=EDGE_LOOP('',(#1449,#1450,#1451,#1452,#1453,#1454,#1455,#1456,#1457,#1458,#1459,#1460,#1461,#1462,#1463,#1464,#1465));
#803=AXIS2_PLACEMENT_3D('',#1466,#1467,#1468);
#804=SURFACE_SIDE_STYLE('',(#1469));
#805=EDGE_LOOP('',(#1470,#1471,#1472,#1473));
#806=AXIS2_PLACEMENT_3D('',#1474,#1475,#1476);
#807=SURFACE_SIDE_STYLE('',(#1477));
#808=EDGE_LOOP('',(#1478,#1479,#1480,#1481,#1482,#1483,#1484,#1485));
#809=AXIS2_PLACEMENT_3D('',#1486,#1487,#1488);
#810=SURFACE_SIDE_STYLE('',(#1489));
#811=EDGE_LOOP('',(#1490,#1491,#1492));
#812=AXIS2_PLACEMENT_3D('',#1493,#1494,#1495);
#813=SURFACE_SIDE_STYLE('',(#1496));
#814=EDGE_LOOP('',(#1497,#1498,#1499,#1500));
#815=AXIS2_PLACEMENT_3D('',#1501,#1502,#1503);
#816=SURFACE_SIDE_STYLE('',(#1504));
#817=EDGE_LOOP('',(#1505,#1506,#1507,#1508));
#818=AXIS2_PLACEMENT_3D('',#1509,#1510,#1511);
#819=SURFACE_SIDE_STYLE('',(#1512));
#820=EDGE_LOOP('',(#1513,#1514,#1515,#1516));
#821=AXIS2_PLACEMENT_3D('',#1517,#1518,#1519);
#822=SURFACE_SIDE_STYLE('',(#1520));
#823=EDGE_LOOP('',(#1521,#1522,#1523,#1524));
#824=AXIS2_PLACEMENT_3D('',#1525,#1526,#1527);
#825=SURFACE_SIDE_STYLE('',(#1528));
#826=EDGE_LOOP('',(#1529,#1530,#1531,#1532));
#827=AXIS2_PLACEMENT_3D('',#1533,#1534,#1535);
#828=SURFACE_SIDE_STYLE('',(#1536));
#829=EDGE_LOOP('',(#1537,#1538,#1539,#1540));
#830=AXIS2_PLACEMENT_3D('',#1541,#1542,#1543);
#831=SURFACE_SIDE_STYLE('',(#1544));
#832=EDGE_LOOP('',(#1545,#1546,#1547,#1548));
#833=AXIS2_PLACEMENT_3D('',#1549,#1550,#1551);
#834=SURFACE_SIDE_STYLE('',(#1552));
#835=EDGE_LOOP('',(#1553,#1554,#1555,#1556));
#836=AXIS2_PLACEMENT_3D('',#1557,#1558,#1559);
#837=SURFACE_SIDE_STYLE('',(#1560));
#838=EDGE_LOOP('',(#1561,#1562,#1563,#1564));
#839=AXIS2_PLACEMENT_3D('',#1565,#1566,#1567);
#840=SURFACE_SIDE_STYLE('',(#1568));
#841=EDGE_LOOP('',(#1569,#1570,#1571,#1572));
#842=AXIS2_PLACEMENT_3D('',#1573,#1574,#1575);
#843=SURFACE_SIDE_STYLE('',(#1576));
#844=EDGE_LOOP('',(#1577,#1578,#1579,#1580));
#845=AXIS2_PLACEMENT_3D('',#1581,#1582,#1583);
#846=SURFACE_SIDE_STYLE('',(#1584));
#847=EDGE_LOOP('',(#1585,#1586,#1587,#1588));
#848=AXIS2_PLACEMENT_3D('',#1589,#1590,#1591);
#849=SURFACE_SIDE_STYLE('',(#1592));
#850=EDGE_LOOP('',(#1593,#1594,#1595,#1596));
#851=AXIS2_PLACEMENT_3D('',#1597,#1598,#1599);
#852=SURFACE_SIDE_STYLE('',(#1600));
#853=EDGE_LOOP('',(#1601,#1602,#1603,#1604));
#854=AXIS2_PLACEMENT_3D('',#1605,#1606,#1607);
#855=SURFACE_SIDE_STYLE('',(#1608));
#856=EDGE_LOOP('',(#1609,#1610,#1611,#1612,#1613,#1614,#1615,#1616,#1617,#1618,#1619,#1620,#1621,#1622,#1623,#1624,#1625));
#857=AXIS2_PLACEMENT_3D('',#1626,#1627,#1628);
#858=SURFACE_SIDE_STYLE('',(#1629));
#860= (NAMED_UNIT(#595)LENGTH_UNIT()SI_UNIT(.MILLI.,.METRE.));
#861=SURFACE_STYLE_FILL_AREA(#1631);
#862=ORIENTED_EDGE('',*,*,#1632,.F.);
#863=ORIENTED_EDGE('',*,*,#1633,.F.);
#864=ORIENTED_EDGE('',*,*,#1634,.F.);
#865=ORIENTED_EDGE('',*,*,#1635,.F.);
#866=CARTESIAN_POINT('',(9.2,0.0,-0.5));
#867=DIRECTION('',(0.0,0.0,-1.0));
#868=DIRECTION('',(-1.0,0.0,0.0));
#869=SURFACE_STYLE_FILL_AREA(#1636);
#870=ORIENTED_EDGE('',*,*,#1637,.F.);
#871=ORIENTED_EDGE('',*,*,#1638,.F.);
#872=ORIENTED_EDGE('',*,*,#1639,.F.);
#873=ORIENTED_EDGE('',*,*,#1640,.F.);
#874=CARTESIAN_POINT('',(9.2,0.0,-1.75));
#875=DIRECTION('',(0.0,0.0,-1.0));
#876=DIRECTION('',(-1.0,0.0,0.0));
#877=SURFACE_STYLE_FILL_AREA(#1641);
#878=ORIENTED_EDGE('',*,*,#1642,.F.);
#879=ORIENTED_EDGE('',*,*,#1643,.T.);
#880=ORIENTED_EDGE('',*,*,#1644,.F.);
#881=ORIENTED_EDGE('',*,*,#1645,.T.);
#882=ORIENTED_EDGE('',*,*,#1646,.T.);
#883=ORIENTED_EDGE('',*,*,#1647,.T.);
#884=ORIENTED_EDGE('',*,*,#1648,.T.);
#885=ORIENTED_EDGE('',*,*,#1649,.T.);
#886=ORIENTED_EDGE('',*,*,#1650,.T.);
#887=ORIENTED_EDGE('',*,*,#1651,.T.);
#888=CARTESIAN_POINT('',(9.2,0.0,0.6));
#889=DIRECTION('',(0.0,0.0,1.0));
#890=DIRECTION('',(1.0,0.0,0.0));
#891=SURFACE_STYLE_FILL_AREA(#1652);
#892=ORIENTED_EDGE('',*,*,#1653,.F.);
#893=ORIENTED_EDGE('',*,*,#1654,.T.);
#894=ORIENTED_EDGE('',*,*,#1655,.F.);
#895=ORIENTED_EDGE('',*,*,#1643,.F.);
#896=CARTESIAN_POINT('',(9.2,0.0,-3.3));
#897=DIRECTION('',(0.0,0.0,1.0));
#898=DIRECTION('',(-1.0,0.0,0.0));
#899=SURFACE_STYLE_FILL_AREA(#1656);
#900=ORIENTED_EDGE('',*,*,#1657,.F.);
#901=ORIENTED_EDGE('',*,*,#1658,.T.);
#902=ORIENTED_EDGE('',*,*,#1659,.F.);
#903=ORIENTED_EDGE('',*,*,#1660,.T.);
#904=CARTESIAN_POINT('',(9.2,0.0,-2.7894761042276));
#905=DIRECTION('',(0.0,0.0,1.0));
#906=DIRECTION('',(-1.0,0.0,0.0));
#907=SURFACE_STYLE_FILL_AREA(#1661);
#908=ORIENTED_EDGE('',*,*,#1662,.F.);
#909=ORIENTED_EDGE('',*,*,#1663,.F.);
#910=ORIENTED_EDGE('',*,*,#1664,.F.);
#911=ORIENTED_EDGE('',*,*,#1665,.F.);
#912=ORIENTED_EDGE('',*,*,#1666,.F.);
#913=CARTESIAN_POINT('',(9.2,0.0,4.254625));
#914=DIRECTION('',(-0.0,-0.0,-1.0));
#915=DIRECTION('',(-1.0,0.0,0.0));
#916=SURFACE_STYLE_FILL_AREA(#1667);
#917=ORIENTED_EDGE('',*,*,#1668,.F.);
#918=ORIENTED_EDGE('',*,*,#1669,.F.);
#919=ORIENTED_EDGE('',*,*,#1670,.F.);
#920=ORIENTED_EDGE('',*,*,#1671,.F.);
#921=CARTESIAN_POINT('',(9.2,0.0,-3.95));
#922=DIRECTION('',(0.0,0.0,-1.0));
#923=DIRECTION('',(1.0,0.0,0.0));
#924=SURFACE_STYLE_FILL_AREA(#1672);
#925=ORIENTED_EDGE('',*,*,#1673,.F.);
#926=ORIENTED_EDGE('',*,*,#1665,.T.);
#927=ORIENTED_EDGE('',*,*,#1674,.T.);
#928=ORIENTED_EDGE('',*,*,#1675,.F.);
#929=ORIENTED_EDGE('',*,*,#1676,.F.);
#930=ORIENTED_EDGE('',*,*,#1677,.F.);
#931=ORIENTED_EDGE('',*,*,#1678,.F.);
#932=CARTESIAN_POINT('',(9.2,0.0,3.6));
#933=DIRECTION('',(0.0,0.0,-1.0));
#934=DIRECTION('',(0.0,1.0,0.0));
#935=SURFACE_STYLE_FILL_AREA(#1679);
#936=ORIENTED_EDGE('',*,*,#1673,.T.);
#937=ORIENTED_EDGE('',*,*,#1680,.F.);
#938=ORIENTED_EDGE('',*,*,#1681,.F.);
#939=ORIENTED_EDGE('',*,*,#1682,.F.);
#940=ORIENTED_EDGE('',*,*,#1675,.T.);
#941=ORIENTED_EDGE('',*,*,#1683,.T.);
#942=ORIENTED_EDGE('',*,*,#1666,.T.);
#943=CARTESIAN_POINT('',(9.2,0.0,3.6));
#944=DIRECTION('',(0.0,0.0,-1.0));
#945=DIRECTION('',(0.0,1.0,0.0));
#946=SURFACE_STYLE_FILL_AREA(#1684);
#947=ORIENTED_EDGE('',*,*,#1648,.F.);
#948=ORIENTED_EDGE('',*,*,#1685,.T.);
#949=ORIENTED_EDGE('',*,*,#1686,.T.);
#950=ORIENTED_EDGE('',*,*,#1687,.F.);
#951=ORIENTED_EDGE('',*,*,#1688,.F.);
#952=ORIENTED_EDGE('',*,*,#1689,.T.);
#953=CARTESIAN_POINT('',(12.2,2.732842730345,1.4999999888696));
#954=DIRECTION('',(-1.0,0.0,0.0));
#955=DIRECTION('',(0.0,-0.9428090328372,0.333333358067542));
#956=SURFACE_STYLE_FILL_AREA(#1690);
#957=ORIENTED_EDGE('',*,*,#1647,.F.);
#958=ORIENTED_EDGE('',*,*,#1691,.T.);
#959=ORIENTED_EDGE('',*,*,#1692,.T.);
#960=ORIENTED_EDGE('',*,*,#1685,.F.);
#961=CARTESIAN_POINT('',(12.2,2.167157289655,1.70000001113039));
#962=DIRECTION('',(-1.0,0.0,0.0));
#963=DIRECTION('',(0.0,0.942809032837199,-0.333333358067542));
#964=SURFACE_STYLE_FILL_AREA(#1693);
#965=ORIENTED_EDGE('',*,*,#1646,.F.);
#966=ORIENTED_EDGE('',*,*,#1694,.T.);
#967=ORIENTED_EDGE('',*,*,#1695,.T.);
#968=ORIENTED_EDGE('',*,*,#1691,.F.);
#969=CARTESIAN_POINT('',(12.2,2.1509166,1.4));
#970=DIRECTION('',(0.0,0.0,-1.0));
#971=DIRECTION('',(0.0,-1.0,0.0));
#972=SURFACE_STYLE_FILL_AREA(#1696);
#973=ORIENTED_EDGE('',*,*,#1697,.F.);
#974=ORIENTED_EDGE('',*,*,#1698,.T.);
#975=ORIENTED_EDGE('',*,*,#1699,.T.);
#976=ORIENTED_EDGE('',*,*,#1694,.F.);
#977=ORIENTED_EDGE('',*,*,#1645,.F.);
#978=CARTESIAN_POINT('',(12.2,-1.19904086659517E-14,-8.26711735862729));
#979=DIRECTION('',(-1.0,0.0,0.0));
#980=DIRECTION('',(0.0,-0.21562382817383,0.976476504952199));
#981=SURFACE_STYLE_FILL_AREA(#1700);
#982=ORIENTED_EDGE('',*,*,#1701,.F.);
#983=ORIENTED_EDGE('',*,*,#1702,.T.);
#984=ORIENTED_EDGE('',*,*,#1703,.T.);
#985=ORIENTED_EDGE('',*,*,#1698,.F.);
#986=CARTESIAN_POINT('',(12.2,-2.15091659,1.4));
#987=DIRECTION('',(0.0,0.0,-1.0));
#988=DIRECTION('',(0.0,-1.0,0.0));
#989=SURFACE_STYLE_FILL_AREA(#1704);
#990=ORIENTED_EDGE('',*,*,#1705,.F.);
#991=ORIENTED_EDGE('',*,*,#1706,.T.);
#992=ORIENTED_EDGE('',*,*,#1707,.T.);
#993=ORIENTED_EDGE('',*,*,#1702,.F.);
#994=CARTESIAN_POINT('',(12.2,-2.167157279655,1.7000000111304));
#995=DIRECTION('',(-1.0,-0.0,0.0));
#996=DIRECTION('',(0.0,-3.44833230647415E-08,-0.999999999999999));
#997=SURFACE_STYLE_FILL_AREA(#1708);
#998=ORIENTED_EDGE('',*,*,#1676,.T.);
#999=ORIENTED_EDGE('',*,*,#1682,.T.);
#1000=ORIENTED_EDGE('',*,*,#1709,.T.);
#1001=ORIENTED_EDGE('',*,*,#1710,.T.);
#1002=ORIENTED_EDGE('',*,*,#1711,.F.);
#1003=ORIENTED_EDGE('',*,*,#1712,.T.);
#1004=ORIENTED_EDGE('',*,*,#1713,.T.);
#1005=CARTESIAN_POINT('',(12.2,3.32259052209867,-1.09591955095652));
#1006=DIRECTION('',(-1.0,0.0,0.0));
#1007=DIRECTION('',(0.0,-0.909796550033396,0.415054499490526));
#1008=SURFACE_STYLE_FILL_AREA(#1714);
#1009=ORIENTED_EDGE('',*,*,#1681,.T.);
#1010=ORIENTED_EDGE('',*,*,#1715,.T.);
#1011=ORIENTED_EDGE('',*,*,#1716,.T.);
#1012=ORIENTED_EDGE('',*,*,#1709,.F.);
#1013=CARTESIAN_POINT('',(12.2,0.0171572949999999,3.30000001547663));
#1014=DIRECTION('',(-1.0,0.0,0.0));
#1015=DIRECTION('',(0.0,-0.600987897720506,0.799258122757277));
#1016=SURFACE_STYLE_FILL_AREA(#1717);
#1017=ORIENTED_EDGE('',*,*,#1718,.T.);
#1018=ORIENTED_EDGE('',*,*,#1719,.F.);
#1019=ORIENTED_EDGE('',*,*,#1720,.T.);
#1020=ORIENTED_EDGE('',*,*,#1711,.T.);
#1021=CARTESIAN_POINT('',(12.2,-3.68284271769706,2.09999999187493));
#1022=DIRECTION('',(-1.0,0.0,0.0));
#1023=DIRECTION('',(0.0,2.56568610348672E-08,-1.0));
#1024=SURFACE_STYLE_FILL_AREA(#1721);
#1025=ORIENTED_EDGE('',*,*,#1722,.T.);
#1026=ORIENTED_EDGE('',*,*,#1723,.F.);
#1027=ORIENTED_EDGE('',*,*,#1724,.T.);
#1028=ORIENTED_EDGE('',*,*,#1719,.T.);
#1029=CARTESIAN_POINT('',(12.2,-3.20784271,1.8));
#1030=DIRECTION('',(0.0,0.0,-1.0));
#1031=DIRECTION('',(0.0,-1.0,0.0));
#1032=SURFACE_STYLE_FILL_AREA(#1725);
#1033=ORIENTED_EDGE('',*,*,#1726,.F.);
#1034=ORIENTED_EDGE('',*,*,#1727,.F.);
#1035=ORIENTED_EDGE('',*,*,#1728,.F.);
#1036=ORIENTED_EDGE('',*,*,#1723,.T.);
#1037=ORIENTED_EDGE('',*,*,#1729,.T.);
#1038=ORIENTED_EDGE('',*,*,#1706,.F.);
#1039=CARTESIAN_POINT('',(12.2,-2.732842720345,1.4999999888696));
#1040=DIRECTION('',(-1.0,0.0,0.0));
#1041=DIRECTION('',(0.0,3.44833230647414E-08,0.999999999999999));
#1042=SURFACE_STYLE_FILL_AREA(#1730);
#1043=ORIENTED_EDGE('',*,*,#1731,.F.);
#1044=ORIENTED_EDGE('',*,*,#1732,.F.);
#1045=ORIENTED_EDGE('',*,*,#1733,.T.);
#1046=ORIENTED_EDGE('',*,*,#1727,.T.);
#1047=CARTESIAN_POINT('',(12.2,-2.167157279655,1.7000000111304));
#1048=DIRECTION('',(-1.0,-0.0,0.0));
#1049=DIRECTION('',(0.0,-3.44833230647415E-08,-0.999999999999999));
#1050=SURFACE_STYLE_FILL_AREA(#1734);
#1051=ORIENTED_EDGE('',*,*,#1735,.F.);
#1052=ORIENTED_EDGE('',*,*,#1736,.F.);
#1053=ORIENTED_EDGE('',*,*,#1737,.T.);
#1054=ORIENTED_EDGE('',*,*,#1732,.T.);
#1055=CARTESIAN_POINT('',(12.2,-2.15091659,1.4));
#1056=DIRECTION('',(0.0,0.0,-1.0));
#1057=DIRECTION('',(0.0,-1.0,0.0));
#1058=SURFACE_STYLE_FILL_AREA(#1738);
#1059=ORIENTED_EDGE('',*,*,#1651,.F.);
#1060=ORIENTED_EDGE('',*,*,#1739,.F.);
#1061=ORIENTED_EDGE('',*,*,#1740,.F.);
#1062=ORIENTED_EDGE('',*,*,#1736,.T.);
#1063=ORIENTED_EDGE('',*,*,#1741,.F.);
#1064=CARTESIAN_POINT('',(12.2,-1.19904086659517E-14,-8.26711735862729));
#1065=DIRECTION('',(-1.0,0.0,0.0));
#1066=DIRECTION('',(0.0,-0.21562382817383,0.976476504952199));
#1067=SURFACE_STYLE_FILL_AREA(#1742);
#1068=ORIENTED_EDGE('',*,*,#1650,.F.);
#1069=ORIENTED_EDGE('',*,*,#1743,.F.);
#1070=ORIENTED_EDGE('',*,*,#1744,.T.);
#1071=ORIENTED_EDGE('',*,*,#1739,.T.);
#1072=CARTESIAN_POINT('',(12.2,2.1509166,1.4));
#1073=DIRECTION('',(0.0,0.0,-1.0));
#1074=DIRECTION('',(0.0,-1.0,0.0));
#1075=SURFACE_STYLE_FILL_AREA(#1745);
#1076=ORIENTED_EDGE('',*,*,#1649,.F.);
#1077=ORIENTED_EDGE('',*,*,#1689,.F.);
#1078=ORIENTED_EDGE('',*,*,#1746,.T.);
#1079=ORIENTED_EDGE('',*,*,#1743,.T.);
#1080=CARTESIAN_POINT('',(12.2,2.167157289655,1.70000001113039));
#1081=DIRECTION('',(-1.0,0.0,0.0));
#1082=DIRECTION('',(0.0,0.942809032837199,-0.333333358067542));
#1083=SURFACE_STYLE_FILL_AREA(#1747);
#1084=ORIENTED_EDGE('',*,*,#1748,.T.);
#1085=ORIENTED_EDGE('',*,*,#1749,.F.);
#1086=ORIENTED_EDGE('',*,*,#1750,.T.);
#1087=ORIENTED_EDGE('',*,*,#1687,.T.);
#1088=CARTESIAN_POINT('',(12.2,3.22500001,1.8));
#1089=DIRECTION('',(0.0,0.0,-1.0));
#1090=DIRECTION('',(0.0,-1.0,0.0));
#1091=SURFACE_STYLE_FILL_AREA(#1751);
#1092=ORIENTED_EDGE('',*,*,#1752,.T.);
#1093=ORIENTED_EDGE('',*,*,#1753,.F.);
#1094=ORIENTED_EDGE('',*,*,#1754,.T.);
#1095=ORIENTED_EDGE('',*,*,#1749,.T.);
#1096=CARTESIAN_POINT('',(12.2,3.71715729228898,2.10000000178141));
#1097=DIRECTION('',(-1.0,0.0,0.0));
#1098=DIRECTION('',(0.0,0.909796553634308,0.41505449159735));
#1099=SURFACE_STYLE_FILL_AREA(#1755);
#1100=ORIENTED_EDGE('',*,*,#1680,.T.);
#1101=ORIENTED_EDGE('',*,*,#1678,.T.);
#1102=ORIENTED_EDGE('',*,*,#1756,.F.);
#1103=ORIENTED_EDGE('',*,*,#1757,.T.);
#1104=ORIENTED_EDGE('',*,*,#1753,.T.);
#1105=ORIENTED_EDGE('',*,*,#1758,.T.);
#1106=ORIENTED_EDGE('',*,*,#1715,.F.);
#1107=CARTESIAN_POINT('',(12.2,-3.28827609039333,-1.09591967818791));
#1108=DIRECTION('',(-1.0,0.0,0.0));
#1109=DIRECTION('',(0.0,0.600987892451904,0.799258126718908));
#1110=SURFACE_STYLE_FILL_AREA(#1759);
#1111=ORIENTED_EDGE('',*,*,#1677,.T.);
#1112=ORIENTED_EDGE('',*,*,#1713,.F.);
#1113=ORIENTED_EDGE('',*,*,#1760,.T.);
#1114=ORIENTED_EDGE('',*,*,#1756,.T.);
#1115=CARTESIAN_POINT('',(12.2,0.0171572949999999,3.30000001547663));
#1116=DIRECTION('',(-1.0,0.0,0.0));
#1117=DIRECTION('',(0.0,-0.600987897720506,0.799258122757277));
#1118=SURFACE_STYLE_FILL_AREA(#1761);
#1119=ORIENTED_EDGE('',*,*,#1712,.F.);
#1120=ORIENTED_EDGE('',*,*,#1720,.F.);
#1121=ORIENTED_EDGE('',*,*,#1724,.F.);
#1122=ORIENTED_EDGE('',*,*,#1728,.T.);
#1123=ORIENTED_EDGE('',*,*,#1733,.F.);
#1124=ORIENTED_EDGE('',*,*,#1737,.F.);
#1125=ORIENTED_EDGE('',*,*,#1740,.T.);
#1126=ORIENTED_EDGE('',*,*,#1744,.F.);
#1127=ORIENTED_EDGE('',*,*,#1746,.F.);
#1128=ORIENTED_EDGE('',*,*,#1688,.T.);
#1129=ORIENTED_EDGE('',*,*,#1750,.F.);
#1130=ORIENTED_EDGE('',*,*,#1754,.F.);
#1131=ORIENTED_EDGE('',*,*,#1757,.F.);
#1132=ORIENTED_EDGE('',*,*,#1760,.F.);
#1133=CARTESIAN_POINT('',(12.2,0.0168344353297563,3.15682797489035));
#1134=DIRECTION('',(-1.0,0.0,0.0));
#1135=DIRECTION('',(0.0,1.0,0.0));
#1136=SURFACE_STYLE_FILL_AREA(#1762);
#1137=ORIENTED_EDGE('',*,*,#1718,.F.);
#1138=ORIENTED_EDGE('',*,*,#1710,.F.);
#1139=ORIENTED_EDGE('',*,*,#1716,.F.);
#1140=ORIENTED_EDGE('',*,*,#1758,.F.);
#1141=ORIENTED_EDGE('',*,*,#1752,.F.);
#1142=ORIENTED_EDGE('',*,*,#1748,.F.);
#1143=ORIENTED_EDGE('',*,*,#1686,.F.);
#1144=ORIENTED_EDGE('',*,*,#1692,.F.);
#1145=ORIENTED_EDGE('',*,*,#1695,.F.);
#1146=ORIENTED_EDGE('',*,*,#1699,.F.);
#1147=ORIENTED_EDGE('',*,*,#1703,.F.);
#1148=ORIENTED_EDGE('',*,*,#1707,.F.);
#1149=ORIENTED_EDGE('',*,*,#1729,.F.);
#1150=ORIENTED_EDGE('',*,*,#1722,.F.);
#1151=CARTESIAN_POINT('',(0.699999999999999,0.0168344353297562,3.15682797489035));
#1152=DIRECTION('',(-1.0,0.0,0.0));
#1153=DIRECTION('',(0.0,1.0,0.0));
#1154=SURFACE_STYLE_FILL_AREA(#1763);
#1155=ORIENTED_EDGE('',*,*,#1654,.F.);
#1156=ORIENTED_EDGE('',*,*,#1764,.F.);
#1157=ORIENTED_EDGE('',*,*,#1765,.T.);
#1158=ORIENTED_EDGE('',*,*,#1638,.T.);
#1159=CARTESIAN_POINT('',(12.925,0.0,-3.5));
#1160=DIRECTION('',(0.0,0.0,1.0));
#1161=DIRECTION('',(1.0,0.0,0.0));
#1162=SURFACE_STYLE_FILL_AREA(#1766);
#1163=ORIENTED_EDGE('',*,*,#1767,.F.);
#1164=ORIENTED_EDGE('',*,*,#1768,.F.);
#1165=ORIENTED_EDGE('',*,*,#1769,.F.);
#1166=ORIENTED_EDGE('',*,*,#1770,.F.);
#1167=ORIENTED_EDGE('',*,*,#1771,.F.);
#1168=ORIENTED_EDGE('',*,*,#1772,.F.);
#1169=CARTESIAN_POINT('',(9.2,0.0,-4.4));
#1170=DIRECTION('',(0.0,0.0,-1.0));
#1171=DIRECTION('',(1.0,0.0,0.0));
#1172=SURFACE_STYLE_FILL_AREA(#1773);
#1173=ORIENTED_EDGE('',*,*,#1668,.T.);
#1174=ORIENTED_EDGE('',*,*,#1774,.F.);
#1175=ORIENTED_EDGE('',*,*,#1670,.T.);
#1176=ORIENTED_EDGE('',*,*,#1775,.F.);
#1177=CARTESIAN_POINT('',(9.2,0.0,-3.95));
#1178=DIRECTION('',(0.0,0.0,-1.0));
#1179=DIRECTION('',(1.0,0.0,0.0));
#1180=SURFACE_STYLE_FILL_AREA(#1776);
#1181=ORIENTED_EDGE('',*,*,#1660,.F.);
#1182=ORIENTED_EDGE('',*,*,#1777,.F.);
#1183=ORIENTED_EDGE('',*,*,#1671,.T.);
#1184=ORIENTED_EDGE('',*,*,#1774,.T.);
#1185=CARTESIAN_POINT('',(9.2,0.0,-4.4));
#1186=DIRECTION('',(0.0,0.0,-1.0));
#1187=DIRECTION('',(1.0,0.0,0.0));
#1188=SURFACE_STYLE_FILL_AREA(#1778);
#1189=ORIENTED_EDGE('',*,*,#1770,.T.);
#1190=ORIENTED_EDGE('',*,*,#1779,.F.);
#1191=ORIENTED_EDGE('',*,*,#1780,.F.);
#1192=ORIENTED_EDGE('',*,*,#1781,.T.);
#1193=CARTESIAN_POINT('',(7.7,0.4330127019,-6.25));
#1194=DIRECTION('',(-1.0,0.0,0.0));
#1195=DIRECTION('',(0.0,-1.0,0.0));
#1196=SURFACE_STYLE_FILL_AREA(#1782);
#1197=ORIENTED_EDGE('',*,*,#1769,.T.);
#1198=ORIENTED_EDGE('',*,*,#1783,.F.);
#1199=ORIENTED_EDGE('',*,*,#1784,.F.);
#1200=ORIENTED_EDGE('',*,*,#1779,.T.);
#1201=CARTESIAN_POINT('',(8.45,-1.2990381057,-6.25));
#1202=DIRECTION('',(-0.500000000006738,-0.866025403780548,0.0));
#1203=DIRECTION('',(0.866025403780548,-0.500000000006738,0.0));
#1204=SURFACE_STYLE_FILL_AREA(#1785);
#1205=ORIENTED_EDGE('',*,*,#1768,.T.);
#1206=ORIENTED_EDGE('',*,*,#1786,.F.);
#1207=ORIENTED_EDGE('',*,*,#1787,.F.);
#1208=ORIENTED_EDGE('',*,*,#1783,.T.);
#1209=CARTESIAN_POINT('',(9.95,-1.2990381057,-6.25));
#1210=DIRECTION('',(0.500000000006738,-0.866025403780548,0.0));
#1211=DIRECTION('',(0.866025403780548,0.500000000006738,0.0));
#1212=SURFACE_STYLE_FILL_AREA(#1788);
#1213=ORIENTED_EDGE('',*,*,#1662,.T.);
#1214=ORIENTED_EDGE('',*,*,#1683,.F.);
#1215=ORIENTED_EDGE('',*,*,#1674,.F.);
#1216=ORIENTED_EDGE('',*,*,#1664,.T.);
#1217=ORIENTED_EDGE('',*,*,#1789,.F.);
#1218=CARTESIAN_POINT('',(9.2,0.0,4.254625));
#1219=DIRECTION('',(-0.0,-0.0,-1.0));
#1220=DIRECTION('',(-1.0,0.0,0.0));
#1221=SURFACE_STYLE_FILL_AREA(#1790);
#1222=ORIENTED_EDGE('',*,*,#1767,.T.);
#1223=ORIENTED_EDGE('',*,*,#1791,.F.);
#1224=ORIENTED_EDGE('',*,*,#1792,.F.);
#1225=ORIENTED_EDGE('',*,*,#1786,.T.);
#1226=CARTESIAN_POINT('',(10.7,0.0,-6.25));
#1227=DIRECTION('',(1.0,0.0,0.0));
#1228=DIRECTION('',(0.0,1.0,0.0));
#1229=SURFACE_STYLE_FILL_AREA(#1793);
#1230=ORIENTED_EDGE('',*,*,#1771,.T.);
#1231=ORIENTED_EDGE('',*,*,#1781,.F.);
#1232=ORIENTED_EDGE('',*,*,#1794,.F.);
#1233=ORIENTED_EDGE('',*,*,#1795,.T.);
#1234=CARTESIAN_POINT('',(8.45,1.2990381057,-6.25));
#1235=DIRECTION('',(-0.500000000006738,0.866025403780548,0.0));
#1236=DIRECTION('',(-0.866025403780548,-0.500000000006738,0.0));
#1237=SURFACE_STYLE_FILL_AREA(#1796);
#1238=ORIENTED_EDGE('',*,*,#1772,.T.);
#1239=ORIENTED_EDGE('',*,*,#1795,.F.);
#1240=ORIENTED_EDGE('',*,*,#1797,.F.);
#1241=ORIENTED_EDGE('',*,*,#1791,.T.);
#1242=CARTESIAN_POINT('',(9.95,1.2990381057,-6.25));
#1243=DIRECTION('',(0.500000000006738,0.866025403780548,0.0));
#1244=DIRECTION('',(-0.866025403780548,0.500000000006738,0.0));
#1245=SURFACE_STYLE_FILL_AREA(#1798);
#1246=ORIENTED_EDGE('',*,*,#1792,.T.);
#1247=ORIENTED_EDGE('',*,*,#1797,.T.);
#1248=ORIENTED_EDGE('',*,*,#1794,.T.);
#1249=ORIENTED_EDGE('',*,*,#1780,.T.);
#1250=ORIENTED_EDGE('',*,*,#1784,.T.);
#1251=ORIENTED_EDGE('',*,*,#1787,.T.);
#1252=ORIENTED_EDGE('',*,*,#1799,.F.);
#1253=ORIENTED_EDGE('',*,*,#1658,.F.);
#1254=CARTESIAN_POINT('',(11.143428,0.0,-6.25));
#1255=DIRECTION('',(3.97523327291174E-15,0.0,-1.0));
#1256=DIRECTION('',(-1.0,0.0,-3.97523327291174E-15));
#1257=SURFACE_STYLE_FILL_AREA(#1800);
#1258=ORIENTED_EDGE('',*,*,#1657,.T.);
#1259=ORIENTED_EDGE('',*,*,#1777,.T.);
#1260=ORIENTED_EDGE('',*,*,#1659,.T.);
#1261=ORIENTED_EDGE('',*,*,#1799,.T.);
#1262=CARTESIAN_POINT('',(9.2,0.0,-2.7894761042276));
#1263=DIRECTION('',(0.0,0.0,1.0));
#1264=DIRECTION('',(-1.0,0.0,0.0));
#1265=SURFACE_STYLE_FILL_AREA(#1801);
#1266=ORIENTED_EDGE('',*,*,#1653,.T.);
#1267=ORIENTED_EDGE('',*,*,#1802,.F.);
#1268=ORIENTED_EDGE('',*,*,#1655,.T.);
#1269=ORIENTED_EDGE('',*,*,#1764,.T.);
#1270=CARTESIAN_POINT('',(9.2,0.0,-3.3));
#1271=DIRECTION('',(0.0,0.0,1.0));
#1272=DIRECTION('',(-1.0,0.0,0.0));
#1273=SURFACE_STYLE_FILL_AREA(#1803);
#1274=ORIENTED_EDGE('',*,*,#1642,.T.);
#1275=ORIENTED_EDGE('',*,*,#1741,.T.);
#1276=ORIENTED_EDGE('',*,*,#1735,.T.);
#1277=ORIENTED_EDGE('',*,*,#1731,.T.);
#1278=ORIENTED_EDGE('',*,*,#1726,.T.);
#1279=ORIENTED_EDGE('',*,*,#1705,.T.);
#1280=ORIENTED_EDGE('',*,*,#1701,.T.);
#1281=ORIENTED_EDGE('',*,*,#1697,.T.);
#1282=ORIENTED_EDGE('',*,*,#1644,.T.);
#1283=ORIENTED_EDGE('',*,*,#1802,.T.);
#1284=CARTESIAN_POINT('',(9.2,0.0,0.6));
#1285=DIRECTION('',(0.0,0.0,1.0));
#1286=DIRECTION('',(1.0,0.0,0.0));
#1287=SURFACE_STYLE_FILL_AREA(#1804);
#1288=ORIENTED_EDGE('',*,*,#1789,.T.);
#1289=ORIENTED_EDGE('',*,*,#1663,.T.);
#1290=CARTESIAN_POINT('',(10.45,0.0,4.5));
#1291=DIRECTION('',(0.0,0.0,1.0));
#1292=DIRECTION('',(1.0,0.0,0.0));
#1293=SURFACE_STYLE_FILL_AREA(#1805);
#1294=ORIENTED_EDGE('',*,*,#1637,.T.);
#1295=ORIENTED_EDGE('',*,*,#1806,.F.);
#1296=ORIENTED_EDGE('',*,*,#1639,.T.);
#1297=ORIENTED_EDGE('',*,*,#1765,.F.);
#1298=CARTESIAN_POINT('',(9.2,0.0,-1.75));
#1299=DIRECTION('',(0.0,0.0,-1.0));
#1300=DIRECTION('',(-1.0,0.0,0.0));
#1301=SURFACE_STYLE_FILL_AREA(#1807);
#1302=ORIENTED_EDGE('',*,*,#1808,.F.);
#1303=ORIENTED_EDGE('',*,*,#1809,.T.);
#1304=ORIENTED_EDGE('',*,*,#1810,.F.);
#1305=ORIENTED_EDGE('',*,*,#1811,.F.);
#1306=CARTESIAN_POINT('',(2.7,-6.0,-18.0));
#1307=DIRECTION('',(0.0,0.0,1.0));
#1308=DIRECTION('',(-1.0,-1.77635683940025E-15,0.0));
#1309=SURFACE_STYLE_FILL_AREA(#1812);
#1310=ORIENTED_EDGE('',*,*,#1813,.F.);
#1311=ORIENTED_EDGE('',*,*,#1811,.T.);
#1312=ORIENTED_EDGE('',*,*,#1814,.F.);
#1313=ORIENTED_EDGE('',*,*,#1815,.F.);
#1314=CARTESIAN_POINT('',(5.95,-6.5,-18.0));
#1315=DIRECTION('',(0.0,-1.0,0.0));
#1316=DIRECTION('',(1.0,0.0,0.0));
#1317=SURFACE_STYLE_FILL_AREA(#1816);
#1318=ORIENTED_EDGE('',*,*,#1817,.F.);
#1319=ORIENTED_EDGE('',*,*,#1815,.T.);
#1320=ORIENTED_EDGE('',*,*,#1818,.F.);
#1321=ORIENTED_EDGE('',*,*,#1819,.F.);
#1322=CARTESIAN_POINT('',(9.2,0.0,-18.0));
#1323=DIRECTION('',(0.0,0.0,1.0));
#1324=DIRECTION('',(-6.12323399573677E-17,-1.0,0.0));
#1325=SURFACE_STYLE_FILL_AREA(#1820);
#1326=ORIENTED_EDGE('',*,*,#1821,.F.);
#1327=ORIENTED_EDGE('',*,*,#1819,.T.);
#1328=ORIENTED_EDGE('',*,*,#1822,.F.);
#1329=ORIENTED_EDGE('',*,*,#1823,.F.);
#1330=CARTESIAN_POINT('',(5.95,6.5,-18.0));
#1331=DIRECTION('',(0.0,1.0,0.0));
#1332=DIRECTION('',(-1.0,0.0,0.0));
#1333=SURFACE_STYLE_FILL_AREA(#1824);
#1334=ORIENTED_EDGE('',*,*,#1825,.F.);
#1335=ORIENTED_EDGE('',*,*,#1826,.T.);
#1336=ORIENTED_EDGE('',*,*,#1827,.F.);
#1337=ORIENTED_EDGE('',*,*,#1809,.F.);
#1338=CARTESIAN_POINT('',(2.2,0.0,-18.0));
#1339=DIRECTION('',(-1.0,0.0,0.0));
#1340=DIRECTION('',(0.0,-1.0,0.0));
#1341=SURFACE_STYLE_FILL_AREA(#1828);
#1342=ORIENTED_EDGE('',*,*,#1829,.F.);
#1343=ORIENTED_EDGE('',*,*,#1823,.T.);
#1344=ORIENTED_EDGE('',*,*,#1830,.F.);
#1345=ORIENTED_EDGE('',*,*,#1826,.F.);
#1346=CARTESIAN_POINT('',(2.7,6.0,-18.0));
#1347=DIRECTION('',(0.0,0.0,1.0));
#1348=DIRECTION('',(-1.77635683940025E-15,1.0,0.0));
#1349=SURFACE_STYLE_FILL_AREA(#1831);
#1350=ORIENTED_EDGE('',*,*,#1775,.T.);
#1351=ORIENTED_EDGE('',*,*,#1669,.T.);
#1352=ORIENTED_EDGE('',*,*,#1822,.T.);
#1353=ORIENTED_EDGE('',*,*,#1818,.T.);
#1354=ORIENTED_EDGE('',*,*,#1814,.T.);
#1355=ORIENTED_EDGE('',*,*,#1810,.T.);
#1356=ORIENTED_EDGE('',*,*,#1827,.T.);
#1357=ORIENTED_EDGE('',*,*,#1830,.T.);
#1358=CARTESIAN_POINT('',(7.90690220479806,1.11022302462516E-16,-3.5));
#1359=DIRECTION('',(0.0,0.0,1.0));
#1360=DIRECTION('',(0.0,-1.0,0.0));
#1361=SURFACE_STYLE_FILL_AREA(#1832);
#1362=ORIENTED_EDGE('',*,*,#1833,.F.);
#1363=ORIENTED_EDGE('',*,*,#1834,.F.);
#1364=ORIENTED_EDGE('',*,*,#1835,.F.);
#1365=ORIENTED_EDGE('',*,*,#1836,.F.);
#1366=ORIENTED_EDGE('',*,*,#1837,.F.);
#1367=CARTESIAN_POINT('',(-0.8,-7.5,-17.5));
#1368=DIRECTION('',(1.0,0.0,0.0));
#1369=DIRECTION('',(0.0,-1.0,-2.22044604925031E-16));
#1370=SURFACE_STYLE_FILL_AREA(#1838);
#1371=ORIENTED_EDGE('',*,*,#1821,.T.);
#1372=ORIENTED_EDGE('',*,*,#1829,.T.);
#1373=ORIENTED_EDGE('',*,*,#1825,.T.);
#1374=ORIENTED_EDGE('',*,*,#1808,.T.);
#1375=ORIENTED_EDGE('',*,*,#1813,.T.);
#1376=ORIENTED_EDGE('',*,*,#1817,.T.);
#1377=ORIENTED_EDGE('',*,*,#1833,.T.);
#1378=ORIENTED_EDGE('',*,*,#1839,.F.);
#1379=ORIENTED_EDGE('',*,*,#1840,.T.);
#1380=ORIENTED_EDGE('',*,*,#1841,.F.);
#1381=ORIENTED_EDGE('',*,*,#1842,.T.);
#1382=ORIENTED_EDGE('',*,*,#1843,.T.);
#1383=ORIENTED_EDGE('',*,*,#1844,.T.);
#1384=ORIENTED_EDGE('',*,*,#1845,.T.);
#1385=CARTESIAN_POINT('',(9.49497475,8.0,-10.29497475));
#1386=DIRECTION('',(0.707106781186548,0.0,-0.707106781186547));
#1387=DIRECTION('',(0.707106781186547,0.0,0.707106781186548));
#1388=SURFACE_STYLE_FILL_AREA(#1846);
#1389=ORIENTED_EDGE('',*,*,#1837,.T.);
#1390=ORIENTED_EDGE('',*,*,#1847,.F.);
#1391=ORIENTED_EDGE('',*,*,#1848,.T.);
#1392=ORIENTED_EDGE('',*,*,#1839,.T.);
#1393=CARTESIAN_POINT('',(1.49999999999999,8.0,-17.3));
#1394=DIRECTION('',(0.0,-1.0,0.0));
#1395=DIRECTION('',(1.77635682802583E-14,0.0,-1.0));
#1396=SURFACE_STYLE_FILL_AREA(#1849);
#1397=ORIENTED_EDGE('',*,*,#1850,.F.);
#1398=ORIENTED_EDGE('',*,*,#1851,.F.);
#1399=ORIENTED_EDGE('',*,*,#1852,.F.);
#1400=ORIENTED_EDGE('',*,*,#1853,.F.);
#1401=CARTESIAN_POINT('',(-0.8,7.5,-0.5));
#1402=DIRECTION('',(1.0,0.0,-0.0));
#1403=DIRECTION('',(0.0,1.0,2.22044604925031E-16));
#1404=SURFACE_STYLE_FILL_AREA(#1854);
#1405=ORIENTED_EDGE('',*,*,#1640,.T.);
#1406=ORIENTED_EDGE('',*,*,#1806,.T.);
#1407=ORIENTED_EDGE('',*,*,#1853,.T.);
#1408=ORIENTED_EDGE('',*,*,#1855,.T.);
#1409=ORIENTED_EDGE('',*,*,#1856,.T.);
#1410=ORIENTED_EDGE('',*,*,#1633,.T.);
#1411=ORIENTED_EDGE('',*,*,#1857,.T.);
#1412=CARTESIAN_POINT('',(12.95,8.0,0.0));
#1413=DIRECTION('',(0.0,0.0,1.0));
#1414=DIRECTION('',(-1.0,0.0,0.0));
#1415=SURFACE_STYLE_FILL_AREA(#1858);
#1416=ORIENTED_EDGE('',*,*,#1852,.T.);
#1417=ORIENTED_EDGE('',*,*,#1859,.T.);
#1418=ORIENTED_EDGE('',*,*,#1860,.T.);
#1419=ORIENTED_EDGE('',*,*,#1855,.F.);
#1420=CARTESIAN_POINT('',(0.5,8.0,-0.5));
#1421=DIRECTION('',(0.0,-1.0,0.0));
#1422=DIRECTION('',(0.0,0.0,1.0));
#1423=SURFACE_STYLE_FILL_AREA(#1861);
#1424=ORIENTED_EDGE('',*,*,#1862,.F.);
#1425=ORIENTED_EDGE('',*,*,#1863,.F.);
#1426=ORIENTED_EDGE('',*,*,#1840,.F.);
#1427=ORIENTED_EDGE('',*,*,#1848,.F.);
#1428=ORIENTED_EDGE('',*,*,#1864,.F.);
#1429=CARTESIAN_POINT('',(-0.8,7.5,-17.5));
#1430=DIRECTION('',(1.0,0.0,0.0));
#1431=DIRECTION('',(0.0,2.22044604925031E-16,-1.0));
#1432=SURFACE_STYLE_FILL_AREA(#1865);
#1433=ORIENTED_EDGE('',*,*,#1836,.T.);
#1434=ORIENTED_EDGE('',*,*,#1866,.F.);
#1435=ORIENTED_EDGE('',*,*,#1864,.T.);
#1436=ORIENTED_EDGE('',*,*,#1847,.T.);
#1437=CARTESIAN_POINT('',(0.6,8.0,-18.0));
#1438=DIRECTION('',(0.0,0.0,-1.0));
#1439=DIRECTION('',(1.0,0.0,0.0));
#1440=SURFACE_STYLE_FILL_AREA(#1867);
#1441=ORIENTED_EDGE('',*,*,#1634,.T.);
#1442=ORIENTED_EDGE('',*,*,#1856,.F.);
#1443=ORIENTED_EDGE('',*,*,#1860,.F.);
#1444=ORIENTED_EDGE('',*,*,#1868,.F.);
#1445=CARTESIAN_POINT('',(-0.8,-7.5,-0.5));
#1446=DIRECTION('',(1.0,0.0,0.0));
#1447=DIRECTION('',(0.0,-2.22044604925031E-16,1.0));
#1448=SURFACE_STYLE_FILL_AREA(#1869);
#1449=ORIENTED_EDGE('',*,*,#1834,.T.);
#1450=ORIENTED_EDGE('',*,*,#1845,.F.);
#1451=ORIENTED_EDGE('',*,*,#1870,.T.);
#1452=ORIENTED_EDGE('',*,*,#1868,.T.);
#1453=ORIENTED_EDGE('',*,*,#1871,.F.);
#1454=ORIENTED_EDGE('',*,*,#1872,.F.);
#1455=ORIENTED_EDGE('',*,*,#1873,.F.);
#1456=ORIENTED_EDGE('',*,*,#1874,.F.);
#1457=ORIENTED_EDGE('',*,*,#1875,.F.);
#1458=ORIENTED_EDGE('',*,*,#1876,.F.);
#1459=ORIENTED_EDGE('',*,*,#1877,.F.);
#1460=ORIENTED_EDGE('',*,*,#1878,.F.);
#1461=ORIENTED_EDGE('',*,*,#1879,.F.);
#1462=ORIENTED_EDGE('',*,*,#1880,.F.);
#1463=ORIENTED_EDGE('',*,*,#1881,.F.);
#1464=ORIENTED_EDGE('',*,*,#1882,.F.);
#1465=ORIENTED_EDGE('',*,*,#1883,.F.);
#1466=CARTESIAN_POINT('',(4.91323819687673,-8.0,-7.09601053043982));
#1467=DIRECTION('',(0.0,-1.0,0.0));
#1468=DIRECTION('',(0.0,0.0,-1.0));
#1469=SURFACE_STYLE_FILL_AREA(#1884);
#1470=ORIENTED_EDGE('',*,*,#1632,.T.);
#1471=ORIENTED_EDGE('',*,*,#1885,.F.);
#1472=ORIENTED_EDGE('',*,*,#1850,.T.);
#1473=ORIENTED_EDGE('',*,*,#1857,.F.);
#1474=CARTESIAN_POINT('',(9.2,0.0,-0.5));
#1475=DIRECTION('',(0.0,0.0,-1.0));
#1476=DIRECTION('',(-1.0,0.0,0.0));
#1477=SURFACE_STYLE_FILL_AREA(#1886);
#1478=ORIENTED_EDGE('',*,*,#1885,.T.);
#1479=ORIENTED_EDGE('',*,*,#1635,.T.);
#1480=ORIENTED_EDGE('',*,*,#1870,.F.);
#1481=ORIENTED_EDGE('',*,*,#1844,.F.);
#1482=ORIENTED_EDGE('',*,*,#1887,.F.);
#1483=ORIENTED_EDGE('',*,*,#1888,.F.);
#1484=ORIENTED_EDGE('',*,*,#1842,.F.);
#1485=ORIENTED_EDGE('',*,*,#1889,.T.);
#1486=CARTESIAN_POINT('',(9.2,0.0,-9.0));
#1487=DIRECTION('',(0.0,0.0,-1.0));
#1488=DIRECTION('',(0.0,1.0,0.0));
#1489=SURFACE_STYLE_FILL_AREA(#1890);
#1490=ORIENTED_EDGE('',*,*,#1888,.T.);
#1491=ORIENTED_EDGE('',*,*,#1887,.T.);
#1492=ORIENTED_EDGE('',*,*,#1843,.F.);
#1493=CARTESIAN_POINT('',(16.5,8.0,-2.30000000000001));
#1494=DIRECTION('',(0.0,-1.0,0.0));
#1495=DIRECTION('',(0.707106781186542,0.0,-0.707106781186554));
#1496=SURFACE_STYLE_FILL_AREA(#1891);
#1497=ORIENTED_EDGE('',*,*,#1835,.T.);
#1498=ORIENTED_EDGE('',*,*,#1892,.F.);
#1499=ORIENTED_EDGE('',*,*,#1862,.T.);
#1500=ORIENTED_EDGE('',*,*,#1866,.T.);
#1501=CARTESIAN_POINT('',(-0.300000000000006,8.0,-17.5));
#1502=DIRECTION('',(0.0,-1.0,0.0));
#1503=DIRECTION('',(-1.0,0.0,1.42108547152022E-14));
#1504=SURFACE_STYLE_FILL_AREA(#1893);
#1505=ORIENTED_EDGE('',*,*,#1883,.T.);
#1506=ORIENTED_EDGE('',*,*,#1894,.F.);
#1507=ORIENTED_EDGE('',*,*,#1895,.F.);
#1508=ORIENTED_EDGE('',*,*,#1892,.T.);
#1509=CARTESIAN_POINT('',(-0.800000000000001,8.0,-14.2));
#1510=DIRECTION('',(-1.0,0.0,0.0));
#1511=DIRECTION('',(0.0,0.0,-1.0));
#1512=SURFACE_STYLE_FILL_AREA(#1896);
#1513=ORIENTED_EDGE('',*,*,#1882,.T.);
#1514=ORIENTED_EDGE('',*,*,#1897,.F.);
#1515=ORIENTED_EDGE('',*,*,#1898,.F.);
#1516=ORIENTED_EDGE('',*,*,#1894,.T.);
#1517=CARTESIAN_POINT('',(-1.5,8.0,-10.9));
#1518=DIRECTION('',(0.0,-1.0,0.0));
#1519=DIRECTION('',(1.0,0.0,-2.53765262771465E-15));
#1520=SURFACE_STYLE_FILL_AREA(#1899);
#1521=ORIENTED_EDGE('',*,*,#1881,.T.);
#1522=ORIENTED_EDGE('',*,*,#1900,.F.);
#1523=ORIENTED_EDGE('',*,*,#1901,.F.);
#1524=ORIENTED_EDGE('',*,*,#1897,.T.);
#1525=CARTESIAN_POINT('',(-2.15,8.0,-10.2));
#1526=DIRECTION('',(0.0,0.0,-1.0));
#1527=DIRECTION('',(1.0,0.0,0.0));
#1528=SURFACE_STYLE_FILL_AREA(#1902);
#1529=ORIENTED_EDGE('',*,*,#1880,.T.);
#1530=ORIENTED_EDGE('',*,*,#1903,.F.);
#1531=ORIENTED_EDGE('',*,*,#1904,.T.);
#1532=ORIENTED_EDGE('',*,*,#1900,.T.);
#1533=CARTESIAN_POINT('',(-2.8,8.0,-8.2));
#1534=DIRECTION('',(0.0,-1.0,-0.0));
#1535=DIRECTION('',(-1.0,0.0,-1.77635683940025E-15));
#1536=SURFACE_STYLE_FILL_AREA(#1905);
#1537=ORIENTED_EDGE('',*,*,#1879,.T.);
#1538=ORIENTED_EDGE('',*,*,#1906,.F.);
#1539=ORIENTED_EDGE('',*,*,#1907,.F.);
#1540=ORIENTED_EDGE('',*,*,#1903,.T.);
#1541=CARTESIAN_POINT('',(-4.8,8.0,-7.2));
#1542=DIRECTION('',(-1.0,0.0,0.0));
#1543=DIRECTION('',(0.0,0.0,-1.0));
#1544=SURFACE_STYLE_FILL_AREA(#1908);
#1545=ORIENTED_EDGE('',*,*,#1878,.T.);
#1546=ORIENTED_EDGE('',*,*,#1909,.F.);
#1547=ORIENTED_EDGE('',*,*,#1910,.T.);
#1548=ORIENTED_EDGE('',*,*,#1906,.T.);
#1549=CARTESIAN_POINT('',(-4.3,8.0,-6.2));
#1550=DIRECTION('',(0.0,-1.0,0.0));
#1551=DIRECTION('',(0.0,0.0,1.0));
#1552=SURFACE_STYLE_FILL_AREA(#1911);
#1553=ORIENTED_EDGE('',*,*,#1877,.T.);
#1554=ORIENTED_EDGE('',*,*,#1912,.F.);
#1555=ORIENTED_EDGE('',*,*,#1913,.F.);
#1556=ORIENTED_EDGE('',*,*,#1909,.T.);
#1557=CARTESIAN_POINT('',(-3.7,8.0,-5.7));
#1558=DIRECTION('',(0.0,0.0,1.0));
#1559=DIRECTION('',(-1.0,0.0,0.0));
#1560=SURFACE_STYLE_FILL_AREA(#1914);
#1561=ORIENTED_EDGE('',*,*,#1876,.T.);
#1562=ORIENTED_EDGE('',*,*,#1915,.F.);
#1563=ORIENTED_EDGE('',*,*,#1916,.T.);
#1564=ORIENTED_EDGE('',*,*,#1912,.T.);
#1565=CARTESIAN_POINT('',(-3.1,8.0,-6.0));
#1566=DIRECTION('',(0.0,-1.0,0.0));
#1567=DIRECTION('',(1.0,0.0,5.92118946466749E-15));
#1568=SURFACE_STYLE_FILL_AREA(#1917);
#1569=ORIENTED_EDGE('',*,*,#1875,.T.);
#1570=ORIENTED_EDGE('',*,*,#1918,.F.);
#1571=ORIENTED_EDGE('',*,*,#1919,.F.);
#1572=ORIENTED_EDGE('',*,*,#1915,.T.);
#1573=CARTESIAN_POINT('',(-2.8,8.0,-6.312132035));
#1574=DIRECTION('',(1.0,0.0,0.0));
#1575=DIRECTION('',(-0.0,0.0,1.0));
#1576=SURFACE_STYLE_FILL_AREA(#1920);
#1577=ORIENTED_EDGE('',*,*,#1874,.T.);
#1578=ORIENTED_EDGE('',*,*,#1921,.F.);
#1579=ORIENTED_EDGE('',*,*,#1922,.F.);
#1580=ORIENTED_EDGE('',*,*,#1918,.T.);
#1581=CARTESIAN_POINT('',(-2.512132035,8.0,-6.912132035));
#1582=DIRECTION('',(0.707106781186548,0.0,0.707106781186548));
#1583=DIRECTION('',(-0.707106781186548,0.0,0.707106781186548));
#1584=SURFACE_STYLE_FILL_AREA(#1923);
#1585=ORIENTED_EDGE('',*,*,#1873,.T.);
#1586=ORIENTED_EDGE('',*,*,#1924,.F.);
#1587=ORIENTED_EDGE('',*,*,#1925,.F.);
#1588=ORIENTED_EDGE('',*,*,#1921,.T.);
#1589=CARTESIAN_POINT('',(-1.612132035,8.0,-7.2));
#1590=DIRECTION('',(0.0,0.0,1.0));
#1591=DIRECTION('',(-1.0,0.0,0.0));
#1592=SURFACE_STYLE_FILL_AREA(#1926);
#1593=ORIENTED_EDGE('',*,*,#1872,.T.);
#1594=ORIENTED_EDGE('',*,*,#1927,.F.);
#1595=ORIENTED_EDGE('',*,*,#1928,.F.);
#1596=ORIENTED_EDGE('',*,*,#1924,.T.);
#1597=CARTESIAN_POINT('',(-1.0,8.0,-6.2));
#1598=DIRECTION('',(0.0,-1.0,0.0));
#1599=DIRECTION('',(1.77635683940025E-15,0.0,-1.0));
#1600=SURFACE_STYLE_FILL_AREA(#1929);
#1601=ORIENTED_EDGE('',*,*,#1871,.T.);
#1602=ORIENTED_EDGE('',*,*,#1859,.F.);
#1603=ORIENTED_EDGE('',*,*,#1930,.F.);
#1604=ORIENTED_EDGE('',*,*,#1927,.T.);
#1605=CARTESIAN_POINT('',(0.0,8.0,-3.35));
#1606=DIRECTION('',(-1.0,0.0,0.0));
#1607=DIRECTION('',(0.0,0.0,-1.0));
#1608=SURFACE_STYLE_FILL_AREA(#1931);
#1609=ORIENTED_EDGE('',*,*,#1851,.T.);
#1610=ORIENTED_EDGE('',*,*,#1889,.F.);
#1611=ORIENTED_EDGE('',*,*,#1841,.T.);
#1612=ORIENTED_EDGE('',*,*,#1863,.T.);
#1613=ORIENTED_EDGE('',*,*,#1895,.T.);
#1614=ORIENTED_EDGE('',*,*,#1898,.T.);
#1615=ORIENTED_EDGE('',*,*,#1901,.T.);
#1616=ORIENTED_EDGE('',*,*,#1904,.F.);
#1617=ORIENTED_EDGE('',*,*,#1907,.T.);
#1618=ORIENTED_EDGE('',*,*,#1910,.F.);
#1619=ORIENTED_EDGE('',*,*,#1913,.T.);
#1620=ORIENTED_EDGE('',*,*,#1916,.F.);
#1621=ORIENTED_EDGE('',*,*,#1919,.T.);
#1622=ORIENTED_EDGE('',*,*,#1922,.T.);
#1623=ORIENTED_EDGE('',*,*,#1925,.T.);
#1624=ORIENTED_EDGE('',*,*,#1928,.T.);
#1625=ORIENTED_EDGE('',*,*,#1930,.T.);
#1626=CARTESIAN_POINT('',(4.91323819687673,8.0,-7.09601053043981));
#1627=DIRECTION('',(0.0,-1.0,0.0));
#1628=DIRECTION('',(0.0,0.0,-1.0));
#1629=SURFACE_STYLE_FILL_AREA(#1932);
#1631=FILL_AREA_STYLE('',(#1933));
#1632=EDGE_CURVE('',#1934,#1935,#1936,.T.);
#1633=EDGE_CURVE('',#1937,#1934,#1938,.T.);
#1634=EDGE_CURVE('',#1939,#1937,#1940,.T.);
#1635=EDGE_CURVE('',#1935,#1939,#1941,.T.);
#1636=FILL_AREA_STYLE('',(#1942));
#1637=EDGE_CURVE('',#1943,#1944,#1945,.T.);
#1638=EDGE_CURVE('',#1946,#1943,#1947,.T.);
#1639=EDGE_CURVE('',#1948,#1946,#1949,.T.);
#1640=EDGE_CURVE('',#1944,#1948,#1950,.T.);
#1641=FILL_AREA_STYLE('',(#1951));
#1642=EDGE_CURVE('',#1952,#1953,#1954,.T.);
#1643=EDGE_CURVE('',#1952,#1955,#1956,.T.);
#1644=EDGE_CURVE('',#1957,#1955,#1958,.T.);
#1645=EDGE_CURVE('',#1957,#1959,#1960,.T.);
#1646=EDGE_CURVE('',#1959,#1961,#1962,.T.);
#1647=EDGE_CURVE('',#1961,#1963,#1964,.T.);
#1648=EDGE_CURVE('',#1963,#1965,#1966,.T.);
#1649=EDGE_CURVE('',#1965,#1967,#1968,.T.);
#1650=EDGE_CURVE('',#1967,#1969,#1970,.T.);
#1651=EDGE_CURVE('',#1969,#1953,#1971,.T.);
#1652=FILL_AREA_STYLE('',(#1972));
#1653=EDGE_CURVE('',#1973,#1952,#1974,.T.);
#1654=EDGE_CURVE('',#1973,#1975,#1976,.T.);
#1655=EDGE_CURVE('',#1955,#1975,#1977,.T.);
#1656=FILL_AREA_STYLE('',(#1978));
#1657=EDGE_CURVE('',#1979,#1980,#1981,.T.);
#1658=EDGE_CURVE('',#1979,#1982,#1983,.T.);
#1659=EDGE_CURVE('',#1984,#1982,#1985,.T.);
#1660=EDGE_CURVE('',#1984,#1980,#1986,.T.);
#1661=FILL_AREA_STYLE('',(#1987));
#1662=EDGE_CURVE('',#1988,#1989,#1990,.T.);
#1663=EDGE_CURVE('',#1991,#1988,#1992,.T.);
#1664=EDGE_CURVE('',#1993,#1991,#1994,.T.);
#1665=EDGE_CURVE('',#1995,#1993,#1996,.T.);
#1666=EDGE_CURVE('',#1989,#1995,#1997,.T.);
#1667=FILL_AREA_STYLE('',(#1998));
#1668=EDGE_CURVE('',#1999,#2000,#2001,.T.);
#1669=EDGE_CURVE('',#2002,#1999,#2003,.T.);
#1670=EDGE_CURVE('',#2004,#2002,#2005,.T.);
#1671=EDGE_CURVE('',#2000,#2004,#2006,.T.);
#1672=FILL_AREA_STYLE('',(#2007));
#1673=EDGE_CURVE('',#1995,#2008,#2009,.T.);
#1674=EDGE_CURVE('',#1993,#2010,#2011,.T.);
#1675=EDGE_CURVE('',#2012,#2010,#2013,.T.);
#1676=EDGE_CURVE('',#2014,#2012,#2015,.T.);
#1677=EDGE_CURVE('',#2016,#2014,#2017,.T.);
#1678=EDGE_CURVE('',#2008,#2016,#2018,.T.);
#1679=FILL_AREA_STYLE('',(#2019));
#1680=EDGE_CURVE('',#2020,#2008,#2021,.T.);
#1681=EDGE_CURVE('',#2022,#2020,#2023,.T.);
#1682=EDGE_CURVE('',#2012,#2022,#2024,.T.);
#1683=EDGE_CURVE('',#2010,#1989,#2025,.T.);
#1684=FILL_AREA_STYLE('',(#2026));
#1685=EDGE_CURVE('',#1963,#2027,#2028,.T.);
#1686=EDGE_CURVE('',#2027,#2029,#2030,.T.);
#1687=EDGE_CURVE('',#2031,#2029,#2032,.T.);
#1688=EDGE_CURVE('',#2033,#2031,#2034,.T.);
#1689=EDGE_CURVE('',#2033,#1965,#2035,.T.);
#1690=FILL_AREA_STYLE('',(#2036));
#1691=EDGE_CURVE('',#1961,#2037,#2038,.T.);
#1692=EDGE_CURVE('',#2037,#2027,#2039,.T.);
#1693=FILL_AREA_STYLE('',(#2040));
#1694=EDGE_CURVE('',#1959,#2041,#2042,.T.);
#1695=EDGE_CURVE('',#2041,#2037,#2043,.T.);
#1696=FILL_AREA_STYLE('',(#2044));
#1697=EDGE_CURVE('',#2045,#1957,#2046,.T.);
#1698=EDGE_CURVE('',#2045,#2047,#2048,.T.);
#1699=EDGE_CURVE('',#2047,#2041,#2049,.T.);
#1700=FILL_AREA_STYLE('',(#2050));
#1701=EDGE_CURVE('',#2051,#2045,#2052,.T.);
#1702=EDGE_CURVE('',#2051,#2053,#2054,.T.);
#1703=EDGE_CURVE('',#2053,#2047,#2055,.T.);
#1704=FILL_AREA_STYLE('',(#2056));
#1705=EDGE_CURVE('',#2057,#2051,#2058,.T.);
#1706=EDGE_CURVE('',#2057,#2059,#2060,.T.);
#1707=EDGE_CURVE('',#2059,#2053,#2061,.T.);
#1708=FILL_AREA_STYLE('',(#2062));
#1709=EDGE_CURVE('',#2022,#2063,#2064,.T.);
#1710=EDGE_CURVE('',#2063,#2065,#2066,.T.);
#1711=EDGE_CURVE('',#2067,#2065,#2068,.T.);
#1712=EDGE_CURVE('',#2067,#2069,#2070,.T.);
#1713=EDGE_CURVE('',#2069,#2014,#2071,.T.);
#1714=FILL_AREA_STYLE('',(#2072));
#1715=EDGE_CURVE('',#2020,#2073,#2074,.T.);
#1716=EDGE_CURVE('',#2073,#2063,#2075,.T.);
#1717=FILL_AREA_STYLE('',(#2076));
#1718=EDGE_CURVE('',#2065,#2077,#2078,.T.);
#1719=EDGE_CURVE('',#2079,#2077,#2080,.T.);
#1720=EDGE_CURVE('',#2079,#2067,#2081,.T.);
#1721=FILL_AREA_STYLE('',(#2082));
#1722=EDGE_CURVE('',#2077,#2083,#2084,.T.);
#1723=EDGE_CURVE('',#2085,#2083,#2086,.T.);
#1724=EDGE_CURVE('',#2085,#2079,#2087,.T.);
#1725=FILL_AREA_STYLE('',(#2088));
#1726=EDGE_CURVE('',#2089,#2057,#2090,.T.);
#1727=EDGE_CURVE('',#2091,#2089,#2092,.T.);
#1728=EDGE_CURVE('',#2085,#2091,#2093,.T.);
#1729=EDGE_CURVE('',#2083,#2059,#2094,.T.);
#1730=FILL_AREA_STYLE('',(#2095));
#1731=EDGE_CURVE('',#2096,#2089,#2097,.T.);
#1732=EDGE_CURVE('',#2098,#2096,#2099,.T.);
#1733=EDGE_CURVE('',#2098,#2091,#2100,.T.);
#1734=FILL_AREA_STYLE('',(#2101));
#1735=EDGE_CURVE('',#2102,#2096,#2103,.T.);
#1736=EDGE_CURVE('',#2104,#2102,#2105,.T.);
#1737=EDGE_CURVE('',#2104,#2098,#2106,.T.);
#1738=FILL_AREA_STYLE('',(#2107));
#1739=EDGE_CURVE('',#2108,#1969,#2109,.T.);
#1740=EDGE_CURVE('',#2104,#2108,#2110,.T.);
#1741=EDGE_CURVE('',#1953,#2102,#2111,.T.);
#1742=FILL_AREA_STYLE('',(#2112));
#1743=EDGE_CURVE('',#2113,#1967,#2114,.T.);
#1744=EDGE_CURVE('',#2113,#2108,#2115,.T.);
#1745=FILL_AREA_STYLE('',(#2116));
#1746=EDGE_CURVE('',#2033,#2113,#2117,.T.);
#1747=FILL_AREA_STYLE('',(#2118));
#1748=EDGE_CURVE('',#2029,#2119,#2120,.T.);
#1749=EDGE_CURVE('',#2121,#2119,#2122,.T.);
#1750=EDGE_CURVE('',#2121,#2031,#2123,.T.);
#1751=FILL_AREA_STYLE('',(#2124));
#1752=EDGE_CURVE('',#2119,#2125,#2126,.T.);
#1753=EDGE_CURVE('',#2127,#2125,#2128,.T.);
#1754=EDGE_CURVE('',#2127,#2121,#2129,.T.);
#1755=FILL_AREA_STYLE('',(#2130));
#1756=EDGE_CURVE('',#2131,#2016,#2132,.T.);
#1757=EDGE_CURVE('',#2131,#2127,#2133,.T.);
#1758=EDGE_CURVE('',#2125,#2073,#2134,.T.);
#1759=FILL_AREA_STYLE('',(#2135));
#1760=EDGE_CURVE('',#2069,#2131,#2136,.T.);
#1761=FILL_AREA_STYLE('',(#2137));
#1762=FILL_AREA_STYLE('',(#2138));
#1763=FILL_AREA_STYLE('',(#2139));
#1764=EDGE_CURVE('',#1975,#1973,#2140,.T.);
#1765=EDGE_CURVE('',#1943,#1946,#2141,.T.);
#1766=FILL_AREA_STYLE('',(#2142));
#1767=EDGE_CURVE('',#2143,#2144,#2145,.T.);
#1768=EDGE_CURVE('',#2146,#2143,#2147,.T.);
#1769=EDGE_CURVE('',#2148,#2146,#2149,.T.);
#1770=EDGE_CURVE('',#2150,#2148,#2151,.T.);
#1771=EDGE_CURVE('',#2152,#2150,#2153,.T.);
#1772=EDGE_CURVE('',#2144,#2152,#2154,.T.);
#1773=FILL_AREA_STYLE('',(#2155));
#1774=EDGE_CURVE('',#2004,#2000,#2156,.T.);
#1775=EDGE_CURVE('',#1999,#2002,#2157,.T.);
#1776=FILL_AREA_STYLE('',(#2158));
#1777=EDGE_CURVE('',#1980,#1984,#2159,.T.);
#1778=FILL_AREA_STYLE('',(#2160));
#1779=EDGE_CURVE('',#2161,#2148,#2162,.T.);
#1780=EDGE_CURVE('',#2163,#2161,#2164,.T.);
#1781=EDGE_CURVE('',#2163,#2150,#2165,.T.);
#1782=FILL_AREA_STYLE('',(#2166));
#1783=EDGE_CURVE('',#2167,#2146,#2168,.T.);
#1784=EDGE_CURVE('',#2161,#2167,#2169,.T.);
#1785=FILL_AREA_STYLE('',(#2170));
#1786=EDGE_CURVE('',#2171,#2143,#2172,.T.);
#1787=EDGE_CURVE('',#2167,#2171,#2173,.T.);
#1788=FILL_AREA_STYLE('',(#2174));
#1789=EDGE_CURVE('',#1988,#1991,#2175,.T.);
#1790=FILL_AREA_STYLE('',(#2176));
#1791=EDGE_CURVE('',#2177,#2144,#2178,.T.);
#1792=EDGE_CURVE('',#2171,#2177,#2179,.T.);
#1793=FILL_AREA_STYLE('',(#2180));
#1794=EDGE_CURVE('',#2181,#2163,#2182,.T.);
#1795=EDGE_CURVE('',#2181,#2152,#2183,.T.);
#1796=FILL_AREA_STYLE('',(#2184));
#1797=EDGE_CURVE('',#2177,#2181,#2185,.T.);
#1798=FILL_AREA_STYLE('',(#2186));
#1799=EDGE_CURVE('',#1982,#1979,#2187,.T.);
#1800=FILL_AREA_STYLE('',(#2188));
#1801=FILL_AREA_STYLE('',(#2189));
#1802=EDGE_CURVE('',#1955,#1952,#2190,.T.);
#1803=FILL_AREA_STYLE('',(#2191));
#1804=FILL_AREA_STYLE('',(#2192));
#1805=FILL_AREA_STYLE('',(#2193));
#1806=EDGE_CURVE('',#1948,#1944,#2194,.T.);
#1807=FILL_AREA_STYLE('',(#2195));
#1808=EDGE_CURVE('',#2196,#2197,#2198,.T.);
#1809=EDGE_CURVE('',#2196,#2199,#2200,.T.);
#1810=EDGE_CURVE('',#2201,#2199,#2202,.T.);
#1811=EDGE_CURVE('',#2197,#2201,#2203,.T.);
#1812=FILL_AREA_STYLE('',(#2204));
#1813=EDGE_CURVE('',#2197,#2205,#2206,.T.);
#1814=EDGE_CURVE('',#2207,#2201,#2208,.T.);
#1815=EDGE_CURVE('',#2205,#2207,#2209,.T.);
#1816=FILL_AREA_STYLE('',(#2210));
#1817=EDGE_CURVE('',#2205,#2211,#2212,.T.);
#1818=EDGE_CURVE('',#2213,#2207,#2214,.T.);
#1819=EDGE_CURVE('',#2211,#2213,#2215,.T.);
#1820=FILL_AREA_STYLE('',(#2216));
#1821=EDGE_CURVE('',#2211,#2217,#2218,.T.);
#1822=EDGE_CURVE('',#2219,#2213,#2220,.T.);
#1823=EDGE_CURVE('',#2217,#2219,#2221,.T.);
#1824=FILL_AREA_STYLE('',(#2222));
#1825=EDGE_CURVE('',#2223,#2196,#2224,.T.);
#1826=EDGE_CURVE('',#2223,#2225,#2226,.T.);
#1827=EDGE_CURVE('',#2199,#2225,#2227,.T.);
#1828=FILL_AREA_STYLE('',(#2228));
#1829=EDGE_CURVE('',#2217,#2223,#2229,.T.);
#1830=EDGE_CURVE('',#2225,#2219,#2230,.T.);
#1831=FILL_AREA_STYLE('',(#2231));
#1832=FILL_AREA_STYLE('',(#2232));
#1833=EDGE_CURVE('',#2233,#2234,#2235,.T.);
#1834=EDGE_CURVE('',#2236,#2233,#2237,.T.);
#1835=EDGE_CURVE('',#2238,#2236,#2239,.T.);
#1836=EDGE_CURVE('',#2240,#2238,#2241,.T.);
#1837=EDGE_CURVE('',#2234,#2240,#2242,.T.);
#1838=FILL_AREA_STYLE('',(#2243));
#1839=EDGE_CURVE('',#2244,#2234,#2245,.T.);
#1840=EDGE_CURVE('',#2244,#2246,#2247,.T.);
#1841=EDGE_CURVE('',#2248,#2246,#2249,.T.);
#1842=EDGE_CURVE('',#2248,#2250,#2251,.T.);
#1843=EDGE_CURVE('',#2250,#2252,#2253,.T.);
#1844=EDGE_CURVE('',#2252,#2254,#2255,.T.);
#1845=EDGE_CURVE('',#2254,#2233,#2256,.T.);
#1846=FILL_AREA_STYLE('',(#2257));
#1847=EDGE_CURVE('',#2258,#2240,#2259,.T.);
#1848=EDGE_CURVE('',#2258,#2244,#2260,.T.);
#1849=FILL_AREA_STYLE('',(#2261));
#1850=EDGE_CURVE('',#2262,#2263,#2264,.T.);
#1851=EDGE_CURVE('',#2265,#2262,#2266,.T.);
#1852=EDGE_CURVE('',#2267,#2265,#2268,.T.);
#1853=EDGE_CURVE('',#2263,#2267,#2269,.T.);
#1854=FILL_AREA_STYLE('',(#2270));
#1855=EDGE_CURVE('',#2267,#2271,#2272,.T.);
#1856=EDGE_CURVE('',#2271,#1937,#2273,.T.);
#1857=EDGE_CURVE('',#1934,#2263,#2274,.T.);
#1858=FILL_AREA_STYLE('',(#2275));
#1859=EDGE_CURVE('',#2265,#2276,#2277,.T.);
#1860=EDGE_CURVE('',#2276,#2271,#2278,.T.);
#1861=FILL_AREA_STYLE('',(#2279));
#1862=EDGE_CURVE('',#2280,#2281,#2282,.T.);
#1863=EDGE_CURVE('',#2246,#2280,#2283,.T.);
#1864=EDGE_CURVE('',#2281,#2258,#2284,.T.);
#1865=FILL_AREA_STYLE('',(#2285));
#1866=EDGE_CURVE('',#2281,#2238,#2286,.T.);
#1867=FILL_AREA_STYLE('',(#2287));
#1868=EDGE_CURVE('',#1939,#2276,#2288,.T.);
#1869=FILL_AREA_STYLE('',(#2289));
#1870=EDGE_CURVE('',#2254,#1939,#2290,.T.);
#1871=EDGE_CURVE('',#2291,#2276,#2292,.T.);
#1872=EDGE_CURVE('',#2293,#2291,#2294,.T.);
#1873=EDGE_CURVE('',#2295,#2293,#2296,.T.);
#1874=EDGE_CURVE('',#2297,#2295,#2298,.T.);
#1875=EDGE_CURVE('',#2299,#2297,#2300,.T.);
#1876=EDGE_CURVE('',#2301,#2299,#2302,.T.);
#1877=EDGE_CURVE('',#2303,#2301,#2304,.T.);
#1878=EDGE_CURVE('',#2305,#2303,#2306,.T.);
#1879=EDGE_CURVE('',#2307,#2305,#2308,.T.);
#1880=EDGE_CURVE('',#2309,#2307,#2310,.T.);
#1881=EDGE_CURVE('',#2311,#2309,#2312,.T.);
#1882=EDGE_CURVE('',#2313,#2311,#2314,.T.);
#1883=EDGE_CURVE('',#2236,#2313,#2315,.T.);
#1884=FILL_AREA_STYLE('',(#2316));
#1885=EDGE_CURVE('',#2262,#1935,#2317,.T.);
#1886=FILL_AREA_STYLE('',(#2318));
#1887=EDGE_CURVE('',#2319,#2252,#2320,.T.);
#1888=EDGE_CURVE('',#2250,#2319,#2321,.T.);
#1889=EDGE_CURVE('',#2248,#2262,#2322,.T.);
#1890=FILL_AREA_STYLE('',(#2323));
#1891=FILL_AREA_STYLE('',(#2324));
#1892=EDGE_CURVE('',#2280,#2236,#2325,.T.);
#1893=FILL_AREA_STYLE('',(#2326));
#1894=EDGE_CURVE('',#2327,#2313,#2328,.T.);
#1895=EDGE_CURVE('',#2280,#2327,#2329,.T.);
#1896=FILL_AREA_STYLE('',(#2330));
#1897=EDGE_CURVE('',#2331,#2311,#2332,.T.);
#1898=EDGE_CURVE('',#2327,#2331,#2333,.T.);
#1899=FILL_AREA_STYLE('',(#2334));
#1900=EDGE_CURVE('',#2335,#2309,#2336,.T.);
#1901=EDGE_CURVE('',#2331,#2335,#2337,.T.);
#1902=FILL_AREA_STYLE('',(#2338));
#1903=EDGE_CURVE('',#2339,#2307,#2340,.T.);
#1904=EDGE_CURVE('',#2339,#2335,#2341,.T.);
#1905=FILL_AREA_STYLE('',(#2342));
#1906=EDGE_CURVE('',#2343,#2305,#2344,.T.);
#1907=EDGE_CURVE('',#2339,#2343,#2345,.T.);
#1908=FILL_AREA_STYLE('',(#2346));
#1909=EDGE_CURVE('',#2347,#2303,#2348,.T.);
#1910=EDGE_CURVE('',#2347,#2343,#2349,.T.);
#1911=FILL_AREA_STYLE('',(#2350));
#1912=EDGE_CURVE('',#2351,#2301,#2352,.T.);
#1913=EDGE_CURVE('',#2347,#2351,#2353,.T.);
#1914=FILL_AREA_STYLE('',(#2354));
#1915=EDGE_CURVE('',#2355,#2299,#2356,.T.);
#1916=EDGE_CURVE('',#2355,#2351,#2357,.T.);
#1917=FILL_AREA_STYLE('',(#2358));
#1918=EDGE_CURVE('',#2359,#2297,#2360,.T.);
#1919=EDGE_CURVE('',#2355,#2359,#2361,.T.);
#1920=FILL_AREA_STYLE('',(#2362));
#1921=EDGE_CURVE('',#2363,#2295,#2364,.T.);
#1922=EDGE_CURVE('',#2359,#2363,#2365,.T.);
#1923=FILL_AREA_STYLE('',(#2366));
#1924=EDGE_CURVE('',#2367,#2293,#2368,.T.);
#1925=EDGE_CURVE('',#2363,#2367,#2369,.T.);
#1926=FILL_AREA_STYLE('',(#2370));
#1927=EDGE_CURVE('',#2371,#2291,#2372,.T.);
#1928=EDGE_CURVE('',#2367,#2371,#2373,.T.);
#1929=FILL_AREA_STYLE('',(#2374));
#1930=EDGE_CURVE('',#2371,#2265,#2375,.T.);
#1931=FILL_AREA_STYLE('',(#2376));
#1932=FILL_AREA_STYLE('',(#2377));
#1933=FILL_AREA_STYLE_COLOUR('',#2378);
#1934=VERTEX_POINT('',#2379);
#1935=VERTEX_POINT('',#2380);
#1936=CIRCLE('',#2381,0.5);
#1937=VERTEX_POINT('',#2382);
#1938=CIRCLE('',#2383,7.5);
#1939=VERTEX_POINT('',#2384);
#1940=CIRCLE('',#2385,0.5);
#1941=CIRCLE('',#2386,8.0);
#1942=FILL_AREA_STYLE_COLOUR('',#2387);
#1943=VERTEX_POINT('',#2388);
#1944=VERTEX_POINT('',#2389);
#1945=LINE('',#2390,#2391);
#1946=VERTEX_POINT('',#2392);
#1947=CIRCLE('',#2393,3.0);
#1948=VERTEX_POINT('',#2394);
#1949=LINE('',#2395,#2396);
#1950=CIRCLE('',#2397,3.0);
#1951=FILL_AREA_STYLE_COLOUR('',#2398);
#1952=VERTEX_POINT('',#2399);
#1953=VERTEX_POINT('',#2400);
#1954=LINE('',#2401,#2402);
#1955=VERTEX_POINT('',#2403);
#1956=CIRCLE('',#2404,2.5);
#1957=VERTEX_POINT('',#2405);
#1958=LINE('',#2406,#2407);
#1959=VERTEX_POINT('',#2408);
#1960=B_SPLINE_CURVE_WITH_KNOTS('',3,(#2409,#2410,#2411,#2412,#2413,#2414,#2415,#2416,#2417,#2418,#2419,#2420,#2421,#2422,#2423,#2424,#2425,#2426,#2427,#2428,#2429,#2430,#2431,#2432,#2433,#2434),.UNSPECIFIED.,.F.,.F.,(4,2,2,2,2,2,2,2,2,2,2,2,4),(8.51537720842298,8.9884843634339,9.46159151844481,9.93462972573404,10.4076679330233,10.8807061403125,11.3537443476017,11.8267825548909,12.2998207621802,12.7728589694694,13.2458971767586,13.7190043317695,14.1921114867805),.UNSPECIFIED.);
#1961=VERTEX_POINT('',#2435);
#1962=CIRCLE('',#2436,2.5);
#1963=VERTEX_POINT('',#2437);
#1964=B_SPLINE_CURVE_WITH_KNOTS('',3,(#2438,#2439,#2440,#2441,#2442,#2443,#2444,#2445,#2446,#2447),.UNSPECIFIED.,.F.,.F.,(4,2,2,2,4),(0.631231948831502,1.08040191757382,1.32552556367848,1.44808738673081,1.46632120795447),.UNSPECIFIED.);
#1965=VERTEX_POINT('',#2448);
#1966=B_SPLINE_CURVE_WITH_KNOTS('',3,(#2449,#2450,#2451,#2452,#2453,#2454,#2455,#2456,#2457,#2458,#2459,#2460,#2461,#2462,#2463),.UNSPECIFIED.,.F.,.F.,(4,2,2,3,2,2,4),(-0.542036138188071,-0.406527103641054,-0.271018069094036,0.0,0.271018069094036,0.406527103641054,0.542036138188071),.UNSPECIFIED.);
#1967=VERTEX_POINT('',#2464);
#1968=B_SPLINE_CURVE_WITH_KNOTS('',3,(#2465,#2466,#2467,#2468,#2469,#2470,#2471,#2472,#2473,#2474,#2475,#2476),.UNSPECIFIED.,.F.,.F.,(4,2,2,2,2,4),(1.63484408335569,1.74432819640311,1.85381230945054,2.16968062431465,2.48554893917877,2.69243271291808),.UNSPECIFIED.);
#1969=VERTEX_POINT('',#2477);
#1970=CIRCLE('',#2478,2.5);
#1971=B_SPLINE_CURVE_WITH_KNOTS('',3,(#2479,#2480,#2481,#2482,#2483,#2484,#2485,#2486,#2487,#2488,#2489,#2490,#2491,#2492,#2493,#2494,#2495,#2496,#2497,#2498,#2499,#2500,#2501,#2502,#2503,#2504),.UNSPECIFIED.,.F.,.F.,(4,2,2,2,2,2,2,2,2,2,2,2,4),(0.946214310021835,1.41932146503275,1.89242862004367,2.3654668273329,2.83850503462212,3.31154324191135,3.78458144920057,4.2576196564898,4.73065786377902,5.20369607106825,5.67673427835747,6.14984143336839,6.62294858837931),.UNSPECIFIED.);
#1972=FILL_AREA_STYLE_COLOUR('',#2505);
#1973=VERTEX_POINT('',#2506);
#1974=CIRCLE('',#2507,0.2);
#1975=VERTEX_POINT('',#2508);
#1976=CIRCLE('',#2509,2.7);
#1977=CIRCLE('',#2510,0.2);
#1978=FILL_AREA_STYLE_COLOUR('',#2511);
#1979=VERTEX_POINT('',#2512);
#1980=VERTEX_POINT('',#2513);
#1981=CIRCLE('',#2514,3.53933509296191);
#1982=VERTEX_POINT('',#2515);
#1983=CIRCLE('',#2516,2.166856);
#1984=VERTEX_POINT('',#2517);
#1985=CIRCLE('',#2518,3.53933509296191);
#1986=CIRCLE('',#2519,4.57579592255287);
#1987=FILL_AREA_STYLE_COLOUR('',#2520);
#1988=VERTEX_POINT('',#2521);
#1989=VERTEX_POINT('',#2522);
#1990=LINE('',#2523,#2524);
#1991=VERTEX_POINT('',#2525);
#1992=CIRCLE('',#2526,2.00925);
#1993=VERTEX_POINT('',#2527);
#1994=LINE('',#2528,#2529);
#1995=VERTEX_POINT('',#2530);
#1996=CIRCLE('',#2531,2.5);
#1997=CIRCLE('',#2532,2.5);
#1998=FILL_AREA_STYLE_COLOUR('',#2533);
#1999=VERTEX_POINT('',#2534);
#2000=VERTEX_POINT('',#2535);
#2001=LINE('',#2536,#2537);
#2002=VERTEX_POINT('',#2538);
#2003=CIRCLE('',#2539,5.9);
#2004=VERTEX_POINT('',#2540);
#2005=LINE('',#2541,#2542);
#2006=CIRCLE('',#2543,5.9);
#2007=FILL_AREA_STYLE_COLOUR('',#2544);
#2008=VERTEX_POINT('',#2545);
#2009=LINE('',#2546,#2547);
#2010=VERTEX_POINT('',#2548);
#2011=CIRCLE('',#2549,2.5);
#2012=VERTEX_POINT('',#2550);
#2013=LINE('',#2551,#2552);
#2014=VERTEX_POINT('',#2553);
#2015=B_SPLINE_CURVE_WITH_KNOTS('',3,(#2554,#2555,#2556,#2557,#2558,#2559,#2560,#2561,#2562,#2563,#2564,#2565,#2566,#2567,#2568,#2569,#2570,#2571,#2572,#2573,#2574,#2575),.UNSPECIFIED.,.F.,.F.,(4,2,2,2,2,2,2,2,2,2,4),(1.71934157276734,2.29245543035645,2.84331866033031,3.39418189030417,3.94504512027802,4.49590835025188,5.04677158022574,5.5976348101996,6.14849804017345,6.69936127014731,7.27247512773642),.UNSPECIFIED.);
#2016=VERTEX_POINT('',#2576);
#2017=B_SPLINE_CURVE_WITH_KNOTS('',3,(#2577,#2578,#2579,#2580,#2581,#2582,#2583,#2584,#2585,#2586,#2587,#2588,#2589,#2590,#2591,#2592,#2593,#2594,#2595,#2596),.UNSPECIFIED.,.F.,.F.,(4,2,2,2,2,2,2,2,2,4),(1.37946061474328,1.83928081965771,2.50802919832259,2.84240338765504,3.17677757698748,3.51034111838881,3.84390465979014,4.17746820119147,4.51103174259281,4.97464080497354),.UNSPECIFIED.);
#2018=B_SPLINE_CURVE_WITH_KNOTS('',3,(#2597,#2598,#2599,#2600,#2601,#2602,#2603,#2604,#2605,#2606,#2607,#2608,#2609,#2610,#2611,#2612,#2613,#2614,#2615,#2616,#2617,#2618),.UNSPECIFIED.,.F.,.F.,(4,2,2,2,2,2,2,2,2,2,4),(1.70180611748703,2.26907482331604,2.81372031411979,3.35836580492353,3.90301129572727,4.44765678653101,4.99230227733475,5.5369477681385,6.08159325894224,6.62623874974598,7.19350745557499),.UNSPECIFIED.);
#2019=FILL_AREA_STYLE_COLOUR('',#2619);
#2020=VERTEX_POINT('',#2620);
#2021=B_SPLINE_CURVE_WITH_KNOTS('',3,(#2621,#2622,#2623,#2624,#2625,#2626,#2627,#2628,#2629,#2630,#2631,#2632,#2633,#2634,#2635,#2636,#2637,#2638,#2639,#2640,#2641,#2642),.UNSPECIFIED.,.F.,.F.,(4,2,2,2,2,2,2,2,2,2,4),(1.70180611748703,2.26907482331604,2.81372031411979,3.35836580492353,3.90301129572727,4.44765678653101,4.99230227733475,5.5369477681385,6.08159325894224,6.62623874974598,7.19350745557499),.UNSPECIFIED.);
#2022=VERTEX_POINT('',#2643);
#2023=B_SPLINE_CURVE_WITH_KNOTS('',3,(#2644,#2645,#2646,#2647,#2648,#2649,#2650,#2651,#2652,#2653,#2654,#2655,#2656,#2657,#2658,#2659,#2660,#2661,#2662,#2663),.UNSPECIFIED.,.F.,.F.,(4,2,2,2,2,2,2,2,2,4),(1.39082718714175,1.85443624952233,2.18799979092355,2.52156333232478,2.855126873726,3.18869041512722,3.52306460445952,3.85743879379181,4.52618717245639,4.98600737737055),.UNSPECIFIED.);
#2024=B_SPLINE_CURVE_WITH_KNOTS('',3,(#2664,#2665,#2666,#2667,#2668,#2669,#2670,#2671,#2672,#2673,#2674,#2675,#2676,#2677,#2678,#2679,#2680,#2681,#2682,#2683,#2684,#2685),.UNSPECIFIED.,.F.,.F.,(4,2,2,2,2,2,2,2,2,2,4),(1.71934157276734,2.29245543035645,2.84331866033031,3.39418189030417,3.94504512027802,4.49590835025188,5.04677158022574,5.5976348101996,6.14849804017345,6.69936127014731,7.27247512773642),.UNSPECIFIED.);
#2025=CIRCLE('',#2686,2.5);
#2026=FILL_AREA_STYLE_COLOUR('',#2687);
#2027=VERTEX_POINT('',#2688);
#2028=LINE('',#2689,#2690);
#2029=VERTEX_POINT('',#2691);
#2030=CIRCLE('',#2692,0.300000011130395);
#2031=VERTEX_POINT('',#2693);
#2032=LINE('',#2694,#2695);
#2033=VERTEX_POINT('',#2696);
#2034=CIRCLE('',#2697,0.300000011130395);
#2035=LINE('',#2698,#2699);
#2036=FILL_AREA_STYLE_COLOUR('',#2700);
#2037=VERTEX_POINT('',#2701);
#2038=LINE('',#2702,#2703);
#2039=CIRCLE('',#2704,0.300000011130395);
#2040=FILL_AREA_STYLE_COLOUR('',#2705);
#2041=VERTEX_POINT('',#2706);
#2042=LINE('',#2707,#2708);
#2043=LINE('',#2709,#2710);
#2044=FILL_AREA_STYLE_COLOUR('',#2711);
#2045=VERTEX_POINT('',#2712);
#2046=B_SPLINE_CURVE_WITH_KNOTS('',3,(#2713,#2714,#2715,#2716,#2717,#2718,#2719,#2720,#2721,#2722,#2723,#2724,#2725,#2726,#2727,#2728,#2729,#2730,#2731,#2732,#2733,#2734,#2735,#2736,#2737,#2738),.UNSPECIFIED.,.F.,.F.,(4,2,2,2,2,2,2,2,2,2,2,2,4),(8.51537720842298,8.9884843634339,9.46159151844481,9.93462972573404,10.4076679330233,10.8807061403125,11.3537443476017,11.8267825548909,12.2998207621802,12.7728589694694,13.2458971767586,13.7190043317695,14.1921114867805),.UNSPECIFIED.);
#2047=VERTEX_POINT('',#2739);
#2048=LINE('',#2740,#2741);
#2049=CIRCLE('',#2742,9.89999995862729);
#2050=FILL_AREA_STYLE_COLOUR('',#2743);
#2051=VERTEX_POINT('',#2744);
#2052=CIRCLE('',#2745,2.5);
#2053=VERTEX_POINT('',#2746);
#2054=LINE('',#2747,#2748);
#2055=LINE('',#2749,#2750);
#2056=FILL_AREA_STYLE_COLOUR('',#2751);
#2057=VERTEX_POINT('',#2752);
#2058=B_SPLINE_CURVE_WITH_KNOTS('',3,(#2753,#2754,#2755,#2756,#2757,#2758,#2759,#2760,#2761,#2762),.UNSPECIFIED.,.F.,.F.,(4,2,2,2,4),(0.148371018332905,0.166604816906806,0.289166642572205,0.534290293903002,0.983460290304531),.UNSPECIFIED.);
#2059=VERTEX_POINT('',#2763);
#2060=LINE('',#2764,#2765);
#2061=CIRCLE('',#2766,0.300000011130395);
#2062=FILL_AREA_STYLE_COLOUR('',#2767);
#2063=VERTEX_POINT('',#2768);
#2064=LINE('',#2769,#2770);
#2065=VERTEX_POINT('',#2771);
#2066=CIRCLE('',#2772,7.99999977119225);
#2067=VERTEX_POINT('',#2773);
#2068=LINE('',#2774,#2775);
#2069=VERTEX_POINT('',#2776);
#2070=CIRCLE('',#2777,7.99999977119225);
#2071=LINE('',#2778,#2779);
#2072=FILL_AREA_STYLE_COLOUR('',#2780);
#2073=VERTEX_POINT('',#2781);
#2074=LINE('',#2782,#2783);
#2075=CIRCLE('',#2784,2.49999998452337);
#2076=FILL_AREA_STYLE_COLOUR('',#2785);
#2077=VERTEX_POINT('',#2786);
#2078=CIRCLE('',#2787,0.29999999187493);
#2079=VERTEX_POINT('',#2788);
#2080=LINE('',#2789,#2790);
#2081=CIRCLE('',#2791,0.29999999187493);
#2082=FILL_AREA_STYLE_COLOUR('',#2792);
#2083=VERTEX_POINT('',#2793);
#2084=LINE('',#2794,#2795);
#2085=VERTEX_POINT('',#2796);
#2086=LINE('',#2797,#2798);
#2087=LINE('',#2799,#2800);
#2088=FILL_AREA_STYLE_COLOUR('',#2801);
#2089=VERTEX_POINT('',#2802);
#2090=B_SPLINE_CURVE_WITH_KNOTS('',3,(#2803,#2804,#2805,#2806,#2807,#2808,#2809,#2810,#2811,#2812,#2813,#2814,#2815,#2816),.UNSPECIFIED.,.F.,.F.,(4,2,2,2,2,2,4),(0.718103546228254,0.853612590827183,0.989121635426111,1.26013972462397,1.53115781382183,1.66666685842075,1.80217590301968),.UNSPECIFIED.);
#2091=VERTEX_POINT('',#2817);
#2092=LINE('',#2818,#2819);
#2093=CIRCLE('',#2820,0.300000011130396);
#2094=CIRCLE('',#2821,0.300000011130396);
#2095=FILL_AREA_STYLE_COLOUR('',#2822);
#2096=VERTEX_POINT('',#2823);
#2097=B_SPLINE_CURVE_WITH_KNOTS('',3,(#2824,#2825,#2826,#2827,#2828,#2829,#2830,#2831,#2832,#2833,#2834,#2835),.UNSPECIFIED.,.F.,.F.,(4,2,2,2,2,4),(1.98312658342713,2.19001035487347,2.50587865933805,2.82174696380264,2.93123106971107,3.0407151756195),.UNSPECIFIED.);
#2098=VERTEX_POINT('',#2836);
#2099=LINE('',#2837,#2838);
#2100=CIRCLE('',#2839,0.300000011130395);
#2101=FILL_AREA_STYLE_COLOUR('',#2840);
#2102=VERTEX_POINT('',#2841);
#2103=CIRCLE('',#2842,2.5);
#2104=VERTEX_POINT('',#2843);
#2105=LINE('',#2844,#2845);
#2106=LINE('',#2846,#2847);
#2107=FILL_AREA_STYLE_COLOUR('',#2848);
#2108=VERTEX_POINT('',#2849);
#2109=LINE('',#2850,#2851);
#2110=CIRCLE('',#2852,9.89999995862729);
#2111=B_SPLINE_CURVE_WITH_KNOTS('',3,(#2853,#2854,#2855,#2856,#2857,#2858,#2859,#2860,#2861,#2862,#2863,#2864,#2865,#2866,#2867,#2868,#2869,#2870,#2871,#2872,#2873,#2874,#2875,#2876,#2877,#2878),.UNSPECIFIED.,.F.,.F.,(4,2,2,2,2,2,2,2,2,2,2,2,4),(0.946214310021835,1.41932146503275,1.89242862004367,2.3654668273329,2.83850503462212,3.31154324191135,3.78458144920057,4.2576196564898,4.73065786377902,5.20369607106825,5.67673427835747,6.14984143336839,6.62294858837931),.UNSPECIFIED.);
#2112=FILL_AREA_STYLE_COLOUR('',#2879);
#2113=VERTEX_POINT('',#2880);
#2114=LINE('',#2881,#2882);
#2115=LINE('',#2883,#2884);
#2116=FILL_AREA_STYLE_COLOUR('',#2885);
#2117=CIRCLE('',#2886,0.300000011130395);
#2118=FILL_AREA_STYLE_COLOUR('',#2887);
#2119=VERTEX_POINT('',#2888);
#2120=LINE('',#2889,#2890);
#2121=VERTEX_POINT('',#2891);
#2122=LINE('',#2892,#2893);
#2123=LINE('',#2894,#2895);
#2124=FILL_AREA_STYLE_COLOUR('',#2896);
#2125=VERTEX_POINT('',#2897);
#2126=CIRCLE('',#2898,0.300000001781412);
#2127=VERTEX_POINT('',#2899);
#2128=LINE('',#2900,#2901);
#2129=CIRCLE('',#2902,0.300000001781412);
#2130=FILL_AREA_STYLE_COLOUR('',#2903);
#2131=VERTEX_POINT('',#2904);
#2132=LINE('',#2905,#2906);
#2133=CIRCLE('',#2907,7.99999996801615);
#2134=CIRCLE('',#2908,7.99999996801615);
#2135=FILL_AREA_STYLE_COLOUR('',#2909);
#2136=CIRCLE('',#2910,2.49999998452337);
#2137=FILL_AREA_STYLE_COLOUR('',#2911);
#2138=FILL_AREA_STYLE_COLOUR('',#2912);
#2139=FILL_AREA_STYLE_COLOUR('',#2913);
#2140=CIRCLE('',#2914,2.7);
#2141=CIRCLE('',#2915,3.0);
#2142=FILL_AREA_STYLE_COLOUR('',#2916);
#2143=VERTEX_POINT('',#2917);
#2144=VERTEX_POINT('',#2918);
#2145=LINE('',#2919,#2920);
#2146=VERTEX_POINT('',#2921);
#2147=LINE('',#2922,#2923);
#2148=VERTEX_POINT('',#2924);
#2149=LINE('',#2925,#2926);
#2150=VERTEX_POINT('',#2927);
#2151=LINE('',#2928,#2929);
#2152=VERTEX_POINT('',#2930);
#2153=LINE('',#2931,#2932);
#2154=LINE('',#2933,#2934);
#2155=FILL_AREA_STYLE_COLOUR('',#2935);
#2156=CIRCLE('',#2936,5.9);
#2157=CIRCLE('',#2937,5.9);
#2158=FILL_AREA_STYLE_COLOUR('',#2938);
#2159=CIRCLE('',#2939,4.57579592255287);
#2160=FILL_AREA_STYLE_COLOUR('',#2940);
#2161=VERTEX_POINT('',#2941);
#2162=LINE('',#2942,#2943);
#2163=VERTEX_POINT('',#2944);
#2164=LINE('',#2945,#2946);
#2165=LINE('',#2947,#2948);
#2166=FILL_AREA_STYLE_COLOUR('',#2949);
#2167=VERTEX_POINT('',#2950);
#2168=LINE('',#2951,#2952);
#2169=LINE('',#2953,#2954);
#2170=FILL_AREA_STYLE_COLOUR('',#2955);
#2171=VERTEX_POINT('',#2956);
#2172=LINE('',#2957,#2958);
#2173=LINE('',#2959,#2960);
#2174=FILL_AREA_STYLE_COLOUR('',#2961);
#2175=CIRCLE('',#2962,2.00925);
#2176=FILL_AREA_STYLE_COLOUR('',#2963);
#2177=VERTEX_POINT('',#2964);
#2178=LINE('',#2965,#2966);
#2179=LINE('',#2967,#2968);
#2180=FILL_AREA_STYLE_COLOUR('',#2969);
#2181=VERTEX_POINT('',#2970);
#2182=LINE('',#2971,#2972);
#2183=LINE('',#2973,#2974);
#2184=FILL_AREA_STYLE_COLOUR('',#2975);
#2185=LINE('',#2976,#2977);
#2186=FILL_AREA_STYLE_COLOUR('',#2978);
#2187=CIRCLE('',#2979,2.166856);
#2188=FILL_AREA_STYLE_COLOUR('',#2980);
#2189=FILL_AREA_STYLE_COLOUR('',#2981);
#2190=CIRCLE('',#2982,2.5);
#2191=FILL_AREA_STYLE_COLOUR('',#2983);
#2192=FILL_AREA_STYLE_COLOUR('',#2984);
#2193=FILL_AREA_STYLE_COLOUR('',#2985);
#2194=CIRCLE('',#2986,3.0);
#2195=FILL_AREA_STYLE_COLOUR('',#2987);
#2196=VERTEX_POINT('',#2988);
#2197=VERTEX_POINT('',#2989);
#2198=ELLIPSE('',#2990,0.707106781186549,0.500000000000001);
#2199=VERTEX_POINT('',#2991);
#2200=LINE('',#2992,#2993);
#2201=VERTEX_POINT('',#2994);
#2202=CIRCLE('',#2995,0.500000000000001);
#2203=LINE('',#2996,#2997);
#2204=FILL_AREA_STYLE_COLOUR('',#2998);
#2205=VERTEX_POINT('',#2999);
#2206=LINE('',#3000,#3001);
#2207=VERTEX_POINT('',#3002);
#2208=LINE('',#3003,#3004);
#2209=LINE('',#3005,#3006);
#2210=FILL_AREA_STYLE_COLOUR('',#3007);
#2211=VERTEX_POINT('',#3008);
#2212=ELLIPSE('',#3009,9.19238815542512,6.5);
#2213=VERTEX_POINT('',#3010);
#2214=CIRCLE('',#3011,6.5);
#2215=LINE('',#3012,#3013);
#2216=FILL_AREA_STYLE_COLOUR('',#3014);
#2217=VERTEX_POINT('',#3015);
#2218=LINE('',#3016,#3017);
#2219=VERTEX_POINT('',#3018);
#2220=LINE('',#3019,#3020);
#2221=LINE('',#3021,#3022);
#2222=FILL_AREA_STYLE_COLOUR('',#3023);
#2223=VERTEX_POINT('',#3024);
#2224=LINE('',#3025,#3026);
#2225=VERTEX_POINT('',#3027);
#2226=LINE('',#3028,#3029);
#2227=LINE('',#3030,#3031);
#2228=FILL_AREA_STYLE_COLOUR('',#3032);
#2229=ELLIPSE('',#3033,0.707106781186549,0.500000000000001);
#2230=CIRCLE('',#3034,0.500000000000001);
#2231=FILL_AREA_STYLE_COLOUR('',#3035);
#2232=FILL_AREA_STYLE_COLOUR('',#3036);
#2233=VERTEX_POINT('',#3037);
#2234=VERTEX_POINT('',#3038);
#2235=ELLIPSE('',#3039,0.707106781186548,0.5);
#2236=VERTEX_POINT('',#3040);
#2237=LINE('',#3041,#3042);
#2238=VERTEX_POINT('',#3043);
#2239=ELLIPSE('',#3044,0.707106781186544,0.5);
#2240=VERTEX_POINT('',#3045);
#2241=LINE('',#3046,#3047);
#2242=B_SPLINE_CURVE_WITH_KNOTS('',3,(#3048,#3049,#3050,#3051,#3052,#3053,#3054,#3055,#3056,#3057),.UNSPECIFIED.,.F.,.F.,(4,2,2,2,4),(2.72883383346628,2.93047581985968,3.22690386878903,3.52333191771839,3.52605006438856),.UNSPECIFIED.);
#2243=FILL_AREA_STYLE_COLOUR('',#3058);
#2244=VERTEX_POINT('',#3059);
#2245=LINE('',#3060,#3061);
#2246=VERTEX_POINT('',#3062);
#2247=ELLIPSE('',#3063,0.707106781186548,0.5);
#2248=VERTEX_POINT('',#3064);
#2249=LINE('',#3065,#3066);
#2250=VERTEX_POINT('',#3067);
#2251=ELLIPSE('',#3068,11.3137084989848,8.0);
#2252=VERTEX_POINT('',#3069);
#2253=LINE('',#3070,#3071);
#2254=VERTEX_POINT('',#3072);
#2255=ELLIPSE('',#3073,11.3137084989848,8.0);
#2256=LINE('',#3074,#3075);
#2257=FILL_AREA_STYLE_COLOUR('',#3076);
#2258=VERTEX_POINT('',#3077);
#2259=LINE('',#3078,#3079);
#2260=B_SPLINE_CURVE_WITH_KNOTS('',3,(#3080,#3081,#3082,#3083,#3084,#3085,#3086,#3087,#3088,#3089),.UNSPECIFIED.,.F.,.F.,(4,2,2,2,4),(0.0,0.00271814667016909,0.299146195599523,0.595574244528878,0.797216230922279),.UNSPECIFIED.);
#2261=FILL_AREA_STYLE_COLOUR('',#3090);
#2262=VERTEX_POINT('',#3091);
#2263=VERTEX_POINT('',#3092);
#2264=CIRCLE('',#3093,0.5);
#2265=VERTEX_POINT('',#3094);
#2266=LINE('',#3095,#3096);
#2267=VERTEX_POINT('',#3097);
#2268=ELLIPSE('',#3098,0.707106781186547,0.5);
#2269=LINE('',#3099,#3100);
#2270=FILL_AREA_STYLE_COLOUR('',#3101);
#2271=VERTEX_POINT('',#3102);
#2272=LINE('',#3103,#3104);
#2273=LINE('',#3105,#3106);
#2274=CIRCLE('',#3107,7.5);
#2275=FILL_AREA_STYLE_COLOUR('',#3108);
#2276=VERTEX_POINT('',#3109);
#2277=LINE('',#3110,#3111);
#2278=ELLIPSE('',#3112,0.707106781186547,0.5);
#2279=FILL_AREA_STYLE_COLOUR('',#3113);
#2280=VERTEX_POINT('',#3114);
#2281=VERTEX_POINT('',#3115);
#2282=ELLIPSE('',#3116,0.707106781186544,0.5);
#2283=LINE('',#3117,#3118);
#2284=LINE('',#3119,#3120);
#2285=FILL_AREA_STYLE_COLOUR('',#3121);
#2286=LINE('',#3122,#3123);
#2287=FILL_AREA_STYLE_COLOUR('',#3124);
#2288=LINE('',#3125,#3126);
#2289=FILL_AREA_STYLE_COLOUR('',#3127);
#2290=LINE('',#3128,#3129);
#2291=VERTEX_POINT('',#3130);
#2292=LINE('',#3131,#3132);
#2293=VERTEX_POINT('',#3133);
#2294=CIRCLE('',#3134,1.0);
#2295=VERTEX_POINT('',#3135);
#2296=LINE('',#3136,#3137);
#2297=VERTEX_POINT('',#3138);
#2298=LINE('',#3139,#3140);
#2299=VERTEX_POINT('',#3141);
#2300=LINE('',#3142,#3143);
#2301=VERTEX_POINT('',#3144);
#2302=CIRCLE('',#3145,0.300000000000001);
#2303=VERTEX_POINT('',#3146);
#2304=LINE('',#3147,#3148);
#2305=VERTEX_POINT('',#3149);
#2306=CIRCLE('',#3150,0.5);
#2307=VERTEX_POINT('',#3151);
#2308=LINE('',#3152,#3153);
#2309=VERTEX_POINT('',#3154);
#2310=CIRCLE('',#3155,2.0);
#2311=VERTEX_POINT('',#3156);
#2312=LINE('',#3157,#3158);
#2313=VERTEX_POINT('',#3159);
#2314=CIRCLE('',#3160,0.699999999999999);
#2315=LINE('',#3161,#3162);
#2316=FILL_AREA_STYLE_COLOUR('',#3163);
#2317=CIRCLE('',#3164,8.0);
#2318=FILL_AREA_STYLE_COLOUR('',#3165);
#2319=VERTEX_POINT('',#3166);
#2320=B_SPLINE_CURVE_WITH_KNOTS('',3,(#3167,#3168,#3169,#3170,#3171,#3172,#3173,#3174,#3175,#3176),.UNSPECIFIED.,.F.,.F.,(4,2,2,2,4),(0.0,0.00409382661869023,0.885874645871263,1.76765546512384,2.50762428836952),.UNSPECIFIED.);
#2321=B_SPLINE_CURVE_WITH_KNOTS('',3,(#3177,#3178,#3179,#3180,#3181,#3182,#3183,#3184,#3185,#3186),.UNSPECIFIED.,.F.,.F.,(4,2,2,2,4),(7.36733251893991,8.10730134218559,8.98908216143816,9.87086298069073,9.87495680730943),.UNSPECIFIED.);
#2322=LINE('',#3187,#3188);
#2323=FILL_AREA_STYLE_COLOUR('',#3189);
#2324=FILL_AREA_STYLE_COLOUR('',#3190);
#2325=LINE('',#3191,#3192);
#2326=FILL_AREA_STYLE_COLOUR('',#3193);
#2327=VERTEX_POINT('',#3194);
#2328=LINE('',#3195,#3196);
#2329=LINE('',#3197,#3198);
#2330=FILL_AREA_STYLE_COLOUR('',#3199);
#2331=VERTEX_POINT('',#3200);
#2332=LINE('',#3201,#3202);
#2333=CIRCLE('',#3203,0.699999999999999);
#2334=FILL_AREA_STYLE_COLOUR('',#3204);
#2335=VERTEX_POINT('',#3205);
#2336=LINE('',#3206,#3207);
#2337=LINE('',#3208,#3209);
#2338=FILL_AREA_STYLE_COLOUR('',#3210);
#2339=VERTEX_POINT('',#3211);
#2340=LINE('',#3212,#3213);
#2341=CIRCLE('',#3214,2.0);
#2342=FILL_AREA_STYLE_COLOUR('',#3215);
#2343=VERTEX_POINT('',#3216);
#2344=LINE('',#3217,#3218);
#2345=LINE('',#3219,#3220);
#2346=FILL_AREA_STYLE_COLOUR('',#3221);
#2347=VERTEX_POINT('',#3222);
#2348=LINE('',#3223,#3224);
#2349=CIRCLE('',#3225,0.5);
#2350=FILL_AREA_STYLE_COLOUR('',#3226);
#2351=VERTEX_POINT('',#3227);
#2352=LINE('',#3228,#3229);
#2353=LINE('',#3230,#3231);
#2354=FILL_AREA_STYLE_COLOUR('',#3232);
#2355=VERTEX_POINT('',#3233);
#2356=LINE('',#3234,#3235);
#2357=CIRCLE('',#3236,0.300000000000001);
#2358=FILL_AREA_STYLE_COLOUR('',#3237);
#2359=VERTEX_POINT('',#3238);
#2360=LINE('',#3239,#3240);
#2361=LINE('',#3241,#3242);
#2362=FILL_AREA_STYLE_COLOUR('',#3243);
#2363=VERTEX_POINT('',#3244);
#2364=LINE('',#3245,#3246);
#2365=LINE('',#3247,#3248);
#2366=FILL_AREA_STYLE_COLOUR('',#3249);
#2367=VERTEX_POINT('',#3250);
#2368=LINE('',#3251,#3252);
#2369=LINE('',#3253,#3254);
#2370=FILL_AREA_STYLE_COLOUR('',#3255);
#2371=VERTEX_POINT('',#3256);
#2372=LINE('',#3257,#3258);
#2373=CIRCLE('',#3259,1.0);
#2374=FILL_AREA_STYLE_COLOUR('',#3260);
#2375=LINE('',#3261,#3262);
#2376=FILL_AREA_STYLE_COLOUR('',#3263);
#2377=FILL_AREA_STYLE_COLOUR('',#3264);
#2378=COLOUR_RGB('',0.850980401039124,0.839215695858002,0.858823537826538);
#2379=CARTESIAN_POINT('',(16.7,9.18485099360515E-16,0.0));
#2380=CARTESIAN_POINT('',(17.2,9.79717439317882E-16,-0.5));
#2381=AXIS2_PLACEMENT_3D('',#3265,#3266,#3267);
#2382=CARTESIAN_POINT('',(9.2,-7.5,0.0));
#2383=AXIS2_PLACEMENT_3D('',#3268,#3269,#3270);
#2384=CARTESIAN_POINT('',(9.2,-8.0,-0.5));
#2385=AXIS2_PLACEMENT_3D('',#3271,#3272,#3273);
#2386=AXIS2_PLACEMENT_3D('',#3274,#3275,#3276);
#2387=COLOUR_RGB('',0.850980401039124,0.839215695858002,0.858823537826538);
#2388=CARTESIAN_POINT('',(6.2,0.0,-3.5));
#2389=CARTESIAN_POINT('',(6.2,0.0,0.0));
#2390=CARTESIAN_POINT('',(6.2,-3.67394039744206E-16,-1.75));
#2391=VECTOR('',#3277,1.0);
#2392=CARTESIAN_POINT('',(12.2,3.67394039744206E-16,-3.5));
#2393=AXIS2_PLACEMENT_3D('',#3278,#3279,#3280);
#2394=CARTESIAN_POINT('',(12.2,3.67394039744206E-16,0.0));
#2395=CARTESIAN_POINT('',(12.2,3.67394039744206E-16,-1.75));
#2396=VECTOR('',#3281,1.0);
#2397=AXIS2_PLACEMENT_3D('',#3282,#3283,#3284);
#2398=COLOUR_RGB('',0.792156875133514,0.882352948188782,1.0);
#2399=CARTESIAN_POINT('',(11.7,0.0,-3.3));
#2400=CARTESIAN_POINT('',(11.7,-1.60019743797326E-16,1.6328826));
#2401=CARTESIAN_POINT('',(11.7,-3.06161699786838E-16,0.6));
#2402=VECTOR('',#3285,1.0);
#2403=CARTESIAN_POINT('',(6.7,3.06161699786838E-16,-3.3));
#2404=AXIS2_PLACEMENT_3D('',#3286,#3287,#3288);
#2405=CARTESIAN_POINT('',(6.7,7.36407791136734E-18,1.6328826));
#2406=CARTESIAN_POINT('',(6.7,3.06161699786838E-16,0.6));
#2407=VECTOR('',#3289,1.0);
#2408=CARTESIAN_POINT('',(7.89878564334726,2.1346759,1.4));
#2409=CARTESIAN_POINT('',(8.24139592394452,-2.3089127799399,1.35987183610283));
#2410=CARTESIAN_POINT('',(8.08751770081765,-2.24502633898034,1.3751941925029));
#2411=CARTESIAN_POINT('',(7.94015881657065,-2.16558172435537,1.39357838085358));
#2412=CARTESIAN_POINT('',(7.66781753894081,-1.98226156687646,1.43285302562489));
#2413=CARTESIAN_POINT('',(7.54283850468879,-1.87837241062153,1.45370322107733));
#2414=CARTESIAN_POINT('',(7.32164370833636,-1.6571776142691,1.49384541805119));
#2415=CARTESIAN_POINT('',(7.21775638715386,-1.53220610753298,1.51456260446416));
#2416=CARTESIAN_POINT('',(7.03442905842724,-1.25986022802402,1.55335465966153));
#2417=CARTESIAN_POINT('',(6.95497618237664,-1.11248922295188,1.57139234662192));
#2418=CARTESIAN_POINT('',(6.82719412368386,-0.804708971750659,1.60133484823747));
#2419=CARTESIAN_POINT('',(6.77876341897006,-0.644041908276656,1.6132387384982));
#2420=CARTESIAN_POINT('',(6.71515840251994,-0.320528932225977,1.62901763384482));
#2421=CARTESIAN_POINT('',(6.7,-0.157679402429742,1.6328826));
#2422=CARTESIAN_POINT('',(6.7,0.157679402429742,1.6328826));
#2423=CARTESIAN_POINT('',(6.71515840251994,0.320528932225977,1.62901763384482));
#2424=CARTESIAN_POINT('',(6.77876341897006,0.644041908276655,1.6132387384982));
#2425=CARTESIAN_POINT('',(6.82719412368386,0.804708971750659,1.60133484823747));
#2426=CARTESIAN_POINT('',(6.95497618237663,1.11248922295188,1.57139234662192));
#2427=CARTESIAN_POINT('',(7.03442905842724,1.25986022802402,1.55335465966153));
#2428=CARTESIAN_POINT('',(7.21775638715386,1.53220610753298,1.51456260446416));
#2429=CARTESIAN_POINT('',(7.32164370833636,1.6571776142691,1.49384541805118));
#2430=CARTESIAN_POINT('',(7.54283850468879,1.87837241062153,1.45370322107733));
#2431=CARTESIAN_POINT('',(7.66781753894081,1.98226156687646,1.43285302562488));
#2432=CARTESIAN_POINT('',(7.94015881657064,2.16558172435537,1.39357838085357));
#2433=CARTESIAN_POINT('',(8.08751770081765,2.24502633898034,1.37519419250289));
#2434=CARTESIAN_POINT('',(8.24139592394452,2.3089127799399,1.35987183610283));
#2435=CARTESIAN_POINT('',(7.95363358635724,2.1671573,1.4));
#2436=AXIS2_PLACEMENT_3D('',#3290,#3291,#3292);
#2437=CARTESIAN_POINT('',(8.70250633069355,2.45000001,1.6));
#2438=CARTESIAN_POINT('',(7.95363358635723,2.1671573,1.4));
#2439=CARTESIAN_POINT('',(8.08443801984241,2.24218323344485,1.39983678328744));
#2440=CARTESIAN_POINT('',(8.22727899976648,2.3077393558259,1.42744536118553));
#2441=CARTESIAN_POINT('',(8.44268123283642,2.38389904768176,1.48969305879906));
#2442=CARTESIAN_POINT('',(8.516591417005,2.40586432198854,1.51510015417519));
#2443=CARTESIAN_POINT('',(8.62175893857978,2.4324771072512,1.55894096479604));
#2444=CARTESIAN_POINT('',(8.65559378885266,2.44023079661559,1.57435560571888));
#2445=CARTESIAN_POINT('',(8.69294563656631,2.44804414711918,1.59459310560111));
#2446=CARTESIAN_POINT('',(8.69774468823713,2.44903311736004,1.59726521485872));
#2447=CARTESIAN_POINT('',(8.70250633069355,2.45000001,1.6));
#2448=CARTESIAN_POINT('',(9.69749366930645,2.45000001,1.6));
#2449=CARTESIAN_POINT('',(8.66739154447942,2.44260685193258,1.57591534673881));
#2450=CARTESIAN_POINT('',(8.70161008676815,2.45006817750126,1.60444112125045));
#2451=CARTESIAN_POINT('',(8.74171251995076,2.45801231609722,1.6213250955114));
#2452=CARTESIAN_POINT('',(8.82658751523211,2.47232998120341,1.64961348103832));
#2453=CARTESIAN_POINT('',(8.87172946048198,2.47879747279234,1.65984869054003));
#2454=CARTESIAN_POINT('',(9.01153746748867,2.4946509506629,1.68335609839097));
#2455=CARTESIAN_POINT('',(9.10966064363532,2.5,1.68916729472271));
#2456=CARTESIAN_POINT('',(9.2,2.5,1.68916729472271));
#2457=CARTESIAN_POINT('',(9.29033935636468,2.5,1.68916729472271));
#2458=CARTESIAN_POINT('',(9.38846253251133,2.4946509506629,1.68335609839097));
#2459=CARTESIAN_POINT('',(9.52827053951802,2.47879747279233,1.65984869054003));
#2460=CARTESIAN_POINT('',(9.57341248476789,2.47232998120341,1.64961348103832));
#2461=CARTESIAN_POINT('',(9.65828748004924,2.45801231609722,1.62132509551141));
#2462=CARTESIAN_POINT('',(9.69838991323185,2.45006817750126,1.60444112125045));
#2463=CARTESIAN_POINT('',(9.73260845552057,2.44260685193258,1.57591534673881));
#2464=CARTESIAN_POINT('',(10.4463664136428,2.1671573,1.4));
#2465=CARTESIAN_POINT('',(9.64418949753009,2.46022269119768,1.63586985366243));
#2466=CARTESIAN_POINT('',(9.67207035855481,2.45518884377664,1.61286591021368));
#2467=CARTESIAN_POINT('',(9.70629771236237,2.44845856971064,1.5940408278508));
#2468=CARTESIAN_POINT('',(9.77633953902744,2.43292408092281,1.55955190543803));
#2469=CARTESIAN_POINT('',(9.81236033573856,2.42408308082401,1.54432535150861));
#2470=CARTESIAN_POINT('',(9.94041469005328,2.38986912296545,1.49398420996361));
#2471=CARTESIAN_POINT('',(10.0455898719292,2.35531957693754,1.46133167471025));
#2472=CARTESIAN_POINT('',(10.2528863312866,2.27023856298723,1.41409498269384));
#2473=CARTESIAN_POINT('',(10.3550949221466,2.21964897824998,1.4));
#2474=CARTESIAN_POINT('',(10.5061463887465,2.13277689087664,1.4));
#2475=CARTESIAN_POINT('',(10.5698744939743,2.09250358601523,1.40607312772582));
#2476=CARTESIAN_POINT('',(10.6286364429568,2.05158424488389,1.42315550964884));
#2477=CARTESIAN_POINT('',(10.5012143566527,2.1346759,1.4));
#2478=AXIS2_PLACEMENT_3D('',#3293,#3294,#3295);
#2479=CARTESIAN_POINT('',(10.1586040760555,2.3089127799399,1.35987183610283));
#2480=CARTESIAN_POINT('',(10.3124822991823,2.24502633898034,1.37519419250289));
#2481=CARTESIAN_POINT('',(10.4598411834294,2.16558172435537,1.39357838085357));
#2482=CARTESIAN_POINT('',(10.7321824610592,1.98226156687647,1.43285302562488));
#2483=CARTESIAN_POINT('',(10.8571614953112,1.87837241062153,1.45370322107733));
#2484=CARTESIAN_POINT('',(11.0783562916636,1.6571776142691,1.49384541805118));
#2485=CARTESIAN_POINT('',(11.1822436128461,1.53220610753298,1.51456260446416));
#2486=CARTESIAN_POINT('',(11.3655709415728,1.25986022802402,1.55335465966153));
#2487=CARTESIAN_POINT('',(11.4450238176234,1.11248922295188,1.57139234662192));
#2488=CARTESIAN_POINT('',(11.5728058763161,0.804708971750659,1.60133484823747));
#2489=CARTESIAN_POINT('',(11.6212365810299,0.644041908276655,1.6132387384982));
#2490=CARTESIAN_POINT('',(11.6848415974801,0.320528932225977,1.62901763384482));
#2491=CARTESIAN_POINT('',(11.7,0.157679402429742,1.6328826));
#2492=CARTESIAN_POINT('',(11.7,-0.157679402429742,1.6328826));
#2493=CARTESIAN_POINT('',(11.6848415974801,-0.320528932225977,1.62901763384482));
#2494=CARTESIAN_POINT('',(11.6212365810299,-0.644041908276655,1.6132387384982));
#2495=CARTESIAN_POINT('',(11.5728058763161,-0.804708971750658,1.60133484823747));
#2496=CARTESIAN_POINT('',(11.4450238176234,-1.11248922295188,1.57139234662192));
#2497=CARTESIAN_POINT('',(11.3655709415728,-1.25986022802402,1.55335465966153));
#2498=CARTESIAN_POINT('',(11.1822436128461,-1.53220610753298,1.51456260446416));
#2499=CARTESIAN_POINT('',(11.0783562916636,-1.6571776142691,1.49384541805119));
#2500=CARTESIAN_POINT('',(10.8571614953112,-1.87837241062153,1.45370322107733));
#2501=CARTESIAN_POINT('',(10.7321824610592,-1.98226156687646,1.43285302562489));
#2502=CARTESIAN_POINT('',(10.4598411834294,-2.16558172435537,1.39357838085358));
#2503=CARTESIAN_POINT('',(10.3124822991823,-2.24502633898034,1.3751941925029));
#2504=CARTESIAN_POINT('',(10.1586040760555,-2.30891277993991,1.35987183610283));
#2505=COLOUR_RGB('',0.792156875133514,0.882352948188782,1.0);
#2506=CARTESIAN_POINT('',(11.9,0.0,-3.5));
#2507=AXIS2_PLACEMENT_3D('',#3296,#3297,#3298);
#2508=CARTESIAN_POINT('',(6.5,3.30654635769785E-16,-3.5));
#2509=AXIS2_PLACEMENT_3D('',#3299,#3300,#3301);
#2510=AXIS2_PLACEMENT_3D('',#3302,#3303,#3304);
#2511=COLOUR_RGB('',0.792156875133514,0.882352948188782,1.0);
#2512=CARTESIAN_POINT('',(7.033144,2.65363326461324E-16,-6.25));
#2513=CARTESIAN_POINT('',(4.62420407744713,5.60373383010588E-16,-4.4));
#2514=AXIS2_PLACEMENT_3D('',#3305,#3306,#3307);
#2515=CARTESIAN_POINT('',(11.366856,0.0,-6.25));
#2516=AXIS2_PLACEMENT_3D('',#3308,#3309,#3310);
#2517=CARTESIAN_POINT('',(13.7757959225529,-5.60373383010588E-16,-4.4));
#2518=AXIS2_PLACEMENT_3D('',#3311,#3312,#3313);
#2519=AXIS2_PLACEMENT_3D('',#3314,#3315,#3316);
#2520=COLOUR_RGB('',0.792156875133514,0.882352948188782,1.0);
#2521=CARTESIAN_POINT('',(7.19075,0.0,4.5));
#2522=CARTESIAN_POINT('',(6.7,0.0,4.00925));
#2523=CARTESIAN_POINT('',(6.945375,2.7611192895276E-16,4.254625));
#2524=VECTOR('',#3317,1.0);
#2525=CARTESIAN_POINT('',(11.20925,-2.46062158118682E-16,4.5));
#2526=AXIS2_PLACEMENT_3D('',#3318,#3319,#3320);
#2527=CARTESIAN_POINT('',(11.7,-3.06161699786838E-16,4.00925));
#2528=CARTESIAN_POINT('',(11.454625,-2.7611192895276E-16,4.254625));
#2529=VECTOR('',#3321,1.0);
#2530=CARTESIAN_POINT('',(9.2,2.5,4.00925));
#2531=AXIS2_PLACEMENT_3D('',#3322,#3323,#3324);
#2532=AXIS2_PLACEMENT_3D('',#3325,#3326,#3327);
#2533=COLOUR_RGB('',0.792156875133514,0.882352948188782,1.0);
#2534=CARTESIAN_POINT('',(15.1,0.0,-3.5));
#2535=CARTESIAN_POINT('',(15.1,0.0,-4.4));
#2536=CARTESIAN_POINT('',(15.1,7.22541611496938E-16,-3.95));
#2537=VECTOR('',#3328,1.0);
#2538=CARTESIAN_POINT('',(3.3,-7.22541611496938E-16,-3.5));
#2539=AXIS2_PLACEMENT_3D('',#3329,#3330,#3331);
#2540=CARTESIAN_POINT('',(3.3,-7.22541611496938E-16,-4.4));
#2541=CARTESIAN_POINT('',(3.3,-7.22541611496938E-16,-3.95));
#2542=VECTOR('',#3332,1.0);
#2543=AXIS2_PLACEMENT_3D('',#3333,#3334,#3335);
#2544=COLOUR_RGB('',0.792156875133514,0.882352948188782,1.0);
#2545=CARTESIAN_POINT('',(9.2,2.5,4.42638594443379));
#2546=CARTESIAN_POINT('',(9.2,2.5,4.90538850879803));
#2547=VECTOR('',#3336,1.0);
#2548=CARTESIAN_POINT('',(9.2,-2.5,4.00925));
#2549=AXIS2_PLACEMENT_3D('',#3337,#3338,#3339);
#2550=CARTESIAN_POINT('',(9.2,-2.5,4.39019345836464));
#2551=CARTESIAN_POINT('',(9.2,-2.5,4.90538850879803));
#2552=VECTOR('',#3340,1.0);
#2553=CARTESIAN_POINT('',(11.2109318624909,-1.48531244,5.29814531));
#2554=CARTESIAN_POINT('',(11.3577140172733,-1.26264413817283,5.45965971020118));
#2555=CARTESIAN_POINT('',(11.270804614322,-1.41116233990071,5.35578013233449));
#2556=CARTESIAN_POINT('',(11.1699682455846,-1.54796446690562,5.25247783997566));
#2557=CARTESIAN_POINT('',(10.9548056692887,-1.7876164320613,5.06105843262475));
#2558=CARTESIAN_POINT('',(10.8332406145664,-1.90031022195927,4.96541405914258));
#2559=CARTESIAN_POINT('',(10.5621686231275,-2.10312873707808,4.7845589871493));
#2560=CARTESIAN_POINT('',(10.412668027132,-2.19330475148732,4.69939630968218));
#2561=CARTESIAN_POINT('',(10.0924983506832,-2.34192120999778,4.55422152745292));
#2562=CARTESIAN_POINT('',(9.9214743507315,-2.40050824686219,4.49419531593022));
#2563=CARTESIAN_POINT('',(9.5670584472423,-2.47956309972029,4.41209797842633));
#2564=CARTESIAN_POINT('',(9.38362107665795,-2.5,4.39019345836464));
#2565=CARTESIAN_POINT('',(9.01637892334205,-2.5,4.39019345836464));
#2566=CARTESIAN_POINT('',(8.8329415527577,-2.47956309972029,4.41209797842633));
#2567=CARTESIAN_POINT('',(8.4785256492685,-2.40050824686219,4.49419531593022));
#2568=CARTESIAN_POINT('',(8.30750164931681,-2.34192120999778,4.55422152745292));
#2569=CARTESIAN_POINT('',(7.98733197286805,-2.19330475148732,4.69939630968218));
#2570=CARTESIAN_POINT('',(7.8378313768725,-2.10312873707808,4.7845589871493));
#2571=CARTESIAN_POINT('',(7.5667593854336,-1.90031022195927,4.96541405914258));
#2572=CARTESIAN_POINT('',(7.44519433071127,-1.7876164320613,5.06105843262475));
#2573=CARTESIAN_POINT('',(7.23003175441538,-1.54796446690562,5.25247783997566));
#2574=CARTESIAN_POINT('',(7.12919538567796,-1.41116233990071,5.35578013233449));
#2575=CARTESIAN_POINT('',(7.04228598272668,-1.26264413817284,5.45965971020118));
#2576=CARTESIAN_POINT('',(11.1851281292887,1.51962703,5.29814531));
#2577=CARTESIAN_POINT('',(11.0843597236305,1.6429207016649,5.19918227849569));
#2578=CARTESIAN_POINT('',(11.1737356440489,1.54041034654167,5.28693456409267));
#2579=CARTESIAN_POINT('',(11.2553797415058,1.42967318807995,5.36716430986384));
#2580=CARTESIAN_POINT('',(11.4310565280137,1.14526254923011,5.53969493341413));
#2581=CARTESIAN_POINT('',(11.5271396672499,0.94186918692136,5.63396234805617));
#2582=CARTESIAN_POINT('',(11.6265971993984,0.612209291252761,5.73084989992172));
#2583=CARTESIAN_POINT('',(11.6525774076465,0.498274006115925,5.75599499038215));
#2584=CARTESIAN_POINT('',(11.6881400502379,0.269391937740505,5.78993220160617));
#2585=CARTESIAN_POINT('',(11.6977127937531,0.154442131640709,5.79871408878832));
#2586=CARTESIAN_POINT('',(11.7015426791294,-0.0681589359195674,5.80101583761748));
#2587=CARTESIAN_POINT('',(11.6959626295888,-0.183259329947341,5.7946481852411));
#2588=CARTESIAN_POINT('',(11.6683289773727,-0.413237812587169,5.76539985440766));
#2589=CARTESIAN_POINT('',(11.6462838072855,-0.528117916416664,5.7425270556397));
#2590=CARTESIAN_POINT('',(11.5875000450776,-0.750370905839413,5.68205035486052));
#2591=CARTESIAN_POINT('',(11.5507340076988,-0.857922818581074,5.64441716231269));
#2592=CARTESIAN_POINT('',(11.466753792427,-1.0600986660979,5.55866700234642));
#2593=CARTESIAN_POINT('',(11.4195563610183,-1.15473634326942,5.51056603709774));
#2594=CARTESIAN_POINT('',(11.3018490367652,-1.36060697643859,5.39068434812351));
#2595=CARTESIAN_POINT('',(11.2230710077945,-1.47511390667622,5.31051764854178));
#2596=CARTESIAN_POINT('',(11.1363991401767,-1.58125215254339,5.22226096566547));
#2597=CARTESIAN_POINT('',(7.05286185308779,1.28054589065538,5.47110896448942));
#2598=CARTESIAN_POINT('',(7.14036160541939,1.42725992666277,5.36903687844142));
#2599=CARTESIAN_POINT('',(7.24150714718324,1.5623410373564,5.26766513705367));
#2600=CARTESIAN_POINT('',(7.45672904380234,1.79875804111611,5.08015750739732));
#2601=CARTESIAN_POINT('',(7.57805310434104,1.90984802194948,4.98662029985556));
#2602=CARTESIAN_POINT('',(7.84820179041089,2.10970917368951,4.80997076796752));
#2603=CARTESIAN_POINT('',(7.99702275317175,2.19852875191895,4.72690761694363));
#2604=CARTESIAN_POINT('',(8.31535316672549,2.34479885020134,4.58552491006137));
#2605=CARTESIAN_POINT('',(8.48522115530106,2.40239259927786,4.52719168886918));
#2606=CARTESIAN_POINT('',(8.83674864043833,2.48000956345944,4.44754243573236));
#2607=CARTESIAN_POINT('',(9.01845150306542,2.5,4.42638594443379));
#2608=CARTESIAN_POINT('',(9.38154849693458,2.5,4.42638594443379));
#2609=CARTESIAN_POINT('',(9.56325135956167,2.48000956345944,4.44754243573236));
#2610=CARTESIAN_POINT('',(9.91477884469894,2.40239259927786,4.52719168886918));
#2611=CARTESIAN_POINT('',(10.0846468332745,2.34479885020134,4.58552491006137));
#2612=CARTESIAN_POINT('',(10.4029772468282,2.19852875191895,4.72690761694363));
#2613=CARTESIAN_POINT('',(10.5517982095891,2.10970917368951,4.80997076796752));
#2614=CARTESIAN_POINT('',(10.821946895659,1.90984802194948,4.98662029985556));
#2615=CARTESIAN_POINT('',(10.9432709561977,1.79875804111611,5.08015750739732));
#2616=CARTESIAN_POINT('',(11.1584928528168,1.56234103735639,5.26766513705367));
#2617=CARTESIAN_POINT('',(11.2596383945806,1.42725992666277,5.36903687844142));
#2618=CARTESIAN_POINT('',(11.3471381469122,1.28054589065538,5.47110896448942));
#2619=COLOUR_RGB('',0.792156875133514,0.882352948188782,1.0);
#2620=CARTESIAN_POINT('',(7.21487187071127,1.51962703,5.29814531));
#2621=CARTESIAN_POINT('',(7.05286185308779,1.28054589065538,5.47110896448942));
#2622=CARTESIAN_POINT('',(7.14036160541939,1.42725992666277,5.36903687844142));
#2623=CARTESIAN_POINT('',(7.24150714718324,1.5623410373564,5.26766513705367));
#2624=CARTESIAN_POINT('',(7.45672904380234,1.79875804111611,5.08015750739732));
#2625=CARTESIAN_POINT('',(7.57805310434104,1.90984802194948,4.98662029985556));
#2626=CARTESIAN_POINT('',(7.84820179041089,2.10970917368951,4.80997076796752));
#2627=CARTESIAN_POINT('',(7.99702275317175,2.19852875191895,4.72690761694363));
#2628=CARTESIAN_POINT('',(8.31535316672549,2.34479885020134,4.58552491006137));
#2629=CARTESIAN_POINT('',(8.48522115530106,2.40239259927786,4.52719168886918));
#2630=CARTESIAN_POINT('',(8.83674864043833,2.48000956345944,4.44754243573236));
#2631=CARTESIAN_POINT('',(9.01845150306542,2.5,4.42638594443379));
#2632=CARTESIAN_POINT('',(9.38154849693458,2.5,4.42638594443379));
#2633=CARTESIAN_POINT('',(9.56325135956167,2.48000956345944,4.44754243573236));
#2634=CARTESIAN_POINT('',(9.91477884469894,2.40239259927786,4.52719168886918));
#2635=CARTESIAN_POINT('',(10.0846468332745,2.34479885020134,4.58552491006137));
#2636=CARTESIAN_POINT('',(10.4029772468282,2.19852875191895,4.72690761694363));
#2637=CARTESIAN_POINT('',(10.5517982095891,2.10970917368951,4.80997076796752));
#2638=CARTESIAN_POINT('',(10.821946895659,1.90984802194948,4.98662029985556));
#2639=CARTESIAN_POINT('',(10.9432709561977,1.79875804111611,5.08015750739732));
#2640=CARTESIAN_POINT('',(11.1584928528168,1.56234103735639,5.26766513705367));
#2641=CARTESIAN_POINT('',(11.2596383945806,1.42725992666277,5.36903687844142));
#2642=CARTESIAN_POINT('',(11.3471381469122,1.28054589065538,5.47110896448942));
#2643=CARTESIAN_POINT('',(7.18906813750907,-1.48531244,5.29814531));
#2644=CARTESIAN_POINT('',(7.2636008598236,-1.5812521525437,5.22226096566521));
#2645=CARTESIAN_POINT('',(7.17692899220575,-1.47511390667658,5.31051764854151));
#2646=CARTESIAN_POINT('',(7.09815096323511,-1.36060697643902,5.39068434812323));
#2647=CARTESIAN_POINT('',(6.98044363898194,-1.15473634326996,5.51056603709745));
#2648=CARTESIAN_POINT('',(6.93324620757331,-1.06009866609849,5.55866700234613));
#2649=CARTESIAN_POINT('',(6.8492659923015,-0.857922818581764,5.64441716231243));
#2650=CARTESIAN_POINT('',(6.8124999549226,-0.750370905840157,5.68205035486028));
#2651=CARTESIAN_POINT('',(6.75371619271471,-0.528117916417511,5.74252705563951));
#2652=CARTESIAN_POINT('',(6.73167102262744,-0.413237812588064,5.7653998544075));
#2653=CARTESIAN_POINT('',(6.70403737041131,-0.183259329948328,5.79464818524102));
#2654=CARTESIAN_POINT('',(6.69845732087067,-0.0681589359205954,5.80101583761744));
#2655=CARTESIAN_POINT('',(6.70228720624685,0.154442131639598,5.79871408878838));
#2656=CARTESIAN_POINT('',(6.71185994976203,0.269391937739351,5.78993220160628));
#2657=CARTESIAN_POINT('',(6.74742259235327,0.498274006114703,5.75599499038239));
#2658=CARTESIAN_POINT('',(6.77340280060125,0.612209291251515,5.73084989992202));
#2659=CARTESIAN_POINT('',(6.87286033274959,0.941869186920063,5.63396234805668));
#2660=CARTESIAN_POINT('',(6.96894347198565,1.14526254922881,5.53969493341478));
#2661=CARTESIAN_POINT('',(7.14462025849329,1.42967318807867,5.36716430986471));
#2662=CARTESIAN_POINT('',(7.22626435595016,1.5404103465404,5.28693456409364));
#2663=CARTESIAN_POINT('',(7.31564027636839,1.64292070166365,5.19918227849676));
#2664=CARTESIAN_POINT('',(11.3577140172733,-1.26264413817283,5.45965971020118));
#2665=CARTESIAN_POINT('',(11.270804614322,-1.41116233990071,5.35578013233449));
#2666=CARTESIAN_POINT('',(11.1699682455846,-1.54796446690562,5.25247783997566));
#2667=CARTESIAN_POINT('',(10.9548056692887,-1.7876164320613,5.06105843262475));
#2668=CARTESIAN_POINT('',(10.8332406145664,-1.90031022195927,4.96541405914258));
#2669=CARTESIAN_POINT('',(10.5621686231275,-2.10312873707808,4.7845589871493));
#2670=CARTESIAN_POINT('',(10.412668027132,-2.19330475148732,4.69939630968218));
#2671=CARTESIAN_POINT('',(10.0924983506832,-2.34192120999778,4.55422152745292));
#2672=CARTESIAN_POINT('',(9.9214743507315,-2.40050824686219,4.49419531593022));
#2673=CARTESIAN_POINT('',(9.5670584472423,-2.47956309972029,4.41209797842633));
#2674=CARTESIAN_POINT('',(9.38362107665795,-2.5,4.39019345836464));
#2675=CARTESIAN_POINT('',(9.01637892334205,-2.5,4.39019345836464));
#2676=CARTESIAN_POINT('',(8.8329415527577,-2.47956309972029,4.41209797842633));
#2677=CARTESIAN_POINT('',(8.4785256492685,-2.40050824686219,4.49419531593022));
#2678=CARTESIAN_POINT('',(8.30750164931681,-2.34192120999778,4.55422152745292));
#2679=CARTESIAN_POINT('',(7.98733197286805,-2.19330475148732,4.69939630968218));
#2680=CARTESIAN_POINT('',(7.8378313768725,-2.10312873707808,4.7845589871493));
#2681=CARTESIAN_POINT('',(7.5667593854336,-1.90031022195927,4.96541405914258));
#2682=CARTESIAN_POINT('',(7.44519433071127,-1.7876164320613,5.06105843262475));
#2683=CARTESIAN_POINT('',(7.23003175441538,-1.54796446690562,5.25247783997566));
#2684=CARTESIAN_POINT('',(7.12919538567796,-1.41116233990071,5.35578013233449));
#2685=CARTESIAN_POINT('',(7.04228598272668,-1.26264413817284,5.45965971020118));
#2686=AXIS2_PLACEMENT_3D('',#3341,#3342,#3343);
#2687=COLOUR_RGB('',0.792156875133514,0.882352948188782,1.0);
#2688=CARTESIAN_POINT('',(0.699999999999999,2.45000001,1.6));
#2689=CARTESIAN_POINT('',(12.2,2.45000001,1.6));
#2690=VECTOR('',#3344,1.0);
#2691=CARTESIAN_POINT('',(0.699999999999999,2.73284272,1.8));
#2692=AXIS2_PLACEMENT_3D('',#3345,#3346,#3347);
#2693=CARTESIAN_POINT('',(12.2,2.73284272,1.8));
#2694=CARTESIAN_POINT('',(12.2,2.73284272,1.8));
#2695=VECTOR('',#3348,1.0);
#2696=CARTESIAN_POINT('',(12.2,2.45000001,1.6));
#2697=AXIS2_PLACEMENT_3D('',#3349,#3350,#3351);
#2698=CARTESIAN_POINT('',(12.2,2.45000001,1.6));
#2699=VECTOR('',#3352,1.0);
#2700=COLOUR_RGB('',0.792156875133514,0.882352948188782,1.0);
#2701=CARTESIAN_POINT('',(0.699999999999999,2.1671573,1.4));
#2702=CARTESIAN_POINT('',(12.2,2.1671573,1.4));
#2703=VECTOR('',#3353,1.0);
#2704=AXIS2_PLACEMENT_3D('',#3354,#3355,#3356);
#2705=COLOUR_RGB('',0.792156875133514,0.882352948188782,1.0);
#2706=CARTESIAN_POINT('',(0.699999999999999,2.1346759,1.4));
#2707=CARTESIAN_POINT('',(12.2,2.1346759,1.4));
#2708=VECTOR('',#3357,1.0);
#2709=CARTESIAN_POINT('',(0.699999999999999,2.1671573,1.4));
#2710=VECTOR('',#3358,1.0);
#2711=COLOUR_RGB('',0.792156875133514,0.882352948188782,1.0);
#2712=CARTESIAN_POINT('',(7.89878562694199,-2.13467588999999,1.4));
#2713=CARTESIAN_POINT('',(8.24139592394452,-2.3089127799399,1.35987183610283));
#2714=CARTESIAN_POINT('',(8.08751770081765,-2.24502633898034,1.3751941925029));
#2715=CARTESIAN_POINT('',(7.94015881657065,-2.16558172435537,1.39357838085358));
#2716=CARTESIAN_POINT('',(7.66781753894081,-1.98226156687646,1.43285302562489));
#2717=CARTESIAN_POINT('',(7.54283850468879,-1.87837241062153,1.45370322107733));
#2718=CARTESIAN_POINT('',(7.32164370833636,-1.6571776142691,1.49384541805119));
#2719=CARTESIAN_POINT('',(7.21775638715386,-1.53220610753298,1.51456260446416));
#2720=CARTESIAN_POINT('',(7.03442905842724,-1.25986022802402,1.55335465966153));
#2721=CARTESIAN_POINT('',(6.95497618237664,-1.11248922295188,1.57139234662192));
#2722=CARTESIAN_POINT('',(6.82719412368386,-0.804708971750659,1.60133484823747));
#2723=CARTESIAN_POINT('',(6.77876341897006,-0.644041908276656,1.6132387384982));
#2724=CARTESIAN_POINT('',(6.71515840251994,-0.320528932225977,1.62901763384482));
#2725=CARTESIAN_POINT('',(6.7,-0.157679402429742,1.6328826));
#2726=CARTESIAN_POINT('',(6.7,0.157679402429742,1.6328826));
#2727=CARTESIAN_POINT('',(6.71515840251994,0.320528932225977,1.62901763384482));
#2728=CARTESIAN_POINT('',(6.77876341897006,0.644041908276655,1.6132387384982));
#2729=CARTESIAN_POINT('',(6.82719412368386,0.804708971750659,1.60133484823747));
#2730=CARTESIAN_POINT('',(6.95497618237663,1.11248922295188,1.57139234662192));
#2731=CARTESIAN_POINT('',(7.03442905842724,1.25986022802402,1.55335465966153));
#2732=CARTESIAN_POINT('',(7.21775638715386,1.53220610753298,1.51456260446416));
#2733=CARTESIAN_POINT('',(7.32164370833636,1.6571776142691,1.49384541805118));
#2734=CARTESIAN_POINT('',(7.54283850468879,1.87837241062153,1.45370322107733));
#2735=CARTESIAN_POINT('',(7.66781753894081,1.98226156687646,1.43285302562488));
#2736=CARTESIAN_POINT('',(7.94015881657064,2.16558172435537,1.39357838085357));
#2737=CARTESIAN_POINT('',(8.08751770081765,2.24502633898034,1.37519419250289));
#2738=CARTESIAN_POINT('',(8.24139592394452,2.3089127799399,1.35987183610283));
#2739=CARTESIAN_POINT('',(0.699999999999999,-2.13467588999999,1.4));
#2740=CARTESIAN_POINT('',(12.2,-2.13467588999999,1.4));
#2741=VECTOR('',#3359,1.0);
#2742=AXIS2_PLACEMENT_3D('',#3360,#3361,#3362);
#2743=COLOUR_RGB('',0.792156875133514,0.882352948188782,1.0);
#2744=CARTESIAN_POINT('',(7.95363356896944,-2.16715729,1.4));
#2745=AXIS2_PLACEMENT_3D('',#3363,#3364,#3365);
#2746=CARTESIAN_POINT('',(0.699999999999999,-2.16715729,1.4));
#2747=CARTESIAN_POINT('',(12.2,-2.16715729,1.4));
#2748=VECTOR('',#3366,1.0);
#2749=CARTESIAN_POINT('',(0.699999999999999,-2.13467589,1.4));
#2750=VECTOR('',#3367,1.0);
#2751=COLOUR_RGB('',0.792156875133514,0.882352948188782,1.0);
#2752=CARTESIAN_POINT('',(8.70250628144669,-2.45,1.6));
#2753=CARTESIAN_POINT('',(8.70250628144657,-2.44999999999998,1.59999999999993));
#2754=CARTESIAN_POINT('',(8.69774779750593,-2.44903365951308,1.59725952313934));
#2755=CARTESIAN_POINT('',(8.69294560059016,-2.44804413965366,1.59459311244799));
#2756=CARTESIAN_POINT('',(8.65559376397917,-2.44023079100742,1.57435561521616));
#2757=CARTESIAN_POINT('',(8.62175891778783,-2.43247710225808,1.55894097422683));
#2758=CARTESIAN_POINT('',(8.51659140628876,-2.40586431874017,1.51510016293223));
#2759=CARTESIAN_POINT('',(8.44268122704963,-2.38389904575283,1.48969306710633));
#2760=CARTESIAN_POINT('',(8.22727899562219,-2.30773935414604,1.42744536485146));
#2761=CARTESIAN_POINT('',(8.08435097435725,-2.24233493713183,1.40000000259238));
#2762=CARTESIAN_POINT('',(7.95363356896944,-2.16715729,1.4));
#2763=CARTESIAN_POINT('',(0.699999999999999,-2.45,1.6));
#2764=CARTESIAN_POINT('',(12.2,-2.45,1.6));
#2765=VECTOR('',#3368,1.0);
#2766=AXIS2_PLACEMENT_3D('',#3369,#3370,#3371);
#2767=COLOUR_RGB('',0.792156875133514,0.882352948188782,1.0);
#2768=CARTESIAN_POINT('',(0.699999999999999,-1.48531244,5.29814531));
#2769=CARTESIAN_POINT('',(12.2,-1.48531244,5.29814531));
#2770=VECTOR('',#3372,1.0);
#2771=CARTESIAN_POINT('',(0.699999999999999,-3.95578167,2.22451635));
#2772=AXIS2_PLACEMENT_3D('',#3373,#3374,#3375);
#2773=CARTESIAN_POINT('',(12.2,-3.95578167,2.22451635));
#2774=CARTESIAN_POINT('',(12.2,-3.95578167,2.22451635));
#2775=VECTOR('',#3376,1.0);
#2776=CARTESIAN_POINT('',(12.2,-1.48531244,5.29814531));
#2777=AXIS2_PLACEMENT_3D('',#3377,#3378,#3379);
#2778=CARTESIAN_POINT('',(12.2,-1.48531244,5.29814531));
#2779=VECTOR('',#3380,1.0);
#2780=COLOUR_RGB('',0.792156875133514,0.882352948188782,1.0);
#2781=CARTESIAN_POINT('',(0.699999999999999,1.51962703,5.29814531));
#2782=CARTESIAN_POINT('',(12.2,1.51962703,5.29814531));
#2783=VECTOR('',#3381,1.0);
#2784=AXIS2_PLACEMENT_3D('',#3382,#3383,#3384);
#2785=COLOUR_RGB('',0.792156875133514,0.882352948188782,1.0);
#2786=CARTESIAN_POINT('',(0.699999999999999,-3.68284271,1.8));
#2787=AXIS2_PLACEMENT_3D('',#3385,#3386,#3387);
#2788=CARTESIAN_POINT('',(12.2,-3.68284271,1.8));
#2789=CARTESIAN_POINT('',(12.2,-3.68284271,1.8));
#2790=VECTOR('',#3388,1.0);
#2791=AXIS2_PLACEMENT_3D('',#3389,#3390,#3391);
#2792=COLOUR_RGB('',0.792156875133514,0.882352948188782,1.0);
#2793=CARTESIAN_POINT('',(0.699999999999999,-2.73284271,1.8));
#2794=CARTESIAN_POINT('',(0.699999999999999,-2.73284271,1.8));
#2795=VECTOR('',#3392,1.0);
#2796=CARTESIAN_POINT('',(12.2,-2.73284271,1.8));
#2797=CARTESIAN_POINT('',(12.2,-2.73284271,1.8));
#2798=VECTOR('',#3393,1.0);
#2799=CARTESIAN_POINT('',(12.2,-2.73284271,1.8));
#2800=VECTOR('',#3394,1.0);
#2801=COLOUR_RGB('',0.792156875133514,0.882352948188782,1.0);
#2802=CARTESIAN_POINT('',(9.69749371855331,-2.45,1.6));
#2803=CARTESIAN_POINT('',(9.73260849461558,-2.44260684340795,1.57591535237936));
#2804=CARTESIAN_POINT('',(9.69838994982636,-2.45006817009558,1.60444112890444));
#2805=CARTESIAN_POINT('',(9.6582875137366,-2.45801230987281,1.6213251042256));
#2806=CARTESIAN_POINT('',(9.57341251227049,-2.47232997710568,1.64961349144645));
#2807=CARTESIAN_POINT('',(9.52827056372081,-2.47879746965305,1.65984870148881));
#2808=CARTESIAN_POINT('',(9.38846254645908,-2.49465094987128,1.68335611050989));
#2809=CARTESIAN_POINT('',(9.29033936306595,-2.5,1.68916730703154));
#2810=CARTESIAN_POINT('',(9.10966063693405,-2.5,1.68916730703154));
#2811=CARTESIAN_POINT('',(9.01153745354092,-2.49465094987128,1.68335611050989));
#2812=CARTESIAN_POINT('',(8.87172943627919,-2.47879746965305,1.65984870148881));
#2813=CARTESIAN_POINT('',(8.82658748772951,-2.47232997710568,1.64961349144645));
#2814=CARTESIAN_POINT('',(8.7417124862634,-2.45801230987281,1.6213251042256));
#2815=CARTESIAN_POINT('',(8.70161005017364,-2.45006817009558,1.60444112890444));
#2816=CARTESIAN_POINT('',(8.66739150538442,-2.44260684340795,1.57591535237936));
#2817=CARTESIAN_POINT('',(12.2,-2.45,1.6));
#2818=CARTESIAN_POINT('',(12.2,-2.45,1.6));
#2819=VECTOR('',#3395,1.0);
#2820=AXIS2_PLACEMENT_3D('',#3396,#3397,#3398);
#2821=AXIS2_PLACEMENT_3D('',#3399,#3400,#3401);
#2822=COLOUR_RGB('',0.792156875133514,0.882352948188782,1.0);
#2823=CARTESIAN_POINT('',(10.4463664310306,-2.16715729,1.4));
#2824=CARTESIAN_POINT('',(10.6286364574119,-2.05158423481792,1.42315550967638));
#2825=CARTESIAN_POINT('',(10.5698745094025,-2.09250357588648,1.40607312776812));
#2826=CARTESIAN_POINT('',(10.5061464051959,-2.13277688077806,1.4));
#2827=CARTESIAN_POINT('',(10.3550949429605,-2.21964896725406,1.4));
#2828=CARTESIAN_POINT('',(10.2528863559489,-2.27023855136225,1.4140949821691));
#2829=CARTESIAN_POINT('',(10.0455899046646,-2.3553195650047,1.4613316732597));
#2830=CARTESIAN_POINT('',(9.94041472700433,-2.3898691113579,1.49398420806971));
#2831=CARTESIAN_POINT('',(9.81236037937754,-2.42408306976574,1.54432534978811));
#2832=CARTESIAN_POINT('',(9.7763395854775,-2.4329240698771,1.55955190347321));
#2833=CARTESIAN_POINT('',(9.70629776469926,-2.4484585588465,1.59404082557538));
#2834=CARTESIAN_POINT('',(9.67207041400187,-2.45518883308245,1.61286590797335));
#2835=CARTESIAN_POINT('',(9.64418955592205,-2.4602226806551,1.63586985118292));
#2836=CARTESIAN_POINT('',(12.2,-2.16715729,1.4));
#2837=CARTESIAN_POINT('',(12.2,-2.16715729,1.4));
#2838=VECTOR('',#3402,1.0);
#2839=AXIS2_PLACEMENT_3D('',#3403,#3404,#3405);
#2840=COLOUR_RGB('',0.792156875133514,0.882352948188782,1.0);
#2841=CARTESIAN_POINT('',(10.501214373058,-2.13467588999999,1.4));
#2842=AXIS2_PLACEMENT_3D('',#3406,#3407,#3408);
#2843=CARTESIAN_POINT('',(12.2,-2.13467588999999,1.4));
#2844=CARTESIAN_POINT('',(12.2,-2.13467588999999,1.4));
#2845=VECTOR('',#3409,1.0);
#2846=CARTESIAN_POINT('',(12.2,-2.13467589,1.4));
#2847=VECTOR('',#3410,1.0);
#2848=COLOUR_RGB('',0.792156875133514,0.882352948188782,1.0);
#2849=CARTESIAN_POINT('',(12.2,2.1346759,1.4));
#2850=CARTESIAN_POINT('',(12.2,2.1346759,1.4));
#2851=VECTOR('',#3411,1.0);
#2852=AXIS2_PLACEMENT_3D('',#3412,#3413,#3414);
#2853=CARTESIAN_POINT('',(10.1586040760555,2.3089127799399,1.35987183610283));
#2854=CARTESIAN_POINT('',(10.3124822991823,2.24502633898034,1.37519419250289));
#2855=CARTESIAN_POINT('',(10.4598411834294,2.16558172435537,1.39357838085357));
#2856=CARTESIAN_POINT('',(10.7321824610592,1.98226156687647,1.43285302562488));
#2857=CARTESIAN_POINT('',(10.8571614953112,1.87837241062153,1.45370322107733));
#2858=CARTESIAN_POINT('',(11.0783562916636,1.6571776142691,1.49384541805118));
#2859=CARTESIAN_POINT('',(11.1822436128461,1.53220610753298,1.51456260446416));
#2860=CARTESIAN_POINT('',(11.3655709415728,1.25986022802402,1.55335465966153));
#2861=CARTESIAN_POINT('',(11.4450238176234,1.11248922295188,1.57139234662192));
#2862=CARTESIAN_POINT('',(11.5728058763161,0.804708971750659,1.60133484823747));
#2863=CARTESIAN_POINT('',(11.6212365810299,0.644041908276655,1.6132387384982));
#2864=CARTESIAN_POINT('',(11.6848415974801,0.320528932225977,1.62901763384482));
#2865=CARTESIAN_POINT('',(11.7,0.157679402429742,1.6328826));
#2866=CARTESIAN_POINT('',(11.7,-0.157679402429742,1.6328826));
#2867=CARTESIAN_POINT('',(11.6848415974801,-0.320528932225977,1.62901763384482));
#2868=CARTESIAN_POINT('',(11.6212365810299,-0.644041908276655,1.6132387384982));
#2869=CARTESIAN_POINT('',(11.5728058763161,-0.804708971750658,1.60133484823747));
#2870=CARTESIAN_POINT('',(11.4450238176234,-1.11248922295188,1.57139234662192));
#2871=CARTESIAN_POINT('',(11.3655709415728,-1.25986022802402,1.55335465966153));
#2872=CARTESIAN_POINT('',(11.1822436128461,-1.53220610753298,1.51456260446416));
#2873=CARTESIAN_POINT('',(11.0783562916636,-1.6571776142691,1.49384541805119));
#2874=CARTESIAN_POINT('',(10.8571614953112,-1.87837241062153,1.45370322107733));
#2875=CARTESIAN_POINT('',(10.7321824610592,-1.98226156687646,1.43285302562489));
#2876=CARTESIAN_POINT('',(10.4598411834294,-2.16558172435537,1.39357838085358));
#2877=CARTESIAN_POINT('',(10.3124822991823,-2.24502633898034,1.3751941925029));
#2878=CARTESIAN_POINT('',(10.1586040760555,-2.30891277993991,1.35987183610283));
#2879=COLOUR_RGB('',0.792156875133514,0.882352948188782,1.0);
#2880=CARTESIAN_POINT('',(12.2,2.1671573,1.4));
#2881=CARTESIAN_POINT('',(12.2,2.1671573,1.4));
#2882=VECTOR('',#3415,1.0);
#2883=CARTESIAN_POINT('',(12.2,2.1671573,1.4));
#2884=VECTOR('',#3416,1.0);
#2885=COLOUR_RGB('',0.792156875133514,0.882352948188782,1.0);
#2886=AXIS2_PLACEMENT_3D('',#3417,#3418,#3419);
#2887=COLOUR_RGB('',0.792156875133514,0.882352948188782,1.0);
#2888=CARTESIAN_POINT('',(0.699999999999999,3.7171573,1.8));
#2889=CARTESIAN_POINT('',(0.699999999999999,3.7171573,1.8));
#2890=VECTOR('',#3420,1.0);
#2891=CARTESIAN_POINT('',(12.2,3.7171573,1.8));
#2892=CARTESIAN_POINT('',(12.2,3.7171573,1.8));
#2893=VECTOR('',#3421,1.0);
#2894=CARTESIAN_POINT('',(12.2,3.7171573,1.8));
#2895=VECTOR('',#3422,1.0);
#2896=COLOUR_RGB('',0.792156875133514,0.882352948188782,1.0);
#2897=CARTESIAN_POINT('',(0.699999999999999,3.99009625999999,2.22451635));
#2898=AXIS2_PLACEMENT_3D('',#3423,#3424,#3425);
#2899=CARTESIAN_POINT('',(12.2,3.99009625999999,2.22451635));
#2900=CARTESIAN_POINT('',(12.2,3.99009625999999,2.22451635));
#2901=VECTOR('',#3426,1.0);
#2902=AXIS2_PLACEMENT_3D('',#3427,#3428,#3429);
#2903=COLOUR_RGB('',0.792156875133514,0.882352948188782,1.0);
#2904=CARTESIAN_POINT('',(12.2,1.51962703,5.29814531));
#2905=CARTESIAN_POINT('',(12.2,1.51962703,5.29814531));
#2906=VECTOR('',#3430,1.0);
#2907=AXIS2_PLACEMENT_3D('',#3431,#3432,#3433);
#2908=AXIS2_PLACEMENT_3D('',#3434,#3435,#3436);
#2909=COLOUR_RGB('',0.792156875133514,0.882352948188782,1.0);
#2910=AXIS2_PLACEMENT_3D('',#3437,#3438,#3439);
#2911=COLOUR_RGB('',0.792156875133514,0.882352948188782,1.0);
#2912=COLOUR_RGB('',0.792156875133514,0.882352948188782,1.0);
#2913=COLOUR_RGB('',0.792156875133514,0.882352948188782,1.0);
#2914=AXIS2_PLACEMENT_3D('',#3440,#3441,#3442);
#2915=AXIS2_PLACEMENT_3D('',#3443,#3444,#3445);
#2916=COLOUR_RGB('',0.792156875133514,0.882352948188782,1.0);
#2917=CARTESIAN_POINT('',(10.7,-0.8660254038,-4.4));
#2918=CARTESIAN_POINT('',(10.7,0.8660254038,-4.4));
#2919=CARTESIAN_POINT('',(10.7,0.0,-4.4));
#2920=VECTOR('',#3446,1.0);
#2921=CARTESIAN_POINT('',(9.2,-1.7320508076,-4.4));
#2922=CARTESIAN_POINT('',(9.95000000001011,-1.29903810569416,-4.4));
#2923=VECTOR('',#3447,1.0);
#2924=CARTESIAN_POINT('',(7.7,-0.8660254038,-4.4));
#2925=CARTESIAN_POINT('',(8.44999999998989,-1.29903810569416,-4.4));
#2926=VECTOR('',#3448,1.0);
#2927=CARTESIAN_POINT('',(7.7,0.8660254038,-4.4));
#2928=CARTESIAN_POINT('',(7.7,0.21650635095,-4.4));
#2929=VECTOR('',#3449,1.0);
#2930=CARTESIAN_POINT('',(9.2,1.7320508076,-4.4));
#2931=CARTESIAN_POINT('',(8.44999999998989,1.29903810569416,-4.4));
#2932=VECTOR('',#3450,1.0);
#2933=CARTESIAN_POINT('',(9.95000000001011,1.29903810569416,-4.4));
#2934=VECTOR('',#3451,1.0);
#2935=COLOUR_RGB('',0.792156875133514,0.882352948188782,1.0);
#2936=AXIS2_PLACEMENT_3D('',#3452,#3453,#3454);
#2937=AXIS2_PLACEMENT_3D('',#3455,#3456,#3457);
#2938=COLOUR_RGB('',0.792156875133514,0.882352948188782,1.0);
#2939=AXIS2_PLACEMENT_3D('',#3458,#3459,#3460);
#2940=COLOUR_RGB('',0.792156875133514,0.882352948188782,1.0);
#2941=CARTESIAN_POINT('',(7.7,-0.8660254038,-6.25));
#2942=CARTESIAN_POINT('',(7.7,-0.8660254038,-6.25));
#2943=VECTOR('',#3461,1.0);
#2944=CARTESIAN_POINT('',(7.7,0.8660254038,-6.25));
#2945=CARTESIAN_POINT('',(7.7,0.21650635095,-6.25));
#2946=VECTOR('',#3462,1.0);
#2947=CARTESIAN_POINT('',(7.7,0.8660254038,-6.25));
#2948=VECTOR('',#3463,1.0);
#2949=COLOUR_RGB('',0.792156875133514,0.882352948188782,1.0);
#2950=CARTESIAN_POINT('',(9.2,-1.7320508076,-6.25));
#2951=CARTESIAN_POINT('',(9.2,-1.7320508076,-6.25));
#2952=VECTOR('',#3464,1.0);
#2953=CARTESIAN_POINT('',(9.17878549998334,-1.71980261030444,-6.25000000000001));
#2954=VECTOR('',#3465,1.0);
#2955=COLOUR_RGB('',0.792156875133514,0.882352948188782,1.0);
#2956=CARTESIAN_POINT('',(10.7,-0.8660254038,-6.25));
#2957=CARTESIAN_POINT('',(10.7,-0.8660254038,-6.25));
#2958=VECTOR('',#3466,1.0);
#2959=CARTESIAN_POINT('',(10.6787855000036,-0.878273601083888,-6.25));
#2960=VECTOR('',#3467,1.0);
#2961=COLOUR_RGB('',0.792156875133514,0.882352948188782,1.0);
#2962=AXIS2_PLACEMENT_3D('',#3468,#3469,#3470);
#2963=COLOUR_RGB('',0.792156875133514,0.882352948188782,1.0);
#2964=CARTESIAN_POINT('',(10.7,0.8660254038,-6.25));
#2965=CARTESIAN_POINT('',(10.7,0.8660254038,-6.25));
#2966=VECTOR('',#3471,1.0);
#2967=CARTESIAN_POINT('',(10.7,0.0,-6.25));
#2968=VECTOR('',#3472,1.0);
#2969=COLOUR_RGB('',0.792156875133514,0.882352948188782,1.0);
#2970=CARTESIAN_POINT('',(9.2,1.7320508076,-6.25));
#2971=CARTESIAN_POINT('',(9.17878549998334,1.71980261030444,-6.25000000000001));
#2972=VECTOR('',#3473,1.0);
#2973=CARTESIAN_POINT('',(9.2,1.7320508076,-6.25));
#2974=VECTOR('',#3474,1.0);
#2975=COLOUR_RGB('',0.792156875133514,0.882352948188782,1.0);
#2976=CARTESIAN_POINT('',(10.6787855000036,0.878273601083888,-6.25));
#2977=VECTOR('',#3475,1.0);
#2978=COLOUR_RGB('',0.792156875133514,0.882352948188782,1.0);
#2979=AXIS2_PLACEMENT_3D('',#3476,#3477,#3478);
#2980=COLOUR_RGB('',0.792156875133514,0.882352948188782,1.0);
#2981=COLOUR_RGB('',0.792156875133514,0.882352948188782,1.0);
#2982=AXIS2_PLACEMENT_3D('',#3479,#3480,#3481);
#2983=COLOUR_RGB('',0.792156875133514,0.882352948188782,1.0);
#2984=COLOUR_RGB('',0.792156875133514,0.882352948188782,1.0);
#2985=COLOUR_RGB('',0.850980401039124,0.839215695858002,0.858823537826538);
#2986=AXIS2_PLACEMENT_3D('',#3482,#3483,#3484);
#2987=COLOUR_RGB('',0.850980401039124,0.839215695858002,0.858823537826538);
#2988=CARTESIAN_POINT('',(2.2,-6.0,-17.5899495));
#2989=CARTESIAN_POINT('',(2.7,-6.5,-17.0899495));
#2990=AXIS2_PLACEMENT_3D('',#3485,#3486,#3487);
#2991=CARTESIAN_POINT('',(2.2,-6.0,-3.5));
#2992=CARTESIAN_POINT('',(2.2,-6.0,-18.0));
#2993=VECTOR('',#3488,1.0);
#2994=CARTESIAN_POINT('',(2.7,-6.5,-3.5));
#2995=AXIS2_PLACEMENT_3D('',#3489,#3490,#3491);
#2996=CARTESIAN_POINT('',(2.7,-6.5,-18.0));
#2997=VECTOR('',#3492,1.0);
#2998=COLOUR_RGB('',0.850980401039124,0.839215695858002,0.858823537826538);
#2999=CARTESIAN_POINT('',(9.2,-6.5,-10.5899495));
#3000=CARTESIAN_POINT('',(6.68247475,-6.5,-13.10747475));
#3001=VECTOR('',#3493,1.0);
#3002=CARTESIAN_POINT('',(9.2,-6.5,-3.5));
#3003=CARTESIAN_POINT('',(2.7,-6.5,-3.5));
#3004=VECTOR('',#3494,1.0);
#3005=CARTESIAN_POINT('',(9.2,-6.5,-18.0));
#3006=VECTOR('',#3495,1.0);
#3007=COLOUR_RGB('',0.850980401039124,0.839215695858002,0.858823537826538);
#3008=CARTESIAN_POINT('',(9.2,6.5,-10.5899495));
#3009=AXIS2_PLACEMENT_3D('',#3496,#3497,#3498);
#3010=CARTESIAN_POINT('',(9.2,6.5,-3.5));
#3011=AXIS2_PLACEMENT_3D('',#3499,#3500,#3501);
#3012=CARTESIAN_POINT('',(9.2,6.5,-18.0));
#3013=VECTOR('',#3502,1.0);
#3014=COLOUR_RGB('',0.850980401039124,0.839215695858002,0.858823537826538);
#3015=CARTESIAN_POINT('',(2.7,6.5,-17.0899495));
#3016=CARTESIAN_POINT('',(6.68247475,6.5,-13.10747475));
#3017=VECTOR('',#3503,1.0);
#3018=CARTESIAN_POINT('',(2.7,6.5,-3.5));
#3019=CARTESIAN_POINT('',(9.2,6.5,-3.5));
#3020=VECTOR('',#3504,1.0);
#3021=CARTESIAN_POINT('',(2.7,6.5,-18.0));
#3022=VECTOR('',#3505,1.0);
#3023=COLOUR_RGB('',0.850980401039124,0.839215695858002,0.858823537826538);
#3024=CARTESIAN_POINT('',(2.2,6.0,-17.5899495));
#3025=CARTESIAN_POINT('',(2.2,4.0,-17.5899495));
#3026=VECTOR('',#3506,1.0);
#3027=CARTESIAN_POINT('',(2.2,6.0,-3.5));
#3028=CARTESIAN_POINT('',(2.2,6.0,-18.0));
#3029=VECTOR('',#3507,1.0);
#3030=CARTESIAN_POINT('',(2.2,6.0,-3.5));
#3031=VECTOR('',#3508,1.0);
#3032=COLOUR_RGB('',0.850980401039124,0.839215695858002,0.858823537826538);
#3033=AXIS2_PLACEMENT_3D('',#3509,#3510,#3511);
#3034=AXIS2_PLACEMENT_3D('',#3512,#3513,#3514);
#3035=COLOUR_RGB('',0.850980401039124,0.839215695858002,0.858823537826538);
#3036=COLOUR_RGB('',0.850980401039124,0.839215695858002,0.858823537826538);
#3037=CARTESIAN_POINT('',(2.2899495,-8.0,-17.5));
#3038=CARTESIAN_POINT('',(1.99497475,-7.90372007240468,-17.79497475));
#3039=AXIS2_PLACEMENT_3D('',#3515,#3516,#3517);
#3040=CARTESIAN_POINT('',(-0.800000000000001,-8.0,-17.5));
#3041=CARTESIAN_POINT('',(2.05661909843837,-8.0,-17.5));
#3042=VECTOR('',#3518,1.0);
#3043=CARTESIAN_POINT('',(-0.300000000000001,-7.5,-18.0));
#3044=AXIS2_PLACEMENT_3D('',#3519,#3520,#3521);
#3045=CARTESIAN_POINT('',(1.5,-7.5,-18.0000000044822));
#3046=CARTESIAN_POINT('',(0.599999999999999,-7.5,-18.0));
#3047=VECTOR('',#3522,1.0);
#3048=CARTESIAN_POINT('',(2.08430315395231,-7.96432701335864,-17.6854735147277));
#3049=CARTESIAN_POINT('',(2.04694788142742,-7.94170905776327,-17.742096843262));
#3050=CARTESIAN_POINT('',(2.00227931569054,-7.9097198972722,-17.7910373508366));
#3051=CARTESIAN_POINT('',(1.89335541651635,-7.82722039004644,-17.8853409383447));
#3052=CARTESIAN_POINT('',(1.81745589109947,-7.76575759101615,-17.9294975475712));
#3053=CARTESIAN_POINT('',(1.65963065144869,-7.63495848337835,-17.9867047378014));
#3054=CARTESIAN_POINT('',(1.57766159552679,-7.56567555009503,-17.9997577634125));
#3055=CARTESIAN_POINT('',(1.50152318763082,-7.50128575662983,-17.9999986891377));
#3056=CARTESIAN_POINT('',(1.50069200627032,-7.50058485204367,-18.0));
#3057=CARTESIAN_POINT('',(1.49999999999999,-7.5,-18.0));
#3058=COLOUR_RGB('',0.850980401039124,0.839215695858002,0.858823537826538);
#3059=CARTESIAN_POINT('',(1.99497475,7.90372007240468,-17.79497475));
#3060=CARTESIAN_POINT('',(1.99497475,8.0,-17.79497475));
#3061=VECTOR('',#3523,1.0);
#3062=CARTESIAN_POINT('',(2.2899495,8.0,-17.5));
#3063=AXIS2_PLACEMENT_3D('',#3524,#3525,#3526);
#3064=CARTESIAN_POINT('',(9.2,8.0,-10.5899495));
#3065=CARTESIAN_POINT('',(16.99497475,8.0,-2.79497475));
#3066=VECTOR('',#3527,1.0);
#3067=CARTESIAN_POINT('',(16.9949747468306,1.79954680302389,-2.79497474683058));
#3068=AXIS2_PLACEMENT_3D('',#3528,#3529,#3530);
#3069=CARTESIAN_POINT('',(16.9949747468306,-1.79954680302389,-2.79497474683058));
#3070=CARTESIAN_POINT('',(16.9949747468306,8.0,-2.79497474683058));
#3071=VECTOR('',#3531,1.0);
#3072=CARTESIAN_POINT('',(9.2,-8.0,-10.5899495));
#3073=AXIS2_PLACEMENT_3D('',#3532,#3533,#3534);
#3074=CARTESIAN_POINT('',(16.99497475,-8.0,-2.79497475));
#3075=VECTOR('',#3535,1.0);
#3076=COLOUR_RGB('',0.850980401039124,0.839215695858002,0.858823537826538);
#3077=CARTESIAN_POINT('',(1.49999999999999,7.5,-18.0));
#3078=CARTESIAN_POINT('',(1.5,8.0,-18.0000000044822));
#3079=VECTOR('',#3536,1.0);
#3080=CARTESIAN_POINT('',(1.49999999999999,7.5,-18.0));
#3081=CARTESIAN_POINT('',(1.50069200627032,7.50058485204367,-18.0));
#3082=CARTESIAN_POINT('',(1.50152318763082,7.50128575662982,-17.9999986891377));
#3083=CARTESIAN_POINT('',(1.57766159552677,7.56567555009505,-17.9997577634125));
#3084=CARTESIAN_POINT('',(1.65963065144869,7.63495848337835,-17.9867047378014));
#3085=CARTESIAN_POINT('',(1.81745589109946,7.76575759101615,-17.9294975475712));
#3086=CARTESIAN_POINT('',(1.89335541651635,7.82722039004644,-17.8853409383447));
#3087=CARTESIAN_POINT('',(2.00227931569054,7.9097198972722,-17.7910373508366));
#3088=CARTESIAN_POINT('',(2.04694788142742,7.94170905776327,-17.742096843262));
#3089=CARTESIAN_POINT('',(2.08430315395231,7.96432701335864,-17.6854735147277));
#3090=COLOUR_RGB('',0.850980401039124,0.839215695858002,0.858823537826538);
#3091=CARTESIAN_POINT('',(9.2,8.0,-0.5));
#3092=CARTESIAN_POINT('',(9.2,7.5,0.0));
#3093=AXIS2_PLACEMENT_3D('',#3537,#3538,#3539);
#3094=CARTESIAN_POINT('',(0.0,8.0,-0.5));
#3095=CARTESIAN_POINT('',(2.05661909843837,8.0,-0.5));
#3096=VECTOR('',#3540,1.0);
#3097=CARTESIAN_POINT('',(0.5,7.5,0.0));
#3098=AXIS2_PLACEMENT_3D('',#3541,#3542,#3543);
#3099=CARTESIAN_POINT('',(8.6,7.5,0.0));
#3100=VECTOR('',#3544,1.0);
#3101=COLOUR_RGB('',0.850980401039124,0.839215695858002,0.858823537826538);
#3102=CARTESIAN_POINT('',(0.5,-7.5,-8.88178419700125E-16));
#3103=CARTESIAN_POINT('',(0.5,8.0,-8.88178419700125E-16));
#3104=VECTOR('',#3545,1.0);
#3105=CARTESIAN_POINT('',(6.075,-7.5,2.22044604925031E-16));
#3106=VECTOR('',#3546,1.0);
#3107=AXIS2_PLACEMENT_3D('',#3547,#3548,#3549);
#3108=COLOUR_RGB('',0.850980401039124,0.839215695858002,0.858823537826538);
#3109=CARTESIAN_POINT('',(0.0,-8.0,-0.5));
#3110=CARTESIAN_POINT('',(0.0,8.0,-0.5));
#3111=VECTOR('',#3550,1.0);
#3112=AXIS2_PLACEMENT_3D('',#3551,#3552,#3553);
#3113=COLOUR_RGB('',0.850980401039124,0.839215695858002,0.858823537826538);
#3114=CARTESIAN_POINT('',(-0.800000000000001,8.0,-17.5));
#3115=CARTESIAN_POINT('',(-0.300000000000001,7.5,-18.0));
#3116=AXIS2_PLACEMENT_3D('',#3554,#3555,#3556);
#3117=CARTESIAN_POINT('',(4.2,8.0,-17.5));
#3118=VECTOR('',#3557,1.0);
#3119=CARTESIAN_POINT('',(-0.1,7.5,-18.0));
#3120=VECTOR('',#3558,1.0);
#3121=COLOUR_RGB('',0.850980401039124,0.839215695858002,0.858823537826538);
#3122=CARTESIAN_POINT('',(-0.300000000000001,8.0,-18.0));
#3123=VECTOR('',#3559,1.0);
#3124=COLOUR_RGB('',0.850980401039124,0.839215695858002,0.858823537826538);
#3125=CARTESIAN_POINT('',(4.2,-8.0,-0.5));
#3126=VECTOR('',#3560,1.0);
#3127=COLOUR_RGB('',0.850980401039124,0.839215695858002,0.858823537826538);
#3128=CARTESIAN_POINT('',(9.2,-8.0,-9.0));
#3129=VECTOR('',#3561,1.0);
#3130=CARTESIAN_POINT('',(0.0,-8.0,-6.2));
#3131=CARTESIAN_POINT('',(0.0,-8.0,-6.2));
#3132=VECTOR('',#3562,1.0);
#3133=CARTESIAN_POINT('',(-1.0,-8.0,-7.2));
#3134=AXIS2_PLACEMENT_3D('',#3563,#3564,#3565);
#3135=CARTESIAN_POINT('',(-2.22426407,-8.0,-7.2));
#3136=CARTESIAN_POINT('',(-2.22426407,-8.0,-7.2));
#3137=VECTOR('',#3566,1.0);
#3138=CARTESIAN_POINT('',(-2.8,-8.0,-6.62426407));
#3139=CARTESIAN_POINT('',(-2.8,-8.0,-6.62426407));
#3140=VECTOR('',#3567,1.0);
#3141=CARTESIAN_POINT('',(-2.8,-8.0,-6.0));
#3142=CARTESIAN_POINT('',(-2.8,-8.0,-6.0));
#3143=VECTOR('',#3568,1.0);
#3144=CARTESIAN_POINT('',(-3.1,-8.0,-5.7));
#3145=AXIS2_PLACEMENT_3D('',#3569,#3570,#3571);
#3146=CARTESIAN_POINT('',(-4.3,-8.0,-5.7));
#3147=CARTESIAN_POINT('',(-4.3,-8.0,-5.7));
#3148=VECTOR('',#3572,1.0);
#3149=CARTESIAN_POINT('',(-4.8,-8.0,-6.2));
#3150=AXIS2_PLACEMENT_3D('',#3573,#3574,#3575);
#3151=CARTESIAN_POINT('',(-4.8,-8.0,-8.2));
#3152=CARTESIAN_POINT('',(-4.8,-8.0,-8.2));
#3153=VECTOR('',#3576,1.0);
#3154=CARTESIAN_POINT('',(-2.8,-8.0,-10.2));
#3155=AXIS2_PLACEMENT_3D('',#3577,#3578,#3579);
#3156=CARTESIAN_POINT('',(-1.5,-8.0,-10.2));
#3157=CARTESIAN_POINT('',(-1.5,-8.0,-10.2));
#3158=VECTOR('',#3580,1.0);
#3159=CARTESIAN_POINT('',(-0.800000000000001,-8.0,-10.9));
#3160=AXIS2_PLACEMENT_3D('',#3581,#3582,#3583);
#3161=CARTESIAN_POINT('',(-0.800000000000001,-8.0,-17.5));
#3162=VECTOR('',#3584,1.0);
#3163=COLOUR_RGB('',0.850980401039124,0.839215695858002,0.858823537826538);
#3164=AXIS2_PLACEMENT_3D('',#3585,#3586,#3587);
#3165=COLOUR_RGB('',0.850980401039124,0.839215695858002,0.858823537826538);
#3166=CARTESIAN_POINT('',(17.2,-1.77635683940025E-15,-2.3));
#3167=CARTESIAN_POINT('',(17.2,0.0,-2.30000000000001));
#3168=CARTESIAN_POINT('',(17.2,-0.00130855975087064,-2.30038707719436));
#3169=CARTESIAN_POINT('',(17.1999995890412,-0.00287883141025933,-2.30085156978661));
#3170=CARTESIAN_POINT('',(17.1998513747892,-0.286041741746082,-2.38461219855274));
#3171=CARTESIAN_POINT('',(17.1838534551482,-0.595383526955487,-2.47627146690098));
#3172=CARTESIAN_POINT('',(17.1136947480525,-1.212366767446,-2.64943630398669));
#3173=CARTESIAN_POINT('',(17.0594798323299,-1.52013450229113,-2.73046966133129));
#3174=CARTESIAN_POINT('',(16.9408436621346,-2.03402274858688,-2.84910583152659));
#3175=CARTESIAN_POINT('',(16.8697993778929,-2.29032562624658,-2.90158210133198));
#3176=CARTESIAN_POINT('',(16.7848292279857,-2.54369132999553,-2.93943124015416));
#3177=CARTESIAN_POINT('',(16.7848292279857,2.54369132999553,-2.93943124015416));
#3178=CARTESIAN_POINT('',(16.8697993778929,2.29032562624658,-2.90158210133198));
#3179=CARTESIAN_POINT('',(16.9408436621346,2.03402274858688,-2.84910583152659));
#3180=CARTESIAN_POINT('',(17.0594798323299,1.52013450229113,-2.73046966133129));
#3181=CARTESIAN_POINT('',(17.1136947480525,1.212366767446,-2.64943630398669));
#3182=CARTESIAN_POINT('',(17.1838534551482,0.595383526955486,-2.47627146690098));
#3183=CARTESIAN_POINT('',(17.1998513747892,0.286041741746082,-2.38461219855274));
#3184=CARTESIAN_POINT('',(17.1999995890412,0.00287883141025933,-2.30085156978661));
#3185=CARTESIAN_POINT('',(17.2,0.00130855975087064,-2.30038707719436));
#3186=CARTESIAN_POINT('',(17.2,0.0,-2.30000000000001));
#3187=CARTESIAN_POINT('',(9.2,8.0,-9.0));
#3188=VECTOR('',#3588,1.0);
#3189=COLOUR_RGB('',0.850980401039124,0.839215695858002,0.858823537826538);
#3190=COLOUR_RGB('',0.850980401039124,0.839215695858002,0.858823537826538);
#3191=CARTESIAN_POINT('',(-0.800000000000001,8.0,-17.5));
#3192=VECTOR('',#3589,1.0);
#3193=COLOUR_RGB('',0.850980401039124,0.839215695858002,0.858823537826538);
#3194=CARTESIAN_POINT('',(-0.800000000000001,8.0,-10.9));
#3195=CARTESIAN_POINT('',(-0.800000000000001,8.0,-10.9));
#3196=VECTOR('',#3590,1.0);
#3197=CARTESIAN_POINT('',(-0.800000000000001,8.0,-17.5));
#3198=VECTOR('',#3591,1.0);
#3199=COLOUR_RGB('',0.850980401039124,0.839215695858002,0.858823537826538);
#3200=CARTESIAN_POINT('',(-1.5,8.0,-10.2));
#3201=CARTESIAN_POINT('',(-1.5,8.0,-10.2));
#3202=VECTOR('',#3592,1.0);
#3203=AXIS2_PLACEMENT_3D('',#3593,#3594,#3595);
#3204=COLOUR_RGB('',0.850980401039124,0.839215695858002,0.858823537826538);
#3205=CARTESIAN_POINT('',(-2.8,8.0,-10.2));
#3206=CARTESIAN_POINT('',(-2.8,8.0,-10.2));
#3207=VECTOR('',#3596,1.0);
#3208=CARTESIAN_POINT('',(-1.5,8.0,-10.2));
#3209=VECTOR('',#3597,1.0);
#3210=COLOUR_RGB('',0.850980401039124,0.839215695858002,0.858823537826538);
#3211=CARTESIAN_POINT('',(-4.8,8.0,-8.2));
#3212=CARTESIAN_POINT('',(-4.8,8.0,-8.2));
#3213=VECTOR('',#3598,1.0);
#3214=AXIS2_PLACEMENT_3D('',#3599,#3600,#3601);
#3215=COLOUR_RGB('',0.850980401039124,0.839215695858002,0.858823537826538);
#3216=CARTESIAN_POINT('',(-4.8,8.0,-6.2));
#3217=CARTESIAN_POINT('',(-4.8,8.0,-6.2));
#3218=VECTOR('',#3602,1.0);
#3219=CARTESIAN_POINT('',(-4.8,8.0,-8.2));
#3220=VECTOR('',#3603,1.0);
#3221=COLOUR_RGB('',0.850980401039124,0.839215695858002,0.858823537826538);
#3222=CARTESIAN_POINT('',(-4.3,8.0,-5.7));
#3223=CARTESIAN_POINT('',(-4.3,8.0,-5.7));
#3224=VECTOR('',#3604,1.0);
#3225=AXIS2_PLACEMENT_3D('',#3605,#3606,#3607);
#3226=COLOUR_RGB('',0.850980401039124,0.839215695858002,0.858823537826538);
#3227=CARTESIAN_POINT('',(-3.1,8.0,-5.7));
#3228=CARTESIAN_POINT('',(-3.1,8.0,-5.7));
#3229=VECTOR('',#3608,1.0);
#3230=CARTESIAN_POINT('',(-4.3,8.0,-5.7));
#3231=VECTOR('',#3609,1.0);
#3232=COLOUR_RGB('',0.850980401039124,0.839215695858002,0.858823537826538);
#3233=CARTESIAN_POINT('',(-2.8,8.0,-6.0));
#3234=CARTESIAN_POINT('',(-2.8,8.0,-6.0));
#3235=VECTOR('',#3610,1.0);
#3236=AXIS2_PLACEMENT_3D('',#3611,#3612,#3613);
#3237=COLOUR_RGB('',0.850980401039124,0.839215695858002,0.858823537826538);
#3238=CARTESIAN_POINT('',(-2.8,8.0,-6.62426407));
#3239=CARTESIAN_POINT('',(-2.8,8.0,-6.62426407));
#3240=VECTOR('',#3614,1.0);
#3241=CARTESIAN_POINT('',(-2.8,8.0,-6.0));
#3242=VECTOR('',#3615,1.0);
#3243=COLOUR_RGB('',0.850980401039124,0.839215695858002,0.858823537826538);
#3244=CARTESIAN_POINT('',(-2.22426407,8.0,-7.2));
#3245=CARTESIAN_POINT('',(-2.22426407,8.0,-7.2));
#3246=VECTOR('',#3616,1.0);
#3247=CARTESIAN_POINT('',(-2.8,8.0,-6.62426407));
#3248=VECTOR('',#3617,1.0);
#3249=COLOUR_RGB('',0.850980401039124,0.839215695858002,0.858823537826538);
#3250=CARTESIAN_POINT('',(-1.0,8.0,-7.2));
#3251=CARTESIAN_POINT('',(-1.0,8.0,-7.2));
#3252=VECTOR('',#3618,1.0);
#3253=CARTESIAN_POINT('',(-2.22426407,8.0,-7.2));
#3254=VECTOR('',#3619,1.0);
#3255=COLOUR_RGB('',0.850980401039124,0.839215695858002,0.858823537826538);
#3256=CARTESIAN_POINT('',(0.0,8.0,-6.2));
#3257=CARTESIAN_POINT('',(0.0,8.0,-6.2));
#3258=VECTOR('',#3620,1.0);
#3259=AXIS2_PLACEMENT_3D('',#3621,#3622,#3623);
#3260=COLOUR_RGB('',0.850980401039124,0.839215695858002,0.858823537826538);
#3261=CARTESIAN_POINT('',(0.0,8.0,-6.2));
#3262=VECTOR('',#3624,1.0);
#3263=COLOUR_RGB('',0.850980401039124,0.839215695858002,0.858823537826538);
#3264=COLOUR_RGB('',0.850980401039124,0.839215695858002,0.858823537826538);
#3265=CARTESIAN_POINT('',(16.7,9.18485099360515E-16,-0.5));
#3266=DIRECTION('',(-1.22464679914735E-16,1.0,0.0));
#3267=DIRECTION('',(1.0,1.22464679914735E-16,0.0));
#3268=CARTESIAN_POINT('',(9.2,0.0,0.0));
#3269=DIRECTION('',(0.0,0.0,1.0));
#3270=DIRECTION('',(1.0,0.0,0.0));
#3271=CARTESIAN_POINT('',(9.2,-7.5,-0.5));
#3272=DIRECTION('',(-1.0,-1.22464679914735E-16,0.0));
#3273=DIRECTION('',(1.22464679914735E-16,-1.0,2.22044604925031E-16));
#3274=CARTESIAN_POINT('',(9.2,0.0,-0.5));
#3275=DIRECTION('',(0.0,0.0,-1.0));
#3276=DIRECTION('',(0.0,1.0,0.0));
#3277=DIRECTION('',(0.0,0.0,1.0));
#3278=CARTESIAN_POINT('',(9.2,0.0,-3.5));
#3279=DIRECTION('',(0.0,0.0,1.0));
#3280=DIRECTION('',(-1.0,0.0,0.0));
#3281=DIRECTION('',(0.0,0.0,-1.0));
#3282=CARTESIAN_POINT('',(9.2,0.0,0.0));
#3283=DIRECTION('',(-0.0,0.0,-1.0));
#3284=DIRECTION('',(-1.0,0.0,0.0));
#3285=DIRECTION('',(0.0,0.0,1.0));
#3286=CARTESIAN_POINT('',(9.2,0.0,-3.3));
#3287=DIRECTION('',(0.0,0.0,1.0));
#3288=DIRECTION('',(1.0,0.0,0.0));
#3289=DIRECTION('',(-0.0,-0.0,-1.0));
#3290=CARTESIAN_POINT('',(9.2,0.0,1.4));
#3291=DIRECTION('',(0.0,0.0,-1.0));
#3292=DIRECTION('',(1.0,0.0,0.0));
#3293=CARTESIAN_POINT('',(9.2,0.0,1.4));
#3294=DIRECTION('',(0.0,0.0,-1.0));
#3295=DIRECTION('',(1.0,0.0,0.0));
#3296=CARTESIAN_POINT('',(11.9,-3.30654635769785E-16,-3.3));
#3297=DIRECTION('',(1.22464679914735E-16,1.0,0.0));
#3298=DIRECTION('',(1.0,-1.22464679914735E-16,0.0));
#3299=CARTESIAN_POINT('',(9.2,0.0,-3.5));
#3300=DIRECTION('',(0.0,0.0,1.0));
#3301=DIRECTION('',(1.0,0.0,0.0));
#3302=CARTESIAN_POINT('',(6.5,3.30654635769785E-16,-3.3));
#3303=DIRECTION('',(1.22464679914735E-16,1.0,-0.0));
#3304=DIRECTION('',(-1.0,1.22464679914735E-16,0.0));
#3305=CARTESIAN_POINT('',(7.77588706934491,1.74403534215111E-16,-2.7894761042276));
#3306=DIRECTION('',(1.22464679914735E-16,1.0,-0.0));
#3307=DIRECTION('',(-1.0,1.22464679914735E-16,0.0));
#3308=CARTESIAN_POINT('',(9.2,0.0,-6.25));
#3309=DIRECTION('',(0.0,0.0,1.0));
#3310=DIRECTION('',(1.0,0.0,0.0));
#3311=CARTESIAN_POINT('',(10.6241129306551,-1.74403534215111E-16,-2.7894761042276));
#3312=DIRECTION('',(1.22464679914735E-16,1.0,0.0));
#3313=DIRECTION('',(1.0,-1.22464679914735E-16,0.0));
#3314=CARTESIAN_POINT('',(9.2,0.0,-4.4));
#3315=DIRECTION('',(0.0,0.0,-1.0));
#3316=DIRECTION('',(-1.0,0.0,0.0));
#3317=DIRECTION('',(-0.707106781186547,8.65956056235493E-17,-0.707106781186548));
#3318=CARTESIAN_POINT('',(9.2,0.0,4.5));
#3319=DIRECTION('',(0.0,0.0,1.0));
#3320=DIRECTION('',(-1.0,0.0,0.0));
#3321=DIRECTION('',(-0.707106781186548,8.65956056235493E-17,0.707106781186548));
#3322=CARTESIAN_POINT('',(9.2,0.0,4.00925));
#3323=DIRECTION('',(-5.55111512312578E-17,0.0,-1.0));
#3324=DIRECTION('',(1.0,0.0,-5.55111512312578E-17));
#3325=CARTESIAN_POINT('',(9.2,0.0,4.00925));
#3326=DIRECTION('',(-5.55111512312578E-17,0.0,-1.0));
#3327=DIRECTION('',(1.0,0.0,-5.55111512312578E-17));
#3328=DIRECTION('',(0.0,0.0,-1.0));
#3329=CARTESIAN_POINT('',(9.2,0.0,-3.5));
#3330=DIRECTION('',(0.0,0.0,1.0));
#3331=DIRECTION('',(1.0,0.0,0.0));
#3332=DIRECTION('',(-0.0,-0.0,1.0));
#3333=CARTESIAN_POINT('',(9.2,0.0,-4.4));
#3334=DIRECTION('',(0.0,0.0,-1.0));
#3335=DIRECTION('',(1.0,0.0,0.0));
#3336=DIRECTION('',(-0.0,-0.0,1.0));
#3337=CARTESIAN_POINT('',(9.2,0.0,4.00925));
#3338=DIRECTION('',(-5.55111512312578E-17,0.0,-1.0));
#3339=DIRECTION('',(1.0,0.0,-5.55111512312578E-17));
#3340=DIRECTION('',(0.0,-0.0,-1.0));
#3341=CARTESIAN_POINT('',(9.2,0.0,4.00925));
#3342=DIRECTION('',(-5.55111512312578E-17,0.0,-1.0));
#3343=DIRECTION('',(1.0,0.0,-5.55111512312578E-17));
#3344=DIRECTION('',(-1.0,0.0,0.0));
#3345=CARTESIAN_POINT('',(0.699999999999999,2.732842730345,1.4999999888696));
#3346=DIRECTION('',(-1.0,0.0,0.0));
#3347=DIRECTION('',(0.0,-0.9428090328372,0.333333358067542));
#3348=DIRECTION('',(-1.0,0.0,0.0));
#3349=CARTESIAN_POINT('',(12.2,2.732842730345,1.4999999888696));
#3350=DIRECTION('',(-1.0,0.0,0.0));
#3351=DIRECTION('',(0.0,-0.9428090328372,0.333333358067542));
#3352=DIRECTION('',(-1.0,0.0,0.0));
#3353=DIRECTION('',(-1.0,0.0,0.0));
#3354=CARTESIAN_POINT('',(0.699999999999999,2.167157289655,1.70000001113039));
#3355=DIRECTION('',(1.0,-0.0,0.0));
#3356=DIRECTION('',(0.0,0.942809032837199,-0.333333358067542));
#3357=DIRECTION('',(-1.0,0.0,0.0));
#3358=DIRECTION('',(0.0,1.0,0.0));
#3359=DIRECTION('',(-1.0,0.0,0.0));
#3360=CARTESIAN_POINT('',(0.699999999999999,-1.19904086659517E-14,-8.26711735862729));
#3361=DIRECTION('',(-1.0,0.0,0.0));
#3362=DIRECTION('',(0.0,-0.21562382817383,0.976476504952199));
#3363=CARTESIAN_POINT('',(9.2,0.0,1.4));
#3364=DIRECTION('',(0.0,0.0,-1.0));
#3365=DIRECTION('',(1.0,0.0,0.0));
#3366=DIRECTION('',(-1.0,0.0,0.0));
#3367=DIRECTION('',(0.0,1.0,0.0));
#3368=DIRECTION('',(-1.0,0.0,0.0));
#3369=CARTESIAN_POINT('',(0.699999999999999,-2.167157279655,1.7000000111304));
#3370=DIRECTION('',(1.0,0.0,0.0));
#3371=DIRECTION('',(0.0,-3.44833230647415E-08,-0.999999999999999));
#3372=DIRECTION('',(-1.0,0.0,0.0));
#3373=CARTESIAN_POINT('',(0.699999999999999,3.32259052209867,-1.09591955095652));
#3374=DIRECTION('',(1.0,0.0,0.0));
#3375=DIRECTION('',(-0.0,-0.909796550033396,0.415054499490526));
#3376=DIRECTION('',(-1.0,0.0,0.0));
#3377=CARTESIAN_POINT('',(12.2,3.32259052209867,-1.09591955095652));
#3378=DIRECTION('',(-1.0,0.0,0.0));
#3379=DIRECTION('',(0.0,-0.909796550033396,0.415054499490526));
#3380=DIRECTION('',(-1.0,0.0,0.0));
#3381=DIRECTION('',(-1.0,0.0,0.0));
#3382=CARTESIAN_POINT('',(0.699999999999999,0.0171572949999999,3.30000001547663));
#3383=DIRECTION('',(1.0,0.0,0.0));
#3384=DIRECTION('',(-0.0,-0.600987897720506,0.799258122757277));
#3385=CARTESIAN_POINT('',(0.699999999999999,-3.68284271769706,2.09999999187493));
#3386=DIRECTION('',(1.0,-0.0,0.0));
#3387=DIRECTION('',(0.0,2.56568610348672E-08,-1.0));
#3388=DIRECTION('',(-1.0,0.0,0.0));
#3389=CARTESIAN_POINT('',(12.2,-3.68284271769706,2.09999999187493));
#3390=DIRECTION('',(-1.0,0.0,0.0));
#3391=DIRECTION('',(0.0,2.56568610348672E-08,-1.0));
#3392=DIRECTION('',(0.0,1.0,0.0));
#3393=DIRECTION('',(-1.0,0.0,0.0));
#3394=DIRECTION('',(0.0,-1.0,0.0));
#3395=DIRECTION('',(-1.0,0.0,0.0));
#3396=CARTESIAN_POINT('',(12.2,-2.732842720345,1.4999999888696));
#3397=DIRECTION('',(-1.0,0.0,0.0));
#3398=DIRECTION('',(0.0,3.44833230647414E-08,0.999999999999999));
#3399=CARTESIAN_POINT('',(0.699999999999999,-2.732842720345,1.4999999888696));
#3400=DIRECTION('',(-1.0,0.0,0.0));
#3401=DIRECTION('',(0.0,3.44833230647414E-08,0.999999999999999));
#3402=DIRECTION('',(-1.0,0.0,0.0));
#3403=CARTESIAN_POINT('',(12.2,-2.167157279655,1.7000000111304));
#3404=DIRECTION('',(-1.0,-0.0,0.0));
#3405=DIRECTION('',(0.0,-3.44833230647415E-08,-0.999999999999999));
#3406=CARTESIAN_POINT('',(9.2,0.0,1.4));
#3407=DIRECTION('',(0.0,0.0,-1.0));
#3408=DIRECTION('',(1.0,0.0,0.0));
#3409=DIRECTION('',(-1.0,0.0,0.0));
#3410=DIRECTION('',(0.0,-1.0,0.0));
#3411=DIRECTION('',(-1.0,0.0,0.0));
#3412=CARTESIAN_POINT('',(12.2,-1.19904086659517E-14,-8.26711735862729));
#3413=DIRECTION('',(-1.0,0.0,0.0));
#3414=DIRECTION('',(0.0,-0.21562382817383,0.976476504952199));
#3415=DIRECTION('',(-1.0,0.0,0.0));
#3416=DIRECTION('',(0.0,-1.0,0.0));
#3417=CARTESIAN_POINT('',(12.2,2.167157289655,1.70000001113039));
#3418=DIRECTION('',(-1.0,0.0,0.0));
#3419=DIRECTION('',(0.0,0.942809032837199,-0.333333358067542));
#3420=DIRECTION('',(0.0,1.0,0.0));
#3421=DIRECTION('',(-1.0,0.0,0.0));
#3422=DIRECTION('',(0.0,-1.0,0.0));
#3423=CARTESIAN_POINT('',(0.699999999999999,3.71715729228898,2.10000000178141));
#3424=DIRECTION('',(1.0,0.0,-0.0));
#3425=DIRECTION('',(0.0,0.909796553634308,0.41505449159735));
#3426=DIRECTION('',(-1.0,0.0,0.0));
#3427=CARTESIAN_POINT('',(12.2,3.71715729228898,2.10000000178141));
#3428=DIRECTION('',(-1.0,0.0,0.0));
#3429=DIRECTION('',(0.0,0.909796553634308,0.41505449159735));
#3430=DIRECTION('',(-1.0,0.0,0.0));
#3431=CARTESIAN_POINT('',(12.2,-3.28827609039333,-1.09591967818791));
#3432=DIRECTION('',(-1.0,0.0,0.0));
#3433=DIRECTION('',(0.0,0.600987892451904,0.799258126718908));
#3434=CARTESIAN_POINT('',(0.699999999999999,-3.28827609039333,-1.09591967818791));
#3435=DIRECTION('',(1.0,-0.0,0.0));
#3436=DIRECTION('',(0.0,0.600987892451904,0.799258126718908));
#3437=CARTESIAN_POINT('',(12.2,0.0171572949999999,3.30000001547663));
#3438=DIRECTION('',(-1.0,0.0,0.0));
#3439=DIRECTION('',(0.0,-0.600987897720506,0.799258122757277));
#3440=CARTESIAN_POINT('',(9.2,0.0,-3.5));
#3441=DIRECTION('',(0.0,0.0,1.0));
#3442=DIRECTION('',(1.0,0.0,0.0));
#3443=CARTESIAN_POINT('',(9.2,0.0,-3.5));
#3444=DIRECTION('',(0.0,0.0,1.0));
#3445=DIRECTION('',(-1.0,0.0,0.0));
#3446=DIRECTION('',(-0.0,1.0,0.0));
#3447=DIRECTION('',(0.866025403780548,0.500000000006738,0.0));
#3448=DIRECTION('',(0.866025403780548,-0.500000000006738,0.0));
#3449=DIRECTION('',(-0.0,-1.0,-0.0));
#3450=DIRECTION('',(-0.866025403780548,-0.500000000006738,-0.0));
#3451=DIRECTION('',(-0.866025403780548,0.500000000006738,0.0));
#3452=CARTESIAN_POINT('',(9.2,0.0,-4.4));
#3453=DIRECTION('',(0.0,0.0,-1.0));
#3454=DIRECTION('',(1.0,0.0,0.0));
#3455=CARTESIAN_POINT('',(9.2,0.0,-3.5));
#3456=DIRECTION('',(0.0,0.0,1.0));
#3457=DIRECTION('',(1.0,0.0,0.0));
#3458=CARTESIAN_POINT('',(9.2,0.0,-4.4));
#3459=DIRECTION('',(0.0,0.0,-1.0));
#3460=DIRECTION('',(-1.0,0.0,0.0));
#3461=DIRECTION('',(0.0,0.0,1.0));
#3462=DIRECTION('',(-0.0,-1.0,-0.0));
#3463=DIRECTION('',(0.0,0.0,1.0));
#3464=DIRECTION('',(0.0,0.0,1.0));
#3465=DIRECTION('',(0.866025403780548,-0.500000000006738,3.44265300029526E-15));
#3466=DIRECTION('',(0.0,0.0,1.0));
#3467=DIRECTION('',(0.866025403780548,0.500000000006738,3.44265300029526E-15));
#3468=CARTESIAN_POINT('',(9.2,0.0,4.5));
#3469=DIRECTION('',(0.0,0.0,1.0));
#3470=DIRECTION('',(-1.0,0.0,0.0));
#3471=DIRECTION('',(0.0,0.0,1.0));
#3472=DIRECTION('',(-0.0,1.0,0.0));
#3473=DIRECTION('',(-0.866025403780548,-0.500000000006738,-3.44265300029526E-15));
#3474=DIRECTION('',(0.0,0.0,1.0));
#3475=DIRECTION('',(-0.866025403780548,0.500000000006738,-3.44265300029526E-15));
#3476=CARTESIAN_POINT('',(9.2,0.0,-6.25));
#3477=DIRECTION('',(0.0,0.0,1.0));
#3478=DIRECTION('',(1.0,0.0,0.0));
#3479=CARTESIAN_POINT('',(9.2,0.0,-3.3));
#3480=DIRECTION('',(0.0,0.0,1.0));
#3481=DIRECTION('',(1.0,0.0,0.0));
#3482=CARTESIAN_POINT('',(9.2,0.0,0.0));
#3483=DIRECTION('',(-0.0,0.0,-1.0));
#3484=DIRECTION('',(-1.0,0.0,0.0));
#3485=CARTESIAN_POINT('',(2.7,-6.0,-17.0899495));
#3486=DIRECTION('',(-0.707106781186548,1.39452223873683E-31,0.707106781186548));
#3487=DIRECTION('',(-0.707106781186547,-1.25607396694702E-15,-0.707106781186547));
#3488=DIRECTION('',(0.0,0.0,1.0));
#3489=CARTESIAN_POINT('',(2.7,-6.0,-3.5));
#3490=DIRECTION('',(-0.0,0.0,-1.0));
#3491=DIRECTION('',(-1.0,-1.77635683940025E-15,0.0));
#3492=DIRECTION('',(0.0,0.0,1.0));
#3493=DIRECTION('',(0.707106781186547,0.0,0.707106781186548));
#3494=DIRECTION('',(-1.0,0.0,-0.0));
#3495=DIRECTION('',(0.0,0.0,1.0));
#3496=CARTESIAN_POINT('',(9.2,0.0,-10.5899495));
#3497=DIRECTION('',(-0.707106781186548,0.0,0.707106781186547));
#3498=DIRECTION('',(0.707106781186547,-4.32978028117747E-17,0.707106781186548));
#3499=CARTESIAN_POINT('',(9.2,0.0,-3.5));
#3500=DIRECTION('',(-0.0,0.0,-1.0));
#3501=DIRECTION('',(-6.12323399573677E-17,-1.0,0.0));
#3502=DIRECTION('',(0.0,0.0,1.0));
#3503=DIRECTION('',(-0.707106781186547,0.0,-0.707106781186548));
#3504=DIRECTION('',(1.0,0.0,0.0));
#3505=DIRECTION('',(0.0,0.0,1.0));
#3506=DIRECTION('',(-0.0,-1.0,-0.0));
#3507=DIRECTION('',(0.0,0.0,1.0));
#3508=DIRECTION('',(0.0,1.0,-0.0));
#3509=CARTESIAN_POINT('',(2.7,6.0,-17.0899495));
#3510=DIRECTION('',(-0.707106781186548,1.39452223873683E-31,0.707106781186548));
#3511=DIRECTION('',(-0.707106781186547,-1.25607396694702E-15,-0.707106781186547));
#3512=CARTESIAN_POINT('',(2.7,6.0,-3.5));
#3513=DIRECTION('',(0.0,0.0,-1.0));
#3514=DIRECTION('',(-1.77635683940025E-15,1.0,0.0));
#3515=CARTESIAN_POINT('',(2.2899495,-7.5,-17.5));
#3516=DIRECTION('',(0.707106781186548,-1.74315279842105E-32,-0.707106781186547));
#3517=DIRECTION('',(-0.707106781186547,1.57009245868377E-16,-0.707106781186548));
#3518=DIRECTION('',(1.0,0.0,-0.0));
#3519=CARTESIAN_POINT('',(-0.300000000000006,-7.5,-17.5));
#3520=DIRECTION('',(-0.707106781186551,0.707106781186544,-1.74315279842106E-32));
#3521=DIRECTION('',(-0.707106781186544,-0.707106781186551,-1.57009245868378E-16));
#3522=DIRECTION('',(-1.0,0.0,-0.0));
#3523=DIRECTION('',(0.0,-1.0,0.0));
#3524=CARTESIAN_POINT('',(2.2899495,7.5,-17.5));
#3525=DIRECTION('',(0.707106781186548,-1.74315279842105E-32,-0.707106781186547));
#3526=DIRECTION('',(-0.707106781186547,1.57009245868377E-16,-0.707106781186548));
#3527=DIRECTION('',(-0.707106781186547,0.0,-0.707106781186548));
#3528=CARTESIAN_POINT('',(9.2,0.0,-10.5899495));
#3529=DIRECTION('',(0.707106781186548,0.0,-0.707106781186547));
#3530=DIRECTION('',(0.707106781186547,-0.0,0.707106781186548));
#3531=DIRECTION('',(0.0,-1.0,0.0));
#3532=CARTESIAN_POINT('',(9.2,0.0,-10.5899495));
#3533=DIRECTION('',(0.707106781186548,0.0,-0.707106781186547));
#3534=DIRECTION('',(0.707106781186547,-0.0,0.707106781186548));
#3535=DIRECTION('',(-0.707106781186547,0.0,-0.707106781186548));
#3536=DIRECTION('',(0.0,-1.0,0.0));
#3537=CARTESIAN_POINT('',(9.2,7.5,-0.5));
#3538=DIRECTION('',(1.0,0.0,-0.0));
#3539=DIRECTION('',(0.0,1.0,2.22044604925031E-16));
#3540=DIRECTION('',(1.0,0.0,0.0));
#3541=CARTESIAN_POINT('',(0.5,7.5,-0.5));
#3542=DIRECTION('',(-0.707106781186548,-0.707106781186547,1.74315279842105E-32));
#3543=DIRECTION('',(-0.707106781186547,0.707106781186548,1.57009245868378E-16));
#3544=DIRECTION('',(-1.0,0.0,0.0));
#3545=DIRECTION('',(0.0,-1.0,0.0));
#3546=DIRECTION('',(1.0,0.0,0.0));
#3547=CARTESIAN_POINT('',(9.2,0.0,0.0));
#3548=DIRECTION('',(0.0,0.0,1.0));
#3549=DIRECTION('',(1.0,0.0,0.0));
#3550=DIRECTION('',(0.0,-1.0,0.0));
#3551=CARTESIAN_POINT('',(0.5,-7.5,-0.5));
#3552=DIRECTION('',(-0.707106781186548,0.707106781186547,-1.74315279842105E-32));
#3553=DIRECTION('',(-0.707106781186547,-0.707106781186548,-1.57009245868378E-16));
#3554=CARTESIAN_POINT('',(-0.300000000000006,7.5,-17.5));
#3555=DIRECTION('',(-0.707106781186551,-0.707106781186544,1.74315279842106E-32));
#3556=DIRECTION('',(-0.707106781186544,0.707106781186551,1.57009245868378E-16));
#3557=DIRECTION('',(-1.0,0.0,0.0));
#3558=DIRECTION('',(1.0,0.0,0.0));
#3559=DIRECTION('',(0.0,-1.0,0.0));
#3560=DIRECTION('',(-1.0,-0.0,0.0));
#3561=DIRECTION('',(0.0,-0.0,1.0));
#3562=DIRECTION('',(0.0,0.0,1.0));
#3563=CARTESIAN_POINT('',(-1.0,-8.0,-6.2));
#3564=DIRECTION('',(0.0,-1.0,0.0));
#3565=DIRECTION('',(1.77635683940025E-15,0.0,-1.0));
#3566=DIRECTION('',(1.0,0.0,0.0));
#3567=DIRECTION('',(0.707106781186548,0.0,-0.707106781186548));
#3568=DIRECTION('',(0.0,0.0,-1.0));
#3569=CARTESIAN_POINT('',(-3.1,-8.0,-6.0));
#3570=DIRECTION('',(-0.0,1.0,0.0));
#3571=DIRECTION('',(1.0,0.0,5.92118946466749E-15));
#3572=DIRECTION('',(1.0,0.0,0.0));
#3573=CARTESIAN_POINT('',(-4.3,-8.0,-6.2));
#3574=DIRECTION('',(-0.0,1.0,0.0));
#3575=DIRECTION('',(0.0,0.0,1.0));
#3576=DIRECTION('',(0.0,0.0,1.0));
#3577=CARTESIAN_POINT('',(-2.8,-8.0,-8.2));
#3578=DIRECTION('',(0.0,1.0,0.0));
#3579=DIRECTION('',(-1.0,0.0,-1.77635683940025E-15));
#3580=DIRECTION('',(-1.0,0.0,0.0));
#3581=CARTESIAN_POINT('',(-1.5,-8.0,-10.9));
#3582=DIRECTION('',(0.0,-1.0,0.0));
#3583=DIRECTION('',(1.0,0.0,-2.53765262771465E-15));
#3584=DIRECTION('',(0.0,0.0,1.0));
#3585=CARTESIAN_POINT('',(9.2,0.0,-0.5));
#3586=DIRECTION('',(0.0,0.0,-1.0));
#3587=DIRECTION('',(0.0,1.0,0.0));
#3588=DIRECTION('',(0.0,0.0,1.0));
#3589=DIRECTION('',(0.0,-1.0,0.0));
#3590=DIRECTION('',(0.0,-1.0,0.0));
#3591=DIRECTION('',(0.0,0.0,1.0));
#3592=DIRECTION('',(0.0,-1.0,0.0));
#3593=CARTESIAN_POINT('',(-1.5,8.0,-10.9));
#3594=DIRECTION('',(0.0,-1.0,0.0));
#3595=DIRECTION('',(1.0,0.0,-2.53765262771465E-15));
#3596=DIRECTION('',(0.0,-1.0,0.0));
#3597=DIRECTION('',(-1.0,0.0,0.0));
#3598=DIRECTION('',(0.0,-1.0,0.0));
#3599=CARTESIAN_POINT('',(-2.8,8.0,-8.2));
#3600=DIRECTION('',(0.0,-1.0,-0.0));
#3601=DIRECTION('',(-1.0,0.0,-1.77635683940025E-15));
#3602=DIRECTION('',(0.0,-1.0,0.0));
#3603=DIRECTION('',(0.0,0.0,1.0));
#3604=DIRECTION('',(0.0,-1.0,0.0));
#3605=CARTESIAN_POINT('',(-4.3,8.0,-6.2));
#3606=DIRECTION('',(0.0,-1.0,0.0));
#3607=DIRECTION('',(0.0,0.0,1.0));
#3608=DIRECTION('',(0.0,-1.0,0.0));
#3609=DIRECTION('',(1.0,0.0,0.0));
#3610=DIRECTION('',(0.0,-1.0,0.0));
#3611=CARTESIAN_POINT('',(-3.1,8.0,-6.0));
#3612=DIRECTION('',(0.0,-1.0,0.0));
#3613=DIRECTION('',(1.0,0.0,5.92118946466749E-15));
#3614=DIRECTION('',(0.0,-1.0,0.0));
#3615=DIRECTION('',(0.0,0.0,-1.0));
#3616=DIRECTION('',(0.0,-1.0,0.0));
#3617=DIRECTION('',(0.707106781186548,0.0,-0.707106781186548));
#3618=DIRECTION('',(0.0,-1.0,0.0));
#3619=DIRECTION('',(1.0,0.0,0.0));
#3620=DIRECTION('',(0.0,-1.0,0.0));
#3621=CARTESIAN_POINT('',(-1.0,8.0,-6.2));
#3622=DIRECTION('',(0.0,-1.0,0.0));
#3623=DIRECTION('',(1.77635683940025E-15,0.0,-1.0));
#3624=DIRECTION('',(0.0,0.0,1.0));
ENDSEC;
END-ISO-10303-21;
