ISO-10303-21;
HEADER;
FILE_DESCRIPTION(('STEP AP214'),'1');
FILE_NAME('cctmp_8C5042E8-4970-4BF2-B670-1154949B697D_2024_10_13_13_07_08_0109_14960..stp','2024-10-13T11:07:08',('KiM GmbH'),('CADClick - www.CADClick.com'),'Spatial InterOp 3D',' ','unknown authorization');
FILE_SCHEMA(('AUTOMOTIVE_DESIGN'));
ENDSEC;
DATA;
#1=MECHANICAL_DESIGN_GEOMETRIC_PRESENTATION_REPRESENTATION(' ',(#10,#11,#12,#13,#14,#15,#16,#17,#18,#19,#20,#21,#22,#23,#24,#25,#26,#27,#28,#29,#30,#31,#32,#33,#34,#35,#36,#37,#38,#39,#40,#41,#42,#43,#44,#45,#46,#47,#48,#49,#50,#51,#52,#53,#54,#55,#56,#57,#58,#59,#60,#61,#62,#63,#64,#65,#66,#67,#68,#69,#70,#71,#72,#73,#74,#75,#76,#77,#78,#79,#80,#81,#82,#83,#84,#85,#86,#87,#88,#89,#90,#91,#92,#93,#94,#95,#96,#97,#98,#99,#100,#101,#102,#103,#104,#105,#106,#107,#108,#109,#110,#111,#112,#113,#114,#115,#116,#117,#118,#119,#120,#121,#122,#123,#124,#125,#126,#127,#128,#129,#130,#131,#132,#133,#134,#135,#136,#137,#138,#139,#140,#141,#142,#143,#144,#145,#146,#147,#148,#149,#150,#151,#152,#153,#154,#155,#156,#157,#158,#159,#160,#161,#162,#163,#164,#165,#166,#167,#168,#169,#170,#171,#172,#173,#174,#175,#176,#177,#178,#179,#180,#181,#182,#183,#184,#185,#186,#187,#188,#189,#190),#6);
#2=PRODUCT_DEFINITION_CONTEXT('',#191,'design');
#3=APPLICATION_PROTOCOL_DEFINITION('INTERNATIONAL STANDARD','automotive_design',1994,#191);
#4=PRODUCT_CATEGORY_RELATIONSHIP('NONE','NONE',#192,#193);
#5=SHAPE_DEFINITION_REPRESENTATION(#194,#195);
#6= (GEOMETRIC_REPRESENTATION_CONTEXT(3)GLOBAL_UNCERTAINTY_ASSIGNED_CONTEXT((#198))GLOBAL_UNIT_ASSIGNED_CONTEXT((#200,#201,#202))REPRESENTATION_CONTEXT('NONE','WORKSPACE'));
#10=STYLED_ITEM('',(#204),#205);
#11=STYLED_ITEM('',(#206),#207);
#12=STYLED_ITEM('',(#208),#209);
#13=STYLED_ITEM('',(#210),#211);
#14=STYLED_ITEM('',(#212),#213);
#15=STYLED_ITEM('',(#214),#215);
#16=STYLED_ITEM('',(#216),#217);
#17=STYLED_ITEM('',(#218),#219);
#18=STYLED_ITEM('',(#220),#221);
#19=STYLED_ITEM('',(#222),#223);
#20=STYLED_ITEM('',(#224),#225);
#21=STYLED_ITEM('',(#226),#227);
#22=STYLED_ITEM('',(#228),#229);
#23=STYLED_ITEM('',(#230),#231);
#24=STYLED_ITEM('',(#232),#233);
#25=STYLED_ITEM('',(#234),#235);
#26=STYLED_ITEM('',(#236),#237);
#27=STYLED_ITEM('',(#238),#239);
#28=STYLED_ITEM('',(#240),#241);
#29=STYLED_ITEM('',(#242),#243);
#30=STYLED_ITEM('',(#244),#245);
#31=STYLED_ITEM('',(#246),#247);
#32=STYLED_ITEM('',(#248),#249);
#33=STYLED_ITEM('',(#250),#251);
#34=STYLED_ITEM('',(#252),#253);
#35=STYLED_ITEM('',(#254),#255);
#36=STYLED_ITEM('',(#256),#257);
#37=STYLED_ITEM('',(#258),#259);
#38=STYLED_ITEM('',(#260),#261);
#39=STYLED_ITEM('',(#262),#263);
#40=STYLED_ITEM('',(#264),#265);
#41=STYLED_ITEM('',(#266),#267);
#42=STYLED_ITEM('',(#268),#269);
#43=STYLED_ITEM('',(#270),#271);
#44=STYLED_ITEM('',(#272),#273);
#45=STYLED_ITEM('',(#274),#275);
#46=STYLED_ITEM('',(#276),#277);
#47=STYLED_ITEM('',(#278),#279);
#48=STYLED_ITEM('',(#280),#281);
#49=STYLED_ITEM('',(#282),#283);
#50=STYLED_ITEM('',(#284),#285);
#51=STYLED_ITEM('',(#286),#287);
#52=STYLED_ITEM('',(#288),#289);
#53=STYLED_ITEM('',(#290),#291);
#54=STYLED_ITEM('',(#292),#293);
#55=STYLED_ITEM('',(#294),#295);
#56=STYLED_ITEM('',(#296),#297);
#57=STYLED_ITEM('',(#298),#299);
#58=STYLED_ITEM('',(#300),#301);
#59=STYLED_ITEM('',(#302),#303);
#60=STYLED_ITEM('',(#304),#305);
#61=STYLED_ITEM('',(#306),#307);
#62=STYLED_ITEM('',(#308),#309);
#63=STYLED_ITEM('',(#310),#311);
#64=STYLED_ITEM('',(#312),#313);
#65=STYLED_ITEM('',(#314),#315);
#66=STYLED_ITEM('',(#316),#317);
#67=STYLED_ITEM('',(#318),#319);
#68=STYLED_ITEM('',(#320),#321);
#69=STYLED_ITEM('',(#322),#323);
#70=STYLED_ITEM('',(#324),#325);
#71=STYLED_ITEM('',(#326),#327);
#72=STYLED_ITEM('',(#328),#329);
#73=STYLED_ITEM('',(#330),#331);
#74=STYLED_ITEM('',(#332),#333);
#75=STYLED_ITEM('',(#334),#335);
#76=STYLED_ITEM('',(#336),#337);
#77=STYLED_ITEM('',(#338),#339);
#78=STYLED_ITEM('',(#340),#341);
#79=STYLED_ITEM('',(#342),#343);
#80=STYLED_ITEM('',(#344),#345);
#81=STYLED_ITEM('',(#346),#347);
#82=STYLED_ITEM('',(#348),#349);
#83=STYLED_ITEM('',(#350),#351);
#84=STYLED_ITEM('',(#352),#353);
#85=STYLED_ITEM('',(#354),#355);
#86=STYLED_ITEM('',(#356),#357);
#87=STYLED_ITEM('',(#358),#359);
#88=STYLED_ITEM('',(#360),#361);
#89=STYLED_ITEM('',(#362),#363);
#90=STYLED_ITEM('',(#364),#365);
#91=STYLED_ITEM('',(#366),#367);
#92=STYLED_ITEM('',(#368),#369);
#93=STYLED_ITEM('',(#370),#371);
#94=STYLED_ITEM('',(#372),#373);
#95=STYLED_ITEM('',(#374),#375);
#96=STYLED_ITEM('',(#376),#377);
#97=STYLED_ITEM('',(#378),#379);
#98=STYLED_ITEM('',(#380),#381);
#99=STYLED_ITEM('',(#382),#383);
#100=STYLED_ITEM('',(#384),#385);
#101=STYLED_ITEM('',(#386),#387);
#102=STYLED_ITEM('',(#388),#389);
#103=STYLED_ITEM('',(#390),#391);
#104=STYLED_ITEM('',(#392),#393);
#105=STYLED_ITEM('',(#394),#395);
#106=STYLED_ITEM('',(#396),#397);
#107=STYLED_ITEM('',(#398),#399);
#108=STYLED_ITEM('',(#400),#401);
#109=STYLED_ITEM('',(#402),#403);
#110=STYLED_ITEM('',(#404),#405);
#111=STYLED_ITEM('',(#406),#407);
#112=STYLED_ITEM('',(#408),#409);
#113=STYLED_ITEM('',(#410),#411);
#114=STYLED_ITEM('',(#412),#413);
#115=STYLED_ITEM('',(#414),#415);
#116=STYLED_ITEM('',(#416),#417);
#117=STYLED_ITEM('',(#418),#419);
#118=STYLED_ITEM('',(#420),#421);
#119=STYLED_ITEM('',(#422),#423);
#120=STYLED_ITEM('',(#424),#425);
#121=STYLED_ITEM('',(#426),#427);
#122=STYLED_ITEM('',(#428),#429);
#123=STYLED_ITEM('',(#430),#431);
#124=STYLED_ITEM('',(#432),#433);
#125=STYLED_ITEM('',(#434),#435);
#126=STYLED_ITEM('',(#436),#437);
#127=STYLED_ITEM('',(#438),#439);
#128=STYLED_ITEM('',(#440),#441);
#129=STYLED_ITEM('',(#442),#443);
#130=STYLED_ITEM('',(#444),#445);
#131=STYLED_ITEM('',(#446),#447);
#132=STYLED_ITEM('',(#448),#449);
#133=STYLED_ITEM('',(#450),#451);
#134=STYLED_ITEM('',(#452),#453);
#135=STYLED_ITEM('',(#454),#455);
#136=STYLED_ITEM('',(#456),#457);
#137=STYLED_ITEM('',(#458),#459);
#138=STYLED_ITEM('',(#460),#461);
#139=STYLED_ITEM('',(#462),#463);
#140=STYLED_ITEM('',(#464),#465);
#141=STYLED_ITEM('',(#466),#467);
#142=STYLED_ITEM('',(#468),#469);
#143=STYLED_ITEM('',(#470),#471);
#144=STYLED_ITEM('',(#472),#473);
#145=STYLED_ITEM('',(#474),#475);
#146=STYLED_ITEM('',(#476),#477);
#147=STYLED_ITEM('',(#478),#479);
#148=STYLED_ITEM('',(#480),#481);
#149=STYLED_ITEM('',(#482),#483);
#150=STYLED_ITEM('',(#484),#485);
#151=STYLED_ITEM('',(#486),#487);
#152=STYLED_ITEM('',(#488),#489);
#153=STYLED_ITEM('',(#490),#491);
#154=STYLED_ITEM('',(#492),#493);
#155=STYLED_ITEM('',(#494),#495);
#156=STYLED_ITEM('',(#496),#497);
#157=STYLED_ITEM('',(#498),#499);
#158=STYLED_ITEM('',(#500),#501);
#159=STYLED_ITEM('',(#502),#503);
#160=STYLED_ITEM('',(#504),#505);
#161=STYLED_ITEM('',(#506),#507);
#162=STYLED_ITEM('',(#508),#509);
#163=STYLED_ITEM('',(#510),#511);
#164=STYLED_ITEM('',(#512),#513);
#165=STYLED_ITEM('',(#514),#515);
#166=STYLED_ITEM('',(#516),#517);
#167=STYLED_ITEM('',(#518),#519);
#168=STYLED_ITEM('',(#520),#521);
#169=STYLED_ITEM('',(#522),#523);
#170=STYLED_ITEM('',(#524),#525);
#171=STYLED_ITEM('',(#526),#527);
#172=STYLED_ITEM('',(#528),#529);
#173=STYLED_ITEM('',(#530),#531);
#174=STYLED_ITEM('',(#532),#533);
#175=STYLED_ITEM('',(#534),#535);
#176=STYLED_ITEM('',(#536),#537);
#177=STYLED_ITEM('',(#538),#539);
#178=STYLED_ITEM('',(#540),#541);
#179=STYLED_ITEM('',(#542),#543);
#180=STYLED_ITEM('',(#544),#545);
#181=STYLED_ITEM('',(#546),#547);
#182=STYLED_ITEM('',(#548),#549);
#183=STYLED_ITEM('',(#550),#551);
#184=STYLED_ITEM('',(#552),#553);
#185=STYLED_ITEM('',(#554),#555);
#186=STYLED_ITEM('',(#556),#557);
#187=STYLED_ITEM('',(#558),#559);
#188=STYLED_ITEM('',(#560),#561);
#189=STYLED_ITEM('',(#562),#563);
#190=STYLED_ITEM('',(#564),#565);
#191=APPLICATION_CONTEXT(' ');
#192=PRODUCT_CATEGORY('part','NONE');
#193=PRODUCT_RELATED_PRODUCT_CATEGORY('detail',' ',(#566));
#194=PRODUCT_DEFINITION_SHAPE('NONE','NONE',#567);
#195=ADVANCED_BREP_SHAPE_REPRESENTATION('item_0037005_Profil 5 40x40_TextAttributFrage_Laenge=2500',(#565,#568),#6);
#198=UNCERTAINTY_MEASURE_WITH_UNIT(LENGTH_MEASURE(1.0E-06),#200,'','');
#200= (CONVERSION_BASED_UNIT('MILLIMETRE',#571)LENGTH_UNIT()NAMED_UNIT(#574));
#201= (NAMED_UNIT(#576)PLANE_ANGLE_UNIT()SI_UNIT($,.RADIAN.));
#202= (NAMED_UNIT(#576)SOLID_ANGLE_UNIT()SI_UNIT($,.STERADIAN.));
#204=PRESENTATION_STYLE_ASSIGNMENT((#582));
#205=ADVANCED_FACE('',(#583),#584,.F.);
#206=PRESENTATION_STYLE_ASSIGNMENT((#585));
#207=ADVANCED_FACE('',(#586),#587,.F.);
#208=PRESENTATION_STYLE_ASSIGNMENT((#588));
#209=ADVANCED_FACE('',(#589),#590,.F.);
#210=PRESENTATION_STYLE_ASSIGNMENT((#591));
#211=ADVANCED_FACE('',(#592),#593,.F.);
#212=PRESENTATION_STYLE_ASSIGNMENT((#594));
#213=ADVANCED_FACE('',(#595),#596,.F.);
#214=PRESENTATION_STYLE_ASSIGNMENT((#597));
#215=ADVANCED_FACE('',(#598),#599,.F.);
#216=PRESENTATION_STYLE_ASSIGNMENT((#600));
#217=ADVANCED_FACE('',(#601),#602,.F.);
#218=PRESENTATION_STYLE_ASSIGNMENT((#603));
#219=ADVANCED_FACE('',(#604),#605,.F.);
#220=PRESENTATION_STYLE_ASSIGNMENT((#606));
#221=ADVANCED_FACE('',(#607),#608,.F.);
#222=PRESENTATION_STYLE_ASSIGNMENT((#609));
#223=ADVANCED_FACE('',(#610),#611,.F.);
#224=PRESENTATION_STYLE_ASSIGNMENT((#612));
#225=ADVANCED_FACE('',(#613),#614,.F.);
#226=PRESENTATION_STYLE_ASSIGNMENT((#615));
#227=ADVANCED_FACE('',(#616),#617,.F.);
#228=PRESENTATION_STYLE_ASSIGNMENT((#618));
#229=ADVANCED_FACE('',(#619),#620,.F.);
#230=PRESENTATION_STYLE_ASSIGNMENT((#621));
#231=ADVANCED_FACE('',(#622),#623,.F.);
#232=PRESENTATION_STYLE_ASSIGNMENT((#624));
#233=ADVANCED_FACE('',(#625),#626,.F.);
#234=PRESENTATION_STYLE_ASSIGNMENT((#627));
#235=ADVANCED_FACE('',(#628),#629,.F.);
#236=PRESENTATION_STYLE_ASSIGNMENT((#630));
#237=ADVANCED_FACE('',(#631),#632,.F.);
#238=PRESENTATION_STYLE_ASSIGNMENT((#633));
#239=ADVANCED_FACE('',(#634),#635,.F.);
#240=PRESENTATION_STYLE_ASSIGNMENT((#636));
#241=ADVANCED_FACE('',(#637),#638,.F.);
#242=PRESENTATION_STYLE_ASSIGNMENT((#639));
#243=ADVANCED_FACE('',(#640),#641,.F.);
#244=PRESENTATION_STYLE_ASSIGNMENT((#642));
#245=ADVANCED_FACE('',(#643),#644,.F.);
#246=PRESENTATION_STYLE_ASSIGNMENT((#645));
#247=ADVANCED_FACE('',(#646),#647,.F.);
#248=PRESENTATION_STYLE_ASSIGNMENT((#648));
#249=ADVANCED_FACE('',(#649),#650,.F.);
#250=PRESENTATION_STYLE_ASSIGNMENT((#651));
#251=ADVANCED_FACE('',(#652),#653,.F.);
#252=PRESENTATION_STYLE_ASSIGNMENT((#654));
#253=ADVANCED_FACE('',(#655),#656,.F.);
#254=PRESENTATION_STYLE_ASSIGNMENT((#657));
#255=ADVANCED_FACE('',(#658),#659,.F.);
#256=PRESENTATION_STYLE_ASSIGNMENT((#660));
#257=ADVANCED_FACE('',(#661),#662,.F.);
#258=PRESENTATION_STYLE_ASSIGNMENT((#663));
#259=ADVANCED_FACE('',(#664),#665,.F.);
#260=PRESENTATION_STYLE_ASSIGNMENT((#666));
#261=ADVANCED_FACE('',(#667),#668,.F.);
#262=PRESENTATION_STYLE_ASSIGNMENT((#669));
#263=ADVANCED_FACE('',(#670),#671,.F.);
#264=PRESENTATION_STYLE_ASSIGNMENT((#672));
#265=ADVANCED_FACE('',(#673),#674,.F.);
#266=PRESENTATION_STYLE_ASSIGNMENT((#675));
#267=ADVANCED_FACE('',(#676),#677,.F.);
#268=PRESENTATION_STYLE_ASSIGNMENT((#678));
#269=ADVANCED_FACE('',(#679),#680,.F.);
#270=PRESENTATION_STYLE_ASSIGNMENT((#681));
#271=ADVANCED_FACE('',(#682),#683,.F.);
#272=PRESENTATION_STYLE_ASSIGNMENT((#684));
#273=ADVANCED_FACE('',(#685),#686,.F.);
#274=PRESENTATION_STYLE_ASSIGNMENT((#687));
#275=ADVANCED_FACE('',(#688),#689,.F.);
#276=PRESENTATION_STYLE_ASSIGNMENT((#690));
#277=ADVANCED_FACE('',(#691),#692,.F.);
#278=PRESENTATION_STYLE_ASSIGNMENT((#693));
#279=ADVANCED_FACE('',(#694),#695,.F.);
#280=PRESENTATION_STYLE_ASSIGNMENT((#696));
#281=ADVANCED_FACE('',(#697),#698,.F.);
#282=PRESENTATION_STYLE_ASSIGNMENT((#699));
#283=ADVANCED_FACE('',(#700),#701,.F.);
#284=PRESENTATION_STYLE_ASSIGNMENT((#702));
#285=ADVANCED_FACE('',(#703),#704,.F.);
#286=PRESENTATION_STYLE_ASSIGNMENT((#705));
#287=ADVANCED_FACE('',(#706),#707,.F.);
#288=PRESENTATION_STYLE_ASSIGNMENT((#708));
#289=ADVANCED_FACE('',(#709),#710,.F.);
#290=PRESENTATION_STYLE_ASSIGNMENT((#711));
#291=ADVANCED_FACE('',(#712),#713,.F.);
#292=PRESENTATION_STYLE_ASSIGNMENT((#714));
#293=ADVANCED_FACE('',(#715),#716,.F.);
#294=PRESENTATION_STYLE_ASSIGNMENT((#717));
#295=ADVANCED_FACE('',(#718),#719,.F.);
#296=PRESENTATION_STYLE_ASSIGNMENT((#720));
#297=ADVANCED_FACE('',(#721),#722,.T.);
#298=PRESENTATION_STYLE_ASSIGNMENT((#723));
#299=ADVANCED_FACE('',(#724),#725,.F.);
#300=PRESENTATION_STYLE_ASSIGNMENT((#726));
#301=ADVANCED_FACE('',(#727),#728,.T.);
#302=PRESENTATION_STYLE_ASSIGNMENT((#729));
#303=ADVANCED_FACE('',(#730),#731,.T.);
#304=PRESENTATION_STYLE_ASSIGNMENT((#732));
#305=ADVANCED_FACE('',(#733),#734,.F.);
#306=PRESENTATION_STYLE_ASSIGNMENT((#735));
#307=ADVANCED_FACE('',(#736),#737,.T.);
#308=PRESENTATION_STYLE_ASSIGNMENT((#738));
#309=ADVANCED_FACE('',(#739),#740,.F.);
#310=PRESENTATION_STYLE_ASSIGNMENT((#741));
#311=ADVANCED_FACE('',(#742),#743,.F.);
#312=PRESENTATION_STYLE_ASSIGNMENT((#744));
#313=ADVANCED_FACE('',(#745),#746,.F.);
#314=PRESENTATION_STYLE_ASSIGNMENT((#747));
#315=ADVANCED_FACE('',(#748),#749,.F.);
#316=PRESENTATION_STYLE_ASSIGNMENT((#750));
#317=ADVANCED_FACE('',(#751),#752,.F.);
#318=PRESENTATION_STYLE_ASSIGNMENT((#753));
#319=ADVANCED_FACE('',(#754,#755,#756,#757,#758,#759),#760,.F.);
#320=PRESENTATION_STYLE_ASSIGNMENT((#761));
#321=ADVANCED_FACE('',(#762),#763,.T.);
#322=PRESENTATION_STYLE_ASSIGNMENT((#764));
#323=ADVANCED_FACE('',(#765),#766,.F.);
#324=PRESENTATION_STYLE_ASSIGNMENT((#767));
#325=ADVANCED_FACE('',(#768),#769,.F.);
#326=PRESENTATION_STYLE_ASSIGNMENT((#770));
#327=ADVANCED_FACE('',(#771),#772,.F.);
#328=PRESENTATION_STYLE_ASSIGNMENT((#773));
#329=ADVANCED_FACE('',(#774),#775,.F.);
#330=PRESENTATION_STYLE_ASSIGNMENT((#776));
#331=ADVANCED_FACE('',(#777),#778,.T.);
#332=PRESENTATION_STYLE_ASSIGNMENT((#779));
#333=ADVANCED_FACE('',(#780),#781,.F.);
#334=PRESENTATION_STYLE_ASSIGNMENT((#782));
#335=ADVANCED_FACE('',(#783),#784,.T.);
#336=PRESENTATION_STYLE_ASSIGNMENT((#785));
#337=ADVANCED_FACE('',(#786),#787,.T.);
#338=PRESENTATION_STYLE_ASSIGNMENT((#788));
#339=ADVANCED_FACE('',(#789),#790,.F.);
#340=PRESENTATION_STYLE_ASSIGNMENT((#791));
#341=ADVANCED_FACE('',(#792),#793,.T.);
#342=PRESENTATION_STYLE_ASSIGNMENT((#794));
#343=ADVANCED_FACE('',(#795),#796,.F.);
#344=PRESENTATION_STYLE_ASSIGNMENT((#797));
#345=ADVANCED_FACE('',(#798),#799,.F.);
#346=PRESENTATION_STYLE_ASSIGNMENT((#800));
#347=ADVANCED_FACE('',(#801),#802,.F.);
#348=PRESENTATION_STYLE_ASSIGNMENT((#803));
#349=ADVANCED_FACE('',(#804),#805,.F.);
#350=PRESENTATION_STYLE_ASSIGNMENT((#806));
#351=ADVANCED_FACE('',(#807),#808,.F.);
#352=PRESENTATION_STYLE_ASSIGNMENT((#809));
#353=ADVANCED_FACE('',(#810),#811,.T.);
#354=PRESENTATION_STYLE_ASSIGNMENT((#812));
#355=ADVANCED_FACE('',(#813),#814,.F.);
#356=PRESENTATION_STYLE_ASSIGNMENT((#815));
#357=ADVANCED_FACE('',(#816),#817,.F.);
#358=PRESENTATION_STYLE_ASSIGNMENT((#818));
#359=ADVANCED_FACE('',(#819),#820,.F.);
#360=PRESENTATION_STYLE_ASSIGNMENT((#821));
#361=ADVANCED_FACE('',(#822),#823,.F.);
#362=PRESENTATION_STYLE_ASSIGNMENT((#824));
#363=ADVANCED_FACE('',(#825),#826,.T.);
#364=PRESENTATION_STYLE_ASSIGNMENT((#827));
#365=ADVANCED_FACE('',(#828),#829,.F.);
#366=PRESENTATION_STYLE_ASSIGNMENT((#830));
#367=ADVANCED_FACE('',(#831),#832,.T.);
#368=PRESENTATION_STYLE_ASSIGNMENT((#833));
#369=ADVANCED_FACE('',(#834),#835,.T.);
#370=PRESENTATION_STYLE_ASSIGNMENT((#836));
#371=ADVANCED_FACE('',(#837),#838,.F.);
#372=PRESENTATION_STYLE_ASSIGNMENT((#839));
#373=ADVANCED_FACE('',(#840),#841,.T.);
#374=PRESENTATION_STYLE_ASSIGNMENT((#842));
#375=ADVANCED_FACE('',(#843),#844,.F.);
#376=PRESENTATION_STYLE_ASSIGNMENT((#845));
#377=ADVANCED_FACE('',(#846),#847,.F.);
#378=PRESENTATION_STYLE_ASSIGNMENT((#848));
#379=ADVANCED_FACE('',(#849),#850,.F.);
#380=PRESENTATION_STYLE_ASSIGNMENT((#851));
#381=ADVANCED_FACE('',(#852),#853,.F.);
#382=PRESENTATION_STYLE_ASSIGNMENT((#854));
#383=ADVANCED_FACE('',(#855),#856,.F.);
#384=PRESENTATION_STYLE_ASSIGNMENT((#857));
#385=ADVANCED_FACE('',(#858),#859,.T.);
#386=PRESENTATION_STYLE_ASSIGNMENT((#860));
#387=ADVANCED_FACE('',(#861),#862,.F.);
#388=PRESENTATION_STYLE_ASSIGNMENT((#863));
#389=ADVANCED_FACE('',(#864),#865,.F.);
#390=PRESENTATION_STYLE_ASSIGNMENT((#866));
#391=ADVANCED_FACE('',(#867),#868,.F.);
#392=PRESENTATION_STYLE_ASSIGNMENT((#869));
#393=ADVANCED_FACE('',(#870),#871,.F.);
#394=PRESENTATION_STYLE_ASSIGNMENT((#872));
#395=ADVANCED_FACE('',(#873),#874,.T.);
#396=PRESENTATION_STYLE_ASSIGNMENT((#875));
#397=ADVANCED_FACE('',(#876),#877,.F.);
#398=PRESENTATION_STYLE_ASSIGNMENT((#878));
#399=ADVANCED_FACE('',(#879),#880,.T.);
#400=PRESENTATION_STYLE_ASSIGNMENT((#881));
#401=ADVANCED_FACE('',(#882),#883,.T.);
#402=PRESENTATION_STYLE_ASSIGNMENT((#884));
#403=ADVANCED_FACE('',(#885),#886,.F.);
#404=PRESENTATION_STYLE_ASSIGNMENT((#887));
#405=ADVANCED_FACE('',(#888),#889,.T.);
#406=PRESENTATION_STYLE_ASSIGNMENT((#890));
#407=ADVANCED_FACE('',(#891),#892,.F.);
#408=PRESENTATION_STYLE_ASSIGNMENT((#893));
#409=ADVANCED_FACE('',(#894),#895,.F.);
#410=PRESENTATION_STYLE_ASSIGNMENT((#896));
#411=ADVANCED_FACE('',(#897),#898,.F.);
#412=PRESENTATION_STYLE_ASSIGNMENT((#899));
#413=ADVANCED_FACE('',(#900),#901,.F.);
#414=PRESENTATION_STYLE_ASSIGNMENT((#902));
#415=ADVANCED_FACE('',(#903),#904,.F.);
#416=PRESENTATION_STYLE_ASSIGNMENT((#905));
#417=ADVANCED_FACE('',(#906),#907,.T.);
#418=PRESENTATION_STYLE_ASSIGNMENT((#908));
#419=ADVANCED_FACE('',(#909),#910,.F.);
#420=PRESENTATION_STYLE_ASSIGNMENT((#911));
#421=ADVANCED_FACE('',(#912),#913,.F.);
#422=PRESENTATION_STYLE_ASSIGNMENT((#914));
#423=ADVANCED_FACE('',(#915),#916,.F.);
#424=PRESENTATION_STYLE_ASSIGNMENT((#917));
#425=ADVANCED_FACE('',(#918),#919,.F.);
#426=PRESENTATION_STYLE_ASSIGNMENT((#920));
#427=ADVANCED_FACE('',(#921),#922,.T.);
#428=PRESENTATION_STYLE_ASSIGNMENT((#923));
#429=ADVANCED_FACE('',(#924),#925,.F.);
#430=PRESENTATION_STYLE_ASSIGNMENT((#926));
#431=ADVANCED_FACE('',(#927),#928,.T.);
#432=PRESENTATION_STYLE_ASSIGNMENT((#929));
#433=ADVANCED_FACE('',(#930),#931,.T.);
#434=PRESENTATION_STYLE_ASSIGNMENT((#932));
#435=ADVANCED_FACE('',(#933),#934,.F.);
#436=PRESENTATION_STYLE_ASSIGNMENT((#935));
#437=ADVANCED_FACE('',(#936),#937,.T.);
#438=PRESENTATION_STYLE_ASSIGNMENT((#938));
#439=ADVANCED_FACE('',(#939),#940,.F.);
#440=PRESENTATION_STYLE_ASSIGNMENT((#941));
#441=ADVANCED_FACE('',(#942),#943,.F.);
#442=PRESENTATION_STYLE_ASSIGNMENT((#944));
#443=ADVANCED_FACE('',(#945),#946,.F.);
#444=PRESENTATION_STYLE_ASSIGNMENT((#947));
#445=ADVANCED_FACE('',(#948),#949,.F.);
#446=PRESENTATION_STYLE_ASSIGNMENT((#950));
#447=ADVANCED_FACE('',(#951),#952,.F.);
#448=PRESENTATION_STYLE_ASSIGNMENT((#953));
#449=ADVANCED_FACE('',(#954),#955,.T.);
#450=PRESENTATION_STYLE_ASSIGNMENT((#956));
#451=ADVANCED_FACE('',(#957),#958,.F.);
#452=PRESENTATION_STYLE_ASSIGNMENT((#959));
#453=ADVANCED_FACE('',(#960),#961,.F.);
#454=PRESENTATION_STYLE_ASSIGNMENT((#962));
#455=ADVANCED_FACE('',(#963),#964,.F.);
#456=PRESENTATION_STYLE_ASSIGNMENT((#965));
#457=ADVANCED_FACE('',(#966),#967,.F.);
#458=PRESENTATION_STYLE_ASSIGNMENT((#968));
#459=ADVANCED_FACE('',(#969),#970,.T.);
#460=PRESENTATION_STYLE_ASSIGNMENT((#971));
#461=ADVANCED_FACE('',(#972),#973,.F.);
#462=PRESENTATION_STYLE_ASSIGNMENT((#974));
#463=ADVANCED_FACE('',(#975),#976,.T.);
#464=PRESENTATION_STYLE_ASSIGNMENT((#977));
#465=ADVANCED_FACE('',(#978),#979,.T.);
#466=PRESENTATION_STYLE_ASSIGNMENT((#980));
#467=ADVANCED_FACE('',(#981),#982,.F.);
#468=PRESENTATION_STYLE_ASSIGNMENT((#983));
#469=ADVANCED_FACE('',(#984),#985,.T.);
#470=PRESENTATION_STYLE_ASSIGNMENT((#986));
#471=ADVANCED_FACE('',(#987),#988,.F.);
#472=PRESENTATION_STYLE_ASSIGNMENT((#989));
#473=ADVANCED_FACE('',(#990),#991,.F.);
#474=PRESENTATION_STYLE_ASSIGNMENT((#992));
#475=ADVANCED_FACE('',(#993),#994,.F.);
#476=PRESENTATION_STYLE_ASSIGNMENT((#995));
#477=ADVANCED_FACE('',(#996),#997,.F.);
#478=PRESENTATION_STYLE_ASSIGNMENT((#998));
#479=ADVANCED_FACE('',(#999),#1000,.F.);
#480=PRESENTATION_STYLE_ASSIGNMENT((#1001));
#481=ADVANCED_FACE('',(#1002),#1003,.T.);
#482=PRESENTATION_STYLE_ASSIGNMENT((#1004));
#483=ADVANCED_FACE('',(#1005),#1006,.F.);
#484=PRESENTATION_STYLE_ASSIGNMENT((#1007));
#485=ADVANCED_FACE('',(#1008),#1009,.F.);
#486=PRESENTATION_STYLE_ASSIGNMENT((#1010));
#487=ADVANCED_FACE('',(#1011),#1012,.F.);
#488=PRESENTATION_STYLE_ASSIGNMENT((#1013));
#489=ADVANCED_FACE('',(#1014),#1015,.F.);
#490=PRESENTATION_STYLE_ASSIGNMENT((#1016));
#491=ADVANCED_FACE('',(#1017),#1018,.T.);
#492=PRESENTATION_STYLE_ASSIGNMENT((#1019));
#493=ADVANCED_FACE('',(#1020),#1021,.F.);
#494=PRESENTATION_STYLE_ASSIGNMENT((#1022));
#495=ADVANCED_FACE('',(#1023),#1024,.T.);
#496=PRESENTATION_STYLE_ASSIGNMENT((#1025));
#497=ADVANCED_FACE('',(#1026),#1027,.T.);
#498=PRESENTATION_STYLE_ASSIGNMENT((#1028));
#499=ADVANCED_FACE('',(#1029),#1030,.F.);
#500=PRESENTATION_STYLE_ASSIGNMENT((#1031));
#501=ADVANCED_FACE('',(#1032),#1033,.T.);
#502=PRESENTATION_STYLE_ASSIGNMENT((#1034));
#503=ADVANCED_FACE('',(#1035),#1036,.F.);
#504=PRESENTATION_STYLE_ASSIGNMENT((#1037));
#505=ADVANCED_FACE('',(#1038),#1039,.F.);
#506=PRESENTATION_STYLE_ASSIGNMENT((#1040));
#507=ADVANCED_FACE('',(#1041),#1042,.F.);
#508=PRESENTATION_STYLE_ASSIGNMENT((#1043));
#509=ADVANCED_FACE('',(#1044),#1045,.F.);
#510=PRESENTATION_STYLE_ASSIGNMENT((#1046));
#511=ADVANCED_FACE('',(#1047),#1048,.F.);
#512=PRESENTATION_STYLE_ASSIGNMENT((#1049));
#513=ADVANCED_FACE('',(#1050),#1051,.T.);
#514=PRESENTATION_STYLE_ASSIGNMENT((#1052));
#515=ADVANCED_FACE('',(#1053),#1054,.F.);
#516=PRESENTATION_STYLE_ASSIGNMENT((#1055));
#517=ADVANCED_FACE('',(#1056),#1057,.F.);
#518=PRESENTATION_STYLE_ASSIGNMENT((#1058));
#519=ADVANCED_FACE('',(#1059),#1060,.F.);
#520=PRESENTATION_STYLE_ASSIGNMENT((#1061));
#521=ADVANCED_FACE('',(#1062),#1063,.F.);
#522=PRESENTATION_STYLE_ASSIGNMENT((#1064));
#523=ADVANCED_FACE('',(#1065),#1066,.T.);
#524=PRESENTATION_STYLE_ASSIGNMENT((#1067));
#525=ADVANCED_FACE('',(#1068),#1069,.F.);
#526=PRESENTATION_STYLE_ASSIGNMENT((#1070));
#527=ADVANCED_FACE('',(#1071),#1072,.T.);
#528=PRESENTATION_STYLE_ASSIGNMENT((#1073));
#529=ADVANCED_FACE('',(#1074),#1075,.T.);
#530=PRESENTATION_STYLE_ASSIGNMENT((#1076));
#531=ADVANCED_FACE('',(#1077),#1078,.F.);
#532=PRESENTATION_STYLE_ASSIGNMENT((#1079));
#533=ADVANCED_FACE('',(#1080),#1081,.T.);
#534=PRESENTATION_STYLE_ASSIGNMENT((#1082));
#535=ADVANCED_FACE('',(#1083),#1084,.F.);
#536=PRESENTATION_STYLE_ASSIGNMENT((#1085));
#537=ADVANCED_FACE('',(#1086),#1087,.F.);
#538=PRESENTATION_STYLE_ASSIGNMENT((#1088));
#539=ADVANCED_FACE('',(#1089),#1090,.F.);
#540=PRESENTATION_STYLE_ASSIGNMENT((#1091));
#541=ADVANCED_FACE('',(#1092),#1093,.F.);
#542=PRESENTATION_STYLE_ASSIGNMENT((#1094));
#543=ADVANCED_FACE('',(#1095),#1096,.F.);
#544=PRESENTATION_STYLE_ASSIGNMENT((#1097));
#545=ADVANCED_FACE('',(#1098),#1099,.T.);
#546=PRESENTATION_STYLE_ASSIGNMENT((#1100));
#547=ADVANCED_FACE('',(#1101),#1102,.T.);
#548=PRESENTATION_STYLE_ASSIGNMENT((#1103));
#549=ADVANCED_FACE('',(#1104),#1105,.T.);
#550=PRESENTATION_STYLE_ASSIGNMENT((#1106));
#551=ADVANCED_FACE('',(#1107),#1108,.T.);
#552=PRESENTATION_STYLE_ASSIGNMENT((#1109));
#553=ADVANCED_FACE('',(#1110),#1111,.T.);
#554=PRESENTATION_STYLE_ASSIGNMENT((#1112));
#555=ADVANCED_FACE('',(#1113),#1114,.T.);
#556=PRESENTATION_STYLE_ASSIGNMENT((#1115));
#557=ADVANCED_FACE('',(#1116),#1117,.T.);
#558=PRESENTATION_STYLE_ASSIGNMENT((#1118));
#559=ADVANCED_FACE('',(#1119),#1120,.T.);
#560=PRESENTATION_STYLE_ASSIGNMENT((#1121));
#561=ADVANCED_FACE('',(#1122),#1123,.T.);
#562=PRESENTATION_STYLE_ASSIGNMENT((#1124));
#563=ADVANCED_FACE('',(#1125,#1126,#1127,#1128,#1129,#1130),#1131,.T.);
#564=PRESENTATION_STYLE_ASSIGNMENT((#1132));
#565=MANIFOLD_SOLID_BREP('item_0037005_Profil 5 40x40_TextAttributFrage_Laenge=2500',#1133);
#566=PRODUCT('item_0037005_Profil 5 40x40_TextAttributFrage_Laenge=2500','item_0037005_Profil 5 40x40_TextAttributFrage_Laenge=2500','PART-item_0037005_Profil 5 40x40_TextAttributFrage_Laenge=2500-DESC',(#1134));
#567=PRODUCT_DEFINITION('','NONE',#1135,#2);
#568=AXIS2_PLACEMENT_3D('',#1136,#1137,#1138);
#571=LENGTH_MEASURE_WITH_UNIT(LENGTH_MEASURE(1.0),#1139);
#574=DIMENSIONAL_EXPONENTS(1.0,0.0,0.0,0.0,0.0,0.0,0.0);
#576=DIMENSIONAL_EXPONENTS(0.0,0.0,0.0,0.0,0.0,0.0,0.0);
#582=SURFACE_STYLE_USAGE(.BOTH.,#1140);
#583=FACE_OUTER_BOUND('',#1141,.T.);
#584=CYLINDRICAL_SURFACE('',#1142,2.15);
#585=SURFACE_STYLE_USAGE(.BOTH.,#1143);
#586=FACE_OUTER_BOUND('',#1144,.T.);
#587=CYLINDRICAL_SURFACE('',#1145,2.15);
#588=SURFACE_STYLE_USAGE(.BOTH.,#1146);
#589=FACE_OUTER_BOUND('',#1147,.T.);
#590=CYLINDRICAL_SURFACE('',#1148,2.15);
#591=SURFACE_STYLE_USAGE(.BOTH.,#1149);
#592=FACE_OUTER_BOUND('',#1150,.T.);
#593=CYLINDRICAL_SURFACE('',#1151,2.15);
#594=SURFACE_STYLE_USAGE(.BOTH.,#1152);
#595=FACE_OUTER_BOUND('',#1153,.T.);
#596=CYLINDRICAL_SURFACE('',#1154,1.99999999664394);
#597=SURFACE_STYLE_USAGE(.BOTH.,#1155);
#598=FACE_OUTER_BOUND('',#1156,.T.);
#599=PLANE('',#1157);
#600=SURFACE_STYLE_USAGE(.BOTH.,#1158);
#601=FACE_OUTER_BOUND('',#1159,.T.);
#602=CYLINDRICAL_SURFACE('',#1160,3.0);
#603=SURFACE_STYLE_USAGE(.BOTH.,#1161);
#604=FACE_OUTER_BOUND('',#1162,.T.);
#605=PLANE('',#1163);
#606=SURFACE_STYLE_USAGE(.BOTH.,#1164);
#607=FACE_OUTER_BOUND('',#1165,.T.);
#608=PLANE('',#1166);
#609=SURFACE_STYLE_USAGE(.BOTH.,#1167);
#610=FACE_OUTER_BOUND('',#1168,.T.);
#611=PLANE('',#1169);
#612=SURFACE_STYLE_USAGE(.BOTH.,#1170);
#613=FACE_OUTER_BOUND('',#1171,.T.);
#614=CYLINDRICAL_SURFACE('',#1172,2.99999999496588);
#615=SURFACE_STYLE_USAGE(.BOTH.,#1173);
#616=FACE_OUTER_BOUND('',#1174,.T.);
#617=PLANE('',#1175);
#618=SURFACE_STYLE_USAGE(.BOTH.,#1176);
#619=FACE_OUTER_BOUND('',#1177,.T.);
#620=CYLINDRICAL_SURFACE('',#1178,1.99999999664395);
#621=SURFACE_STYLE_USAGE(.BOTH.,#1179);
#622=FACE_OUTER_BOUND('',#1180,.T.);
#623=PLANE('',#1181);
#624=SURFACE_STYLE_USAGE(.BOTH.,#1182);
#625=FACE_OUTER_BOUND('',#1183,.T.);
#626=CYLINDRICAL_SURFACE('',#1184,3.0);
#627=SURFACE_STYLE_USAGE(.BOTH.,#1185);
#628=FACE_OUTER_BOUND('',#1186,.T.);
#629=PLANE('',#1187);
#630=SURFACE_STYLE_USAGE(.BOTH.,#1188);
#631=FACE_OUTER_BOUND('',#1189,.T.);
#632=PLANE('',#1190);
#633=SURFACE_STYLE_USAGE(.BOTH.,#1191);
#634=FACE_OUTER_BOUND('',#1192,.T.);
#635=PLANE('',#1193);
#636=SURFACE_STYLE_USAGE(.BOTH.,#1194);
#637=FACE_OUTER_BOUND('',#1195,.T.);
#638=PLANE('',#1196);
#639=SURFACE_STYLE_USAGE(.BOTH.,#1197);
#640=FACE_OUTER_BOUND('',#1198,.T.);
#641=CYLINDRICAL_SURFACE('',#1199,2.99999999496585);
#642=SURFACE_STYLE_USAGE(.BOTH.,#1200);
#643=FACE_OUTER_BOUND('',#1201,.T.);
#644=PLANE('',#1202);
#645=SURFACE_STYLE_USAGE(.BOTH.,#1203);
#646=FACE_OUTER_BOUND('',#1204,.T.);
#647=CYLINDRICAL_SURFACE('',#1205,1.99999999664394);
#648=SURFACE_STYLE_USAGE(.BOTH.,#1206);
#649=FACE_OUTER_BOUND('',#1207,.T.);
#650=PLANE('',#1208);
#651=SURFACE_STYLE_USAGE(.BOTH.,#1209);
#652=FACE_OUTER_BOUND('',#1210,.T.);
#653=CYLINDRICAL_SURFACE('',#1211,3.00000000000001);
#654=SURFACE_STYLE_USAGE(.BOTH.,#1212);
#655=FACE_OUTER_BOUND('',#1213,.T.);
#656=PLANE('',#1214);
#657=SURFACE_STYLE_USAGE(.BOTH.,#1215);
#658=FACE_OUTER_BOUND('',#1216,.T.);
#659=PLANE('',#1217);
#660=SURFACE_STYLE_USAGE(.BOTH.,#1218);
#661=FACE_OUTER_BOUND('',#1219,.T.);
#662=PLANE('',#1220);
#663=SURFACE_STYLE_USAGE(.BOTH.,#1221);
#664=FACE_OUTER_BOUND('',#1222,.T.);
#665=PLANE('',#1223);
#666=SURFACE_STYLE_USAGE(.BOTH.,#1224);
#667=FACE_OUTER_BOUND('',#1225,.T.);
#668=CYLINDRICAL_SURFACE('',#1226,2.9999999949659);
#669=SURFACE_STYLE_USAGE(.BOTH.,#1227);
#670=FACE_OUTER_BOUND('',#1228,.T.);
#671=PLANE('',#1229);
#672=SURFACE_STYLE_USAGE(.BOTH.,#1230);
#673=FACE_OUTER_BOUND('',#1231,.T.);
#674=CYLINDRICAL_SURFACE('',#1232,1.99999999664394);
#675=SURFACE_STYLE_USAGE(.BOTH.,#1233);
#676=FACE_OUTER_BOUND('',#1234,.T.);
#677=PLANE('',#1235);
#678=SURFACE_STYLE_USAGE(.BOTH.,#1236);
#679=FACE_OUTER_BOUND('',#1237,.T.);
#680=CYLINDRICAL_SURFACE('',#1238,3.0);
#681=SURFACE_STYLE_USAGE(.BOTH.,#1239);
#682=FACE_OUTER_BOUND('',#1240,.T.);
#683=PLANE('',#1241);
#684=SURFACE_STYLE_USAGE(.BOTH.,#1242);
#685=FACE_OUTER_BOUND('',#1243,.T.);
#686=PLANE('',#1244);
#687=SURFACE_STYLE_USAGE(.BOTH.,#1245);
#688=FACE_OUTER_BOUND('',#1246,.T.);
#689=PLANE('',#1247);
#690=SURFACE_STYLE_USAGE(.BOTH.,#1248);
#691=FACE_OUTER_BOUND('',#1249,.T.);
#692=CYLINDRICAL_SURFACE('',#1250,2.99999999496591);
#693=SURFACE_STYLE_USAGE(.BOTH.,#1251);
#694=FACE_OUTER_BOUND('',#1252,.T.);
#695=PLANE('',#1253);
#696=SURFACE_STYLE_USAGE(.BOTH.,#1254);
#697=FACE_OUTER_BOUND('',#1255,.T.);
#698=CYLINDRICAL_SURFACE('',#1256,2.15);
#699=SURFACE_STYLE_USAGE(.BOTH.,#1257);
#700=FACE_OUTER_BOUND('',#1258,.T.);
#701=CYLINDRICAL_SURFACE('',#1259,2.15);
#702=SURFACE_STYLE_USAGE(.BOTH.,#1260);
#703=FACE_OUTER_BOUND('',#1261,.T.);
#704=CYLINDRICAL_SURFACE('',#1262,2.15);
#705=SURFACE_STYLE_USAGE(.BOTH.,#1263);
#706=FACE_OUTER_BOUND('',#1264,.T.);
#707=CYLINDRICAL_SURFACE('',#1265,2.15);
#708=SURFACE_STYLE_USAGE(.BOTH.,#1266);
#709=FACE_OUTER_BOUND('',#1267,.T.);
#710=CYLINDRICAL_SURFACE('',#1268,2.99999999999999);
#711=SURFACE_STYLE_USAGE(.BOTH.,#1269);
#712=FACE_OUTER_BOUND('',#1270,.T.);
#713=PLANE('',#1271);
#714=SURFACE_STYLE_USAGE(.BOTH.,#1272);
#715=FACE_OUTER_BOUND('',#1273,.T.);
#716=CYLINDRICAL_SURFACE('',#1274,0.832411604103561);
#717=SURFACE_STYLE_USAGE(.BOTH.,#1275);
#718=FACE_OUTER_BOUND('',#1276,.T.);
#719=PLANE('',#1277);
#720=SURFACE_STYLE_USAGE(.BOTH.,#1278);
#721=FACE_OUTER_BOUND('',#1279,.T.);
#722=CYLINDRICAL_SURFACE('',#1280,0.3);
#723=SURFACE_STYLE_USAGE(.BOTH.,#1281);
#724=FACE_OUTER_BOUND('',#1282,.T.);
#725=PLANE('',#1283);
#726=SURFACE_STYLE_USAGE(.BOTH.,#1284);
#727=FACE_OUTER_BOUND('',#1285,.T.);
#728=CYLINDRICAL_SURFACE('',#1286,0.799999999999998);
#729=SURFACE_STYLE_USAGE(.BOTH.,#1287);
#730=FACE_OUTER_BOUND('',#1288,.T.);
#731=CYLINDRICAL_SURFACE('',#1289,0.8);
#732=SURFACE_STYLE_USAGE(.BOTH.,#1290);
#733=FACE_OUTER_BOUND('',#1291,.T.);
#734=PLANE('',#1292);
#735=SURFACE_STYLE_USAGE(.BOTH.,#1293);
#736=FACE_OUTER_BOUND('',#1294,.T.);
#737=CYLINDRICAL_SURFACE('',#1295,0.299999999999998);
#738=SURFACE_STYLE_USAGE(.BOTH.,#1296);
#739=FACE_OUTER_BOUND('',#1297,.T.);
#740=PLANE('',#1298);
#741=SURFACE_STYLE_USAGE(.BOTH.,#1299);
#742=FACE_OUTER_BOUND('',#1300,.T.);
#743=CYLINDRICAL_SURFACE('',#1301,0.832411610000001);
#744=SURFACE_STYLE_USAGE(.BOTH.,#1302);
#745=FACE_OUTER_BOUND('',#1303,.T.);
#746=PLANE('',#1304);
#747=SURFACE_STYLE_USAGE(.BOTH.,#1305);
#748=FACE_OUTER_BOUND('',#1306,.T.);
#749=CYLINDRICAL_SURFACE('',#1307,2.9999999949659);
#750=SURFACE_STYLE_USAGE(.BOTH.,#1308);
#751=FACE_OUTER_BOUND('',#1309,.T.);
#752=PLANE('',#1310);
#753=SURFACE_STYLE_USAGE(.BOTH.,#1311);
#754=FACE_BOUND('',#1312,.T.);
#755=FACE_BOUND('',#1313,.T.);
#756=FACE_BOUND('',#1314,.T.);
#757=FACE_BOUND('',#1315,.T.);
#758=FACE_BOUND('',#1316,.T.);
#759=FACE_OUTER_BOUND('',#1317,.T.);
#760=PLANE('',#1318);
#761=SURFACE_STYLE_USAGE(.BOTH.,#1319);
#762=FACE_OUTER_BOUND('',#1320,.T.);
#763=PLANE('',#1321);
#764=SURFACE_STYLE_USAGE(.BOTH.,#1322);
#765=FACE_OUTER_BOUND('',#1323,.T.);
#766=CYLINDRICAL_SURFACE('',#1324,2.99999999999999);
#767=SURFACE_STYLE_USAGE(.BOTH.,#1325);
#768=FACE_OUTER_BOUND('',#1326,.T.);
#769=PLANE('',#1327);
#770=SURFACE_STYLE_USAGE(.BOTH.,#1328);
#771=FACE_OUTER_BOUND('',#1329,.T.);
#772=CYLINDRICAL_SURFACE('',#1330,0.832411604103561);
#773=SURFACE_STYLE_USAGE(.BOTH.,#1331);
#774=FACE_OUTER_BOUND('',#1332,.T.);
#775=PLANE('',#1333);
#776=SURFACE_STYLE_USAGE(.BOTH.,#1334);
#777=FACE_OUTER_BOUND('',#1335,.T.);
#778=CYLINDRICAL_SURFACE('',#1336,0.3);
#779=SURFACE_STYLE_USAGE(.BOTH.,#1337);
#780=FACE_OUTER_BOUND('',#1338,.T.);
#781=PLANE('',#1339);
#782=SURFACE_STYLE_USAGE(.BOTH.,#1340);
#783=FACE_OUTER_BOUND('',#1341,.T.);
#784=CYLINDRICAL_SURFACE('',#1342,0.799999999999998);
#785=SURFACE_STYLE_USAGE(.BOTH.,#1343);
#786=FACE_OUTER_BOUND('',#1344,.T.);
#787=CYLINDRICAL_SURFACE('',#1345,0.8);
#788=SURFACE_STYLE_USAGE(.BOTH.,#1346);
#789=FACE_OUTER_BOUND('',#1347,.T.);
#790=PLANE('',#1348);
#791=SURFACE_STYLE_USAGE(.BOTH.,#1349);
#792=FACE_OUTER_BOUND('',#1350,.T.);
#793=CYLINDRICAL_SURFACE('',#1351,0.299999999999998);
#794=SURFACE_STYLE_USAGE(.BOTH.,#1352);
#795=FACE_OUTER_BOUND('',#1353,.T.);
#796=PLANE('',#1354);
#797=SURFACE_STYLE_USAGE(.BOTH.,#1355);
#798=FACE_OUTER_BOUND('',#1356,.T.);
#799=CYLINDRICAL_SURFACE('',#1357,0.832411610000001);
#800=SURFACE_STYLE_USAGE(.BOTH.,#1358);
#801=FACE_OUTER_BOUND('',#1359,.T.);
#802=PLANE('',#1360);
#803=SURFACE_STYLE_USAGE(.BOTH.,#1361);
#804=FACE_OUTER_BOUND('',#1362,.T.);
#805=CYLINDRICAL_SURFACE('',#1363,2.9999999949659);
#806=SURFACE_STYLE_USAGE(.BOTH.,#1364);
#807=FACE_OUTER_BOUND('',#1365,.T.);
#808=PLANE('',#1366);
#809=SURFACE_STYLE_USAGE(.BOTH.,#1367);
#810=FACE_OUTER_BOUND('',#1368,.T.);
#811=PLANE('',#1369);
#812=SURFACE_STYLE_USAGE(.BOTH.,#1370);
#813=FACE_OUTER_BOUND('',#1371,.T.);
#814=CYLINDRICAL_SURFACE('',#1372,2.99999999999999);
#815=SURFACE_STYLE_USAGE(.BOTH.,#1373);
#816=FACE_OUTER_BOUND('',#1374,.T.);
#817=PLANE('',#1375);
#818=SURFACE_STYLE_USAGE(.BOTH.,#1376);
#819=FACE_OUTER_BOUND('',#1377,.T.);
#820=CYLINDRICAL_SURFACE('',#1378,0.832411604103561);
#821=SURFACE_STYLE_USAGE(.BOTH.,#1379);
#822=FACE_OUTER_BOUND('',#1380,.T.);
#823=PLANE('',#1381);
#824=SURFACE_STYLE_USAGE(.BOTH.,#1382);
#825=FACE_OUTER_BOUND('',#1383,.T.);
#826=CYLINDRICAL_SURFACE('',#1384,0.3);
#827=SURFACE_STYLE_USAGE(.BOTH.,#1385);
#828=FACE_OUTER_BOUND('',#1386,.T.);
#829=PLANE('',#1387);
#830=SURFACE_STYLE_USAGE(.BOTH.,#1388);
#831=FACE_OUTER_BOUND('',#1389,.T.);
#832=CYLINDRICAL_SURFACE('',#1390,0.799999999999998);
#833=SURFACE_STYLE_USAGE(.BOTH.,#1391);
#834=FACE_OUTER_BOUND('',#1392,.T.);
#835=CYLINDRICAL_SURFACE('',#1393,0.8);
#836=SURFACE_STYLE_USAGE(.BOTH.,#1394);
#837=FACE_OUTER_BOUND('',#1395,.T.);
#838=PLANE('',#1396);
#839=SURFACE_STYLE_USAGE(.BOTH.,#1397);
#840=FACE_OUTER_BOUND('',#1398,.T.);
#841=CYLINDRICAL_SURFACE('',#1399,0.299999999999998);
#842=SURFACE_STYLE_USAGE(.BOTH.,#1400);
#843=FACE_OUTER_BOUND('',#1401,.T.);
#844=PLANE('',#1402);
#845=SURFACE_STYLE_USAGE(.BOTH.,#1403);
#846=FACE_OUTER_BOUND('',#1404,.T.);
#847=CYLINDRICAL_SURFACE('',#1405,0.832411610000001);
#848=SURFACE_STYLE_USAGE(.BOTH.,#1406);
#849=FACE_OUTER_BOUND('',#1407,.T.);
#850=PLANE('',#1408);
#851=SURFACE_STYLE_USAGE(.BOTH.,#1409);
#852=FACE_OUTER_BOUND('',#1410,.T.);
#853=CYLINDRICAL_SURFACE('',#1411,2.9999999949659);
#854=SURFACE_STYLE_USAGE(.BOTH.,#1412);
#855=FACE_OUTER_BOUND('',#1413,.T.);
#856=PLANE('',#1414);
#857=SURFACE_STYLE_USAGE(.BOTH.,#1415);
#858=FACE_OUTER_BOUND('',#1416,.T.);
#859=PLANE('',#1417);
#860=SURFACE_STYLE_USAGE(.BOTH.,#1418);
#861=FACE_OUTER_BOUND('',#1419,.T.);
#862=CYLINDRICAL_SURFACE('',#1420,2.99999999999999);
#863=SURFACE_STYLE_USAGE(.BOTH.,#1421);
#864=FACE_OUTER_BOUND('',#1422,.T.);
#865=PLANE('',#1423);
#866=SURFACE_STYLE_USAGE(.BOTH.,#1424);
#867=FACE_OUTER_BOUND('',#1425,.T.);
#868=CYLINDRICAL_SURFACE('',#1426,0.832411604103561);
#869=SURFACE_STYLE_USAGE(.BOTH.,#1427);
#870=FACE_OUTER_BOUND('',#1428,.T.);
#871=PLANE('',#1429);
#872=SURFACE_STYLE_USAGE(.BOTH.,#1430);
#873=FACE_OUTER_BOUND('',#1431,.T.);
#874=CYLINDRICAL_SURFACE('',#1432,0.3);
#875=SURFACE_STYLE_USAGE(.BOTH.,#1433);
#876=FACE_OUTER_BOUND('',#1434,.T.);
#877=PLANE('',#1435);
#878=SURFACE_STYLE_USAGE(.BOTH.,#1436);
#879=FACE_OUTER_BOUND('',#1437,.T.);
#880=CYLINDRICAL_SURFACE('',#1438,0.799999999999998);
#881=SURFACE_STYLE_USAGE(.BOTH.,#1439);
#882=FACE_OUTER_BOUND('',#1440,.T.);
#883=CYLINDRICAL_SURFACE('',#1441,0.8);
#884=SURFACE_STYLE_USAGE(.BOTH.,#1442);
#885=FACE_OUTER_BOUND('',#1443,.T.);
#886=PLANE('',#1444);
#887=SURFACE_STYLE_USAGE(.BOTH.,#1445);
#888=FACE_OUTER_BOUND('',#1446,.T.);
#889=CYLINDRICAL_SURFACE('',#1447,0.299999999999998);
#890=SURFACE_STYLE_USAGE(.BOTH.,#1448);
#891=FACE_OUTER_BOUND('',#1449,.T.);
#892=PLANE('',#1450);
#893=SURFACE_STYLE_USAGE(.BOTH.,#1451);
#894=FACE_OUTER_BOUND('',#1452,.T.);
#895=CYLINDRICAL_SURFACE('',#1453,0.832411610000001);
#896=SURFACE_STYLE_USAGE(.BOTH.,#1454);
#897=FACE_OUTER_BOUND('',#1455,.T.);
#898=PLANE('',#1456);
#899=SURFACE_STYLE_USAGE(.BOTH.,#1457);
#900=FACE_OUTER_BOUND('',#1458,.T.);
#901=CYLINDRICAL_SURFACE('',#1459,2.9999999949659);
#902=SURFACE_STYLE_USAGE(.BOTH.,#1460);
#903=FACE_OUTER_BOUND('',#1461,.T.);
#904=PLANE('',#1462);
#905=SURFACE_STYLE_USAGE(.BOTH.,#1463);
#906=FACE_OUTER_BOUND('',#1464,.T.);
#907=PLANE('',#1465);
#908=SURFACE_STYLE_USAGE(.BOTH.,#1466);
#909=FACE_OUTER_BOUND('',#1467,.T.);
#910=CYLINDRICAL_SURFACE('',#1468,2.99999999999999);
#911=SURFACE_STYLE_USAGE(.BOTH.,#1469);
#912=FACE_OUTER_BOUND('',#1470,.T.);
#913=PLANE('',#1471);
#914=SURFACE_STYLE_USAGE(.BOTH.,#1472);
#915=FACE_OUTER_BOUND('',#1473,.T.);
#916=CYLINDRICAL_SURFACE('',#1474,0.832411604103561);
#917=SURFACE_STYLE_USAGE(.BOTH.,#1475);
#918=FACE_OUTER_BOUND('',#1476,.T.);
#919=PLANE('',#1477);
#920=SURFACE_STYLE_USAGE(.BOTH.,#1478);
#921=FACE_OUTER_BOUND('',#1479,.T.);
#922=CYLINDRICAL_SURFACE('',#1480,0.3);
#923=SURFACE_STYLE_USAGE(.BOTH.,#1481);
#924=FACE_OUTER_BOUND('',#1482,.T.);
#925=PLANE('',#1483);
#926=SURFACE_STYLE_USAGE(.BOTH.,#1484);
#927=FACE_OUTER_BOUND('',#1485,.T.);
#928=CYLINDRICAL_SURFACE('',#1486,0.799999999999998);
#929=SURFACE_STYLE_USAGE(.BOTH.,#1487);
#930=FACE_OUTER_BOUND('',#1488,.T.);
#931=CYLINDRICAL_SURFACE('',#1489,0.8);
#932=SURFACE_STYLE_USAGE(.BOTH.,#1490);
#933=FACE_OUTER_BOUND('',#1491,.T.);
#934=PLANE('',#1492);
#935=SURFACE_STYLE_USAGE(.BOTH.,#1493);
#936=FACE_OUTER_BOUND('',#1494,.T.);
#937=CYLINDRICAL_SURFACE('',#1495,0.299999999999998);
#938=SURFACE_STYLE_USAGE(.BOTH.,#1496);
#939=FACE_OUTER_BOUND('',#1497,.T.);
#940=PLANE('',#1498);
#941=SURFACE_STYLE_USAGE(.BOTH.,#1499);
#942=FACE_OUTER_BOUND('',#1500,.T.);
#943=CYLINDRICAL_SURFACE('',#1501,0.832411610000001);
#944=SURFACE_STYLE_USAGE(.BOTH.,#1502);
#945=FACE_OUTER_BOUND('',#1503,.T.);
#946=PLANE('',#1504);
#947=SURFACE_STYLE_USAGE(.BOTH.,#1505);
#948=FACE_OUTER_BOUND('',#1506,.T.);
#949=CYLINDRICAL_SURFACE('',#1507,2.9999999949659);
#950=SURFACE_STYLE_USAGE(.BOTH.,#1508);
#951=FACE_OUTER_BOUND('',#1509,.T.);
#952=PLANE('',#1510);
#953=SURFACE_STYLE_USAGE(.BOTH.,#1511);
#954=FACE_OUTER_BOUND('',#1512,.T.);
#955=PLANE('',#1513);
#956=SURFACE_STYLE_USAGE(.BOTH.,#1514);
#957=FACE_OUTER_BOUND('',#1515,.T.);
#958=CYLINDRICAL_SURFACE('',#1516,2.99999999999999);
#959=SURFACE_STYLE_USAGE(.BOTH.,#1517);
#960=FACE_OUTER_BOUND('',#1518,.T.);
#961=PLANE('',#1519);
#962=SURFACE_STYLE_USAGE(.BOTH.,#1520);
#963=FACE_OUTER_BOUND('',#1521,.T.);
#964=CYLINDRICAL_SURFACE('',#1522,0.832411604103561);
#965=SURFACE_STYLE_USAGE(.BOTH.,#1523);
#966=FACE_OUTER_BOUND('',#1524,.T.);
#967=PLANE('',#1525);
#968=SURFACE_STYLE_USAGE(.BOTH.,#1526);
#969=FACE_OUTER_BOUND('',#1527,.T.);
#970=CYLINDRICAL_SURFACE('',#1528,0.3);
#971=SURFACE_STYLE_USAGE(.BOTH.,#1529);
#972=FACE_OUTER_BOUND('',#1530,.T.);
#973=PLANE('',#1531);
#974=SURFACE_STYLE_USAGE(.BOTH.,#1532);
#975=FACE_OUTER_BOUND('',#1533,.T.);
#976=CYLINDRICAL_SURFACE('',#1534,0.799999999999998);
#977=SURFACE_STYLE_USAGE(.BOTH.,#1535);
#978=FACE_OUTER_BOUND('',#1536,.T.);
#979=CYLINDRICAL_SURFACE('',#1537,0.8);
#980=SURFACE_STYLE_USAGE(.BOTH.,#1538);
#981=FACE_OUTER_BOUND('',#1539,.T.);
#982=PLANE('',#1540);
#983=SURFACE_STYLE_USAGE(.BOTH.,#1541);
#984=FACE_OUTER_BOUND('',#1542,.T.);
#985=CYLINDRICAL_SURFACE('',#1543,0.299999999999998);
#986=SURFACE_STYLE_USAGE(.BOTH.,#1544);
#987=FACE_OUTER_BOUND('',#1545,.T.);
#988=PLANE('',#1546);
#989=SURFACE_STYLE_USAGE(.BOTH.,#1547);
#990=FACE_OUTER_BOUND('',#1548,.T.);
#991=CYLINDRICAL_SURFACE('',#1549,0.832411610000001);
#992=SURFACE_STYLE_USAGE(.BOTH.,#1550);
#993=FACE_OUTER_BOUND('',#1551,.T.);
#994=PLANE('',#1552);
#995=SURFACE_STYLE_USAGE(.BOTH.,#1553);
#996=FACE_OUTER_BOUND('',#1554,.T.);
#997=CYLINDRICAL_SURFACE('',#1555,2.9999999949659);
#998=SURFACE_STYLE_USAGE(.BOTH.,#1556);
#999=FACE_OUTER_BOUND('',#1557,.T.);
#1000=PLANE('',#1558);
#1001=SURFACE_STYLE_USAGE(.BOTH.,#1559);
#1002=FACE_OUTER_BOUND('',#1560,.T.);
#1003=PLANE('',#1561);
#1004=SURFACE_STYLE_USAGE(.BOTH.,#1562);
#1005=FACE_OUTER_BOUND('',#1563,.T.);
#1006=CYLINDRICAL_SURFACE('',#1564,2.99999999999999);
#1007=SURFACE_STYLE_USAGE(.BOTH.,#1565);
#1008=FACE_OUTER_BOUND('',#1566,.T.);
#1009=PLANE('',#1567);
#1010=SURFACE_STYLE_USAGE(.BOTH.,#1568);
#1011=FACE_OUTER_BOUND('',#1569,.T.);
#1012=CYLINDRICAL_SURFACE('',#1570,0.832411604103561);
#1013=SURFACE_STYLE_USAGE(.BOTH.,#1571);
#1014=FACE_OUTER_BOUND('',#1572,.T.);
#1015=PLANE('',#1573);
#1016=SURFACE_STYLE_USAGE(.BOTH.,#1574);
#1017=FACE_OUTER_BOUND('',#1575,.T.);
#1018=CYLINDRICAL_SURFACE('',#1576,0.3);
#1019=SURFACE_STYLE_USAGE(.BOTH.,#1577);
#1020=FACE_OUTER_BOUND('',#1578,.T.);
#1021=PLANE('',#1579);
#1022=SURFACE_STYLE_USAGE(.BOTH.,#1580);
#1023=FACE_OUTER_BOUND('',#1581,.T.);
#1024=CYLINDRICAL_SURFACE('',#1582,0.799999999999998);
#1025=SURFACE_STYLE_USAGE(.BOTH.,#1583);
#1026=FACE_OUTER_BOUND('',#1584,.T.);
#1027=CYLINDRICAL_SURFACE('',#1585,0.8);
#1028=SURFACE_STYLE_USAGE(.BOTH.,#1586);
#1029=FACE_OUTER_BOUND('',#1587,.T.);
#1030=PLANE('',#1588);
#1031=SURFACE_STYLE_USAGE(.BOTH.,#1589);
#1032=FACE_OUTER_BOUND('',#1590,.T.);
#1033=CYLINDRICAL_SURFACE('',#1591,0.299999999999998);
#1034=SURFACE_STYLE_USAGE(.BOTH.,#1592);
#1035=FACE_OUTER_BOUND('',#1593,.T.);
#1036=PLANE('',#1594);
#1037=SURFACE_STYLE_USAGE(.BOTH.,#1595);
#1038=FACE_OUTER_BOUND('',#1596,.T.);
#1039=CYLINDRICAL_SURFACE('',#1597,0.832411610000001);
#1040=SURFACE_STYLE_USAGE(.BOTH.,#1598);
#1041=FACE_OUTER_BOUND('',#1599,.T.);
#1042=PLANE('',#1600);
#1043=SURFACE_STYLE_USAGE(.BOTH.,#1601);
#1044=FACE_OUTER_BOUND('',#1602,.T.);
#1045=CYLINDRICAL_SURFACE('',#1603,2.9999999949659);
#1046=SURFACE_STYLE_USAGE(.BOTH.,#1604);
#1047=FACE_OUTER_BOUND('',#1605,.T.);
#1048=PLANE('',#1606);
#1049=SURFACE_STYLE_USAGE(.BOTH.,#1607);
#1050=FACE_OUTER_BOUND('',#1608,.T.);
#1051=PLANE('',#1609);
#1052=SURFACE_STYLE_USAGE(.BOTH.,#1610);
#1053=FACE_OUTER_BOUND('',#1611,.T.);
#1054=CYLINDRICAL_SURFACE('',#1612,2.99999999999999);
#1055=SURFACE_STYLE_USAGE(.BOTH.,#1613);
#1056=FACE_OUTER_BOUND('',#1614,.T.);
#1057=PLANE('',#1615);
#1058=SURFACE_STYLE_USAGE(.BOTH.,#1616);
#1059=FACE_OUTER_BOUND('',#1617,.T.);
#1060=CYLINDRICAL_SURFACE('',#1618,0.832411604103561);
#1061=SURFACE_STYLE_USAGE(.BOTH.,#1619);
#1062=FACE_OUTER_BOUND('',#1620,.T.);
#1063=PLANE('',#1621);
#1064=SURFACE_STYLE_USAGE(.BOTH.,#1622);
#1065=FACE_OUTER_BOUND('',#1623,.T.);
#1066=CYLINDRICAL_SURFACE('',#1624,0.3);
#1067=SURFACE_STYLE_USAGE(.BOTH.,#1625);
#1068=FACE_OUTER_BOUND('',#1626,.T.);
#1069=PLANE('',#1627);
#1070=SURFACE_STYLE_USAGE(.BOTH.,#1628);
#1071=FACE_OUTER_BOUND('',#1629,.T.);
#1072=CYLINDRICAL_SURFACE('',#1630,0.799999999999998);
#1073=SURFACE_STYLE_USAGE(.BOTH.,#1631);
#1074=FACE_OUTER_BOUND('',#1632,.T.);
#1075=CYLINDRICAL_SURFACE('',#1633,0.8);
#1076=SURFACE_STYLE_USAGE(.BOTH.,#1634);
#1077=FACE_OUTER_BOUND('',#1635,.T.);
#1078=PLANE('',#1636);
#1079=SURFACE_STYLE_USAGE(.BOTH.,#1637);
#1080=FACE_OUTER_BOUND('',#1638,.T.);
#1081=CYLINDRICAL_SURFACE('',#1639,0.299999999999998);
#1082=SURFACE_STYLE_USAGE(.BOTH.,#1640);
#1083=FACE_OUTER_BOUND('',#1641,.T.);
#1084=PLANE('',#1642);
#1085=SURFACE_STYLE_USAGE(.BOTH.,#1643);
#1086=FACE_OUTER_BOUND('',#1644,.T.);
#1087=CYLINDRICAL_SURFACE('',#1645,0.832411610000001);
#1088=SURFACE_STYLE_USAGE(.BOTH.,#1646);
#1089=FACE_OUTER_BOUND('',#1647,.T.);
#1090=PLANE('',#1648);
#1091=SURFACE_STYLE_USAGE(.BOTH.,#1649);
#1092=FACE_OUTER_BOUND('',#1650,.T.);
#1093=CYLINDRICAL_SURFACE('',#1651,2.9999999949659);
#1094=SURFACE_STYLE_USAGE(.BOTH.,#1652);
#1095=FACE_OUTER_BOUND('',#1653,.T.);
#1096=PLANE('',#1654);
#1097=SURFACE_STYLE_USAGE(.BOTH.,#1655);
#1098=FACE_OUTER_BOUND('',#1656,.T.);
#1099=PLANE('',#1657);
#1100=SURFACE_STYLE_USAGE(.BOTH.,#1658);
#1101=FACE_OUTER_BOUND('',#1659,.T.);
#1102=CYLINDRICAL_SURFACE('',#1660,1.99999999999998);
#1103=SURFACE_STYLE_USAGE(.BOTH.,#1661);
#1104=FACE_OUTER_BOUND('',#1662,.T.);
#1105=PLANE('',#1663);
#1106=SURFACE_STYLE_USAGE(.BOTH.,#1664);
#1107=FACE_OUTER_BOUND('',#1665,.T.);
#1108=CYLINDRICAL_SURFACE('',#1666,1.99999999999998);
#1109=SURFACE_STYLE_USAGE(.BOTH.,#1667);
#1110=FACE_OUTER_BOUND('',#1668,.T.);
#1111=PLANE('',#1669);
#1112=SURFACE_STYLE_USAGE(.BOTH.,#1670);
#1113=FACE_OUTER_BOUND('',#1671,.T.);
#1114=CYLINDRICAL_SURFACE('',#1672,2.0);
#1115=SURFACE_STYLE_USAGE(.BOTH.,#1673);
#1116=FACE_OUTER_BOUND('',#1674,.T.);
#1117=PLANE('',#1675);
#1118=SURFACE_STYLE_USAGE(.BOTH.,#1676);
#1119=FACE_OUTER_BOUND('',#1677,.T.);
#1120=CYLINDRICAL_SURFACE('',#1678,2.0);
#1121=SURFACE_STYLE_USAGE(.BOTH.,#1679);
#1122=FACE_OUTER_BOUND('',#1680,.T.);
#1123=PLANE('',#1681);
#1124=SURFACE_STYLE_USAGE(.BOTH.,#1682);
#1125=FACE_BOUND('',#1683,.T.);
#1126=FACE_BOUND('',#1684,.T.);
#1127=FACE_BOUND('',#1685,.T.);
#1128=FACE_BOUND('',#1686,.T.);
#1129=FACE_BOUND('',#1687,.T.);
#1130=FACE_OUTER_BOUND('',#1688,.T.);
#1131=PLANE('',#1689);
#1132=SURFACE_STYLE_USAGE(.BOTH.,#1690);
#1133=CLOSED_SHELL('',(#205,#207,#209,#211,#213,#215,#217,#219,#221,#223,#225,#227,#229,#231,#233,#235,#237,#239,#241,#243,#245,#247,#249,#251,#253,#255,#257,#259,#261,#263,#265,#267,#269,#271,#273,#275,#277,#279,#281,#283,#285,#287,#289,#291,#293,#295,#297,#299,#301,#303,#305,#307,#309,#311,#313,#315,#317,#319,#321,#323,#325,#327,#329,#331,#333,#335,#337,#339,#341,#343,#345,#347,#349,#351,#353,#355,#357,#359,#361,#363,#365,#367,#369,#371,#373,#375,#377,#379,#381,#383,#385,#387,#389,#391,#393,#395,#397,#399,#401,#403,#405,#407,#409,#411,#413,#415,#417,#419,#421,#423,#425,#427,#429,#431,#433,#435,#437,#439,#441,#443,#445,#447,#449,#451,#453,#455,#457,#459,#461,#463,#465,#467,#469,#471,#473,#475,#477,#479,#481,#483,#485,#487,#489,#491,#493,#495,#497,#499,#501,#503,#505,#507,#509,#511,#513,#515,#517,#519,#521,#523,#525,#527,#529,#531,#533,#535,#537,#539,#541,#543,#545,#547,#549,#551,#553,#555,#557,#559,#561,#563));
#1134=PRODUCT_CONTEXT('',#191,'mechanical');
#1135=PRODUCT_DEFINITION_FORMATION_WITH_SPECIFIED_SOURCE(' ','NONE',#566,.NOT_KNOWN.);
#1136=CARTESIAN_POINT('',(0.0,0.0,0.0));
#1137=DIRECTION('',(0.0,0.0,1.0));
#1138=DIRECTION('',(1.0,0.0,0.0));
#1139= (NAMED_UNIT(#574)LENGTH_UNIT()SI_UNIT(.MILLI.,.METRE.));
#1140=SURFACE_SIDE_STYLE('',(#1692));
#1141=EDGE_LOOP('',(#1693,#1694,#1695,#1696));
#1142=AXIS2_PLACEMENT_3D('',#1697,#1698,#1699);
#1143=SURFACE_SIDE_STYLE('',(#1700));
#1144=EDGE_LOOP('',(#1701,#1702,#1703,#1704));
#1145=AXIS2_PLACEMENT_3D('',#1705,#1706,#1707);
#1146=SURFACE_SIDE_STYLE('',(#1708));
#1147=EDGE_LOOP('',(#1709,#1710,#1711,#1712));
#1148=AXIS2_PLACEMENT_3D('',#1713,#1714,#1715);
#1149=SURFACE_SIDE_STYLE('',(#1716));
#1150=EDGE_LOOP('',(#1717,#1718,#1719,#1720));
#1151=AXIS2_PLACEMENT_3D('',#1721,#1722,#1723);
#1152=SURFACE_SIDE_STYLE('',(#1724));
#1153=EDGE_LOOP('',(#1725,#1726,#1727,#1728));
#1154=AXIS2_PLACEMENT_3D('',#1729,#1730,#1731);
#1155=SURFACE_SIDE_STYLE('',(#1732));
#1156=EDGE_LOOP('',(#1733,#1734,#1735,#1736));
#1157=AXIS2_PLACEMENT_3D('',#1737,#1738,#1739);
#1158=SURFACE_SIDE_STYLE('',(#1740));
#1159=EDGE_LOOP('',(#1741,#1742,#1743,#1744));
#1160=AXIS2_PLACEMENT_3D('',#1745,#1746,#1747);
#1161=SURFACE_SIDE_STYLE('',(#1748));
#1162=EDGE_LOOP('',(#1749,#1750,#1751,#1752));
#1163=AXIS2_PLACEMENT_3D('',#1753,#1754,#1755);
#1164=SURFACE_SIDE_STYLE('',(#1756));
#1165=EDGE_LOOP('',(#1757,#1758,#1759,#1760));
#1166=AXIS2_PLACEMENT_3D('',#1761,#1762,#1763);
#1167=SURFACE_SIDE_STYLE('',(#1764));
#1168=EDGE_LOOP('',(#1765,#1766,#1767,#1768));
#1169=AXIS2_PLACEMENT_3D('',#1769,#1770,#1771);
#1170=SURFACE_SIDE_STYLE('',(#1772));
#1171=EDGE_LOOP('',(#1773,#1774,#1775,#1776));
#1172=AXIS2_PLACEMENT_3D('',#1777,#1778,#1779);
#1173=SURFACE_SIDE_STYLE('',(#1780));
#1174=EDGE_LOOP('',(#1781,#1782,#1783,#1784));
#1175=AXIS2_PLACEMENT_3D('',#1785,#1786,#1787);
#1176=SURFACE_SIDE_STYLE('',(#1788));
#1177=EDGE_LOOP('',(#1789,#1790,#1791,#1792));
#1178=AXIS2_PLACEMENT_3D('',#1793,#1794,#1795);
#1179=SURFACE_SIDE_STYLE('',(#1796));
#1180=EDGE_LOOP('',(#1797,#1798,#1799,#1800));
#1181=AXIS2_PLACEMENT_3D('',#1801,#1802,#1803);
#1182=SURFACE_SIDE_STYLE('',(#1804));
#1183=EDGE_LOOP('',(#1805,#1806,#1807,#1808));
#1184=AXIS2_PLACEMENT_3D('',#1809,#1810,#1811);
#1185=SURFACE_SIDE_STYLE('',(#1812));
#1186=EDGE_LOOP('',(#1813,#1814,#1815,#1816));
#1187=AXIS2_PLACEMENT_3D('',#1817,#1818,#1819);
#1188=SURFACE_SIDE_STYLE('',(#1820));
#1189=EDGE_LOOP('',(#1821,#1822,#1823,#1824));
#1190=AXIS2_PLACEMENT_3D('',#1825,#1826,#1827);
#1191=SURFACE_SIDE_STYLE('',(#1828));
#1192=EDGE_LOOP('',(#1829,#1830,#1831,#1832));
#1193=AXIS2_PLACEMENT_3D('',#1833,#1834,#1835);
#1194=SURFACE_SIDE_STYLE('',(#1836));
#1195=EDGE_LOOP('',(#1837,#1838,#1839,#1840));
#1196=AXIS2_PLACEMENT_3D('',#1841,#1842,#1843);
#1197=SURFACE_SIDE_STYLE('',(#1844));
#1198=EDGE_LOOP('',(#1845,#1846,#1847,#1848));
#1199=AXIS2_PLACEMENT_3D('',#1849,#1850,#1851);
#1200=SURFACE_SIDE_STYLE('',(#1852));
#1201=EDGE_LOOP('',(#1853,#1854,#1855,#1856));
#1202=AXIS2_PLACEMENT_3D('',#1857,#1858,#1859);
#1203=SURFACE_SIDE_STYLE('',(#1860));
#1204=EDGE_LOOP('',(#1861,#1862,#1863,#1864));
#1205=AXIS2_PLACEMENT_3D('',#1865,#1866,#1867);
#1206=SURFACE_SIDE_STYLE('',(#1868));
#1207=EDGE_LOOP('',(#1869,#1870,#1871,#1872));
#1208=AXIS2_PLACEMENT_3D('',#1873,#1874,#1875);
#1209=SURFACE_SIDE_STYLE('',(#1876));
#1210=EDGE_LOOP('',(#1877,#1878,#1879,#1880));
#1211=AXIS2_PLACEMENT_3D('',#1881,#1882,#1883);
#1212=SURFACE_SIDE_STYLE('',(#1884));
#1213=EDGE_LOOP('',(#1885,#1886,#1887,#1888));
#1214=AXIS2_PLACEMENT_3D('',#1889,#1890,#1891);
#1215=SURFACE_SIDE_STYLE('',(#1892));
#1216=EDGE_LOOP('',(#1893,#1894,#1895,#1896));
#1217=AXIS2_PLACEMENT_3D('',#1897,#1898,#1899);
#1218=SURFACE_SIDE_STYLE('',(#1900));
#1219=EDGE_LOOP('',(#1901,#1902,#1903,#1904));
#1220=AXIS2_PLACEMENT_3D('',#1905,#1906,#1907);
#1221=SURFACE_SIDE_STYLE('',(#1908));
#1222=EDGE_LOOP('',(#1909,#1910,#1911,#1912));
#1223=AXIS2_PLACEMENT_3D('',#1913,#1914,#1915);
#1224=SURFACE_SIDE_STYLE('',(#1916));
#1225=EDGE_LOOP('',(#1917,#1918,#1919,#1920));
#1226=AXIS2_PLACEMENT_3D('',#1921,#1922,#1923);
#1227=SURFACE_SIDE_STYLE('',(#1924));
#1228=EDGE_LOOP('',(#1925,#1926,#1927,#1928));
#1229=AXIS2_PLACEMENT_3D('',#1929,#1930,#1931);
#1230=SURFACE_SIDE_STYLE('',(#1932));
#1231=EDGE_LOOP('',(#1933,#1934,#1935,#1936));
#1232=AXIS2_PLACEMENT_3D('',#1937,#1938,#1939);
#1233=SURFACE_SIDE_STYLE('',(#1940));
#1234=EDGE_LOOP('',(#1941,#1942,#1943,#1944));
#1235=AXIS2_PLACEMENT_3D('',#1945,#1946,#1947);
#1236=SURFACE_SIDE_STYLE('',(#1948));
#1237=EDGE_LOOP('',(#1949,#1950,#1951,#1952));
#1238=AXIS2_PLACEMENT_3D('',#1953,#1954,#1955);
#1239=SURFACE_SIDE_STYLE('',(#1956));
#1240=EDGE_LOOP('',(#1957,#1958,#1959,#1960));
#1241=AXIS2_PLACEMENT_3D('',#1961,#1962,#1963);
#1242=SURFACE_SIDE_STYLE('',(#1964));
#1243=EDGE_LOOP('',(#1965,#1966,#1967,#1968));
#1244=AXIS2_PLACEMENT_3D('',#1969,#1970,#1971);
#1245=SURFACE_SIDE_STYLE('',(#1972));
#1246=EDGE_LOOP('',(#1973,#1974,#1975,#1976));
#1247=AXIS2_PLACEMENT_3D('',#1977,#1978,#1979);
#1248=SURFACE_SIDE_STYLE('',(#1980));
#1249=EDGE_LOOP('',(#1981,#1982,#1983,#1984));
#1250=AXIS2_PLACEMENT_3D('',#1985,#1986,#1987);
#1251=SURFACE_SIDE_STYLE('',(#1988));
#1252=EDGE_LOOP('',(#1989,#1990,#1991,#1992));
#1253=AXIS2_PLACEMENT_3D('',#1993,#1994,#1995);
#1254=SURFACE_SIDE_STYLE('',(#1996));
#1255=EDGE_LOOP('',(#1997,#1998,#1999,#2000));
#1256=AXIS2_PLACEMENT_3D('',#2001,#2002,#2003);
#1257=SURFACE_SIDE_STYLE('',(#2004));
#1258=EDGE_LOOP('',(#2005,#2006,#2007,#2008));
#1259=AXIS2_PLACEMENT_3D('',#2009,#2010,#2011);
#1260=SURFACE_SIDE_STYLE('',(#2012));
#1261=EDGE_LOOP('',(#2013,#2014,#2015,#2016));
#1262=AXIS2_PLACEMENT_3D('',#2017,#2018,#2019);
#1263=SURFACE_SIDE_STYLE('',(#2020));
#1264=EDGE_LOOP('',(#2021,#2022,#2023,#2024));
#1265=AXIS2_PLACEMENT_3D('',#2025,#2026,#2027);
#1266=SURFACE_SIDE_STYLE('',(#2028));
#1267=EDGE_LOOP('',(#2029,#2030,#2031,#2032));
#1268=AXIS2_PLACEMENT_3D('',#2033,#2034,#2035);
#1269=SURFACE_SIDE_STYLE('',(#2036));
#1270=EDGE_LOOP('',(#2037,#2038,#2039,#2040));
#1271=AXIS2_PLACEMENT_3D('',#2041,#2042,#2043);
#1272=SURFACE_SIDE_STYLE('',(#2044));
#1273=EDGE_LOOP('',(#2045,#2046,#2047,#2048));
#1274=AXIS2_PLACEMENT_3D('',#2049,#2050,#2051);
#1275=SURFACE_SIDE_STYLE('',(#2052));
#1276=EDGE_LOOP('',(#2053,#2054,#2055,#2056));
#1277=AXIS2_PLACEMENT_3D('',#2057,#2058,#2059);
#1278=SURFACE_SIDE_STYLE('',(#2060));
#1279=EDGE_LOOP('',(#2061,#2062,#2063,#2064));
#1280=AXIS2_PLACEMENT_3D('',#2065,#2066,#2067);
#1281=SURFACE_SIDE_STYLE('',(#2068));
#1282=EDGE_LOOP('',(#2069,#2070,#2071,#2072));
#1283=AXIS2_PLACEMENT_3D('',#2073,#2074,#2075);
#1284=SURFACE_SIDE_STYLE('',(#2076));
#1285=EDGE_LOOP('',(#2077,#2078,#2079,#2080));
#1286=AXIS2_PLACEMENT_3D('',#2081,#2082,#2083);
#1287=SURFACE_SIDE_STYLE('',(#2084));
#1288=EDGE_LOOP('',(#2085,#2086,#2087,#2088));
#1289=AXIS2_PLACEMENT_3D('',#2089,#2090,#2091);
#1290=SURFACE_SIDE_STYLE('',(#2092));
#1291=EDGE_LOOP('',(#2093,#2094,#2095,#2096));
#1292=AXIS2_PLACEMENT_3D('',#2097,#2098,#2099);
#1293=SURFACE_SIDE_STYLE('',(#2100));
#1294=EDGE_LOOP('',(#2101,#2102,#2103,#2104));
#1295=AXIS2_PLACEMENT_3D('',#2105,#2106,#2107);
#1296=SURFACE_SIDE_STYLE('',(#2108));
#1297=EDGE_LOOP('',(#2109,#2110,#2111,#2112));
#1298=AXIS2_PLACEMENT_3D('',#2113,#2114,#2115);
#1299=SURFACE_SIDE_STYLE('',(#2116));
#1300=EDGE_LOOP('',(#2117,#2118,#2119,#2120));
#1301=AXIS2_PLACEMENT_3D('',#2121,#2122,#2123);
#1302=SURFACE_SIDE_STYLE('',(#2124));
#1303=EDGE_LOOP('',(#2125,#2126,#2127,#2128));
#1304=AXIS2_PLACEMENT_3D('',#2129,#2130,#2131);
#1305=SURFACE_SIDE_STYLE('',(#2132));
#1306=EDGE_LOOP('',(#2133,#2134,#2135,#2136));
#1307=AXIS2_PLACEMENT_3D('',#2137,#2138,#2139);
#1308=SURFACE_SIDE_STYLE('',(#2140));
#1309=EDGE_LOOP('',(#2141,#2142,#2143,#2144));
#1310=AXIS2_PLACEMENT_3D('',#2145,#2146,#2147);
#1311=SURFACE_SIDE_STYLE('',(#2148));
#1312=EDGE_LOOP('',(#2149,#2150,#2151,#2152,#2153,#2154,#2155,#2156,#2157,#2158,#2159,#2160,#2161,#2162,#2163,#2164,#2165,#2166,#2167,#2168,#2169,#2170,#2171,#2172,#2173,#2174,#2175,#2176,#2177,#2178,#2179,#2180,#2181,#2182));
#1313=EDGE_LOOP('',(#2183,#2184));
#1314=EDGE_LOOP('',(#2185,#2186));
#1315=EDGE_LOOP('',(#2187,#2188));
#1316=EDGE_LOOP('',(#2189,#2190));
#1317=EDGE_LOOP('',(#2191,#2192,#2193,#2194,#2195,#2196,#2197,#2198,#2199,#2200,#2201,#2202,#2203,#2204,#2205,#2206,#2207,#2208,#2209,#2210,#2211,#2212,#2213,#2214,#2215,#2216,#2217,#2218,#2219,#2220,#2221,#2222,#2223,#2224,#2225,#2226,#2227,#2228,#2229,#2230,#2231,#2232,#2233,#2234,#2235,#2236,#2237,#2238,#2239,#2240,#2241,#2242,#2243,#2244,#2245,#2246,#2247,#2248,#2249,#2250,#2251,#2252,#2253,#2254,#2255,#2256,#2257,#2258,#2259,#2260,#2261,#2262,#2263,#2264,#2265,#2266,#2267,#2268,#2269,#2270,#2271,#2272,#2273,#2274,#2275,#2276,#2277,#2278,#2279,#2280,#2281,#2282,#2283,#2284,#2285,#2286,#2287,#2288,#2289,#2290,#2291,#2292,#2293,#2294,#2295,#2296,#2297,#2298,#2299,#2300,#2301,#2302,#2303,#2304,#2305,#2306,#2307,#2308,#2309,#2310,#2311,#2312,#2313,#2314,#2315,#2316,#2317,#2318,#2319,#2320,#2321,#2322,#2323,#2324,#2325,#2326));
#1318=AXIS2_PLACEMENT_3D('',#2327,#2328,#2329);
#1319=SURFACE_SIDE_STYLE('',(#2330));
#1320=EDGE_LOOP('',(#2331,#2332,#2333,#2334));
#1321=AXIS2_PLACEMENT_3D('',#2335,#2336,#2337);
#1322=SURFACE_SIDE_STYLE('',(#2338));
#1323=EDGE_LOOP('',(#2339,#2340,#2341,#2342));
#1324=AXIS2_PLACEMENT_3D('',#2343,#2344,#2345);
#1325=SURFACE_SIDE_STYLE('',(#2346));
#1326=EDGE_LOOP('',(#2347,#2348,#2349,#2350));
#1327=AXIS2_PLACEMENT_3D('',#2351,#2352,#2353);
#1328=SURFACE_SIDE_STYLE('',(#2354));
#1329=EDGE_LOOP('',(#2355,#2356,#2357,#2358));
#1330=AXIS2_PLACEMENT_3D('',#2359,#2360,#2361);
#1331=SURFACE_SIDE_STYLE('',(#2362));
#1332=EDGE_LOOP('',(#2363,#2364,#2365,#2366));
#1333=AXIS2_PLACEMENT_3D('',#2367,#2368,#2369);
#1334=SURFACE_SIDE_STYLE('',(#2370));
#1335=EDGE_LOOP('',(#2371,#2372,#2373,#2374));
#1336=AXIS2_PLACEMENT_3D('',#2375,#2376,#2377);
#1337=SURFACE_SIDE_STYLE('',(#2378));
#1338=EDGE_LOOP('',(#2379,#2380,#2381,#2382));
#1339=AXIS2_PLACEMENT_3D('',#2383,#2384,#2385);
#1340=SURFACE_SIDE_STYLE('',(#2386));
#1341=EDGE_LOOP('',(#2387,#2388,#2389,#2390));
#1342=AXIS2_PLACEMENT_3D('',#2391,#2392,#2393);
#1343=SURFACE_SIDE_STYLE('',(#2394));
#1344=EDGE_LOOP('',(#2395,#2396,#2397,#2398));
#1345=AXIS2_PLACEMENT_3D('',#2399,#2400,#2401);
#1346=SURFACE_SIDE_STYLE('',(#2402));
#1347=EDGE_LOOP('',(#2403,#2404,#2405,#2406));
#1348=AXIS2_PLACEMENT_3D('',#2407,#2408,#2409);
#1349=SURFACE_SIDE_STYLE('',(#2410));
#1350=EDGE_LOOP('',(#2411,#2412,#2413,#2414));
#1351=AXIS2_PLACEMENT_3D('',#2415,#2416,#2417);
#1352=SURFACE_SIDE_STYLE('',(#2418));
#1353=EDGE_LOOP('',(#2419,#2420,#2421,#2422));
#1354=AXIS2_PLACEMENT_3D('',#2423,#2424,#2425);
#1355=SURFACE_SIDE_STYLE('',(#2426));
#1356=EDGE_LOOP('',(#2427,#2428,#2429,#2430));
#1357=AXIS2_PLACEMENT_3D('',#2431,#2432,#2433);
#1358=SURFACE_SIDE_STYLE('',(#2434));
#1359=EDGE_LOOP('',(#2435,#2436,#2437,#2438));
#1360=AXIS2_PLACEMENT_3D('',#2439,#2440,#2441);
#1361=SURFACE_SIDE_STYLE('',(#2442));
#1362=EDGE_LOOP('',(#2443,#2444,#2445,#2446));
#1363=AXIS2_PLACEMENT_3D('',#2447,#2448,#2449);
#1364=SURFACE_SIDE_STYLE('',(#2450));
#1365=EDGE_LOOP('',(#2451,#2452,#2453,#2454));
#1366=AXIS2_PLACEMENT_3D('',#2455,#2456,#2457);
#1367=SURFACE_SIDE_STYLE('',(#2458));
#1368=EDGE_LOOP('',(#2459,#2460,#2461,#2462));
#1369=AXIS2_PLACEMENT_3D('',#2463,#2464,#2465);
#1370=SURFACE_SIDE_STYLE('',(#2466));
#1371=EDGE_LOOP('',(#2467,#2468,#2469,#2470));
#1372=AXIS2_PLACEMENT_3D('',#2471,#2472,#2473);
#1373=SURFACE_SIDE_STYLE('',(#2474));
#1374=EDGE_LOOP('',(#2475,#2476,#2477,#2478));
#1375=AXIS2_PLACEMENT_3D('',#2479,#2480,#2481);
#1376=SURFACE_SIDE_STYLE('',(#2482));
#1377=EDGE_LOOP('',(#2483,#2484,#2485,#2486));
#1378=AXIS2_PLACEMENT_3D('',#2487,#2488,#2489);
#1379=SURFACE_SIDE_STYLE('',(#2490));
#1380=EDGE_LOOP('',(#2491,#2492,#2493,#2494));
#1381=AXIS2_PLACEMENT_3D('',#2495,#2496,#2497);
#1382=SURFACE_SIDE_STYLE('',(#2498));
#1383=EDGE_LOOP('',(#2499,#2500,#2501,#2502));
#1384=AXIS2_PLACEMENT_3D('',#2503,#2504,#2505);
#1385=SURFACE_SIDE_STYLE('',(#2506));
#1386=EDGE_LOOP('',(#2507,#2508,#2509,#2510));
#1387=AXIS2_PLACEMENT_3D('',#2511,#2512,#2513);
#1388=SURFACE_SIDE_STYLE('',(#2514));
#1389=EDGE_LOOP('',(#2515,#2516,#2517,#2518));
#1390=AXIS2_PLACEMENT_3D('',#2519,#2520,#2521);
#1391=SURFACE_SIDE_STYLE('',(#2522));
#1392=EDGE_LOOP('',(#2523,#2524,#2525,#2526));
#1393=AXIS2_PLACEMENT_3D('',#2527,#2528,#2529);
#1394=SURFACE_SIDE_STYLE('',(#2530));
#1395=EDGE_LOOP('',(#2531,#2532,#2533,#2534));
#1396=AXIS2_PLACEMENT_3D('',#2535,#2536,#2537);
#1397=SURFACE_SIDE_STYLE('',(#2538));
#1398=EDGE_LOOP('',(#2539,#2540,#2541,#2542));
#1399=AXIS2_PLACEMENT_3D('',#2543,#2544,#2545);
#1400=SURFACE_SIDE_STYLE('',(#2546));
#1401=EDGE_LOOP('',(#2547,#2548,#2549,#2550));
#1402=AXIS2_PLACEMENT_3D('',#2551,#2552,#2553);
#1403=SURFACE_SIDE_STYLE('',(#2554));
#1404=EDGE_LOOP('',(#2555,#2556,#2557,#2558));
#1405=AXIS2_PLACEMENT_3D('',#2559,#2560,#2561);
#1406=SURFACE_SIDE_STYLE('',(#2562));
#1407=EDGE_LOOP('',(#2563,#2564,#2565,#2566));
#1408=AXIS2_PLACEMENT_3D('',#2567,#2568,#2569);
#1409=SURFACE_SIDE_STYLE('',(#2570));
#1410=EDGE_LOOP('',(#2571,#2572,#2573,#2574));
#1411=AXIS2_PLACEMENT_3D('',#2575,#2576,#2577);
#1412=SURFACE_SIDE_STYLE('',(#2578));
#1413=EDGE_LOOP('',(#2579,#2580,#2581,#2582));
#1414=AXIS2_PLACEMENT_3D('',#2583,#2584,#2585);
#1415=SURFACE_SIDE_STYLE('',(#2586));
#1416=EDGE_LOOP('',(#2587,#2588,#2589,#2590));
#1417=AXIS2_PLACEMENT_3D('',#2591,#2592,#2593);
#1418=SURFACE_SIDE_STYLE('',(#2594));
#1419=EDGE_LOOP('',(#2595,#2596,#2597,#2598));
#1420=AXIS2_PLACEMENT_3D('',#2599,#2600,#2601);
#1421=SURFACE_SIDE_STYLE('',(#2602));
#1422=EDGE_LOOP('',(#2603,#2604,#2605,#2606));
#1423=AXIS2_PLACEMENT_3D('',#2607,#2608,#2609);
#1424=SURFACE_SIDE_STYLE('',(#2610));
#1425=EDGE_LOOP('',(#2611,#2612,#2613,#2614));
#1426=AXIS2_PLACEMENT_3D('',#2615,#2616,#2617);
#1427=SURFACE_SIDE_STYLE('',(#2618));
#1428=EDGE_LOOP('',(#2619,#2620,#2621,#2622));
#1429=AXIS2_PLACEMENT_3D('',#2623,#2624,#2625);
#1430=SURFACE_SIDE_STYLE('',(#2626));
#1431=EDGE_LOOP('',(#2627,#2628,#2629,#2630));
#1432=AXIS2_PLACEMENT_3D('',#2631,#2632,#2633);
#1433=SURFACE_SIDE_STYLE('',(#2634));
#1434=EDGE_LOOP('',(#2635,#2636,#2637,#2638));
#1435=AXIS2_PLACEMENT_3D('',#2639,#2640,#2641);
#1436=SURFACE_SIDE_STYLE('',(#2642));
#1437=EDGE_LOOP('',(#2643,#2644,#2645,#2646));
#1438=AXIS2_PLACEMENT_3D('',#2647,#2648,#2649);
#1439=SURFACE_SIDE_STYLE('',(#2650));
#1440=EDGE_LOOP('',(#2651,#2652,#2653,#2654));
#1441=AXIS2_PLACEMENT_3D('',#2655,#2656,#2657);
#1442=SURFACE_SIDE_STYLE('',(#2658));
#1443=EDGE_LOOP('',(#2659,#2660,#2661,#2662));
#1444=AXIS2_PLACEMENT_3D('',#2663,#2664,#2665);
#1445=SURFACE_SIDE_STYLE('',(#2666));
#1446=EDGE_LOOP('',(#2667,#2668,#2669,#2670));
#1447=AXIS2_PLACEMENT_3D('',#2671,#2672,#2673);
#1448=SURFACE_SIDE_STYLE('',(#2674));
#1449=EDGE_LOOP('',(#2675,#2676,#2677,#2678));
#1450=AXIS2_PLACEMENT_3D('',#2679,#2680,#2681);
#1451=SURFACE_SIDE_STYLE('',(#2682));
#1452=EDGE_LOOP('',(#2683,#2684,#2685,#2686));
#1453=AXIS2_PLACEMENT_3D('',#2687,#2688,#2689);
#1454=SURFACE_SIDE_STYLE('',(#2690));
#1455=EDGE_LOOP('',(#2691,#2692,#2693,#2694));
#1456=AXIS2_PLACEMENT_3D('',#2695,#2696,#2697);
#1457=SURFACE_SIDE_STYLE('',(#2698));
#1458=EDGE_LOOP('',(#2699,#2700,#2701,#2702));
#1459=AXIS2_PLACEMENT_3D('',#2703,#2704,#2705);
#1460=SURFACE_SIDE_STYLE('',(#2706));
#1461=EDGE_LOOP('',(#2707,#2708,#2709,#2710));
#1462=AXIS2_PLACEMENT_3D('',#2711,#2712,#2713);
#1463=SURFACE_SIDE_STYLE('',(#2714));
#1464=EDGE_LOOP('',(#2715,#2716,#2717,#2718));
#1465=AXIS2_PLACEMENT_3D('',#2719,#2720,#2721);
#1466=SURFACE_SIDE_STYLE('',(#2722));
#1467=EDGE_LOOP('',(#2723,#2724,#2725,#2726));
#1468=AXIS2_PLACEMENT_3D('',#2727,#2728,#2729);
#1469=SURFACE_SIDE_STYLE('',(#2730));
#1470=EDGE_LOOP('',(#2731,#2732,#2733,#2734));
#1471=AXIS2_PLACEMENT_3D('',#2735,#2736,#2737);
#1472=SURFACE_SIDE_STYLE('',(#2738));
#1473=EDGE_LOOP('',(#2739,#2740,#2741,#2742));
#1474=AXIS2_PLACEMENT_3D('',#2743,#2744,#2745);
#1475=SURFACE_SIDE_STYLE('',(#2746));
#1476=EDGE_LOOP('',(#2747,#2748,#2749,#2750));
#1477=AXIS2_PLACEMENT_3D('',#2751,#2752,#2753);
#1478=SURFACE_SIDE_STYLE('',(#2754));
#1479=EDGE_LOOP('',(#2755,#2756,#2757,#2758));
#1480=AXIS2_PLACEMENT_3D('',#2759,#2760,#2761);
#1481=SURFACE_SIDE_STYLE('',(#2762));
#1482=EDGE_LOOP('',(#2763,#2764,#2765,#2766));
#1483=AXIS2_PLACEMENT_3D('',#2767,#2768,#2769);
#1484=SURFACE_SIDE_STYLE('',(#2770));
#1485=EDGE_LOOP('',(#2771,#2772,#2773,#2774));
#1486=AXIS2_PLACEMENT_3D('',#2775,#2776,#2777);
#1487=SURFACE_SIDE_STYLE('',(#2778));
#1488=EDGE_LOOP('',(#2779,#2780,#2781,#2782));
#1489=AXIS2_PLACEMENT_3D('',#2783,#2784,#2785);
#1490=SURFACE_SIDE_STYLE('',(#2786));
#1491=EDGE_LOOP('',(#2787,#2788,#2789,#2790));
#1492=AXIS2_PLACEMENT_3D('',#2791,#2792,#2793);
#1493=SURFACE_SIDE_STYLE('',(#2794));
#1494=EDGE_LOOP('',(#2795,#2796,#2797,#2798));
#1495=AXIS2_PLACEMENT_3D('',#2799,#2800,#2801);
#1496=SURFACE_SIDE_STYLE('',(#2802));
#1497=EDGE_LOOP('',(#2803,#2804,#2805,#2806));
#1498=AXIS2_PLACEMENT_3D('',#2807,#2808,#2809);
#1499=SURFACE_SIDE_STYLE('',(#2810));
#1500=EDGE_LOOP('',(#2811,#2812,#2813,#2814));
#1501=AXIS2_PLACEMENT_3D('',#2815,#2816,#2817);
#1502=SURFACE_SIDE_STYLE('',(#2818));
#1503=EDGE_LOOP('',(#2819,#2820,#2821,#2822));
#1504=AXIS2_PLACEMENT_3D('',#2823,#2824,#2825);
#1505=SURFACE_SIDE_STYLE('',(#2826));
#1506=EDGE_LOOP('',(#2827,#2828,#2829,#2830));
#1507=AXIS2_PLACEMENT_3D('',#2831,#2832,#2833);
#1508=SURFACE_SIDE_STYLE('',(#2834));
#1509=EDGE_LOOP('',(#2835,#2836,#2837,#2838));
#1510=AXIS2_PLACEMENT_3D('',#2839,#2840,#2841);
#1511=SURFACE_SIDE_STYLE('',(#2842));
#1512=EDGE_LOOP('',(#2843,#2844,#2845,#2846));
#1513=AXIS2_PLACEMENT_3D('',#2847,#2848,#2849);
#1514=SURFACE_SIDE_STYLE('',(#2850));
#1515=EDGE_LOOP('',(#2851,#2852,#2853,#2854));
#1516=AXIS2_PLACEMENT_3D('',#2855,#2856,#2857);
#1517=SURFACE_SIDE_STYLE('',(#2858));
#1518=EDGE_LOOP('',(#2859,#2860,#2861,#2862));
#1519=AXIS2_PLACEMENT_3D('',#2863,#2864,#2865);
#1520=SURFACE_SIDE_STYLE('',(#2866));
#1521=EDGE_LOOP('',(#2867,#2868,#2869,#2870));
#1522=AXIS2_PLACEMENT_3D('',#2871,#2872,#2873);
#1523=SURFACE_SIDE_STYLE('',(#2874));
#1524=EDGE_LOOP('',(#2875,#2876,#2877,#2878));
#1525=AXIS2_PLACEMENT_3D('',#2879,#2880,#2881);
#1526=SURFACE_SIDE_STYLE('',(#2882));
#1527=EDGE_LOOP('',(#2883,#2884,#2885,#2886));
#1528=AXIS2_PLACEMENT_3D('',#2887,#2888,#2889);
#1529=SURFACE_SIDE_STYLE('',(#2890));
#1530=EDGE_LOOP('',(#2891,#2892,#2893,#2894));
#1531=AXIS2_PLACEMENT_3D('',#2895,#2896,#2897);
#1532=SURFACE_SIDE_STYLE('',(#2898));
#1533=EDGE_LOOP('',(#2899,#2900,#2901,#2902));
#1534=AXIS2_PLACEMENT_3D('',#2903,#2904,#2905);
#1535=SURFACE_SIDE_STYLE('',(#2906));
#1536=EDGE_LOOP('',(#2907,#2908,#2909,#2910));
#1537=AXIS2_PLACEMENT_3D('',#2911,#2912,#2913);
#1538=SURFACE_SIDE_STYLE('',(#2914));
#1539=EDGE_LOOP('',(#2915,#2916,#2917,#2918));
#1540=AXIS2_PLACEMENT_3D('',#2919,#2920,#2921);
#1541=SURFACE_SIDE_STYLE('',(#2922));
#1542=EDGE_LOOP('',(#2923,#2924,#2925,#2926));
#1543=AXIS2_PLACEMENT_3D('',#2927,#2928,#2929);
#1544=SURFACE_SIDE_STYLE('',(#2930));
#1545=EDGE_LOOP('',(#2931,#2932,#2933,#2934));
#1546=AXIS2_PLACEMENT_3D('',#2935,#2936,#2937);
#1547=SURFACE_SIDE_STYLE('',(#2938));
#1548=EDGE_LOOP('',(#2939,#2940,#2941,#2942));
#1549=AXIS2_PLACEMENT_3D('',#2943,#2944,#2945);
#1550=SURFACE_SIDE_STYLE('',(#2946));
#1551=EDGE_LOOP('',(#2947,#2948,#2949,#2950));
#1552=AXIS2_PLACEMENT_3D('',#2951,#2952,#2953);
#1553=SURFACE_SIDE_STYLE('',(#2954));
#1554=EDGE_LOOP('',(#2955,#2956,#2957,#2958));
#1555=AXIS2_PLACEMENT_3D('',#2959,#2960,#2961);
#1556=SURFACE_SIDE_STYLE('',(#2962));
#1557=EDGE_LOOP('',(#2963,#2964,#2965,#2966));
#1558=AXIS2_PLACEMENT_3D('',#2967,#2968,#2969);
#1559=SURFACE_SIDE_STYLE('',(#2970));
#1560=EDGE_LOOP('',(#2971,#2972,#2973,#2974));
#1561=AXIS2_PLACEMENT_3D('',#2975,#2976,#2977);
#1562=SURFACE_SIDE_STYLE('',(#2978));
#1563=EDGE_LOOP('',(#2979,#2980,#2981,#2982));
#1564=AXIS2_PLACEMENT_3D('',#2983,#2984,#2985);
#1565=SURFACE_SIDE_STYLE('',(#2986));
#1566=EDGE_LOOP('',(#2987,#2988,#2989,#2990));
#1567=AXIS2_PLACEMENT_3D('',#2991,#2992,#2993);
#1568=SURFACE_SIDE_STYLE('',(#2994));
#1569=EDGE_LOOP('',(#2995,#2996,#2997,#2998));
#1570=AXIS2_PLACEMENT_3D('',#2999,#3000,#3001);
#1571=SURFACE_SIDE_STYLE('',(#3002));
#1572=EDGE_LOOP('',(#3003,#3004,#3005,#3006));
#1573=AXIS2_PLACEMENT_3D('',#3007,#3008,#3009);
#1574=SURFACE_SIDE_STYLE('',(#3010));
#1575=EDGE_LOOP('',(#3011,#3012,#3013,#3014));
#1576=AXIS2_PLACEMENT_3D('',#3015,#3016,#3017);
#1577=SURFACE_SIDE_STYLE('',(#3018));
#1578=EDGE_LOOP('',(#3019,#3020,#3021,#3022));
#1579=AXIS2_PLACEMENT_3D('',#3023,#3024,#3025);
#1580=SURFACE_SIDE_STYLE('',(#3026));
#1581=EDGE_LOOP('',(#3027,#3028,#3029,#3030));
#1582=AXIS2_PLACEMENT_3D('',#3031,#3032,#3033);
#1583=SURFACE_SIDE_STYLE('',(#3034));
#1584=EDGE_LOOP('',(#3035,#3036,#3037,#3038));
#1585=AXIS2_PLACEMENT_3D('',#3039,#3040,#3041);
#1586=SURFACE_SIDE_STYLE('',(#3042));
#1587=EDGE_LOOP('',(#3043,#3044,#3045,#3046));
#1588=AXIS2_PLACEMENT_3D('',#3047,#3048,#3049);
#1589=SURFACE_SIDE_STYLE('',(#3050));
#1590=EDGE_LOOP('',(#3051,#3052,#3053,#3054));
#1591=AXIS2_PLACEMENT_3D('',#3055,#3056,#3057);
#1592=SURFACE_SIDE_STYLE('',(#3058));
#1593=EDGE_LOOP('',(#3059,#3060,#3061,#3062));
#1594=AXIS2_PLACEMENT_3D('',#3063,#3064,#3065);
#1595=SURFACE_SIDE_STYLE('',(#3066));
#1596=EDGE_LOOP('',(#3067,#3068,#3069,#3070));
#1597=AXIS2_PLACEMENT_3D('',#3071,#3072,#3073);
#1598=SURFACE_SIDE_STYLE('',(#3074));
#1599=EDGE_LOOP('',(#3075,#3076,#3077,#3078));
#1600=AXIS2_PLACEMENT_3D('',#3079,#3080,#3081);
#1601=SURFACE_SIDE_STYLE('',(#3082));
#1602=EDGE_LOOP('',(#3083,#3084,#3085,#3086));
#1603=AXIS2_PLACEMENT_3D('',#3087,#3088,#3089);
#1604=SURFACE_SIDE_STYLE('',(#3090));
#1605=EDGE_LOOP('',(#3091,#3092,#3093,#3094));
#1606=AXIS2_PLACEMENT_3D('',#3095,#3096,#3097);
#1607=SURFACE_SIDE_STYLE('',(#3098));
#1608=EDGE_LOOP('',(#3099,#3100,#3101,#3102));
#1609=AXIS2_PLACEMENT_3D('',#3103,#3104,#3105);
#1610=SURFACE_SIDE_STYLE('',(#3106));
#1611=EDGE_LOOP('',(#3107,#3108,#3109,#3110));
#1612=AXIS2_PLACEMENT_3D('',#3111,#3112,#3113);
#1613=SURFACE_SIDE_STYLE('',(#3114));
#1614=EDGE_LOOP('',(#3115,#3116,#3117,#3118));
#1615=AXIS2_PLACEMENT_3D('',#3119,#3120,#3121);
#1616=SURFACE_SIDE_STYLE('',(#3122));
#1617=EDGE_LOOP('',(#3123,#3124,#3125,#3126));
#1618=AXIS2_PLACEMENT_3D('',#3127,#3128,#3129);
#1619=SURFACE_SIDE_STYLE('',(#3130));
#1620=EDGE_LOOP('',(#3131,#3132,#3133,#3134));
#1621=AXIS2_PLACEMENT_3D('',#3135,#3136,#3137);
#1622=SURFACE_SIDE_STYLE('',(#3138));
#1623=EDGE_LOOP('',(#3139,#3140,#3141,#3142));
#1624=AXIS2_PLACEMENT_3D('',#3143,#3144,#3145);
#1625=SURFACE_SIDE_STYLE('',(#3146));
#1626=EDGE_LOOP('',(#3147,#3148,#3149,#3150));
#1627=AXIS2_PLACEMENT_3D('',#3151,#3152,#3153);
#1628=SURFACE_SIDE_STYLE('',(#3154));
#1629=EDGE_LOOP('',(#3155,#3156,#3157,#3158));
#1630=AXIS2_PLACEMENT_3D('',#3159,#3160,#3161);
#1631=SURFACE_SIDE_STYLE('',(#3162));
#1632=EDGE_LOOP('',(#3163,#3164,#3165,#3166));
#1633=AXIS2_PLACEMENT_3D('',#3167,#3168,#3169);
#1634=SURFACE_SIDE_STYLE('',(#3170));
#1635=EDGE_LOOP('',(#3171,#3172,#3173,#3174));
#1636=AXIS2_PLACEMENT_3D('',#3175,#3176,#3177);
#1637=SURFACE_SIDE_STYLE('',(#3178));
#1638=EDGE_LOOP('',(#3179,#3180,#3181,#3182));
#1639=AXIS2_PLACEMENT_3D('',#3183,#3184,#3185);
#1640=SURFACE_SIDE_STYLE('',(#3186));
#1641=EDGE_LOOP('',(#3187,#3188,#3189,#3190));
#1642=AXIS2_PLACEMENT_3D('',#3191,#3192,#3193);
#1643=SURFACE_SIDE_STYLE('',(#3194));
#1644=EDGE_LOOP('',(#3195,#3196,#3197,#3198));
#1645=AXIS2_PLACEMENT_3D('',#3199,#3200,#3201);
#1646=SURFACE_SIDE_STYLE('',(#3202));
#1647=EDGE_LOOP('',(#3203,#3204,#3205,#3206));
#1648=AXIS2_PLACEMENT_3D('',#3207,#3208,#3209);
#1649=SURFACE_SIDE_STYLE('',(#3210));
#1650=EDGE_LOOP('',(#3211,#3212,#3213,#3214));
#1651=AXIS2_PLACEMENT_3D('',#3215,#3216,#3217);
#1652=SURFACE_SIDE_STYLE('',(#3218));
#1653=EDGE_LOOP('',(#3219,#3220,#3221,#3222));
#1654=AXIS2_PLACEMENT_3D('',#3223,#3224,#3225);
#1655=SURFACE_SIDE_STYLE('',(#3226));
#1656=EDGE_LOOP('',(#3227,#3228,#3229,#3230));
#1657=AXIS2_PLACEMENT_3D('',#3231,#3232,#3233);
#1658=SURFACE_SIDE_STYLE('',(#3234));
#1659=EDGE_LOOP('',(#3235,#3236,#3237,#3238));
#1660=AXIS2_PLACEMENT_3D('',#3239,#3240,#3241);
#1661=SURFACE_SIDE_STYLE('',(#3242));
#1662=EDGE_LOOP('',(#3243,#3244,#3245,#3246));
#1663=AXIS2_PLACEMENT_3D('',#3247,#3248,#3249);
#1664=SURFACE_SIDE_STYLE('',(#3250));
#1665=EDGE_LOOP('',(#3251,#3252,#3253,#3254));
#1666=AXIS2_PLACEMENT_3D('',#3255,#3256,#3257);
#1667=SURFACE_SIDE_STYLE('',(#3258));
#1668=EDGE_LOOP('',(#3259,#3260,#3261,#3262));
#1669=AXIS2_PLACEMENT_3D('',#3263,#3264,#3265);
#1670=SURFACE_SIDE_STYLE('',(#3266));
#1671=EDGE_LOOP('',(#3267,#3268,#3269,#3270));
#1672=AXIS2_PLACEMENT_3D('',#3271,#3272,#3273);
#1673=SURFACE_SIDE_STYLE('',(#3274));
#1674=EDGE_LOOP('',(#3275,#3276,#3277,#3278));
#1675=AXIS2_PLACEMENT_3D('',#3279,#3280,#3281);
#1676=SURFACE_SIDE_STYLE('',(#3282));
#1677=EDGE_LOOP('',(#3283,#3284,#3285,#3286));
#1678=AXIS2_PLACEMENT_3D('',#3287,#3288,#3289);
#1679=SURFACE_SIDE_STYLE('',(#3290));
#1680=EDGE_LOOP('',(#3291,#3292,#3293,#3294));
#1681=AXIS2_PLACEMENT_3D('',#3295,#3296,#3297);
#1682=SURFACE_SIDE_STYLE('',(#3298));
#1683=EDGE_LOOP('',(#3299,#3300,#3301,#3302,#3303,#3304,#3305,#3306,#3307,#3308,#3309,#3310,#3311,#3312,#3313,#3314,#3315,#3316,#3317,#3318,#3319,#3320,#3321,#3322,#3323,#3324,#3325,#3326,#3327,#3328,#3329,#3330,#3331,#3332));
#1684=EDGE_LOOP('',(#3333,#3334));
#1685=EDGE_LOOP('',(#3335,#3336));
#1686=EDGE_LOOP('',(#3337,#3338));
#1687=EDGE_LOOP('',(#3339,#3340));
#1688=EDGE_LOOP('',(#3341,#3342,#3343,#3344,#3345,#3346,#3347,#3348,#3349,#3350,#3351,#3352,#3353,#3354,#3355,#3356,#3357,#3358,#3359,#3360,#3361,#3362,#3363,#3364,#3365,#3366,#3367,#3368,#3369,#3370,#3371,#3372,#3373,#3374,#3375,#3376,#3377,#3378,#3379,#3380,#3381,#3382,#3383,#3384,#3385,#3386,#3387,#3388,#3389,#3390,#3391,#3392,#3393,#3394,#3395,#3396,#3397,#3398,#3399,#3400,#3401,#3402,#3403,#3404,#3405,#3406,#3407,#3408,#3409,#3410,#3411,#3412,#3413,#3414,#3415,#3416,#3417,#3418,#3419,#3420,#3421,#3422,#3423,#3424,#3425,#3426,#3427,#3428,#3429,#3430,#3431,#3432,#3433,#3434,#3435,#3436,#3437,#3438,#3439,#3440,#3441,#3442,#3443,#3444,#3445,#3446,#3447,#3448,#3449,#3450,#3451,#3452,#3453,#3454,#3455,#3456,#3457,#3458,#3459,#3460,#3461,#3462,#3463,#3464,#3465,#3466,#3467,#3468,#3469,#3470,#3471,#3472,#3473,#3474,#3475,#3476));
#1689=AXIS2_PLACEMENT_3D('',#3477,#3478,#3479);
#1690=SURFACE_SIDE_STYLE('',(#3480));
#1692=SURFACE_STYLE_FILL_AREA(#3481);
#1693=ORIENTED_EDGE('',*,*,#3482,.F.);
#1694=ORIENTED_EDGE('',*,*,#3483,.F.);
#1695=ORIENTED_EDGE('',*,*,#3484,.F.);
#1696=ORIENTED_EDGE('',*,*,#3485,.F.);
#1697=CARTESIAN_POINT('',(-10.0,0.0,-10.0));
#1698=DIRECTION('',(0.0,-1.0,0.0));
#1699=DIRECTION('',(1.0,0.0,0.0));
#1700=SURFACE_STYLE_FILL_AREA(#3486);
#1701=ORIENTED_EDGE('',*,*,#3487,.F.);
#1702=ORIENTED_EDGE('',*,*,#3488,.F.);
#1703=ORIENTED_EDGE('',*,*,#3489,.F.);
#1704=ORIENTED_EDGE('',*,*,#3490,.F.);
#1705=CARTESIAN_POINT('',(-10.0,0.0,10.0));
#1706=DIRECTION('',(0.0,-1.0,0.0));
#1707=DIRECTION('',(1.0,0.0,0.0));
#1708=SURFACE_STYLE_FILL_AREA(#3491);
#1709=ORIENTED_EDGE('',*,*,#3492,.F.);
#1710=ORIENTED_EDGE('',*,*,#3493,.F.);
#1711=ORIENTED_EDGE('',*,*,#3494,.F.);
#1712=ORIENTED_EDGE('',*,*,#3495,.F.);
#1713=CARTESIAN_POINT('',(10.0,0.0,-10.0));
#1714=DIRECTION('',(0.0,-1.0,0.0));
#1715=DIRECTION('',(1.0,0.0,0.0));
#1716=SURFACE_STYLE_FILL_AREA(#3496);
#1717=ORIENTED_EDGE('',*,*,#3497,.F.);
#1718=ORIENTED_EDGE('',*,*,#3498,.F.);
#1719=ORIENTED_EDGE('',*,*,#3499,.F.);
#1720=ORIENTED_EDGE('',*,*,#3500,.F.);
#1721=CARTESIAN_POINT('',(10.0,0.0,10.0));
#1722=DIRECTION('',(0.0,-1.0,0.0));
#1723=DIRECTION('',(1.0,0.0,0.0));
#1724=SURFACE_STYLE_FILL_AREA(#3501);
#1725=ORIENTED_EDGE('',*,*,#3502,.F.);
#1726=ORIENTED_EDGE('',*,*,#3503,.F.);
#1727=ORIENTED_EDGE('',*,*,#3504,.F.);
#1728=ORIENTED_EDGE('',*,*,#3505,.T.);
#1729=CARTESIAN_POINT('',(-15.89878044,1250.0,5.59999996596616E-07));
#1730=DIRECTION('',(0.0,-1.0,0.0));
#1731=DIRECTION('',(-0.707106781186549,0.0,0.707106781186546));
#1732=SURFACE_STYLE_FILL_AREA(#3506);
#1733=ORIENTED_EDGE('',*,*,#3507,.F.);
#1734=ORIENTED_EDGE('',*,*,#3505,.F.);
#1735=ORIENTED_EDGE('',*,*,#3508,.F.);
#1736=ORIENTED_EDGE('',*,*,#3509,.T.);
#1737=CARTESIAN_POINT('',(-15.284441,1250.0,3.44276712));
#1738=DIRECTION('',(-0.707106781186548,0.0,0.707106781186548));
#1739=DIRECTION('',(-0.707106781186548,-0.0,-0.707106781186548));
#1740=SURFACE_STYLE_FILL_AREA(#3510);
#1741=ORIENTED_EDGE('',*,*,#3511,.F.);
#1742=ORIENTED_EDGE('',*,*,#3509,.F.);
#1743=ORIENTED_EDGE('',*,*,#3512,.F.);
#1744=ORIENTED_EDGE('',*,*,#3513,.T.);
#1745=CARTESIAN_POINT('',(-11.13456766,1250.0,3.34999978));
#1746=DIRECTION('',(0.0,-1.0,0.0));
#1747=DIRECTION('',(-5.9211894646675E-16,0.0,1.0));
#1748=SURFACE_STYLE_FILL_AREA(#3514);
#1749=ORIENTED_EDGE('',*,*,#3515,.F.);
#1750=ORIENTED_EDGE('',*,*,#3513,.F.);
#1751=ORIENTED_EDGE('',*,*,#3516,.F.);
#1752=ORIENTED_EDGE('',*,*,#3517,.T.);
#1753=CARTESIAN_POINT('',(-9.46335216,1250.0,6.34999978));
#1754=DIRECTION('',(0.0,0.0,1.0));
#1755=DIRECTION('',(-1.0,0.0,0.0));
#1756=SURFACE_STYLE_FILL_AREA(#3518);
#1757=ORIENTED_EDGE('',*,*,#3519,.F.);
#1758=ORIENTED_EDGE('',*,*,#3517,.F.);
#1759=ORIENTED_EDGE('',*,*,#3520,.F.);
#1760=ORIENTED_EDGE('',*,*,#3521,.T.);
#1761=CARTESIAN_POINT('',(-6.71053466,1250.0,7.43160178));
#1762=DIRECTION('',(-0.707106781186547,0.0,0.707106781186548));
#1763=DIRECTION('',(-0.707106781186548,-0.0,-0.707106781186547));
#1764=SURFACE_STYLE_FILL_AREA(#3522);
#1765=ORIENTED_EDGE('',*,*,#3523,.F.);
#1766=ORIENTED_EDGE('',*,*,#3521,.F.);
#1767=ORIENTED_EDGE('',*,*,#3524,.F.);
#1768=ORIENTED_EDGE('',*,*,#3525,.T.);
#1769=CARTESIAN_POINT('',(-6.35000066,1250.0,9.46335128));
#1770=DIRECTION('',(-1.0,0.0,0.0));
#1771=DIRECTION('',(0.0,0.0,-1.0));
#1772=SURFACE_STYLE_FILL_AREA(#3526);
#1773=ORIENTED_EDGE('',*,*,#3527,.F.);
#1774=ORIENTED_EDGE('',*,*,#3525,.F.);
#1775=ORIENTED_EDGE('',*,*,#3528,.F.);
#1776=ORIENTED_EDGE('',*,*,#3529,.T.);
#1777=CARTESIAN_POINT('',(-3.35000066000002,1250.0,11.13456678));
#1778=DIRECTION('',(0.0,-1.0,0.0));
#1779=DIRECTION('',(-0.707106781186545,0.0,0.70710678118655));
#1780=SURFACE_STYLE_FILL_AREA(#3530);
#1781=ORIENTED_EDGE('',*,*,#3531,.F.);
#1782=ORIENTED_EDGE('',*,*,#3529,.F.);
#1783=ORIENTED_EDGE('',*,*,#3532,.F.);
#1784=ORIENTED_EDGE('',*,*,#3533,.T.);
#1785=CARTESIAN_POINT('',(-3.4427675,1250.0,15.28444012));
#1786=DIRECTION('',(-0.70710669404232,0.0,0.707106868330764));
#1787=DIRECTION('',(-0.707106868330764,-0.0,-0.70710669404232));
#1788=SURFACE_STYLE_FILL_AREA(#3534);
#1789=ORIENTED_EDGE('',*,*,#3535,.F.);
#1790=ORIENTED_EDGE('',*,*,#3533,.F.);
#1791=ORIENTED_EDGE('',*,*,#3536,.F.);
#1792=ORIENTED_EDGE('',*,*,#3537,.T.);
#1793=CARTESIAN_POINT('',(-4.40000000878626E-07,1250.0,15.89877956));
#1794=DIRECTION('',(0.0,-1.0,0.0));
#1795=DIRECTION('',(0.707106781186544,0.0,0.707106781186551));
#1796=SURFACE_STYLE_FILL_AREA(#3538);
#1797=ORIENTED_EDGE('',*,*,#3539,.F.);
#1798=ORIENTED_EDGE('',*,*,#3537,.F.);
#1799=ORIENTED_EDGE('',*,*,#3540,.F.);
#1800=ORIENTED_EDGE('',*,*,#3541,.T.);
#1801=CARTESIAN_POINT('',(3.44276662,1250.0,15.28444012));
#1802=DIRECTION('',(0.70710669404232,0.0,0.707106868330764));
#1803=DIRECTION('',(-0.707106868330764,0.0,0.70710669404232));
#1804=SURFACE_STYLE_FILL_AREA(#3542);
#1805=ORIENTED_EDGE('',*,*,#3543,.F.);
#1806=ORIENTED_EDGE('',*,*,#3541,.F.);
#1807=ORIENTED_EDGE('',*,*,#3544,.F.);
#1808=ORIENTED_EDGE('',*,*,#3545,.T.);
#1809=CARTESIAN_POINT('',(3.34999978,1250.0,11.13456678));
#1810=DIRECTION('',(0.0,-1.0,0.0));
#1811=DIRECTION('',(1.0,0.0,0.0));
#1812=SURFACE_STYLE_FILL_AREA(#3546);
#1813=ORIENTED_EDGE('',*,*,#3547,.F.);
#1814=ORIENTED_EDGE('',*,*,#3545,.F.);
#1815=ORIENTED_EDGE('',*,*,#3548,.F.);
#1816=ORIENTED_EDGE('',*,*,#3549,.T.);
#1817=CARTESIAN_POINT('',(6.34999978,1250.0,9.46335128));
#1818=DIRECTION('',(1.0,0.0,-0.0));
#1819=DIRECTION('',(0.0,0.0,1.0));
#1820=SURFACE_STYLE_FILL_AREA(#3550);
#1821=ORIENTED_EDGE('',*,*,#3551,.F.);
#1822=ORIENTED_EDGE('',*,*,#3549,.F.);
#1823=ORIENTED_EDGE('',*,*,#3552,.F.);
#1824=ORIENTED_EDGE('',*,*,#3553,.T.);
#1825=CARTESIAN_POINT('',(6.71053378,1250.0,7.43160178));
#1826=DIRECTION('',(0.707106781186548,0.0,0.707106781186548));
#1827=DIRECTION('',(-0.707106781186548,0.0,0.707106781186548));
#1828=SURFACE_STYLE_FILL_AREA(#3554);
#1829=ORIENTED_EDGE('',*,*,#3555,.F.);
#1830=ORIENTED_EDGE('',*,*,#3553,.F.);
#1831=ORIENTED_EDGE('',*,*,#3556,.F.);
#1832=ORIENTED_EDGE('',*,*,#3557,.T.);
#1833=CARTESIAN_POINT('',(7.43160128,1250.0,6.71053378));
#1834=DIRECTION('',(0.707107271505785,0.0,0.70710629086697));
#1835=DIRECTION('',(-0.70710629086697,0.0,0.707107271505786));
#1836=SURFACE_STYLE_FILL_AREA(#3558);
#1837=ORIENTED_EDGE('',*,*,#3559,.F.);
#1838=ORIENTED_EDGE('',*,*,#3557,.F.);
#1839=ORIENTED_EDGE('',*,*,#3560,.F.);
#1840=ORIENTED_EDGE('',*,*,#3561,.T.);
#1841=CARTESIAN_POINT('',(9.46335078,1250.0,6.34999978));
#1842=DIRECTION('',(0.0,0.0,1.0));
#1843=DIRECTION('',(-1.0,0.0,0.0));
#1844=SURFACE_STYLE_FILL_AREA(#3562);
#1845=ORIENTED_EDGE('',*,*,#3563,.F.);
#1846=ORIENTED_EDGE('',*,*,#3561,.F.);
#1847=ORIENTED_EDGE('',*,*,#3564,.F.);
#1848=ORIENTED_EDGE('',*,*,#3565,.T.);
#1849=CARTESIAN_POINT('',(11.13456678,1250.0,3.34999978000005));
#1850=DIRECTION('',(0.0,-1.0,0.0));
#1851=DIRECTION('',(0.707106781186553,0.0,0.707106781186542));
#1852=SURFACE_STYLE_FILL_AREA(#3566);
#1853=ORIENTED_EDGE('',*,*,#3567,.F.);
#1854=ORIENTED_EDGE('',*,*,#3565,.F.);
#1855=ORIENTED_EDGE('',*,*,#3568,.F.);
#1856=ORIENTED_EDGE('',*,*,#3569,.T.);
#1857=CARTESIAN_POINT('',(15.28444062,1250.0,3.44276712));
#1858=DIRECTION('',(0.70710669404232,0.0,0.707106868330765));
#1859=DIRECTION('',(-0.707106868330765,0.0,0.70710669404232));
#1860=SURFACE_STYLE_FILL_AREA(#3570);
#1861=ORIENTED_EDGE('',*,*,#3571,.F.);
#1862=ORIENTED_EDGE('',*,*,#3569,.F.);
#1863=ORIENTED_EDGE('',*,*,#3572,.F.);
#1864=ORIENTED_EDGE('',*,*,#3573,.T.);
#1865=CARTESIAN_POINT('',(15.89878056,1250.0,5.6000000014933E-07));
#1866=DIRECTION('',(0.0,-1.0,0.0));
#1867=DIRECTION('',(0.707106781186549,0.0,-0.707106781186546));
#1868=SURFACE_STYLE_FILL_AREA(#3574);
#1869=ORIENTED_EDGE('',*,*,#3575,.F.);
#1870=ORIENTED_EDGE('',*,*,#3573,.F.);
#1871=ORIENTED_EDGE('',*,*,#3576,.F.);
#1872=ORIENTED_EDGE('',*,*,#3577,.T.);
#1873=CARTESIAN_POINT('',(15.28444062,1250.0,-3.4427665));
#1874=DIRECTION('',(0.707106781186547,0.0,-0.707106781186548));
#1875=DIRECTION('',(0.707106781186548,0.0,0.707106781186547));
#1876=SURFACE_STYLE_FILL_AREA(#3578);
#1877=ORIENTED_EDGE('',*,*,#3579,.F.);
#1878=ORIENTED_EDGE('',*,*,#3577,.F.);
#1879=ORIENTED_EDGE('',*,*,#3580,.F.);
#1880=ORIENTED_EDGE('',*,*,#3581,.T.);
#1881=CARTESIAN_POINT('',(11.13456678,1250.0,-3.34999965999999));
#1882=DIRECTION('',(0.0,-1.0,0.0));
#1883=DIRECTION('',(1.1842378929335E-15,0.0,-1.0));
#1884=SURFACE_STYLE_FILL_AREA(#3582);
#1885=ORIENTED_EDGE('',*,*,#3583,.F.);
#1886=ORIENTED_EDGE('',*,*,#3581,.F.);
#1887=ORIENTED_EDGE('',*,*,#3584,.F.);
#1888=ORIENTED_EDGE('',*,*,#3585,.T.);
#1889=CARTESIAN_POINT('',(9.46335078,1250.0,-6.34999966));
#1890=DIRECTION('',(0.0,0.0,-1.0));
#1891=DIRECTION('',(1.0,0.0,0.0));
#1892=SURFACE_STYLE_FILL_AREA(#3586);
#1893=ORIENTED_EDGE('',*,*,#3587,.F.);
#1894=ORIENTED_EDGE('',*,*,#3585,.F.);
#1895=ORIENTED_EDGE('',*,*,#3588,.F.);
#1896=ORIENTED_EDGE('',*,*,#3589,.T.);
#1897=CARTESIAN_POINT('',(7.43160128,1250.0,-6.71053366));
#1898=DIRECTION('',(0.707107271505786,0.0,-0.707106290866969));
#1899=DIRECTION('',(0.707106290866969,0.0,0.707107271505786));
#1900=SURFACE_STYLE_FILL_AREA(#3590);
#1901=ORIENTED_EDGE('',*,*,#3591,.F.);
#1902=ORIENTED_EDGE('',*,*,#3589,.F.);
#1903=ORIENTED_EDGE('',*,*,#3592,.F.);
#1904=ORIENTED_EDGE('',*,*,#3593,.T.);
#1905=CARTESIAN_POINT('',(6.71053378,1250.0,-7.43160166));
#1906=DIRECTION('',(0.707106781186548,0.0,-0.707106781186548));
#1907=DIRECTION('',(0.707106781186548,0.0,0.707106781186548));
#1908=SURFACE_STYLE_FILL_AREA(#3594);
#1909=ORIENTED_EDGE('',*,*,#3595,.F.);
#1910=ORIENTED_EDGE('',*,*,#3593,.F.);
#1911=ORIENTED_EDGE('',*,*,#3596,.F.);
#1912=ORIENTED_EDGE('',*,*,#3597,.T.);
#1913=CARTESIAN_POINT('',(6.34999978,1250.0,-9.46335116));
#1914=DIRECTION('',(1.0,0.0,-0.0));
#1915=DIRECTION('',(0.0,0.0,1.0));
#1916=SURFACE_STYLE_FILL_AREA(#3598);
#1917=ORIENTED_EDGE('',*,*,#3599,.F.);
#1918=ORIENTED_EDGE('',*,*,#3597,.F.);
#1919=ORIENTED_EDGE('',*,*,#3600,.F.);
#1920=ORIENTED_EDGE('',*,*,#3601,.T.);
#1921=CARTESIAN_POINT('',(3.34999978000001,1250.0,-11.13456666));
#1922=DIRECTION('',(0.0,-1.0,0.0));
#1923=DIRECTION('',(0.707106781186546,0.0,-0.707106781186549));
#1924=SURFACE_STYLE_FILL_AREA(#3602);
#1925=ORIENTED_EDGE('',*,*,#3603,.F.);
#1926=ORIENTED_EDGE('',*,*,#3601,.F.);
#1927=ORIENTED_EDGE('',*,*,#3604,.F.);
#1928=ORIENTED_EDGE('',*,*,#3605,.T.);
#1929=CARTESIAN_POINT('',(3.44276662,1250.0,-15.2844405));
#1930=DIRECTION('',(0.707106781186547,0.0,-0.707106781186548));
#1931=DIRECTION('',(0.707106781186548,0.0,0.707106781186547));
#1932=SURFACE_STYLE_FILL_AREA(#3606);
#1933=ORIENTED_EDGE('',*,*,#3607,.F.);
#1934=ORIENTED_EDGE('',*,*,#3605,.F.);
#1935=ORIENTED_EDGE('',*,*,#3608,.F.);
#1936=ORIENTED_EDGE('',*,*,#3609,.T.);
#1937=CARTESIAN_POINT('',(-4.40000000878626E-07,1250.0,-15.89878044));
#1938=DIRECTION('',(0.0,-1.0,-0.0));
#1939=DIRECTION('',(-0.707106781186546,0.0,-0.707106781186549));
#1940=SURFACE_STYLE_FILL_AREA(#3610);
#1941=ORIENTED_EDGE('',*,*,#3611,.F.);
#1942=ORIENTED_EDGE('',*,*,#3609,.F.);
#1943=ORIENTED_EDGE('',*,*,#3612,.F.);
#1944=ORIENTED_EDGE('',*,*,#3613,.T.);
#1945=CARTESIAN_POINT('',(-3.4427675,1250.0,-15.2844405));
#1946=DIRECTION('',(-0.707106781186548,-0.0,-0.707106781186547));
#1947=DIRECTION('',(0.707106781186547,0.0,-0.707106781186548));
#1948=SURFACE_STYLE_FILL_AREA(#3614);
#1949=ORIENTED_EDGE('',*,*,#3615,.F.);
#1950=ORIENTED_EDGE('',*,*,#3613,.F.);
#1951=ORIENTED_EDGE('',*,*,#3616,.F.);
#1952=ORIENTED_EDGE('',*,*,#3617,.T.);
#1953=CARTESIAN_POINT('',(-3.35000066,1250.0,-11.13456666));
#1954=DIRECTION('',(0.0,-1.0,-0.0));
#1955=DIRECTION('',(-1.0,0.0,-1.1842378929335E-15));
#1956=SURFACE_STYLE_FILL_AREA(#3618);
#1957=ORIENTED_EDGE('',*,*,#3619,.F.);
#1958=ORIENTED_EDGE('',*,*,#3617,.F.);
#1959=ORIENTED_EDGE('',*,*,#3620,.F.);
#1960=ORIENTED_EDGE('',*,*,#3621,.T.);
#1961=CARTESIAN_POINT('',(-6.35000066,1250.0,-9.46335116));
#1962=DIRECTION('',(-1.0,0.0,0.0));
#1963=DIRECTION('',(0.0,0.0,-1.0));
#1964=SURFACE_STYLE_FILL_AREA(#3622);
#1965=ORIENTED_EDGE('',*,*,#3623,.F.);
#1966=ORIENTED_EDGE('',*,*,#3621,.F.);
#1967=ORIENTED_EDGE('',*,*,#3624,.F.);
#1968=ORIENTED_EDGE('',*,*,#3625,.T.);
#1969=CARTESIAN_POINT('',(-7.43160266,1250.0,-6.71053366));
#1970=DIRECTION('',(-0.707106781186548,-0.0,-0.707106781186548));
#1971=DIRECTION('',(0.707106781186548,0.0,-0.707106781186548));
#1972=SURFACE_STYLE_FILL_AREA(#3626);
#1973=ORIENTED_EDGE('',*,*,#3627,.F.);
#1974=ORIENTED_EDGE('',*,*,#3625,.F.);
#1975=ORIENTED_EDGE('',*,*,#3628,.F.);
#1976=ORIENTED_EDGE('',*,*,#3629,.T.);
#1977=CARTESIAN_POINT('',(-9.46335216,1250.0,-6.34999966));
#1978=DIRECTION('',(0.0,0.0,-1.0));
#1979=DIRECTION('',(1.0,0.0,0.0));
#1980=SURFACE_STYLE_FILL_AREA(#3630);
#1981=ORIENTED_EDGE('',*,*,#3631,.F.);
#1982=ORIENTED_EDGE('',*,*,#3629,.F.);
#1983=ORIENTED_EDGE('',*,*,#3632,.F.);
#1984=ORIENTED_EDGE('',*,*,#3633,.T.);
#1985=CARTESIAN_POINT('',(-11.13456766,1250.0,-3.34999966));
#1986=DIRECTION('',(0.0,-1.0,-0.0));
#1987=DIRECTION('',(-0.707106781186548,0.0,-0.707106781186547));
#1988=SURFACE_STYLE_FILL_AREA(#3634);
#1989=ORIENTED_EDGE('',*,*,#3635,.F.);
#1990=ORIENTED_EDGE('',*,*,#3633,.F.);
#1991=ORIENTED_EDGE('',*,*,#3636,.F.);
#1992=ORIENTED_EDGE('',*,*,#3503,.T.);
#1993=CARTESIAN_POINT('',(-15.284441,1250.0,-3.4427665));
#1994=DIRECTION('',(-0.707106868330764,-0.0,-0.70710669404232));
#1995=DIRECTION('',(0.70710669404232,0.0,-0.707106868330764));
#1996=SURFACE_STYLE_FILL_AREA(#3637);
#1997=ORIENTED_EDGE('',*,*,#3497,.T.);
#1998=ORIENTED_EDGE('',*,*,#3638,.F.);
#1999=ORIENTED_EDGE('',*,*,#3499,.T.);
#2000=ORIENTED_EDGE('',*,*,#3639,.F.);
#2001=CARTESIAN_POINT('',(10.0,0.0,10.0));
#2002=DIRECTION('',(0.0,-1.0,0.0));
#2003=DIRECTION('',(1.0,0.0,0.0));
#2004=SURFACE_STYLE_FILL_AREA(#3640);
#2005=ORIENTED_EDGE('',*,*,#3492,.T.);
#2006=ORIENTED_EDGE('',*,*,#3641,.F.);
#2007=ORIENTED_EDGE('',*,*,#3494,.T.);
#2008=ORIENTED_EDGE('',*,*,#3642,.F.);
#2009=CARTESIAN_POINT('',(10.0,0.0,-10.0));
#2010=DIRECTION('',(0.0,-1.0,0.0));
#2011=DIRECTION('',(1.0,0.0,0.0));
#2012=SURFACE_STYLE_FILL_AREA(#3643);
#2013=ORIENTED_EDGE('',*,*,#3487,.T.);
#2014=ORIENTED_EDGE('',*,*,#3644,.F.);
#2015=ORIENTED_EDGE('',*,*,#3489,.T.);
#2016=ORIENTED_EDGE('',*,*,#3645,.F.);
#2017=CARTESIAN_POINT('',(-10.0,0.0,10.0));
#2018=DIRECTION('',(0.0,-1.0,0.0));
#2019=DIRECTION('',(1.0,0.0,0.0));
#2020=SURFACE_STYLE_FILL_AREA(#3646);
#2021=ORIENTED_EDGE('',*,*,#3482,.T.);
#2022=ORIENTED_EDGE('',*,*,#3647,.F.);
#2023=ORIENTED_EDGE('',*,*,#3484,.T.);
#2024=ORIENTED_EDGE('',*,*,#3648,.F.);
#2025=CARTESIAN_POINT('',(-10.0,0.0,-10.0));
#2026=DIRECTION('',(0.0,-1.0,0.0));
#2027=DIRECTION('',(1.0,0.0,0.0));
#2028=SURFACE_STYLE_FILL_AREA(#3649);
#2029=ORIENTED_EDGE('',*,*,#3650,.F.);
#2030=ORIENTED_EDGE('',*,*,#3651,.F.);
#2031=ORIENTED_EDGE('',*,*,#3652,.F.);
#2032=ORIENTED_EDGE('',*,*,#3653,.T.);
#2033=CARTESIAN_POINT('',(-16.65,1250.0,8.86543289));
#2034=DIRECTION('',(0.0,-1.0,0.0));
#2035=DIRECTION('',(0.707106781186546,0.0,-0.707106781186549));
#2036=SURFACE_STYLE_FILL_AREA(#3654);
#2037=ORIENTED_EDGE('',*,*,#3655,.F.);
#2038=ORIENTED_EDGE('',*,*,#3653,.F.);
#2039=ORIENTED_EDGE('',*,*,#3656,.F.);
#2040=ORIENTED_EDGE('',*,*,#3657,.T.);
#2041=CARTESIAN_POINT('',(-15.65383208,1250.0,5.61896013));
#2042=DIRECTION('',(0.707106781186548,0.0,-0.707106781186547));
#2043=DIRECTION('',(0.707106781186547,0.0,0.707106781186548));
#2044=SURFACE_STYLE_FILL_AREA(#3658);
#2045=ORIENTED_EDGE('',*,*,#3659,.F.);
#2046=ORIENTED_EDGE('',*,*,#3657,.F.);
#2047=ORIENTED_EDGE('',*,*,#3660,.F.);
#2048=ORIENTED_EDGE('',*,*,#3661,.T.);
#2049=CARTESIAN_POINT('',(-17.36758839,1250.0,5.0824116));
#2050=DIRECTION('',(0.0,-1.0,0.0));
#2051=DIRECTION('',(-1.0,0.0,0.0));
#2052=SURFACE_STYLE_FILL_AREA(#3662);
#2053=ORIENTED_EDGE('',*,*,#3663,.F.);
#2054=ORIENTED_EDGE('',*,*,#3661,.F.);
#2055=ORIENTED_EDGE('',*,*,#3664,.F.);
#2056=ORIENTED_EDGE('',*,*,#3665,.T.);
#2057=CARTESIAN_POINT('',(-18.2,1250.0,6.1412058));
#2058=DIRECTION('',(-1.0,0.0,0.0));
#2059=DIRECTION('',(0.0,0.0,-1.0));
#2060=SURFACE_STYLE_FILL_AREA(#3666);
#2061=ORIENTED_EDGE('',*,*,#3667,.F.);
#2062=ORIENTED_EDGE('',*,*,#3665,.F.);
#2063=ORIENTED_EDGE('',*,*,#3668,.F.);
#2064=ORIENTED_EDGE('',*,*,#3669,.T.);
#2065=CARTESIAN_POINT('',(-18.5000000001,1250.0,7.1999999999));
#2066=DIRECTION('',(0.0,-1.0,0.0));
#2067=DIRECTION('',(1.0,0.0,3.33333360913457E-10));
#2068=SURFACE_STYLE_FILL_AREA(#3670);
#2069=ORIENTED_EDGE('',*,*,#3671,.F.);
#2070=ORIENTED_EDGE('',*,*,#3669,.F.);
#2071=ORIENTED_EDGE('',*,*,#3672,.F.);
#2072=ORIENTED_EDGE('',*,*,#3673,.T.);
#2073=CARTESIAN_POINT('',(-18.85,1250.0,7.5));
#2074=DIRECTION('',(0.0,0.0,-1.0));
#2075=DIRECTION('',(1.0,0.0,0.0));
#2076=SURFACE_STYLE_FILL_AREA(#3674);
#2077=ORIENTED_EDGE('',*,*,#3675,.F.);
#2078=ORIENTED_EDGE('',*,*,#3673,.F.);
#2079=ORIENTED_EDGE('',*,*,#3676,.F.);
#2080=ORIENTED_EDGE('',*,*,#3677,.F.);
#2081=CARTESIAN_POINT('',(-19.1999999999,1250.0,6.6999999999));
#2082=DIRECTION('',(0.0,-1.0,0.0));
#2083=DIRECTION('',(-1.249990388974E-10,0.0,1.0));
#2084=SURFACE_STYLE_FILL_AREA(#3678);
#2085=ORIENTED_EDGE('',*,*,#3679,.F.);
#2086=ORIENTED_EDGE('',*,*,#3680,.F.);
#2087=ORIENTED_EDGE('',*,*,#3681,.F.);
#2088=ORIENTED_EDGE('',*,*,#3682,.T.);
#2089=CARTESIAN_POINT('',(-19.1999999999,1250.0,13.3000000001));
#2090=DIRECTION('',(0.0,-1.0,-0.0));
#2091=DIRECTION('',(-1.0,0.0,-1.25000565454059E-10));
#2092=SURFACE_STYLE_FILL_AREA(#3683);
#2093=ORIENTED_EDGE('',*,*,#3684,.F.);
#2094=ORIENTED_EDGE('',*,*,#3682,.F.);
#2095=ORIENTED_EDGE('',*,*,#3685,.F.);
#2096=ORIENTED_EDGE('',*,*,#3686,.T.);
#2097=CARTESIAN_POINT('',(-18.85,1250.0,12.5));
#2098=DIRECTION('',(0.0,0.0,1.0));
#2099=DIRECTION('',(-1.0,0.0,0.0));
#2100=SURFACE_STYLE_FILL_AREA(#3687);
#2101=ORIENTED_EDGE('',*,*,#3688,.F.);
#2102=ORIENTED_EDGE('',*,*,#3686,.F.);
#2103=ORIENTED_EDGE('',*,*,#3689,.F.);
#2104=ORIENTED_EDGE('',*,*,#3690,.T.);
#2105=CARTESIAN_POINT('',(-18.5000000001,1250.0,12.8000000001));
#2106=DIRECTION('',(0.0,-1.0,0.0));
#2107=DIRECTION('',(3.3332892002136E-10,0.0,-1.0));
#2108=SURFACE_STYLE_FILL_AREA(#3691);
#2109=ORIENTED_EDGE('',*,*,#3692,.F.);
#2110=ORIENTED_EDGE('',*,*,#3690,.F.);
#2111=ORIENTED_EDGE('',*,*,#3693,.F.);
#2112=ORIENTED_EDGE('',*,*,#3694,.T.);
#2113=CARTESIAN_POINT('',(-18.2,1250.0,13.8587942));
#2114=DIRECTION('',(-1.0,0.0,0.0));
#2115=DIRECTION('',(0.0,0.0,-1.0));
#2116=SURFACE_STYLE_FILL_AREA(#3695);
#2117=ORIENTED_EDGE('',*,*,#3696,.F.);
#2118=ORIENTED_EDGE('',*,*,#3694,.F.);
#2119=ORIENTED_EDGE('',*,*,#3697,.F.);
#2120=ORIENTED_EDGE('',*,*,#3698,.T.);
#2121=CARTESIAN_POINT('',(-17.36758839,1250.0,14.9175884));
#2122=DIRECTION('',(0.0,-1.0,0.0));
#2123=DIRECTION('',(0.707106781186548,0.0,0.707106781186548));
#2124=SURFACE_STYLE_FILL_AREA(#3699);
#2125=ORIENTED_EDGE('',*,*,#3700,.F.);
#2126=ORIENTED_EDGE('',*,*,#3698,.F.);
#2127=ORIENTED_EDGE('',*,*,#3701,.F.);
#2128=ORIENTED_EDGE('',*,*,#3702,.T.);
#2129=CARTESIAN_POINT('',(-15.65383208,1250.0,14.38103987));
#2130=DIRECTION('',(0.707106781186548,0.0,0.707106781186547));
#2131=DIRECTION('',(-0.707106781186547,0.0,0.707106781186548));
#2132=SURFACE_STYLE_FILL_AREA(#3703);
#2133=ORIENTED_EDGE('',*,*,#3704,.F.);
#2134=ORIENTED_EDGE('',*,*,#3702,.F.);
#2135=ORIENTED_EDGE('',*,*,#3705,.F.);
#2136=ORIENTED_EDGE('',*,*,#3706,.T.);
#2137=CARTESIAN_POINT('',(-16.65,1250.0,11.13456711));
#2138=DIRECTION('',(0.0,-1.0,0.0));
#2139=DIRECTION('',(1.0,0.0,-1.85037171081358E-15));
#2140=SURFACE_STYLE_FILL_AREA(#3707);
#2141=ORIENTED_EDGE('',*,*,#3708,.F.);
#2142=ORIENTED_EDGE('',*,*,#3706,.F.);
#2143=ORIENTED_EDGE('',*,*,#3709,.F.);
#2144=ORIENTED_EDGE('',*,*,#3651,.T.);
#2145=CARTESIAN_POINT('',(-13.65,1250.0,10.0));
#2146=DIRECTION('',(1.0,0.0,-0.0));
#2147=DIRECTION('',(0.0,0.0,1.0));
#2148=SURFACE_STYLE_FILL_AREA(#3710);
#2149=ORIENTED_EDGE('',*,*,#3504,.T.);
#2150=ORIENTED_EDGE('',*,*,#3636,.T.);
#2151=ORIENTED_EDGE('',*,*,#3632,.T.);
#2152=ORIENTED_EDGE('',*,*,#3628,.T.);
#2153=ORIENTED_EDGE('',*,*,#3624,.T.);
#2154=ORIENTED_EDGE('',*,*,#3620,.T.);
#2155=ORIENTED_EDGE('',*,*,#3616,.T.);
#2156=ORIENTED_EDGE('',*,*,#3612,.T.);
#2157=ORIENTED_EDGE('',*,*,#3608,.T.);
#2158=ORIENTED_EDGE('',*,*,#3604,.T.);
#2159=ORIENTED_EDGE('',*,*,#3600,.T.);
#2160=ORIENTED_EDGE('',*,*,#3596,.T.);
#2161=ORIENTED_EDGE('',*,*,#3592,.T.);
#2162=ORIENTED_EDGE('',*,*,#3588,.T.);
#2163=ORIENTED_EDGE('',*,*,#3584,.T.);
#2164=ORIENTED_EDGE('',*,*,#3580,.T.);
#2165=ORIENTED_EDGE('',*,*,#3576,.T.);
#2166=ORIENTED_EDGE('',*,*,#3572,.T.);
#2167=ORIENTED_EDGE('',*,*,#3568,.T.);
#2168=ORIENTED_EDGE('',*,*,#3564,.T.);
#2169=ORIENTED_EDGE('',*,*,#3560,.T.);
#2170=ORIENTED_EDGE('',*,*,#3556,.T.);
#2171=ORIENTED_EDGE('',*,*,#3552,.T.);
#2172=ORIENTED_EDGE('',*,*,#3548,.T.);
#2173=ORIENTED_EDGE('',*,*,#3544,.T.);
#2174=ORIENTED_EDGE('',*,*,#3540,.T.);
#2175=ORIENTED_EDGE('',*,*,#3536,.T.);
#2176=ORIENTED_EDGE('',*,*,#3532,.T.);
#2177=ORIENTED_EDGE('',*,*,#3528,.T.);
#2178=ORIENTED_EDGE('',*,*,#3524,.T.);
#2179=ORIENTED_EDGE('',*,*,#3520,.T.);
#2180=ORIENTED_EDGE('',*,*,#3516,.T.);
#2181=ORIENTED_EDGE('',*,*,#3512,.T.);
#2182=ORIENTED_EDGE('',*,*,#3508,.T.);
#2183=ORIENTED_EDGE('',*,*,#3500,.T.);
#2184=ORIENTED_EDGE('',*,*,#3638,.T.);
#2185=ORIENTED_EDGE('',*,*,#3495,.T.);
#2186=ORIENTED_EDGE('',*,*,#3641,.T.);
#2187=ORIENTED_EDGE('',*,*,#3490,.T.);
#2188=ORIENTED_EDGE('',*,*,#3644,.T.);
#2189=ORIENTED_EDGE('',*,*,#3485,.T.);
#2190=ORIENTED_EDGE('',*,*,#3647,.T.);
#2191=ORIENTED_EDGE('',*,*,#3676,.T.);
#2192=ORIENTED_EDGE('',*,*,#3672,.T.);
#2193=ORIENTED_EDGE('',*,*,#3668,.T.);
#2194=ORIENTED_EDGE('',*,*,#3664,.T.);
#2195=ORIENTED_EDGE('',*,*,#3660,.T.);
#2196=ORIENTED_EDGE('',*,*,#3656,.T.);
#2197=ORIENTED_EDGE('',*,*,#3652,.T.);
#2198=ORIENTED_EDGE('',*,*,#3709,.T.);
#2199=ORIENTED_EDGE('',*,*,#3705,.T.);
#2200=ORIENTED_EDGE('',*,*,#3701,.T.);
#2201=ORIENTED_EDGE('',*,*,#3697,.T.);
#2202=ORIENTED_EDGE('',*,*,#3693,.T.);
#2203=ORIENTED_EDGE('',*,*,#3689,.T.);
#2204=ORIENTED_EDGE('',*,*,#3685,.T.);
#2205=ORIENTED_EDGE('',*,*,#3681,.T.);
#2206=ORIENTED_EDGE('',*,*,#3711,.T.);
#2207=ORIENTED_EDGE('',*,*,#3712,.F.);
#2208=ORIENTED_EDGE('',*,*,#3713,.T.);
#2209=ORIENTED_EDGE('',*,*,#3714,.T.);
#2210=ORIENTED_EDGE('',*,*,#3715,.T.);
#2211=ORIENTED_EDGE('',*,*,#3716,.T.);
#2212=ORIENTED_EDGE('',*,*,#3717,.T.);
#2213=ORIENTED_EDGE('',*,*,#3718,.T.);
#2214=ORIENTED_EDGE('',*,*,#3719,.T.);
#2215=ORIENTED_EDGE('',*,*,#3720,.T.);
#2216=ORIENTED_EDGE('',*,*,#3721,.T.);
#2217=ORIENTED_EDGE('',*,*,#3722,.T.);
#2218=ORIENTED_EDGE('',*,*,#3723,.T.);
#2219=ORIENTED_EDGE('',*,*,#3724,.T.);
#2220=ORIENTED_EDGE('',*,*,#3725,.T.);
#2221=ORIENTED_EDGE('',*,*,#3726,.T.);
#2222=ORIENTED_EDGE('',*,*,#3727,.T.);
#2223=ORIENTED_EDGE('',*,*,#3728,.T.);
#2224=ORIENTED_EDGE('',*,*,#3729,.T.);
#2225=ORIENTED_EDGE('',*,*,#3730,.T.);
#2226=ORIENTED_EDGE('',*,*,#3731,.T.);
#2227=ORIENTED_EDGE('',*,*,#3732,.T.);
#2228=ORIENTED_EDGE('',*,*,#3733,.T.);
#2229=ORIENTED_EDGE('',*,*,#3734,.T.);
#2230=ORIENTED_EDGE('',*,*,#3735,.T.);
#2231=ORIENTED_EDGE('',*,*,#3736,.T.);
#2232=ORIENTED_EDGE('',*,*,#3737,.T.);
#2233=ORIENTED_EDGE('',*,*,#3738,.T.);
#2234=ORIENTED_EDGE('',*,*,#3739,.T.);
#2235=ORIENTED_EDGE('',*,*,#3740,.T.);
#2236=ORIENTED_EDGE('',*,*,#3741,.T.);
#2237=ORIENTED_EDGE('',*,*,#3742,.T.);
#2238=ORIENTED_EDGE('',*,*,#3743,.T.);
#2239=ORIENTED_EDGE('',*,*,#3744,.T.);
#2240=ORIENTED_EDGE('',*,*,#3745,.T.);
#2241=ORIENTED_EDGE('',*,*,#3746,.F.);
#2242=ORIENTED_EDGE('',*,*,#3747,.T.);
#2243=ORIENTED_EDGE('',*,*,#3748,.T.);
#2244=ORIENTED_EDGE('',*,*,#3749,.T.);
#2245=ORIENTED_EDGE('',*,*,#3750,.T.);
#2246=ORIENTED_EDGE('',*,*,#3751,.T.);
#2247=ORIENTED_EDGE('',*,*,#3752,.T.);
#2248=ORIENTED_EDGE('',*,*,#3753,.T.);
#2249=ORIENTED_EDGE('',*,*,#3754,.T.);
#2250=ORIENTED_EDGE('',*,*,#3755,.T.);
#2251=ORIENTED_EDGE('',*,*,#3756,.T.);
#2252=ORIENTED_EDGE('',*,*,#3757,.T.);
#2253=ORIENTED_EDGE('',*,*,#3758,.T.);
#2254=ORIENTED_EDGE('',*,*,#3759,.T.);
#2255=ORIENTED_EDGE('',*,*,#3760,.T.);
#2256=ORIENTED_EDGE('',*,*,#3761,.T.);
#2257=ORIENTED_EDGE('',*,*,#3762,.T.);
#2258=ORIENTED_EDGE('',*,*,#3763,.T.);
#2259=ORIENTED_EDGE('',*,*,#3764,.T.);
#2260=ORIENTED_EDGE('',*,*,#3765,.T.);
#2261=ORIENTED_EDGE('',*,*,#3766,.T.);
#2262=ORIENTED_EDGE('',*,*,#3767,.T.);
#2263=ORIENTED_EDGE('',*,*,#3768,.T.);
#2264=ORIENTED_EDGE('',*,*,#3769,.T.);
#2265=ORIENTED_EDGE('',*,*,#3770,.T.);
#2266=ORIENTED_EDGE('',*,*,#3771,.T.);
#2267=ORIENTED_EDGE('',*,*,#3772,.T.);
#2268=ORIENTED_EDGE('',*,*,#3773,.T.);
#2269=ORIENTED_EDGE('',*,*,#3774,.T.);
#2270=ORIENTED_EDGE('',*,*,#3775,.T.);
#2271=ORIENTED_EDGE('',*,*,#3776,.T.);
#2272=ORIENTED_EDGE('',*,*,#3777,.T.);
#2273=ORIENTED_EDGE('',*,*,#3778,.T.);
#2274=ORIENTED_EDGE('',*,*,#3779,.T.);
#2275=ORIENTED_EDGE('',*,*,#3780,.F.);
#2276=ORIENTED_EDGE('',*,*,#3781,.T.);
#2277=ORIENTED_EDGE('',*,*,#3782,.T.);
#2278=ORIENTED_EDGE('',*,*,#3783,.T.);
#2279=ORIENTED_EDGE('',*,*,#3784,.T.);
#2280=ORIENTED_EDGE('',*,*,#3785,.T.);
#2281=ORIENTED_EDGE('',*,*,#3786,.T.);
#2282=ORIENTED_EDGE('',*,*,#3787,.T.);
#2283=ORIENTED_EDGE('',*,*,#3788,.T.);
#2284=ORIENTED_EDGE('',*,*,#3789,.T.);
#2285=ORIENTED_EDGE('',*,*,#3790,.T.);
#2286=ORIENTED_EDGE('',*,*,#3791,.T.);
#2287=ORIENTED_EDGE('',*,*,#3792,.T.);
#2288=ORIENTED_EDGE('',*,*,#3793,.T.);
#2289=ORIENTED_EDGE('',*,*,#3794,.T.);
#2290=ORIENTED_EDGE('',*,*,#3795,.T.);
#2291=ORIENTED_EDGE('',*,*,#3796,.T.);
#2292=ORIENTED_EDGE('',*,*,#3797,.T.);
#2293=ORIENTED_EDGE('',*,*,#3798,.T.);
#2294=ORIENTED_EDGE('',*,*,#3799,.T.);
#2295=ORIENTED_EDGE('',*,*,#3800,.T.);
#2296=ORIENTED_EDGE('',*,*,#3801,.T.);
#2297=ORIENTED_EDGE('',*,*,#3802,.T.);
#2298=ORIENTED_EDGE('',*,*,#3803,.T.);
#2299=ORIENTED_EDGE('',*,*,#3804,.T.);
#2300=ORIENTED_EDGE('',*,*,#3805,.T.);
#2301=ORIENTED_EDGE('',*,*,#3806,.T.);
#2302=ORIENTED_EDGE('',*,*,#3807,.T.);
#2303=ORIENTED_EDGE('',*,*,#3808,.T.);
#2304=ORIENTED_EDGE('',*,*,#3809,.T.);
#2305=ORIENTED_EDGE('',*,*,#3810,.T.);
#2306=ORIENTED_EDGE('',*,*,#3811,.T.);
#2307=ORIENTED_EDGE('',*,*,#3812,.T.);
#2308=ORIENTED_EDGE('',*,*,#3813,.T.);
#2309=ORIENTED_EDGE('',*,*,#3814,.F.);
#2310=ORIENTED_EDGE('',*,*,#3815,.T.);
#2311=ORIENTED_EDGE('',*,*,#3816,.T.);
#2312=ORIENTED_EDGE('',*,*,#3817,.T.);
#2313=ORIENTED_EDGE('',*,*,#3818,.T.);
#2314=ORIENTED_EDGE('',*,*,#3819,.T.);
#2315=ORIENTED_EDGE('',*,*,#3820,.T.);
#2316=ORIENTED_EDGE('',*,*,#3821,.T.);
#2317=ORIENTED_EDGE('',*,*,#3822,.T.);
#2318=ORIENTED_EDGE('',*,*,#3823,.T.);
#2319=ORIENTED_EDGE('',*,*,#3824,.T.);
#2320=ORIENTED_EDGE('',*,*,#3825,.T.);
#2321=ORIENTED_EDGE('',*,*,#3826,.T.);
#2322=ORIENTED_EDGE('',*,*,#3827,.T.);
#2323=ORIENTED_EDGE('',*,*,#3828,.T.);
#2324=ORIENTED_EDGE('',*,*,#3829,.T.);
#2325=ORIENTED_EDGE('',*,*,#3830,.T.);
#2326=ORIENTED_EDGE('',*,*,#3831,.T.);
#2327=CARTESIAN_POINT('',(0.0,1250.0,3.5527136788005E-15));
#2328=DIRECTION('',(0.0,-1.0,0.0));
#2329=DIRECTION('',(1.0,0.0,0.0));
#2330=SURFACE_STYLE_FILL_AREA(#3832);
#2331=ORIENTED_EDGE('',*,*,#3680,.T.);
#2332=ORIENTED_EDGE('',*,*,#3833,.T.);
#2333=ORIENTED_EDGE('',*,*,#3834,.F.);
#2334=ORIENTED_EDGE('',*,*,#3711,.F.);
#2335=CARTESIAN_POINT('',(-20.0,1250.0,0.0));
#2336=DIRECTION('',(-1.0,0.0,0.0));
#2337=DIRECTION('',(0.0,0.0,-1.0));
#2338=SURFACE_STYLE_FILL_AREA(#3835);
#2339=ORIENTED_EDGE('',*,*,#3836,.F.);
#2340=ORIENTED_EDGE('',*,*,#3837,.F.);
#2341=ORIENTED_EDGE('',*,*,#3822,.F.);
#2342=ORIENTED_EDGE('',*,*,#3838,.T.);
#2343=CARTESIAN_POINT('',(-16.65,1250.0,-11.13456711));
#2344=DIRECTION('',(0.0,-1.0,0.0));
#2345=DIRECTION('',(0.707106781186546,0.0,-0.707106781186549));
#2346=SURFACE_STYLE_FILL_AREA(#3839);
#2347=ORIENTED_EDGE('',*,*,#3840,.F.);
#2348=ORIENTED_EDGE('',*,*,#3838,.F.);
#2349=ORIENTED_EDGE('',*,*,#3821,.F.);
#2350=ORIENTED_EDGE('',*,*,#3841,.T.);
#2351=CARTESIAN_POINT('',(-15.65383208,1250.0,-14.38103987));
#2352=DIRECTION('',(0.707106781186548,0.0,-0.707106781186547));
#2353=DIRECTION('',(0.707106781186547,0.0,0.707106781186548));
#2354=SURFACE_STYLE_FILL_AREA(#3842);
#2355=ORIENTED_EDGE('',*,*,#3843,.F.);
#2356=ORIENTED_EDGE('',*,*,#3841,.F.);
#2357=ORIENTED_EDGE('',*,*,#3820,.F.);
#2358=ORIENTED_EDGE('',*,*,#3844,.T.);
#2359=CARTESIAN_POINT('',(-17.36758839,1250.0,-14.9175884));
#2360=DIRECTION('',(0.0,-1.0,0.0));
#2361=DIRECTION('',(-1.0,0.0,0.0));
#2362=SURFACE_STYLE_FILL_AREA(#3845);
#2363=ORIENTED_EDGE('',*,*,#3846,.F.);
#2364=ORIENTED_EDGE('',*,*,#3844,.F.);
#2365=ORIENTED_EDGE('',*,*,#3819,.F.);
#2366=ORIENTED_EDGE('',*,*,#3847,.T.);
#2367=CARTESIAN_POINT('',(-18.2,1250.0,-13.8587942));
#2368=DIRECTION('',(-1.0,0.0,0.0));
#2369=DIRECTION('',(0.0,0.0,-1.0));
#2370=SURFACE_STYLE_FILL_AREA(#3848);
#2371=ORIENTED_EDGE('',*,*,#3849,.F.);
#2372=ORIENTED_EDGE('',*,*,#3847,.F.);
#2373=ORIENTED_EDGE('',*,*,#3818,.F.);
#2374=ORIENTED_EDGE('',*,*,#3850,.T.);
#2375=CARTESIAN_POINT('',(-18.5000000001,1250.0,-12.8000000001));
#2376=DIRECTION('',(0.0,-1.0,0.0));
#2377=DIRECTION('',(1.0,0.0,3.33333360913457E-10));
#2378=SURFACE_STYLE_FILL_AREA(#3851);
#2379=ORIENTED_EDGE('',*,*,#3852,.F.);
#2380=ORIENTED_EDGE('',*,*,#3850,.F.);
#2381=ORIENTED_EDGE('',*,*,#3817,.F.);
#2382=ORIENTED_EDGE('',*,*,#3853,.T.);
#2383=CARTESIAN_POINT('',(-18.85,1250.0,-12.5));
#2384=DIRECTION('',(0.0,0.0,-1.0));
#2385=DIRECTION('',(1.0,0.0,0.0));
#2386=SURFACE_STYLE_FILL_AREA(#3854);
#2387=ORIENTED_EDGE('',*,*,#3855,.F.);
#2388=ORIENTED_EDGE('',*,*,#3853,.F.);
#2389=ORIENTED_EDGE('',*,*,#3816,.F.);
#2390=ORIENTED_EDGE('',*,*,#3856,.F.);
#2391=CARTESIAN_POINT('',(-19.1999999999,1250.0,-13.3000000001));
#2392=DIRECTION('',(0.0,-1.0,0.0));
#2393=DIRECTION('',(-1.249990388974E-10,0.0,1.0));
#2394=SURFACE_STYLE_FILL_AREA(#3857);
#2395=ORIENTED_EDGE('',*,*,#3858,.F.);
#2396=ORIENTED_EDGE('',*,*,#3859,.F.);
#2397=ORIENTED_EDGE('',*,*,#3830,.F.);
#2398=ORIENTED_EDGE('',*,*,#3860,.T.);
#2399=CARTESIAN_POINT('',(-19.1999999999,1250.0,-6.6999999999));
#2400=DIRECTION('',(0.0,-1.0,-0.0));
#2401=DIRECTION('',(-1.0,0.0,-1.25000565454059E-10));
#2402=SURFACE_STYLE_FILL_AREA(#3861);
#2403=ORIENTED_EDGE('',*,*,#3862,.F.);
#2404=ORIENTED_EDGE('',*,*,#3860,.F.);
#2405=ORIENTED_EDGE('',*,*,#3829,.F.);
#2406=ORIENTED_EDGE('',*,*,#3863,.T.);
#2407=CARTESIAN_POINT('',(-18.85,1250.0,-7.5));
#2408=DIRECTION('',(0.0,0.0,1.0));
#2409=DIRECTION('',(-1.0,0.0,0.0));
#2410=SURFACE_STYLE_FILL_AREA(#3864);
#2411=ORIENTED_EDGE('',*,*,#3865,.F.);
#2412=ORIENTED_EDGE('',*,*,#3863,.F.);
#2413=ORIENTED_EDGE('',*,*,#3828,.F.);
#2414=ORIENTED_EDGE('',*,*,#3866,.T.);
#2415=CARTESIAN_POINT('',(-18.5000000001,1250.0,-7.1999999999));
#2416=DIRECTION('',(0.0,-1.0,0.0));
#2417=DIRECTION('',(3.3332892002136E-10,0.0,-1.0));
#2418=SURFACE_STYLE_FILL_AREA(#3867);
#2419=ORIENTED_EDGE('',*,*,#3868,.F.);
#2420=ORIENTED_EDGE('',*,*,#3866,.F.);
#2421=ORIENTED_EDGE('',*,*,#3827,.F.);
#2422=ORIENTED_EDGE('',*,*,#3869,.T.);
#2423=CARTESIAN_POINT('',(-18.2,1250.0,-6.1412058));
#2424=DIRECTION('',(-1.0,0.0,0.0));
#2425=DIRECTION('',(0.0,0.0,-1.0));
#2426=SURFACE_STYLE_FILL_AREA(#3870);
#2427=ORIENTED_EDGE('',*,*,#3871,.F.);
#2428=ORIENTED_EDGE('',*,*,#3869,.F.);
#2429=ORIENTED_EDGE('',*,*,#3826,.F.);
#2430=ORIENTED_EDGE('',*,*,#3872,.T.);
#2431=CARTESIAN_POINT('',(-17.36758839,1250.0,-5.0824116));
#2432=DIRECTION('',(0.0,-1.0,0.0));
#2433=DIRECTION('',(0.707106781186548,0.0,0.707106781186548));
#2434=SURFACE_STYLE_FILL_AREA(#3873);
#2435=ORIENTED_EDGE('',*,*,#3874,.F.);
#2436=ORIENTED_EDGE('',*,*,#3872,.F.);
#2437=ORIENTED_EDGE('',*,*,#3825,.F.);
#2438=ORIENTED_EDGE('',*,*,#3875,.T.);
#2439=CARTESIAN_POINT('',(-15.65383208,1250.0,-5.61896013));
#2440=DIRECTION('',(0.707106781186548,0.0,0.707106781186547));
#2441=DIRECTION('',(-0.707106781186547,0.0,0.707106781186548));
#2442=SURFACE_STYLE_FILL_AREA(#3876);
#2443=ORIENTED_EDGE('',*,*,#3877,.F.);
#2444=ORIENTED_EDGE('',*,*,#3875,.F.);
#2445=ORIENTED_EDGE('',*,*,#3824,.F.);
#2446=ORIENTED_EDGE('',*,*,#3878,.T.);
#2447=CARTESIAN_POINT('',(-16.65,1250.0,-8.86543289));
#2448=DIRECTION('',(0.0,-1.0,0.0));
#2449=DIRECTION('',(1.0,0.0,-1.85037171081358E-15));
#2450=SURFACE_STYLE_FILL_AREA(#3879);
#2451=ORIENTED_EDGE('',*,*,#3880,.F.);
#2452=ORIENTED_EDGE('',*,*,#3878,.F.);
#2453=ORIENTED_EDGE('',*,*,#3823,.F.);
#2454=ORIENTED_EDGE('',*,*,#3837,.T.);
#2455=CARTESIAN_POINT('',(-13.65,1250.0,-10.0));
#2456=DIRECTION('',(1.0,0.0,-0.0));
#2457=DIRECTION('',(0.0,0.0,1.0));
#2458=SURFACE_STYLE_FILL_AREA(#3881);
#2459=ORIENTED_EDGE('',*,*,#3677,.T.);
#2460=ORIENTED_EDGE('',*,*,#3831,.F.);
#2461=ORIENTED_EDGE('',*,*,#3859,.T.);
#2462=ORIENTED_EDGE('',*,*,#3882,.T.);
#2463=CARTESIAN_POINT('',(-20.0,1250.0,0.0));
#2464=DIRECTION('',(-1.0,0.0,0.0));
#2465=DIRECTION('',(0.0,0.0,-1.0));
#2466=SURFACE_STYLE_FILL_AREA(#3883);
#2467=ORIENTED_EDGE('',*,*,#3884,.F.);
#2468=ORIENTED_EDGE('',*,*,#3885,.F.);
#2469=ORIENTED_EDGE('',*,*,#3754,.F.);
#2470=ORIENTED_EDGE('',*,*,#3886,.T.);
#2471=CARTESIAN_POINT('',(16.65,1250.0,11.13456711));
#2472=DIRECTION('',(0.0,-1.0,0.0));
#2473=DIRECTION('',(-0.707106781186546,0.0,0.707106781186549));
#2474=SURFACE_STYLE_FILL_AREA(#3887);
#2475=ORIENTED_EDGE('',*,*,#3888,.F.);
#2476=ORIENTED_EDGE('',*,*,#3886,.F.);
#2477=ORIENTED_EDGE('',*,*,#3753,.F.);
#2478=ORIENTED_EDGE('',*,*,#3889,.T.);
#2479=CARTESIAN_POINT('',(15.65383208,1250.0,14.38103987));
#2480=DIRECTION('',(-0.707106781186548,0.0,0.707106781186547));
#2481=DIRECTION('',(-0.707106781186547,0.0,-0.707106781186548));
#2482=SURFACE_STYLE_FILL_AREA(#3890);
#2483=ORIENTED_EDGE('',*,*,#3891,.F.);
#2484=ORIENTED_EDGE('',*,*,#3889,.F.);
#2485=ORIENTED_EDGE('',*,*,#3752,.F.);
#2486=ORIENTED_EDGE('',*,*,#3892,.T.);
#2487=CARTESIAN_POINT('',(17.36758839,1250.0,14.9175884));
#2488=DIRECTION('',(0.0,-1.0,0.0));
#2489=DIRECTION('',(1.0,0.0,0.0));
#2490=SURFACE_STYLE_FILL_AREA(#3893);
#2491=ORIENTED_EDGE('',*,*,#3894,.F.);
#2492=ORIENTED_EDGE('',*,*,#3892,.F.);
#2493=ORIENTED_EDGE('',*,*,#3751,.F.);
#2494=ORIENTED_EDGE('',*,*,#3895,.T.);
#2495=CARTESIAN_POINT('',(18.2,1250.0,13.8587942));
#2496=DIRECTION('',(1.0,0.0,-0.0));
#2497=DIRECTION('',(0.0,0.0,1.0));
#2498=SURFACE_STYLE_FILL_AREA(#3896);
#2499=ORIENTED_EDGE('',*,*,#3897,.F.);
#2500=ORIENTED_EDGE('',*,*,#3895,.F.);
#2501=ORIENTED_EDGE('',*,*,#3750,.F.);
#2502=ORIENTED_EDGE('',*,*,#3898,.T.);
#2503=CARTESIAN_POINT('',(18.5000000001,1250.0,12.8000000001));
#2504=DIRECTION('',(0.0,-1.0,-0.0));
#2505=DIRECTION('',(-1.0,0.0,-3.33333360913457E-10));
#2506=SURFACE_STYLE_FILL_AREA(#3899);
#2507=ORIENTED_EDGE('',*,*,#3900,.F.);
#2508=ORIENTED_EDGE('',*,*,#3898,.F.);
#2509=ORIENTED_EDGE('',*,*,#3749,.F.);
#2510=ORIENTED_EDGE('',*,*,#3901,.T.);
#2511=CARTESIAN_POINT('',(18.85,1250.0,12.5));
#2512=DIRECTION('',(0.0,0.0,1.0));
#2513=DIRECTION('',(-1.0,0.0,-0.0));
#2514=SURFACE_STYLE_FILL_AREA(#3902);
#2515=ORIENTED_EDGE('',*,*,#3903,.F.);
#2516=ORIENTED_EDGE('',*,*,#3901,.F.);
#2517=ORIENTED_EDGE('',*,*,#3748,.F.);
#2518=ORIENTED_EDGE('',*,*,#3904,.F.);
#2519=CARTESIAN_POINT('',(19.1999999999,1250.0,13.3000000001));
#2520=DIRECTION('',(0.0,-1.0,0.0));
#2521=DIRECTION('',(1.249990388974E-10,0.0,-1.0));
#2522=SURFACE_STYLE_FILL_AREA(#3905);
#2523=ORIENTED_EDGE('',*,*,#3906,.F.);
#2524=ORIENTED_EDGE('',*,*,#3907,.F.);
#2525=ORIENTED_EDGE('',*,*,#3762,.F.);
#2526=ORIENTED_EDGE('',*,*,#3908,.T.);
#2527=CARTESIAN_POINT('',(19.1999999999,1250.0,6.6999999999));
#2528=DIRECTION('',(0.0,-1.0,0.0));
#2529=DIRECTION('',(1.0,0.0,1.25000565454059E-10));
#2530=SURFACE_STYLE_FILL_AREA(#3909);
#2531=ORIENTED_EDGE('',*,*,#3910,.F.);
#2532=ORIENTED_EDGE('',*,*,#3908,.F.);
#2533=ORIENTED_EDGE('',*,*,#3761,.F.);
#2534=ORIENTED_EDGE('',*,*,#3911,.T.);
#2535=CARTESIAN_POINT('',(18.85,1250.0,7.5));
#2536=DIRECTION('',(0.0,0.0,-1.0));
#2537=DIRECTION('',(1.0,0.0,0.0));
#2538=SURFACE_STYLE_FILL_AREA(#3912);
#2539=ORIENTED_EDGE('',*,*,#3913,.F.);
#2540=ORIENTED_EDGE('',*,*,#3911,.F.);
#2541=ORIENTED_EDGE('',*,*,#3760,.F.);
#2542=ORIENTED_EDGE('',*,*,#3914,.T.);
#2543=CARTESIAN_POINT('',(18.5000000001,1250.0,7.1999999999));
#2544=DIRECTION('',(0.0,-1.0,0.0));
#2545=DIRECTION('',(-3.3332892002136E-10,0.0,1.0));
#2546=SURFACE_STYLE_FILL_AREA(#3915);
#2547=ORIENTED_EDGE('',*,*,#3916,.F.);
#2548=ORIENTED_EDGE('',*,*,#3914,.F.);
#2549=ORIENTED_EDGE('',*,*,#3759,.F.);
#2550=ORIENTED_EDGE('',*,*,#3917,.T.);
#2551=CARTESIAN_POINT('',(18.2,1250.0,6.1412058));
#2552=DIRECTION('',(1.0,0.0,-0.0));
#2553=DIRECTION('',(0.0,0.0,1.0));
#2554=SURFACE_STYLE_FILL_AREA(#3918);
#2555=ORIENTED_EDGE('',*,*,#3919,.F.);
#2556=ORIENTED_EDGE('',*,*,#3917,.F.);
#2557=ORIENTED_EDGE('',*,*,#3758,.F.);
#2558=ORIENTED_EDGE('',*,*,#3920,.T.);
#2559=CARTESIAN_POINT('',(17.36758839,1250.0,5.0824116));
#2560=DIRECTION('',(0.0,-1.0,-0.0));
#2561=DIRECTION('',(-0.707106781186548,0.0,-0.707106781186548));
#2562=SURFACE_STYLE_FILL_AREA(#3921);
#2563=ORIENTED_EDGE('',*,*,#3922,.F.);
#2564=ORIENTED_EDGE('',*,*,#3920,.F.);
#2565=ORIENTED_EDGE('',*,*,#3757,.F.);
#2566=ORIENTED_EDGE('',*,*,#3923,.T.);
#2567=CARTESIAN_POINT('',(15.65383208,1250.0,5.61896013));
#2568=DIRECTION('',(-0.707106781186548,-0.0,-0.707106781186547));
#2569=DIRECTION('',(0.707106781186547,0.0,-0.707106781186548));
#2570=SURFACE_STYLE_FILL_AREA(#3924);
#2571=ORIENTED_EDGE('',*,*,#3925,.F.);
#2572=ORIENTED_EDGE('',*,*,#3923,.F.);
#2573=ORIENTED_EDGE('',*,*,#3756,.F.);
#2574=ORIENTED_EDGE('',*,*,#3926,.T.);
#2575=CARTESIAN_POINT('',(16.65,1250.0,8.86543289));
#2576=DIRECTION('',(0.0,-1.0,0.0));
#2577=DIRECTION('',(-1.0,0.0,1.85037171081358E-15));
#2578=SURFACE_STYLE_FILL_AREA(#3927);
#2579=ORIENTED_EDGE('',*,*,#3928,.F.);
#2580=ORIENTED_EDGE('',*,*,#3926,.F.);
#2581=ORIENTED_EDGE('',*,*,#3755,.F.);
#2582=ORIENTED_EDGE('',*,*,#3885,.T.);
#2583=CARTESIAN_POINT('',(13.65,1250.0,10.0));
#2584=DIRECTION('',(-1.0,0.0,0.0));
#2585=DIRECTION('',(0.0,0.0,-1.0));
#2586=SURFACE_STYLE_FILL_AREA(#3929);
#2587=ORIENTED_EDGE('',*,*,#3907,.T.);
#2588=ORIENTED_EDGE('',*,*,#3930,.T.);
#2589=ORIENTED_EDGE('',*,*,#3931,.T.);
#2590=ORIENTED_EDGE('',*,*,#3763,.F.);
#2591=CARTESIAN_POINT('',(20.0,1250.0,0.0));
#2592=DIRECTION('',(1.0,0.0,-0.0));
#2593=DIRECTION('',(0.0,0.0,1.0));
#2594=SURFACE_STYLE_FILL_AREA(#3932);
#2595=ORIENTED_EDGE('',*,*,#3933,.F.);
#2596=ORIENTED_EDGE('',*,*,#3934,.F.);
#2597=ORIENTED_EDGE('',*,*,#3770,.F.);
#2598=ORIENTED_EDGE('',*,*,#3935,.T.);
#2599=CARTESIAN_POINT('',(16.65,1250.0,-8.86543289));
#2600=DIRECTION('',(0.0,-1.0,0.0));
#2601=DIRECTION('',(-0.707106781186546,0.0,0.707106781186549));
#2602=SURFACE_STYLE_FILL_AREA(#3936);
#2603=ORIENTED_EDGE('',*,*,#3937,.F.);
#2604=ORIENTED_EDGE('',*,*,#3935,.F.);
#2605=ORIENTED_EDGE('',*,*,#3769,.F.);
#2606=ORIENTED_EDGE('',*,*,#3938,.T.);
#2607=CARTESIAN_POINT('',(15.65383208,1250.0,-5.61896013));
#2608=DIRECTION('',(-0.707106781186548,0.0,0.707106781186547));
#2609=DIRECTION('',(-0.707106781186547,0.0,-0.707106781186548));
#2610=SURFACE_STYLE_FILL_AREA(#3939);
#2611=ORIENTED_EDGE('',*,*,#3940,.F.);
#2612=ORIENTED_EDGE('',*,*,#3938,.F.);
#2613=ORIENTED_EDGE('',*,*,#3768,.F.);
#2614=ORIENTED_EDGE('',*,*,#3941,.T.);
#2615=CARTESIAN_POINT('',(17.36758839,1250.0,-5.0824116));
#2616=DIRECTION('',(0.0,-1.0,0.0));
#2617=DIRECTION('',(1.0,0.0,0.0));
#2618=SURFACE_STYLE_FILL_AREA(#3942);
#2619=ORIENTED_EDGE('',*,*,#3943,.F.);
#2620=ORIENTED_EDGE('',*,*,#3941,.F.);
#2621=ORIENTED_EDGE('',*,*,#3767,.F.);
#2622=ORIENTED_EDGE('',*,*,#3944,.T.);
#2623=CARTESIAN_POINT('',(18.2,1250.0,-6.1412058));
#2624=DIRECTION('',(1.0,0.0,-0.0));
#2625=DIRECTION('',(0.0,0.0,1.0));
#2626=SURFACE_STYLE_FILL_AREA(#3945);
#2627=ORIENTED_EDGE('',*,*,#3946,.F.);
#2628=ORIENTED_EDGE('',*,*,#3944,.F.);
#2629=ORIENTED_EDGE('',*,*,#3766,.F.);
#2630=ORIENTED_EDGE('',*,*,#3947,.T.);
#2631=CARTESIAN_POINT('',(18.5000000001,1250.0,-7.1999999999));
#2632=DIRECTION('',(0.0,-1.0,-0.0));
#2633=DIRECTION('',(-1.0,0.0,-3.33333360913457E-10));
#2634=SURFACE_STYLE_FILL_AREA(#3948);
#2635=ORIENTED_EDGE('',*,*,#3949,.F.);
#2636=ORIENTED_EDGE('',*,*,#3947,.F.);
#2637=ORIENTED_EDGE('',*,*,#3765,.F.);
#2638=ORIENTED_EDGE('',*,*,#3950,.T.);
#2639=CARTESIAN_POINT('',(18.85,1250.0,-7.5));
#2640=DIRECTION('',(0.0,0.0,1.0));
#2641=DIRECTION('',(-1.0,0.0,-0.0));
#2642=SURFACE_STYLE_FILL_AREA(#3951);
#2643=ORIENTED_EDGE('',*,*,#3952,.F.);
#2644=ORIENTED_EDGE('',*,*,#3950,.F.);
#2645=ORIENTED_EDGE('',*,*,#3764,.F.);
#2646=ORIENTED_EDGE('',*,*,#3931,.F.);
#2647=CARTESIAN_POINT('',(19.1999999999,1250.0,-6.6999999999));
#2648=DIRECTION('',(0.0,-1.0,0.0));
#2649=DIRECTION('',(1.249990388974E-10,0.0,-1.0));
#2650=SURFACE_STYLE_FILL_AREA(#3953);
#2651=ORIENTED_EDGE('',*,*,#3954,.F.);
#2652=ORIENTED_EDGE('',*,*,#3955,.F.);
#2653=ORIENTED_EDGE('',*,*,#3778,.F.);
#2654=ORIENTED_EDGE('',*,*,#3956,.T.);
#2655=CARTESIAN_POINT('',(19.1999999999,1250.0,-13.3000000001));
#2656=DIRECTION('',(0.0,-1.0,0.0));
#2657=DIRECTION('',(1.0,0.0,1.25000565454059E-10));
#2658=SURFACE_STYLE_FILL_AREA(#3957);
#2659=ORIENTED_EDGE('',*,*,#3958,.F.);
#2660=ORIENTED_EDGE('',*,*,#3956,.F.);
#2661=ORIENTED_EDGE('',*,*,#3777,.F.);
#2662=ORIENTED_EDGE('',*,*,#3959,.T.);
#2663=CARTESIAN_POINT('',(18.85,1250.0,-12.5));
#2664=DIRECTION('',(0.0,0.0,-1.0));
#2665=DIRECTION('',(1.0,0.0,0.0));
#2666=SURFACE_STYLE_FILL_AREA(#3960);
#2667=ORIENTED_EDGE('',*,*,#3961,.F.);
#2668=ORIENTED_EDGE('',*,*,#3959,.F.);
#2669=ORIENTED_EDGE('',*,*,#3776,.F.);
#2670=ORIENTED_EDGE('',*,*,#3962,.T.);
#2671=CARTESIAN_POINT('',(18.5000000001,1250.0,-12.8000000001));
#2672=DIRECTION('',(0.0,-1.0,0.0));
#2673=DIRECTION('',(-3.3332892002136E-10,0.0,1.0));
#2674=SURFACE_STYLE_FILL_AREA(#3963);
#2675=ORIENTED_EDGE('',*,*,#3964,.F.);
#2676=ORIENTED_EDGE('',*,*,#3962,.F.);
#2677=ORIENTED_EDGE('',*,*,#3775,.F.);
#2678=ORIENTED_EDGE('',*,*,#3965,.T.);
#2679=CARTESIAN_POINT('',(18.2,1250.0,-13.8587942));
#2680=DIRECTION('',(1.0,0.0,-0.0));
#2681=DIRECTION('',(0.0,0.0,1.0));
#2682=SURFACE_STYLE_FILL_AREA(#3966);
#2683=ORIENTED_EDGE('',*,*,#3967,.F.);
#2684=ORIENTED_EDGE('',*,*,#3965,.F.);
#2685=ORIENTED_EDGE('',*,*,#3774,.F.);
#2686=ORIENTED_EDGE('',*,*,#3968,.T.);
#2687=CARTESIAN_POINT('',(17.36758839,1250.0,-14.9175884));
#2688=DIRECTION('',(0.0,-1.0,-0.0));
#2689=DIRECTION('',(-0.707106781186548,0.0,-0.707106781186548));
#2690=SURFACE_STYLE_FILL_AREA(#3969);
#2691=ORIENTED_EDGE('',*,*,#3970,.F.);
#2692=ORIENTED_EDGE('',*,*,#3968,.F.);
#2693=ORIENTED_EDGE('',*,*,#3773,.F.);
#2694=ORIENTED_EDGE('',*,*,#3971,.T.);
#2695=CARTESIAN_POINT('',(15.65383208,1250.0,-14.38103987));
#2696=DIRECTION('',(-0.707106781186548,-0.0,-0.707106781186547));
#2697=DIRECTION('',(0.707106781186547,0.0,-0.707106781186548));
#2698=SURFACE_STYLE_FILL_AREA(#3972);
#2699=ORIENTED_EDGE('',*,*,#3973,.F.);
#2700=ORIENTED_EDGE('',*,*,#3971,.F.);
#2701=ORIENTED_EDGE('',*,*,#3772,.F.);
#2702=ORIENTED_EDGE('',*,*,#3974,.T.);
#2703=CARTESIAN_POINT('',(16.65,1250.0,-11.13456711));
#2704=DIRECTION('',(0.0,-1.0,0.0));
#2705=DIRECTION('',(-1.0,0.0,1.85037171081358E-15));
#2706=SURFACE_STYLE_FILL_AREA(#3975);
#2707=ORIENTED_EDGE('',*,*,#3976,.F.);
#2708=ORIENTED_EDGE('',*,*,#3974,.F.);
#2709=ORIENTED_EDGE('',*,*,#3771,.F.);
#2710=ORIENTED_EDGE('',*,*,#3934,.T.);
#2711=CARTESIAN_POINT('',(13.65,1250.0,-10.0));
#2712=DIRECTION('',(-1.0,0.0,0.0));
#2713=DIRECTION('',(0.0,0.0,-1.0));
#2714=SURFACE_STYLE_FILL_AREA(#3977);
#2715=ORIENTED_EDGE('',*,*,#3955,.T.);
#2716=ORIENTED_EDGE('',*,*,#3978,.T.);
#2717=ORIENTED_EDGE('',*,*,#3979,.F.);
#2718=ORIENTED_EDGE('',*,*,#3779,.F.);
#2719=CARTESIAN_POINT('',(20.0,1250.0,0.0));
#2720=DIRECTION('',(1.0,0.0,-0.0));
#2721=DIRECTION('',(0.0,0.0,1.0));
#2722=SURFACE_STYLE_FILL_AREA(#3980);
#2723=ORIENTED_EDGE('',*,*,#3981,.F.);
#2724=ORIENTED_EDGE('',*,*,#3982,.F.);
#2725=ORIENTED_EDGE('',*,*,#3788,.F.);
#2726=ORIENTED_EDGE('',*,*,#3983,.T.);
#2727=CARTESIAN_POINT('',(11.13456711,1250.0,-16.65));
#2728=DIRECTION('',(0.0,-1.0,0.0));
#2729=DIRECTION('',(0.707106781186549,0.0,0.707106781186546));
#2730=SURFACE_STYLE_FILL_AREA(#3984);
#2731=ORIENTED_EDGE('',*,*,#3985,.F.);
#2732=ORIENTED_EDGE('',*,*,#3983,.F.);
#2733=ORIENTED_EDGE('',*,*,#3787,.F.);
#2734=ORIENTED_EDGE('',*,*,#3986,.T.);
#2735=CARTESIAN_POINT('',(14.38103987,1250.0,-15.65383208));
#2736=DIRECTION('',(0.707106781186547,0.0,0.707106781186548));
#2737=DIRECTION('',(-0.707106781186548,0.0,0.707106781186547));
#2738=SURFACE_STYLE_FILL_AREA(#3987);
#2739=ORIENTED_EDGE('',*,*,#3988,.F.);
#2740=ORIENTED_EDGE('',*,*,#3986,.F.);
#2741=ORIENTED_EDGE('',*,*,#3786,.F.);
#2742=ORIENTED_EDGE('',*,*,#3989,.T.);
#2743=CARTESIAN_POINT('',(14.9175884,1250.0,-17.36758839));
#2744=DIRECTION('',(0.0,-1.0,0.0));
#2745=DIRECTION('',(0.0,0.0,-1.0));
#2746=SURFACE_STYLE_FILL_AREA(#3990);
#2747=ORIENTED_EDGE('',*,*,#3991,.F.);
#2748=ORIENTED_EDGE('',*,*,#3989,.F.);
#2749=ORIENTED_EDGE('',*,*,#3785,.F.);
#2750=ORIENTED_EDGE('',*,*,#3992,.T.);
#2751=CARTESIAN_POINT('',(13.8587942,1250.0,-18.2));
#2752=DIRECTION('',(0.0,0.0,-1.0));
#2753=DIRECTION('',(1.0,0.0,0.0));
#2754=SURFACE_STYLE_FILL_AREA(#3993);
#2755=ORIENTED_EDGE('',*,*,#3994,.F.);
#2756=ORIENTED_EDGE('',*,*,#3992,.F.);
#2757=ORIENTED_EDGE('',*,*,#3784,.F.);
#2758=ORIENTED_EDGE('',*,*,#3995,.T.);
#2759=CARTESIAN_POINT('',(12.8000000001,1250.0,-18.5000000001));
#2760=DIRECTION('',(0.0,-1.0,0.0));
#2761=DIRECTION('',(-3.33333360913457E-10,0.0,1.0));
#2762=SURFACE_STYLE_FILL_AREA(#3996);
#2763=ORIENTED_EDGE('',*,*,#3997,.F.);
#2764=ORIENTED_EDGE('',*,*,#3995,.F.);
#2765=ORIENTED_EDGE('',*,*,#3783,.F.);
#2766=ORIENTED_EDGE('',*,*,#3998,.T.);
#2767=CARTESIAN_POINT('',(12.5,1250.0,-18.85));
#2768=DIRECTION('',(1.0,0.0,0.0));
#2769=DIRECTION('',(-0.0,0.0,1.0));
#2770=SURFACE_STYLE_FILL_AREA(#3999);
#2771=ORIENTED_EDGE('',*,*,#4000,.F.);
#2772=ORIENTED_EDGE('',*,*,#3998,.F.);
#2773=ORIENTED_EDGE('',*,*,#3782,.F.);
#2774=ORIENTED_EDGE('',*,*,#4001,.F.);
#2775=CARTESIAN_POINT('',(13.3000000001,1250.0,-19.1999999999));
#2776=DIRECTION('',(0.0,-1.0,-0.0));
#2777=DIRECTION('',(-1.0,0.0,-1.249990388974E-10));
#2778=SURFACE_STYLE_FILL_AREA(#4002);
#2779=ORIENTED_EDGE('',*,*,#4003,.F.);
#2780=ORIENTED_EDGE('',*,*,#4004,.F.);
#2781=ORIENTED_EDGE('',*,*,#3796,.F.);
#2782=ORIENTED_EDGE('',*,*,#4005,.T.);
#2783=CARTESIAN_POINT('',(6.6999999999,1250.0,-19.1999999999));
#2784=DIRECTION('',(0.0,-1.0,0.0));
#2785=DIRECTION('',(1.25000565454059E-10,0.0,-1.0));
#2786=SURFACE_STYLE_FILL_AREA(#4006);
#2787=ORIENTED_EDGE('',*,*,#4007,.F.);
#2788=ORIENTED_EDGE('',*,*,#4005,.F.);
#2789=ORIENTED_EDGE('',*,*,#3795,.F.);
#2790=ORIENTED_EDGE('',*,*,#4008,.T.);
#2791=CARTESIAN_POINT('',(7.5,1250.0,-18.85));
#2792=DIRECTION('',(-1.0,0.0,0.0));
#2793=DIRECTION('',(0.0,0.0,-1.0));
#2794=SURFACE_STYLE_FILL_AREA(#4009);
#2795=ORIENTED_EDGE('',*,*,#4010,.F.);
#2796=ORIENTED_EDGE('',*,*,#4008,.F.);
#2797=ORIENTED_EDGE('',*,*,#3794,.F.);
#2798=ORIENTED_EDGE('',*,*,#4011,.T.);
#2799=CARTESIAN_POINT('',(7.1999999999,1250.0,-18.5000000001));
#2800=DIRECTION('',(0.0,-1.0,0.0));
#2801=DIRECTION('',(1.0,0.0,3.3332892002136E-10));
#2802=SURFACE_STYLE_FILL_AREA(#4012);
#2803=ORIENTED_EDGE('',*,*,#4013,.F.);
#2804=ORIENTED_EDGE('',*,*,#4011,.F.);
#2805=ORIENTED_EDGE('',*,*,#3793,.F.);
#2806=ORIENTED_EDGE('',*,*,#4014,.T.);
#2807=CARTESIAN_POINT('',(6.1412058,1250.0,-18.2));
#2808=DIRECTION('',(0.0,0.0,-1.0));
#2809=DIRECTION('',(1.0,0.0,0.0));
#2810=SURFACE_STYLE_FILL_AREA(#4015);
#2811=ORIENTED_EDGE('',*,*,#4016,.F.);
#2812=ORIENTED_EDGE('',*,*,#4014,.F.);
#2813=ORIENTED_EDGE('',*,*,#3792,.F.);
#2814=ORIENTED_EDGE('',*,*,#4017,.T.);
#2815=CARTESIAN_POINT('',(5.0824116,1250.0,-17.36758839));
#2816=DIRECTION('',(0.0,-1.0,0.0));
#2817=DIRECTION('',(-0.707106781186548,0.0,0.707106781186548));
#2818=SURFACE_STYLE_FILL_AREA(#4018);
#2819=ORIENTED_EDGE('',*,*,#4019,.F.);
#2820=ORIENTED_EDGE('',*,*,#4017,.F.);
#2821=ORIENTED_EDGE('',*,*,#3791,.F.);
#2822=ORIENTED_EDGE('',*,*,#4020,.T.);
#2823=CARTESIAN_POINT('',(5.61896013,1250.0,-15.65383208));
#2824=DIRECTION('',(-0.707106781186547,-0.0,0.707106781186548));
#2825=DIRECTION('',(-0.707106781186548,0.0,-0.707106781186547));
#2826=SURFACE_STYLE_FILL_AREA(#4021);
#2827=ORIENTED_EDGE('',*,*,#4022,.F.);
#2828=ORIENTED_EDGE('',*,*,#4020,.F.);
#2829=ORIENTED_EDGE('',*,*,#3790,.F.);
#2830=ORIENTED_EDGE('',*,*,#4023,.T.);
#2831=CARTESIAN_POINT('',(8.86543289,1250.0,-16.65));
#2832=DIRECTION('',(0.0,-1.0,0.0));
#2833=DIRECTION('',(1.85037171081358E-15,0.0,1.0));
#2834=SURFACE_STYLE_FILL_AREA(#4024);
#2835=ORIENTED_EDGE('',*,*,#4025,.F.);
#2836=ORIENTED_EDGE('',*,*,#4023,.F.);
#2837=ORIENTED_EDGE('',*,*,#3789,.F.);
#2838=ORIENTED_EDGE('',*,*,#3982,.T.);
#2839=CARTESIAN_POINT('',(10.0,1250.0,-13.65));
#2840=DIRECTION('',(0.0,0.0,1.0));
#2841=DIRECTION('',(-1.0,0.0,0.0));
#2842=SURFACE_STYLE_FILL_AREA(#4026);
#2843=ORIENTED_EDGE('',*,*,#4004,.T.);
#2844=ORIENTED_EDGE('',*,*,#4027,.T.);
#2845=ORIENTED_EDGE('',*,*,#4028,.T.);
#2846=ORIENTED_EDGE('',*,*,#3797,.F.);
#2847=CARTESIAN_POINT('',(0.0,1250.0,-20.0));
#2848=DIRECTION('',(0.0,0.0,-1.0));
#2849=DIRECTION('',(1.0,0.0,0.0));
#2850=SURFACE_STYLE_FILL_AREA(#4029);
#2851=ORIENTED_EDGE('',*,*,#4030,.F.);
#2852=ORIENTED_EDGE('',*,*,#4031,.F.);
#2853=ORIENTED_EDGE('',*,*,#3804,.F.);
#2854=ORIENTED_EDGE('',*,*,#4032,.T.);
#2855=CARTESIAN_POINT('',(-8.86543289,1250.0,-16.65));
#2856=DIRECTION('',(0.0,-1.0,0.0));
#2857=DIRECTION('',(0.707106781186549,0.0,0.707106781186546));
#2858=SURFACE_STYLE_FILL_AREA(#4033);
#2859=ORIENTED_EDGE('',*,*,#4034,.F.);
#2860=ORIENTED_EDGE('',*,*,#4032,.F.);
#2861=ORIENTED_EDGE('',*,*,#3803,.F.);
#2862=ORIENTED_EDGE('',*,*,#4035,.T.);
#2863=CARTESIAN_POINT('',(-5.61896013,1250.0,-15.65383208));
#2864=DIRECTION('',(0.707106781186547,0.0,0.707106781186548));
#2865=DIRECTION('',(-0.707106781186548,0.0,0.707106781186547));
#2866=SURFACE_STYLE_FILL_AREA(#4036);
#2867=ORIENTED_EDGE('',*,*,#4037,.F.);
#2868=ORIENTED_EDGE('',*,*,#4035,.F.);
#2869=ORIENTED_EDGE('',*,*,#3802,.F.);
#2870=ORIENTED_EDGE('',*,*,#4038,.T.);
#2871=CARTESIAN_POINT('',(-5.0824116,1250.0,-17.36758839));
#2872=DIRECTION('',(0.0,-1.0,0.0));
#2873=DIRECTION('',(0.0,0.0,-1.0));
#2874=SURFACE_STYLE_FILL_AREA(#4039);
#2875=ORIENTED_EDGE('',*,*,#4040,.F.);
#2876=ORIENTED_EDGE('',*,*,#4038,.F.);
#2877=ORIENTED_EDGE('',*,*,#3801,.F.);
#2878=ORIENTED_EDGE('',*,*,#4041,.T.);
#2879=CARTESIAN_POINT('',(-6.1412058,1250.0,-18.2));
#2880=DIRECTION('',(0.0,0.0,-1.0));
#2881=DIRECTION('',(1.0,0.0,0.0));
#2882=SURFACE_STYLE_FILL_AREA(#4042);
#2883=ORIENTED_EDGE('',*,*,#4043,.F.);
#2884=ORIENTED_EDGE('',*,*,#4041,.F.);
#2885=ORIENTED_EDGE('',*,*,#3800,.F.);
#2886=ORIENTED_EDGE('',*,*,#4044,.T.);
#2887=CARTESIAN_POINT('',(-7.1999999999,1250.0,-18.5000000001));
#2888=DIRECTION('',(0.0,-1.0,0.0));
#2889=DIRECTION('',(-3.33333360913457E-10,0.0,1.0));
#2890=SURFACE_STYLE_FILL_AREA(#4045);
#2891=ORIENTED_EDGE('',*,*,#4046,.F.);
#2892=ORIENTED_EDGE('',*,*,#4044,.F.);
#2893=ORIENTED_EDGE('',*,*,#3799,.F.);
#2894=ORIENTED_EDGE('',*,*,#4047,.T.);
#2895=CARTESIAN_POINT('',(-7.5,1250.0,-18.85));
#2896=DIRECTION('',(1.0,0.0,0.0));
#2897=DIRECTION('',(-0.0,0.0,1.0));
#2898=SURFACE_STYLE_FILL_AREA(#4048);
#2899=ORIENTED_EDGE('',*,*,#4049,.F.);
#2900=ORIENTED_EDGE('',*,*,#4047,.F.);
#2901=ORIENTED_EDGE('',*,*,#3798,.F.);
#2902=ORIENTED_EDGE('',*,*,#4028,.F.);
#2903=CARTESIAN_POINT('',(-6.6999999999,1250.0,-19.1999999999));
#2904=DIRECTION('',(0.0,-1.0,-0.0));
#2905=DIRECTION('',(-1.0,0.0,-1.249990388974E-10));
#2906=SURFACE_STYLE_FILL_AREA(#4050);
#2907=ORIENTED_EDGE('',*,*,#4051,.F.);
#2908=ORIENTED_EDGE('',*,*,#4052,.F.);
#2909=ORIENTED_EDGE('',*,*,#3812,.F.);
#2910=ORIENTED_EDGE('',*,*,#4053,.T.);
#2911=CARTESIAN_POINT('',(-13.3000000001,1250.0,-19.1999999999));
#2912=DIRECTION('',(0.0,-1.0,0.0));
#2913=DIRECTION('',(1.25000565454059E-10,0.0,-1.0));
#2914=SURFACE_STYLE_FILL_AREA(#4054);
#2915=ORIENTED_EDGE('',*,*,#4055,.F.);
#2916=ORIENTED_EDGE('',*,*,#4053,.F.);
#2917=ORIENTED_EDGE('',*,*,#3811,.F.);
#2918=ORIENTED_EDGE('',*,*,#4056,.T.);
#2919=CARTESIAN_POINT('',(-12.5,1250.0,-18.85));
#2920=DIRECTION('',(-1.0,0.0,0.0));
#2921=DIRECTION('',(0.0,0.0,-1.0));
#2922=SURFACE_STYLE_FILL_AREA(#4057);
#2923=ORIENTED_EDGE('',*,*,#4058,.F.);
#2924=ORIENTED_EDGE('',*,*,#4056,.F.);
#2925=ORIENTED_EDGE('',*,*,#3810,.F.);
#2926=ORIENTED_EDGE('',*,*,#4059,.T.);
#2927=CARTESIAN_POINT('',(-12.8000000001,1250.0,-18.5000000001));
#2928=DIRECTION('',(0.0,-1.0,0.0));
#2929=DIRECTION('',(1.0,0.0,3.3332892002136E-10));
#2930=SURFACE_STYLE_FILL_AREA(#4060);
#2931=ORIENTED_EDGE('',*,*,#4061,.F.);
#2932=ORIENTED_EDGE('',*,*,#4059,.F.);
#2933=ORIENTED_EDGE('',*,*,#3809,.F.);
#2934=ORIENTED_EDGE('',*,*,#4062,.T.);
#2935=CARTESIAN_POINT('',(-13.8587942,1250.0,-18.2));
#2936=DIRECTION('',(0.0,0.0,-1.0));
#2937=DIRECTION('',(1.0,0.0,0.0));
#2938=SURFACE_STYLE_FILL_AREA(#4063);
#2939=ORIENTED_EDGE('',*,*,#4064,.F.);
#2940=ORIENTED_EDGE('',*,*,#4062,.F.);
#2941=ORIENTED_EDGE('',*,*,#3808,.F.);
#2942=ORIENTED_EDGE('',*,*,#4065,.T.);
#2943=CARTESIAN_POINT('',(-14.9175884,1250.0,-17.36758839));
#2944=DIRECTION('',(0.0,-1.0,0.0));
#2945=DIRECTION('',(-0.707106781186548,0.0,0.707106781186548));
#2946=SURFACE_STYLE_FILL_AREA(#4066);
#2947=ORIENTED_EDGE('',*,*,#4067,.F.);
#2948=ORIENTED_EDGE('',*,*,#4065,.F.);
#2949=ORIENTED_EDGE('',*,*,#3807,.F.);
#2950=ORIENTED_EDGE('',*,*,#4068,.T.);
#2951=CARTESIAN_POINT('',(-14.38103987,1250.0,-15.65383208));
#2952=DIRECTION('',(-0.707106781186547,-0.0,0.707106781186548));
#2953=DIRECTION('',(-0.707106781186548,0.0,-0.707106781186547));
#2954=SURFACE_STYLE_FILL_AREA(#4069);
#2955=ORIENTED_EDGE('',*,*,#4070,.F.);
#2956=ORIENTED_EDGE('',*,*,#4068,.F.);
#2957=ORIENTED_EDGE('',*,*,#3806,.F.);
#2958=ORIENTED_EDGE('',*,*,#4071,.T.);
#2959=CARTESIAN_POINT('',(-11.13456711,1250.0,-16.65));
#2960=DIRECTION('',(0.0,-1.0,0.0));
#2961=DIRECTION('',(1.85037171081358E-15,0.0,1.0));
#2962=SURFACE_STYLE_FILL_AREA(#4072);
#2963=ORIENTED_EDGE('',*,*,#4073,.F.);
#2964=ORIENTED_EDGE('',*,*,#4071,.F.);
#2965=ORIENTED_EDGE('',*,*,#3805,.F.);
#2966=ORIENTED_EDGE('',*,*,#4031,.T.);
#2967=CARTESIAN_POINT('',(-10.0,1250.0,-13.65));
#2968=DIRECTION('',(0.0,0.0,1.0));
#2969=DIRECTION('',(-1.0,0.0,0.0));
#2970=SURFACE_STYLE_FILL_AREA(#4074);
#2971=ORIENTED_EDGE('',*,*,#4052,.T.);
#2972=ORIENTED_EDGE('',*,*,#4075,.T.);
#2973=ORIENTED_EDGE('',*,*,#4076,.F.);
#2974=ORIENTED_EDGE('',*,*,#3813,.F.);
#2975=CARTESIAN_POINT('',(0.0,1250.0,-20.0));
#2976=DIRECTION('',(0.0,0.0,-1.0));
#2977=DIRECTION('',(1.0,0.0,0.0));
#2978=SURFACE_STYLE_FILL_AREA(#4077);
#2979=ORIENTED_EDGE('',*,*,#4078,.F.);
#2980=ORIENTED_EDGE('',*,*,#4079,.F.);
#2981=ORIENTED_EDGE('',*,*,#3736,.F.);
#2982=ORIENTED_EDGE('',*,*,#4080,.T.);
#2983=CARTESIAN_POINT('',(8.86543289,1250.0,16.65));
#2984=DIRECTION('',(0.0,-1.0,-0.0));
#2985=DIRECTION('',(-0.707106781186549,0.0,-0.707106781186546));
#2986=SURFACE_STYLE_FILL_AREA(#4081);
#2987=ORIENTED_EDGE('',*,*,#4082,.F.);
#2988=ORIENTED_EDGE('',*,*,#4080,.F.);
#2989=ORIENTED_EDGE('',*,*,#3735,.F.);
#2990=ORIENTED_EDGE('',*,*,#4083,.T.);
#2991=CARTESIAN_POINT('',(5.61896013,1250.0,15.65383208));
#2992=DIRECTION('',(-0.707106781186547,0.0,-0.707106781186548));
#2993=DIRECTION('',(0.707106781186548,0.0,-0.707106781186547));
#2994=SURFACE_STYLE_FILL_AREA(#4084);
#2995=ORIENTED_EDGE('',*,*,#4085,.F.);
#2996=ORIENTED_EDGE('',*,*,#4083,.F.);
#2997=ORIENTED_EDGE('',*,*,#3734,.F.);
#2998=ORIENTED_EDGE('',*,*,#4086,.T.);
#2999=CARTESIAN_POINT('',(5.0824116,1250.0,17.36758839));
#3000=DIRECTION('',(0.0,-1.0,0.0));
#3001=DIRECTION('',(0.0,0.0,1.0));
#3002=SURFACE_STYLE_FILL_AREA(#4087);
#3003=ORIENTED_EDGE('',*,*,#4088,.F.);
#3004=ORIENTED_EDGE('',*,*,#4086,.F.);
#3005=ORIENTED_EDGE('',*,*,#3733,.F.);
#3006=ORIENTED_EDGE('',*,*,#4089,.T.);
#3007=CARTESIAN_POINT('',(6.1412058,1250.0,18.2));
#3008=DIRECTION('',(0.0,0.0,1.0));
#3009=DIRECTION('',(-1.0,0.0,0.0));
#3010=SURFACE_STYLE_FILL_AREA(#4090);
#3011=ORIENTED_EDGE('',*,*,#4091,.F.);
#3012=ORIENTED_EDGE('',*,*,#4089,.F.);
#3013=ORIENTED_EDGE('',*,*,#3732,.F.);
#3014=ORIENTED_EDGE('',*,*,#4092,.T.);
#3015=CARTESIAN_POINT('',(7.1999999999,1250.0,18.5000000001));
#3016=DIRECTION('',(0.0,-1.0,0.0));
#3017=DIRECTION('',(3.33333360913457E-10,0.0,-1.0));
#3018=SURFACE_STYLE_FILL_AREA(#4093);
#3019=ORIENTED_EDGE('',*,*,#4094,.F.);
#3020=ORIENTED_EDGE('',*,*,#4092,.F.);
#3021=ORIENTED_EDGE('',*,*,#3731,.F.);
#3022=ORIENTED_EDGE('',*,*,#4095,.T.);
#3023=CARTESIAN_POINT('',(7.5,1250.0,18.85));
#3024=DIRECTION('',(-1.0,0.0,0.0));
#3025=DIRECTION('',(0.0,0.0,-1.0));
#3026=SURFACE_STYLE_FILL_AREA(#4096);
#3027=ORIENTED_EDGE('',*,*,#4097,.F.);
#3028=ORIENTED_EDGE('',*,*,#4095,.F.);
#3029=ORIENTED_EDGE('',*,*,#3730,.F.);
#3030=ORIENTED_EDGE('',*,*,#4098,.F.);
#3031=CARTESIAN_POINT('',(6.6999999999,1250.0,19.1999999999));
#3032=DIRECTION('',(0.0,-1.0,0.0));
#3033=DIRECTION('',(1.0,0.0,1.249990388974E-10));
#3034=SURFACE_STYLE_FILL_AREA(#4099);
#3035=ORIENTED_EDGE('',*,*,#4100,.F.);
#3036=ORIENTED_EDGE('',*,*,#4101,.F.);
#3037=ORIENTED_EDGE('',*,*,#3744,.F.);
#3038=ORIENTED_EDGE('',*,*,#4102,.T.);
#3039=CARTESIAN_POINT('',(13.3000000001,1250.0,19.1999999999));
#3040=DIRECTION('',(0.0,-1.0,0.0));
#3041=DIRECTION('',(-1.25000565454059E-10,0.0,1.0));
#3042=SURFACE_STYLE_FILL_AREA(#4103);
#3043=ORIENTED_EDGE('',*,*,#4104,.F.);
#3044=ORIENTED_EDGE('',*,*,#4102,.F.);
#3045=ORIENTED_EDGE('',*,*,#3743,.F.);
#3046=ORIENTED_EDGE('',*,*,#4105,.T.);
#3047=CARTESIAN_POINT('',(12.5,1250.0,18.85));
#3048=DIRECTION('',(1.0,0.0,-0.0));
#3049=DIRECTION('',(0.0,0.0,1.0));
#3050=SURFACE_STYLE_FILL_AREA(#4106);
#3051=ORIENTED_EDGE('',*,*,#4107,.F.);
#3052=ORIENTED_EDGE('',*,*,#4105,.F.);
#3053=ORIENTED_EDGE('',*,*,#3742,.F.);
#3054=ORIENTED_EDGE('',*,*,#4108,.T.);
#3055=CARTESIAN_POINT('',(12.8000000001,1250.0,18.5000000001));
#3056=DIRECTION('',(0.0,-1.0,-0.0));
#3057=DIRECTION('',(-1.0,0.0,-3.3332892002136E-10));
#3058=SURFACE_STYLE_FILL_AREA(#4109);
#3059=ORIENTED_EDGE('',*,*,#4110,.F.);
#3060=ORIENTED_EDGE('',*,*,#4108,.F.);
#3061=ORIENTED_EDGE('',*,*,#3741,.F.);
#3062=ORIENTED_EDGE('',*,*,#4111,.T.);
#3063=CARTESIAN_POINT('',(13.8587942,1250.0,18.2));
#3064=DIRECTION('',(0.0,0.0,1.0));
#3065=DIRECTION('',(-1.0,0.0,0.0));
#3066=SURFACE_STYLE_FILL_AREA(#4112);
#3067=ORIENTED_EDGE('',*,*,#4113,.F.);
#3068=ORIENTED_EDGE('',*,*,#4111,.F.);
#3069=ORIENTED_EDGE('',*,*,#3740,.F.);
#3070=ORIENTED_EDGE('',*,*,#4114,.T.);
#3071=CARTESIAN_POINT('',(14.9175884,1250.0,17.36758839));
#3072=DIRECTION('',(0.0,-1.0,0.0));
#3073=DIRECTION('',(0.707106781186548,0.0,-0.707106781186548));
#3074=SURFACE_STYLE_FILL_AREA(#4115);
#3075=ORIENTED_EDGE('',*,*,#4116,.F.);
#3076=ORIENTED_EDGE('',*,*,#4114,.F.);
#3077=ORIENTED_EDGE('',*,*,#3739,.F.);
#3078=ORIENTED_EDGE('',*,*,#4117,.T.);
#3079=CARTESIAN_POINT('',(14.38103987,1250.0,15.65383208));
#3080=DIRECTION('',(0.707106781186547,0.0,-0.707106781186548));
#3081=DIRECTION('',(0.707106781186548,0.0,0.707106781186547));
#3082=SURFACE_STYLE_FILL_AREA(#4118);
#3083=ORIENTED_EDGE('',*,*,#4119,.F.);
#3084=ORIENTED_EDGE('',*,*,#4117,.F.);
#3085=ORIENTED_EDGE('',*,*,#3738,.F.);
#3086=ORIENTED_EDGE('',*,*,#4120,.T.);
#3087=CARTESIAN_POINT('',(11.13456711,1250.0,16.65));
#3088=DIRECTION('',(0.0,-1.0,-0.0));
#3089=DIRECTION('',(-1.85037171081358E-15,0.0,-1.0));
#3090=SURFACE_STYLE_FILL_AREA(#4121);
#3091=ORIENTED_EDGE('',*,*,#4122,.F.);
#3092=ORIENTED_EDGE('',*,*,#4120,.F.);
#3093=ORIENTED_EDGE('',*,*,#3737,.F.);
#3094=ORIENTED_EDGE('',*,*,#4079,.T.);
#3095=CARTESIAN_POINT('',(10.0,1250.0,13.65));
#3096=DIRECTION('',(0.0,0.0,-1.0));
#3097=DIRECTION('',(1.0,0.0,0.0));
#3098=SURFACE_STYLE_FILL_AREA(#4123);
#3099=ORIENTED_EDGE('',*,*,#4101,.T.);
#3100=ORIENTED_EDGE('',*,*,#4124,.T.);
#3101=ORIENTED_EDGE('',*,*,#4125,.F.);
#3102=ORIENTED_EDGE('',*,*,#3745,.F.);
#3103=CARTESIAN_POINT('',(0.0,1250.0,20.0));
#3104=DIRECTION('',(0.0,0.0,1.0));
#3105=DIRECTION('',(-1.0,0.0,-0.0));
#3106=SURFACE_STYLE_FILL_AREA(#4126);
#3107=ORIENTED_EDGE('',*,*,#4127,.F.);
#3108=ORIENTED_EDGE('',*,*,#4128,.F.);
#3109=ORIENTED_EDGE('',*,*,#3720,.F.);
#3110=ORIENTED_EDGE('',*,*,#4129,.T.);
#3111=CARTESIAN_POINT('',(-11.13456711,1250.0,16.65));
#3112=DIRECTION('',(0.0,-1.0,-0.0));
#3113=DIRECTION('',(-0.707106781186549,0.0,-0.707106781186546));
#3114=SURFACE_STYLE_FILL_AREA(#4130);
#3115=ORIENTED_EDGE('',*,*,#4131,.F.);
#3116=ORIENTED_EDGE('',*,*,#4129,.F.);
#3117=ORIENTED_EDGE('',*,*,#3719,.F.);
#3118=ORIENTED_EDGE('',*,*,#4132,.T.);
#3119=CARTESIAN_POINT('',(-14.38103987,1250.0,15.65383208));
#3120=DIRECTION('',(-0.707106781186547,0.0,-0.707106781186548));
#3121=DIRECTION('',(0.707106781186548,0.0,-0.707106781186547));
#3122=SURFACE_STYLE_FILL_AREA(#4133);
#3123=ORIENTED_EDGE('',*,*,#4134,.F.);
#3124=ORIENTED_EDGE('',*,*,#4132,.F.);
#3125=ORIENTED_EDGE('',*,*,#3718,.F.);
#3126=ORIENTED_EDGE('',*,*,#4135,.T.);
#3127=CARTESIAN_POINT('',(-14.9175884,1250.0,17.36758839));
#3128=DIRECTION('',(0.0,-1.0,0.0));
#3129=DIRECTION('',(0.0,0.0,1.0));
#3130=SURFACE_STYLE_FILL_AREA(#4136);
#3131=ORIENTED_EDGE('',*,*,#4137,.F.);
#3132=ORIENTED_EDGE('',*,*,#4135,.F.);
#3133=ORIENTED_EDGE('',*,*,#3717,.F.);
#3134=ORIENTED_EDGE('',*,*,#4138,.T.);
#3135=CARTESIAN_POINT('',(-13.8587942,1250.0,18.2));
#3136=DIRECTION('',(0.0,0.0,1.0));
#3137=DIRECTION('',(-1.0,0.0,0.0));
#3138=SURFACE_STYLE_FILL_AREA(#4139);
#3139=ORIENTED_EDGE('',*,*,#4140,.F.);
#3140=ORIENTED_EDGE('',*,*,#4138,.F.);
#3141=ORIENTED_EDGE('',*,*,#3716,.F.);
#3142=ORIENTED_EDGE('',*,*,#4141,.T.);
#3143=CARTESIAN_POINT('',(-12.8000000001,1250.0,18.5000000001));
#3144=DIRECTION('',(0.0,-1.0,0.0));
#3145=DIRECTION('',(3.33333360913457E-10,0.0,-1.0));
#3146=SURFACE_STYLE_FILL_AREA(#4142);
#3147=ORIENTED_EDGE('',*,*,#4143,.F.);
#3148=ORIENTED_EDGE('',*,*,#4141,.F.);
#3149=ORIENTED_EDGE('',*,*,#3715,.F.);
#3150=ORIENTED_EDGE('',*,*,#4144,.T.);
#3151=CARTESIAN_POINT('',(-12.5,1250.0,18.85));
#3152=DIRECTION('',(-1.0,0.0,0.0));
#3153=DIRECTION('',(0.0,0.0,-1.0));
#3154=SURFACE_STYLE_FILL_AREA(#4145);
#3155=ORIENTED_EDGE('',*,*,#4146,.F.);
#3156=ORIENTED_EDGE('',*,*,#4144,.F.);
#3157=ORIENTED_EDGE('',*,*,#3714,.F.);
#3158=ORIENTED_EDGE('',*,*,#4147,.F.);
#3159=CARTESIAN_POINT('',(-13.3000000001,1250.0,19.1999999999));
#3160=DIRECTION('',(0.0,-1.0,0.0));
#3161=DIRECTION('',(1.0,0.0,1.249990388974E-10));
#3162=SURFACE_STYLE_FILL_AREA(#4148);
#3163=ORIENTED_EDGE('',*,*,#4149,.F.);
#3164=ORIENTED_EDGE('',*,*,#4150,.F.);
#3165=ORIENTED_EDGE('',*,*,#3728,.F.);
#3166=ORIENTED_EDGE('',*,*,#4151,.T.);
#3167=CARTESIAN_POINT('',(-6.6999999999,1250.0,19.1999999999));
#3168=DIRECTION('',(0.0,-1.0,0.0));
#3169=DIRECTION('',(-1.25000565454059E-10,0.0,1.0));
#3170=SURFACE_STYLE_FILL_AREA(#4152);
#3171=ORIENTED_EDGE('',*,*,#4153,.F.);
#3172=ORIENTED_EDGE('',*,*,#4151,.F.);
#3173=ORIENTED_EDGE('',*,*,#3727,.F.);
#3174=ORIENTED_EDGE('',*,*,#4154,.T.);
#3175=CARTESIAN_POINT('',(-7.5,1250.0,18.85));
#3176=DIRECTION('',(1.0,0.0,-0.0));
#3177=DIRECTION('',(0.0,0.0,1.0));
#3178=SURFACE_STYLE_FILL_AREA(#4155);
#3179=ORIENTED_EDGE('',*,*,#4156,.F.);
#3180=ORIENTED_EDGE('',*,*,#4154,.F.);
#3181=ORIENTED_EDGE('',*,*,#3726,.F.);
#3182=ORIENTED_EDGE('',*,*,#4157,.T.);
#3183=CARTESIAN_POINT('',(-7.1999999999,1250.0,18.5000000001));
#3184=DIRECTION('',(0.0,-1.0,-0.0));
#3185=DIRECTION('',(-1.0,0.0,-3.3332892002136E-10));
#3186=SURFACE_STYLE_FILL_AREA(#4158);
#3187=ORIENTED_EDGE('',*,*,#4159,.F.);
#3188=ORIENTED_EDGE('',*,*,#4157,.F.);
#3189=ORIENTED_EDGE('',*,*,#3725,.F.);
#3190=ORIENTED_EDGE('',*,*,#4160,.T.);
#3191=CARTESIAN_POINT('',(-6.1412058,1250.0,18.2));
#3192=DIRECTION('',(0.0,0.0,1.0));
#3193=DIRECTION('',(-1.0,0.0,0.0));
#3194=SURFACE_STYLE_FILL_AREA(#4161);
#3195=ORIENTED_EDGE('',*,*,#4162,.F.);
#3196=ORIENTED_EDGE('',*,*,#4160,.F.);
#3197=ORIENTED_EDGE('',*,*,#3724,.F.);
#3198=ORIENTED_EDGE('',*,*,#4163,.T.);
#3199=CARTESIAN_POINT('',(-5.0824116,1250.0,17.36758839));
#3200=DIRECTION('',(0.0,-1.0,0.0));
#3201=DIRECTION('',(0.707106781186548,0.0,-0.707106781186548));
#3202=SURFACE_STYLE_FILL_AREA(#4164);
#3203=ORIENTED_EDGE('',*,*,#4165,.F.);
#3204=ORIENTED_EDGE('',*,*,#4163,.F.);
#3205=ORIENTED_EDGE('',*,*,#3723,.F.);
#3206=ORIENTED_EDGE('',*,*,#4166,.T.);
#3207=CARTESIAN_POINT('',(-5.61896013,1250.0,15.65383208));
#3208=DIRECTION('',(0.707106781186547,0.0,-0.707106781186548));
#3209=DIRECTION('',(0.707106781186548,0.0,0.707106781186547));
#3210=SURFACE_STYLE_FILL_AREA(#4167);
#3211=ORIENTED_EDGE('',*,*,#4168,.F.);
#3212=ORIENTED_EDGE('',*,*,#4166,.F.);
#3213=ORIENTED_EDGE('',*,*,#3722,.F.);
#3214=ORIENTED_EDGE('',*,*,#4169,.T.);
#3215=CARTESIAN_POINT('',(-8.86543289,1250.0,16.65));
#3216=DIRECTION('',(0.0,-1.0,-0.0));
#3217=DIRECTION('',(-1.85037171081358E-15,0.0,-1.0));
#3218=SURFACE_STYLE_FILL_AREA(#4170);
#3219=ORIENTED_EDGE('',*,*,#4171,.F.);
#3220=ORIENTED_EDGE('',*,*,#4169,.F.);
#3221=ORIENTED_EDGE('',*,*,#3721,.F.);
#3222=ORIENTED_EDGE('',*,*,#4128,.T.);
#3223=CARTESIAN_POINT('',(-10.0,1250.0,13.65));
#3224=DIRECTION('',(0.0,0.0,-1.0));
#3225=DIRECTION('',(1.0,0.0,0.0));
#3226=SURFACE_STYLE_FILL_AREA(#4172);
#3227=ORIENTED_EDGE('',*,*,#4098,.T.);
#3228=ORIENTED_EDGE('',*,*,#3729,.F.);
#3229=ORIENTED_EDGE('',*,*,#4150,.T.);
#3230=ORIENTED_EDGE('',*,*,#4173,.T.);
#3231=CARTESIAN_POINT('',(0.0,1250.0,20.0));
#3232=DIRECTION('',(0.0,0.0,1.0));
#3233=DIRECTION('',(-1.0,0.0,-0.0));
#3234=SURFACE_STYLE_FILL_AREA(#4174);
#3235=ORIENTED_EDGE('',*,*,#4175,.T.);
#3236=ORIENTED_EDGE('',*,*,#4176,.F.);
#3237=ORIENTED_EDGE('',*,*,#3712,.T.);
#3238=ORIENTED_EDGE('',*,*,#3834,.T.);
#3239=CARTESIAN_POINT('',(-18.0,1250.0,18.0));
#3240=DIRECTION('',(0.0,-1.0,0.0));
#3241=DIRECTION('',(9.76996261670148E-15,0.0,1.0));
#3242=SURFACE_STYLE_FILL_AREA(#4177);
#3243=ORIENTED_EDGE('',*,*,#4147,.T.);
#3244=ORIENTED_EDGE('',*,*,#3713,.F.);
#3245=ORIENTED_EDGE('',*,*,#4176,.T.);
#3246=ORIENTED_EDGE('',*,*,#4178,.T.);
#3247=CARTESIAN_POINT('',(0.0,1250.0,20.0));
#3248=DIRECTION('',(0.0,0.0,1.0));
#3249=DIRECTION('',(-1.0,0.0,-0.0));
#3250=SURFACE_STYLE_FILL_AREA(#4179);
#3251=ORIENTED_EDGE('',*,*,#4180,.T.);
#3252=ORIENTED_EDGE('',*,*,#4181,.F.);
#3253=ORIENTED_EDGE('',*,*,#3746,.T.);
#3254=ORIENTED_EDGE('',*,*,#4125,.T.);
#3255=CARTESIAN_POINT('',(18.0,1250.0,18.0));
#3256=DIRECTION('',(0.0,-1.0,0.0));
#3257=DIRECTION('',(1.0,0.0,-1.06581410364016E-14));
#3258=SURFACE_STYLE_FILL_AREA(#4182);
#3259=ORIENTED_EDGE('',*,*,#3904,.T.);
#3260=ORIENTED_EDGE('',*,*,#3747,.F.);
#3261=ORIENTED_EDGE('',*,*,#4181,.T.);
#3262=ORIENTED_EDGE('',*,*,#4183,.T.);
#3263=CARTESIAN_POINT('',(20.0,1250.0,0.0));
#3264=DIRECTION('',(1.0,0.0,-0.0));
#3265=DIRECTION('',(0.0,0.0,1.0));
#3266=SURFACE_STYLE_FILL_AREA(#4184);
#3267=ORIENTED_EDGE('',*,*,#4185,.T.);
#3268=ORIENTED_EDGE('',*,*,#4186,.F.);
#3269=ORIENTED_EDGE('',*,*,#3780,.T.);
#3270=ORIENTED_EDGE('',*,*,#3979,.T.);
#3271=CARTESIAN_POINT('',(18.0,1250.0,-18.0));
#3272=DIRECTION('',(0.0,-1.0,0.0));
#3273=DIRECTION('',(0.0,0.0,-1.0));
#3274=SURFACE_STYLE_FILL_AREA(#4187);
#3275=ORIENTED_EDGE('',*,*,#4001,.T.);
#3276=ORIENTED_EDGE('',*,*,#3781,.F.);
#3277=ORIENTED_EDGE('',*,*,#4186,.T.);
#3278=ORIENTED_EDGE('',*,*,#4188,.T.);
#3279=CARTESIAN_POINT('',(0.0,1250.0,-20.0));
#3280=DIRECTION('',(0.0,0.0,-1.0));
#3281=DIRECTION('',(1.0,0.0,0.0));
#3282=SURFACE_STYLE_FILL_AREA(#4189);
#3283=ORIENTED_EDGE('',*,*,#4190,.T.);
#3284=ORIENTED_EDGE('',*,*,#4191,.F.);
#3285=ORIENTED_EDGE('',*,*,#3814,.T.);
#3286=ORIENTED_EDGE('',*,*,#4076,.T.);
#3287=CARTESIAN_POINT('',(-18.0,1250.0,-18.0));
#3288=DIRECTION('',(0.0,-1.0,0.0));
#3289=DIRECTION('',(-1.0,0.0,2.22044604925031E-16));
#3290=SURFACE_STYLE_FILL_AREA(#4192);
#3291=ORIENTED_EDGE('',*,*,#3856,.T.);
#3292=ORIENTED_EDGE('',*,*,#3815,.F.);
#3293=ORIENTED_EDGE('',*,*,#4191,.T.);
#3294=ORIENTED_EDGE('',*,*,#4193,.T.);
#3295=CARTESIAN_POINT('',(-20.0,1250.0,0.0));
#3296=DIRECTION('',(-1.0,0.0,0.0));
#3297=DIRECTION('',(0.0,0.0,-1.0));
#3298=SURFACE_STYLE_FILL_AREA(#4194);
#3299=ORIENTED_EDGE('',*,*,#3502,.T.);
#3300=ORIENTED_EDGE('',*,*,#3507,.T.);
#3301=ORIENTED_EDGE('',*,*,#3511,.T.);
#3302=ORIENTED_EDGE('',*,*,#3515,.T.);
#3303=ORIENTED_EDGE('',*,*,#3519,.T.);
#3304=ORIENTED_EDGE('',*,*,#3523,.T.);
#3305=ORIENTED_EDGE('',*,*,#3527,.T.);
#3306=ORIENTED_EDGE('',*,*,#3531,.T.);
#3307=ORIENTED_EDGE('',*,*,#3535,.T.);
#3308=ORIENTED_EDGE('',*,*,#3539,.T.);
#3309=ORIENTED_EDGE('',*,*,#3543,.T.);
#3310=ORIENTED_EDGE('',*,*,#3547,.T.);
#3311=ORIENTED_EDGE('',*,*,#3551,.T.);
#3312=ORIENTED_EDGE('',*,*,#3555,.T.);
#3313=ORIENTED_EDGE('',*,*,#3559,.T.);
#3314=ORIENTED_EDGE('',*,*,#3563,.T.);
#3315=ORIENTED_EDGE('',*,*,#3567,.T.);
#3316=ORIENTED_EDGE('',*,*,#3571,.T.);
#3317=ORIENTED_EDGE('',*,*,#3575,.T.);
#3318=ORIENTED_EDGE('',*,*,#3579,.T.);
#3319=ORIENTED_EDGE('',*,*,#3583,.T.);
#3320=ORIENTED_EDGE('',*,*,#3587,.T.);
#3321=ORIENTED_EDGE('',*,*,#3591,.T.);
#3322=ORIENTED_EDGE('',*,*,#3595,.T.);
#3323=ORIENTED_EDGE('',*,*,#3599,.T.);
#3324=ORIENTED_EDGE('',*,*,#3603,.T.);
#3325=ORIENTED_EDGE('',*,*,#3607,.T.);
#3326=ORIENTED_EDGE('',*,*,#3611,.T.);
#3327=ORIENTED_EDGE('',*,*,#3615,.T.);
#3328=ORIENTED_EDGE('',*,*,#3619,.T.);
#3329=ORIENTED_EDGE('',*,*,#3623,.T.);
#3330=ORIENTED_EDGE('',*,*,#3627,.T.);
#3331=ORIENTED_EDGE('',*,*,#3631,.T.);
#3332=ORIENTED_EDGE('',*,*,#3635,.T.);
#3333=ORIENTED_EDGE('',*,*,#3639,.T.);
#3334=ORIENTED_EDGE('',*,*,#3498,.T.);
#3335=ORIENTED_EDGE('',*,*,#3642,.T.);
#3336=ORIENTED_EDGE('',*,*,#3493,.T.);
#3337=ORIENTED_EDGE('',*,*,#3645,.T.);
#3338=ORIENTED_EDGE('',*,*,#3488,.T.);
#3339=ORIENTED_EDGE('',*,*,#3648,.T.);
#3340=ORIENTED_EDGE('',*,*,#3483,.T.);
#3341=ORIENTED_EDGE('',*,*,#3675,.T.);
#3342=ORIENTED_EDGE('',*,*,#3882,.F.);
#3343=ORIENTED_EDGE('',*,*,#3858,.T.);
#3344=ORIENTED_EDGE('',*,*,#3862,.T.);
#3345=ORIENTED_EDGE('',*,*,#3865,.T.);
#3346=ORIENTED_EDGE('',*,*,#3868,.T.);
#3347=ORIENTED_EDGE('',*,*,#3871,.T.);
#3348=ORIENTED_EDGE('',*,*,#3874,.T.);
#3349=ORIENTED_EDGE('',*,*,#3877,.T.);
#3350=ORIENTED_EDGE('',*,*,#3880,.T.);
#3351=ORIENTED_EDGE('',*,*,#3836,.T.);
#3352=ORIENTED_EDGE('',*,*,#3840,.T.);
#3353=ORIENTED_EDGE('',*,*,#3843,.T.);
#3354=ORIENTED_EDGE('',*,*,#3846,.T.);
#3355=ORIENTED_EDGE('',*,*,#3849,.T.);
#3356=ORIENTED_EDGE('',*,*,#3852,.T.);
#3357=ORIENTED_EDGE('',*,*,#3855,.T.);
#3358=ORIENTED_EDGE('',*,*,#4193,.F.);
#3359=ORIENTED_EDGE('',*,*,#4190,.F.);
#3360=ORIENTED_EDGE('',*,*,#4075,.F.);
#3361=ORIENTED_EDGE('',*,*,#4051,.T.);
#3362=ORIENTED_EDGE('',*,*,#4055,.T.);
#3363=ORIENTED_EDGE('',*,*,#4058,.T.);
#3364=ORIENTED_EDGE('',*,*,#4061,.T.);
#3365=ORIENTED_EDGE('',*,*,#4064,.T.);
#3366=ORIENTED_EDGE('',*,*,#4067,.T.);
#3367=ORIENTED_EDGE('',*,*,#4070,.T.);
#3368=ORIENTED_EDGE('',*,*,#4073,.T.);
#3369=ORIENTED_EDGE('',*,*,#4030,.T.);
#3370=ORIENTED_EDGE('',*,*,#4034,.T.);
#3371=ORIENTED_EDGE('',*,*,#4037,.T.);
#3372=ORIENTED_EDGE('',*,*,#4040,.T.);
#3373=ORIENTED_EDGE('',*,*,#4043,.T.);
#3374=ORIENTED_EDGE('',*,*,#4046,.T.);
#3375=ORIENTED_EDGE('',*,*,#4049,.T.);
#3376=ORIENTED_EDGE('',*,*,#4027,.F.);
#3377=ORIENTED_EDGE('',*,*,#4003,.T.);
#3378=ORIENTED_EDGE('',*,*,#4007,.T.);
#3379=ORIENTED_EDGE('',*,*,#4010,.T.);
#3380=ORIENTED_EDGE('',*,*,#4013,.T.);
#3381=ORIENTED_EDGE('',*,*,#4016,.T.);
#3382=ORIENTED_EDGE('',*,*,#4019,.T.);
#3383=ORIENTED_EDGE('',*,*,#4022,.T.);
#3384=ORIENTED_EDGE('',*,*,#4025,.T.);
#3385=ORIENTED_EDGE('',*,*,#3981,.T.);
#3386=ORIENTED_EDGE('',*,*,#3985,.T.);
#3387=ORIENTED_EDGE('',*,*,#3988,.T.);
#3388=ORIENTED_EDGE('',*,*,#3991,.T.);
#3389=ORIENTED_EDGE('',*,*,#3994,.T.);
#3390=ORIENTED_EDGE('',*,*,#3997,.T.);
#3391=ORIENTED_EDGE('',*,*,#4000,.T.);
#3392=ORIENTED_EDGE('',*,*,#4188,.F.);
#3393=ORIENTED_EDGE('',*,*,#4185,.F.);
#3394=ORIENTED_EDGE('',*,*,#3978,.F.);
#3395=ORIENTED_EDGE('',*,*,#3954,.T.);
#3396=ORIENTED_EDGE('',*,*,#3958,.T.);
#3397=ORIENTED_EDGE('',*,*,#3961,.T.);
#3398=ORIENTED_EDGE('',*,*,#3964,.T.);
#3399=ORIENTED_EDGE('',*,*,#3967,.T.);
#3400=ORIENTED_EDGE('',*,*,#3970,.T.);
#3401=ORIENTED_EDGE('',*,*,#3973,.T.);
#3402=ORIENTED_EDGE('',*,*,#3976,.T.);
#3403=ORIENTED_EDGE('',*,*,#3933,.T.);
#3404=ORIENTED_EDGE('',*,*,#3937,.T.);
#3405=ORIENTED_EDGE('',*,*,#3940,.T.);
#3406=ORIENTED_EDGE('',*,*,#3943,.T.);
#3407=ORIENTED_EDGE('',*,*,#3946,.T.);
#3408=ORIENTED_EDGE('',*,*,#3949,.T.);
#3409=ORIENTED_EDGE('',*,*,#3952,.T.);
#3410=ORIENTED_EDGE('',*,*,#3930,.F.);
#3411=ORIENTED_EDGE('',*,*,#3906,.T.);
#3412=ORIENTED_EDGE('',*,*,#3910,.T.);
#3413=ORIENTED_EDGE('',*,*,#3913,.T.);
#3414=ORIENTED_EDGE('',*,*,#3916,.T.);
#3415=ORIENTED_EDGE('',*,*,#3919,.T.);
#3416=ORIENTED_EDGE('',*,*,#3922,.T.);
#3417=ORIENTED_EDGE('',*,*,#3925,.T.);
#3418=ORIENTED_EDGE('',*,*,#3928,.T.);
#3419=ORIENTED_EDGE('',*,*,#3884,.T.);
#3420=ORIENTED_EDGE('',*,*,#3888,.T.);
#3421=ORIENTED_EDGE('',*,*,#3891,.T.);
#3422=ORIENTED_EDGE('',*,*,#3894,.T.);
#3423=ORIENTED_EDGE('',*,*,#3897,.T.);
#3424=ORIENTED_EDGE('',*,*,#3900,.T.);
#3425=ORIENTED_EDGE('',*,*,#3903,.T.);
#3426=ORIENTED_EDGE('',*,*,#4183,.F.);
#3427=ORIENTED_EDGE('',*,*,#4180,.F.);
#3428=ORIENTED_EDGE('',*,*,#4124,.F.);
#3429=ORIENTED_EDGE('',*,*,#4100,.T.);
#3430=ORIENTED_EDGE('',*,*,#4104,.T.);
#3431=ORIENTED_EDGE('',*,*,#4107,.T.);
#3432=ORIENTED_EDGE('',*,*,#4110,.T.);
#3433=ORIENTED_EDGE('',*,*,#4113,.T.);
#3434=ORIENTED_EDGE('',*,*,#4116,.T.);
#3435=ORIENTED_EDGE('',*,*,#4119,.T.);
#3436=ORIENTED_EDGE('',*,*,#4122,.T.);
#3437=ORIENTED_EDGE('',*,*,#4078,.T.);
#3438=ORIENTED_EDGE('',*,*,#4082,.T.);
#3439=ORIENTED_EDGE('',*,*,#4085,.T.);
#3440=ORIENTED_EDGE('',*,*,#4088,.T.);
#3441=ORIENTED_EDGE('',*,*,#4091,.T.);
#3442=ORIENTED_EDGE('',*,*,#4094,.T.);
#3443=ORIENTED_EDGE('',*,*,#4097,.T.);
#3444=ORIENTED_EDGE('',*,*,#4173,.F.);
#3445=ORIENTED_EDGE('',*,*,#4149,.T.);
#3446=ORIENTED_EDGE('',*,*,#4153,.T.);
#3447=ORIENTED_EDGE('',*,*,#4156,.T.);
#3448=ORIENTED_EDGE('',*,*,#4159,.T.);
#3449=ORIENTED_EDGE('',*,*,#4162,.T.);
#3450=ORIENTED_EDGE('',*,*,#4165,.T.);
#3451=ORIENTED_EDGE('',*,*,#4168,.T.);
#3452=ORIENTED_EDGE('',*,*,#4171,.T.);
#3453=ORIENTED_EDGE('',*,*,#4127,.T.);
#3454=ORIENTED_EDGE('',*,*,#4131,.T.);
#3455=ORIENTED_EDGE('',*,*,#4134,.T.);
#3456=ORIENTED_EDGE('',*,*,#4137,.T.);
#3457=ORIENTED_EDGE('',*,*,#4140,.T.);
#3458=ORIENTED_EDGE('',*,*,#4143,.T.);
#3459=ORIENTED_EDGE('',*,*,#4146,.T.);
#3460=ORIENTED_EDGE('',*,*,#4178,.F.);
#3461=ORIENTED_EDGE('',*,*,#4175,.F.);
#3462=ORIENTED_EDGE('',*,*,#3833,.F.);
#3463=ORIENTED_EDGE('',*,*,#3679,.T.);
#3464=ORIENTED_EDGE('',*,*,#3684,.T.);
#3465=ORIENTED_EDGE('',*,*,#3688,.T.);
#3466=ORIENTED_EDGE('',*,*,#3692,.T.);
#3467=ORIENTED_EDGE('',*,*,#3696,.T.);
#3468=ORIENTED_EDGE('',*,*,#3700,.T.);
#3469=ORIENTED_EDGE('',*,*,#3704,.T.);
#3470=ORIENTED_EDGE('',*,*,#3708,.T.);
#3471=ORIENTED_EDGE('',*,*,#3650,.T.);
#3472=ORIENTED_EDGE('',*,*,#3655,.T.);
#3473=ORIENTED_EDGE('',*,*,#3659,.T.);
#3474=ORIENTED_EDGE('',*,*,#3663,.T.);
#3475=ORIENTED_EDGE('',*,*,#3667,.T.);
#3476=ORIENTED_EDGE('',*,*,#3671,.T.);
#3477=CARTESIAN_POINT('',(0.0,-1250.0,0.0));
#3478=DIRECTION('',(0.0,-1.0,0.0));
#3479=DIRECTION('',(1.0,0.0,0.0));
#3480=SURFACE_STYLE_FILL_AREA(#4195);
#3481=FILL_AREA_STYLE('',(#4196));
#3482=EDGE_CURVE('',#4197,#4198,#4199,.T.);
#3483=EDGE_CURVE('',#4200,#4197,#4201,.T.);
#3484=EDGE_CURVE('',#4202,#4200,#4203,.T.);
#3485=EDGE_CURVE('',#4198,#4202,#4204,.T.);
#3486=FILL_AREA_STYLE('',(#4205));
#3487=EDGE_CURVE('',#4206,#4207,#4208,.T.);
#3488=EDGE_CURVE('',#4209,#4206,#4210,.T.);
#3489=EDGE_CURVE('',#4211,#4209,#4212,.T.);
#3490=EDGE_CURVE('',#4207,#4211,#4213,.T.);
#3491=FILL_AREA_STYLE('',(#4214));
#3492=EDGE_CURVE('',#4215,#4216,#4217,.T.);
#3493=EDGE_CURVE('',#4218,#4215,#4219,.T.);
#3494=EDGE_CURVE('',#4220,#4218,#4221,.T.);
#3495=EDGE_CURVE('',#4216,#4220,#4222,.T.);
#3496=FILL_AREA_STYLE('',(#4223));
#3497=EDGE_CURVE('',#4224,#4225,#4226,.T.);
#3498=EDGE_CURVE('',#4227,#4224,#4228,.T.);
#3499=EDGE_CURVE('',#4229,#4227,#4230,.T.);
#3500=EDGE_CURVE('',#4225,#4229,#4231,.T.);
#3501=FILL_AREA_STYLE('',(#4232));
#3502=EDGE_CURVE('',#4233,#4234,#4235,.T.);
#3503=EDGE_CURVE('',#4236,#4233,#4237,.T.);
#3504=EDGE_CURVE('',#4238,#4236,#4239,.T.);
#3505=EDGE_CURVE('',#4238,#4234,#4240,.T.);
#3506=FILL_AREA_STYLE('',(#4241));
#3507=EDGE_CURVE('',#4234,#4242,#4243,.T.);
#3508=EDGE_CURVE('',#4244,#4238,#4245,.T.);
#3509=EDGE_CURVE('',#4244,#4242,#4246,.T.);
#3510=FILL_AREA_STYLE('',(#4247));
#3511=EDGE_CURVE('',#4242,#4248,#4249,.T.);
#3512=EDGE_CURVE('',#4250,#4244,#4251,.T.);
#3513=EDGE_CURVE('',#4250,#4248,#4252,.T.);
#3514=FILL_AREA_STYLE('',(#4253));
#3515=EDGE_CURVE('',#4248,#4254,#4255,.T.);
#3516=EDGE_CURVE('',#4256,#4250,#4257,.T.);
#3517=EDGE_CURVE('',#4256,#4254,#4258,.T.);
#3518=FILL_AREA_STYLE('',(#4259));
#3519=EDGE_CURVE('',#4254,#4260,#4261,.T.);
#3520=EDGE_CURVE('',#4262,#4256,#4263,.T.);
#3521=EDGE_CURVE('',#4262,#4260,#4264,.T.);
#3522=FILL_AREA_STYLE('',(#4265));
#3523=EDGE_CURVE('',#4260,#4266,#4267,.T.);
#3524=EDGE_CURVE('',#4268,#4262,#4269,.T.);
#3525=EDGE_CURVE('',#4268,#4266,#4270,.T.);
#3526=FILL_AREA_STYLE('',(#4271));
#3527=EDGE_CURVE('',#4266,#4272,#4273,.T.);
#3528=EDGE_CURVE('',#4274,#4268,#4275,.T.);
#3529=EDGE_CURVE('',#4274,#4272,#4276,.T.);
#3530=FILL_AREA_STYLE('',(#4277));
#3531=EDGE_CURVE('',#4272,#4278,#4279,.T.);
#3532=EDGE_CURVE('',#4280,#4274,#4281,.T.);
#3533=EDGE_CURVE('',#4280,#4278,#4282,.T.);
#3534=FILL_AREA_STYLE('',(#4283));
#3535=EDGE_CURVE('',#4278,#4284,#4285,.T.);
#3536=EDGE_CURVE('',#4286,#4280,#4287,.T.);
#3537=EDGE_CURVE('',#4286,#4284,#4288,.T.);
#3538=FILL_AREA_STYLE('',(#4289));
#3539=EDGE_CURVE('',#4284,#4290,#4291,.T.);
#3540=EDGE_CURVE('',#4292,#4286,#4293,.T.);
#3541=EDGE_CURVE('',#4292,#4290,#4294,.T.);
#3542=FILL_AREA_STYLE('',(#4295));
#3543=EDGE_CURVE('',#4290,#4296,#4297,.T.);
#3544=EDGE_CURVE('',#4298,#4292,#4299,.T.);
#3545=EDGE_CURVE('',#4298,#4296,#4300,.T.);
#3546=FILL_AREA_STYLE('',(#4301));
#3547=EDGE_CURVE('',#4296,#4302,#4303,.T.);
#3548=EDGE_CURVE('',#4304,#4298,#4305,.T.);
#3549=EDGE_CURVE('',#4304,#4302,#4306,.T.);
#3550=FILL_AREA_STYLE('',(#4307));
#3551=EDGE_CURVE('',#4302,#4308,#4309,.T.);
#3552=EDGE_CURVE('',#4310,#4304,#4311,.T.);
#3553=EDGE_CURVE('',#4310,#4308,#4312,.T.);
#3554=FILL_AREA_STYLE('',(#4313));
#3555=EDGE_CURVE('',#4308,#4314,#4315,.T.);
#3556=EDGE_CURVE('',#4316,#4310,#4317,.T.);
#3557=EDGE_CURVE('',#4316,#4314,#4318,.T.);
#3558=FILL_AREA_STYLE('',(#4319));
#3559=EDGE_CURVE('',#4314,#4320,#4321,.T.);
#3560=EDGE_CURVE('',#4322,#4316,#4323,.T.);
#3561=EDGE_CURVE('',#4322,#4320,#4324,.T.);
#3562=FILL_AREA_STYLE('',(#4325));
#3563=EDGE_CURVE('',#4320,#4326,#4327,.T.);
#3564=EDGE_CURVE('',#4328,#4322,#4329,.T.);
#3565=EDGE_CURVE('',#4328,#4326,#4330,.T.);
#3566=FILL_AREA_STYLE('',(#4331));
#3567=EDGE_CURVE('',#4326,#4332,#4333,.T.);
#3568=EDGE_CURVE('',#4334,#4328,#4335,.T.);
#3569=EDGE_CURVE('',#4334,#4332,#4336,.T.);
#3570=FILL_AREA_STYLE('',(#4337));
#3571=EDGE_CURVE('',#4332,#4338,#4339,.T.);
#3572=EDGE_CURVE('',#4340,#4334,#4341,.T.);
#3573=EDGE_CURVE('',#4340,#4338,#4342,.T.);
#3574=FILL_AREA_STYLE('',(#4343));
#3575=EDGE_CURVE('',#4338,#4344,#4345,.T.);
#3576=EDGE_CURVE('',#4346,#4340,#4347,.T.);
#3577=EDGE_CURVE('',#4346,#4344,#4348,.T.);
#3578=FILL_AREA_STYLE('',(#4349));
#3579=EDGE_CURVE('',#4344,#4350,#4351,.T.);
#3580=EDGE_CURVE('',#4352,#4346,#4353,.T.);
#3581=EDGE_CURVE('',#4352,#4350,#4354,.T.);
#3582=FILL_AREA_STYLE('',(#4355));
#3583=EDGE_CURVE('',#4350,#4356,#4357,.T.);
#3584=EDGE_CURVE('',#4358,#4352,#4359,.T.);
#3585=EDGE_CURVE('',#4358,#4356,#4360,.T.);
#3586=FILL_AREA_STYLE('',(#4361));
#3587=EDGE_CURVE('',#4356,#4362,#4363,.T.);
#3588=EDGE_CURVE('',#4364,#4358,#4365,.T.);
#3589=EDGE_CURVE('',#4364,#4362,#4366,.T.);
#3590=FILL_AREA_STYLE('',(#4367));
#3591=EDGE_CURVE('',#4362,#4368,#4369,.T.);
#3592=EDGE_CURVE('',#4370,#4364,#4371,.T.);
#3593=EDGE_CURVE('',#4370,#4368,#4372,.T.);
#3594=FILL_AREA_STYLE('',(#4373));
#3595=EDGE_CURVE('',#4368,#4374,#4375,.T.);
#3596=EDGE_CURVE('',#4376,#4370,#4377,.T.);
#3597=EDGE_CURVE('',#4376,#4374,#4378,.T.);
#3598=FILL_AREA_STYLE('',(#4379));
#3599=EDGE_CURVE('',#4374,#4380,#4381,.T.);
#3600=EDGE_CURVE('',#4382,#4376,#4383,.T.);
#3601=EDGE_CURVE('',#4382,#4380,#4384,.T.);
#3602=FILL_AREA_STYLE('',(#4385));
#3603=EDGE_CURVE('',#4380,#4386,#4387,.T.);
#3604=EDGE_CURVE('',#4388,#4382,#4389,.T.);
#3605=EDGE_CURVE('',#4388,#4386,#4390,.T.);
#3606=FILL_AREA_STYLE('',(#4391));
#3607=EDGE_CURVE('',#4386,#4392,#4393,.T.);
#3608=EDGE_CURVE('',#4394,#4388,#4395,.T.);
#3609=EDGE_CURVE('',#4394,#4392,#4396,.T.);
#3610=FILL_AREA_STYLE('',(#4397));
#3611=EDGE_CURVE('',#4392,#4398,#4399,.T.);
#3612=EDGE_CURVE('',#4400,#4394,#4401,.T.);
#3613=EDGE_CURVE('',#4400,#4398,#4402,.T.);
#3614=FILL_AREA_STYLE('',(#4403));
#3615=EDGE_CURVE('',#4398,#4404,#4405,.T.);
#3616=EDGE_CURVE('',#4406,#4400,#4407,.T.);
#3617=EDGE_CURVE('',#4406,#4404,#4408,.T.);
#3618=FILL_AREA_STYLE('',(#4409));
#3619=EDGE_CURVE('',#4404,#4410,#4411,.T.);
#3620=EDGE_CURVE('',#4412,#4406,#4413,.T.);
#3621=EDGE_CURVE('',#4412,#4410,#4414,.T.);
#3622=FILL_AREA_STYLE('',(#4415));
#3623=EDGE_CURVE('',#4410,#4416,#4417,.T.);
#3624=EDGE_CURVE('',#4418,#4412,#4419,.T.);
#3625=EDGE_CURVE('',#4418,#4416,#4420,.T.);
#3626=FILL_AREA_STYLE('',(#4421));
#3627=EDGE_CURVE('',#4416,#4422,#4423,.T.);
#3628=EDGE_CURVE('',#4424,#4418,#4425,.T.);
#3629=EDGE_CURVE('',#4424,#4422,#4426,.T.);
#3630=FILL_AREA_STYLE('',(#4427));
#3631=EDGE_CURVE('',#4422,#4428,#4429,.T.);
#3632=EDGE_CURVE('',#4430,#4424,#4431,.T.);
#3633=EDGE_CURVE('',#4430,#4428,#4432,.T.);
#3634=FILL_AREA_STYLE('',(#4433));
#3635=EDGE_CURVE('',#4428,#4233,#4434,.T.);
#3636=EDGE_CURVE('',#4236,#4430,#4435,.T.);
#3637=FILL_AREA_STYLE('',(#4436));
#3638=EDGE_CURVE('',#4229,#4225,#4437,.T.);
#3639=EDGE_CURVE('',#4224,#4227,#4438,.T.);
#3640=FILL_AREA_STYLE('',(#4439));
#3641=EDGE_CURVE('',#4220,#4216,#4440,.T.);
#3642=EDGE_CURVE('',#4215,#4218,#4441,.T.);
#3643=FILL_AREA_STYLE('',(#4442));
#3644=EDGE_CURVE('',#4211,#4207,#4443,.T.);
#3645=EDGE_CURVE('',#4206,#4209,#4444,.T.);
#3646=FILL_AREA_STYLE('',(#4445));
#3647=EDGE_CURVE('',#4202,#4198,#4446,.T.);
#3648=EDGE_CURVE('',#4197,#4200,#4447,.T.);
#3649=FILL_AREA_STYLE('',(#4448));
#3650=EDGE_CURVE('',#4449,#4450,#4451,.T.);
#3651=EDGE_CURVE('',#4452,#4449,#4453,.T.);
#3652=EDGE_CURVE('',#4454,#4452,#4455,.T.);
#3653=EDGE_CURVE('',#4454,#4450,#4456,.T.);
#3654=FILL_AREA_STYLE('',(#4457));
#3655=EDGE_CURVE('',#4450,#4458,#4459,.T.);
#3656=EDGE_CURVE('',#4460,#4454,#4461,.T.);
#3657=EDGE_CURVE('',#4460,#4458,#4462,.T.);
#3658=FILL_AREA_STYLE('',(#4463));
#3659=EDGE_CURVE('',#4458,#4464,#4465,.T.);
#3660=EDGE_CURVE('',#4466,#4460,#4467,.T.);
#3661=EDGE_CURVE('',#4466,#4464,#4468,.T.);
#3662=FILL_AREA_STYLE('',(#4469));
#3663=EDGE_CURVE('',#4464,#4470,#4471,.T.);
#3664=EDGE_CURVE('',#4472,#4466,#4473,.T.);
#3665=EDGE_CURVE('',#4472,#4470,#4474,.T.);
#3666=FILL_AREA_STYLE('',(#4475));
#3667=EDGE_CURVE('',#4470,#4476,#4477,.T.);
#3668=EDGE_CURVE('',#4478,#4472,#4479,.T.);
#3669=EDGE_CURVE('',#4478,#4476,#4480,.T.);
#3670=FILL_AREA_STYLE('',(#4481));
#3671=EDGE_CURVE('',#4476,#4482,#4483,.T.);
#3672=EDGE_CURVE('',#4484,#4478,#4485,.T.);
#3673=EDGE_CURVE('',#4484,#4482,#4486,.T.);
#3674=FILL_AREA_STYLE('',(#4487));
#3675=EDGE_CURVE('',#4482,#4488,#4489,.T.);
#3676=EDGE_CURVE('',#4490,#4484,#4491,.T.);
#3677=EDGE_CURVE('',#4488,#4490,#4492,.T.);
#3678=FILL_AREA_STYLE('',(#4493));
#3679=EDGE_CURVE('',#4494,#4495,#4496,.T.);
#3680=EDGE_CURVE('',#4497,#4494,#4498,.T.);
#3681=EDGE_CURVE('',#4499,#4497,#4500,.T.);
#3682=EDGE_CURVE('',#4499,#4495,#4501,.T.);
#3683=FILL_AREA_STYLE('',(#4502));
#3684=EDGE_CURVE('',#4495,#4503,#4504,.T.);
#3685=EDGE_CURVE('',#4505,#4499,#4506,.T.);
#3686=EDGE_CURVE('',#4505,#4503,#4507,.T.);
#3687=FILL_AREA_STYLE('',(#4508));
#3688=EDGE_CURVE('',#4503,#4509,#4510,.T.);
#3689=EDGE_CURVE('',#4511,#4505,#4512,.T.);
#3690=EDGE_CURVE('',#4511,#4509,#4513,.T.);
#3691=FILL_AREA_STYLE('',(#4514));
#3692=EDGE_CURVE('',#4509,#4515,#4516,.T.);
#3693=EDGE_CURVE('',#4517,#4511,#4518,.T.);
#3694=EDGE_CURVE('',#4517,#4515,#4519,.T.);
#3695=FILL_AREA_STYLE('',(#4520));
#3696=EDGE_CURVE('',#4515,#4521,#4522,.T.);
#3697=EDGE_CURVE('',#4523,#4517,#4524,.T.);
#3698=EDGE_CURVE('',#4523,#4521,#4525,.T.);
#3699=FILL_AREA_STYLE('',(#4526));
#3700=EDGE_CURVE('',#4521,#4527,#4528,.T.);
#3701=EDGE_CURVE('',#4529,#4523,#4530,.T.);
#3702=EDGE_CURVE('',#4529,#4527,#4531,.T.);
#3703=FILL_AREA_STYLE('',(#4532));
#3704=EDGE_CURVE('',#4527,#4533,#4534,.T.);
#3705=EDGE_CURVE('',#4535,#4529,#4536,.T.);
#3706=EDGE_CURVE('',#4535,#4533,#4537,.T.);
#3707=FILL_AREA_STYLE('',(#4538));
#3708=EDGE_CURVE('',#4533,#4449,#4539,.T.);
#3709=EDGE_CURVE('',#4452,#4535,#4540,.T.);
#3710=FILL_AREA_STYLE('',(#4541));
#3711=EDGE_CURVE('',#4497,#4542,#4543,.T.);
#3712=EDGE_CURVE('',#4544,#4542,#4545,.T.);
#3713=EDGE_CURVE('',#4544,#4546,#4547,.T.);
#3714=EDGE_CURVE('',#4546,#4548,#4549,.T.);
#3715=EDGE_CURVE('',#4548,#4550,#4551,.T.);
#3716=EDGE_CURVE('',#4550,#4552,#4553,.T.);
#3717=EDGE_CURVE('',#4552,#4554,#4555,.T.);
#3718=EDGE_CURVE('',#4554,#4556,#4557,.T.);
#3719=EDGE_CURVE('',#4556,#4558,#4559,.T.);
#3720=EDGE_CURVE('',#4558,#4560,#4561,.T.);
#3721=EDGE_CURVE('',#4560,#4562,#4563,.T.);
#3722=EDGE_CURVE('',#4562,#4564,#4565,.T.);
#3723=EDGE_CURVE('',#4564,#4566,#4567,.T.);
#3724=EDGE_CURVE('',#4566,#4568,#4569,.T.);
#3725=EDGE_CURVE('',#4568,#4570,#4571,.T.);
#3726=EDGE_CURVE('',#4570,#4572,#4573,.T.);
#3727=EDGE_CURVE('',#4572,#4574,#4575,.T.);
#3728=EDGE_CURVE('',#4574,#4576,#4577,.T.);
#3729=EDGE_CURVE('',#4576,#4578,#4579,.T.);
#3730=EDGE_CURVE('',#4578,#4580,#4581,.T.);
#3731=EDGE_CURVE('',#4580,#4582,#4583,.T.);
#3732=EDGE_CURVE('',#4582,#4584,#4585,.T.);
#3733=EDGE_CURVE('',#4584,#4586,#4587,.T.);
#3734=EDGE_CURVE('',#4586,#4588,#4589,.T.);
#3735=EDGE_CURVE('',#4588,#4590,#4591,.T.);
#3736=EDGE_CURVE('',#4590,#4592,#4593,.T.);
#3737=EDGE_CURVE('',#4592,#4594,#4595,.T.);
#3738=EDGE_CURVE('',#4594,#4596,#4597,.T.);
#3739=EDGE_CURVE('',#4596,#4598,#4599,.T.);
#3740=EDGE_CURVE('',#4598,#4600,#4601,.T.);
#3741=EDGE_CURVE('',#4600,#4602,#4603,.T.);
#3742=EDGE_CURVE('',#4602,#4604,#4605,.T.);
#3743=EDGE_CURVE('',#4604,#4606,#4607,.T.);
#3744=EDGE_CURVE('',#4606,#4608,#4609,.T.);
#3745=EDGE_CURVE('',#4608,#4610,#4611,.T.);
#3746=EDGE_CURVE('',#4612,#4610,#4613,.T.);
#3747=EDGE_CURVE('',#4612,#4614,#4615,.T.);
#3748=EDGE_CURVE('',#4614,#4616,#4617,.T.);
#3749=EDGE_CURVE('',#4616,#4618,#4619,.T.);
#3750=EDGE_CURVE('',#4618,#4620,#4621,.T.);
#3751=EDGE_CURVE('',#4620,#4622,#4623,.T.);
#3752=EDGE_CURVE('',#4622,#4624,#4625,.T.);
#3753=EDGE_CURVE('',#4624,#4626,#4627,.T.);
#3754=EDGE_CURVE('',#4626,#4628,#4629,.T.);
#3755=EDGE_CURVE('',#4628,#4630,#4631,.T.);
#3756=EDGE_CURVE('',#4630,#4632,#4633,.T.);
#3757=EDGE_CURVE('',#4632,#4634,#4635,.T.);
#3758=EDGE_CURVE('',#4634,#4636,#4637,.T.);
#3759=EDGE_CURVE('',#4636,#4638,#4639,.T.);
#3760=EDGE_CURVE('',#4638,#4640,#4641,.T.);
#3761=EDGE_CURVE('',#4640,#4642,#4643,.T.);
#3762=EDGE_CURVE('',#4642,#4644,#4645,.T.);
#3763=EDGE_CURVE('',#4644,#4646,#4647,.T.);
#3764=EDGE_CURVE('',#4646,#4648,#4649,.T.);
#3765=EDGE_CURVE('',#4648,#4650,#4651,.T.);
#3766=EDGE_CURVE('',#4650,#4652,#4653,.T.);
#3767=EDGE_CURVE('',#4652,#4654,#4655,.T.);
#3768=EDGE_CURVE('',#4654,#4656,#4657,.T.);
#3769=EDGE_CURVE('',#4656,#4658,#4659,.T.);
#3770=EDGE_CURVE('',#4658,#4660,#4661,.T.);
#3771=EDGE_CURVE('',#4660,#4662,#4663,.T.);
#3772=EDGE_CURVE('',#4662,#4664,#4665,.T.);
#3773=EDGE_CURVE('',#4664,#4666,#4667,.T.);
#3774=EDGE_CURVE('',#4666,#4668,#4669,.T.);
#3775=EDGE_CURVE('',#4668,#4670,#4671,.T.);
#3776=EDGE_CURVE('',#4670,#4672,#4673,.T.);
#3777=EDGE_CURVE('',#4672,#4674,#4675,.T.);
#3778=EDGE_CURVE('',#4674,#4676,#4677,.T.);
#3779=EDGE_CURVE('',#4676,#4678,#4679,.T.);
#3780=EDGE_CURVE('',#4680,#4678,#4681,.T.);
#3781=EDGE_CURVE('',#4680,#4682,#4683,.T.);
#3782=EDGE_CURVE('',#4682,#4684,#4685,.T.);
#3783=EDGE_CURVE('',#4684,#4686,#4687,.T.);
#3784=EDGE_CURVE('',#4686,#4688,#4689,.T.);
#3785=EDGE_CURVE('',#4688,#4690,#4691,.T.);
#3786=EDGE_CURVE('',#4690,#4692,#4693,.T.);
#3787=EDGE_CURVE('',#4692,#4694,#4695,.T.);
#3788=EDGE_CURVE('',#4694,#4696,#4697,.T.);
#3789=EDGE_CURVE('',#4696,#4698,#4699,.T.);
#3790=EDGE_CURVE('',#4698,#4700,#4701,.T.);
#3791=EDGE_CURVE('',#4700,#4702,#4703,.T.);
#3792=EDGE_CURVE('',#4702,#4704,#4705,.T.);
#3793=EDGE_CURVE('',#4704,#4706,#4707,.T.);
#3794=EDGE_CURVE('',#4706,#4708,#4709,.T.);
#3795=EDGE_CURVE('',#4708,#4710,#4711,.T.);
#3796=EDGE_CURVE('',#4710,#4712,#4713,.T.);
#3797=EDGE_CURVE('',#4712,#4714,#4715,.T.);
#3798=EDGE_CURVE('',#4714,#4716,#4717,.T.);
#3799=EDGE_CURVE('',#4716,#4718,#4719,.T.);
#3800=EDGE_CURVE('',#4718,#4720,#4721,.T.);
#3801=EDGE_CURVE('',#4720,#4722,#4723,.T.);
#3802=EDGE_CURVE('',#4722,#4724,#4725,.T.);
#3803=EDGE_CURVE('',#4724,#4726,#4727,.T.);
#3804=EDGE_CURVE('',#4726,#4728,#4729,.T.);
#3805=EDGE_CURVE('',#4728,#4730,#4731,.T.);
#3806=EDGE_CURVE('',#4730,#4732,#4733,.T.);
#3807=EDGE_CURVE('',#4732,#4734,#4735,.T.);
#3808=EDGE_CURVE('',#4734,#4736,#4737,.T.);
#3809=EDGE_CURVE('',#4736,#4738,#4739,.T.);
#3810=EDGE_CURVE('',#4738,#4740,#4741,.T.);
#3811=EDGE_CURVE('',#4740,#4742,#4743,.T.);
#3812=EDGE_CURVE('',#4742,#4744,#4745,.T.);
#3813=EDGE_CURVE('',#4744,#4746,#4747,.T.);
#3814=EDGE_CURVE('',#4748,#4746,#4749,.T.);
#3815=EDGE_CURVE('',#4748,#4750,#4751,.T.);
#3816=EDGE_CURVE('',#4750,#4752,#4753,.T.);
#3817=EDGE_CURVE('',#4752,#4754,#4755,.T.);
#3818=EDGE_CURVE('',#4754,#4756,#4757,.T.);
#3819=EDGE_CURVE('',#4756,#4758,#4759,.T.);
#3820=EDGE_CURVE('',#4758,#4760,#4761,.T.);
#3821=EDGE_CURVE('',#4760,#4762,#4763,.T.);
#3822=EDGE_CURVE('',#4762,#4764,#4765,.T.);
#3823=EDGE_CURVE('',#4764,#4766,#4767,.T.);
#3824=EDGE_CURVE('',#4766,#4768,#4769,.T.);
#3825=EDGE_CURVE('',#4768,#4770,#4771,.T.);
#3826=EDGE_CURVE('',#4770,#4772,#4773,.T.);
#3827=EDGE_CURVE('',#4772,#4774,#4775,.T.);
#3828=EDGE_CURVE('',#4774,#4776,#4777,.T.);
#3829=EDGE_CURVE('',#4776,#4778,#4779,.T.);
#3830=EDGE_CURVE('',#4778,#4780,#4781,.T.);
#3831=EDGE_CURVE('',#4780,#4490,#4782,.T.);
#3832=FILL_AREA_STYLE('',(#4783));
#3833=EDGE_CURVE('',#4494,#4784,#4785,.T.);
#3834=EDGE_CURVE('',#4542,#4784,#4786,.T.);
#3835=FILL_AREA_STYLE('',(#4787));
#3836=EDGE_CURVE('',#4788,#4789,#4790,.T.);
#3837=EDGE_CURVE('',#4764,#4788,#4791,.T.);
#3838=EDGE_CURVE('',#4762,#4789,#4792,.T.);
#3839=FILL_AREA_STYLE('',(#4793));
#3840=EDGE_CURVE('',#4789,#4794,#4795,.T.);
#3841=EDGE_CURVE('',#4760,#4794,#4796,.T.);
#3842=FILL_AREA_STYLE('',(#4797));
#3843=EDGE_CURVE('',#4794,#4798,#4799,.T.);
#3844=EDGE_CURVE('',#4758,#4798,#4800,.T.);
#3845=FILL_AREA_STYLE('',(#4801));
#3846=EDGE_CURVE('',#4798,#4802,#4803,.T.);
#3847=EDGE_CURVE('',#4756,#4802,#4804,.T.);
#3848=FILL_AREA_STYLE('',(#4805));
#3849=EDGE_CURVE('',#4802,#4806,#4807,.T.);
#3850=EDGE_CURVE('',#4754,#4806,#4808,.T.);
#3851=FILL_AREA_STYLE('',(#4809));
#3852=EDGE_CURVE('',#4806,#4810,#4811,.T.);
#3853=EDGE_CURVE('',#4752,#4810,#4812,.T.);
#3854=FILL_AREA_STYLE('',(#4813));
#3855=EDGE_CURVE('',#4810,#4814,#4815,.T.);
#3856=EDGE_CURVE('',#4814,#4750,#4816,.T.);
#3857=FILL_AREA_STYLE('',(#4817));
#3858=EDGE_CURVE('',#4818,#4819,#4820,.T.);
#3859=EDGE_CURVE('',#4780,#4818,#4821,.T.);
#3860=EDGE_CURVE('',#4778,#4819,#4822,.T.);
#3861=FILL_AREA_STYLE('',(#4823));
#3862=EDGE_CURVE('',#4819,#4824,#4825,.T.);
#3863=EDGE_CURVE('',#4776,#4824,#4826,.T.);
#3864=FILL_AREA_STYLE('',(#4827));
#3865=EDGE_CURVE('',#4824,#4828,#4829,.T.);
#3866=EDGE_CURVE('',#4774,#4828,#4830,.T.);
#3867=FILL_AREA_STYLE('',(#4831));
#3868=EDGE_CURVE('',#4828,#4832,#4833,.T.);
#3869=EDGE_CURVE('',#4772,#4832,#4834,.T.);
#3870=FILL_AREA_STYLE('',(#4835));
#3871=EDGE_CURVE('',#4832,#4836,#4837,.T.);
#3872=EDGE_CURVE('',#4770,#4836,#4838,.T.);
#3873=FILL_AREA_STYLE('',(#4839));
#3874=EDGE_CURVE('',#4836,#4840,#4841,.T.);
#3875=EDGE_CURVE('',#4768,#4840,#4842,.T.);
#3876=FILL_AREA_STYLE('',(#4843));
#3877=EDGE_CURVE('',#4840,#4844,#4845,.T.);
#3878=EDGE_CURVE('',#4766,#4844,#4846,.T.);
#3879=FILL_AREA_STYLE('',(#4847));
#3880=EDGE_CURVE('',#4844,#4788,#4848,.T.);
#3881=FILL_AREA_STYLE('',(#4849));
#3882=EDGE_CURVE('',#4818,#4488,#4850,.T.);
#3883=FILL_AREA_STYLE('',(#4851));
#3884=EDGE_CURVE('',#4852,#4853,#4854,.T.);
#3885=EDGE_CURVE('',#4628,#4852,#4855,.T.);
#3886=EDGE_CURVE('',#4626,#4853,#4856,.T.);
#3887=FILL_AREA_STYLE('',(#4857));
#3888=EDGE_CURVE('',#4853,#4858,#4859,.T.);
#3889=EDGE_CURVE('',#4624,#4858,#4860,.T.);
#3890=FILL_AREA_STYLE('',(#4861));
#3891=EDGE_CURVE('',#4858,#4862,#4863,.T.);
#3892=EDGE_CURVE('',#4622,#4862,#4864,.T.);
#3893=FILL_AREA_STYLE('',(#4865));
#3894=EDGE_CURVE('',#4862,#4866,#4867,.T.);
#3895=EDGE_CURVE('',#4620,#4866,#4868,.T.);
#3896=FILL_AREA_STYLE('',(#4869));
#3897=EDGE_CURVE('',#4866,#4870,#4871,.T.);
#3898=EDGE_CURVE('',#4618,#4870,#4872,.T.);
#3899=FILL_AREA_STYLE('',(#4873));
#3900=EDGE_CURVE('',#4870,#4874,#4875,.T.);
#3901=EDGE_CURVE('',#4616,#4874,#4876,.T.);
#3902=FILL_AREA_STYLE('',(#4877));
#3903=EDGE_CURVE('',#4874,#4878,#4879,.T.);
#3904=EDGE_CURVE('',#4878,#4614,#4880,.T.);
#3905=FILL_AREA_STYLE('',(#4881));
#3906=EDGE_CURVE('',#4882,#4883,#4884,.T.);
#3907=EDGE_CURVE('',#4644,#4882,#4885,.T.);
#3908=EDGE_CURVE('',#4642,#4883,#4886,.T.);
#3909=FILL_AREA_STYLE('',(#4887));
#3910=EDGE_CURVE('',#4883,#4888,#4889,.T.);
#3911=EDGE_CURVE('',#4640,#4888,#4890,.T.);
#3912=FILL_AREA_STYLE('',(#4891));
#3913=EDGE_CURVE('',#4888,#4892,#4893,.T.);
#3914=EDGE_CURVE('',#4638,#4892,#4894,.T.);
#3915=FILL_AREA_STYLE('',(#4895));
#3916=EDGE_CURVE('',#4892,#4896,#4897,.T.);
#3917=EDGE_CURVE('',#4636,#4896,#4898,.T.);
#3918=FILL_AREA_STYLE('',(#4899));
#3919=EDGE_CURVE('',#4896,#4900,#4901,.T.);
#3920=EDGE_CURVE('',#4634,#4900,#4902,.T.);
#3921=FILL_AREA_STYLE('',(#4903));
#3922=EDGE_CURVE('',#4900,#4904,#4905,.T.);
#3923=EDGE_CURVE('',#4632,#4904,#4906,.T.);
#3924=FILL_AREA_STYLE('',(#4907));
#3925=EDGE_CURVE('',#4904,#4908,#4909,.T.);
#3926=EDGE_CURVE('',#4630,#4908,#4910,.T.);
#3927=FILL_AREA_STYLE('',(#4911));
#3928=EDGE_CURVE('',#4908,#4852,#4912,.T.);
#3929=FILL_AREA_STYLE('',(#4913));
#3930=EDGE_CURVE('',#4882,#4914,#4915,.T.);
#3931=EDGE_CURVE('',#4914,#4646,#4916,.T.);
#3932=FILL_AREA_STYLE('',(#4917));
#3933=EDGE_CURVE('',#4918,#4919,#4920,.T.);
#3934=EDGE_CURVE('',#4660,#4918,#4921,.T.);
#3935=EDGE_CURVE('',#4658,#4919,#4922,.T.);
#3936=FILL_AREA_STYLE('',(#4923));
#3937=EDGE_CURVE('',#4919,#4924,#4925,.T.);
#3938=EDGE_CURVE('',#4656,#4924,#4926,.T.);
#3939=FILL_AREA_STYLE('',(#4927));
#3940=EDGE_CURVE('',#4924,#4928,#4929,.T.);
#3941=EDGE_CURVE('',#4654,#4928,#4930,.T.);
#3942=FILL_AREA_STYLE('',(#4931));
#3943=EDGE_CURVE('',#4928,#4932,#4933,.T.);
#3944=EDGE_CURVE('',#4652,#4932,#4934,.T.);
#3945=FILL_AREA_STYLE('',(#4935));
#3946=EDGE_CURVE('',#4932,#4936,#4937,.T.);
#3947=EDGE_CURVE('',#4650,#4936,#4938,.T.);
#3948=FILL_AREA_STYLE('',(#4939));
#3949=EDGE_CURVE('',#4936,#4940,#4941,.T.);
#3950=EDGE_CURVE('',#4648,#4940,#4942,.T.);
#3951=FILL_AREA_STYLE('',(#4943));
#3952=EDGE_CURVE('',#4940,#4914,#4944,.T.);
#3953=FILL_AREA_STYLE('',(#4945));
#3954=EDGE_CURVE('',#4946,#4947,#4948,.T.);
#3955=EDGE_CURVE('',#4676,#4946,#4949,.T.);
#3956=EDGE_CURVE('',#4674,#4947,#4950,.T.);
#3957=FILL_AREA_STYLE('',(#4951));
#3958=EDGE_CURVE('',#4947,#4952,#4953,.T.);
#3959=EDGE_CURVE('',#4672,#4952,#4954,.T.);
#3960=FILL_AREA_STYLE('',(#4955));
#3961=EDGE_CURVE('',#4952,#4956,#4957,.T.);
#3962=EDGE_CURVE('',#4670,#4956,#4958,.T.);
#3963=FILL_AREA_STYLE('',(#4959));
#3964=EDGE_CURVE('',#4956,#4960,#4961,.T.);
#3965=EDGE_CURVE('',#4668,#4960,#4962,.T.);
#3966=FILL_AREA_STYLE('',(#4963));
#3967=EDGE_CURVE('',#4960,#4964,#4965,.T.);
#3968=EDGE_CURVE('',#4666,#4964,#4966,.T.);
#3969=FILL_AREA_STYLE('',(#4967));
#3970=EDGE_CURVE('',#4964,#4968,#4969,.T.);
#3971=EDGE_CURVE('',#4664,#4968,#4970,.T.);
#3972=FILL_AREA_STYLE('',(#4971));
#3973=EDGE_CURVE('',#4968,#4972,#4973,.T.);
#3974=EDGE_CURVE('',#4662,#4972,#4974,.T.);
#3975=FILL_AREA_STYLE('',(#4975));
#3976=EDGE_CURVE('',#4972,#4918,#4976,.T.);
#3977=FILL_AREA_STYLE('',(#4977));
#3978=EDGE_CURVE('',#4946,#4978,#4979,.T.);
#3979=EDGE_CURVE('',#4678,#4978,#4980,.T.);
#3980=FILL_AREA_STYLE('',(#4981));
#3981=EDGE_CURVE('',#4982,#4983,#4984,.T.);
#3982=EDGE_CURVE('',#4696,#4982,#4985,.T.);
#3983=EDGE_CURVE('',#4694,#4983,#4986,.T.);
#3984=FILL_AREA_STYLE('',(#4987));
#3985=EDGE_CURVE('',#4983,#4988,#4989,.T.);
#3986=EDGE_CURVE('',#4692,#4988,#4990,.T.);
#3987=FILL_AREA_STYLE('',(#4991));
#3988=EDGE_CURVE('',#4988,#4992,#4993,.T.);
#3989=EDGE_CURVE('',#4690,#4992,#4994,.T.);
#3990=FILL_AREA_STYLE('',(#4995));
#3991=EDGE_CURVE('',#4992,#4996,#4997,.T.);
#3992=EDGE_CURVE('',#4688,#4996,#4998,.T.);
#3993=FILL_AREA_STYLE('',(#4999));
#3994=EDGE_CURVE('',#4996,#5000,#5001,.T.);
#3995=EDGE_CURVE('',#4686,#5000,#5002,.T.);
#3996=FILL_AREA_STYLE('',(#5003));
#3997=EDGE_CURVE('',#5000,#5004,#5005,.T.);
#3998=EDGE_CURVE('',#4684,#5004,#5006,.T.);
#3999=FILL_AREA_STYLE('',(#5007));
#4000=EDGE_CURVE('',#5004,#5008,#5009,.T.);
#4001=EDGE_CURVE('',#5008,#4682,#5010,.T.);
#4002=FILL_AREA_STYLE('',(#5011));
#4003=EDGE_CURVE('',#5012,#5013,#5014,.T.);
#4004=EDGE_CURVE('',#4712,#5012,#5015,.T.);
#4005=EDGE_CURVE('',#4710,#5013,#5016,.T.);
#4006=FILL_AREA_STYLE('',(#5017));
#4007=EDGE_CURVE('',#5013,#5018,#5019,.T.);
#4008=EDGE_CURVE('',#4708,#5018,#5020,.T.);
#4009=FILL_AREA_STYLE('',(#5021));
#4010=EDGE_CURVE('',#5018,#5022,#5023,.T.);
#4011=EDGE_CURVE('',#4706,#5022,#5024,.T.);
#4012=FILL_AREA_STYLE('',(#5025));
#4013=EDGE_CURVE('',#5022,#5026,#5027,.T.);
#4014=EDGE_CURVE('',#4704,#5026,#5028,.T.);
#4015=FILL_AREA_STYLE('',(#5029));
#4016=EDGE_CURVE('',#5026,#5030,#5031,.T.);
#4017=EDGE_CURVE('',#4702,#5030,#5032,.T.);
#4018=FILL_AREA_STYLE('',(#5033));
#4019=EDGE_CURVE('',#5030,#5034,#5035,.T.);
#4020=EDGE_CURVE('',#4700,#5034,#5036,.T.);
#4021=FILL_AREA_STYLE('',(#5037));
#4022=EDGE_CURVE('',#5034,#5038,#5039,.T.);
#4023=EDGE_CURVE('',#4698,#5038,#5040,.T.);
#4024=FILL_AREA_STYLE('',(#5041));
#4025=EDGE_CURVE('',#5038,#4982,#5042,.T.);
#4026=FILL_AREA_STYLE('',(#5043));
#4027=EDGE_CURVE('',#5012,#5044,#5045,.T.);
#4028=EDGE_CURVE('',#5044,#4714,#5046,.T.);
#4029=FILL_AREA_STYLE('',(#5047));
#4030=EDGE_CURVE('',#5048,#5049,#5050,.T.);
#4031=EDGE_CURVE('',#4728,#5048,#5051,.T.);
#4032=EDGE_CURVE('',#4726,#5049,#5052,.T.);
#4033=FILL_AREA_STYLE('',(#5053));
#4034=EDGE_CURVE('',#5049,#5054,#5055,.T.);
#4035=EDGE_CURVE('',#4724,#5054,#5056,.T.);
#4036=FILL_AREA_STYLE('',(#5057));
#4037=EDGE_CURVE('',#5054,#5058,#5059,.T.);
#4038=EDGE_CURVE('',#4722,#5058,#5060,.T.);
#4039=FILL_AREA_STYLE('',(#5061));
#4040=EDGE_CURVE('',#5058,#5062,#5063,.T.);
#4041=EDGE_CURVE('',#4720,#5062,#5064,.T.);
#4042=FILL_AREA_STYLE('',(#5065));
#4043=EDGE_CURVE('',#5062,#5066,#5067,.T.);
#4044=EDGE_CURVE('',#4718,#5066,#5068,.T.);
#4045=FILL_AREA_STYLE('',(#5069));
#4046=EDGE_CURVE('',#5066,#5070,#5071,.T.);
#4047=EDGE_CURVE('',#4716,#5070,#5072,.T.);
#4048=FILL_AREA_STYLE('',(#5073));
#4049=EDGE_CURVE('',#5070,#5044,#5074,.T.);
#4050=FILL_AREA_STYLE('',(#5075));
#4051=EDGE_CURVE('',#5076,#5077,#5078,.T.);
#4052=EDGE_CURVE('',#4744,#5076,#5079,.T.);
#4053=EDGE_CURVE('',#4742,#5077,#5080,.T.);
#4054=FILL_AREA_STYLE('',(#5081));
#4055=EDGE_CURVE('',#5077,#5082,#5083,.T.);
#4056=EDGE_CURVE('',#4740,#5082,#5084,.T.);
#4057=FILL_AREA_STYLE('',(#5085));
#4058=EDGE_CURVE('',#5082,#5086,#5087,.T.);
#4059=EDGE_CURVE('',#4738,#5086,#5088,.T.);
#4060=FILL_AREA_STYLE('',(#5089));
#4061=EDGE_CURVE('',#5086,#5090,#5091,.T.);
#4062=EDGE_CURVE('',#4736,#5090,#5092,.T.);
#4063=FILL_AREA_STYLE('',(#5093));
#4064=EDGE_CURVE('',#5090,#5094,#5095,.T.);
#4065=EDGE_CURVE('',#4734,#5094,#5096,.T.);
#4066=FILL_AREA_STYLE('',(#5097));
#4067=EDGE_CURVE('',#5094,#5098,#5099,.T.);
#4068=EDGE_CURVE('',#4732,#5098,#5100,.T.);
#4069=FILL_AREA_STYLE('',(#5101));
#4070=EDGE_CURVE('',#5098,#5102,#5103,.T.);
#4071=EDGE_CURVE('',#4730,#5102,#5104,.T.);
#4072=FILL_AREA_STYLE('',(#5105));
#4073=EDGE_CURVE('',#5102,#5048,#5106,.T.);
#4074=FILL_AREA_STYLE('',(#5107));
#4075=EDGE_CURVE('',#5076,#5108,#5109,.T.);
#4076=EDGE_CURVE('',#4746,#5108,#5110,.T.);
#4077=FILL_AREA_STYLE('',(#5111));
#4078=EDGE_CURVE('',#5112,#5113,#5114,.T.);
#4079=EDGE_CURVE('',#4592,#5112,#5115,.T.);
#4080=EDGE_CURVE('',#4590,#5113,#5116,.T.);
#4081=FILL_AREA_STYLE('',(#5117));
#4082=EDGE_CURVE('',#5113,#5118,#5119,.T.);
#4083=EDGE_CURVE('',#4588,#5118,#5120,.T.);
#4084=FILL_AREA_STYLE('',(#5121));
#4085=EDGE_CURVE('',#5118,#5122,#5123,.T.);
#4086=EDGE_CURVE('',#4586,#5122,#5124,.T.);
#4087=FILL_AREA_STYLE('',(#5125));
#4088=EDGE_CURVE('',#5122,#5126,#5127,.T.);
#4089=EDGE_CURVE('',#4584,#5126,#5128,.T.);
#4090=FILL_AREA_STYLE('',(#5129));
#4091=EDGE_CURVE('',#5126,#5130,#5131,.T.);
#4092=EDGE_CURVE('',#4582,#5130,#5132,.T.);
#4093=FILL_AREA_STYLE('',(#5133));
#4094=EDGE_CURVE('',#5130,#5134,#5135,.T.);
#4095=EDGE_CURVE('',#4580,#5134,#5136,.T.);
#4096=FILL_AREA_STYLE('',(#5137));
#4097=EDGE_CURVE('',#5134,#5138,#5139,.T.);
#4098=EDGE_CURVE('',#5138,#4578,#5140,.T.);
#4099=FILL_AREA_STYLE('',(#5141));
#4100=EDGE_CURVE('',#5142,#5143,#5144,.T.);
#4101=EDGE_CURVE('',#4608,#5142,#5145,.T.);
#4102=EDGE_CURVE('',#4606,#5143,#5146,.T.);
#4103=FILL_AREA_STYLE('',(#5147));
#4104=EDGE_CURVE('',#5143,#5148,#5149,.T.);
#4105=EDGE_CURVE('',#4604,#5148,#5150,.T.);
#4106=FILL_AREA_STYLE('',(#5151));
#4107=EDGE_CURVE('',#5148,#5152,#5153,.T.);
#4108=EDGE_CURVE('',#4602,#5152,#5154,.T.);
#4109=FILL_AREA_STYLE('',(#5155));
#4110=EDGE_CURVE('',#5152,#5156,#5157,.T.);
#4111=EDGE_CURVE('',#4600,#5156,#5158,.T.);
#4112=FILL_AREA_STYLE('',(#5159));
#4113=EDGE_CURVE('',#5156,#5160,#5161,.T.);
#4114=EDGE_CURVE('',#4598,#5160,#5162,.T.);
#4115=FILL_AREA_STYLE('',(#5163));
#4116=EDGE_CURVE('',#5160,#5164,#5165,.T.);
#4117=EDGE_CURVE('',#4596,#5164,#5166,.T.);
#4118=FILL_AREA_STYLE('',(#5167));
#4119=EDGE_CURVE('',#5164,#5168,#5169,.T.);
#4120=EDGE_CURVE('',#4594,#5168,#5170,.T.);
#4121=FILL_AREA_STYLE('',(#5171));
#4122=EDGE_CURVE('',#5168,#5112,#5172,.T.);
#4123=FILL_AREA_STYLE('',(#5173));
#4124=EDGE_CURVE('',#5142,#5174,#5175,.T.);
#4125=EDGE_CURVE('',#4610,#5174,#5176,.T.);
#4126=FILL_AREA_STYLE('',(#5177));
#4127=EDGE_CURVE('',#5178,#5179,#5180,.T.);
#4128=EDGE_CURVE('',#4560,#5178,#5181,.T.);
#4129=EDGE_CURVE('',#4558,#5179,#5182,.T.);
#4130=FILL_AREA_STYLE('',(#5183));
#4131=EDGE_CURVE('',#5179,#5184,#5185,.T.);
#4132=EDGE_CURVE('',#4556,#5184,#5186,.T.);
#4133=FILL_AREA_STYLE('',(#5187));
#4134=EDGE_CURVE('',#5184,#5188,#5189,.T.);
#4135=EDGE_CURVE('',#4554,#5188,#5190,.T.);
#4136=FILL_AREA_STYLE('',(#5191));
#4137=EDGE_CURVE('',#5188,#5192,#5193,.T.);
#4138=EDGE_CURVE('',#4552,#5192,#5194,.T.);
#4139=FILL_AREA_STYLE('',(#5195));
#4140=EDGE_CURVE('',#5192,#5196,#5197,.T.);
#4141=EDGE_CURVE('',#4550,#5196,#5198,.T.);
#4142=FILL_AREA_STYLE('',(#5199));
#4143=EDGE_CURVE('',#5196,#5200,#5201,.T.);
#4144=EDGE_CURVE('',#4548,#5200,#5202,.T.);
#4145=FILL_AREA_STYLE('',(#5203));
#4146=EDGE_CURVE('',#5200,#5204,#5205,.T.);
#4147=EDGE_CURVE('',#5204,#4546,#5206,.T.);
#4148=FILL_AREA_STYLE('',(#5207));
#4149=EDGE_CURVE('',#5208,#5209,#5210,.T.);
#4150=EDGE_CURVE('',#4576,#5208,#5211,.T.);
#4151=EDGE_CURVE('',#4574,#5209,#5212,.T.);
#4152=FILL_AREA_STYLE('',(#5213));
#4153=EDGE_CURVE('',#5209,#5214,#5215,.T.);
#4154=EDGE_CURVE('',#4572,#5214,#5216,.T.);
#4155=FILL_AREA_STYLE('',(#5217));
#4156=EDGE_CURVE('',#5214,#5218,#5219,.T.);
#4157=EDGE_CURVE('',#4570,#5218,#5220,.T.);
#4158=FILL_AREA_STYLE('',(#5221));
#4159=EDGE_CURVE('',#5218,#5222,#5223,.T.);
#4160=EDGE_CURVE('',#4568,#5222,#5224,.T.);
#4161=FILL_AREA_STYLE('',(#5225));
#4162=EDGE_CURVE('',#5222,#5226,#5227,.T.);
#4163=EDGE_CURVE('',#4566,#5226,#5228,.T.);
#4164=FILL_AREA_STYLE('',(#5229));
#4165=EDGE_CURVE('',#5226,#5230,#5231,.T.);
#4166=EDGE_CURVE('',#4564,#5230,#5232,.T.);
#4167=FILL_AREA_STYLE('',(#5233));
#4168=EDGE_CURVE('',#5230,#5234,#5235,.T.);
#4169=EDGE_CURVE('',#4562,#5234,#5236,.T.);
#4170=FILL_AREA_STYLE('',(#5237));
#4171=EDGE_CURVE('',#5234,#5178,#5238,.T.);
#4172=FILL_AREA_STYLE('',(#5239));
#4173=EDGE_CURVE('',#5208,#5138,#5240,.T.);
#4174=FILL_AREA_STYLE('',(#5241));
#4175=EDGE_CURVE('',#4784,#5242,#5243,.T.);
#4176=EDGE_CURVE('',#4544,#5242,#5244,.T.);
#4177=FILL_AREA_STYLE('',(#5245));
#4178=EDGE_CURVE('',#5242,#5204,#5246,.T.);
#4179=FILL_AREA_STYLE('',(#5247));
#4180=EDGE_CURVE('',#5174,#5248,#5249,.T.);
#4181=EDGE_CURVE('',#4612,#5248,#5250,.T.);
#4182=FILL_AREA_STYLE('',(#5251));
#4183=EDGE_CURVE('',#5248,#4878,#5252,.T.);
#4184=FILL_AREA_STYLE('',(#5253));
#4185=EDGE_CURVE('',#4978,#5254,#5255,.T.);
#4186=EDGE_CURVE('',#4680,#5254,#5256,.T.);
#4187=FILL_AREA_STYLE('',(#5257));
#4188=EDGE_CURVE('',#5254,#5008,#5258,.T.);
#4189=FILL_AREA_STYLE('',(#5259));
#4190=EDGE_CURVE('',#5108,#5260,#5261,.T.);
#4191=EDGE_CURVE('',#4748,#5260,#5262,.T.);
#4192=FILL_AREA_STYLE('',(#5263));
#4193=EDGE_CURVE('',#5260,#4814,#5264,.T.);
#4194=FILL_AREA_STYLE('',(#5265));
#4195=FILL_AREA_STYLE('',(#5266));
#4196=FILL_AREA_STYLE_COLOUR('',#5267);
#4197=VERTEX_POINT('',#5268);
#4198=VERTEX_POINT('',#5269);
#4199=LINE('',#5270,#5271);
#4200=VERTEX_POINT('',#5272);
#4201=CIRCLE('',#5273,2.15);
#4202=VERTEX_POINT('',#5274);
#4203=LINE('',#5275,#5276);
#4204=CIRCLE('',#5277,2.15);
#4205=FILL_AREA_STYLE_COLOUR('',#5278);
#4206=VERTEX_POINT('',#5279);
#4207=VERTEX_POINT('',#5280);
#4208=LINE('',#5281,#5282);
#4209=VERTEX_POINT('',#5283);
#4210=CIRCLE('',#5284,2.15);
#4211=VERTEX_POINT('',#5285);
#4212=LINE('',#5286,#5287);
#4213=CIRCLE('',#5288,2.15);
#4214=FILL_AREA_STYLE_COLOUR('',#5289);
#4215=VERTEX_POINT('',#5290);
#4216=VERTEX_POINT('',#5291);
#4217=LINE('',#5292,#5293);
#4218=VERTEX_POINT('',#5294);
#4219=CIRCLE('',#5295,2.15);
#4220=VERTEX_POINT('',#5296);
#4221=LINE('',#5297,#5298);
#4222=CIRCLE('',#5299,2.15);
#4223=FILL_AREA_STYLE_COLOUR('',#5300);
#4224=VERTEX_POINT('',#5301);
#4225=VERTEX_POINT('',#5302);
#4226=LINE('',#5303,#5304);
#4227=VERTEX_POINT('',#5305);
#4228=CIRCLE('',#5306,2.15);
#4229=VERTEX_POINT('',#5307);
#4230=LINE('',#5308,#5309);
#4231=CIRCLE('',#5310,2.15);
#4232=FILL_AREA_STYLE_COLOUR('',#5311);
#4233=VERTEX_POINT('',#5312);
#4234=VERTEX_POINT('',#5313);
#4235=CIRCLE('',#5314,1.99999999664394);
#4236=VERTEX_POINT('',#5315);
#4237=LINE('',#5316,#5317);
#4238=VERTEX_POINT('',#5318);
#4239=CIRCLE('',#5319,1.99999999664394);
#4240=LINE('',#5320,#5321);
#4241=FILL_AREA_STYLE_COLOUR('',#5322);
#4242=VERTEX_POINT('',#5323);
#4243=LINE('',#5324,#5325);
#4244=VERTEX_POINT('',#5326);
#4245=LINE('',#5327,#5328);
#4246=LINE('',#5329,#5330);
#4247=FILL_AREA_STYLE_COLOUR('',#5331);
#4248=VERTEX_POINT('',#5332);
#4249=CIRCLE('',#5333,3.0);
#4250=VERTEX_POINT('',#5334);
#4251=CIRCLE('',#5335,3.0);
#4252=LINE('',#5336,#5337);
#4253=FILL_AREA_STYLE_COLOUR('',#5338);
#4254=VERTEX_POINT('',#5339);
#4255=LINE('',#5340,#5341);
#4256=VERTEX_POINT('',#5342);
#4257=LINE('',#5343,#5344);
#4258=LINE('',#5345,#5346);
#4259=FILL_AREA_STYLE_COLOUR('',#5347);
#4260=VERTEX_POINT('',#5348);
#4261=LINE('',#5349,#5350);
#4262=VERTEX_POINT('',#5351);
#4263=LINE('',#5352,#5353);
#4264=LINE('',#5354,#5355);
#4265=FILL_AREA_STYLE_COLOUR('',#5356);
#4266=VERTEX_POINT('',#5357);
#4267=LINE('',#5358,#5359);
#4268=VERTEX_POINT('',#5360);
#4269=LINE('',#5361,#5362);
#4270=LINE('',#5363,#5364);
#4271=FILL_AREA_STYLE_COLOUR('',#5365);
#4272=VERTEX_POINT('',#5366);
#4273=CIRCLE('',#5367,2.99999999496588);
#4274=VERTEX_POINT('',#5368);
#4275=CIRCLE('',#5369,2.99999999496588);
#4276=LINE('',#5370,#5371);
#4277=FILL_AREA_STYLE_COLOUR('',#5372);
#4278=VERTEX_POINT('',#5373);
#4279=LINE('',#5374,#5375);
#4280=VERTEX_POINT('',#5376);
#4281=LINE('',#5377,#5378);
#4282=LINE('',#5379,#5380);
#4283=FILL_AREA_STYLE_COLOUR('',#5381);
#4284=VERTEX_POINT('',#5382);
#4285=CIRCLE('',#5383,1.99999999664395);
#4286=VERTEX_POINT('',#5384);
#4287=CIRCLE('',#5385,1.99999999664395);
#4288=LINE('',#5386,#5387);
#4289=FILL_AREA_STYLE_COLOUR('',#5388);
#4290=VERTEX_POINT('',#5389);
#4291=LINE('',#5390,#5391);
#4292=VERTEX_POINT('',#5392);
#4293=LINE('',#5393,#5394);
#4294=LINE('',#5395,#5396);
#4295=FILL_AREA_STYLE_COLOUR('',#5397);
#4296=VERTEX_POINT('',#5398);
#4297=CIRCLE('',#5399,3.0);
#4298=VERTEX_POINT('',#5400);
#4299=CIRCLE('',#5401,3.0);
#4300=LINE('',#5402,#5403);
#4301=FILL_AREA_STYLE_COLOUR('',#5404);
#4302=VERTEX_POINT('',#5405);
#4303=LINE('',#5406,#5407);
#4304=VERTEX_POINT('',#5408);
#4305=LINE('',#5409,#5410);
#4306=LINE('',#5411,#5412);
#4307=FILL_AREA_STYLE_COLOUR('',#5413);
#4308=VERTEX_POINT('',#5414);
#4309=LINE('',#5415,#5416);
#4310=VERTEX_POINT('',#5417);
#4311=LINE('',#5418,#5419);
#4312=LINE('',#5420,#5421);
#4313=FILL_AREA_STYLE_COLOUR('',#5422);
#4314=VERTEX_POINT('',#5423);
#4315=LINE('',#5424,#5425);
#4316=VERTEX_POINT('',#5426);
#4317=LINE('',#5427,#5428);
#4318=LINE('',#5429,#5430);
#4319=FILL_AREA_STYLE_COLOUR('',#5431);
#4320=VERTEX_POINT('',#5432);
#4321=LINE('',#5433,#5434);
#4322=VERTEX_POINT('',#5435);
#4323=LINE('',#5436,#5437);
#4324=LINE('',#5438,#5439);
#4325=FILL_AREA_STYLE_COLOUR('',#5440);
#4326=VERTEX_POINT('',#5441);
#4327=CIRCLE('',#5442,2.99999999496585);
#4328=VERTEX_POINT('',#5443);
#4329=CIRCLE('',#5444,2.99999999496585);
#4330=LINE('',#5445,#5446);
#4331=FILL_AREA_STYLE_COLOUR('',#5447);
#4332=VERTEX_POINT('',#5448);
#4333=LINE('',#5449,#5450);
#4334=VERTEX_POINT('',#5451);
#4335=LINE('',#5452,#5453);
#4336=LINE('',#5454,#5455);
#4337=FILL_AREA_STYLE_COLOUR('',#5456);
#4338=VERTEX_POINT('',#5457);
#4339=CIRCLE('',#5458,1.99999999664394);
#4340=VERTEX_POINT('',#5459);
#4341=CIRCLE('',#5460,1.99999999664394);
#4342=LINE('',#5461,#5462);
#4343=FILL_AREA_STYLE_COLOUR('',#5463);
#4344=VERTEX_POINT('',#5464);
#4345=LINE('',#5465,#5466);
#4346=VERTEX_POINT('',#5467);
#4347=LINE('',#5468,#5469);
#4348=LINE('',#5470,#5471);
#4349=FILL_AREA_STYLE_COLOUR('',#5472);
#4350=VERTEX_POINT('',#5473);
#4351=CIRCLE('',#5474,3.00000000000001);
#4352=VERTEX_POINT('',#5475);
#4353=CIRCLE('',#5476,3.00000000000001);
#4354=LINE('',#5477,#5478);
#4355=FILL_AREA_STYLE_COLOUR('',#5479);
#4356=VERTEX_POINT('',#5480);
#4357=LINE('',#5481,#5482);
#4358=VERTEX_POINT('',#5483);
#4359=LINE('',#5484,#5485);
#4360=LINE('',#5486,#5487);
#4361=FILL_AREA_STYLE_COLOUR('',#5488);
#4362=VERTEX_POINT('',#5489);
#4363=LINE('',#5490,#5491);
#4364=VERTEX_POINT('',#5492);
#4365=LINE('',#5493,#5494);
#4366=LINE('',#5495,#5496);
#4367=FILL_AREA_STYLE_COLOUR('',#5497);
#4368=VERTEX_POINT('',#5498);
#4369=LINE('',#5499,#5500);
#4370=VERTEX_POINT('',#5501);
#4371=LINE('',#5502,#5503);
#4372=LINE('',#5504,#5505);
#4373=FILL_AREA_STYLE_COLOUR('',#5506);
#4374=VERTEX_POINT('',#5507);
#4375=LINE('',#5508,#5509);
#4376=VERTEX_POINT('',#5510);
#4377=LINE('',#5511,#5512);
#4378=LINE('',#5513,#5514);
#4379=FILL_AREA_STYLE_COLOUR('',#5515);
#4380=VERTEX_POINT('',#5516);
#4381=CIRCLE('',#5517,2.9999999949659);
#4382=VERTEX_POINT('',#5518);
#4383=CIRCLE('',#5519,2.9999999949659);
#4384=LINE('',#5520,#5521);
#4385=FILL_AREA_STYLE_COLOUR('',#5522);
#4386=VERTEX_POINT('',#5523);
#4387=LINE('',#5524,#5525);
#4388=VERTEX_POINT('',#5526);
#4389=LINE('',#5527,#5528);
#4390=LINE('',#5529,#5530);
#4391=FILL_AREA_STYLE_COLOUR('',#5531);
#4392=VERTEX_POINT('',#5532);
#4393=CIRCLE('',#5533,1.99999999664394);
#4394=VERTEX_POINT('',#5534);
#4395=CIRCLE('',#5535,1.99999999664394);
#4396=LINE('',#5536,#5537);
#4397=FILL_AREA_STYLE_COLOUR('',#5538);
#4398=VERTEX_POINT('',#5539);
#4399=LINE('',#5540,#5541);
#4400=VERTEX_POINT('',#5542);
#4401=LINE('',#5543,#5544);
#4402=LINE('',#5545,#5546);
#4403=FILL_AREA_STYLE_COLOUR('',#5547);
#4404=VERTEX_POINT('',#5548);
#4405=CIRCLE('',#5549,3.0);
#4406=VERTEX_POINT('',#5550);
#4407=CIRCLE('',#5551,3.0);
#4408=LINE('',#5552,#5553);
#4409=FILL_AREA_STYLE_COLOUR('',#5554);
#4410=VERTEX_POINT('',#5555);
#4411=LINE('',#5556,#5557);
#4412=VERTEX_POINT('',#5558);
#4413=LINE('',#5559,#5560);
#4414=LINE('',#5561,#5562);
#4415=FILL_AREA_STYLE_COLOUR('',#5563);
#4416=VERTEX_POINT('',#5564);
#4417=LINE('',#5565,#5566);
#4418=VERTEX_POINT('',#5567);
#4419=LINE('',#5568,#5569);
#4420=LINE('',#5570,#5571);
#4421=FILL_AREA_STYLE_COLOUR('',#5572);
#4422=VERTEX_POINT('',#5573);
#4423=LINE('',#5574,#5575);
#4424=VERTEX_POINT('',#5576);
#4425=LINE('',#5577,#5578);
#4426=LINE('',#5579,#5580);
#4427=FILL_AREA_STYLE_COLOUR('',#5581);
#4428=VERTEX_POINT('',#5582);
#4429=CIRCLE('',#5583,2.99999999496591);
#4430=VERTEX_POINT('',#5584);
#4431=CIRCLE('',#5585,2.99999999496591);
#4432=LINE('',#5586,#5587);
#4433=FILL_AREA_STYLE_COLOUR('',#5588);
#4434=LINE('',#5589,#5590);
#4435=LINE('',#5591,#5592);
#4436=FILL_AREA_STYLE_COLOUR('',#5593);
#4437=CIRCLE('',#5594,2.15);
#4438=CIRCLE('',#5595,2.15);
#4439=FILL_AREA_STYLE_COLOUR('',#5596);
#4440=CIRCLE('',#5597,2.15);
#4441=CIRCLE('',#5598,2.15);
#4442=FILL_AREA_STYLE_COLOUR('',#5599);
#4443=CIRCLE('',#5600,2.15);
#4444=CIRCLE('',#5601,2.15);
#4445=FILL_AREA_STYLE_COLOUR('',#5602);
#4446=CIRCLE('',#5603,2.15);
#4447=CIRCLE('',#5604,2.15);
#4448=FILL_AREA_STYLE_COLOUR('',#5605);
#4449=VERTEX_POINT('',#5606);
#4450=VERTEX_POINT('',#5607);
#4451=CIRCLE('',#5608,2.99999999999999);
#4452=VERTEX_POINT('',#5609);
#4453=LINE('',#5610,#5611);
#4454=VERTEX_POINT('',#5612);
#4455=CIRCLE('',#5613,2.99999999999999);
#4456=LINE('',#5614,#5615);
#4457=FILL_AREA_STYLE_COLOUR('',#5616);
#4458=VERTEX_POINT('',#5617);
#4459=LINE('',#5618,#5619);
#4460=VERTEX_POINT('',#5620);
#4461=LINE('',#5621,#5622);
#4462=LINE('',#5623,#5624);
#4463=FILL_AREA_STYLE_COLOUR('',#5625);
#4464=VERTEX_POINT('',#5626);
#4465=CIRCLE('',#5627,0.832411604103561);
#4466=VERTEX_POINT('',#5628);
#4467=CIRCLE('',#5629,0.832411604103561);
#4468=LINE('',#5630,#5631);
#4469=FILL_AREA_STYLE_COLOUR('',#5632);
#4470=VERTEX_POINT('',#5633);
#4471=LINE('',#5634,#5635);
#4472=VERTEX_POINT('',#5636);
#4473=LINE('',#5637,#5638);
#4474=LINE('',#5639,#5640);
#4475=FILL_AREA_STYLE_COLOUR('',#5641);
#4476=VERTEX_POINT('',#5642);
#4477=CIRCLE('',#5643,0.3);
#4478=VERTEX_POINT('',#5644);
#4479=CIRCLE('',#5645,0.3);
#4480=LINE('',#5646,#5647);
#4481=FILL_AREA_STYLE_COLOUR('',#5648);
#4482=VERTEX_POINT('',#5649);
#4483=LINE('',#5650,#5651);
#4484=VERTEX_POINT('',#5652);
#4485=LINE('',#5653,#5654);
#4486=LINE('',#5655,#5656);
#4487=FILL_AREA_STYLE_COLOUR('',#5657);
#4488=VERTEX_POINT('',#5658);
#4489=CIRCLE('',#5659,0.799999999999998);
#4490=VERTEX_POINT('',#5660);
#4491=CIRCLE('',#5661,0.799999999999998);
#4492=LINE('',#5662,#5663);
#4493=FILL_AREA_STYLE_COLOUR('',#5664);
#4494=VERTEX_POINT('',#5665);
#4495=VERTEX_POINT('',#5666);
#4496=CIRCLE('',#5667,0.8);
#4497=VERTEX_POINT('',#5668);
#4498=LINE('',#5669,#5670);
#4499=VERTEX_POINT('',#5671);
#4500=CIRCLE('',#5672,0.8);
#4501=LINE('',#5673,#5674);
#4502=FILL_AREA_STYLE_COLOUR('',#5675);
#4503=VERTEX_POINT('',#5676);
#4504=LINE('',#5677,#5678);
#4505=VERTEX_POINT('',#5679);
#4506=LINE('',#5680,#5681);
#4507=LINE('',#5682,#5683);
#4508=FILL_AREA_STYLE_COLOUR('',#5684);
#4509=VERTEX_POINT('',#5685);
#4510=CIRCLE('',#5686,0.299999999999998);
#4511=VERTEX_POINT('',#5687);
#4512=CIRCLE('',#5688,0.299999999999998);
#4513=LINE('',#5689,#5690);
#4514=FILL_AREA_STYLE_COLOUR('',#5691);
#4515=VERTEX_POINT('',#5692);
#4516=LINE('',#5693,#5694);
#4517=VERTEX_POINT('',#5695);
#4518=LINE('',#5696,#5697);
#4519=LINE('',#5698,#5699);
#4520=FILL_AREA_STYLE_COLOUR('',#5700);
#4521=VERTEX_POINT('',#5701);
#4522=CIRCLE('',#5702,0.832411610000001);
#4523=VERTEX_POINT('',#5703);
#4524=CIRCLE('',#5704,0.832411610000001);
#4525=LINE('',#5705,#5706);
#4526=FILL_AREA_STYLE_COLOUR('',#5707);
#4527=VERTEX_POINT('',#5708);
#4528=LINE('',#5709,#5710);
#4529=VERTEX_POINT('',#5711);
#4530=LINE('',#5712,#5713);
#4531=LINE('',#5714,#5715);
#4532=FILL_AREA_STYLE_COLOUR('',#5716);
#4533=VERTEX_POINT('',#5717);
#4534=CIRCLE('',#5718,2.9999999949659);
#4535=VERTEX_POINT('',#5719);
#4536=CIRCLE('',#5720,2.9999999949659);
#4537=LINE('',#5721,#5722);
#4538=FILL_AREA_STYLE_COLOUR('',#5723);
#4539=LINE('',#5724,#5725);
#4540=LINE('',#5726,#5727);
#4541=FILL_AREA_STYLE_COLOUR('',#5728);
#4542=VERTEX_POINT('',#5729);
#4543=LINE('',#5730,#5731);
#4544=VERTEX_POINT('',#5732);
#4545=CIRCLE('',#5733,1.99999999999998);
#4546=VERTEX_POINT('',#5734);
#4547=LINE('',#5735,#5736);
#4548=VERTEX_POINT('',#5737);
#4549=CIRCLE('',#5738,0.799999999999998);
#4550=VERTEX_POINT('',#5739);
#4551=LINE('',#5740,#5741);
#4552=VERTEX_POINT('',#5742);
#4553=CIRCLE('',#5743,0.3);
#4554=VERTEX_POINT('',#5744);
#4555=LINE('',#5745,#5746);
#4556=VERTEX_POINT('',#5747);
#4557=CIRCLE('',#5748,0.832411604103561);
#4558=VERTEX_POINT('',#5749);
#4559=LINE('',#5750,#5751);
#4560=VERTEX_POINT('',#5752);
#4561=CIRCLE('',#5753,2.99999999999999);
#4562=VERTEX_POINT('',#5754);
#4563=LINE('',#5755,#5756);
#4564=VERTEX_POINT('',#5757);
#4565=CIRCLE('',#5758,2.9999999949659);
#4566=VERTEX_POINT('',#5759);
#4567=LINE('',#5760,#5761);
#4568=VERTEX_POINT('',#5762);
#4569=CIRCLE('',#5763,0.832411610000001);
#4570=VERTEX_POINT('',#5764);
#4571=LINE('',#5765,#5766);
#4572=VERTEX_POINT('',#5767);
#4573=CIRCLE('',#5768,0.299999999999998);
#4574=VERTEX_POINT('',#5769);
#4575=LINE('',#5770,#5771);
#4576=VERTEX_POINT('',#5772);
#4577=CIRCLE('',#5773,0.8);
#4578=VERTEX_POINT('',#5774);
#4579=LINE('',#5775,#5776);
#4580=VERTEX_POINT('',#5777);
#4581=CIRCLE('',#5778,0.799999999999998);
#4582=VERTEX_POINT('',#5779);
#4583=LINE('',#5780,#5781);
#4584=VERTEX_POINT('',#5782);
#4585=CIRCLE('',#5783,0.3);
#4586=VERTEX_POINT('',#5784);
#4587=LINE('',#5785,#5786);
#4588=VERTEX_POINT('',#5787);
#4589=CIRCLE('',#5788,0.832411604103561);
#4590=VERTEX_POINT('',#5789);
#4591=LINE('',#5790,#5791);
#4592=VERTEX_POINT('',#5792);
#4593=CIRCLE('',#5793,2.99999999999999);
#4594=VERTEX_POINT('',#5794);
#4595=LINE('',#5795,#5796);
#4596=VERTEX_POINT('',#5797);
#4597=CIRCLE('',#5798,2.9999999949659);
#4598=VERTEX_POINT('',#5799);
#4599=LINE('',#5800,#5801);
#4600=VERTEX_POINT('',#5802);
#4601=CIRCLE('',#5803,0.832411610000001);
#4602=VERTEX_POINT('',#5804);
#4603=LINE('',#5805,#5806);
#4604=VERTEX_POINT('',#5807);
#4605=CIRCLE('',#5808,0.299999999999998);
#4606=VERTEX_POINT('',#5809);
#4607=LINE('',#5810,#5811);
#4608=VERTEX_POINT('',#5812);
#4609=CIRCLE('',#5813,0.8);
#4610=VERTEX_POINT('',#5814);
#4611=LINE('',#5815,#5816);
#4612=VERTEX_POINT('',#5817);
#4613=CIRCLE('',#5818,1.99999999999998);
#4614=VERTEX_POINT('',#5819);
#4615=LINE('',#5820,#5821);
#4616=VERTEX_POINT('',#5822);
#4617=CIRCLE('',#5823,0.799999999999998);
#4618=VERTEX_POINT('',#5824);
#4619=LINE('',#5825,#5826);
#4620=VERTEX_POINT('',#5827);
#4621=CIRCLE('',#5828,0.3);
#4622=VERTEX_POINT('',#5829);
#4623=LINE('',#5830,#5831);
#4624=VERTEX_POINT('',#5832);
#4625=CIRCLE('',#5833,0.832411604103561);
#4626=VERTEX_POINT('',#5834);
#4627=LINE('',#5835,#5836);
#4628=VERTEX_POINT('',#5837);
#4629=CIRCLE('',#5838,2.99999999999999);
#4630=VERTEX_POINT('',#5839);
#4631=LINE('',#5840,#5841);
#4632=VERTEX_POINT('',#5842);
#4633=CIRCLE('',#5843,2.9999999949659);
#4634=VERTEX_POINT('',#5844);
#4635=LINE('',#5845,#5846);
#4636=VERTEX_POINT('',#5847);
#4637=CIRCLE('',#5848,0.832411610000001);
#4638=VERTEX_POINT('',#5849);
#4639=LINE('',#5850,#5851);
#4640=VERTEX_POINT('',#5852);
#4641=CIRCLE('',#5853,0.299999999999998);
#4642=VERTEX_POINT('',#5854);
#4643=LINE('',#5855,#5856);
#4644=VERTEX_POINT('',#5857);
#4645=CIRCLE('',#5858,0.8);
#4646=VERTEX_POINT('',#5859);
#4647=LINE('',#5860,#5861);
#4648=VERTEX_POINT('',#5862);
#4649=CIRCLE('',#5863,0.799999999999998);
#4650=VERTEX_POINT('',#5864);
#4651=LINE('',#5865,#5866);
#4652=VERTEX_POINT('',#5867);
#4653=CIRCLE('',#5868,0.3);
#4654=VERTEX_POINT('',#5869);
#4655=LINE('',#5870,#5871);
#4656=VERTEX_POINT('',#5872);
#4657=CIRCLE('',#5873,0.832411604103561);
#4658=VERTEX_POINT('',#5874);
#4659=LINE('',#5875,#5876);
#4660=VERTEX_POINT('',#5877);
#4661=CIRCLE('',#5878,2.99999999999999);
#4662=VERTEX_POINT('',#5879);
#4663=LINE('',#5880,#5881);
#4664=VERTEX_POINT('',#5882);
#4665=CIRCLE('',#5883,2.9999999949659);
#4666=VERTEX_POINT('',#5884);
#4667=LINE('',#5885,#5886);
#4668=VERTEX_POINT('',#5887);
#4669=CIRCLE('',#5888,0.832411610000001);
#4670=VERTEX_POINT('',#5889);
#4671=LINE('',#5890,#5891);
#4672=VERTEX_POINT('',#5892);
#4673=CIRCLE('',#5893,0.299999999999998);
#4674=VERTEX_POINT('',#5894);
#4675=LINE('',#5895,#5896);
#4676=VERTEX_POINT('',#5897);
#4677=CIRCLE('',#5898,0.8);
#4678=VERTEX_POINT('',#5899);
#4679=LINE('',#5900,#5901);
#4680=VERTEX_POINT('',#5902);
#4681=CIRCLE('',#5903,2.0);
#4682=VERTEX_POINT('',#5904);
#4683=LINE('',#5905,#5906);
#4684=VERTEX_POINT('',#5907);
#4685=CIRCLE('',#5908,0.799999999999998);
#4686=VERTEX_POINT('',#5909);
#4687=LINE('',#5910,#5911);
#4688=VERTEX_POINT('',#5912);
#4689=CIRCLE('',#5913,0.3);
#4690=VERTEX_POINT('',#5914);
#4691=LINE('',#5915,#5916);
#4692=VERTEX_POINT('',#5917);
#4693=CIRCLE('',#5918,0.832411604103561);
#4694=VERTEX_POINT('',#5919);
#4695=LINE('',#5920,#5921);
#4696=VERTEX_POINT('',#5922);
#4697=CIRCLE('',#5923,2.99999999999999);
#4698=VERTEX_POINT('',#5924);
#4699=LINE('',#5925,#5926);
#4700=VERTEX_POINT('',#5927);
#4701=CIRCLE('',#5928,2.9999999949659);
#4702=VERTEX_POINT('',#5929);
#4703=LINE('',#5930,#5931);
#4704=VERTEX_POINT('',#5932);
#4705=CIRCLE('',#5933,0.832411610000001);
#4706=VERTEX_POINT('',#5934);
#4707=LINE('',#5935,#5936);
#4708=VERTEX_POINT('',#5937);
#4709=CIRCLE('',#5938,0.299999999999998);
#4710=VERTEX_POINT('',#5939);
#4711=LINE('',#5940,#5941);
#4712=VERTEX_POINT('',#5942);
#4713=CIRCLE('',#5943,0.8);
#4714=VERTEX_POINT('',#5944);
#4715=LINE('',#5945,#5946);
#4716=VERTEX_POINT('',#5947);
#4717=CIRCLE('',#5948,0.799999999999998);
#4718=VERTEX_POINT('',#5949);
#4719=LINE('',#5950,#5951);
#4720=VERTEX_POINT('',#5952);
#4721=CIRCLE('',#5953,0.3);
#4722=VERTEX_POINT('',#5954);
#4723=LINE('',#5955,#5956);
#4724=VERTEX_POINT('',#5957);
#4725=CIRCLE('',#5958,0.832411604103561);
#4726=VERTEX_POINT('',#5959);
#4727=LINE('',#5960,#5961);
#4728=VERTEX_POINT('',#5962);
#4729=CIRCLE('',#5963,2.99999999999999);
#4730=VERTEX_POINT('',#5964);
#4731=LINE('',#5965,#5966);
#4732=VERTEX_POINT('',#5967);
#4733=CIRCLE('',#5968,2.9999999949659);
#4734=VERTEX_POINT('',#5969);
#4735=LINE('',#5970,#5971);
#4736=VERTEX_POINT('',#5972);
#4737=CIRCLE('',#5973,0.832411610000001);
#4738=VERTEX_POINT('',#5974);
#4739=LINE('',#5975,#5976);
#4740=VERTEX_POINT('',#5977);
#4741=CIRCLE('',#5978,0.299999999999998);
#4742=VERTEX_POINT('',#5979);
#4743=LINE('',#5980,#5981);
#4744=VERTEX_POINT('',#5982);
#4745=CIRCLE('',#5983,0.8);
#4746=VERTEX_POINT('',#5984);
#4747=LINE('',#5985,#5986);
#4748=VERTEX_POINT('',#5987);
#4749=CIRCLE('',#5988,2.0);
#4750=VERTEX_POINT('',#5989);
#4751=LINE('',#5990,#5991);
#4752=VERTEX_POINT('',#5992);
#4753=CIRCLE('',#5993,0.799999999999998);
#4754=VERTEX_POINT('',#5994);
#4755=LINE('',#5995,#5996);
#4756=VERTEX_POINT('',#5997);
#4757=CIRCLE('',#5998,0.3);
#4758=VERTEX_POINT('',#5999);
#4759=LINE('',#6000,#6001);
#4760=VERTEX_POINT('',#6002);
#4761=CIRCLE('',#6003,0.832411604103561);
#4762=VERTEX_POINT('',#6004);
#4763=LINE('',#6005,#6006);
#4764=VERTEX_POINT('',#6007);
#4765=CIRCLE('',#6008,2.99999999999999);
#4766=VERTEX_POINT('',#6009);
#4767=LINE('',#6010,#6011);
#4768=VERTEX_POINT('',#6012);
#4769=CIRCLE('',#6013,2.9999999949659);
#4770=VERTEX_POINT('',#6014);
#4771=LINE('',#6015,#6016);
#4772=VERTEX_POINT('',#6017);
#4773=CIRCLE('',#6018,0.832411610000001);
#4774=VERTEX_POINT('',#6019);
#4775=LINE('',#6020,#6021);
#4776=VERTEX_POINT('',#6022);
#4777=CIRCLE('',#6023,0.299999999999998);
#4778=VERTEX_POINT('',#6024);
#4779=LINE('',#6025,#6026);
#4780=VERTEX_POINT('',#6027);
#4781=CIRCLE('',#6028,0.8);
#4782=LINE('',#6029,#6030);
#4783=FILL_AREA_STYLE_COLOUR('',#6031);
#4784=VERTEX_POINT('',#6032);
#4785=LINE('',#6033,#6034);
#4786=LINE('',#6035,#6036);
#4787=FILL_AREA_STYLE_COLOUR('',#6037);
#4788=VERTEX_POINT('',#6038);
#4789=VERTEX_POINT('',#6039);
#4790=CIRCLE('',#6040,2.99999999999999);
#4791=LINE('',#6041,#6042);
#4792=LINE('',#6043,#6044);
#4793=FILL_AREA_STYLE_COLOUR('',#6045);
#4794=VERTEX_POINT('',#6046);
#4795=LINE('',#6047,#6048);
#4796=LINE('',#6049,#6050);
#4797=FILL_AREA_STYLE_COLOUR('',#6051);
#4798=VERTEX_POINT('',#6052);
#4799=CIRCLE('',#6053,0.832411604103561);
#4800=LINE('',#6054,#6055);
#4801=FILL_AREA_STYLE_COLOUR('',#6056);
#4802=VERTEX_POINT('',#6057);
#4803=LINE('',#6058,#6059);
#4804=LINE('',#6060,#6061);
#4805=FILL_AREA_STYLE_COLOUR('',#6062);
#4806=VERTEX_POINT('',#6063);
#4807=CIRCLE('',#6064,0.3);
#4808=LINE('',#6065,#6066);
#4809=FILL_AREA_STYLE_COLOUR('',#6067);
#4810=VERTEX_POINT('',#6068);
#4811=LINE('',#6069,#6070);
#4812=LINE('',#6071,#6072);
#4813=FILL_AREA_STYLE_COLOUR('',#6073);
#4814=VERTEX_POINT('',#6074);
#4815=CIRCLE('',#6075,0.799999999999998);
#4816=LINE('',#6076,#6077);
#4817=FILL_AREA_STYLE_COLOUR('',#6078);
#4818=VERTEX_POINT('',#6079);
#4819=VERTEX_POINT('',#6080);
#4820=CIRCLE('',#6081,0.8);
#4821=LINE('',#6082,#6083);
#4822=LINE('',#6084,#6085);
#4823=FILL_AREA_STYLE_COLOUR('',#6086);
#4824=VERTEX_POINT('',#6087);
#4825=LINE('',#6088,#6089);
#4826=LINE('',#6090,#6091);
#4827=FILL_AREA_STYLE_COLOUR('',#6092);
#4828=VERTEX_POINT('',#6093);
#4829=CIRCLE('',#6094,0.299999999999998);
#4830=LINE('',#6095,#6096);
#4831=FILL_AREA_STYLE_COLOUR('',#6097);
#4832=VERTEX_POINT('',#6098);
#4833=LINE('',#6099,#6100);
#4834=LINE('',#6101,#6102);
#4835=FILL_AREA_STYLE_COLOUR('',#6103);
#4836=VERTEX_POINT('',#6104);
#4837=CIRCLE('',#6105,0.832411610000001);
#4838=LINE('',#6106,#6107);
#4839=FILL_AREA_STYLE_COLOUR('',#6108);
#4840=VERTEX_POINT('',#6109);
#4841=LINE('',#6110,#6111);
#4842=LINE('',#6112,#6113);
#4843=FILL_AREA_STYLE_COLOUR('',#6114);
#4844=VERTEX_POINT('',#6115);
#4845=CIRCLE('',#6116,2.9999999949659);
#4846=LINE('',#6117,#6118);
#4847=FILL_AREA_STYLE_COLOUR('',#6119);
#4848=LINE('',#6120,#6121);
#4849=FILL_AREA_STYLE_COLOUR('',#6122);
#4850=LINE('',#6123,#6124);
#4851=FILL_AREA_STYLE_COLOUR('',#6125);
#4852=VERTEX_POINT('',#6126);
#4853=VERTEX_POINT('',#6127);
#4854=CIRCLE('',#6128,2.99999999999999);
#4855=LINE('',#6129,#6130);
#4856=LINE('',#6131,#6132);
#4857=FILL_AREA_STYLE_COLOUR('',#6133);
#4858=VERTEX_POINT('',#6134);
#4859=LINE('',#6135,#6136);
#4860=LINE('',#6137,#6138);
#4861=FILL_AREA_STYLE_COLOUR('',#6139);
#4862=VERTEX_POINT('',#6140);
#4863=CIRCLE('',#6141,0.832411604103561);
#4864=LINE('',#6142,#6143);
#4865=FILL_AREA_STYLE_COLOUR('',#6144);
#4866=VERTEX_POINT('',#6145);
#4867=LINE('',#6146,#6147);
#4868=LINE('',#6148,#6149);
#4869=FILL_AREA_STYLE_COLOUR('',#6150);
#4870=VERTEX_POINT('',#6151);
#4871=CIRCLE('',#6152,0.3);
#4872=LINE('',#6153,#6154);
#4873=FILL_AREA_STYLE_COLOUR('',#6155);
#4874=VERTEX_POINT('',#6156);
#4875=LINE('',#6157,#6158);
#4876=LINE('',#6159,#6160);
#4877=FILL_AREA_STYLE_COLOUR('',#6161);
#4878=VERTEX_POINT('',#6162);
#4879=CIRCLE('',#6163,0.799999999999998);
#4880=LINE('',#6164,#6165);
#4881=FILL_AREA_STYLE_COLOUR('',#6166);
#4882=VERTEX_POINT('',#6167);
#4883=VERTEX_POINT('',#6168);
#4884=CIRCLE('',#6169,0.8);
#4885=LINE('',#6170,#6171);
#4886=LINE('',#6172,#6173);
#4887=FILL_AREA_STYLE_COLOUR('',#6174);
#4888=VERTEX_POINT('',#6175);
#4889=LINE('',#6176,#6177);
#4890=LINE('',#6178,#6179);
#4891=FILL_AREA_STYLE_COLOUR('',#6180);
#4892=VERTEX_POINT('',#6181);
#4893=CIRCLE('',#6182,0.299999999999998);
#4894=LINE('',#6183,#6184);
#4895=FILL_AREA_STYLE_COLOUR('',#6185);
#4896=VERTEX_POINT('',#6186);
#4897=LINE('',#6187,#6188);
#4898=LINE('',#6189,#6190);
#4899=FILL_AREA_STYLE_COLOUR('',#6191);
#4900=VERTEX_POINT('',#6192);
#4901=CIRCLE('',#6193,0.832411610000001);
#4902=LINE('',#6194,#6195);
#4903=FILL_AREA_STYLE_COLOUR('',#6196);
#4904=VERTEX_POINT('',#6197);
#4905=LINE('',#6198,#6199);
#4906=LINE('',#6200,#6201);
#4907=FILL_AREA_STYLE_COLOUR('',#6202);
#4908=VERTEX_POINT('',#6203);
#4909=CIRCLE('',#6204,2.9999999949659);
#4910=LINE('',#6205,#6206);
#4911=FILL_AREA_STYLE_COLOUR('',#6207);
#4912=LINE('',#6208,#6209);
#4913=FILL_AREA_STYLE_COLOUR('',#6210);
#4914=VERTEX_POINT('',#6211);
#4915=LINE('',#6212,#6213);
#4916=LINE('',#6214,#6215);
#4917=FILL_AREA_STYLE_COLOUR('',#6216);
#4918=VERTEX_POINT('',#6217);
#4919=VERTEX_POINT('',#6218);
#4920=CIRCLE('',#6219,2.99999999999999);
#4921=LINE('',#6220,#6221);
#4922=LINE('',#6222,#6223);
#4923=FILL_AREA_STYLE_COLOUR('',#6224);
#4924=VERTEX_POINT('',#6225);
#4925=LINE('',#6226,#6227);
#4926=LINE('',#6228,#6229);
#4927=FILL_AREA_STYLE_COLOUR('',#6230);
#4928=VERTEX_POINT('',#6231);
#4929=CIRCLE('',#6232,0.832411604103561);
#4930=LINE('',#6233,#6234);
#4931=FILL_AREA_STYLE_COLOUR('',#6235);
#4932=VERTEX_POINT('',#6236);
#4933=LINE('',#6237,#6238);
#4934=LINE('',#6239,#6240);
#4935=FILL_AREA_STYLE_COLOUR('',#6241);
#4936=VERTEX_POINT('',#6242);
#4937=CIRCLE('',#6243,0.3);
#4938=LINE('',#6244,#6245);
#4939=FILL_AREA_STYLE_COLOUR('',#6246);
#4940=VERTEX_POINT('',#6247);
#4941=LINE('',#6248,#6249);
#4942=LINE('',#6250,#6251);
#4943=FILL_AREA_STYLE_COLOUR('',#6252);
#4944=CIRCLE('',#6253,0.799999999999998);
#4945=FILL_AREA_STYLE_COLOUR('',#6254);
#4946=VERTEX_POINT('',#6255);
#4947=VERTEX_POINT('',#6256);
#4948=CIRCLE('',#6257,0.8);
#4949=LINE('',#6258,#6259);
#4950=LINE('',#6260,#6261);
#4951=FILL_AREA_STYLE_COLOUR('',#6262);
#4952=VERTEX_POINT('',#6263);
#4953=LINE('',#6264,#6265);
#4954=LINE('',#6266,#6267);
#4955=FILL_AREA_STYLE_COLOUR('',#6268);
#4956=VERTEX_POINT('',#6269);
#4957=CIRCLE('',#6270,0.299999999999998);
#4958=LINE('',#6271,#6272);
#4959=FILL_AREA_STYLE_COLOUR('',#6273);
#4960=VERTEX_POINT('',#6274);
#4961=LINE('',#6275,#6276);
#4962=LINE('',#6277,#6278);
#4963=FILL_AREA_STYLE_COLOUR('',#6279);
#4964=VERTEX_POINT('',#6280);
#4965=CIRCLE('',#6281,0.832411610000001);
#4966=LINE('',#6282,#6283);
#4967=FILL_AREA_STYLE_COLOUR('',#6284);
#4968=VERTEX_POINT('',#6285);
#4969=LINE('',#6286,#6287);
#4970=LINE('',#6288,#6289);
#4971=FILL_AREA_STYLE_COLOUR('',#6290);
#4972=VERTEX_POINT('',#6291);
#4973=CIRCLE('',#6292,2.9999999949659);
#4974=LINE('',#6293,#6294);
#4975=FILL_AREA_STYLE_COLOUR('',#6295);
#4976=LINE('',#6296,#6297);
#4977=FILL_AREA_STYLE_COLOUR('',#6298);
#4978=VERTEX_POINT('',#6299);
#4979=LINE('',#6300,#6301);
#4980=LINE('',#6302,#6303);
#4981=FILL_AREA_STYLE_COLOUR('',#6304);
#4982=VERTEX_POINT('',#6305);
#4983=VERTEX_POINT('',#6306);
#4984=CIRCLE('',#6307,2.99999999999999);
#4985=LINE('',#6308,#6309);
#4986=LINE('',#6310,#6311);
#4987=FILL_AREA_STYLE_COLOUR('',#6312);
#4988=VERTEX_POINT('',#6313);
#4989=LINE('',#6314,#6315);
#4990=LINE('',#6316,#6317);
#4991=FILL_AREA_STYLE_COLOUR('',#6318);
#4992=VERTEX_POINT('',#6319);
#4993=CIRCLE('',#6320,0.832411604103561);
#4994=LINE('',#6321,#6322);
#4995=FILL_AREA_STYLE_COLOUR('',#6323);
#4996=VERTEX_POINT('',#6324);
#4997=LINE('',#6325,#6326);
#4998=LINE('',#6327,#6328);
#4999=FILL_AREA_STYLE_COLOUR('',#6329);
#5000=VERTEX_POINT('',#6330);
#5001=CIRCLE('',#6331,0.3);
#5002=LINE('',#6332,#6333);
#5003=FILL_AREA_STYLE_COLOUR('',#6334);
#5004=VERTEX_POINT('',#6335);
#5005=LINE('',#6336,#6337);
#5006=LINE('',#6338,#6339);
#5007=FILL_AREA_STYLE_COLOUR('',#6340);
#5008=VERTEX_POINT('',#6341);
#5009=CIRCLE('',#6342,0.799999999999998);
#5010=LINE('',#6343,#6344);
#5011=FILL_AREA_STYLE_COLOUR('',#6345);
#5012=VERTEX_POINT('',#6346);
#5013=VERTEX_POINT('',#6347);
#5014=CIRCLE('',#6348,0.8);
#5015=LINE('',#6349,#6350);
#5016=LINE('',#6351,#6352);
#5017=FILL_AREA_STYLE_COLOUR('',#6353);
#5018=VERTEX_POINT('',#6354);
#5019=LINE('',#6355,#6356);
#5020=LINE('',#6357,#6358);
#5021=FILL_AREA_STYLE_COLOUR('',#6359);
#5022=VERTEX_POINT('',#6360);
#5023=CIRCLE('',#6361,0.299999999999998);
#5024=LINE('',#6362,#6363);
#5025=FILL_AREA_STYLE_COLOUR('',#6364);
#5026=VERTEX_POINT('',#6365);
#5027=LINE('',#6366,#6367);
#5028=LINE('',#6368,#6369);
#5029=FILL_AREA_STYLE_COLOUR('',#6370);
#5030=VERTEX_POINT('',#6371);
#5031=CIRCLE('',#6372,0.832411610000001);
#5032=LINE('',#6373,#6374);
#5033=FILL_AREA_STYLE_COLOUR('',#6375);
#5034=VERTEX_POINT('',#6376);
#5035=LINE('',#6377,#6378);
#5036=LINE('',#6379,#6380);
#5037=FILL_AREA_STYLE_COLOUR('',#6381);
#5038=VERTEX_POINT('',#6382);
#5039=CIRCLE('',#6383,2.9999999949659);
#5040=LINE('',#6384,#6385);
#5041=FILL_AREA_STYLE_COLOUR('',#6386);
#5042=LINE('',#6387,#6388);
#5043=FILL_AREA_STYLE_COLOUR('',#6389);
#5044=VERTEX_POINT('',#6390);
#5045=LINE('',#6391,#6392);
#5046=LINE('',#6393,#6394);
#5047=FILL_AREA_STYLE_COLOUR('',#6395);
#5048=VERTEX_POINT('',#6396);
#5049=VERTEX_POINT('',#6397);
#5050=CIRCLE('',#6398,2.99999999999999);
#5051=LINE('',#6399,#6400);
#5052=LINE('',#6401,#6402);
#5053=FILL_AREA_STYLE_COLOUR('',#6403);
#5054=VERTEX_POINT('',#6404);
#5055=LINE('',#6405,#6406);
#5056=LINE('',#6407,#6408);
#5057=FILL_AREA_STYLE_COLOUR('',#6409);
#5058=VERTEX_POINT('',#6410);
#5059=CIRCLE('',#6411,0.832411604103561);
#5060=LINE('',#6412,#6413);
#5061=FILL_AREA_STYLE_COLOUR('',#6414);
#5062=VERTEX_POINT('',#6415);
#5063=LINE('',#6416,#6417);
#5064=LINE('',#6418,#6419);
#5065=FILL_AREA_STYLE_COLOUR('',#6420);
#5066=VERTEX_POINT('',#6421);
#5067=CIRCLE('',#6422,0.3);
#5068=LINE('',#6423,#6424);
#5069=FILL_AREA_STYLE_COLOUR('',#6425);
#5070=VERTEX_POINT('',#6426);
#5071=LINE('',#6427,#6428);
#5072=LINE('',#6429,#6430);
#5073=FILL_AREA_STYLE_COLOUR('',#6431);
#5074=CIRCLE('',#6432,0.799999999999998);
#5075=FILL_AREA_STYLE_COLOUR('',#6433);
#5076=VERTEX_POINT('',#6434);
#5077=VERTEX_POINT('',#6435);
#5078=CIRCLE('',#6436,0.8);
#5079=LINE('',#6437,#6438);
#5080=LINE('',#6439,#6440);
#5081=FILL_AREA_STYLE_COLOUR('',#6441);
#5082=VERTEX_POINT('',#6442);
#5083=LINE('',#6443,#6444);
#5084=LINE('',#6445,#6446);
#5085=FILL_AREA_STYLE_COLOUR('',#6447);
#5086=VERTEX_POINT('',#6448);
#5087=CIRCLE('',#6449,0.299999999999998);
#5088=LINE('',#6450,#6451);
#5089=FILL_AREA_STYLE_COLOUR('',#6452);
#5090=VERTEX_POINT('',#6453);
#5091=LINE('',#6454,#6455);
#5092=LINE('',#6456,#6457);
#5093=FILL_AREA_STYLE_COLOUR('',#6458);
#5094=VERTEX_POINT('',#6459);
#5095=CIRCLE('',#6460,0.832411610000001);
#5096=LINE('',#6461,#6462);
#5097=FILL_AREA_STYLE_COLOUR('',#6463);
#5098=VERTEX_POINT('',#6464);
#5099=LINE('',#6465,#6466);
#5100=LINE('',#6467,#6468);
#5101=FILL_AREA_STYLE_COLOUR('',#6469);
#5102=VERTEX_POINT('',#6470);
#5103=CIRCLE('',#6471,2.9999999949659);
#5104=LINE('',#6472,#6473);
#5105=FILL_AREA_STYLE_COLOUR('',#6474);
#5106=LINE('',#6475,#6476);
#5107=FILL_AREA_STYLE_COLOUR('',#6477);
#5108=VERTEX_POINT('',#6478);
#5109=LINE('',#6479,#6480);
#5110=LINE('',#6481,#6482);
#5111=FILL_AREA_STYLE_COLOUR('',#6483);
#5112=VERTEX_POINT('',#6484);
#5113=VERTEX_POINT('',#6485);
#5114=CIRCLE('',#6486,2.99999999999999);
#5115=LINE('',#6487,#6488);
#5116=LINE('',#6489,#6490);
#5117=FILL_AREA_STYLE_COLOUR('',#6491);
#5118=VERTEX_POINT('',#6492);
#5119=LINE('',#6493,#6494);
#5120=LINE('',#6495,#6496);
#5121=FILL_AREA_STYLE_COLOUR('',#6497);
#5122=VERTEX_POINT('',#6498);
#5123=CIRCLE('',#6499,0.832411604103561);
#5124=LINE('',#6500,#6501);
#5125=FILL_AREA_STYLE_COLOUR('',#6502);
#5126=VERTEX_POINT('',#6503);
#5127=LINE('',#6504,#6505);
#5128=LINE('',#6506,#6507);
#5129=FILL_AREA_STYLE_COLOUR('',#6508);
#5130=VERTEX_POINT('',#6509);
#5131=CIRCLE('',#6510,0.3);
#5132=LINE('',#6511,#6512);
#5133=FILL_AREA_STYLE_COLOUR('',#6513);
#5134=VERTEX_POINT('',#6514);
#5135=LINE('',#6515,#6516);
#5136=LINE('',#6517,#6518);
#5137=FILL_AREA_STYLE_COLOUR('',#6519);
#5138=VERTEX_POINT('',#6520);
#5139=CIRCLE('',#6521,0.799999999999998);
#5140=LINE('',#6522,#6523);
#5141=FILL_AREA_STYLE_COLOUR('',#6524);
#5142=VERTEX_POINT('',#6525);
#5143=VERTEX_POINT('',#6526);
#5144=CIRCLE('',#6527,0.8);
#5145=LINE('',#6528,#6529);
#5146=LINE('',#6530,#6531);
#5147=FILL_AREA_STYLE_COLOUR('',#6532);
#5148=VERTEX_POINT('',#6533);
#5149=LINE('',#6534,#6535);
#5150=LINE('',#6536,#6537);
#5151=FILL_AREA_STYLE_COLOUR('',#6538);
#5152=VERTEX_POINT('',#6539);
#5153=CIRCLE('',#6540,0.299999999999998);
#5154=LINE('',#6541,#6542);
#5155=FILL_AREA_STYLE_COLOUR('',#6543);
#5156=VERTEX_POINT('',#6544);
#5157=LINE('',#6545,#6546);
#5158=LINE('',#6547,#6548);
#5159=FILL_AREA_STYLE_COLOUR('',#6549);
#5160=VERTEX_POINT('',#6550);
#5161=CIRCLE('',#6551,0.832411610000001);
#5162=LINE('',#6552,#6553);
#5163=FILL_AREA_STYLE_COLOUR('',#6554);
#5164=VERTEX_POINT('',#6555);
#5165=LINE('',#6556,#6557);
#5166=LINE('',#6558,#6559);
#5167=FILL_AREA_STYLE_COLOUR('',#6560);
#5168=VERTEX_POINT('',#6561);
#5169=CIRCLE('',#6562,2.9999999949659);
#5170=LINE('',#6563,#6564);
#5171=FILL_AREA_STYLE_COLOUR('',#6565);
#5172=LINE('',#6566,#6567);
#5173=FILL_AREA_STYLE_COLOUR('',#6568);
#5174=VERTEX_POINT('',#6569);
#5175=LINE('',#6570,#6571);
#5176=LINE('',#6572,#6573);
#5177=FILL_AREA_STYLE_COLOUR('',#6574);
#5178=VERTEX_POINT('',#6575);
#5179=VERTEX_POINT('',#6576);
#5180=CIRCLE('',#6577,2.99999999999999);
#5181=LINE('',#6578,#6579);
#5182=LINE('',#6580,#6581);
#5183=FILL_AREA_STYLE_COLOUR('',#6582);
#5184=VERTEX_POINT('',#6583);
#5185=LINE('',#6584,#6585);
#5186=LINE('',#6586,#6587);
#5187=FILL_AREA_STYLE_COLOUR('',#6588);
#5188=VERTEX_POINT('',#6589);
#5189=CIRCLE('',#6590,0.832411604103561);
#5190=LINE('',#6591,#6592);
#5191=FILL_AREA_STYLE_COLOUR('',#6593);
#5192=VERTEX_POINT('',#6594);
#5193=LINE('',#6595,#6596);
#5194=LINE('',#6597,#6598);
#5195=FILL_AREA_STYLE_COLOUR('',#6599);
#5196=VERTEX_POINT('',#6600);
#5197=CIRCLE('',#6601,0.3);
#5198=LINE('',#6602,#6603);
#5199=FILL_AREA_STYLE_COLOUR('',#6604);
#5200=VERTEX_POINT('',#6605);
#5201=LINE('',#6606,#6607);
#5202=LINE('',#6608,#6609);
#5203=FILL_AREA_STYLE_COLOUR('',#6610);
#5204=VERTEX_POINT('',#6611);
#5205=CIRCLE('',#6612,0.799999999999998);
#5206=LINE('',#6613,#6614);
#5207=FILL_AREA_STYLE_COLOUR('',#6615);
#5208=VERTEX_POINT('',#6616);
#5209=VERTEX_POINT('',#6617);
#5210=CIRCLE('',#6618,0.8);
#5211=LINE('',#6619,#6620);
#5212=LINE('',#6621,#6622);
#5213=FILL_AREA_STYLE_COLOUR('',#6623);
#5214=VERTEX_POINT('',#6624);
#5215=LINE('',#6625,#6626);
#5216=LINE('',#6627,#6628);
#5217=FILL_AREA_STYLE_COLOUR('',#6629);
#5218=VERTEX_POINT('',#6630);
#5219=CIRCLE('',#6631,0.299999999999998);
#5220=LINE('',#6632,#6633);
#5221=FILL_AREA_STYLE_COLOUR('',#6634);
#5222=VERTEX_POINT('',#6635);
#5223=LINE('',#6636,#6637);
#5224=LINE('',#6638,#6639);
#5225=FILL_AREA_STYLE_COLOUR('',#6640);
#5226=VERTEX_POINT('',#6641);
#5227=CIRCLE('',#6642,0.832411610000001);
#5228=LINE('',#6643,#6644);
#5229=FILL_AREA_STYLE_COLOUR('',#6645);
#5230=VERTEX_POINT('',#6646);
#5231=LINE('',#6647,#6648);
#5232=LINE('',#6649,#6650);
#5233=FILL_AREA_STYLE_COLOUR('',#6651);
#5234=VERTEX_POINT('',#6652);
#5235=CIRCLE('',#6653,2.9999999949659);
#5236=LINE('',#6654,#6655);
#5237=FILL_AREA_STYLE_COLOUR('',#6656);
#5238=LINE('',#6657,#6658);
#5239=FILL_AREA_STYLE_COLOUR('',#6659);
#5240=LINE('',#6660,#6661);
#5241=FILL_AREA_STYLE_COLOUR('',#6662);
#5242=VERTEX_POINT('',#6663);
#5243=CIRCLE('',#6664,1.99999999999998);
#5244=LINE('',#6665,#6666);
#5245=FILL_AREA_STYLE_COLOUR('',#6667);
#5246=LINE('',#6668,#6669);
#5247=FILL_AREA_STYLE_COLOUR('',#6670);
#5248=VERTEX_POINT('',#6671);
#5249=CIRCLE('',#6672,1.99999999999998);
#5250=LINE('',#6673,#6674);
#5251=FILL_AREA_STYLE_COLOUR('',#6675);
#5252=LINE('',#6676,#6677);
#5253=FILL_AREA_STYLE_COLOUR('',#6678);
#5254=VERTEX_POINT('',#6679);
#5255=CIRCLE('',#6680,2.0);
#5256=LINE('',#6681,#6682);
#5257=FILL_AREA_STYLE_COLOUR('',#6683);
#5258=LINE('',#6684,#6685);
#5259=FILL_AREA_STYLE_COLOUR('',#6686);
#5260=VERTEX_POINT('',#6687);
#5261=CIRCLE('',#6688,2.0);
#5262=LINE('',#6689,#6690);
#5263=FILL_AREA_STYLE_COLOUR('',#6691);
#5264=LINE('',#6692,#6693);
#5265=FILL_AREA_STYLE_COLOUR('',#6694);
#5266=FILL_AREA_STYLE_COLOUR('',#6695);
#5267=COLOUR_RGB('',0.850980401039124,0.839215695858002,0.858823537826538);
#5268=CARTESIAN_POINT('',(-7.85,-1250.0,-10.0));
#5269=CARTESIAN_POINT('',(-7.85,1250.0,-10.0));
#5270=CARTESIAN_POINT('',(-7.85,0.0,-10.0));
#5271=VECTOR('',#6696,1.0);
#5272=CARTESIAN_POINT('',(-12.15,-1250.0,-10.0));
#5273=AXIS2_PLACEMENT_3D('',#6697,#6698,#6699);
#5274=CARTESIAN_POINT('',(-12.15,1250.0,-10.0));
#5275=CARTESIAN_POINT('',(-12.15,0.0,-10.0));
#5276=VECTOR('',#6700,1.0);
#5277=AXIS2_PLACEMENT_3D('',#6701,#6702,#6703);
#5278=COLOUR_RGB('',0.850980401039124,0.839215695858002,0.858823537826538);
#5279=CARTESIAN_POINT('',(-7.85,-1250.0,10.0));
#5280=CARTESIAN_POINT('',(-7.85,1250.0,10.0));
#5281=CARTESIAN_POINT('',(-7.85,0.0,10.0));
#5282=VECTOR('',#6704,1.0);
#5283=CARTESIAN_POINT('',(-12.15,-1250.0,10.0));
#5284=AXIS2_PLACEMENT_3D('',#6705,#6706,#6707);
#5285=CARTESIAN_POINT('',(-12.15,1250.0,10.0));
#5286=CARTESIAN_POINT('',(-12.15,0.0,10.0));
#5287=VECTOR('',#6708,1.0);
#5288=AXIS2_PLACEMENT_3D('',#6709,#6710,#6711);
#5289=COLOUR_RGB('',0.850980401039124,0.839215695858002,0.858823537826538);
#5290=CARTESIAN_POINT('',(12.15,-1250.0,-10.0));
#5291=CARTESIAN_POINT('',(12.15,1250.0,-10.0));
#5292=CARTESIAN_POINT('',(12.15,0.0,-10.0));
#5293=VECTOR('',#6712,1.0);
#5294=CARTESIAN_POINT('',(7.85,-1250.0,-10.0));
#5295=AXIS2_PLACEMENT_3D('',#6713,#6714,#6715);
#5296=CARTESIAN_POINT('',(7.85,1250.0,-10.0));
#5297=CARTESIAN_POINT('',(7.85,0.0,-10.0));
#5298=VECTOR('',#6716,1.0);
#5299=AXIS2_PLACEMENT_3D('',#6717,#6718,#6719);
#5300=COLOUR_RGB('',0.850980401039124,0.839215695858002,0.858823537826538);
#5301=CARTESIAN_POINT('',(12.15,-1250.0,10.0));
#5302=CARTESIAN_POINT('',(12.15,1250.0,10.0));
#5303=CARTESIAN_POINT('',(12.15,0.0,10.0));
#5304=VECTOR('',#6720,1.0);
#5305=CARTESIAN_POINT('',(7.85,-1250.0,10.0));
#5306=AXIS2_PLACEMENT_3D('',#6721,#6722,#6723);
#5307=CARTESIAN_POINT('',(7.85,1250.0,10.0));
#5308=CARTESIAN_POINT('',(7.85,0.0,10.0));
#5309=VECTOR('',#6724,1.0);
#5310=AXIS2_PLACEMENT_3D('',#6725,#6726,#6727);
#5311=COLOUR_RGB('',0.850980401039124,0.839215695858002,0.858823537826538);
#5312=CARTESIAN_POINT('',(-17.312994,-1250.0,-1.414213));
#5313=CARTESIAN_POINT('',(-17.312994,-1250.0,1.41421412));
#5314=AXIS2_PLACEMENT_3D('',#6728,#6729,#6730);
#5315=CARTESIAN_POINT('',(-17.312994,1250.0,-1.414213));
#5316=CARTESIAN_POINT('',(-17.312994,1250.0,-1.414213));
#5317=VECTOR('',#6731,1.0);
#5318=CARTESIAN_POINT('',(-17.312994,1250.0,1.41421412));
#5319=AXIS2_PLACEMENT_3D('',#6732,#6733,#6734);
#5320=CARTESIAN_POINT('',(-17.312994,1250.0,1.41421412));
#5321=VECTOR('',#6735,1.0);
#5322=COLOUR_RGB('',0.850980401039124,0.839215695858002,0.858823537826538);
#5323=CARTESIAN_POINT('',(-13.2558880035596,-1250.0,5.47132012355964));
#5324=CARTESIAN_POINT('',(-12.32402253,-1250.0,6.40318559));
#5325=VECTOR('',#6736,1.0);
#5326=CARTESIAN_POINT('',(-13.2558880035596,1250.0,5.47132012355964));
#5327=CARTESIAN_POINT('',(-12.32402253,1250.0,6.40318559));
#5328=VECTOR('',#6737,1.0);
#5329=CARTESIAN_POINT('',(-13.2558880035596,1250.0,5.47132012355964));
#5330=VECTOR('',#6738,1.0);
#5331=COLOUR_RGB('',0.850980401039124,0.839215695858002,0.858823537826538);
#5332=CARTESIAN_POINT('',(-11.13456766,-1250.0,6.34999978));
#5333=AXIS2_PLACEMENT_3D('',#6739,#6740,#6741);
#5334=CARTESIAN_POINT('',(-11.13456766,1250.0,6.34999978));
#5335=AXIS2_PLACEMENT_3D('',#6742,#6743,#6744);
#5336=CARTESIAN_POINT('',(-11.13456766,1250.0,6.34999978));
#5337=VECTOR('',#6745,1.0);
#5338=COLOUR_RGB('',0.850980401039124,0.839215695858002,0.858823537826538);
#5339=CARTESIAN_POINT('',(-7.79213666,-1250.0,6.34999978));
#5340=CARTESIAN_POINT('',(-4.73167608,-1250.0,6.34999978));
#5341=VECTOR('',#6746,1.0);
#5342=CARTESIAN_POINT('',(-7.79213666,1250.0,6.34999978));
#5343=CARTESIAN_POINT('',(-4.73167608,1250.0,6.34999978));
#5344=VECTOR('',#6747,1.0);
#5345=CARTESIAN_POINT('',(-7.79213666,1250.0,6.34999978));
#5346=VECTOR('',#6748,1.0);
#5347=COLOUR_RGB('',0.850980401039124,0.839215695858002,0.858823537826538);
#5348=CARTESIAN_POINT('',(-6.35000066,-1250.0,7.79213578));
#5349=CARTESIAN_POINT('',(-6.89080143999999,-1250.0,7.251335));
#5350=VECTOR('',#6749,1.0);
#5351=CARTESIAN_POINT('',(-6.35000066,1250.0,7.79213578));
#5352=CARTESIAN_POINT('',(-6.89080143999999,1250.0,7.25133500000001));
#5353=VECTOR('',#6750,1.0);
#5354=CARTESIAN_POINT('',(-6.35000066,1250.0,7.79213578));
#5355=VECTOR('',#6751,1.0);
#5356=COLOUR_RGB('',0.850980401039124,0.839215695858002,0.858823537826538);
#5357=CARTESIAN_POINT('',(-6.35000065496591,-1250.0,11.13456678));
#5358=CARTESIAN_POINT('',(-6.35000066,-1250.0,4.73167564));
#5359=VECTOR('',#6752,1.0);
#5360=CARTESIAN_POINT('',(-6.35000065496591,1250.0,11.13456678));
#5361=CARTESIAN_POINT('',(-6.35000066,1250.0,4.73167564));
#5362=VECTOR('',#6753,1.0);
#5363=CARTESIAN_POINT('',(-6.35000065496591,1250.0,11.13456678));
#5364=VECTOR('',#6754,1.0);
#5365=COLOUR_RGB('',0.850980401039124,0.839215695858002,0.858823537826538);
#5366=CARTESIAN_POINT('',(-5.471321,-1250.0,13.25588712));
#5367=AXIS2_PLACEMENT_3D('',#6755,#6756,#6757);
#5368=CARTESIAN_POINT('',(-5.471321,1250.0,13.25588712));
#5369=AXIS2_PLACEMENT_3D('',#6758,#6759,#6760);
#5370=CARTESIAN_POINT('',(-5.471321,1250.0,13.25588712));
#5371=VECTOR('',#6761,1.0);
#5372=COLOUR_RGB('',0.850980401039124,0.839215695858002,0.858823537826538);
#5373=CARTESIAN_POINT('',(-1.414214,-1250.0,17.31299312));
#5374=CARTESIAN_POINT('',(-6.40318544285562,-1250.0,12.3240229068313));
#5375=VECTOR('',#6762,1.0);
#5376=CARTESIAN_POINT('',(-1.414214,1250.0,17.31299312));
#5377=CARTESIAN_POINT('',(-6.40318544285562,1250.0,12.3240229068313));
#5378=VECTOR('',#6763,1.0);
#5379=CARTESIAN_POINT('',(-1.414214,1250.0,17.31299312));
#5380=VECTOR('',#6764,1.0);
#5381=COLOUR_RGB('',0.850980401039124,0.839215695858002,0.858823537826538);
#5382=CARTESIAN_POINT('',(1.41421312,-1250.0,17.31299312));
#5383=AXIS2_PLACEMENT_3D('',#6765,#6766,#6767);
#5384=CARTESIAN_POINT('',(1.41421312,1250.0,17.31299312));
#5385=AXIS2_PLACEMENT_3D('',#6768,#6769,#6770);
#5386=CARTESIAN_POINT('',(1.41421312,1250.0,17.31299312));
#5387=VECTOR('',#6771,1.0);
#5388=COLOUR_RGB('',0.850980401039124,0.839215695858002,0.858823537826538);
#5389=CARTESIAN_POINT('',(5.47132012355964,-1250.0,13.2558871235596));
#5390=CARTESIAN_POINT('',(6.40318478285567,-1250.0,12.3240226868313));
#5391=VECTOR('',#6772,1.0);
#5392=CARTESIAN_POINT('',(5.47132012355964,1250.0,13.2558871235596));
#5393=CARTESIAN_POINT('',(6.40318478285567,1250.0,12.3240226868313));
#5394=VECTOR('',#6773,1.0);
#5395=CARTESIAN_POINT('',(5.47132012355964,1250.0,13.2558871235596));
#5396=VECTOR('',#6774,1.0);
#5397=COLOUR_RGB('',0.850980401039124,0.839215695858002,0.858823537826538);
#5398=CARTESIAN_POINT('',(6.34999978,-1250.0,11.13456678));
#5399=AXIS2_PLACEMENT_3D('',#6775,#6776,#6777);
#5400=CARTESIAN_POINT('',(6.34999978,1250.0,11.13456678));
#5401=AXIS2_PLACEMENT_3D('',#6778,#6779,#6780);
#5402=CARTESIAN_POINT('',(6.34999978,1250.0,11.13456678));
#5403=VECTOR('',#6781,1.0);
#5404=COLOUR_RGB('',0.850980401039124,0.839215695858002,0.858823537826538);
#5405=CARTESIAN_POINT('',(6.34999978,-1250.0,7.79213578));
#5406=CARTESIAN_POINT('',(6.34999978,-1250.0,4.73167564));
#5407=VECTOR('',#6782,1.0);
#5408=CARTESIAN_POINT('',(6.34999978,1250.0,7.79213578));
#5409=CARTESIAN_POINT('',(6.34999978,1250.0,4.73167564));
#5410=VECTOR('',#6783,1.0);
#5411=CARTESIAN_POINT('',(6.34999978,1250.0,7.79213578));
#5412=VECTOR('',#6784,1.0);
#5413=COLOUR_RGB('',0.850980401039124,0.839215695858002,0.858823537826538);
#5414=CARTESIAN_POINT('',(7.07106778,-1250.0,7.07106778));
#5415=CARTESIAN_POINT('',(6.89080078,-1250.0,7.25133478));
#5416=VECTOR('',#6785,1.0);
#5417=CARTESIAN_POINT('',(7.07106778,1250.0,7.07106778));
#5418=CARTESIAN_POINT('',(6.89080078,1250.0,7.25133478));
#5419=VECTOR('',#6786,1.0);
#5420=CARTESIAN_POINT('',(7.07106778,1250.0,7.07106778));
#5421=VECTOR('',#6787,1.0);
#5422=COLOUR_RGB('',0.850980401039124,0.839215695858002,0.858823537826538);
#5423=CARTESIAN_POINT('',(7.79213478,-1250.0,6.34999978));
#5424=CARTESIAN_POINT('',(7.25133698159533,-1250.0,6.89079832840127));
#5425=VECTOR('',#6788,1.0);
#5426=CARTESIAN_POINT('',(7.79213478,1250.0,6.34999978));
#5427=CARTESIAN_POINT('',(7.25133698159533,1250.0,6.89079832840127));
#5428=VECTOR('',#6789,1.0);
#5429=CARTESIAN_POINT('',(7.79213478,1250.0,6.34999978));
#5430=VECTOR('',#6790,1.0);
#5431=COLOUR_RGB('',0.850980401039124,0.839215695858002,0.858823537826538);
#5432=CARTESIAN_POINT('',(11.13456678,-1250.0,6.34999977496591));
#5433=CARTESIAN_POINT('',(4.73167539,-1250.0,6.34999978));
#5434=VECTOR('',#6791,1.0);
#5435=CARTESIAN_POINT('',(11.13456678,1250.0,6.34999977496591));
#5436=CARTESIAN_POINT('',(4.73167539,1250.0,6.34999978));
#5437=VECTOR('',#6792,1.0);
#5438=CARTESIAN_POINT('',(11.13456678,1250.0,6.34999977496591));
#5439=VECTOR('',#6793,1.0);
#5440=COLOUR_RGB('',0.850980401039124,0.839215695858002,0.858823537826538);
#5441=CARTESIAN_POINT('',(13.25588712,-1250.0,5.47132012));
#5442=AXIS2_PLACEMENT_3D('',#6794,#6795,#6796);
#5443=CARTESIAN_POINT('',(13.25588712,1250.0,5.47132012));
#5444=AXIS2_PLACEMENT_3D('',#6797,#6798,#6799);
#5445=CARTESIAN_POINT('',(13.25588712,1250.0,5.47132012));
#5446=VECTOR('',#6800,1.0);
#5447=COLOUR_RGB('',0.850980401039124,0.839215695858002,0.858823537826538);
#5448=CARTESIAN_POINT('',(17.31299412,-1250.0,1.41421412));
#5449=CARTESIAN_POINT('',(12.3240213031686,-1250.0,6.40318570714413));
#5450=VECTOR('',#6801,1.0);
#5451=CARTESIAN_POINT('',(17.31299412,1250.0,1.41421412));
#5452=CARTESIAN_POINT('',(12.3240213031686,1250.0,6.40318570714413));
#5453=VECTOR('',#6802,1.0);
#5454=CARTESIAN_POINT('',(17.31299412,1250.0,1.41421412));
#5455=VECTOR('',#6803,1.0);
#5456=COLOUR_RGB('',0.850980401039124,0.839215695858002,0.858823537826538);
#5457=CARTESIAN_POINT('',(17.31299412,-1250.0,-1.414213));
#5458=AXIS2_PLACEMENT_3D('',#6804,#6805,#6806);
#5459=CARTESIAN_POINT('',(17.31299412,1250.0,-1.414213));
#5460=AXIS2_PLACEMENT_3D('',#6807,#6808,#6809);
#5461=CARTESIAN_POINT('',(17.31299412,1250.0,-1.414213));
#5462=VECTOR('',#6810,1.0);
#5463=COLOUR_RGB('',0.850980401039124,0.839215695858002,0.858823537826538);
#5464=CARTESIAN_POINT('',(13.2558871235596,-1250.0,-5.47132000355965));
#5465=CARTESIAN_POINT('',(12.32402209,-1250.0,-6.40318503));
#5466=VECTOR('',#6811,1.0);
#5467=CARTESIAN_POINT('',(13.2558871235596,1250.0,-5.47132000355965));
#5468=CARTESIAN_POINT('',(12.32402209,1250.0,-6.40318503));
#5469=VECTOR('',#6812,1.0);
#5470=CARTESIAN_POINT('',(13.2558871235596,1250.0,-5.47132000355965));
#5471=VECTOR('',#6813,1.0);
#5472=COLOUR_RGB('',0.850980401039124,0.839215695858002,0.858823537826538);
#5473=CARTESIAN_POINT('',(11.13456678,-1250.0,-6.34999966));
#5474=AXIS2_PLACEMENT_3D('',#6814,#6815,#6816);
#5475=CARTESIAN_POINT('',(11.13456678,1250.0,-6.34999966));
#5476=AXIS2_PLACEMENT_3D('',#6817,#6818,#6819);
#5477=CARTESIAN_POINT('',(11.13456678,1250.0,-6.34999966));
#5478=VECTOR('',#6820,1.0);
#5479=COLOUR_RGB('',0.850980401039124,0.839215695858002,0.858823537826538);
#5480=CARTESIAN_POINT('',(7.79213478,-1250.0,-6.34999966));
#5481=CARTESIAN_POINT('',(4.73167539,-1250.0,-6.34999966));
#5482=VECTOR('',#6821,1.0);
#5483=CARTESIAN_POINT('',(7.79213478,1250.0,-6.34999966));
#5484=CARTESIAN_POINT('',(4.73167539,1250.0,-6.34999966));
#5485=VECTOR('',#6822,1.0);
#5486=CARTESIAN_POINT('',(7.79213478,1250.0,-6.34999966));
#5487=VECTOR('',#6823,1.0);
#5488=COLOUR_RGB('',0.850980401039124,0.839215695858002,0.858823537826538);
#5489=CARTESIAN_POINT('',(7.07106778,-1250.0,-7.07106766));
#5490=CARTESIAN_POINT('',(7.25133695159533,-1250.0,-6.89079823840131));
#5491=VECTOR('',#6824,1.0);
#5492=CARTESIAN_POINT('',(7.07106778,1250.0,-7.07106766));
#5493=CARTESIAN_POINT('',(7.25133695159533,1250.0,-6.89079823840131));
#5494=VECTOR('',#6825,1.0);
#5495=CARTESIAN_POINT('',(7.07106778,1250.0,-7.07106766));
#5496=VECTOR('',#6826,1.0);
#5497=COLOUR_RGB('',0.850980401039124,0.839215695858002,0.858823537826538);
#5498=CARTESIAN_POINT('',(6.34999978,-1250.0,-7.79213566));
#5499=CARTESIAN_POINT('',(6.89080075,-1250.0,-7.25133469));
#5500=VECTOR('',#6827,1.0);
#5501=CARTESIAN_POINT('',(6.34999978,1250.0,-7.79213566));
#5502=CARTESIAN_POINT('',(6.89080075,1250.0,-7.25133469));
#5503=VECTOR('',#6828,1.0);
#5504=CARTESIAN_POINT('',(6.34999978,1250.0,-7.79213566));
#5505=VECTOR('',#6829,1.0);
#5506=COLOUR_RGB('',0.850980401039124,0.839215695858002,0.858823537826538);
#5507=CARTESIAN_POINT('',(6.34999977496591,-1250.0,-11.13456666));
#5508=CARTESIAN_POINT('',(6.34999978,-1250.0,-4.73167558));
#5509=VECTOR('',#6830,1.0);
#5510=CARTESIAN_POINT('',(6.34999977496591,1250.0,-11.13456666));
#5511=CARTESIAN_POINT('',(6.34999978,1250.0,-4.73167558));
#5512=VECTOR('',#6831,1.0);
#5513=CARTESIAN_POINT('',(6.34999977496591,1250.0,-11.13456666));
#5514=VECTOR('',#6832,1.0);
#5515=COLOUR_RGB('',0.850980401039124,0.839215695858002,0.858823537826538);
#5516=CARTESIAN_POINT('',(5.47132012,-1250.0,-13.255887));
#5517=AXIS2_PLACEMENT_3D('',#6833,#6834,#6835);
#5518=CARTESIAN_POINT('',(5.47132012,1250.0,-13.255887));
#5519=AXIS2_PLACEMENT_3D('',#6836,#6837,#6838);
#5520=CARTESIAN_POINT('',(5.47132012,1250.0,-13.255887));
#5521=VECTOR('',#6839,1.0);
#5522=COLOUR_RGB('',0.850980401039124,0.839215695858002,0.858823537826538);
#5523=CARTESIAN_POINT('',(1.41421312,-1250.0,-17.312994));
#5524=CARTESIAN_POINT('',(6.40318509,-1250.0,-12.32402203));
#5525=VECTOR('',#6840,1.0);
#5526=CARTESIAN_POINT('',(1.41421312,1250.0,-17.312994));
#5527=CARTESIAN_POINT('',(6.40318509,1250.0,-12.32402203));
#5528=VECTOR('',#6841,1.0);
#5529=CARTESIAN_POINT('',(1.41421312,1250.0,-17.312994));
#5530=VECTOR('',#6842,1.0);
#5531=COLOUR_RGB('',0.850980401039124,0.839215695858002,0.858823537826538);
#5532=CARTESIAN_POINT('',(-1.414214,-1250.0,-17.312994));
#5533=AXIS2_PLACEMENT_3D('',#6843,#6844,#6845);
#5534=CARTESIAN_POINT('',(-1.414214,1250.0,-17.312994));
#5535=AXIS2_PLACEMENT_3D('',#6846,#6847,#6848);
#5536=CARTESIAN_POINT('',(-1.414214,1250.0,-17.312994));
#5537=VECTOR('',#6849,1.0);
#5538=COLOUR_RGB('',0.850980401039124,0.839215695858002,0.858823537826538);
#5539=CARTESIAN_POINT('',(-5.47132100355964,-1250.0,-13.2558870035596));
#5540=CARTESIAN_POINT('',(-6.40318575,-1250.0,-12.32402225));
#5541=VECTOR('',#6850,1.0);
#5542=CARTESIAN_POINT('',(-5.47132100355964,1250.0,-13.2558870035596));
#5543=CARTESIAN_POINT('',(-6.40318575,1250.0,-12.32402225));
#5544=VECTOR('',#6851,1.0);
#5545=CARTESIAN_POINT('',(-5.47132100355964,1250.0,-13.2558870035596));
#5546=VECTOR('',#6852,1.0);
#5547=COLOUR_RGB('',0.850980401039124,0.839215695858002,0.858823537826538);
#5548=CARTESIAN_POINT('',(-6.35000066,-1250.0,-11.13456666));
#5549=AXIS2_PLACEMENT_3D('',#6853,#6854,#6855);
#5550=CARTESIAN_POINT('',(-6.35000066,1250.0,-11.13456666));
#5551=AXIS2_PLACEMENT_3D('',#6856,#6857,#6858);
#5552=CARTESIAN_POINT('',(-6.35000066,1250.0,-11.13456666));
#5553=VECTOR('',#6859,1.0);
#5554=COLOUR_RGB('',0.850980401039124,0.839215695858002,0.858823537826538);
#5555=CARTESIAN_POINT('',(-6.35000066,-1250.0,-7.79213566));
#5556=CARTESIAN_POINT('',(-6.35000066,-1250.0,-4.73167558));
#5557=VECTOR('',#6860,1.0);
#5558=CARTESIAN_POINT('',(-6.35000066,1250.0,-7.79213566));
#5559=CARTESIAN_POINT('',(-6.35000066,1250.0,-4.73167558));
#5560=VECTOR('',#6861,1.0);
#5561=CARTESIAN_POINT('',(-6.35000066,1250.0,-7.79213566));
#5562=VECTOR('',#6862,1.0);
#5563=COLOUR_RGB('',0.850980401039124,0.839215695858002,0.858823537826538);
#5564=CARTESIAN_POINT('',(-7.79213666,-1250.0,-6.34999966));
#5565=CARTESIAN_POINT('',(-7.25133541,-1250.0,-6.89080091));
#5566=VECTOR('',#6863,1.0);
#5567=CARTESIAN_POINT('',(-7.79213666,1250.0,-6.34999966));
#5568=CARTESIAN_POINT('',(-7.25133541,1250.0,-6.89080091));
#5569=VECTOR('',#6864,1.0);
#5570=CARTESIAN_POINT('',(-7.79213666,1250.0,-6.34999966));
#5571=VECTOR('',#6865,1.0);
#5572=COLOUR_RGB('',0.850980401039124,0.839215695858002,0.858823537826538);
#5573=CARTESIAN_POINT('',(-11.13456766,-1250.0,-6.34999965496591));
#5574=CARTESIAN_POINT('',(-4.73167608,-1250.0,-6.34999966));
#5575=VECTOR('',#6866,1.0);
#5576=CARTESIAN_POINT('',(-11.13456766,1250.0,-6.34999965496591));
#5577=CARTESIAN_POINT('',(-4.73167608,1250.0,-6.34999966));
#5578=VECTOR('',#6867,1.0);
#5579=CARTESIAN_POINT('',(-11.13456766,1250.0,-6.34999965496591));
#5580=VECTOR('',#6868,1.0);
#5581=COLOUR_RGB('',0.850980401039124,0.839215695858002,0.858823537826538);
#5582=CARTESIAN_POINT('',(-13.255888,-1250.0,-5.47132));
#5583=AXIS2_PLACEMENT_3D('',#6869,#6870,#6871);
#5584=CARTESIAN_POINT('',(-13.255888,1250.0,-5.47132));
#5585=AXIS2_PLACEMENT_3D('',#6872,#6873,#6874);
#5586=CARTESIAN_POINT('',(-13.255888,1250.0,-5.47132));
#5587=VECTOR('',#6875,1.0);
#5588=COLOUR_RGB('',0.850980401039124,0.839215695858002,0.858823537826538);
#5589=CARTESIAN_POINT('',(-12.3240233168314,-1250.0,-6.40318491285568));
#5590=VECTOR('',#6876,1.0);
#5591=CARTESIAN_POINT('',(-12.3240233168314,1250.0,-6.40318491285568));
#5592=VECTOR('',#6877,1.0);
#5593=COLOUR_RGB('',0.850980401039124,0.839215695858002,0.858823537826538);
#5594=AXIS2_PLACEMENT_3D('',#6878,#6879,#6880);
#5595=AXIS2_PLACEMENT_3D('',#6881,#6882,#6883);
#5596=COLOUR_RGB('',0.850980401039124,0.839215695858002,0.858823537826538);
#5597=AXIS2_PLACEMENT_3D('',#6884,#6885,#6886);
#5598=AXIS2_PLACEMENT_3D('',#6887,#6888,#6889);
#5599=COLOUR_RGB('',0.850980401039124,0.839215695858002,0.858823537826538);
#5600=AXIS2_PLACEMENT_3D('',#6890,#6891,#6892);
#5601=AXIS2_PLACEMENT_3D('',#6893,#6894,#6895);
#5602=COLOUR_RGB('',0.850980401039124,0.839215695858002,0.858823537826538);
#5603=AXIS2_PLACEMENT_3D('',#6896,#6897,#6898);
#5604=AXIS2_PLACEMENT_3D('',#6899,#6900,#6901);
#5605=COLOUR_RGB('',0.850980401039124,0.839215695858002,0.858823537826538);
#5606=CARTESIAN_POINT('',(-13.65,-1250.0,8.86543289));
#5607=CARTESIAN_POINT('',(-14.5286796564404,-1250.0,6.74411254644036));
#5608=AXIS2_PLACEMENT_3D('',#6902,#6903,#6904);
#5609=CARTESIAN_POINT('',(-13.65,1250.0,8.86543289));
#5610=CARTESIAN_POINT('',(-13.65,1250.0,8.86543289));
#5611=VECTOR('',#6905,1.0);
#5612=CARTESIAN_POINT('',(-14.5286796564404,1250.0,6.74411254644036));
#5613=AXIS2_PLACEMENT_3D('',#6906,#6907,#6908);
#5614=CARTESIAN_POINT('',(-14.5286796564404,1250.0,6.74411254644036));
#5615=VECTOR('',#6909,1.0);
#5616=COLOUR_RGB('',0.850980401039124,0.839215695858002,0.858823537826538);
#5617=CARTESIAN_POINT('',(-16.7789845,-1250.0,4.49380771));
#5618=CARTESIAN_POINT('',(-13.1451140925,-1250.0,8.1276781175));
#5619=VECTOR('',#6910,1.0);
#5620=CARTESIAN_POINT('',(-16.7789845,1250.0,4.49380771));
#5621=CARTESIAN_POINT('',(-13.1451140925,1250.0,8.1276781175));
#5622=VECTOR('',#6911,1.0);
#5623=CARTESIAN_POINT('',(-16.7789845,1250.0,4.49380771));
#5624=VECTOR('',#6912,1.0);
#5625=COLOUR_RGB('',0.850980401039124,0.839215695858002,0.858823537826538);
#5626=CARTESIAN_POINT('',(-18.1999999941036,-1250.0,5.0824116));
#5627=AXIS2_PLACEMENT_3D('',#6913,#6914,#6915);
#5628=CARTESIAN_POINT('',(-18.1999999941036,1250.0,5.0824116));
#5629=AXIS2_PLACEMENT_3D('',#6916,#6917,#6918);
#5630=CARTESIAN_POINT('',(-18.1999999941036,1250.0,5.0824116));
#5631=VECTOR('',#6919,1.0);
#5632=COLOUR_RGB('',0.850980401039124,0.839215695858002,0.858823537826538);
#5633=CARTESIAN_POINT('',(-18.2,-1250.0,7.2));
#5634=CARTESIAN_POINT('',(-18.2,-1250.0,3.0706029));
#5635=VECTOR('',#6920,1.0);
#5636=CARTESIAN_POINT('',(-18.2,1250.0,7.2));
#5637=CARTESIAN_POINT('',(-18.2,1250.0,3.0706029));
#5638=VECTOR('',#6921,1.0);
#5639=CARTESIAN_POINT('',(-18.2,1250.0,7.2));
#5640=VECTOR('',#6922,1.0);
#5641=COLOUR_RGB('',0.850980401039124,0.839215695858002,0.858823537826538);
#5642=CARTESIAN_POINT('',(-18.5,-1250.0,7.4999999999));
#5643=AXIS2_PLACEMENT_3D('',#6923,#6924,#6925);
#5644=CARTESIAN_POINT('',(-18.5,1250.0,7.4999999999));
#5645=AXIS2_PLACEMENT_3D('',#6926,#6927,#6928);
#5646=CARTESIAN_POINT('',(-18.5,1250.0,7.4999999999));
#5647=VECTOR('',#6929,1.0);
#5648=COLOUR_RGB('',0.850980401039124,0.839215695858002,0.858823537826538);
#5649=CARTESIAN_POINT('',(-19.2,-1250.0,7.5));
#5650=CARTESIAN_POINT('',(-9.425,-1250.0,7.5));
#5651=VECTOR('',#6930,1.0);
#5652=CARTESIAN_POINT('',(-19.2,1250.0,7.5));
#5653=CARTESIAN_POINT('',(-9.425,1250.0,7.5));
#5654=VECTOR('',#6931,1.0);
#5655=CARTESIAN_POINT('',(-19.2,1250.0,7.5));
#5656=VECTOR('',#6932,1.0);
#5657=COLOUR_RGB('',0.850980401039124,0.839215695858002,0.858823537826538);
#5658=CARTESIAN_POINT('',(-19.9999999999,-1250.0,6.7));
#5659=AXIS2_PLACEMENT_3D('',#6933,#6934,#6935);
#5660=CARTESIAN_POINT('',(-19.9999999999,1250.0,6.7));
#5661=AXIS2_PLACEMENT_3D('',#6936,#6937,#6938);
#5662=CARTESIAN_POINT('',(-20.0,0.0,6.6999999999));
#5663=VECTOR('',#6939,1.0);
#5664=COLOUR_RGB('',0.850980401039124,0.839215695858002,0.858823537826538);
#5665=CARTESIAN_POINT('',(-20.0,-1250.0,13.3));
#5666=CARTESIAN_POINT('',(-19.2,-1250.0,12.5000000001));
#5667=AXIS2_PLACEMENT_3D('',#6940,#6941,#6942);
#5668=CARTESIAN_POINT('',(-20.0,1250.0,13.3));
#5669=CARTESIAN_POINT('',(-20.0,1250.0,13.3));
#5670=VECTOR('',#6943,1.0);
#5671=CARTESIAN_POINT('',(-19.2,1250.0,12.5000000001));
#5672=AXIS2_PLACEMENT_3D('',#6944,#6945,#6946);
#5673=CARTESIAN_POINT('',(-19.2,1250.0,12.5000000001));
#5674=VECTOR('',#6947,1.0);
#5675=COLOUR_RGB('',0.850980401039124,0.839215695858002,0.858823537826538);
#5676=CARTESIAN_POINT('',(-18.5,-1250.0,12.5));
#5677=CARTESIAN_POINT('',(-9.425,-1250.0,12.5));
#5678=VECTOR('',#6948,1.0);
#5679=CARTESIAN_POINT('',(-18.5,1250.0,12.5));
#5680=CARTESIAN_POINT('',(-9.425,1250.0,12.5));
#5681=VECTOR('',#6949,1.0);
#5682=CARTESIAN_POINT('',(-18.5,1250.0,12.5));
#5683=VECTOR('',#6950,1.0);
#5684=COLOUR_RGB('',0.850980401039124,0.839215695858002,0.858823537826538);
#5685=CARTESIAN_POINT('',(-18.2000000001,-1250.0,12.8));
#5686=AXIS2_PLACEMENT_3D('',#6951,#6952,#6953);
#5687=CARTESIAN_POINT('',(-18.2000000001,1250.0,12.8));
#5688=AXIS2_PLACEMENT_3D('',#6954,#6955,#6956);
#5689=CARTESIAN_POINT('',(-18.2000000001,1250.0,12.8));
#5690=VECTOR('',#6957,1.0);
#5691=COLOUR_RGB('',0.850980401039124,0.839215695858002,0.858823537826538);
#5692=CARTESIAN_POINT('',(-18.2,-1250.0,14.9175884));
#5693=CARTESIAN_POINT('',(-18.2,-1250.0,6.9293971));
#5694=VECTOR('',#6958,1.0);
#5695=CARTESIAN_POINT('',(-18.2,1250.0,14.9175884));
#5696=CARTESIAN_POINT('',(-18.2,1250.0,6.9293971));
#5697=VECTOR('',#6959,1.0);
#5698=CARTESIAN_POINT('',(-18.2,1250.0,14.9175884));
#5699=VECTOR('',#6960,1.0);
#5700=COLOUR_RGB('',0.850980401039124,0.839215695858002,0.858823537826538);
#5701=CARTESIAN_POINT('',(-16.7789844958306,-1250.0,15.5061922941694));
#5702=AXIS2_PLACEMENT_3D('',#6961,#6962,#6963);
#5703=CARTESIAN_POINT('',(-16.7789844958306,1250.0,15.5061922941694));
#5704=AXIS2_PLACEMENT_3D('',#6964,#6965,#6966);
#5705=CARTESIAN_POINT('',(-16.7789844958306,1250.0,15.5061922941694));
#5706=VECTOR('',#6967,1.0);
#5707=COLOUR_RGB('',0.850980401039124,0.839215695858002,0.858823537826538);
#5708=CARTESIAN_POINT('',(-14.52867966,-1250.0,13.25588745));
#5709=CARTESIAN_POINT('',(-8.1451140925,-1250.0,6.8723218825));
#5710=VECTOR('',#6968,1.0);
#5711=CARTESIAN_POINT('',(-14.52867966,1250.0,13.25588745));
#5712=CARTESIAN_POINT('',(-8.1451140925,1250.0,6.8723218825));
#5713=VECTOR('',#6969,1.0);
#5714=CARTESIAN_POINT('',(-14.52867966,1250.0,13.25588745));
#5715=VECTOR('',#6970,1.0);
#5716=COLOUR_RGB('',0.850980401039124,0.839215695858002,0.858823537826538);
#5717=CARTESIAN_POINT('',(-13.65,-1250.0,11.13456711));
#5718=AXIS2_PLACEMENT_3D('',#6971,#6972,#6973);
#5719=CARTESIAN_POINT('',(-13.65,1250.0,11.13456711));
#5720=AXIS2_PLACEMENT_3D('',#6974,#6975,#6976);
#5721=CARTESIAN_POINT('',(-13.65,1250.0,11.13456711));
#5722=VECTOR('',#6977,1.0);
#5723=COLOUR_RGB('',0.850980401039124,0.839215695858002,0.858823537826538);
#5724=CARTESIAN_POINT('',(-13.65,-1250.0,5.0));
#5725=VECTOR('',#6978,1.0);
#5726=CARTESIAN_POINT('',(-13.65,1250.0,5.0));
#5727=VECTOR('',#6979,1.0);
#5728=COLOUR_RGB('',0.850980401039124,0.839215695858002,0.858823537826538);
#5729=CARTESIAN_POINT('',(-20.0,1250.0,18.0));
#5730=CARTESIAN_POINT('',(-20.0,1250.0,-18.0));
#5731=VECTOR('',#6980,1.0);
#5732=CARTESIAN_POINT('',(-18.0,1250.0,20.0));
#5733=AXIS2_PLACEMENT_3D('',#6981,#6982,#6983);
#5734=CARTESIAN_POINT('',(-13.3,1250.0,19.9999999999));
#5735=CARTESIAN_POINT('',(-18.0,1250.0,20.0));
#5736=VECTOR('',#6984,1.0);
#5737=CARTESIAN_POINT('',(-12.5,1250.0,19.2));
#5738=AXIS2_PLACEMENT_3D('',#6985,#6986,#6987);
#5739=CARTESIAN_POINT('',(-12.5000000001,1250.0,18.5));
#5740=CARTESIAN_POINT('',(-12.5,1250.0,9.425));
#5741=VECTOR('',#6988,1.0);
#5742=CARTESIAN_POINT('',(-12.8,1250.0,18.2));
#5743=AXIS2_PLACEMENT_3D('',#6989,#6990,#6991);
#5744=CARTESIAN_POINT('',(-14.9175884,1250.0,18.1999999941036));
#5745=CARTESIAN_POINT('',(-6.9293971,1250.0,18.2));
#5746=VECTOR('',#6992,1.0);
#5747=CARTESIAN_POINT('',(-15.50619229,1250.0,16.7789845));
#5748=AXIS2_PLACEMENT_3D('',#6993,#6994,#6995);
#5749=CARTESIAN_POINT('',(-13.2558874535596,1250.0,14.5286796564404));
#5750=CARTESIAN_POINT('',(-6.8723218825,1250.0,8.1451140925));
#5751=VECTOR('',#6996,1.0);
#5752=CARTESIAN_POINT('',(-11.13456711,1250.0,13.65));
#5753=AXIS2_PLACEMENT_3D('',#6997,#6998,#6999);
#5754=CARTESIAN_POINT('',(-8.86543289,1250.0,13.65));
#5755=CARTESIAN_POINT('',(-5.0,1250.0,13.65));
#5756=VECTOR('',#7000,1.0);
#5757=CARTESIAN_POINT('',(-6.74411255,1250.0,14.52867966));
#5758=AXIS2_PLACEMENT_3D('',#7001,#7002,#7003);
#5759=CARTESIAN_POINT('',(-4.49380770583059,1250.0,16.7789844958306));
#5760=CARTESIAN_POINT('',(-8.1276781175,1250.0,13.1451140925));
#5761=VECTOR('',#7004,1.0);
#5762=CARTESIAN_POINT('',(-5.0824116,1250.0,18.2));
#5763=AXIS2_PLACEMENT_3D('',#7005,#7006,#7007);
#5764=CARTESIAN_POINT('',(-7.2,1250.0,18.2000000001));
#5765=CARTESIAN_POINT('',(-3.0706029,1250.0,18.2));
#5766=VECTOR('',#7008,1.0);
#5767=CARTESIAN_POINT('',(-7.5,1250.0,18.5));
#5768=AXIS2_PLACEMENT_3D('',#7009,#7010,#7011);
#5769=CARTESIAN_POINT('',(-7.4999999999,1250.0,19.2));
#5770=CARTESIAN_POINT('',(-7.5,1250.0,9.425));
#5771=VECTOR('',#7012,1.0);
#5772=CARTESIAN_POINT('',(-6.7,1250.0,20.0));
#5773=AXIS2_PLACEMENT_3D('',#7013,#7014,#7015);
#5774=CARTESIAN_POINT('',(6.7,1250.0,19.9999999999));
#5775=CARTESIAN_POINT('',(-18.0,1250.0,20.0));
#5776=VECTOR('',#7016,1.0);
#5777=CARTESIAN_POINT('',(7.5,1250.0,19.2));
#5778=AXIS2_PLACEMENT_3D('',#7017,#7018,#7019);
#5779=CARTESIAN_POINT('',(7.4999999999,1250.0,18.5));
#5780=CARTESIAN_POINT('',(7.5,1250.0,9.425));
#5781=VECTOR('',#7020,1.0);
#5782=CARTESIAN_POINT('',(7.2,1250.0,18.2));
#5783=AXIS2_PLACEMENT_3D('',#7021,#7022,#7023);
#5784=CARTESIAN_POINT('',(5.0824116,1250.0,18.1999999941036));
#5785=CARTESIAN_POINT('',(3.0706029,1250.0,18.2));
#5786=VECTOR('',#7024,1.0);
#5787=CARTESIAN_POINT('',(4.49380771,1250.0,16.7789845));
#5788=AXIS2_PLACEMENT_3D('',#7025,#7026,#7027);
#5789=CARTESIAN_POINT('',(6.74411254644036,1250.0,14.5286796564404));
#5790=CARTESIAN_POINT('',(8.1276781175,1250.0,13.1451140925));
#5791=VECTOR('',#7028,1.0);
#5792=CARTESIAN_POINT('',(8.86543289,1250.0,13.65));
#5793=AXIS2_PLACEMENT_3D('',#7029,#7030,#7031);
#5794=CARTESIAN_POINT('',(11.13456711,1250.0,13.65));
#5795=CARTESIAN_POINT('',(5.0,1250.0,13.65));
#5796=VECTOR('',#7032,1.0);
#5797=CARTESIAN_POINT('',(13.25588745,1250.0,14.52867966));
#5798=AXIS2_PLACEMENT_3D('',#7033,#7034,#7035);
#5799=CARTESIAN_POINT('',(15.5061922941694,1250.0,16.7789844958306));
#5800=CARTESIAN_POINT('',(6.8723218825,1250.0,8.1451140925));
#5801=VECTOR('',#7036,1.0);
#5802=CARTESIAN_POINT('',(14.9175884,1250.0,18.2));
#5803=AXIS2_PLACEMENT_3D('',#7037,#7038,#7039);
#5804=CARTESIAN_POINT('',(12.8,1250.0,18.2000000001));
#5805=CARTESIAN_POINT('',(6.9293971,1250.0,18.2));
#5806=VECTOR('',#7040,1.0);
#5807=CARTESIAN_POINT('',(12.5,1250.0,18.5));
#5808=AXIS2_PLACEMENT_3D('',#7041,#7042,#7043);
#5809=CARTESIAN_POINT('',(12.5000000001,1250.0,19.2));
#5810=CARTESIAN_POINT('',(12.5,1250.0,9.425));
#5811=VECTOR('',#7044,1.0);
#5812=CARTESIAN_POINT('',(13.3,1250.0,20.0));
#5813=AXIS2_PLACEMENT_3D('',#7045,#7046,#7047);
#5814=CARTESIAN_POINT('',(18.0,1250.0,20.0));
#5815=CARTESIAN_POINT('',(-18.0,1250.0,20.0));
#5816=VECTOR('',#7048,1.0);
#5817=CARTESIAN_POINT('',(20.0,1250.0,18.0));
#5818=AXIS2_PLACEMENT_3D('',#7049,#7050,#7051);
#5819=CARTESIAN_POINT('',(19.9999999999,1250.0,13.3));
#5820=CARTESIAN_POINT('',(20.0,1250.0,18.0));
#5821=VECTOR('',#7052,1.0);
#5822=CARTESIAN_POINT('',(19.2,1250.0,12.5));
#5823=AXIS2_PLACEMENT_3D('',#7053,#7054,#7055);
#5824=CARTESIAN_POINT('',(18.5,1250.0,12.5000000001));
#5825=CARTESIAN_POINT('',(9.425,1250.0,12.5));
#5826=VECTOR('',#7056,1.0);
#5827=CARTESIAN_POINT('',(18.2,1250.0,12.8));
#5828=AXIS2_PLACEMENT_3D('',#7057,#7058,#7059);
#5829=CARTESIAN_POINT('',(18.1999999941036,1250.0,14.9175884));
#5830=CARTESIAN_POINT('',(18.2,1250.0,6.9293971));
#5831=VECTOR('',#7060,1.0);
#5832=CARTESIAN_POINT('',(16.7789845,1250.0,15.50619229));
#5833=AXIS2_PLACEMENT_3D('',#7061,#7062,#7063);
#5834=CARTESIAN_POINT('',(14.5286796564404,1250.0,13.2558874535596));
#5835=CARTESIAN_POINT('',(8.1451140925,1250.0,6.8723218825));
#5836=VECTOR('',#7064,1.0);
#5837=CARTESIAN_POINT('',(13.65,1250.0,11.13456711));
#5838=AXIS2_PLACEMENT_3D('',#7065,#7066,#7067);
#5839=CARTESIAN_POINT('',(13.65,1250.0,8.86543289));
#5840=CARTESIAN_POINT('',(13.65,1250.0,5.0));
#5841=VECTOR('',#7068,1.0);
#5842=CARTESIAN_POINT('',(14.52867966,1250.0,6.74411255));
#5843=AXIS2_PLACEMENT_3D('',#7069,#7070,#7071);
#5844=CARTESIAN_POINT('',(16.7789844958306,1250.0,4.49380770583059));
#5845=CARTESIAN_POINT('',(13.1451140925,1250.0,8.1276781175));
#5846=VECTOR('',#7072,1.0);
#5847=CARTESIAN_POINT('',(18.2,1250.0,5.0824116));
#5848=AXIS2_PLACEMENT_3D('',#7073,#7074,#7075);
#5849=CARTESIAN_POINT('',(18.2000000001,1250.0,7.2));
#5850=CARTESIAN_POINT('',(18.2,1250.0,3.0706029));
#5851=VECTOR('',#7076,1.0);
#5852=CARTESIAN_POINT('',(18.5,1250.0,7.5));
#5853=AXIS2_PLACEMENT_3D('',#7077,#7078,#7079);
#5854=CARTESIAN_POINT('',(19.2,1250.0,7.4999999999));
#5855=CARTESIAN_POINT('',(9.425,1250.0,7.5));
#5856=VECTOR('',#7080,1.0);
#5857=CARTESIAN_POINT('',(20.0,1250.0,6.7));
#5858=AXIS2_PLACEMENT_3D('',#7081,#7082,#7083);
#5859=CARTESIAN_POINT('',(19.9999999999,1250.0,-6.7));
#5860=CARTESIAN_POINT('',(20.0,1250.0,18.0));
#5861=VECTOR('',#7084,1.0);
#5862=CARTESIAN_POINT('',(19.2,1250.0,-7.5));
#5863=AXIS2_PLACEMENT_3D('',#7085,#7086,#7087);
#5864=CARTESIAN_POINT('',(18.5,1250.0,-7.4999999999));
#5865=CARTESIAN_POINT('',(9.425,1250.0,-7.5));
#5866=VECTOR('',#7088,1.0);
#5867=CARTESIAN_POINT('',(18.2,1250.0,-7.2));
#5868=AXIS2_PLACEMENT_3D('',#7089,#7090,#7091);
#5869=CARTESIAN_POINT('',(18.1999999941036,1250.0,-5.0824116));
#5870=CARTESIAN_POINT('',(18.2,1250.0,-3.0706029));
#5871=VECTOR('',#7092,1.0);
#5872=CARTESIAN_POINT('',(16.7789845,1250.0,-4.49380771));
#5873=AXIS2_PLACEMENT_3D('',#7093,#7094,#7095);
#5874=CARTESIAN_POINT('',(14.5286796564404,1250.0,-6.74411254644036));
#5875=CARTESIAN_POINT('',(13.1451140925,1250.0,-8.1276781175));
#5876=VECTOR('',#7096,1.0);
#5877=CARTESIAN_POINT('',(13.65,1250.0,-8.86543289));
#5878=AXIS2_PLACEMENT_3D('',#7097,#7098,#7099);
#5879=CARTESIAN_POINT('',(13.65,1250.0,-11.13456711));
#5880=CARTESIAN_POINT('',(13.65,1250.0,-5.0));
#5881=VECTOR('',#7100,1.0);
#5882=CARTESIAN_POINT('',(14.52867966,1250.0,-13.25588745));
#5883=AXIS2_PLACEMENT_3D('',#7101,#7102,#7103);
#5884=CARTESIAN_POINT('',(16.7789844958306,1250.0,-15.5061922941694));
#5885=CARTESIAN_POINT('',(8.1451140925,1250.0,-6.8723218825));
#5886=VECTOR('',#7104,1.0);
#5887=CARTESIAN_POINT('',(18.2,1250.0,-14.9175884));
#5888=AXIS2_PLACEMENT_3D('',#7105,#7106,#7107);
#5889=CARTESIAN_POINT('',(18.2000000001,1250.0,-12.8));
#5890=CARTESIAN_POINT('',(18.2,1250.0,-6.9293971));
#5891=VECTOR('',#7108,1.0);
#5892=CARTESIAN_POINT('',(18.5,1250.0,-12.5));
#5893=AXIS2_PLACEMENT_3D('',#7109,#7110,#7111);
#5894=CARTESIAN_POINT('',(19.2,1250.0,-12.5000000001));
#5895=CARTESIAN_POINT('',(9.425,1250.0,-12.5));
#5896=VECTOR('',#7112,1.0);
#5897=CARTESIAN_POINT('',(20.0,1250.0,-13.3));
#5898=AXIS2_PLACEMENT_3D('',#7113,#7114,#7115);
#5899=CARTESIAN_POINT('',(20.0,1250.0,-18.0));
#5900=CARTESIAN_POINT('',(20.0,1250.0,18.0));
#5901=VECTOR('',#7116,1.0);
#5902=CARTESIAN_POINT('',(18.0,1250.0,-20.0));
#5903=AXIS2_PLACEMENT_3D('',#7117,#7118,#7119);
#5904=CARTESIAN_POINT('',(13.3,1250.0,-19.9999999999));
#5905=CARTESIAN_POINT('',(18.0,1250.0,-20.0));
#5906=VECTOR('',#7120,1.0);
#5907=CARTESIAN_POINT('',(12.5,1250.0,-19.2));
#5908=AXIS2_PLACEMENT_3D('',#7121,#7122,#7123);
#5909=CARTESIAN_POINT('',(12.5000000001,1250.0,-18.5));
#5910=CARTESIAN_POINT('',(12.5,1250.0,-9.425));
#5911=VECTOR('',#7124,1.0);
#5912=CARTESIAN_POINT('',(12.8,1250.0,-18.2));
#5913=AXIS2_PLACEMENT_3D('',#7125,#7126,#7127);
#5914=CARTESIAN_POINT('',(14.9175884,1250.0,-18.1999999941036));
#5915=CARTESIAN_POINT('',(6.9293971,1250.0,-18.2));
#5916=VECTOR('',#7128,1.0);
#5917=CARTESIAN_POINT('',(15.50619229,1250.0,-16.7789845));
#5918=AXIS2_PLACEMENT_3D('',#7129,#7130,#7131);
#5919=CARTESIAN_POINT('',(13.2558874535596,1250.0,-14.5286796564404));
#5920=CARTESIAN_POINT('',(6.8723218825,1250.0,-8.1451140925));
#5921=VECTOR('',#7132,1.0);
#5922=CARTESIAN_POINT('',(11.13456711,1250.0,-13.65));
#5923=AXIS2_PLACEMENT_3D('',#7133,#7134,#7135);
#5924=CARTESIAN_POINT('',(8.86543289,1250.0,-13.65));
#5925=CARTESIAN_POINT('',(5.0,1250.0,-13.65));
#5926=VECTOR('',#7136,1.0);
#5927=CARTESIAN_POINT('',(6.74411255,1250.0,-14.52867966));
#5928=AXIS2_PLACEMENT_3D('',#7137,#7138,#7139);
#5929=CARTESIAN_POINT('',(4.49380770583059,1250.0,-16.7789844958306));
#5930=CARTESIAN_POINT('',(8.1276781175,1250.0,-13.1451140925));
#5931=VECTOR('',#7140,1.0);
#5932=CARTESIAN_POINT('',(5.0824116,1250.0,-18.2));
#5933=AXIS2_PLACEMENT_3D('',#7141,#7142,#7143);
#5934=CARTESIAN_POINT('',(7.2,1250.0,-18.2000000001));
#5935=CARTESIAN_POINT('',(3.0706029,1250.0,-18.2));
#5936=VECTOR('',#7144,1.0);
#5937=CARTESIAN_POINT('',(7.5,1250.0,-18.5));
#5938=AXIS2_PLACEMENT_3D('',#7145,#7146,#7147);
#5939=CARTESIAN_POINT('',(7.4999999999,1250.0,-19.2));
#5940=CARTESIAN_POINT('',(7.5,1250.0,-9.425));
#5941=VECTOR('',#7148,1.0);
#5942=CARTESIAN_POINT('',(6.7,1250.0,-20.0));
#5943=AXIS2_PLACEMENT_3D('',#7149,#7150,#7151);
#5944=CARTESIAN_POINT('',(-6.7,1250.0,-19.9999999999));
#5945=CARTESIAN_POINT('',(18.0,1250.0,-20.0));
#5946=VECTOR('',#7152,1.0);
#5947=CARTESIAN_POINT('',(-7.5,1250.0,-19.2));
#5948=AXIS2_PLACEMENT_3D('',#7153,#7154,#7155);
#5949=CARTESIAN_POINT('',(-7.4999999999,1250.0,-18.5));
#5950=CARTESIAN_POINT('',(-7.5,1250.0,-9.425));
#5951=VECTOR('',#7156,1.0);
#5952=CARTESIAN_POINT('',(-7.2,1250.0,-18.2));
#5953=AXIS2_PLACEMENT_3D('',#7157,#7158,#7159);
#5954=CARTESIAN_POINT('',(-5.0824116,1250.0,-18.1999999941036));
#5955=CARTESIAN_POINT('',(-3.0706029,1250.0,-18.2));
#5956=VECTOR('',#7160,1.0);
#5957=CARTESIAN_POINT('',(-4.49380771,1250.0,-16.7789845));
#5958=AXIS2_PLACEMENT_3D('',#7161,#7162,#7163);
#5959=CARTESIAN_POINT('',(-6.74411254644036,1250.0,-14.5286796564404));
#5960=CARTESIAN_POINT('',(-8.1276781175,1250.0,-13.1451140925));
#5961=VECTOR('',#7164,1.0);
#5962=CARTESIAN_POINT('',(-8.86543289,1250.0,-13.65));
#5963=AXIS2_PLACEMENT_3D('',#7165,#7166,#7167);
#5964=CARTESIAN_POINT('',(-11.13456711,1250.0,-13.65));
#5965=CARTESIAN_POINT('',(-5.0,1250.0,-13.65));
#5966=VECTOR('',#7168,1.0);
#5967=CARTESIAN_POINT('',(-13.25588745,1250.0,-14.52867966));
#5968=AXIS2_PLACEMENT_3D('',#7169,#7170,#7171);
#5969=CARTESIAN_POINT('',(-15.5061922941694,1250.0,-16.7789844958306));
#5970=CARTESIAN_POINT('',(-6.8723218825,1250.0,-8.1451140925));
#5971=VECTOR('',#7172,1.0);
#5972=CARTESIAN_POINT('',(-14.9175884,1250.0,-18.2));
#5973=AXIS2_PLACEMENT_3D('',#7173,#7174,#7175);
#5974=CARTESIAN_POINT('',(-12.8,1250.0,-18.2000000001));
#5975=CARTESIAN_POINT('',(-6.9293971,1250.0,-18.2));
#5976=VECTOR('',#7176,1.0);
#5977=CARTESIAN_POINT('',(-12.5,1250.0,-18.5));
#5978=AXIS2_PLACEMENT_3D('',#7177,#7178,#7179);
#5979=CARTESIAN_POINT('',(-12.5000000001,1250.0,-19.2));
#5980=CARTESIAN_POINT('',(-12.5,1250.0,-9.425));
#5981=VECTOR('',#7180,1.0);
#5982=CARTESIAN_POINT('',(-13.3,1250.0,-20.0));
#5983=AXIS2_PLACEMENT_3D('',#7181,#7182,#7183);
#5984=CARTESIAN_POINT('',(-18.0,1250.0,-20.0));
#5985=CARTESIAN_POINT('',(18.0,1250.0,-20.0));
#5986=VECTOR('',#7184,1.0);
#5987=CARTESIAN_POINT('',(-20.0,1250.0,-18.0));
#5988=AXIS2_PLACEMENT_3D('',#7185,#7186,#7187);
#5989=CARTESIAN_POINT('',(-19.9999999999,1250.0,-13.3));
#5990=CARTESIAN_POINT('',(-20.0,1250.0,-18.0));
#5991=VECTOR('',#7188,1.0);
#5992=CARTESIAN_POINT('',(-19.2,1250.0,-12.5));
#5993=AXIS2_PLACEMENT_3D('',#7189,#7190,#7191);
#5994=CARTESIAN_POINT('',(-18.5,1250.0,-12.5000000001));
#5995=CARTESIAN_POINT('',(-9.425,1250.0,-12.5));
#5996=VECTOR('',#7192,1.0);
#5997=CARTESIAN_POINT('',(-18.2,1250.0,-12.8));
#5998=AXIS2_PLACEMENT_3D('',#7193,#7194,#7195);
#5999=CARTESIAN_POINT('',(-18.1999999941036,1250.0,-14.9175884));
#6000=CARTESIAN_POINT('',(-18.2,1250.0,-6.9293971));
#6001=VECTOR('',#7196,1.0);
#6002=CARTESIAN_POINT('',(-16.7789845,1250.0,-15.50619229));
#6003=AXIS2_PLACEMENT_3D('',#7197,#7198,#7199);
#6004=CARTESIAN_POINT('',(-14.5286796564404,1250.0,-13.2558874535596));
#6005=CARTESIAN_POINT('',(-8.1451140925,1250.0,-6.8723218825));
#6006=VECTOR('',#7200,1.0);
#6007=CARTESIAN_POINT('',(-13.65,1250.0,-11.13456711));
#6008=AXIS2_PLACEMENT_3D('',#7201,#7202,#7203);
#6009=CARTESIAN_POINT('',(-13.65,1250.0,-8.86543289));
#6010=CARTESIAN_POINT('',(-13.65,1250.0,-5.0));
#6011=VECTOR('',#7204,1.0);
#6012=CARTESIAN_POINT('',(-14.52867966,1250.0,-6.74411255));
#6013=AXIS2_PLACEMENT_3D('',#7205,#7206,#7207);
#6014=CARTESIAN_POINT('',(-16.7789844958306,1250.0,-4.49380770583059));
#6015=CARTESIAN_POINT('',(-13.1451140925,1250.0,-8.1276781175));
#6016=VECTOR('',#7208,1.0);
#6017=CARTESIAN_POINT('',(-18.2,1250.0,-5.0824116));
#6018=AXIS2_PLACEMENT_3D('',#7209,#7210,#7211);
#6019=CARTESIAN_POINT('',(-18.2000000001,1250.0,-7.2));
#6020=CARTESIAN_POINT('',(-18.2,1250.0,-3.0706029));
#6021=VECTOR('',#7212,1.0);
#6022=CARTESIAN_POINT('',(-18.5,1250.0,-7.5));
#6023=AXIS2_PLACEMENT_3D('',#7213,#7214,#7215);
#6024=CARTESIAN_POINT('',(-19.2,1250.0,-7.4999999999));
#6025=CARTESIAN_POINT('',(-9.425,1250.0,-7.5));
#6026=VECTOR('',#7216,1.0);
#6027=CARTESIAN_POINT('',(-20.0,1250.0,-6.7));
#6028=AXIS2_PLACEMENT_3D('',#7217,#7218,#7219);
#6029=CARTESIAN_POINT('',(-20.0,1250.0,-18.0));
#6030=VECTOR('',#7220,1.0);
#6031=COLOUR_RGB('',0.850980401039124,0.839215695858002,0.858823537826538);
#6032=CARTESIAN_POINT('',(-20.0,-1250.0,18.0));
#6033=CARTESIAN_POINT('',(-20.0,-1250.0,-18.0));
#6034=VECTOR('',#7221,1.0);
#6035=CARTESIAN_POINT('',(-20.0,1250.0,18.0));
#6036=VECTOR('',#7222,1.0);
#6037=COLOUR_RGB('',0.850980401039124,0.839215695858002,0.858823537826538);
#6038=CARTESIAN_POINT('',(-13.65,-1250.0,-11.13456711));
#6039=CARTESIAN_POINT('',(-14.5286796564404,-1250.0,-13.2558874535596));
#6040=AXIS2_PLACEMENT_3D('',#7223,#7224,#7225);
#6041=CARTESIAN_POINT('',(-13.65,1250.0,-11.13456711));
#6042=VECTOR('',#7226,1.0);
#6043=CARTESIAN_POINT('',(-14.5286796564404,1250.0,-13.2558874535596));
#6044=VECTOR('',#7227,1.0);
#6045=COLOUR_RGB('',0.850980401039124,0.839215695858002,0.858823537826538);
#6046=CARTESIAN_POINT('',(-16.7789845,-1250.0,-15.50619229));
#6047=CARTESIAN_POINT('',(-8.1451140925,-1250.0,-6.8723218825));
#6048=VECTOR('',#7228,1.0);
#6049=CARTESIAN_POINT('',(-16.7789845,1250.0,-15.50619229));
#6050=VECTOR('',#7229,1.0);
#6051=COLOUR_RGB('',0.850980401039124,0.839215695858002,0.858823537826538);
#6052=CARTESIAN_POINT('',(-18.1999999941036,-1250.0,-14.9175884));
#6053=AXIS2_PLACEMENT_3D('',#7230,#7231,#7232);
#6054=CARTESIAN_POINT('',(-18.1999999941036,1250.0,-14.9175884));
#6055=VECTOR('',#7233,1.0);
#6056=COLOUR_RGB('',0.850980401039124,0.839215695858002,0.858823537826538);
#6057=CARTESIAN_POINT('',(-18.2,-1250.0,-12.8));
#6058=CARTESIAN_POINT('',(-18.2,-1250.0,-6.9293971));
#6059=VECTOR('',#7234,1.0);
#6060=CARTESIAN_POINT('',(-18.2,1250.0,-12.8));
#6061=VECTOR('',#7235,1.0);
#6062=COLOUR_RGB('',0.850980401039124,0.839215695858002,0.858823537826538);
#6063=CARTESIAN_POINT('',(-18.5,-1250.0,-12.5000000001));
#6064=AXIS2_PLACEMENT_3D('',#7236,#7237,#7238);
#6065=CARTESIAN_POINT('',(-18.5,1250.0,-12.5000000001));
#6066=VECTOR('',#7239,1.0);
#6067=COLOUR_RGB('',0.850980401039124,0.839215695858002,0.858823537826538);
#6068=CARTESIAN_POINT('',(-19.2,-1250.0,-12.5));
#6069=CARTESIAN_POINT('',(-9.425,-1250.0,-12.5));
#6070=VECTOR('',#7240,1.0);
#6071=CARTESIAN_POINT('',(-19.2,1250.0,-12.5));
#6072=VECTOR('',#7241,1.0);
#6073=COLOUR_RGB('',0.850980401039124,0.839215695858002,0.858823537826538);
#6074=CARTESIAN_POINT('',(-19.9999999999,-1250.0,-13.3));
#6075=AXIS2_PLACEMENT_3D('',#7242,#7243,#7244);
#6076=CARTESIAN_POINT('',(-20.0,0.0,-13.3000000001));
#6077=VECTOR('',#7245,1.0);
#6078=COLOUR_RGB('',0.850980401039124,0.839215695858002,0.858823537826538);
#6079=CARTESIAN_POINT('',(-20.0,-1250.0,-6.7));
#6080=CARTESIAN_POINT('',(-19.2,-1250.0,-7.4999999999));
#6081=AXIS2_PLACEMENT_3D('',#7246,#7247,#7248);
#6082=CARTESIAN_POINT('',(-20.0,1250.0,-6.7));
#6083=VECTOR('',#7249,1.0);
#6084=CARTESIAN_POINT('',(-19.2,1250.0,-7.4999999999));
#6085=VECTOR('',#7250,1.0);
#6086=COLOUR_RGB('',0.850980401039124,0.839215695858002,0.858823537826538);
#6087=CARTESIAN_POINT('',(-18.5,-1250.0,-7.5));
#6088=CARTESIAN_POINT('',(-9.425,-1250.0,-7.5));
#6089=VECTOR('',#7251,1.0);
#6090=CARTESIAN_POINT('',(-18.5,1250.0,-7.5));
#6091=VECTOR('',#7252,1.0);
#6092=COLOUR_RGB('',0.850980401039124,0.839215695858002,0.858823537826538);
#6093=CARTESIAN_POINT('',(-18.2000000001,-1250.0,-7.2));
#6094=AXIS2_PLACEMENT_3D('',#7253,#7254,#7255);
#6095=CARTESIAN_POINT('',(-18.2000000001,1250.0,-7.2));
#6096=VECTOR('',#7256,1.0);
#6097=COLOUR_RGB('',0.850980401039124,0.839215695858002,0.858823537826538);
#6098=CARTESIAN_POINT('',(-18.2,-1250.0,-5.0824116));
#6099=CARTESIAN_POINT('',(-18.2,-1250.0,-3.0706029));
#6100=VECTOR('',#7257,1.0);
#6101=CARTESIAN_POINT('',(-18.2,1250.0,-5.0824116));
#6102=VECTOR('',#7258,1.0);
#6103=COLOUR_RGB('',0.850980401039124,0.839215695858002,0.858823537826538);
#6104=CARTESIAN_POINT('',(-16.7789844958306,-1250.0,-4.49380770583059));
#6105=AXIS2_PLACEMENT_3D('',#7259,#7260,#7261);
#6106=CARTESIAN_POINT('',(-16.7789844958306,1250.0,-4.49380770583059));
#6107=VECTOR('',#7262,1.0);
#6108=COLOUR_RGB('',0.850980401039124,0.839215695858002,0.858823537826538);
#6109=CARTESIAN_POINT('',(-14.52867966,-1250.0,-6.74411255));
#6110=CARTESIAN_POINT('',(-13.1451140925,-1250.0,-8.1276781175));
#6111=VECTOR('',#7263,1.0);
#6112=CARTESIAN_POINT('',(-14.52867966,1250.0,-6.74411255));
#6113=VECTOR('',#7264,1.0);
#6114=COLOUR_RGB('',0.850980401039124,0.839215695858002,0.858823537826538);
#6115=CARTESIAN_POINT('',(-13.65,-1250.0,-8.86543289));
#6116=AXIS2_PLACEMENT_3D('',#7265,#7266,#7267);
#6117=CARTESIAN_POINT('',(-13.65,1250.0,-8.86543289));
#6118=VECTOR('',#7268,1.0);
#6119=COLOUR_RGB('',0.850980401039124,0.839215695858002,0.858823537826538);
#6120=CARTESIAN_POINT('',(-13.65,-1250.0,-5.0));
#6121=VECTOR('',#7269,1.0);
#6122=COLOUR_RGB('',0.850980401039124,0.839215695858002,0.858823537826538);
#6123=CARTESIAN_POINT('',(-20.0,-1250.0,-18.0));
#6124=VECTOR('',#7270,1.0);
#6125=COLOUR_RGB('',0.850980401039124,0.839215695858002,0.858823537826538);
#6126=CARTESIAN_POINT('',(13.65,-1250.0,11.13456711));
#6127=CARTESIAN_POINT('',(14.5286796564404,-1250.0,13.2558874535596));
#6128=AXIS2_PLACEMENT_3D('',#7271,#7272,#7273);
#6129=CARTESIAN_POINT('',(13.65,1250.0,11.13456711));
#6130=VECTOR('',#7274,1.0);
#6131=CARTESIAN_POINT('',(14.5286796564404,1250.0,13.2558874535596));
#6132=VECTOR('',#7275,1.0);
#6133=COLOUR_RGB('',0.850980401039124,0.839215695858002,0.858823537826538);
#6134=CARTESIAN_POINT('',(16.7789845,-1250.0,15.50619229));
#6135=CARTESIAN_POINT('',(8.1451140925,-1250.0,6.8723218825));
#6136=VECTOR('',#7276,1.0);
#6137=CARTESIAN_POINT('',(16.7789845,1250.0,15.50619229));
#6138=VECTOR('',#7277,1.0);
#6139=COLOUR_RGB('',0.850980401039124,0.839215695858002,0.858823537826538);
#6140=CARTESIAN_POINT('',(18.1999999941036,-1250.0,14.9175884));
#6141=AXIS2_PLACEMENT_3D('',#7278,#7279,#7280);
#6142=CARTESIAN_POINT('',(18.1999999941036,1250.0,14.9175884));
#6143=VECTOR('',#7281,1.0);
#6144=COLOUR_RGB('',0.850980401039124,0.839215695858002,0.858823537826538);
#6145=CARTESIAN_POINT('',(18.2,-1250.0,12.8));
#6146=CARTESIAN_POINT('',(18.2,-1250.0,6.9293971));
#6147=VECTOR('',#7282,1.0);
#6148=CARTESIAN_POINT('',(18.2,1250.0,12.8));
#6149=VECTOR('',#7283,1.0);
#6150=COLOUR_RGB('',0.850980401039124,0.839215695858002,0.858823537826538);
#6151=CARTESIAN_POINT('',(18.5,-1250.0,12.5000000001));
#6152=AXIS2_PLACEMENT_3D('',#7284,#7285,#7286);
#6153=CARTESIAN_POINT('',(18.5,1250.0,12.5000000001));
#6154=VECTOR('',#7287,1.0);
#6155=COLOUR_RGB('',0.850980401039124,0.839215695858002,0.858823537826538);
#6156=CARTESIAN_POINT('',(19.2,-1250.0,12.5));
#6157=CARTESIAN_POINT('',(9.425,-1250.0,12.5));
#6158=VECTOR('',#7288,1.0);
#6159=CARTESIAN_POINT('',(19.2,1250.0,12.5));
#6160=VECTOR('',#7289,1.0);
#6161=COLOUR_RGB('',0.850980401039124,0.839215695858002,0.858823537826538);
#6162=CARTESIAN_POINT('',(19.9999999999,-1250.0,13.3));
#6163=AXIS2_PLACEMENT_3D('',#7290,#7291,#7292);
#6164=CARTESIAN_POINT('',(20.0,0.0,13.3000000001));
#6165=VECTOR('',#7293,1.0);
#6166=COLOUR_RGB('',0.850980401039124,0.839215695858002,0.858823537826538);
#6167=CARTESIAN_POINT('',(20.0,-1250.0,6.7));
#6168=CARTESIAN_POINT('',(19.2,-1250.0,7.4999999999));
#6169=AXIS2_PLACEMENT_3D('',#7294,#7295,#7296);
#6170=CARTESIAN_POINT('',(20.0,1250.0,6.7));
#6171=VECTOR('',#7297,1.0);
#6172=CARTESIAN_POINT('',(19.2,1250.0,7.4999999999));
#6173=VECTOR('',#7298,1.0);
#6174=COLOUR_RGB('',0.850980401039124,0.839215695858002,0.858823537826538);
#6175=CARTESIAN_POINT('',(18.5,-1250.0,7.5));
#6176=CARTESIAN_POINT('',(9.425,-1250.0,7.5));
#6177=VECTOR('',#7299,1.0);
#6178=CARTESIAN_POINT('',(18.5,1250.0,7.5));
#6179=VECTOR('',#7300,1.0);
#6180=COLOUR_RGB('',0.850980401039124,0.839215695858002,0.858823537826538);
#6181=CARTESIAN_POINT('',(18.2000000001,-1250.0,7.2));
#6182=AXIS2_PLACEMENT_3D('',#7301,#7302,#7303);
#6183=CARTESIAN_POINT('',(18.2000000001,1250.0,7.2));
#6184=VECTOR('',#7304,1.0);
#6185=COLOUR_RGB('',0.850980401039124,0.839215695858002,0.858823537826538);
#6186=CARTESIAN_POINT('',(18.2,-1250.0,5.0824116));
#6187=CARTESIAN_POINT('',(18.2,-1250.0,3.0706029));
#6188=VECTOR('',#7305,1.0);
#6189=CARTESIAN_POINT('',(18.2,1250.0,5.0824116));
#6190=VECTOR('',#7306,1.0);
#6191=COLOUR_RGB('',0.850980401039124,0.839215695858002,0.858823537826538);
#6192=CARTESIAN_POINT('',(16.7789844958306,-1250.0,4.49380770583059));
#6193=AXIS2_PLACEMENT_3D('',#7307,#7308,#7309);
#6194=CARTESIAN_POINT('',(16.7789844958306,1250.0,4.49380770583059));
#6195=VECTOR('',#7310,1.0);
#6196=COLOUR_RGB('',0.850980401039124,0.839215695858002,0.858823537826538);
#6197=CARTESIAN_POINT('',(14.52867966,-1250.0,6.74411255));
#6198=CARTESIAN_POINT('',(13.1451140925,-1250.0,8.1276781175));
#6199=VECTOR('',#7311,1.0);
#6200=CARTESIAN_POINT('',(14.52867966,1250.0,6.74411255));
#6201=VECTOR('',#7312,1.0);
#6202=COLOUR_RGB('',0.850980401039124,0.839215695858002,0.858823537826538);
#6203=CARTESIAN_POINT('',(13.65,-1250.0,8.86543289));
#6204=AXIS2_PLACEMENT_3D('',#7313,#7314,#7315);
#6205=CARTESIAN_POINT('',(13.65,1250.0,8.86543289));
#6206=VECTOR('',#7316,1.0);
#6207=COLOUR_RGB('',0.850980401039124,0.839215695858002,0.858823537826538);
#6208=CARTESIAN_POINT('',(13.65,-1250.0,5.0));
#6209=VECTOR('',#7317,1.0);
#6210=COLOUR_RGB('',0.850980401039124,0.839215695858002,0.858823537826538);
#6211=CARTESIAN_POINT('',(19.9999999999,-1250.0,-6.7));
#6212=CARTESIAN_POINT('',(20.0,-1250.0,18.0));
#6213=VECTOR('',#7318,1.0);
#6214=CARTESIAN_POINT('',(20.0,0.0,-6.6999999999));
#6215=VECTOR('',#7319,1.0);
#6216=COLOUR_RGB('',0.850980401039124,0.839215695858002,0.858823537826538);
#6217=CARTESIAN_POINT('',(13.65,-1250.0,-8.86543289));
#6218=CARTESIAN_POINT('',(14.5286796564404,-1250.0,-6.74411254644036));
#6219=AXIS2_PLACEMENT_3D('',#7320,#7321,#7322);
#6220=CARTESIAN_POINT('',(13.65,1250.0,-8.86543289));
#6221=VECTOR('',#7323,1.0);
#6222=CARTESIAN_POINT('',(14.5286796564404,1250.0,-6.74411254644036));
#6223=VECTOR('',#7324,1.0);
#6224=COLOUR_RGB('',0.850980401039124,0.839215695858002,0.858823537826538);
#6225=CARTESIAN_POINT('',(16.7789845,-1250.0,-4.49380771));
#6226=CARTESIAN_POINT('',(13.1451140925,-1250.0,-8.1276781175));
#6227=VECTOR('',#7325,1.0);
#6228=CARTESIAN_POINT('',(16.7789845,1250.0,-4.49380771));
#6229=VECTOR('',#7326,1.0);
#6230=COLOUR_RGB('',0.850980401039124,0.839215695858002,0.858823537826538);
#6231=CARTESIAN_POINT('',(18.1999999941036,-1250.0,-5.0824116));
#6232=AXIS2_PLACEMENT_3D('',#7327,#7328,#7329);
#6233=CARTESIAN_POINT('',(18.1999999941036,1250.0,-5.0824116));
#6234=VECTOR('',#7330,1.0);
#6235=COLOUR_RGB('',0.850980401039124,0.839215695858002,0.858823537826538);
#6236=CARTESIAN_POINT('',(18.2,-1250.0,-7.2));
#6237=CARTESIAN_POINT('',(18.2,-1250.0,-3.0706029));
#6238=VECTOR('',#7331,1.0);
#6239=CARTESIAN_POINT('',(18.2,1250.0,-7.2));
#6240=VECTOR('',#7332,1.0);
#6241=COLOUR_RGB('',0.850980401039124,0.839215695858002,0.858823537826538);
#6242=CARTESIAN_POINT('',(18.5,-1250.0,-7.4999999999));
#6243=AXIS2_PLACEMENT_3D('',#7333,#7334,#7335);
#6244=CARTESIAN_POINT('',(18.5,1250.0,-7.4999999999));
#6245=VECTOR('',#7336,1.0);
#6246=COLOUR_RGB('',0.850980401039124,0.839215695858002,0.858823537826538);
#6247=CARTESIAN_POINT('',(19.2,-1250.0,-7.5));
#6248=CARTESIAN_POINT('',(9.425,-1250.0,-7.5));
#6249=VECTOR('',#7337,1.0);
#6250=CARTESIAN_POINT('',(19.2,1250.0,-7.5));
#6251=VECTOR('',#7338,1.0);
#6252=COLOUR_RGB('',0.850980401039124,0.839215695858002,0.858823537826538);
#6253=AXIS2_PLACEMENT_3D('',#7339,#7340,#7341);
#6254=COLOUR_RGB('',0.850980401039124,0.839215695858002,0.858823537826538);
#6255=CARTESIAN_POINT('',(20.0,-1250.0,-13.3));
#6256=CARTESIAN_POINT('',(19.2,-1250.0,-12.5000000001));
#6257=AXIS2_PLACEMENT_3D('',#7342,#7343,#7344);
#6258=CARTESIAN_POINT('',(20.0,1250.0,-13.3));
#6259=VECTOR('',#7345,1.0);
#6260=CARTESIAN_POINT('',(19.2,1250.0,-12.5000000001));
#6261=VECTOR('',#7346,1.0);
#6262=COLOUR_RGB('',0.850980401039124,0.839215695858002,0.858823537826538);
#6263=CARTESIAN_POINT('',(18.5,-1250.0,-12.5));
#6264=CARTESIAN_POINT('',(9.425,-1250.0,-12.5));
#6265=VECTOR('',#7347,1.0);
#6266=CARTESIAN_POINT('',(18.5,1250.0,-12.5));
#6267=VECTOR('',#7348,1.0);
#6268=COLOUR_RGB('',0.850980401039124,0.839215695858002,0.858823537826538);
#6269=CARTESIAN_POINT('',(18.2000000001,-1250.0,-12.8));
#6270=AXIS2_PLACEMENT_3D('',#7349,#7350,#7351);
#6271=CARTESIAN_POINT('',(18.2000000001,1250.0,-12.8));
#6272=VECTOR('',#7352,1.0);
#6273=COLOUR_RGB('',0.850980401039124,0.839215695858002,0.858823537826538);
#6274=CARTESIAN_POINT('',(18.2,-1250.0,-14.9175884));
#6275=CARTESIAN_POINT('',(18.2,-1250.0,-6.9293971));
#6276=VECTOR('',#7353,1.0);
#6277=CARTESIAN_POINT('',(18.2,1250.0,-14.9175884));
#6278=VECTOR('',#7354,1.0);
#6279=COLOUR_RGB('',0.850980401039124,0.839215695858002,0.858823537826538);
#6280=CARTESIAN_POINT('',(16.7789844958306,-1250.0,-15.5061922941694));
#6281=AXIS2_PLACEMENT_3D('',#7355,#7356,#7357);
#6282=CARTESIAN_POINT('',(16.7789844958306,1250.0,-15.5061922941694));
#6283=VECTOR('',#7358,1.0);
#6284=COLOUR_RGB('',0.850980401039124,0.839215695858002,0.858823537826538);
#6285=CARTESIAN_POINT('',(14.52867966,-1250.0,-13.25588745));
#6286=CARTESIAN_POINT('',(8.1451140925,-1250.0,-6.8723218825));
#6287=VECTOR('',#7359,1.0);
#6288=CARTESIAN_POINT('',(14.52867966,1250.0,-13.25588745));
#6289=VECTOR('',#7360,1.0);
#6290=COLOUR_RGB('',0.850980401039124,0.839215695858002,0.858823537826538);
#6291=CARTESIAN_POINT('',(13.65,-1250.0,-11.13456711));
#6292=AXIS2_PLACEMENT_3D('',#7361,#7362,#7363);
#6293=CARTESIAN_POINT('',(13.65,1250.0,-11.13456711));
#6294=VECTOR('',#7364,1.0);
#6295=COLOUR_RGB('',0.850980401039124,0.839215695858002,0.858823537826538);
#6296=CARTESIAN_POINT('',(13.65,-1250.0,-5.0));
#6297=VECTOR('',#7365,1.0);
#6298=COLOUR_RGB('',0.850980401039124,0.839215695858002,0.858823537826538);
#6299=CARTESIAN_POINT('',(20.0,-1250.0,-18.0));
#6300=CARTESIAN_POINT('',(20.0,-1250.0,18.0));
#6301=VECTOR('',#7366,1.0);
#6302=CARTESIAN_POINT('',(20.0,1250.0,-18.0));
#6303=VECTOR('',#7367,1.0);
#6304=COLOUR_RGB('',0.850980401039124,0.839215695858002,0.858823537826538);
#6305=CARTESIAN_POINT('',(11.13456711,-1250.0,-13.65));
#6306=CARTESIAN_POINT('',(13.2558874535596,-1250.0,-14.5286796564404));
#6307=AXIS2_PLACEMENT_3D('',#7368,#7369,#7370);
#6308=CARTESIAN_POINT('',(11.13456711,1250.0,-13.65));
#6309=VECTOR('',#7371,1.0);
#6310=CARTESIAN_POINT('',(13.2558874535596,1250.0,-14.5286796564404));
#6311=VECTOR('',#7372,1.0);
#6312=COLOUR_RGB('',0.850980401039124,0.839215695858002,0.858823537826538);
#6313=CARTESIAN_POINT('',(15.50619229,-1250.0,-16.7789845));
#6314=CARTESIAN_POINT('',(6.8723218825,-1250.0,-8.1451140925));
#6315=VECTOR('',#7373,1.0);
#6316=CARTESIAN_POINT('',(15.50619229,1250.0,-16.7789845));
#6317=VECTOR('',#7374,1.0);
#6318=COLOUR_RGB('',0.850980401039124,0.839215695858002,0.858823537826538);
#6319=CARTESIAN_POINT('',(14.9175884,-1250.0,-18.1999999941036));
#6320=AXIS2_PLACEMENT_3D('',#7375,#7376,#7377);
#6321=CARTESIAN_POINT('',(14.9175884,1250.0,-18.1999999941036));
#6322=VECTOR('',#7378,1.0);
#6323=COLOUR_RGB('',0.850980401039124,0.839215695858002,0.858823537826538);
#6324=CARTESIAN_POINT('',(12.8,-1250.0,-18.2));
#6325=CARTESIAN_POINT('',(6.9293971,-1250.0,-18.2));
#6326=VECTOR('',#7379,1.0);
#6327=CARTESIAN_POINT('',(12.8,1250.0,-18.2));
#6328=VECTOR('',#7380,1.0);
#6329=COLOUR_RGB('',0.850980401039124,0.839215695858002,0.858823537826538);
#6330=CARTESIAN_POINT('',(12.5000000001,-1250.0,-18.5));
#6331=AXIS2_PLACEMENT_3D('',#7381,#7382,#7383);
#6332=CARTESIAN_POINT('',(12.5000000001,1250.0,-18.5));
#6333=VECTOR('',#7384,1.0);
#6334=COLOUR_RGB('',0.850980401039124,0.839215695858002,0.858823537826538);
#6335=CARTESIAN_POINT('',(12.5,-1250.0,-19.2));
#6336=CARTESIAN_POINT('',(12.5,-1250.0,-9.425));
#6337=VECTOR('',#7385,1.0);
#6338=CARTESIAN_POINT('',(12.5,1250.0,-19.2));
#6339=VECTOR('',#7386,1.0);
#6340=COLOUR_RGB('',0.850980401039124,0.839215695858002,0.858823537826538);
#6341=CARTESIAN_POINT('',(13.3,-1250.0,-19.9999999999));
#6342=AXIS2_PLACEMENT_3D('',#7387,#7388,#7389);
#6343=CARTESIAN_POINT('',(13.3000000001,0.0,-20.0));
#6344=VECTOR('',#7390,1.0);
#6345=COLOUR_RGB('',0.850980401039124,0.839215695858002,0.858823537826538);
#6346=CARTESIAN_POINT('',(6.7,-1250.0,-20.0));
#6347=CARTESIAN_POINT('',(7.4999999999,-1250.0,-19.2));
#6348=AXIS2_PLACEMENT_3D('',#7391,#7392,#7393);
#6349=CARTESIAN_POINT('',(6.7,1250.0,-20.0));
#6350=VECTOR('',#7394,1.0);
#6351=CARTESIAN_POINT('',(7.4999999999,1250.0,-19.2));
#6352=VECTOR('',#7395,1.0);
#6353=COLOUR_RGB('',0.850980401039124,0.839215695858002,0.858823537826538);
#6354=CARTESIAN_POINT('',(7.5,-1250.0,-18.5));
#6355=CARTESIAN_POINT('',(7.5,-1250.0,-9.425));
#6356=VECTOR('',#7396,1.0);
#6357=CARTESIAN_POINT('',(7.5,1250.0,-18.5));
#6358=VECTOR('',#7397,1.0);
#6359=COLOUR_RGB('',0.850980401039124,0.839215695858002,0.858823537826538);
#6360=CARTESIAN_POINT('',(7.2,-1250.0,-18.2000000001));
#6361=AXIS2_PLACEMENT_3D('',#7398,#7399,#7400);
#6362=CARTESIAN_POINT('',(7.2,1250.0,-18.2000000001));
#6363=VECTOR('',#7401,1.0);
#6364=COLOUR_RGB('',0.850980401039124,0.839215695858002,0.858823537826538);
#6365=CARTESIAN_POINT('',(5.0824116,-1250.0,-18.2));
#6366=CARTESIAN_POINT('',(3.0706029,-1250.0,-18.2));
#6367=VECTOR('',#7402,1.0);
#6368=CARTESIAN_POINT('',(5.0824116,1250.0,-18.2));
#6369=VECTOR('',#7403,1.0);
#6370=COLOUR_RGB('',0.850980401039124,0.839215695858002,0.858823537826538);
#6371=CARTESIAN_POINT('',(4.49380770583059,-1250.0,-16.7789844958306));
#6372=AXIS2_PLACEMENT_3D('',#7404,#7405,#7406);
#6373=CARTESIAN_POINT('',(4.49380770583059,1250.0,-16.7789844958306));
#6374=VECTOR('',#7407,1.0);
#6375=COLOUR_RGB('',0.850980401039124,0.839215695858002,0.858823537826538);
#6376=CARTESIAN_POINT('',(6.74411255,-1250.0,-14.52867966));
#6377=CARTESIAN_POINT('',(8.1276781175,-1250.0,-13.1451140925));
#6378=VECTOR('',#7408,1.0);
#6379=CARTESIAN_POINT('',(6.74411255,1250.0,-14.52867966));
#6380=VECTOR('',#7409,1.0);
#6381=COLOUR_RGB('',0.850980401039124,0.839215695858002,0.858823537826538);
#6382=CARTESIAN_POINT('',(8.86543289,-1250.0,-13.65));
#6383=AXIS2_PLACEMENT_3D('',#7410,#7411,#7412);
#6384=CARTESIAN_POINT('',(8.86543289,1250.0,-13.65));
#6385=VECTOR('',#7413,1.0);
#6386=COLOUR_RGB('',0.850980401039124,0.839215695858002,0.858823537826538);
#6387=CARTESIAN_POINT('',(5.0,-1250.0,-13.65));
#6388=VECTOR('',#7414,1.0);
#6389=COLOUR_RGB('',0.850980401039124,0.839215695858002,0.858823537826538);
#6390=CARTESIAN_POINT('',(-6.7,-1250.0,-19.9999999999));
#6391=CARTESIAN_POINT('',(18.0,-1250.0,-20.0));
#6392=VECTOR('',#7415,1.0);
#6393=CARTESIAN_POINT('',(-6.6999999999,0.0,-20.0));
#6394=VECTOR('',#7416,1.0);
#6395=COLOUR_RGB('',0.850980401039124,0.839215695858002,0.858823537826538);
#6396=CARTESIAN_POINT('',(-8.86543289,-1250.0,-13.65));
#6397=CARTESIAN_POINT('',(-6.74411254644036,-1250.0,-14.5286796564404));
#6398=AXIS2_PLACEMENT_3D('',#7417,#7418,#7419);
#6399=CARTESIAN_POINT('',(-8.86543289,1250.0,-13.65));
#6400=VECTOR('',#7420,1.0);
#6401=CARTESIAN_POINT('',(-6.74411254644036,1250.0,-14.5286796564404));
#6402=VECTOR('',#7421,1.0);
#6403=COLOUR_RGB('',0.850980401039124,0.839215695858002,0.858823537826538);
#6404=CARTESIAN_POINT('',(-4.49380771,-1250.0,-16.7789845));
#6405=CARTESIAN_POINT('',(-8.1276781175,-1250.0,-13.1451140925));
#6406=VECTOR('',#7422,1.0);
#6407=CARTESIAN_POINT('',(-4.49380771,1250.0,-16.7789845));
#6408=VECTOR('',#7423,1.0);
#6409=COLOUR_RGB('',0.850980401039124,0.839215695858002,0.858823537826538);
#6410=CARTESIAN_POINT('',(-5.0824116,-1250.0,-18.1999999941036));
#6411=AXIS2_PLACEMENT_3D('',#7424,#7425,#7426);
#6412=CARTESIAN_POINT('',(-5.0824116,1250.0,-18.1999999941036));
#6413=VECTOR('',#7427,1.0);
#6414=COLOUR_RGB('',0.850980401039124,0.839215695858002,0.858823537826538);
#6415=CARTESIAN_POINT('',(-7.2,-1250.0,-18.2));
#6416=CARTESIAN_POINT('',(-3.0706029,-1250.0,-18.2));
#6417=VECTOR('',#7428,1.0);
#6418=CARTESIAN_POINT('',(-7.2,1250.0,-18.2));
#6419=VECTOR('',#7429,1.0);
#6420=COLOUR_RGB('',0.850980401039124,0.839215695858002,0.858823537826538);
#6421=CARTESIAN_POINT('',(-7.4999999999,-1250.0,-18.5));
#6422=AXIS2_PLACEMENT_3D('',#7430,#7431,#7432);
#6423=CARTESIAN_POINT('',(-7.4999999999,1250.0,-18.5));
#6424=VECTOR('',#7433,1.0);
#6425=COLOUR_RGB('',0.850980401039124,0.839215695858002,0.858823537826538);
#6426=CARTESIAN_POINT('',(-7.5,-1250.0,-19.2));
#6427=CARTESIAN_POINT('',(-7.5,-1250.0,-9.425));
#6428=VECTOR('',#7434,1.0);
#6429=CARTESIAN_POINT('',(-7.5,1250.0,-19.2));
#6430=VECTOR('',#7435,1.0);
#6431=COLOUR_RGB('',0.850980401039124,0.839215695858002,0.858823537826538);
#6432=AXIS2_PLACEMENT_3D('',#7436,#7437,#7438);
#6433=COLOUR_RGB('',0.850980401039124,0.839215695858002,0.858823537826538);
#6434=CARTESIAN_POINT('',(-13.3,-1250.0,-20.0));
#6435=CARTESIAN_POINT('',(-12.5000000001,-1250.0,-19.2));
#6436=AXIS2_PLACEMENT_3D('',#7439,#7440,#7441);
#6437=CARTESIAN_POINT('',(-13.3,1250.0,-20.0));
#6438=VECTOR('',#7442,1.0);
#6439=CARTESIAN_POINT('',(-12.5000000001,1250.0,-19.2));
#6440=VECTOR('',#7443,1.0);
#6441=COLOUR_RGB('',0.850980401039124,0.839215695858002,0.858823537826538);
#6442=CARTESIAN_POINT('',(-12.5,-1250.0,-18.5));
#6443=CARTESIAN_POINT('',(-12.5,-1250.0,-9.425));
#6444=VECTOR('',#7444,1.0);
#6445=CARTESIAN_POINT('',(-12.5,1250.0,-18.5));
#6446=VECTOR('',#7445,1.0);
#6447=COLOUR_RGB('',0.850980401039124,0.839215695858002,0.858823537826538);
#6448=CARTESIAN_POINT('',(-12.8,-1250.0,-18.2000000001));
#6449=AXIS2_PLACEMENT_3D('',#7446,#7447,#7448);
#6450=CARTESIAN_POINT('',(-12.8,1250.0,-18.2000000001));
#6451=VECTOR('',#7449,1.0);
#6452=COLOUR_RGB('',0.850980401039124,0.839215695858002,0.858823537826538);
#6453=CARTESIAN_POINT('',(-14.9175884,-1250.0,-18.2));
#6454=CARTESIAN_POINT('',(-6.9293971,-1250.0,-18.2));
#6455=VECTOR('',#7450,1.0);
#6456=CARTESIAN_POINT('',(-14.9175884,1250.0,-18.2));
#6457=VECTOR('',#7451,1.0);
#6458=COLOUR_RGB('',0.850980401039124,0.839215695858002,0.858823537826538);
#6459=CARTESIAN_POINT('',(-15.5061922941694,-1250.0,-16.7789844958306));
#6460=AXIS2_PLACEMENT_3D('',#7452,#7453,#7454);
#6461=CARTESIAN_POINT('',(-15.5061922941694,1250.0,-16.7789844958306));
#6462=VECTOR('',#7455,1.0);
#6463=COLOUR_RGB('',0.850980401039124,0.839215695858002,0.858823537826538);
#6464=CARTESIAN_POINT('',(-13.25588745,-1250.0,-14.52867966));
#6465=CARTESIAN_POINT('',(-6.8723218825,-1250.0,-8.1451140925));
#6466=VECTOR('',#7456,1.0);
#6467=CARTESIAN_POINT('',(-13.25588745,1250.0,-14.52867966));
#6468=VECTOR('',#7457,1.0);
#6469=COLOUR_RGB('',0.850980401039124,0.839215695858002,0.858823537826538);
#6470=CARTESIAN_POINT('',(-11.13456711,-1250.0,-13.65));
#6471=AXIS2_PLACEMENT_3D('',#7458,#7459,#7460);
#6472=CARTESIAN_POINT('',(-11.13456711,1250.0,-13.65));
#6473=VECTOR('',#7461,1.0);
#6474=COLOUR_RGB('',0.850980401039124,0.839215695858002,0.858823537826538);
#6475=CARTESIAN_POINT('',(-5.0,-1250.0,-13.65));
#6476=VECTOR('',#7462,1.0);
#6477=COLOUR_RGB('',0.850980401039124,0.839215695858002,0.858823537826538);
#6478=CARTESIAN_POINT('',(-18.0,-1250.0,-20.0));
#6479=CARTESIAN_POINT('',(18.0,-1250.0,-20.0));
#6480=VECTOR('',#7463,1.0);
#6481=CARTESIAN_POINT('',(-18.0,1250.0,-20.0));
#6482=VECTOR('',#7464,1.0);
#6483=COLOUR_RGB('',0.850980401039124,0.839215695858002,0.858823537826538);
#6484=CARTESIAN_POINT('',(8.86543289,-1250.0,13.65));
#6485=CARTESIAN_POINT('',(6.74411254644036,-1250.0,14.5286796564404));
#6486=AXIS2_PLACEMENT_3D('',#7465,#7466,#7467);
#6487=CARTESIAN_POINT('',(8.86543289,1250.0,13.65));
#6488=VECTOR('',#7468,1.0);
#6489=CARTESIAN_POINT('',(6.74411254644036,1250.0,14.5286796564404));
#6490=VECTOR('',#7469,1.0);
#6491=COLOUR_RGB('',0.850980401039124,0.839215695858002,0.858823537826538);
#6492=CARTESIAN_POINT('',(4.49380771,-1250.0,16.7789845));
#6493=CARTESIAN_POINT('',(8.1276781175,-1250.0,13.1451140925));
#6494=VECTOR('',#7470,1.0);
#6495=CARTESIAN_POINT('',(4.49380771,1250.0,16.7789845));
#6496=VECTOR('',#7471,1.0);
#6497=COLOUR_RGB('',0.850980401039124,0.839215695858002,0.858823537826538);
#6498=CARTESIAN_POINT('',(5.0824116,-1250.0,18.1999999941036));
#6499=AXIS2_PLACEMENT_3D('',#7472,#7473,#7474);
#6500=CARTESIAN_POINT('',(5.0824116,1250.0,18.1999999941036));
#6501=VECTOR('',#7475,1.0);
#6502=COLOUR_RGB('',0.850980401039124,0.839215695858002,0.858823537826538);
#6503=CARTESIAN_POINT('',(7.2,-1250.0,18.2));
#6504=CARTESIAN_POINT('',(3.0706029,-1250.0,18.2));
#6505=VECTOR('',#7476,1.0);
#6506=CARTESIAN_POINT('',(7.2,1250.0,18.2));
#6507=VECTOR('',#7477,1.0);
#6508=COLOUR_RGB('',0.850980401039124,0.839215695858002,0.858823537826538);
#6509=CARTESIAN_POINT('',(7.4999999999,-1250.0,18.5));
#6510=AXIS2_PLACEMENT_3D('',#7478,#7479,#7480);
#6511=CARTESIAN_POINT('',(7.4999999999,1250.0,18.5));
#6512=VECTOR('',#7481,1.0);
#6513=COLOUR_RGB('',0.850980401039124,0.839215695858002,0.858823537826538);
#6514=CARTESIAN_POINT('',(7.5,-1250.0,19.2));
#6515=CARTESIAN_POINT('',(7.5,-1250.0,9.425));
#6516=VECTOR('',#7482,1.0);
#6517=CARTESIAN_POINT('',(7.5,1250.0,19.2));
#6518=VECTOR('',#7483,1.0);
#6519=COLOUR_RGB('',0.850980401039124,0.839215695858002,0.858823537826538);
#6520=CARTESIAN_POINT('',(6.7,-1250.0,19.9999999999));
#6521=AXIS2_PLACEMENT_3D('',#7484,#7485,#7486);
#6522=CARTESIAN_POINT('',(6.6999999999,0.0,20.0));
#6523=VECTOR('',#7487,1.0);
#6524=COLOUR_RGB('',0.850980401039124,0.839215695858002,0.858823537826538);
#6525=CARTESIAN_POINT('',(13.3,-1250.0,20.0));
#6526=CARTESIAN_POINT('',(12.5000000001,-1250.0,19.2));
#6527=AXIS2_PLACEMENT_3D('',#7488,#7489,#7490);
#6528=CARTESIAN_POINT('',(13.3,1250.0,20.0));
#6529=VECTOR('',#7491,1.0);
#6530=CARTESIAN_POINT('',(12.5000000001,1250.0,19.2));
#6531=VECTOR('',#7492,1.0);
#6532=COLOUR_RGB('',0.850980401039124,0.839215695858002,0.858823537826538);
#6533=CARTESIAN_POINT('',(12.5,-1250.0,18.5));
#6534=CARTESIAN_POINT('',(12.5,-1250.0,9.425));
#6535=VECTOR('',#7493,1.0);
#6536=CARTESIAN_POINT('',(12.5,1250.0,18.5));
#6537=VECTOR('',#7494,1.0);
#6538=COLOUR_RGB('',0.850980401039124,0.839215695858002,0.858823537826538);
#6539=CARTESIAN_POINT('',(12.8,-1250.0,18.2000000001));
#6540=AXIS2_PLACEMENT_3D('',#7495,#7496,#7497);
#6541=CARTESIAN_POINT('',(12.8,1250.0,18.2000000001));
#6542=VECTOR('',#7498,1.0);
#6543=COLOUR_RGB('',0.850980401039124,0.839215695858002,0.858823537826538);
#6544=CARTESIAN_POINT('',(14.9175884,-1250.0,18.2));
#6545=CARTESIAN_POINT('',(6.9293971,-1250.0,18.2));
#6546=VECTOR('',#7499,1.0);
#6547=CARTESIAN_POINT('',(14.9175884,1250.0,18.2));
#6548=VECTOR('',#7500,1.0);
#6549=COLOUR_RGB('',0.850980401039124,0.839215695858002,0.858823537826538);
#6550=CARTESIAN_POINT('',(15.5061922941694,-1250.0,16.7789844958306));
#6551=AXIS2_PLACEMENT_3D('',#7501,#7502,#7503);
#6552=CARTESIAN_POINT('',(15.5061922941694,1250.0,16.7789844958306));
#6553=VECTOR('',#7504,1.0);
#6554=COLOUR_RGB('',0.850980401039124,0.839215695858002,0.858823537826538);
#6555=CARTESIAN_POINT('',(13.25588745,-1250.0,14.52867966));
#6556=CARTESIAN_POINT('',(6.8723218825,-1250.0,8.1451140925));
#6557=VECTOR('',#7505,1.0);
#6558=CARTESIAN_POINT('',(13.25588745,1250.0,14.52867966));
#6559=VECTOR('',#7506,1.0);
#6560=COLOUR_RGB('',0.850980401039124,0.839215695858002,0.858823537826538);
#6561=CARTESIAN_POINT('',(11.13456711,-1250.0,13.65));
#6562=AXIS2_PLACEMENT_3D('',#7507,#7508,#7509);
#6563=CARTESIAN_POINT('',(11.13456711,1250.0,13.65));
#6564=VECTOR('',#7510,1.0);
#6565=COLOUR_RGB('',0.850980401039124,0.839215695858002,0.858823537826538);
#6566=CARTESIAN_POINT('',(5.0,-1250.0,13.65));
#6567=VECTOR('',#7511,1.0);
#6568=COLOUR_RGB('',0.850980401039124,0.839215695858002,0.858823537826538);
#6569=CARTESIAN_POINT('',(18.0,-1250.0,20.0));
#6570=CARTESIAN_POINT('',(-18.0,-1250.0,20.0));
#6571=VECTOR('',#7512,1.0);
#6572=CARTESIAN_POINT('',(18.0,1250.0,20.0));
#6573=VECTOR('',#7513,1.0);
#6574=COLOUR_RGB('',0.850980401039124,0.839215695858002,0.858823537826538);
#6575=CARTESIAN_POINT('',(-11.13456711,-1250.0,13.65));
#6576=CARTESIAN_POINT('',(-13.2558874535596,-1250.0,14.5286796564404));
#6577=AXIS2_PLACEMENT_3D('',#7514,#7515,#7516);
#6578=CARTESIAN_POINT('',(-11.13456711,1250.0,13.65));
#6579=VECTOR('',#7517,1.0);
#6580=CARTESIAN_POINT('',(-13.2558874535596,1250.0,14.5286796564404));
#6581=VECTOR('',#7518,1.0);
#6582=COLOUR_RGB('',0.850980401039124,0.839215695858002,0.858823537826538);
#6583=CARTESIAN_POINT('',(-15.50619229,-1250.0,16.7789845));
#6584=CARTESIAN_POINT('',(-6.8723218825,-1250.0,8.1451140925));
#6585=VECTOR('',#7519,1.0);
#6586=CARTESIAN_POINT('',(-15.50619229,1250.0,16.7789845));
#6587=VECTOR('',#7520,1.0);
#6588=COLOUR_RGB('',0.850980401039124,0.839215695858002,0.858823537826538);
#6589=CARTESIAN_POINT('',(-14.9175884,-1250.0,18.1999999941036));
#6590=AXIS2_PLACEMENT_3D('',#7521,#7522,#7523);
#6591=CARTESIAN_POINT('',(-14.9175884,1250.0,18.1999999941036));
#6592=VECTOR('',#7524,1.0);
#6593=COLOUR_RGB('',0.850980401039124,0.839215695858002,0.858823537826538);
#6594=CARTESIAN_POINT('',(-12.8,-1250.0,18.2));
#6595=CARTESIAN_POINT('',(-6.9293971,-1250.0,18.2));
#6596=VECTOR('',#7525,1.0);
#6597=CARTESIAN_POINT('',(-12.8,1250.0,18.2));
#6598=VECTOR('',#7526,1.0);
#6599=COLOUR_RGB('',0.850980401039124,0.839215695858002,0.858823537826538);
#6600=CARTESIAN_POINT('',(-12.5000000001,-1250.0,18.5));
#6601=AXIS2_PLACEMENT_3D('',#7527,#7528,#7529);
#6602=CARTESIAN_POINT('',(-12.5000000001,1250.0,18.5));
#6603=VECTOR('',#7530,1.0);
#6604=COLOUR_RGB('',0.850980401039124,0.839215695858002,0.858823537826538);
#6605=CARTESIAN_POINT('',(-12.5,-1250.0,19.2));
#6606=CARTESIAN_POINT('',(-12.5,-1250.0,9.425));
#6607=VECTOR('',#7531,1.0);
#6608=CARTESIAN_POINT('',(-12.5,1250.0,19.2));
#6609=VECTOR('',#7532,1.0);
#6610=COLOUR_RGB('',0.850980401039124,0.839215695858002,0.858823537826538);
#6611=CARTESIAN_POINT('',(-13.3,-1250.0,19.9999999999));
#6612=AXIS2_PLACEMENT_3D('',#7533,#7534,#7535);
#6613=CARTESIAN_POINT('',(-13.3000000001,0.0,20.0));
#6614=VECTOR('',#7536,1.0);
#6615=COLOUR_RGB('',0.850980401039124,0.839215695858002,0.858823537826538);
#6616=CARTESIAN_POINT('',(-6.7,-1250.0,20.0));
#6617=CARTESIAN_POINT('',(-7.4999999999,-1250.0,19.2));
#6618=AXIS2_PLACEMENT_3D('',#7537,#7538,#7539);
#6619=CARTESIAN_POINT('',(-6.7,1250.0,20.0));
#6620=VECTOR('',#7540,1.0);
#6621=CARTESIAN_POINT('',(-7.4999999999,1250.0,19.2));
#6622=VECTOR('',#7541,1.0);
#6623=COLOUR_RGB('',0.850980401039124,0.839215695858002,0.858823537826538);
#6624=CARTESIAN_POINT('',(-7.5,-1250.0,18.5));
#6625=CARTESIAN_POINT('',(-7.5,-1250.0,9.425));
#6626=VECTOR('',#7542,1.0);
#6627=CARTESIAN_POINT('',(-7.5,1250.0,18.5));
#6628=VECTOR('',#7543,1.0);
#6629=COLOUR_RGB('',0.850980401039124,0.839215695858002,0.858823537826538);
#6630=CARTESIAN_POINT('',(-7.2,-1250.0,18.2000000001));
#6631=AXIS2_PLACEMENT_3D('',#7544,#7545,#7546);
#6632=CARTESIAN_POINT('',(-7.2,1250.0,18.2000000001));
#6633=VECTOR('',#7547,1.0);
#6634=COLOUR_RGB('',0.850980401039124,0.839215695858002,0.858823537826538);
#6635=CARTESIAN_POINT('',(-5.0824116,-1250.0,18.2));
#6636=CARTESIAN_POINT('',(-3.0706029,-1250.0,18.2));
#6637=VECTOR('',#7548,1.0);
#6638=CARTESIAN_POINT('',(-5.0824116,1250.0,18.2));
#6639=VECTOR('',#7549,1.0);
#6640=COLOUR_RGB('',0.850980401039124,0.839215695858002,0.858823537826538);
#6641=CARTESIAN_POINT('',(-4.49380770583059,-1250.0,16.7789844958306));
#6642=AXIS2_PLACEMENT_3D('',#7550,#7551,#7552);
#6643=CARTESIAN_POINT('',(-4.49380770583059,1250.0,16.7789844958306));
#6644=VECTOR('',#7553,1.0);
#6645=COLOUR_RGB('',0.850980401039124,0.839215695858002,0.858823537826538);
#6646=CARTESIAN_POINT('',(-6.74411255,-1250.0,14.52867966));
#6647=CARTESIAN_POINT('',(-8.1276781175,-1250.0,13.1451140925));
#6648=VECTOR('',#7554,1.0);
#6649=CARTESIAN_POINT('',(-6.74411255,1250.0,14.52867966));
#6650=VECTOR('',#7555,1.0);
#6651=COLOUR_RGB('',0.850980401039124,0.839215695858002,0.858823537826538);
#6652=CARTESIAN_POINT('',(-8.86543289,-1250.0,13.65));
#6653=AXIS2_PLACEMENT_3D('',#7556,#7557,#7558);
#6654=CARTESIAN_POINT('',(-8.86543289,1250.0,13.65));
#6655=VECTOR('',#7559,1.0);
#6656=COLOUR_RGB('',0.850980401039124,0.839215695858002,0.858823537826538);
#6657=CARTESIAN_POINT('',(-5.0,-1250.0,13.65));
#6658=VECTOR('',#7560,1.0);
#6659=COLOUR_RGB('',0.850980401039124,0.839215695858002,0.858823537826538);
#6660=CARTESIAN_POINT('',(-18.0,-1250.0,20.0));
#6661=VECTOR('',#7561,1.0);
#6662=COLOUR_RGB('',0.850980401039124,0.839215695858002,0.858823537826538);
#6663=CARTESIAN_POINT('',(-18.0,-1250.0,20.0));
#6664=AXIS2_PLACEMENT_3D('',#7562,#7563,#7564);
#6665=CARTESIAN_POINT('',(-18.0,1250.0,20.0));
#6666=VECTOR('',#7565,1.0);
#6667=COLOUR_RGB('',0.850980401039124,0.839215695858002,0.858823537826538);
#6668=CARTESIAN_POINT('',(-18.0,-1250.0,20.0));
#6669=VECTOR('',#7566,1.0);
#6670=COLOUR_RGB('',0.850980401039124,0.839215695858002,0.858823537826538);
#6671=CARTESIAN_POINT('',(20.0,-1250.0,18.0));
#6672=AXIS2_PLACEMENT_3D('',#7567,#7568,#7569);
#6673=CARTESIAN_POINT('',(20.0,1250.0,18.0));
#6674=VECTOR('',#7570,1.0);
#6675=COLOUR_RGB('',0.850980401039124,0.839215695858002,0.858823537826538);
#6676=CARTESIAN_POINT('',(20.0,-1250.0,18.0));
#6677=VECTOR('',#7571,1.0);
#6678=COLOUR_RGB('',0.850980401039124,0.839215695858002,0.858823537826538);
#6679=CARTESIAN_POINT('',(18.0,-1250.0,-20.0));
#6680=AXIS2_PLACEMENT_3D('',#7572,#7573,#7574);
#6681=CARTESIAN_POINT('',(18.0,1250.0,-20.0));
#6682=VECTOR('',#7575,1.0);
#6683=COLOUR_RGB('',0.850980401039124,0.839215695858002,0.858823537826538);
#6684=CARTESIAN_POINT('',(18.0,-1250.0,-20.0));
#6685=VECTOR('',#7576,1.0);
#6686=COLOUR_RGB('',0.850980401039124,0.839215695858002,0.858823537826538);
#6687=CARTESIAN_POINT('',(-20.0,-1250.0,-18.0));
#6688=AXIS2_PLACEMENT_3D('',#7577,#7578,#7579);
#6689=CARTESIAN_POINT('',(-20.0,1250.0,-18.0));
#6690=VECTOR('',#7580,1.0);
#6691=COLOUR_RGB('',0.850980401039124,0.839215695858002,0.858823537826538);
#6692=CARTESIAN_POINT('',(-20.0,-1250.0,-18.0));
#6693=VECTOR('',#7581,1.0);
#6694=COLOUR_RGB('',0.850980401039124,0.839215695858002,0.858823537826538);
#6695=COLOUR_RGB('',0.850980401039124,0.839215695858002,0.858823537826538);
#6696=DIRECTION('',(-0.0,1.0,-0.0));
#6697=CARTESIAN_POINT('',(-10.0,-1250.0,-10.0));
#6698=DIRECTION('',(-0.0,1.0,0.0));
#6699=DIRECTION('',(1.0,0.0,0.0));
#6700=DIRECTION('',(-0.0,-1.0,0.0));
#6701=CARTESIAN_POINT('',(-10.0,1250.0,-10.0));
#6702=DIRECTION('',(0.0,-1.0,0.0));
#6703=DIRECTION('',(1.0,0.0,0.0));
#6704=DIRECTION('',(-0.0,1.0,-0.0));
#6705=CARTESIAN_POINT('',(-10.0,-1250.0,10.0));
#6706=DIRECTION('',(-0.0,1.0,0.0));
#6707=DIRECTION('',(1.0,0.0,0.0));
#6708=DIRECTION('',(-0.0,-1.0,0.0));
#6709=CARTESIAN_POINT('',(-10.0,1250.0,10.0));
#6710=DIRECTION('',(0.0,-1.0,0.0));
#6711=DIRECTION('',(1.0,0.0,0.0));
#6712=DIRECTION('',(-0.0,1.0,-0.0));
#6713=CARTESIAN_POINT('',(10.0,-1250.0,-10.0));
#6714=DIRECTION('',(-0.0,1.0,0.0));
#6715=DIRECTION('',(1.0,0.0,0.0));
#6716=DIRECTION('',(-0.0,-1.0,0.0));
#6717=CARTESIAN_POINT('',(10.0,1250.0,-10.0));
#6718=DIRECTION('',(0.0,-1.0,0.0));
#6719=DIRECTION('',(1.0,0.0,0.0));
#6720=DIRECTION('',(-0.0,1.0,-0.0));
#6721=CARTESIAN_POINT('',(10.0,-1250.0,10.0));
#6722=DIRECTION('',(-0.0,1.0,0.0));
#6723=DIRECTION('',(1.0,0.0,0.0));
#6724=DIRECTION('',(-0.0,-1.0,0.0));
#6725=CARTESIAN_POINT('',(10.0,1250.0,10.0));
#6726=DIRECTION('',(0.0,-1.0,0.0));
#6727=DIRECTION('',(1.0,0.0,0.0));
#6728=CARTESIAN_POINT('',(-15.89878044,-1250.0,5.59999996596616E-07));
#6729=DIRECTION('',(0.0,1.0,-0.0));
#6730=DIRECTION('',(-0.707106781186549,0.0,0.707106781186546));
#6731=DIRECTION('',(0.0,-1.0,0.0));
#6732=CARTESIAN_POINT('',(-15.89878044,1250.0,5.59999996596616E-07));
#6733=DIRECTION('',(0.0,-1.0,0.0));
#6734=DIRECTION('',(-0.707106781186549,0.0,0.707106781186546));
#6735=DIRECTION('',(0.0,-1.0,0.0));
#6736=DIRECTION('',(0.707106781186548,0.0,0.707106781186548));
#6737=DIRECTION('',(-0.707106781186548,-0.0,-0.707106781186548));
#6738=DIRECTION('',(0.0,-1.0,0.0));
#6739=CARTESIAN_POINT('',(-11.13456766,-1250.0,3.34999978));
#6740=DIRECTION('',(0.0,1.0,-0.0));
#6741=DIRECTION('',(-5.9211894646675E-16,0.0,1.0));
#6742=CARTESIAN_POINT('',(-11.13456766,1250.0,3.34999978));
#6743=DIRECTION('',(0.0,-1.0,0.0));
#6744=DIRECTION('',(-5.9211894646675E-16,0.0,1.0));
#6745=DIRECTION('',(0.0,-1.0,0.0));
#6746=DIRECTION('',(1.0,0.0,-0.0));
#6747=DIRECTION('',(-1.0,0.0,0.0));
#6748=DIRECTION('',(0.0,-1.0,0.0));
#6749=DIRECTION('',(0.707106781186548,0.0,0.707106781186547));
#6750=DIRECTION('',(-0.707106781186548,-0.0,-0.707106781186547));
#6751=DIRECTION('',(0.0,-1.0,0.0));
#6752=DIRECTION('',(0.0,0.0,1.0));
#6753=DIRECTION('',(-0.0,-0.0,-1.0));
#6754=DIRECTION('',(0.0,-1.0,0.0));
#6755=CARTESIAN_POINT('',(-3.35000066000002,-1250.0,11.13456678));
#6756=DIRECTION('',(0.0,1.0,-0.0));
#6757=DIRECTION('',(-0.707106781186545,0.0,0.70710678118655));
#6758=CARTESIAN_POINT('',(-3.35000066000002,1250.0,11.13456678));
#6759=DIRECTION('',(0.0,-1.0,0.0));
#6760=DIRECTION('',(-0.707106781186545,0.0,0.70710678118655));
#6761=DIRECTION('',(0.0,-1.0,0.0));
#6762=DIRECTION('',(0.707106868330764,0.0,0.70710669404232));
#6763=DIRECTION('',(-0.707106868330764,-0.0,-0.70710669404232));
#6764=DIRECTION('',(0.0,-1.0,0.0));
#6765=CARTESIAN_POINT('',(-4.40000000878626E-07,-1250.0,15.89877956));
#6766=DIRECTION('',(-0.0,1.0,0.0));
#6767=DIRECTION('',(0.707106781186544,0.0,0.707106781186551));
#6768=CARTESIAN_POINT('',(-4.40000000878626E-07,1250.0,15.89877956));
#6769=DIRECTION('',(0.0,-1.0,0.0));
#6770=DIRECTION('',(0.707106781186544,0.0,0.707106781186551));
#6771=DIRECTION('',(0.0,-1.0,0.0));
#6772=DIRECTION('',(0.707106868330764,0.0,-0.70710669404232));
#6773=DIRECTION('',(-0.707106868330764,0.0,0.70710669404232));
#6774=DIRECTION('',(0.0,-1.0,0.0));
#6775=CARTESIAN_POINT('',(3.34999978,-1250.0,11.13456678));
#6776=DIRECTION('',(-0.0,1.0,0.0));
#6777=DIRECTION('',(1.0,0.0,0.0));
#6778=CARTESIAN_POINT('',(3.34999978,1250.0,11.13456678));
#6779=DIRECTION('',(0.0,-1.0,0.0));
#6780=DIRECTION('',(1.0,0.0,0.0));
#6781=DIRECTION('',(0.0,-1.0,0.0));
#6782=DIRECTION('',(0.0,0.0,-1.0));
#6783=DIRECTION('',(-0.0,0.0,1.0));
#6784=DIRECTION('',(0.0,-1.0,0.0));
#6785=DIRECTION('',(0.707106781186548,0.0,-0.707106781186548));
#6786=DIRECTION('',(-0.707106781186548,0.0,0.707106781186548));
#6787=DIRECTION('',(0.0,-1.0,0.0));
#6788=DIRECTION('',(0.70710629086697,0.0,-0.707107271505785));
#6789=DIRECTION('',(-0.70710629086697,0.0,0.707107271505785));
#6790=DIRECTION('',(0.0,-1.0,0.0));
#6791=DIRECTION('',(1.0,0.0,-0.0));
#6792=DIRECTION('',(-1.0,0.0,0.0));
#6793=DIRECTION('',(0.0,-1.0,0.0));
#6794=CARTESIAN_POINT('',(11.13456678,-1250.0,3.34999978000005));
#6795=DIRECTION('',(-0.0,1.0,0.0));
#6796=DIRECTION('',(0.707106781186553,0.0,0.707106781186542));
#6797=CARTESIAN_POINT('',(11.13456678,1250.0,3.34999978000005));
#6798=DIRECTION('',(0.0,-1.0,0.0));
#6799=DIRECTION('',(0.707106781186553,0.0,0.707106781186542));
#6800=DIRECTION('',(0.0,-1.0,0.0));
#6801=DIRECTION('',(0.707106868330765,0.0,-0.70710669404232));
#6802=DIRECTION('',(-0.707106868330765,0.0,0.70710669404232));
#6803=DIRECTION('',(0.0,-1.0,0.0));
#6804=CARTESIAN_POINT('',(15.89878056,-1250.0,5.6000000014933E-07));
#6805=DIRECTION('',(-0.0,1.0,0.0));
#6806=DIRECTION('',(0.707106781186549,0.0,-0.707106781186546));
#6807=CARTESIAN_POINT('',(15.89878056,1250.0,5.6000000014933E-07));
#6808=DIRECTION('',(0.0,-1.0,0.0));
#6809=DIRECTION('',(0.707106781186549,0.0,-0.707106781186546));
#6810=DIRECTION('',(0.0,-1.0,0.0));
#6811=DIRECTION('',(-0.707106781186548,-0.0,-0.707106781186547));
#6812=DIRECTION('',(0.707106781186548,0.0,0.707106781186547));
#6813=DIRECTION('',(0.0,-1.0,0.0));
#6814=CARTESIAN_POINT('',(11.13456678,-1250.0,-3.34999965999999));
#6815=DIRECTION('',(-0.0,1.0,0.0));
#6816=DIRECTION('',(1.1842378929335E-15,0.0,-1.0));
#6817=CARTESIAN_POINT('',(11.13456678,1250.0,-3.34999965999999));
#6818=DIRECTION('',(0.0,-1.0,0.0));
#6819=DIRECTION('',(1.1842378929335E-15,0.0,-1.0));
#6820=DIRECTION('',(0.0,-1.0,0.0));
#6821=DIRECTION('',(-1.0,-0.0,-0.0));
#6822=DIRECTION('',(1.0,0.0,0.0));
#6823=DIRECTION('',(0.0,-1.0,0.0));
#6824=DIRECTION('',(-0.707106290866969,-0.0,-0.707107271505786));
#6825=DIRECTION('',(0.707106290866969,0.0,0.707107271505786));
#6826=DIRECTION('',(0.0,-1.0,0.0));
#6827=DIRECTION('',(-0.707106781186548,-0.0,-0.707106781186548));
#6828=DIRECTION('',(0.707106781186548,0.0,0.707106781186548));
#6829=DIRECTION('',(0.0,-1.0,0.0));
#6830=DIRECTION('',(0.0,0.0,-1.0));
#6831=DIRECTION('',(-0.0,0.0,1.0));
#6832=DIRECTION('',(0.0,-1.0,0.0));
#6833=CARTESIAN_POINT('',(3.34999978000001,-1250.0,-11.13456666));
#6834=DIRECTION('',(-0.0,1.0,0.0));
#6835=DIRECTION('',(0.707106781186546,0.0,-0.707106781186549));
#6836=CARTESIAN_POINT('',(3.34999978000001,1250.0,-11.13456666));
#6837=DIRECTION('',(0.0,-1.0,0.0));
#6838=DIRECTION('',(0.707106781186546,0.0,-0.707106781186549));
#6839=DIRECTION('',(0.0,-1.0,0.0));
#6840=DIRECTION('',(-0.707106781186548,-0.0,-0.707106781186547));
#6841=DIRECTION('',(0.707106781186548,0.0,0.707106781186547));
#6842=DIRECTION('',(0.0,-1.0,0.0));
#6843=CARTESIAN_POINT('',(-4.40000000878626E-07,-1250.0,-15.89878044));
#6844=DIRECTION('',(0.0,1.0,-0.0));
#6845=DIRECTION('',(-0.707106781186546,-0.0,-0.707106781186549));
#6846=CARTESIAN_POINT('',(-4.40000000878626E-07,1250.0,-15.89878044));
#6847=DIRECTION('',(0.0,-1.0,-0.0));
#6848=DIRECTION('',(-0.707106781186546,0.0,-0.707106781186549));
#6849=DIRECTION('',(0.0,-1.0,0.0));
#6850=DIRECTION('',(-0.707106781186547,0.0,0.707106781186548));
#6851=DIRECTION('',(0.707106781186547,0.0,-0.707106781186548));
#6852=DIRECTION('',(0.0,-1.0,0.0));
#6853=CARTESIAN_POINT('',(-3.35000066,-1250.0,-11.13456666));
#6854=DIRECTION('',(0.0,1.0,-0.0));
#6855=DIRECTION('',(-1.0,-0.0,-1.1842378929335E-15));
#6856=CARTESIAN_POINT('',(-3.35000066,1250.0,-11.13456666));
#6857=DIRECTION('',(0.0,-1.0,-0.0));
#6858=DIRECTION('',(-1.0,0.0,-1.1842378929335E-15));
#6859=DIRECTION('',(0.0,-1.0,0.0));
#6860=DIRECTION('',(0.0,0.0,1.0));
#6861=DIRECTION('',(-0.0,-0.0,-1.0));
#6862=DIRECTION('',(0.0,-1.0,0.0));
#6863=DIRECTION('',(-0.707106781186548,0.0,0.707106781186548));
#6864=DIRECTION('',(0.707106781186548,0.0,-0.707106781186548));
#6865=DIRECTION('',(0.0,-1.0,0.0));
#6866=DIRECTION('',(-1.0,-0.0,-0.0));
#6867=DIRECTION('',(1.0,0.0,0.0));
#6868=DIRECTION('',(0.0,-1.0,0.0));
#6869=CARTESIAN_POINT('',(-11.13456766,-1250.0,-3.34999966));
#6870=DIRECTION('',(0.0,1.0,-0.0));
#6871=DIRECTION('',(-0.707106781186548,-0.0,-0.707106781186547));
#6872=CARTESIAN_POINT('',(-11.13456766,1250.0,-3.34999966));
#6873=DIRECTION('',(0.0,-1.0,-0.0));
#6874=DIRECTION('',(-0.707106781186548,0.0,-0.707106781186547));
#6875=DIRECTION('',(0.0,-1.0,0.0));
#6876=DIRECTION('',(-0.70710669404232,0.0,0.707106868330764));
#6877=DIRECTION('',(0.70710669404232,0.0,-0.707106868330764));
#6878=CARTESIAN_POINT('',(10.0,1250.0,10.0));
#6879=DIRECTION('',(0.0,-1.0,0.0));
#6880=DIRECTION('',(1.0,0.0,0.0));
#6881=CARTESIAN_POINT('',(10.0,-1250.0,10.0));
#6882=DIRECTION('',(-0.0,1.0,0.0));
#6883=DIRECTION('',(1.0,0.0,0.0));
#6884=CARTESIAN_POINT('',(10.0,1250.0,-10.0));
#6885=DIRECTION('',(0.0,-1.0,0.0));
#6886=DIRECTION('',(1.0,0.0,0.0));
#6887=CARTESIAN_POINT('',(10.0,-1250.0,-10.0));
#6888=DIRECTION('',(-0.0,1.0,0.0));
#6889=DIRECTION('',(1.0,0.0,0.0));
#6890=CARTESIAN_POINT('',(-10.0,1250.0,10.0));
#6891=DIRECTION('',(0.0,-1.0,0.0));
#6892=DIRECTION('',(1.0,0.0,0.0));
#6893=CARTESIAN_POINT('',(-10.0,-1250.0,10.0));
#6894=DIRECTION('',(-0.0,1.0,0.0));
#6895=DIRECTION('',(1.0,0.0,0.0));
#6896=CARTESIAN_POINT('',(-10.0,1250.0,-10.0));
#6897=DIRECTION('',(0.0,-1.0,0.0));
#6898=DIRECTION('',(1.0,0.0,0.0));
#6899=CARTESIAN_POINT('',(-10.0,-1250.0,-10.0));
#6900=DIRECTION('',(-0.0,1.0,0.0));
#6901=DIRECTION('',(1.0,0.0,0.0));
#6902=CARTESIAN_POINT('',(-16.65,-1250.0,8.86543289));
#6903=DIRECTION('',(-0.0,1.0,0.0));
#6904=DIRECTION('',(0.707106781186546,0.0,-0.707106781186549));
#6905=DIRECTION('',(0.0,-1.0,0.0));
#6906=CARTESIAN_POINT('',(-16.65,1250.0,8.86543289));
#6907=DIRECTION('',(0.0,-1.0,0.0));
#6908=DIRECTION('',(0.707106781186546,0.0,-0.707106781186549));
#6909=DIRECTION('',(0.0,-1.0,0.0));
#6910=DIRECTION('',(-0.707106781186547,-0.0,-0.707106781186548));
#6911=DIRECTION('',(0.707106781186547,0.0,0.707106781186548));
#6912=DIRECTION('',(0.0,-1.0,0.0));
#6913=CARTESIAN_POINT('',(-17.36758839,-1250.0,5.0824116));
#6914=DIRECTION('',(0.0,1.0,-0.0));
#6915=DIRECTION('',(-1.0,0.0,0.0));
#6916=CARTESIAN_POINT('',(-17.36758839,1250.0,5.0824116));
#6917=DIRECTION('',(0.0,-1.0,0.0));
#6918=DIRECTION('',(-1.0,0.0,0.0));
#6919=DIRECTION('',(0.0,-1.0,0.0));
#6920=DIRECTION('',(0.0,0.0,1.0));
#6921=DIRECTION('',(-0.0,-0.0,-1.0));
#6922=DIRECTION('',(0.0,-1.0,0.0));
#6923=CARTESIAN_POINT('',(-18.5000000001,-1250.0,7.1999999999));
#6924=DIRECTION('',(0.0,-1.0,0.0));
#6925=DIRECTION('',(1.0,0.0,3.33333360913457E-10));
#6926=CARTESIAN_POINT('',(-18.5000000001,1250.0,7.1999999999));
#6927=DIRECTION('',(-0.0,1.0,0.0));
#6928=DIRECTION('',(1.0,0.0,3.33333360913457E-10));
#6929=DIRECTION('',(0.0,-1.0,0.0));
#6930=DIRECTION('',(-1.0,-0.0,-0.0));
#6931=DIRECTION('',(1.0,0.0,0.0));
#6932=DIRECTION('',(0.0,-1.0,0.0));
#6933=CARTESIAN_POINT('',(-19.1999999999,-1250.0,6.6999999999));
#6934=DIRECTION('',(0.0,-1.0,0.0));
#6935=DIRECTION('',(-1.249990388974E-10,0.0,1.0));
#6936=CARTESIAN_POINT('',(-19.1999999999,1250.0,6.6999999999));
#6937=DIRECTION('',(0.0,1.0,-0.0));
#6938=DIRECTION('',(-1.249990388974E-10,0.0,1.0));
#6939=DIRECTION('',(-0.0,1.0,0.0));
#6940=CARTESIAN_POINT('',(-19.1999999999,-1250.0,13.3000000001));
#6941=DIRECTION('',(0.0,-1.0,-0.0));
#6942=DIRECTION('',(-1.0,0.0,-1.25000565454059E-10));
#6943=DIRECTION('',(0.0,-1.0,0.0));
#6944=CARTESIAN_POINT('',(-19.1999999999,1250.0,13.3000000001));
#6945=DIRECTION('',(0.0,1.0,0.0));
#6946=DIRECTION('',(-1.0,0.0,-1.25000565454059E-10));
#6947=DIRECTION('',(0.0,-1.0,0.0));
#6948=DIRECTION('',(1.0,0.0,0.0));
#6949=DIRECTION('',(-1.0,-0.0,0.0));
#6950=DIRECTION('',(0.0,-1.0,0.0));
#6951=CARTESIAN_POINT('',(-18.5000000001,-1250.0,12.8000000001));
#6952=DIRECTION('',(0.0,-1.0,0.0));
#6953=DIRECTION('',(3.3332892002136E-10,0.0,-1.0));
#6954=CARTESIAN_POINT('',(-18.5000000001,1250.0,12.8000000001));
#6955=DIRECTION('',(-0.0,1.0,0.0));
#6956=DIRECTION('',(3.3332892002136E-10,0.0,-1.0));
#6957=DIRECTION('',(0.0,-1.0,0.0));
#6958=DIRECTION('',(0.0,0.0,1.0));
#6959=DIRECTION('',(-0.0,-0.0,-1.0));
#6960=DIRECTION('',(0.0,-1.0,0.0));
#6961=CARTESIAN_POINT('',(-17.36758839,-1250.0,14.9175884));
#6962=DIRECTION('',(-0.0,1.0,0.0));
#6963=DIRECTION('',(0.707106781186548,0.0,0.707106781186548));
#6964=CARTESIAN_POINT('',(-17.36758839,1250.0,14.9175884));
#6965=DIRECTION('',(0.0,-1.0,0.0));
#6966=DIRECTION('',(0.707106781186548,0.0,0.707106781186548));
#6967=DIRECTION('',(0.0,-1.0,0.0));
#6968=DIRECTION('',(0.707106781186547,0.0,-0.707106781186548));
#6969=DIRECTION('',(-0.707106781186547,0.0,0.707106781186548));
#6970=DIRECTION('',(0.0,-1.0,0.0));
#6971=CARTESIAN_POINT('',(-16.65,-1250.0,11.13456711));
#6972=DIRECTION('',(-0.0,1.0,0.0));
#6973=DIRECTION('',(1.0,0.0,-1.85037171081358E-15));
#6974=CARTESIAN_POINT('',(-16.65,1250.0,11.13456711));
#6975=DIRECTION('',(0.0,-1.0,0.0));
#6976=DIRECTION('',(1.0,0.0,-1.85037171081358E-15));
#6977=DIRECTION('',(0.0,-1.0,0.0));
#6978=DIRECTION('',(0.0,-0.0,-1.0));
#6979=DIRECTION('',(0.0,0.0,1.0));
#6980=DIRECTION('',(0.0,0.0,1.0));
#6981=CARTESIAN_POINT('',(-18.0,1250.0,18.0));
#6982=DIRECTION('',(0.0,-1.0,0.0));
#6983=DIRECTION('',(9.76996261670148E-15,0.0,1.0));
#6984=DIRECTION('',(1.0,0.0,0.0));
#6985=CARTESIAN_POINT('',(-13.3000000001,1250.0,19.1999999999));
#6986=DIRECTION('',(-0.0,1.0,0.0));
#6987=DIRECTION('',(1.0,0.0,1.249990388974E-10));
#6988=DIRECTION('',(-0.0,-0.0,-1.0));
#6989=CARTESIAN_POINT('',(-12.8000000001,1250.0,18.5000000001));
#6990=DIRECTION('',(0.0,1.0,-0.0));
#6991=DIRECTION('',(3.33333360913457E-10,-0.0,-1.0));
#6992=DIRECTION('',(-1.0,0.0,0.0));
#6993=CARTESIAN_POINT('',(-14.9175884,1250.0,17.36758839));
#6994=DIRECTION('',(0.0,-1.0,0.0));
#6995=DIRECTION('',(0.0,0.0,1.0));
#6996=DIRECTION('',(0.707106781186548,0.0,-0.707106781186547));
#6997=CARTESIAN_POINT('',(-11.13456711,1250.0,16.65));
#6998=DIRECTION('',(0.0,-1.0,-0.0));
#6999=DIRECTION('',(-0.707106781186549,0.0,-0.707106781186546));
#7000=DIRECTION('',(1.0,0.0,0.0));
#7001=CARTESIAN_POINT('',(-8.86543289,1250.0,16.65));
#7002=DIRECTION('',(0.0,-1.0,-0.0));
#7003=DIRECTION('',(-1.85037171081358E-15,0.0,-1.0));
#7004=DIRECTION('',(0.707106781186548,0.0,0.707106781186547));
#7005=CARTESIAN_POINT('',(-5.0824116,1250.0,17.36758839));
#7006=DIRECTION('',(0.0,-1.0,0.0));
#7007=DIRECTION('',(0.707106781186548,0.0,-0.707106781186548));
#7008=DIRECTION('',(-1.0,0.0,0.0));
#7009=CARTESIAN_POINT('',(-7.1999999999,1250.0,18.5000000001));
#7010=DIRECTION('',(0.0,1.0,0.0));
#7011=DIRECTION('',(-1.0,0.0,-3.3332892002136E-10));
#7012=DIRECTION('',(-0.0,0.0,1.0));
#7013=CARTESIAN_POINT('',(-6.6999999999,1250.0,19.1999999999));
#7014=DIRECTION('',(0.0,1.0,-0.0));
#7015=DIRECTION('',(-1.25000565454059E-10,0.0,1.0));
#7016=DIRECTION('',(1.0,0.0,0.0));
#7017=CARTESIAN_POINT('',(6.6999999999,1250.0,19.1999999999));
#7018=DIRECTION('',(-0.0,1.0,0.0));
#7019=DIRECTION('',(1.0,0.0,1.249990388974E-10));
#7020=DIRECTION('',(-0.0,-0.0,-1.0));
#7021=CARTESIAN_POINT('',(7.1999999999,1250.0,18.5000000001));
#7022=DIRECTION('',(0.0,1.0,-0.0));
#7023=DIRECTION('',(3.33333360913457E-10,-0.0,-1.0));
#7024=DIRECTION('',(-1.0,0.0,0.0));
#7025=CARTESIAN_POINT('',(5.0824116,1250.0,17.36758839));
#7026=DIRECTION('',(0.0,-1.0,0.0));
#7027=DIRECTION('',(0.0,0.0,1.0));
#7028=DIRECTION('',(0.707106781186548,0.0,-0.707106781186547));
#7029=CARTESIAN_POINT('',(8.86543289,1250.0,16.65));
#7030=DIRECTION('',(0.0,-1.0,-0.0));
#7031=DIRECTION('',(-0.707106781186549,0.0,-0.707106781186546));
#7032=DIRECTION('',(1.0,0.0,0.0));
#7033=CARTESIAN_POINT('',(11.13456711,1250.0,16.65));
#7034=DIRECTION('',(0.0,-1.0,-0.0));
#7035=DIRECTION('',(-1.85037171081358E-15,0.0,-1.0));
#7036=DIRECTION('',(0.707106781186548,0.0,0.707106781186547));
#7037=CARTESIAN_POINT('',(14.9175884,1250.0,17.36758839));
#7038=DIRECTION('',(0.0,-1.0,0.0));
#7039=DIRECTION('',(0.707106781186548,0.0,-0.707106781186548));
#7040=DIRECTION('',(-1.0,0.0,0.0));
#7041=CARTESIAN_POINT('',(12.8000000001,1250.0,18.5000000001));
#7042=DIRECTION('',(0.0,1.0,0.0));
#7043=DIRECTION('',(-1.0,0.0,-3.3332892002136E-10));
#7044=DIRECTION('',(-0.0,0.0,1.0));
#7045=CARTESIAN_POINT('',(13.3000000001,1250.0,19.1999999999));
#7046=DIRECTION('',(0.0,1.0,-0.0));
#7047=DIRECTION('',(-1.25000565454059E-10,0.0,1.0));
#7048=DIRECTION('',(1.0,0.0,0.0));
#7049=CARTESIAN_POINT('',(18.0,1250.0,18.0));
#7050=DIRECTION('',(0.0,-1.0,0.0));
#7051=DIRECTION('',(1.0,0.0,-1.06581410364016E-14));
#7052=DIRECTION('',(0.0,0.0,-1.0));
#7053=CARTESIAN_POINT('',(19.1999999999,1250.0,13.3000000001));
#7054=DIRECTION('',(-0.0,1.0,0.0));
#7055=DIRECTION('',(1.249990388974E-10,0.0,-1.0));
#7056=DIRECTION('',(-1.0,0.0,0.0));
#7057=CARTESIAN_POINT('',(18.5000000001,1250.0,12.8000000001));
#7058=DIRECTION('',(0.0,1.0,-0.0));
#7059=DIRECTION('',(-1.0,-0.0,-3.33333360913457E-10));
#7060=DIRECTION('',(-0.0,0.0,1.0));
#7061=CARTESIAN_POINT('',(17.36758839,1250.0,14.9175884));
#7062=DIRECTION('',(0.0,-1.0,0.0));
#7063=DIRECTION('',(1.0,0.0,0.0));
#7064=DIRECTION('',(-0.707106781186547,-0.0,-0.707106781186548));
#7065=CARTESIAN_POINT('',(16.65,1250.0,11.13456711));
#7066=DIRECTION('',(0.0,-1.0,0.0));
#7067=DIRECTION('',(-0.707106781186546,0.0,0.707106781186549));
#7068=DIRECTION('',(-0.0,-0.0,-1.0));
#7069=CARTESIAN_POINT('',(16.65,1250.0,8.86543289));
#7070=DIRECTION('',(0.0,-1.0,0.0));
#7071=DIRECTION('',(-1.0,0.0,1.85037171081358E-15));
#7072=DIRECTION('',(0.707106781186547,0.0,-0.707106781186548));
#7073=CARTESIAN_POINT('',(17.36758839,1250.0,5.0824116));
#7074=DIRECTION('',(0.0,-1.0,-0.0));
#7075=DIRECTION('',(-0.707106781186548,0.0,-0.707106781186548));
#7076=DIRECTION('',(-0.0,0.0,1.0));
#7077=CARTESIAN_POINT('',(18.5000000001,1250.0,7.1999999999));
#7078=DIRECTION('',(0.0,1.0,-0.0));
#7079=DIRECTION('',(-3.3332892002136E-10,0.0,1.0));
#7080=DIRECTION('',(1.0,0.0,0.0));
#7081=CARTESIAN_POINT('',(19.1999999999,1250.0,6.6999999999));
#7082=DIRECTION('',(-0.0,1.0,0.0));
#7083=DIRECTION('',(1.0,0.0,1.25000565454059E-10));
#7084=DIRECTION('',(0.0,0.0,-1.0));
#7085=CARTESIAN_POINT('',(19.1999999999,1250.0,-6.6999999999));
#7086=DIRECTION('',(-0.0,1.0,0.0));
#7087=DIRECTION('',(1.249990388974E-10,0.0,-1.0));
#7088=DIRECTION('',(-1.0,0.0,0.0));
#7089=CARTESIAN_POINT('',(18.5000000001,1250.0,-7.1999999999));
#7090=DIRECTION('',(0.0,1.0,-0.0));
#7091=DIRECTION('',(-1.0,-0.0,-3.33333360913457E-10));
#7092=DIRECTION('',(-0.0,0.0,1.0));
#7093=CARTESIAN_POINT('',(17.36758839,1250.0,-5.0824116));
#7094=DIRECTION('',(0.0,-1.0,0.0));
#7095=DIRECTION('',(1.0,0.0,0.0));
#7096=DIRECTION('',(-0.707106781186547,-0.0,-0.707106781186548));
#7097=CARTESIAN_POINT('',(16.65,1250.0,-8.86543289));
#7098=DIRECTION('',(0.0,-1.0,0.0));
#7099=DIRECTION('',(-0.707106781186546,0.0,0.707106781186549));
#7100=DIRECTION('',(-0.0,-0.0,-1.0));
#7101=CARTESIAN_POINT('',(16.65,1250.0,-11.13456711));
#7102=DIRECTION('',(0.0,-1.0,0.0));
#7103=DIRECTION('',(-1.0,0.0,1.85037171081358E-15));
#7104=DIRECTION('',(0.707106781186547,0.0,-0.707106781186548));
#7105=CARTESIAN_POINT('',(17.36758839,1250.0,-14.9175884));
#7106=DIRECTION('',(0.0,-1.0,-0.0));
#7107=DIRECTION('',(-0.707106781186548,0.0,-0.707106781186548));
#7108=DIRECTION('',(-0.0,0.0,1.0));
#7109=CARTESIAN_POINT('',(18.5000000001,1250.0,-12.8000000001));
#7110=DIRECTION('',(0.0,1.0,-0.0));
#7111=DIRECTION('',(-3.3332892002136E-10,0.0,1.0));
#7112=DIRECTION('',(1.0,0.0,0.0));
#7113=CARTESIAN_POINT('',(19.1999999999,1250.0,-13.3000000001));
#7114=DIRECTION('',(-0.0,1.0,0.0));
#7115=DIRECTION('',(1.0,0.0,1.25000565454059E-10));
#7116=DIRECTION('',(0.0,0.0,-1.0));
#7117=CARTESIAN_POINT('',(18.0,1250.0,-18.0));
#7118=DIRECTION('',(0.0,-1.0,0.0));
#7119=DIRECTION('',(0.0,0.0,-1.0));
#7120=DIRECTION('',(-1.0,0.0,0.0));
#7121=CARTESIAN_POINT('',(13.3000000001,1250.0,-19.1999999999));
#7122=DIRECTION('',(0.0,1.0,0.0));
#7123=DIRECTION('',(-1.0,0.0,-1.249990388974E-10));
#7124=DIRECTION('',(-0.0,0.0,1.0));
#7125=CARTESIAN_POINT('',(12.8000000001,1250.0,-18.5000000001));
#7126=DIRECTION('',(-0.0,1.0,0.0));
#7127=DIRECTION('',(-3.33333360913457E-10,-0.0,1.0));
#7128=DIRECTION('',(1.0,0.0,0.0));
#7129=CARTESIAN_POINT('',(14.9175884,1250.0,-17.36758839));
#7130=DIRECTION('',(0.0,-1.0,0.0));
#7131=DIRECTION('',(0.0,0.0,-1.0));
#7132=DIRECTION('',(-0.707106781186548,0.0,0.707106781186547));
#7133=CARTESIAN_POINT('',(11.13456711,1250.0,-16.65));
#7134=DIRECTION('',(0.0,-1.0,0.0));
#7135=DIRECTION('',(0.707106781186549,0.0,0.707106781186546));
#7136=DIRECTION('',(-1.0,0.0,0.0));
#7137=CARTESIAN_POINT('',(8.86543289,1250.0,-16.65));
#7138=DIRECTION('',(0.0,-1.0,0.0));
#7139=DIRECTION('',(1.85037171081358E-15,0.0,1.0));
#7140=DIRECTION('',(-0.707106781186548,-0.0,-0.707106781186547));
#7141=CARTESIAN_POINT('',(5.0824116,1250.0,-17.36758839));
#7142=DIRECTION('',(0.0,-1.0,0.0));
#7143=DIRECTION('',(-0.707106781186548,0.0,0.707106781186548));
#7144=DIRECTION('',(1.0,0.0,0.0));
#7145=CARTESIAN_POINT('',(7.1999999999,1250.0,-18.5000000001));
#7146=DIRECTION('',(-0.0,1.0,0.0));
#7147=DIRECTION('',(1.0,0.0,3.3332892002136E-10));
#7148=DIRECTION('',(-0.0,-0.0,-1.0));
#7149=CARTESIAN_POINT('',(6.6999999999,1250.0,-19.1999999999));
#7150=DIRECTION('',(-0.0,1.0,0.0));
#7151=DIRECTION('',(1.25000565454059E-10,0.0,-1.0));
#7152=DIRECTION('',(-1.0,0.0,0.0));
#7153=CARTESIAN_POINT('',(-6.6999999999,1250.0,-19.1999999999));
#7154=DIRECTION('',(0.0,1.0,0.0));
#7155=DIRECTION('',(-1.0,0.0,-1.249990388974E-10));
#7156=DIRECTION('',(-0.0,0.0,1.0));
#7157=CARTESIAN_POINT('',(-7.1999999999,1250.0,-18.5000000001));
#7158=DIRECTION('',(-0.0,1.0,0.0));
#7159=DIRECTION('',(-3.33333360913457E-10,-0.0,1.0));
#7160=DIRECTION('',(1.0,0.0,0.0));
#7161=CARTESIAN_POINT('',(-5.0824116,1250.0,-17.36758839));
#7162=DIRECTION('',(0.0,-1.0,0.0));
#7163=DIRECTION('',(0.0,0.0,-1.0));
#7164=DIRECTION('',(-0.707106781186548,0.0,0.707106781186547));
#7165=CARTESIAN_POINT('',(-8.86543289,1250.0,-16.65));
#7166=DIRECTION('',(0.0,-1.0,0.0));
#7167=DIRECTION('',(0.707106781186549,0.0,0.707106781186546));
#7168=DIRECTION('',(-1.0,0.0,0.0));
#7169=CARTESIAN_POINT('',(-11.13456711,1250.0,-16.65));
#7170=DIRECTION('',(0.0,-1.0,0.0));
#7171=DIRECTION('',(1.85037171081358E-15,0.0,1.0));
#7172=DIRECTION('',(-0.707106781186548,-0.0,-0.707106781186547));
#7173=CARTESIAN_POINT('',(-14.9175884,1250.0,-17.36758839));
#7174=DIRECTION('',(0.0,-1.0,0.0));
#7175=DIRECTION('',(-0.707106781186548,0.0,0.707106781186548));
#7176=DIRECTION('',(1.0,0.0,0.0));
#7177=CARTESIAN_POINT('',(-12.8000000001,1250.0,-18.5000000001));
#7178=DIRECTION('',(-0.0,1.0,0.0));
#7179=DIRECTION('',(1.0,0.0,3.3332892002136E-10));
#7180=DIRECTION('',(-0.0,-0.0,-1.0));
#7181=CARTESIAN_POINT('',(-13.3000000001,1250.0,-19.1999999999));
#7182=DIRECTION('',(-0.0,1.0,0.0));
#7183=DIRECTION('',(1.25000565454059E-10,0.0,-1.0));
#7184=DIRECTION('',(-1.0,0.0,0.0));
#7185=CARTESIAN_POINT('',(-18.0,1250.0,-18.0));
#7186=DIRECTION('',(0.0,-1.0,0.0));
#7187=DIRECTION('',(-1.0,0.0,2.22044604925031E-16));
#7188=DIRECTION('',(0.0,0.0,1.0));
#7189=CARTESIAN_POINT('',(-19.1999999999,1250.0,-13.3000000001));
#7190=DIRECTION('',(0.0,1.0,-0.0));
#7191=DIRECTION('',(-1.249990388974E-10,0.0,1.0));
#7192=DIRECTION('',(1.0,0.0,0.0));
#7193=CARTESIAN_POINT('',(-18.5000000001,1250.0,-12.8000000001));
#7194=DIRECTION('',(-0.0,1.0,0.0));
#7195=DIRECTION('',(1.0,0.0,3.33333360913457E-10));
#7196=DIRECTION('',(-0.0,-0.0,-1.0));
#7197=CARTESIAN_POINT('',(-17.36758839,1250.0,-14.9175884));
#7198=DIRECTION('',(0.0,-1.0,0.0));
#7199=DIRECTION('',(-1.0,0.0,0.0));
#7200=DIRECTION('',(0.707106781186547,0.0,0.707106781186548));
#7201=CARTESIAN_POINT('',(-16.65,1250.0,-11.13456711));
#7202=DIRECTION('',(0.0,-1.0,0.0));
#7203=DIRECTION('',(0.707106781186546,0.0,-0.707106781186549));
#7204=DIRECTION('',(0.0,0.0,1.0));
#7205=CARTESIAN_POINT('',(-16.65,1250.0,-8.86543289));
#7206=DIRECTION('',(0.0,-1.0,0.0));
#7207=DIRECTION('',(1.0,0.0,-1.85037171081358E-15));
#7208=DIRECTION('',(-0.707106781186547,0.0,0.707106781186548));
#7209=CARTESIAN_POINT('',(-17.36758839,1250.0,-5.0824116));
#7210=DIRECTION('',(0.0,-1.0,0.0));
#7211=DIRECTION('',(0.707106781186548,0.0,0.707106781186548));
#7212=DIRECTION('',(-0.0,-0.0,-1.0));
#7213=CARTESIAN_POINT('',(-18.5000000001,1250.0,-7.1999999999));
#7214=DIRECTION('',(-0.0,1.0,0.0));
#7215=DIRECTION('',(3.3332892002136E-10,0.0,-1.0));
#7216=DIRECTION('',(-1.0,-0.0,0.0));
#7217=CARTESIAN_POINT('',(-19.1999999999,1250.0,-6.6999999999));
#7218=DIRECTION('',(0.0,1.0,0.0));
#7219=DIRECTION('',(-1.0,0.0,-1.25000565454059E-10));
#7220=DIRECTION('',(0.0,0.0,1.0));
#7221=DIRECTION('',(0.0,0.0,1.0));
#7222=DIRECTION('',(0.0,-1.0,0.0));
#7223=CARTESIAN_POINT('',(-16.65,-1250.0,-11.13456711));
#7224=DIRECTION('',(-0.0,1.0,0.0));
#7225=DIRECTION('',(0.707106781186546,0.0,-0.707106781186549));
#7226=DIRECTION('',(0.0,-1.0,0.0));
#7227=DIRECTION('',(0.0,-1.0,0.0));
#7228=DIRECTION('',(-0.707106781186547,-0.0,-0.707106781186548));
#7229=DIRECTION('',(0.0,-1.0,0.0));
#7230=CARTESIAN_POINT('',(-17.36758839,-1250.0,-14.9175884));
#7231=DIRECTION('',(0.0,1.0,-0.0));
#7232=DIRECTION('',(-1.0,0.0,0.0));
#7233=DIRECTION('',(0.0,-1.0,0.0));
#7234=DIRECTION('',(0.0,0.0,1.0));
#7235=DIRECTION('',(0.0,-1.0,0.0));
#7236=CARTESIAN_POINT('',(-18.5000000001,-1250.0,-12.8000000001));
#7237=DIRECTION('',(0.0,-1.0,0.0));
#7238=DIRECTION('',(1.0,0.0,3.33333360913457E-10));
#7239=DIRECTION('',(0.0,-1.0,0.0));
#7240=DIRECTION('',(-1.0,-0.0,-0.0));
#7241=DIRECTION('',(0.0,-1.0,0.0));
#7242=CARTESIAN_POINT('',(-19.1999999999,-1250.0,-13.3000000001));
#7243=DIRECTION('',(0.0,-1.0,0.0));
#7244=DIRECTION('',(-1.249990388974E-10,0.0,1.0));
#7245=DIRECTION('',(-0.0,1.0,0.0));
#7246=CARTESIAN_POINT('',(-19.1999999999,-1250.0,-6.6999999999));
#7247=DIRECTION('',(0.0,-1.0,-0.0));
#7248=DIRECTION('',(-1.0,0.0,-1.25000565454059E-10));
#7249=DIRECTION('',(0.0,-1.0,0.0));
#7250=DIRECTION('',(0.0,-1.0,0.0));
#7251=DIRECTION('',(1.0,0.0,0.0));
#7252=DIRECTION('',(0.0,-1.0,0.0));
#7253=CARTESIAN_POINT('',(-18.5000000001,-1250.0,-7.1999999999));
#7254=DIRECTION('',(0.0,-1.0,0.0));
#7255=DIRECTION('',(3.3332892002136E-10,0.0,-1.0));
#7256=DIRECTION('',(0.0,-1.0,0.0));
#7257=DIRECTION('',(0.0,0.0,1.0));
#7258=DIRECTION('',(0.0,-1.0,0.0));
#7259=CARTESIAN_POINT('',(-17.36758839,-1250.0,-5.0824116));
#7260=DIRECTION('',(-0.0,1.0,0.0));
#7261=DIRECTION('',(0.707106781186548,0.0,0.707106781186548));
#7262=DIRECTION('',(0.0,-1.0,0.0));
#7263=DIRECTION('',(0.707106781186547,0.0,-0.707106781186548));
#7264=DIRECTION('',(0.0,-1.0,0.0));
#7265=CARTESIAN_POINT('',(-16.65,-1250.0,-8.86543289));
#7266=DIRECTION('',(-0.0,1.0,0.0));
#7267=DIRECTION('',(1.0,0.0,-1.85037171081358E-15));
#7268=DIRECTION('',(0.0,-1.0,0.0));
#7269=DIRECTION('',(0.0,-0.0,-1.0));
#7270=DIRECTION('',(0.0,0.0,1.0));
#7271=CARTESIAN_POINT('',(16.65,-1250.0,11.13456711));
#7272=DIRECTION('',(0.0,1.0,-0.0));
#7273=DIRECTION('',(-0.707106781186546,0.0,0.707106781186549));
#7274=DIRECTION('',(0.0,-1.0,0.0));
#7275=DIRECTION('',(0.0,-1.0,0.0));
#7276=DIRECTION('',(0.707106781186547,0.0,0.707106781186548));
#7277=DIRECTION('',(0.0,-1.0,0.0));
#7278=CARTESIAN_POINT('',(17.36758839,-1250.0,14.9175884));
#7279=DIRECTION('',(-0.0,1.0,0.0));
#7280=DIRECTION('',(1.0,0.0,0.0));
#7281=DIRECTION('',(0.0,-1.0,0.0));
#7282=DIRECTION('',(0.0,0.0,-1.0));
#7283=DIRECTION('',(0.0,-1.0,0.0));
#7284=CARTESIAN_POINT('',(18.5000000001,-1250.0,12.8000000001));
#7285=DIRECTION('',(0.0,-1.0,-0.0));
#7286=DIRECTION('',(-1.0,0.0,-3.33333360913457E-10));
#7287=DIRECTION('',(0.0,-1.0,0.0));
#7288=DIRECTION('',(1.0,0.0,-0.0));
#7289=DIRECTION('',(0.0,-1.0,0.0));
#7290=CARTESIAN_POINT('',(19.1999999999,-1250.0,13.3000000001));
#7291=DIRECTION('',(0.0,-1.0,0.0));
#7292=DIRECTION('',(1.249990388974E-10,0.0,-1.0));
#7293=DIRECTION('',(0.0,1.0,0.0));
#7294=CARTESIAN_POINT('',(19.1999999999,-1250.0,6.6999999999));
#7295=DIRECTION('',(0.0,-1.0,0.0));
#7296=DIRECTION('',(1.0,0.0,1.25000565454059E-10));
#7297=DIRECTION('',(0.0,-1.0,0.0));
#7298=DIRECTION('',(0.0,-1.0,0.0));
#7299=DIRECTION('',(-1.0,-0.0,-0.0));
#7300=DIRECTION('',(0.0,-1.0,0.0));
#7301=CARTESIAN_POINT('',(18.5000000001,-1250.0,7.1999999999));
#7302=DIRECTION('',(0.0,-1.0,0.0));
#7303=DIRECTION('',(-3.3332892002136E-10,0.0,1.0));
#7304=DIRECTION('',(0.0,-1.0,0.0));
#7305=DIRECTION('',(0.0,0.0,-1.0));
#7306=DIRECTION('',(0.0,-1.0,0.0));
#7307=CARTESIAN_POINT('',(17.36758839,-1250.0,5.0824116));
#7308=DIRECTION('',(0.0,1.0,-0.0));
#7309=DIRECTION('',(-0.707106781186548,-0.0,-0.707106781186548));
#7310=DIRECTION('',(0.0,-1.0,0.0));
#7311=DIRECTION('',(-0.707106781186547,0.0,0.707106781186548));
#7312=DIRECTION('',(0.0,-1.0,0.0));
#7313=CARTESIAN_POINT('',(16.65,-1250.0,8.86543289));
#7314=DIRECTION('',(0.0,1.0,-0.0));
#7315=DIRECTION('',(-1.0,0.0,1.85037171081358E-15));
#7316=DIRECTION('',(0.0,-1.0,0.0));
#7317=DIRECTION('',(0.0,0.0,1.0));
#7318=DIRECTION('',(0.0,0.0,-1.0));
#7319=DIRECTION('',(0.0,1.0,0.0));
#7320=CARTESIAN_POINT('',(16.65,-1250.0,-8.86543289));
#7321=DIRECTION('',(0.0,1.0,-0.0));
#7322=DIRECTION('',(-0.707106781186546,0.0,0.707106781186549));
#7323=DIRECTION('',(0.0,-1.0,0.0));
#7324=DIRECTION('',(0.0,-1.0,0.0));
#7325=DIRECTION('',(0.707106781186547,0.0,0.707106781186548));
#7326=DIRECTION('',(0.0,-1.0,0.0));
#7327=CARTESIAN_POINT('',(17.36758839,-1250.0,-5.0824116));
#7328=DIRECTION('',(-0.0,1.0,0.0));
#7329=DIRECTION('',(1.0,0.0,0.0));
#7330=DIRECTION('',(0.0,-1.0,0.0));
#7331=DIRECTION('',(0.0,0.0,-1.0));
#7332=DIRECTION('',(0.0,-1.0,0.0));
#7333=CARTESIAN_POINT('',(18.5000000001,-1250.0,-7.1999999999));
#7334=DIRECTION('',(0.0,-1.0,-0.0));
#7335=DIRECTION('',(-1.0,0.0,-3.33333360913457E-10));
#7336=DIRECTION('',(0.0,-1.0,0.0));
#7337=DIRECTION('',(1.0,0.0,-0.0));
#7338=DIRECTION('',(0.0,-1.0,0.0));
#7339=CARTESIAN_POINT('',(19.1999999999,-1250.0,-6.6999999999));
#7340=DIRECTION('',(0.0,-1.0,0.0));
#7341=DIRECTION('',(1.249990388974E-10,0.0,-1.0));
#7342=CARTESIAN_POINT('',(19.1999999999,-1250.0,-13.3000000001));
#7343=DIRECTION('',(0.0,-1.0,0.0));
#7344=DIRECTION('',(1.0,0.0,1.25000565454059E-10));
#7345=DIRECTION('',(0.0,-1.0,0.0));
#7346=DIRECTION('',(0.0,-1.0,0.0));
#7347=DIRECTION('',(-1.0,-0.0,-0.0));
#7348=DIRECTION('',(0.0,-1.0,0.0));
#7349=CARTESIAN_POINT('',(18.5000000001,-1250.0,-12.8000000001));
#7350=DIRECTION('',(0.0,-1.0,0.0));
#7351=DIRECTION('',(-3.3332892002136E-10,0.0,1.0));
#7352=DIRECTION('',(0.0,-1.0,0.0));
#7353=DIRECTION('',(0.0,0.0,-1.0));
#7354=DIRECTION('',(0.0,-1.0,0.0));
#7355=CARTESIAN_POINT('',(17.36758839,-1250.0,-14.9175884));
#7356=DIRECTION('',(0.0,1.0,-0.0));
#7357=DIRECTION('',(-0.707106781186548,-0.0,-0.707106781186548));
#7358=DIRECTION('',(0.0,-1.0,0.0));
#7359=DIRECTION('',(-0.707106781186547,0.0,0.707106781186548));
#7360=DIRECTION('',(0.0,-1.0,0.0));
#7361=CARTESIAN_POINT('',(16.65,-1250.0,-11.13456711));
#7362=DIRECTION('',(0.0,1.0,-0.0));
#7363=DIRECTION('',(-1.0,0.0,1.85037171081358E-15));
#7364=DIRECTION('',(0.0,-1.0,0.0));
#7365=DIRECTION('',(0.0,0.0,1.0));
#7366=DIRECTION('',(0.0,0.0,-1.0));
#7367=DIRECTION('',(0.0,-1.0,0.0));
#7368=CARTESIAN_POINT('',(11.13456711,-1250.0,-16.65));
#7369=DIRECTION('',(-0.0,1.0,0.0));
#7370=DIRECTION('',(0.707106781186549,0.0,0.707106781186546));
#7371=DIRECTION('',(0.0,-1.0,0.0));
#7372=DIRECTION('',(0.0,-1.0,0.0));
#7373=DIRECTION('',(0.707106781186548,0.0,-0.707106781186547));
#7374=DIRECTION('',(0.0,-1.0,0.0));
#7375=CARTESIAN_POINT('',(14.9175884,-1250.0,-17.36758839));
#7376=DIRECTION('',(-0.0,1.0,0.0));
#7377=DIRECTION('',(0.0,0.0,-1.0));
#7378=DIRECTION('',(0.0,-1.0,0.0));
#7379=DIRECTION('',(-1.0,-0.0,-0.0));
#7380=DIRECTION('',(0.0,-1.0,0.0));
#7381=CARTESIAN_POINT('',(12.8000000001,-1250.0,-18.5000000001));
#7382=DIRECTION('',(0.0,-1.0,0.0));
#7383=DIRECTION('',(-3.33333360913457E-10,0.0,1.0));
#7384=DIRECTION('',(0.0,-1.0,0.0));
#7385=DIRECTION('',(0.0,0.0,-1.0));
#7386=DIRECTION('',(0.0,-1.0,0.0));
#7387=CARTESIAN_POINT('',(13.3000000001,-1250.0,-19.1999999999));
#7388=DIRECTION('',(0.0,-1.0,-0.0));
#7389=DIRECTION('',(-1.0,0.0,-1.249990388974E-10));
#7390=DIRECTION('',(0.0,1.0,-0.0));
#7391=CARTESIAN_POINT('',(6.6999999999,-1250.0,-19.1999999999));
#7392=DIRECTION('',(0.0,-1.0,0.0));
#7393=DIRECTION('',(1.25000565454059E-10,0.0,-1.0));
#7394=DIRECTION('',(-0.0,-1.0,-0.0));
#7395=DIRECTION('',(0.0,-1.0,0.0));
#7396=DIRECTION('',(0.0,0.0,1.0));
#7397=DIRECTION('',(0.0,-1.0,0.0));
#7398=CARTESIAN_POINT('',(7.1999999999,-1250.0,-18.5000000001));
#7399=DIRECTION('',(0.0,-1.0,0.0));
#7400=DIRECTION('',(1.0,0.0,3.3332892002136E-10));
#7401=DIRECTION('',(0.0,-1.0,0.0));
#7402=DIRECTION('',(-1.0,-0.0,-0.0));
#7403=DIRECTION('',(0.0,-1.0,0.0));
#7404=CARTESIAN_POINT('',(5.0824116,-1250.0,-17.36758839));
#7405=DIRECTION('',(-0.0,1.0,0.0));
#7406=DIRECTION('',(-0.707106781186548,-0.0,0.707106781186548));
#7407=DIRECTION('',(0.0,-1.0,0.0));
#7408=DIRECTION('',(0.707106781186548,0.0,0.707106781186547));
#7409=DIRECTION('',(0.0,-1.0,0.0));
#7410=CARTESIAN_POINT('',(8.86543289,-1250.0,-16.65));
#7411=DIRECTION('',(-0.0,1.0,0.0));
#7412=DIRECTION('',(1.85037171081358E-15,0.0,1.0));
#7413=DIRECTION('',(0.0,-1.0,0.0));
#7414=DIRECTION('',(1.0,0.0,-0.0));
#7415=DIRECTION('',(-1.0,0.0,0.0));
#7416=DIRECTION('',(0.0,1.0,-0.0));
#7417=CARTESIAN_POINT('',(-8.86543289,-1250.0,-16.65));
#7418=DIRECTION('',(-0.0,1.0,0.0));
#7419=DIRECTION('',(0.707106781186549,0.0,0.707106781186546));
#7420=DIRECTION('',(0.0,-1.0,0.0));
#7421=DIRECTION('',(0.0,-1.0,0.0));
#7422=DIRECTION('',(0.707106781186548,0.0,-0.707106781186547));
#7423=DIRECTION('',(0.0,-1.0,0.0));
#7424=CARTESIAN_POINT('',(-5.0824116,-1250.0,-17.36758839));
#7425=DIRECTION('',(-0.0,1.0,0.0));
#7426=DIRECTION('',(0.0,0.0,-1.0));
#7427=DIRECTION('',(0.0,-1.0,0.0));
#7428=DIRECTION('',(-1.0,-0.0,-0.0));
#7429=DIRECTION('',(0.0,-1.0,0.0));
#7430=CARTESIAN_POINT('',(-7.1999999999,-1250.0,-18.5000000001));
#7431=DIRECTION('',(0.0,-1.0,0.0));
#7432=DIRECTION('',(-3.33333360913457E-10,0.0,1.0));
#7433=DIRECTION('',(0.0,-1.0,0.0));
#7434=DIRECTION('',(0.0,0.0,-1.0));
#7435=DIRECTION('',(0.0,-1.0,0.0));
#7436=CARTESIAN_POINT('',(-6.6999999999,-1250.0,-19.1999999999));
#7437=DIRECTION('',(0.0,-1.0,-0.0));
#7438=DIRECTION('',(-1.0,0.0,-1.249990388974E-10));
#7439=CARTESIAN_POINT('',(-13.3000000001,-1250.0,-19.1999999999));
#7440=DIRECTION('',(0.0,-1.0,0.0));
#7441=DIRECTION('',(1.25000565454059E-10,0.0,-1.0));
#7442=DIRECTION('',(-0.0,-1.0,-0.0));
#7443=DIRECTION('',(0.0,-1.0,0.0));
#7444=DIRECTION('',(0.0,0.0,1.0));
#7445=DIRECTION('',(0.0,-1.0,0.0));
#7446=CARTESIAN_POINT('',(-12.8000000001,-1250.0,-18.5000000001));
#7447=DIRECTION('',(0.0,-1.0,0.0));
#7448=DIRECTION('',(1.0,0.0,3.3332892002136E-10));
#7449=DIRECTION('',(0.0,-1.0,0.0));
#7450=DIRECTION('',(-1.0,-0.0,-0.0));
#7451=DIRECTION('',(0.0,-1.0,0.0));
#7452=CARTESIAN_POINT('',(-14.9175884,-1250.0,-17.36758839));
#7453=DIRECTION('',(-0.0,1.0,0.0));
#7454=DIRECTION('',(-0.707106781186548,-0.0,0.707106781186548));
#7455=DIRECTION('',(0.0,-1.0,0.0));
#7456=DIRECTION('',(0.707106781186548,0.0,0.707106781186547));
#7457=DIRECTION('',(0.0,-1.0,0.0));
#7458=CARTESIAN_POINT('',(-11.13456711,-1250.0,-16.65));
#7459=DIRECTION('',(-0.0,1.0,0.0));
#7460=DIRECTION('',(1.85037171081358E-15,0.0,1.0));
#7461=DIRECTION('',(0.0,-1.0,0.0));
#7462=DIRECTION('',(1.0,0.0,-0.0));
#7463=DIRECTION('',(-1.0,0.0,0.0));
#7464=DIRECTION('',(0.0,-1.0,0.0));
#7465=CARTESIAN_POINT('',(8.86543289,-1250.0,16.65));
#7466=DIRECTION('',(0.0,1.0,0.0));
#7467=DIRECTION('',(-0.707106781186549,0.0,-0.707106781186546));
#7468=DIRECTION('',(0.0,-1.0,0.0));
#7469=DIRECTION('',(0.0,-1.0,0.0));
#7470=DIRECTION('',(-0.707106781186548,0.0,0.707106781186547));
#7471=DIRECTION('',(0.0,-1.0,0.0));
#7472=CARTESIAN_POINT('',(5.0824116,-1250.0,17.36758839));
#7473=DIRECTION('',(-0.0,1.0,0.0));
#7474=DIRECTION('',(0.0,0.0,1.0));
#7475=DIRECTION('',(0.0,-1.0,0.0));
#7476=DIRECTION('',(1.0,0.0,-0.0));
#7477=DIRECTION('',(0.0,-1.0,0.0));
#7478=CARTESIAN_POINT('',(7.1999999999,-1250.0,18.5000000001));
#7479=DIRECTION('',(0.0,-1.0,0.0));
#7480=DIRECTION('',(3.33333360913457E-10,0.0,-1.0));
#7481=DIRECTION('',(0.0,-1.0,0.0));
#7482=DIRECTION('',(0.0,0.0,1.0));
#7483=DIRECTION('',(0.0,-1.0,0.0));
#7484=CARTESIAN_POINT('',(6.6999999999,-1250.0,19.1999999999));
#7485=DIRECTION('',(0.0,-1.0,0.0));
#7486=DIRECTION('',(1.0,0.0,1.249990388974E-10));
#7487=DIRECTION('',(0.0,1.0,0.0));
#7488=CARTESIAN_POINT('',(13.3000000001,-1250.0,19.1999999999));
#7489=DIRECTION('',(0.0,-1.0,0.0));
#7490=DIRECTION('',(-1.25000565454059E-10,0.0,1.0));
#7491=DIRECTION('',(0.0,-1.0,0.0));
#7492=DIRECTION('',(0.0,-1.0,0.0));
#7493=DIRECTION('',(0.0,0.0,-1.0));
#7494=DIRECTION('',(0.0,-1.0,0.0));
#7495=CARTESIAN_POINT('',(12.8000000001,-1250.0,18.5000000001));
#7496=DIRECTION('',(0.0,-1.0,-0.0));
#7497=DIRECTION('',(-1.0,0.0,-3.3332892002136E-10));
#7498=DIRECTION('',(0.0,-1.0,0.0));
#7499=DIRECTION('',(1.0,0.0,-0.0));
#7500=DIRECTION('',(0.0,-1.0,0.0));
#7501=CARTESIAN_POINT('',(14.9175884,-1250.0,17.36758839));
#7502=DIRECTION('',(0.0,1.0,-0.0));
#7503=DIRECTION('',(0.707106781186548,-0.0,-0.707106781186548));
#7504=DIRECTION('',(0.0,-1.0,0.0));
#7505=DIRECTION('',(-0.707106781186548,-0.0,-0.707106781186547));
#7506=DIRECTION('',(0.0,-1.0,0.0));
#7507=CARTESIAN_POINT('',(11.13456711,-1250.0,16.65));
#7508=DIRECTION('',(0.0,1.0,0.0));
#7509=DIRECTION('',(-1.85037171081358E-15,0.0,-1.0));
#7510=DIRECTION('',(0.0,-1.0,0.0));
#7511=DIRECTION('',(-1.0,-0.0,-0.0));
#7512=DIRECTION('',(1.0,0.0,0.0));
#7513=DIRECTION('',(0.0,-1.0,0.0));
#7514=CARTESIAN_POINT('',(-11.13456711,-1250.0,16.65));
#7515=DIRECTION('',(0.0,1.0,0.0));
#7516=DIRECTION('',(-0.707106781186549,0.0,-0.707106781186546));
#7517=DIRECTION('',(0.0,-1.0,0.0));
#7518=DIRECTION('',(0.0,-1.0,0.0));
#7519=DIRECTION('',(-0.707106781186548,0.0,0.707106781186547));
#7520=DIRECTION('',(0.0,-1.0,0.0));
#7521=CARTESIAN_POINT('',(-14.9175884,-1250.0,17.36758839));
#7522=DIRECTION('',(-0.0,1.0,0.0));
#7523=DIRECTION('',(0.0,0.0,1.0));
#7524=DIRECTION('',(0.0,-1.0,0.0));
#7525=DIRECTION('',(1.0,0.0,-0.0));
#7526=DIRECTION('',(0.0,-1.0,0.0));
#7527=CARTESIAN_POINT('',(-12.8000000001,-1250.0,18.5000000001));
#7528=DIRECTION('',(0.0,-1.0,0.0));
#7529=DIRECTION('',(3.33333360913457E-10,0.0,-1.0));
#7530=DIRECTION('',(0.0,-1.0,0.0));
#7531=DIRECTION('',(0.0,0.0,1.0));
#7532=DIRECTION('',(0.0,-1.0,0.0));
#7533=CARTESIAN_POINT('',(-13.3000000001,-1250.0,19.1999999999));
#7534=DIRECTION('',(0.0,-1.0,0.0));
#7535=DIRECTION('',(1.0,0.0,1.249990388974E-10));
#7536=DIRECTION('',(0.0,1.0,0.0));
#7537=CARTESIAN_POINT('',(-6.6999999999,-1250.0,19.1999999999));
#7538=DIRECTION('',(0.0,-1.0,0.0));
#7539=DIRECTION('',(-1.25000565454059E-10,0.0,1.0));
#7540=DIRECTION('',(0.0,-1.0,0.0));
#7541=DIRECTION('',(0.0,-1.0,0.0));
#7542=DIRECTION('',(0.0,0.0,-1.0));
#7543=DIRECTION('',(0.0,-1.0,0.0));
#7544=CARTESIAN_POINT('',(-7.1999999999,-1250.0,18.5000000001));
#7545=DIRECTION('',(0.0,-1.0,-0.0));
#7546=DIRECTION('',(-1.0,0.0,-3.3332892002136E-10));
#7547=DIRECTION('',(0.0,-1.0,0.0));
#7548=DIRECTION('',(1.0,0.0,-0.0));
#7549=DIRECTION('',(0.0,-1.0,0.0));
#7550=CARTESIAN_POINT('',(-5.0824116,-1250.0,17.36758839));
#7551=DIRECTION('',(0.0,1.0,-0.0));
#7552=DIRECTION('',(0.707106781186548,-0.0,-0.707106781186548));
#7553=DIRECTION('',(0.0,-1.0,0.0));
#7554=DIRECTION('',(-0.707106781186548,-0.0,-0.707106781186547));
#7555=DIRECTION('',(0.0,-1.0,0.0));
#7556=CARTESIAN_POINT('',(-8.86543289,-1250.0,16.65));
#7557=DIRECTION('',(0.0,1.0,0.0));
#7558=DIRECTION('',(-1.85037171081358E-15,0.0,-1.0));
#7559=DIRECTION('',(0.0,-1.0,0.0));
#7560=DIRECTION('',(-1.0,-0.0,-0.0));
#7561=DIRECTION('',(1.0,0.0,0.0));
#7562=CARTESIAN_POINT('',(-18.0,-1250.0,18.0));
#7563=DIRECTION('',(-0.0,1.0,0.0));
#7564=DIRECTION('',(9.76996261670148E-15,0.0,1.0));
#7565=DIRECTION('',(0.0,-1.0,0.0));
#7566=DIRECTION('',(1.0,0.0,0.0));
#7567=CARTESIAN_POINT('',(18.0,-1250.0,18.0));
#7568=DIRECTION('',(-0.0,1.0,0.0));
#7569=DIRECTION('',(1.0,0.0,-1.06581410364016E-14));
#7570=DIRECTION('',(0.0,-1.0,0.0));
#7571=DIRECTION('',(0.0,0.0,-1.0));
#7572=CARTESIAN_POINT('',(18.0,-1250.0,-18.0));
#7573=DIRECTION('',(-0.0,1.0,0.0));
#7574=DIRECTION('',(0.0,0.0,-1.0));
#7575=DIRECTION('',(0.0,-1.0,0.0));
#7576=DIRECTION('',(-1.0,0.0,0.0));
#7577=CARTESIAN_POINT('',(-18.0,-1250.0,-18.0));
#7578=DIRECTION('',(0.0,1.0,-0.0));
#7579=DIRECTION('',(-1.0,0.0,2.22044604925031E-16));
#7580=DIRECTION('',(0.0,-1.0,0.0));
#7581=DIRECTION('',(0.0,0.0,1.0));
ENDSEC;
END-ISO-10303-21;
