ISO-10303-21;
HEADER;
/* Generated by software containing ST-Developer
 * from STEP Tools, Inc. (www.steptools.com) 
 */

FILE_DESCRIPTION(
/* description */ (''),
/* implementation_level */ '2;1');

FILE_NAME(
/* name */ 'Winkelsatz_20x20_einfach.step',
/* time_stamp */ '2024-10-13T12:44:57+02:00',
/* author */ ('tallA'),
/* organization */ (''),
/* preprocessor_version */ 'ST-DEVELOPER v20',
/* originating_system */ 'Autodesk Inventor 2025',
/* authorisation */ '');

FILE_SCHEMA (('AUTOMOTIVE_DESIGN { 1 0 10303 214 3 1 1 }'));
ENDSEC;

DATA;
#10=MECHANICAL_DESIGN_GEOMETRIC_PRESENTATION_REPRESENTATION('',(#35,#36),
#2521);
#11=ITEM_DEFINED_TRANSFORMATION($,$,#1426,#1490);
#12=ITEM_DEFINED_TRANSFORMATION($,$,#1492,#1559);
#13=ITEM_DEFINED_TRANSFORMATION($,$,#1425,#1560);
#14=ITEM_DEFINED_TRANSFORMATION($,$,#1491,#1561);
#15=ITEM_DEFINED_TRANSFORMATION($,$,#1491,#1562);
#16=(
REPRESENTATION_RELATIONSHIP($,$,#2543,#2542)
REPRESENTATION_RELATIONSHIP_WITH_TRANSFORMATION(#11)
SHAPE_REPRESENTATION_RELATIONSHIP()
);
#17=(
REPRESENTATION_RELATIONSHIP($,$,#2545,#2544)
REPRESENTATION_RELATIONSHIP_WITH_TRANSFORMATION(#12)
SHAPE_REPRESENTATION_RELATIONSHIP()
);
#18=(
REPRESENTATION_RELATIONSHIP($,$,#2542,#2541)
REPRESENTATION_RELATIONSHIP_WITH_TRANSFORMATION(#13)
SHAPE_REPRESENTATION_RELATIONSHIP()
);
#19=(
REPRESENTATION_RELATIONSHIP($,$,#2544,#2541)
REPRESENTATION_RELATIONSHIP_WITH_TRANSFORMATION(#14)
SHAPE_REPRESENTATION_RELATIONSHIP()
);
#20=(
REPRESENTATION_RELATIONSHIP($,$,#2544,#2541)
REPRESENTATION_RELATIONSHIP_WITH_TRANSFORMATION(#15)
SHAPE_REPRESENTATION_RELATIONSHIP()
);
#21=CONTEXT_DEPENDENT_SHAPE_REPRESENTATION(#16,#2534);
#22=CONTEXT_DEPENDENT_SHAPE_REPRESENTATION(#17,#2537);
#23=CONTEXT_DEPENDENT_SHAPE_REPRESENTATION(#18,#2538);
#24=CONTEXT_DEPENDENT_SHAPE_REPRESENTATION(#19,#2539);
#25=CONTEXT_DEPENDENT_SHAPE_REPRESENTATION(#20,#2540);
#26=NEXT_ASSEMBLY_USAGE_OCCURRENCE('item_0067777_Winkel 5 20_1',
'item_0067777_Winkel 5 20_1','item_0067777_Winkel 5 20_1',#2548,#2549,
'item_0067777_Winkel 5 20_1');
#27=NEXT_ASSEMBLY_USAGE_OCCURRENCE(
'item_0068092_Befestigungssatz 5 2-4mm mit Senkschraube M5_TextAt',
'item_0068092_Befestigungssatz 5 2-4mm mit Senkschraube M5_TextAt',
'item_0068092_Befestigungssatz 5 2-4mm mit Senkschraube M5_TextAt',#2550,
#2551,
'item_0068092_Befestigungssatz 5 2-4mm mit Senkschraube M5_TextAt');
#28=NEXT_ASSEMBLY_USAGE_OCCURRENCE(
'item_67777_winkel-5-20-weissalumini__high:1',
'item_67777_winkel-5-20-weissalumini__high:1',
'item_67777_winkel-5-20-weissalumini__high:1',#2547,#2548,
'item_67777_winkel-5-20-weissalumini__high:1');
#29=NEXT_ASSEMBLY_USAGE_OCCURRENCE(
'item_68092_befestigungssatz-5-2-4mm_4_high:1',
'item_68092_befestigungssatz-5-2-4mm_4_high:1',
'item_68092_befestigungssatz-5-2-4mm_4_high:1',#2547,#2550,
'item_68092_befestigungssatz-5-2-4mm_4_high:1');
#30=NEXT_ASSEMBLY_USAGE_OCCURRENCE(
'item_68092_befestigungssatz-5-2-4mm_4_high:2',
'item_68092_befestigungssatz-5-2-4mm_4_high:2',
'item_68092_befestigungssatz-5-2-4mm_4_high:2',#2547,#2550,
'item_68092_befestigungssatz-5-2-4mm_4_high:2');
#31=SHAPE_REPRESENTATION_RELATIONSHIP('SRR','None',#2543,#33);
#32=SHAPE_REPRESENTATION_RELATIONSHIP('SRR','None',#2545,#34);
#33=ADVANCED_BREP_SHAPE_REPRESENTATION('',(#37),#2518);
#34=ADVANCED_BREP_SHAPE_REPRESENTATION('',(#38),#2520);
#35=STYLED_ITEM('',(#1368),#37);
#36=STYLED_ITEM('',(#1369),#38);
#37=MANIFOLD_SOLID_BREP('Volumenk\X\F6rper1',#1339);
#38=MANIFOLD_SOLID_BREP('Volumenk\X\F6rper1',#1340);
#39=FACE_BOUND('',#222,.T.);
#40=FACE_BOUND('',#224,.T.);
#41=FACE_BOUND('',#247,.T.);
#42=PLANE('',#1454);
#43=PLANE('',#1455);
#44=PLANE('',#1462);
#45=PLANE('',#1463);
#46=PLANE('',#1464);
#47=PLANE('',#1468);
#48=PLANE('',#1469);
#49=PLANE('',#1473);
#50=PLANE('',#1474);
#51=PLANE('',#1475);
#52=PLANE('',#1476);
#53=PLANE('',#1477);
#54=PLANE('',#1478);
#55=PLANE('',#1482);
#56=PLANE('',#1483);
#57=PLANE('',#1487);
#58=PLANE('',#1488);
#59=PLANE('',#1489);
#60=PLANE('',#1508);
#61=PLANE('',#1509);
#62=PLANE('',#1510);
#63=PLANE('',#1511);
#64=PLANE('',#1512);
#65=PLANE('',#1513);
#66=PLANE('',#1514);
#67=PLANE('',#1515);
#68=PLANE('',#1516);
#69=PLANE('',#1522);
#70=PLANE('',#1525);
#71=PLANE('',#1536);
#72=PLANE('',#1542);
#73=PLANE('',#1545);
#74=PLANE('',#1548);
#75=PLANE('',#1557);
#76=PLANE('',#1558);
#77=ELLIPSE('',#1442,8.1317279836453,5.75);
#78=B_SPLINE_CURVE_WITH_KNOTS('',3,(#1990,#1991,#1992,#1993,#1994,#1995,
#1996,#1997),.UNSPECIFIED.,.F.,.F.,(4,2,2,4),(-0.613125799728597,-0.514972481223594,
-0.323660642277598,-0.311563660761898),.UNSPECIFIED.);
#79=B_SPLINE_CURVE_WITH_KNOTS('',3,(#2000,#2001,#2002,#2003,#2004,#2005,
#2006,#2007),.UNSPECIFIED.,.F.,.F.,(4,2,2,4),(-1.10100497957728,-1.08890799806158,
-0.897596159115587,-0.799442840610584),.UNSPECIFIED.);
#80=B_SPLINE_CURVE_WITH_KNOTS('',3,(#2009,#2010,#2011,#2012,#2013,#2014,
#2015,#2016),.UNSPECIFIED.,.F.,.F.,(4,2,2,4),(-0.613125799728815,-0.514972481223594,
-0.323660642277598,-0.311563660780278),.UNSPECIFIED.);
#81=B_SPLINE_CURVE_WITH_KNOTS('',3,(#2017,#2018,#2019,#2020,#2021,#2022,
#2023,#2024),.UNSPECIFIED.,.F.,.F.,(4,2,2,4),(-1.1010049795589,-1.08890799806158,
-0.897596159115587,-0.799442840610367),.UNSPECIFIED.);
#82=B_SPLINE_CURVE_WITH_KNOTS('',3,(#2186,#2187,#2188,#2189,#2190,#2191,
#2192,#2193),.UNSPECIFIED.,.F.,.F.,(4,2,2,4),(-0.246003802583827,-0.193514827438485,
-0.0967574137192426,0.),.UNSPECIFIED.);
#83=B_SPLINE_CURVE_WITH_KNOTS('',3,(#2195,#2196,#2197,#2198,#2199,#2200,
#2201,#2202,#2203,#2204,#2205,#2206,#2207,#2208),.UNSPECIFIED.,.F.,.F.,
(4,2,2,2,2,2,4),(1.25159373876596,1.30360410844834,1.35422162653182,1.40483914461529,
1.45316526386109,1.5014913831069,1.58251131893089),.UNSPECIFIED.);
#84=B_SPLINE_CURVE_WITH_KNOTS('',3,(#2210,#2211,#2212,#2213,#2214,#2215,
#2216,#2217,#2218,#2219,#2220,#2221,#2222,#2223),.UNSPECIFIED.,.F.,.F.,
(4,2,2,2,2,2,4),(-1.04494290147999,-0.997570394951392,-0.900870995475493,
-0.804171595999593,-0.707472196523694,-0.610772797047794,-0.563400290519198),
 .UNSPECIFIED.);
#85=B_SPLINE_CURVE_WITH_KNOTS('',3,(#2225,#2226,#2227,#2228,#2229,#2230,
#2231,#2232,#2233,#2234,#2235,#2236,#2237,#2238),.UNSPECIFIED.,.F.,.F.,
(4,2,2,2,2,2,4),(0.314088220224824,0.395108156048816,0.443434275294619,
0.491760394540421,0.542377912623896,0.592995430707371,0.645005800389754),
 .UNSPECIFIED.);
#86=B_SPLINE_CURVE_WITH_KNOTS('',3,(#2239,#2240,#2241,#2242,#2243,#2244,
#2245,#2246),.UNSPECIFIED.,.F.,.F.,(4,2,2,4),(0.,0.0967574137192425,0.193514827438485,
0.246003802583827),.UNSPECIFIED.);
#87=B_SPLINE_CURVE_WITH_KNOTS('',3,(#2269,#2270,#2271,#2272,#2273,#2274,
#2275,#2276),.UNSPECIFIED.,.F.,.F.,(4,2,2,4),(-0.231541289277989,-0.23071267015058,
-0.217652465422115,-0.183241740712581),.UNSPECIFIED.);
#88=B_SPLINE_CURVE_WITH_KNOTS('',3,(#2278,#2279,#2280,#2281,#2282,#2283),
 .UNSPECIFIED.,.F.,.F.,(4,2,4),(0.0630567186641195,0.126230379973163,0.141845637079253),
 .UNSPECIFIED.);
#89=B_SPLINE_CURVE_WITH_KNOTS('',3,(#2287,#2288,#2289,#2290,#2291,#2292,
#2293,#2294,#2295,#2296,#2297,#2298,#2299,#2300),.UNSPECIFIED.,.F.,.F.,
(4,2,2,2,2,2,4),(-0.625766153430259,-0.567673427835748,-0.473065786377903,
-0.378458144920057,-0.283850503462212,-0.189242862004367,-0.131150134601839),
 .UNSPECIFIED.);
#90=B_SPLINE_CURVE_WITH_KNOTS('',3,(#2304,#2305,#2306,#2307,#2308,#2309),
 .UNSPECIFIED.,.F.,.F.,(4,2,4),(0.0139601673202478,0.0295754238425356,0.0927490830716733),
 .UNSPECIFIED.);
#91=B_SPLINE_CURVE_WITH_KNOTS('',3,(#2311,#2312,#2313,#2314,#2315,#2316,
#2317,#2318,#2319,#2320,#2321,#2322,#2323,#2324),.UNSPECIFIED.,.F.,.F.,
(4,2,2,2,2,2,4),(0.13494220073044,0.13577082131059,0.148831026973012,0.18324175427799,
0.217652481582968,0.23071268724539,0.23154130782554),.UNSPECIFIED.);
#92=B_SPLINE_CURVE_WITH_KNOTS('',3,(#2326,#2327,#2328,#2329,#2330,#2331),
 .UNSPECIFIED.,.F.,.F.,(4,2,4),(0.218862519517215,0.282036178746353,0.297651435268641),
 .UNSPECIFIED.);
#93=B_SPLINE_CURVE_WITH_KNOTS('',3,(#2335,#2336,#2337,#2338,#2339,#2340,
#2341,#2342,#2343,#2344,#2345,#2346,#2347,#2348),.UNSPECIFIED.,.F.,.F.,
(4,2,2,2,2,2,4),(-1.38268244507839,-1.32458971767586,-1.22998207621802,
-1.13537443476017,-1.04076679330233,-0.946159151844482,-0.888066426249971),
 .UNSPECIFIED.);
#94=B_SPLINE_CURVE_WITH_KNOTS('',3,(#2352,#2353,#2354,#2355,#2356,#2357),
 .UNSPECIFIED.,.F.,.F.,(4,2,4),(0.16976597342771,0.185381230533799,0.248554891842843),
 .UNSPECIFIED.);
#95=B_SPLINE_CURVE_WITH_KNOTS('',3,(#2358,#2359,#2360,#2361,#2362,#2363,
#2364,#2365),.UNSPECIFIED.,.F.,.F.,(4,2,2,4),(-0.183241740712581,-0.148831016003048,
-0.135770811274582,-0.134942192147173),.UNSPECIFIED.);
#96=CYLINDRICAL_SURFACE('',#1432,2.85);
#97=CYLINDRICAL_SURFACE('',#1439,2.85);
#98=CYLINDRICAL_SURFACE('',#1441,5.75);
#99=CYLINDRICAL_SURFACE('',#1443,5.75);
#100=CYLINDRICAL_SURFACE('',#1444,1.80000000012218);
#101=CYLINDRICAL_SURFACE('',#1446,1.80000000012218);
#102=CYLINDRICAL_SURFACE('',#1448,2.14999999983297);
#103=CYLINDRICAL_SURFACE('',#1451,2.14999999983297);
#104=CYLINDRICAL_SURFACE('',#1456,0.850000000029244);
#105=CYLINDRICAL_SURFACE('',#1459,0.85000000002924);
#106=CYLINDRICAL_SURFACE('',#1465,0.850000000029244);
#107=CYLINDRICAL_SURFACE('',#1470,0.85000000002924);
#108=CYLINDRICAL_SURFACE('',#1479,1.20000000008146);
#109=CYLINDRICAL_SURFACE('',#1484,1.20000000008146);
#110=CYLINDRICAL_SURFACE('',#1493,2.5);
#111=CYLINDRICAL_SURFACE('',#1496,5.);
#112=CYLINDRICAL_SURFACE('',#1503,2.5);
#113=CYLINDRICAL_SURFACE('',#1517,0.300000011130395);
#114=CYLINDRICAL_SURFACE('',#1520,0.300000011130395);
#115=CYLINDRICAL_SURFACE('',#1523,9.89999995862729);
#116=CYLINDRICAL_SURFACE('',#1526,0.300000011130395);
#117=CYLINDRICAL_SURFACE('',#1528,7.99999977119225);
#118=CYLINDRICAL_SURFACE('',#1531,2.49999998452337);
#119=CYLINDRICAL_SURFACE('',#1533,0.29999999187493);
#120=CYLINDRICAL_SURFACE('',#1537,0.300000011130396);
#121=CYLINDRICAL_SURFACE('',#1540,0.300000011130395);
#122=CYLINDRICAL_SURFACE('',#1543,9.89999995862729);
#123=CYLINDRICAL_SURFACE('',#1546,0.300000011130395);
#124=CYLINDRICAL_SURFACE('',#1549,0.300000001781412);
#125=CYLINDRICAL_SURFACE('',#1552,7.99999996801615);
#126=CYLINDRICAL_SURFACE('',#1555,2.49999998452337);
#127=FACE_OUTER_BOUND('',#197,.T.);
#128=FACE_OUTER_BOUND('',#198,.T.);
#129=FACE_OUTER_BOUND('',#199,.T.);
#130=FACE_OUTER_BOUND('',#200,.T.);
#131=FACE_OUTER_BOUND('',#201,.T.);
#132=FACE_OUTER_BOUND('',#202,.T.);
#133=FACE_OUTER_BOUND('',#203,.T.);
#134=FACE_OUTER_BOUND('',#204,.T.);
#135=FACE_OUTER_BOUND('',#205,.T.);
#136=FACE_OUTER_BOUND('',#206,.T.);
#137=FACE_OUTER_BOUND('',#207,.T.);
#138=FACE_OUTER_BOUND('',#208,.T.);
#139=FACE_OUTER_BOUND('',#209,.T.);
#140=FACE_OUTER_BOUND('',#210,.T.);
#141=FACE_OUTER_BOUND('',#211,.T.);
#142=FACE_OUTER_BOUND('',#212,.T.);
#143=FACE_OUTER_BOUND('',#213,.T.);
#144=FACE_OUTER_BOUND('',#214,.T.);
#145=FACE_OUTER_BOUND('',#215,.T.);
#146=FACE_OUTER_BOUND('',#216,.T.);
#147=FACE_OUTER_BOUND('',#217,.T.);
#148=FACE_OUTER_BOUND('',#218,.T.);
#149=FACE_OUTER_BOUND('',#219,.T.);
#150=FACE_OUTER_BOUND('',#220,.T.);
#151=FACE_OUTER_BOUND('',#221,.T.);
#152=FACE_OUTER_BOUND('',#223,.T.);
#153=FACE_OUTER_BOUND('',#225,.T.);
#154=FACE_OUTER_BOUND('',#226,.T.);
#155=FACE_OUTER_BOUND('',#227,.T.);
#156=FACE_OUTER_BOUND('',#228,.T.);
#157=FACE_OUTER_BOUND('',#229,.T.);
#158=FACE_OUTER_BOUND('',#230,.T.);
#159=FACE_OUTER_BOUND('',#231,.T.);
#160=FACE_OUTER_BOUND('',#232,.T.);
#161=FACE_OUTER_BOUND('',#233,.T.);
#162=FACE_OUTER_BOUND('',#234,.T.);
#163=FACE_OUTER_BOUND('',#235,.T.);
#164=FACE_OUTER_BOUND('',#236,.T.);
#165=FACE_OUTER_BOUND('',#237,.T.);
#166=FACE_OUTER_BOUND('',#238,.T.);
#167=FACE_OUTER_BOUND('',#239,.T.);
#168=FACE_OUTER_BOUND('',#240,.T.);
#169=FACE_OUTER_BOUND('',#241,.T.);
#170=FACE_OUTER_BOUND('',#242,.T.);
#171=FACE_OUTER_BOUND('',#243,.T.);
#172=FACE_OUTER_BOUND('',#244,.T.);
#173=FACE_OUTER_BOUND('',#245,.T.);
#174=FACE_OUTER_BOUND('',#246,.T.);
#175=FACE_OUTER_BOUND('',#248,.T.);
#176=FACE_OUTER_BOUND('',#249,.T.);
#177=FACE_OUTER_BOUND('',#250,.T.);
#178=FACE_OUTER_BOUND('',#251,.T.);
#179=FACE_OUTER_BOUND('',#252,.T.);
#180=FACE_OUTER_BOUND('',#253,.T.);
#181=FACE_OUTER_BOUND('',#254,.T.);
#182=FACE_OUTER_BOUND('',#255,.T.);
#183=FACE_OUTER_BOUND('',#256,.T.);
#184=FACE_OUTER_BOUND('',#257,.T.);
#185=FACE_OUTER_BOUND('',#258,.T.);
#186=FACE_OUTER_BOUND('',#259,.T.);
#187=FACE_OUTER_BOUND('',#260,.T.);
#188=FACE_OUTER_BOUND('',#261,.T.);
#189=FACE_OUTER_BOUND('',#262,.T.);
#190=FACE_OUTER_BOUND('',#263,.T.);
#191=FACE_OUTER_BOUND('',#264,.T.);
#192=FACE_OUTER_BOUND('',#265,.T.);
#193=FACE_OUTER_BOUND('',#266,.T.);
#194=FACE_OUTER_BOUND('',#267,.T.);
#195=FACE_OUTER_BOUND('',#268,.T.);
#196=FACE_OUTER_BOUND('',#269,.T.);
#197=EDGE_LOOP('',(#879,#880,#881,#882,#883,#884));
#198=EDGE_LOOP('',(#885,#886,#887,#888));
#199=EDGE_LOOP('',(#889,#890,#891,#892,#893,#894));
#200=EDGE_LOOP('',(#895,#896,#897,#898));
#201=EDGE_LOOP('',(#899,#900,#901,#902,#903));
#202=EDGE_LOOP('',(#904,#905,#906,#907));
#203=EDGE_LOOP('',(#908,#909,#910,#911,#912));
#204=EDGE_LOOP('',(#913,#914,#915,#916,#917));
#205=EDGE_LOOP('',(#918,#919,#920,#921));
#206=EDGE_LOOP('',(#922,#923,#924,#925));
#207=EDGE_LOOP('',(#926,#927,#928,#929));
#208=EDGE_LOOP('',(#930,#931,#932,#933));
#209=EDGE_LOOP('',(#934,#935,#936,#937));
#210=EDGE_LOOP('',(#938,#939,#940,#941));
#211=EDGE_LOOP('',(#942,#943,#944,#945));
#212=EDGE_LOOP('',(#946,#947,#948,#949));
#213=EDGE_LOOP('',(#950,#951,#952,#953));
#214=EDGE_LOOP('',(#954,#955,#956,#957));
#215=EDGE_LOOP('',(#958,#959,#960,#961));
#216=EDGE_LOOP('',(#962,#963,#964,#965));
#217=EDGE_LOOP('',(#966,#967,#968,#969));
#218=EDGE_LOOP('',(#970,#971,#972,#973));
#219=EDGE_LOOP('',(#974,#975,#976,#977,#978,#979,#980,#981,#982));
#220=EDGE_LOOP('',(#983,#984,#985,#986,#987,#988,#989,#990,#991));
#221=EDGE_LOOP('',(#992,#993,#994,#995,#996,#997,#998,#999));
#222=EDGE_LOOP('',(#1000));
#223=EDGE_LOOP('',(#1001,#1002,#1003,#1004,#1005,#1006,#1007,#1008));
#224=EDGE_LOOP('',(#1009));
#225=EDGE_LOOP('',(#1010,#1011,#1012,#1013));
#226=EDGE_LOOP('',(#1014,#1015,#1016,#1017));
#227=EDGE_LOOP('',(#1018,#1019,#1020,#1021,#1022,#1023,#1024));
#228=EDGE_LOOP('',(#1025,#1026,#1027,#1028,#1029,#1030));
#229=EDGE_LOOP('',(#1031,#1032,#1033,#1034));
#230=EDGE_LOOP('',(#1035,#1036,#1037,#1038));
#231=EDGE_LOOP('',(#1039,#1040,#1041,#1042,#1043,#1044,#1045,#1046,#1047,
#1048,#1049,#1050,#1051,#1052,#1053,#1054));
#232=EDGE_LOOP('',(#1055,#1056,#1057,#1058,#1059,#1060,#1061,#1062,#1063,
#1064,#1065,#1066,#1067,#1068,#1069,#1070));
#233=EDGE_LOOP('',(#1071,#1072,#1073,#1074,#1075,#1076,#1077,#1078,#1079));
#234=EDGE_LOOP('',(#1080,#1081,#1082,#1083));
#235=EDGE_LOOP('',(#1084,#1085,#1086,#1087));
#236=EDGE_LOOP('',(#1088,#1089,#1090,#1091,#1092));
#237=EDGE_LOOP('',(#1093,#1094,#1095,#1096,#1097,#1098,#1099,#1100,#1101,
#1102,#1103,#1104,#1105,#1106,#1107,#1108));
#238=EDGE_LOOP('',(#1109,#1110,#1111,#1112));
#239=EDGE_LOOP('',(#1113,#1114,#1115,#1116));
#240=EDGE_LOOP('',(#1117,#1118,#1119,#1120));
#241=EDGE_LOOP('',(#1121,#1122,#1123,#1124));
#242=EDGE_LOOP('',(#1125,#1126,#1127,#1128));
#243=EDGE_LOOP('',(#1129,#1130,#1131,#1132));
#244=EDGE_LOOP('',(#1133,#1134,#1135,#1136,#1137,#1138));
#245=EDGE_LOOP('',(#1139));
#246=EDGE_LOOP('',(#1140));
#247=EDGE_LOOP('',(#1141,#1142,#1143,#1144,#1145,#1146));
#248=EDGE_LOOP('',(#1147,#1148,#1149,#1150,#1151,#1152,#1153));
#249=EDGE_LOOP('',(#1154,#1155,#1156,#1157));
#250=EDGE_LOOP('',(#1158,#1159,#1160,#1161));
#251=EDGE_LOOP('',(#1162,#1163,#1164,#1165));
#252=EDGE_LOOP('',(#1166,#1167,#1168,#1169));
#253=EDGE_LOOP('',(#1170,#1171,#1172,#1173));
#254=EDGE_LOOP('',(#1174,#1175,#1176,#1177,#1178,#1179,#1180));
#255=EDGE_LOOP('',(#1181,#1182,#1183,#1184));
#256=EDGE_LOOP('',(#1185,#1186,#1187,#1188));
#257=EDGE_LOOP('',(#1189,#1190,#1191,#1192));
#258=EDGE_LOOP('',(#1193,#1194,#1195,#1196,#1197,#1198));
#259=EDGE_LOOP('',(#1199,#1200,#1201,#1202));
#260=EDGE_LOOP('',(#1203,#1204,#1205,#1206));
#261=EDGE_LOOP('',(#1207,#1208,#1209,#1210));
#262=EDGE_LOOP('',(#1211,#1212,#1213,#1214));
#263=EDGE_LOOP('',(#1215,#1216,#1217,#1218));
#264=EDGE_LOOP('',(#1219,#1220,#1221,#1222));
#265=EDGE_LOOP('',(#1223,#1224,#1225,#1226));
#266=EDGE_LOOP('',(#1227,#1228,#1229,#1230,#1231,#1232));
#267=EDGE_LOOP('',(#1233,#1234,#1235,#1236));
#268=EDGE_LOOP('',(#1237,#1238,#1239,#1240,#1241,#1242,#1243,#1244,#1245,
#1246,#1247,#1248,#1249,#1250));
#269=EDGE_LOOP('',(#1251,#1252,#1253,#1254,#1255,#1256,#1257,#1258,#1259,
#1260,#1261,#1262,#1263,#1264));
#270=LINE('',#1964,#386);
#271=LINE('',#1973,#387);
#272=LINE('',#1978,#388);
#273=LINE('',#1987,#389);
#274=LINE('',#2027,#390);
#275=LINE('',#2030,#391);
#276=LINE('',#2033,#392);
#277=LINE('',#2036,#393);
#278=LINE('',#2042,#394);
#279=LINE('',#2045,#395);
#280=LINE('',#2051,#396);
#281=LINE('',#2054,#397);
#282=LINE('',#2057,#398);
#283=LINE('',#2059,#399);
#284=LINE('',#2060,#400);
#285=LINE('',#2063,#401);
#286=LINE('',#2065,#402);
#287=LINE('',#2066,#403);
#288=LINE('',#2071,#404);
#289=LINE('',#2077,#405);
#290=LINE('',#2081,#406);
#291=LINE('',#2083,#407);
#292=LINE('',#2084,#408);
#293=LINE('',#2087,#409);
#294=LINE('',#2089,#410);
#295=LINE('',#2090,#411);
#296=LINE('',#2094,#412);
#297=LINE('',#2096,#413);
#298=LINE('',#2098,#414);
#299=LINE('',#2099,#415);
#300=LINE('',#2104,#416);
#301=LINE('',#2107,#417);
#302=LINE('',#2108,#418);
#303=LINE('',#2111,#419);
#304=LINE('',#2113,#420);
#305=LINE('',#2114,#421);
#306=LINE('',#2120,#422);
#307=LINE('',#2123,#423);
#308=LINE('',#2125,#424);
#309=LINE('',#2126,#425);
#310=LINE('',#2129,#426);
#311=LINE('',#2130,#427);
#312=LINE('',#2133,#428);
#313=LINE('',#2134,#429);
#314=LINE('',#2137,#430);
#315=LINE('',#2138,#431);
#316=LINE('',#2140,#432);
#317=LINE('',#2141,#433);
#318=LINE('',#2144,#434);
#319=LINE('',#2146,#435);
#320=LINE('',#2147,#436);
#321=LINE('',#2150,#437);
#322=LINE('',#2152,#438);
#323=LINE('',#2153,#439);
#324=LINE('',#2158,#440);
#325=LINE('',#2161,#441);
#326=LINE('',#2162,#442);
#327=LINE('',#2165,#443);
#328=LINE('',#2167,#444);
#329=LINE('',#2168,#445);
#330=LINE('',#2173,#446);
#331=LINE('',#2176,#447);
#332=LINE('',#2177,#448);
#333=LINE('',#2248,#449);
#334=LINE('',#2256,#450);
#335=LINE('',#2260,#451);
#336=LINE('',#2264,#452);
#337=LINE('',#2366,#453);
#338=LINE('',#2370,#454);
#339=LINE('',#2372,#455);
#340=LINE('',#2374,#456);
#341=LINE('',#2375,#457);
#342=LINE('',#2378,#458);
#343=LINE('',#2380,#459);
#344=LINE('',#2381,#460);
#345=LINE('',#2384,#461);
#346=LINE('',#2386,#462);
#347=LINE('',#2387,#463);
#348=LINE('',#2390,#464);
#349=LINE('',#2392,#465);
#350=LINE('',#2393,#466);
#351=LINE('',#2396,#467);
#352=LINE('',#2398,#468);
#353=LINE('',#2399,#469);
#354=LINE('',#2401,#470);
#355=LINE('',#2402,#471);
#356=LINE('',#2408,#472);
#357=LINE('',#2412,#473);
#358=LINE('',#2415,#474);
#359=LINE('',#2418,#475);
#360=LINE('',#2422,#476);
#361=LINE('',#2423,#477);
#362=LINE('',#2426,#478);
#363=LINE('',#2430,#479);
#364=LINE('',#2431,#480);
#365=LINE('',#2434,#481);
#366=LINE('',#2438,#482);
#367=LINE('',#2442,#483);
#368=LINE('',#2445,#484);
#369=LINE('',#2448,#485);
#370=LINE('',#2454,#486);
#371=LINE('',#2458,#487);
#372=LINE('',#2460,#488);
#373=LINE('',#2461,#489);
#374=LINE('',#2464,#490);
#375=LINE('',#2469,#491);
#376=LINE('',#2473,#492);
#377=LINE('',#2474,#493);
#378=LINE('',#2477,#494);
#379=LINE('',#2481,#495);
#380=LINE('',#2482,#496);
#381=LINE('',#2487,#497);
#382=LINE('',#2489,#498);
#383=LINE('',#2490,#499);
#384=LINE('',#2495,#500);
#385=LINE('',#2499,#501);
#386=VECTOR('',#1573,4.3);
#387=VECTOR('',#1584,2.85);
#388=VECTOR('',#1589,4.3);
#389=VECTOR('',#1600,2.85);
#390=VECTOR('',#1609,1.);
#391=VECTOR('',#1612,1.);
#392=VECTOR('',#1615,1.);
#393=VECTOR('',#1618,1.);
#394=VECTOR('',#1623,1.);
#395=VECTOR('',#1626,1.);
#396=VECTOR('',#1631,1.);
#397=VECTOR('',#1634,1.);
#398=VECTOR('',#1637,1.);
#399=VECTOR('',#1638,1.);
#400=VECTOR('',#1639,1.);
#401=VECTOR('',#1642,1.);
#402=VECTOR('',#1643,1.);
#403=VECTOR('',#1644,1.);
#404=VECTOR('',#1649,1.);
#405=VECTOR('',#1656,1.);
#406=VECTOR('',#1661,1.);
#407=VECTOR('',#1662,1.);
#408=VECTOR('',#1663,1.);
#409=VECTOR('',#1666,1.);
#410=VECTOR('',#1667,1.);
#411=VECTOR('',#1668,1.);
#412=VECTOR('',#1671,1.);
#413=VECTOR('',#1672,1.);
#414=VECTOR('',#1673,1.);
#415=VECTOR('',#1674,1.);
#416=VECTOR('',#1679,1.);
#417=VECTOR('',#1684,1.);
#418=VECTOR('',#1685,1.);
#419=VECTOR('',#1688,1.);
#420=VECTOR('',#1689,1.);
#421=VECTOR('',#1690,1.);
#422=VECTOR('',#1697,1.);
#423=VECTOR('',#1700,1.);
#424=VECTOR('',#1701,1.);
#425=VECTOR('',#1702,1.);
#426=VECTOR('',#1705,1.);
#427=VECTOR('',#1706,1.);
#428=VECTOR('',#1709,1.);
#429=VECTOR('',#1710,1.);
#430=VECTOR('',#1713,1.);
#431=VECTOR('',#1714,1.);
#432=VECTOR('',#1715,1.);
#433=VECTOR('',#1716,1.);
#434=VECTOR('',#1719,1.);
#435=VECTOR('',#1720,1.);
#436=VECTOR('',#1721,1.);
#437=VECTOR('',#1724,1.);
#438=VECTOR('',#1725,1.);
#439=VECTOR('',#1726,1.);
#440=VECTOR('',#1731,1.);
#441=VECTOR('',#1736,1.);
#442=VECTOR('',#1737,1.);
#443=VECTOR('',#1740,1.);
#444=VECTOR('',#1741,1.);
#445=VECTOR('',#1742,1.);
#446=VECTOR('',#1747,1.);
#447=VECTOR('',#1752,1.);
#448=VECTOR('',#1753,1.);
#449=VECTOR('',#1766,2.5);
#450=VECTOR('',#1775,5.);
#451=VECTOR('',#1780,3.75);
#452=VECTOR('',#1785,2.254625);
#453=VECTOR('',#1798,2.5);
#454=VECTOR('',#1801,1.);
#455=VECTOR('',#1802,1.);
#456=VECTOR('',#1803,1.);
#457=VECTOR('',#1804,1.);
#458=VECTOR('',#1807,1.);
#459=VECTOR('',#1808,1.);
#460=VECTOR('',#1809,1.);
#461=VECTOR('',#1812,1.);
#462=VECTOR('',#1813,1.);
#463=VECTOR('',#1814,1.);
#464=VECTOR('',#1817,1.);
#465=VECTOR('',#1818,1.);
#466=VECTOR('',#1819,1.);
#467=VECTOR('',#1822,1.);
#468=VECTOR('',#1823,1.);
#469=VECTOR('',#1824,1.);
#470=VECTOR('',#1827,1.);
#471=VECTOR('',#1828,1.);
#472=VECTOR('',#1837,1.);
#473=VECTOR('',#1840,1.);
#474=VECTOR('',#1843,1.);
#475=VECTOR('',#1846,1.);
#476=VECTOR('',#1851,1.);
#477=VECTOR('',#1852,1.);
#478=VECTOR('',#1855,1.);
#479=VECTOR('',#1860,1.);
#480=VECTOR('',#1861,1.);
#481=VECTOR('',#1864,1.);
#482=VECTOR('',#1869,1.);
#483=VECTOR('',#1872,1.);
#484=VECTOR('',#1875,1.);
#485=VECTOR('',#1878,1.);
#486=VECTOR('',#1885,1.);
#487=VECTOR('',#1890,1.);
#488=VECTOR('',#1891,1.);
#489=VECTOR('',#1892,1.);
#490=VECTOR('',#1895,1.);
#491=VECTOR('',#1902,1.);
#492=VECTOR('',#1907,1.);
#493=VECTOR('',#1908,1.);
#494=VECTOR('',#1911,1.);
#495=VECTOR('',#1916,1.);
#496=VECTOR('',#1917,1.);
#497=VECTOR('',#1924,1.);
#498=VECTOR('',#1925,1.);
#499=VECTOR('',#1926,1.);
#500=VECTOR('',#1931,1.);
#501=VECTOR('',#1936,1.);
#502=CIRCLE('',#1428,2.85);
#503=CIRCLE('',#1429,5.75);
#504=CIRCLE('',#1430,5.75);
#505=CIRCLE('',#1431,5.75);
#506=CIRCLE('',#1433,2.85);
#507=CIRCLE('',#1435,2.85);
#508=CIRCLE('',#1436,5.75);
#509=CIRCLE('',#1437,5.75);
#510=CIRCLE('',#1438,5.75);
#511=CIRCLE('',#1440,2.85);
#512=CIRCLE('',#1445,1.80000000012218);
#513=CIRCLE('',#1447,1.80000000012218);
#514=CIRCLE('',#1449,2.14999999983297);
#515=CIRCLE('',#1450,2.14999999983297);
#516=CIRCLE('',#1452,2.14999999983297);
#517=CIRCLE('',#1453,2.14999999983297);
#518=CIRCLE('',#1457,0.850000000029244);
#519=CIRCLE('',#1458,0.850000000029244);
#520=CIRCLE('',#1460,0.85000000002924);
#521=CIRCLE('',#1461,0.85000000002924);
#522=CIRCLE('',#1466,0.850000000029244);
#523=CIRCLE('',#1467,0.850000000029244);
#524=CIRCLE('',#1471,0.85000000002924);
#525=CIRCLE('',#1472,0.85000000002924);
#526=CIRCLE('',#1480,1.20000000008146);
#527=CIRCLE('',#1481,1.20000000008146);
#528=CIRCLE('',#1485,1.20000000008146);
#529=CIRCLE('',#1486,1.20000000008146);
#530=CIRCLE('',#1494,2.5);
#531=CIRCLE('',#1495,2.5);
#532=CIRCLE('',#1497,5.);
#533=CIRCLE('',#1498,5.);
#534=CIRCLE('',#1500,2.5);
#535=CIRCLE('',#1502,2.00925);
#536=CIRCLE('',#1504,2.5);
#537=CIRCLE('',#1505,2.5);
#538=CIRCLE('',#1506,2.5);
#539=CIRCLE('',#1507,2.5);
#540=CIRCLE('',#1518,0.300000011130395);
#541=CIRCLE('',#1519,0.300000011130395);
#542=CIRCLE('',#1521,0.300000011130395);
#543=CIRCLE('',#1524,9.89999995862729);
#544=CIRCLE('',#1527,0.300000011130395);
#545=CIRCLE('',#1529,7.99999977119225);
#546=CIRCLE('',#1530,7.99999977119225);
#547=CIRCLE('',#1532,2.49999998452337);
#548=CIRCLE('',#1534,0.29999999187493);
#549=CIRCLE('',#1535,0.29999999187493);
#550=CIRCLE('',#1538,0.300000011130396);
#551=CIRCLE('',#1539,0.300000011130396);
#552=CIRCLE('',#1541,0.300000011130395);
#553=CIRCLE('',#1544,9.89999995862729);
#554=CIRCLE('',#1547,0.300000011130395);
#555=CIRCLE('',#1550,0.300000001781412);
#556=CIRCLE('',#1551,0.300000001781412);
#557=CIRCLE('',#1553,7.99999996801615);
#558=CIRCLE('',#1554,7.99999996801615);
#559=CIRCLE('',#1556,2.49999998452337);
#560=VERTEX_POINT('',#1961);
#561=VERTEX_POINT('',#1963);
#562=VERTEX_POINT('',#1965);
#563=VERTEX_POINT('',#1967);
#564=VERTEX_POINT('',#1971);
#565=VERTEX_POINT('',#1975);
#566=VERTEX_POINT('',#1977);
#567=VERTEX_POINT('',#1979);
#568=VERTEX_POINT('',#1981);
#569=VERTEX_POINT('',#1985);
#570=VERTEX_POINT('',#1989);
#571=VERTEX_POINT('',#1998);
#572=VERTEX_POINT('',#2026);
#573=VERTEX_POINT('',#2028);
#574=VERTEX_POINT('',#2032);
#575=VERTEX_POINT('',#2034);
#576=VERTEX_POINT('',#2038);
#577=VERTEX_POINT('',#2039);
#578=VERTEX_POINT('',#2041);
#579=VERTEX_POINT('',#2043);
#580=VERTEX_POINT('',#2047);
#581=VERTEX_POINT('',#2048);
#582=VERTEX_POINT('',#2050);
#583=VERTEX_POINT('',#2052);
#584=VERTEX_POINT('',#2056);
#585=VERTEX_POINT('',#2058);
#586=VERTEX_POINT('',#2062);
#587=VERTEX_POINT('',#2064);
#588=VERTEX_POINT('',#2068);
#589=VERTEX_POINT('',#2070);
#590=VERTEX_POINT('',#2074);
#591=VERTEX_POINT('',#2076);
#592=VERTEX_POINT('',#2080);
#593=VERTEX_POINT('',#2082);
#594=VERTEX_POINT('',#2086);
#595=VERTEX_POINT('',#2088);
#596=VERTEX_POINT('',#2092);
#597=VERTEX_POINT('',#2093);
#598=VERTEX_POINT('',#2095);
#599=VERTEX_POINT('',#2097);
#600=VERTEX_POINT('',#2101);
#601=VERTEX_POINT('',#2103);
#602=VERTEX_POINT('',#2110);
#603=VERTEX_POINT('',#2112);
#604=VERTEX_POINT('',#2116);
#605=VERTEX_POINT('',#2118);
#606=VERTEX_POINT('',#2122);
#607=VERTEX_POINT('',#2124);
#608=VERTEX_POINT('',#2128);
#609=VERTEX_POINT('',#2132);
#610=VERTEX_POINT('',#2136);
#611=VERTEX_POINT('',#2139);
#612=VERTEX_POINT('',#2143);
#613=VERTEX_POINT('',#2145);
#614=VERTEX_POINT('',#2149);
#615=VERTEX_POINT('',#2151);
#616=VERTEX_POINT('',#2155);
#617=VERTEX_POINT('',#2157);
#618=VERTEX_POINT('',#2164);
#619=VERTEX_POINT('',#2166);
#620=VERTEX_POINT('',#2170);
#621=VERTEX_POINT('',#2172);
#622=VERTEX_POINT('',#2184);
#623=VERTEX_POINT('',#2185);
#624=VERTEX_POINT('',#2194);
#625=VERTEX_POINT('',#2209);
#626=VERTEX_POINT('',#2224);
#627=VERTEX_POINT('',#2247);
#628=VERTEX_POINT('',#2249);
#629=VERTEX_POINT('',#2253);
#630=VERTEX_POINT('',#2255);
#631=VERTEX_POINT('',#2259);
#632=VERTEX_POINT('',#2263);
#633=VERTEX_POINT('',#2267);
#634=VERTEX_POINT('',#2268);
#635=VERTEX_POINT('',#2277);
#636=VERTEX_POINT('',#2284);
#637=VERTEX_POINT('',#2286);
#638=VERTEX_POINT('',#2301);
#639=VERTEX_POINT('',#2303);
#640=VERTEX_POINT('',#2310);
#641=VERTEX_POINT('',#2325);
#642=VERTEX_POINT('',#2332);
#643=VERTEX_POINT('',#2334);
#644=VERTEX_POINT('',#2349);
#645=VERTEX_POINT('',#2351);
#646=VERTEX_POINT('',#2368);
#647=VERTEX_POINT('',#2369);
#648=VERTEX_POINT('',#2371);
#649=VERTEX_POINT('',#2373);
#650=VERTEX_POINT('',#2377);
#651=VERTEX_POINT('',#2379);
#652=VERTEX_POINT('',#2383);
#653=VERTEX_POINT('',#2385);
#654=VERTEX_POINT('',#2389);
#655=VERTEX_POINT('',#2391);
#656=VERTEX_POINT('',#2395);
#657=VERTEX_POINT('',#2397);
#658=VERTEX_POINT('',#2407);
#659=VERTEX_POINT('',#2409);
#660=VERTEX_POINT('',#2411);
#661=VERTEX_POINT('',#2413);
#662=VERTEX_POINT('',#2417);
#663=VERTEX_POINT('',#2421);
#664=VERTEX_POINT('',#2425);
#665=VERTEX_POINT('',#2429);
#666=VERTEX_POINT('',#2433);
#667=VERTEX_POINT('',#2437);
#668=VERTEX_POINT('',#2439);
#669=VERTEX_POINT('',#2441);
#670=VERTEX_POINT('',#2443);
#671=VERTEX_POINT('',#2447);
#672=VERTEX_POINT('',#2451);
#673=VERTEX_POINT('',#2453);
#674=VERTEX_POINT('',#2457);
#675=VERTEX_POINT('',#2459);
#676=VERTEX_POINT('',#2463);
#677=VERTEX_POINT('',#2468);
#678=VERTEX_POINT('',#2472);
#679=VERTEX_POINT('',#2476);
#680=VERTEX_POINT('',#2480);
#681=VERTEX_POINT('',#2486);
#682=VERTEX_POINT('',#2488);
#683=VERTEX_POINT('',#2492);
#684=VERTEX_POINT('',#2494);
#685=VERTEX_POINT('',#2498);
#686=EDGE_CURVE('',#560,#560,#502,.T.);
#687=EDGE_CURVE('',#560,#561,#270,.T.);
#688=EDGE_CURVE('',#561,#562,#503,.T.);
#689=EDGE_CURVE('',#563,#562,#504,.T.);
#690=EDGE_CURVE('',#563,#561,#505,.T.);
#691=EDGE_CURVE('',#564,#564,#506,.T.);
#692=EDGE_CURVE('',#564,#560,#271,.T.);
#693=EDGE_CURVE('',#565,#565,#507,.T.);
#694=EDGE_CURVE('',#565,#566,#272,.T.);
#695=EDGE_CURVE('',#567,#566,#508,.T.);
#696=EDGE_CURVE('',#567,#568,#509,.T.);
#697=EDGE_CURVE('',#566,#568,#510,.T.);
#698=EDGE_CURVE('',#569,#569,#511,.T.);
#699=EDGE_CURVE('',#569,#565,#273,.T.);
#700=EDGE_CURVE('',#570,#563,#78,.T.);
#701=EDGE_CURVE('',#570,#571,#77,.T.);
#702=EDGE_CURVE('',#562,#571,#79,.T.);
#703=EDGE_CURVE('',#571,#567,#80,.T.);
#704=EDGE_CURVE('',#568,#570,#81,.T.);
#705=EDGE_CURVE('',#572,#563,#274,.T.);
#706=EDGE_CURVE('',#573,#572,#512,.T.);
#707=EDGE_CURVE('',#573,#568,#275,.T.);
#708=EDGE_CURVE('',#567,#574,#276,.T.);
#709=EDGE_CURVE('',#574,#575,#513,.T.);
#710=EDGE_CURVE('',#562,#575,#277,.T.);
#711=EDGE_CURVE('',#576,#577,#514,.T.);
#712=EDGE_CURVE('',#576,#578,#278,.T.);
#713=EDGE_CURVE('',#578,#579,#515,.T.);
#714=EDGE_CURVE('',#577,#579,#279,.T.);
#715=EDGE_CURVE('',#580,#581,#516,.T.);
#716=EDGE_CURVE('',#582,#580,#280,.T.);
#717=EDGE_CURVE('',#583,#582,#517,.T.);
#718=EDGE_CURVE('',#583,#581,#281,.T.);
#719=EDGE_CURVE('',#584,#576,#282,.T.);
#720=EDGE_CURVE('',#584,#585,#283,.T.);
#721=EDGE_CURVE('',#585,#578,#284,.T.);
#722=EDGE_CURVE('',#586,#580,#285,.T.);
#723=EDGE_CURVE('',#587,#586,#286,.T.);
#724=EDGE_CURVE('',#582,#587,#287,.T.);
#725=EDGE_CURVE('',#588,#584,#518,.T.);
#726=EDGE_CURVE('',#588,#589,#288,.T.);
#727=EDGE_CURVE('',#589,#585,#519,.T.);
#728=EDGE_CURVE('',#590,#586,#520,.T.);
#729=EDGE_CURVE('',#591,#590,#289,.T.);
#730=EDGE_CURVE('',#591,#587,#521,.T.);
#731=EDGE_CURVE('',#592,#588,#290,.T.);
#732=EDGE_CURVE('',#592,#593,#291,.T.);
#733=EDGE_CURVE('',#593,#589,#292,.T.);
#734=EDGE_CURVE('',#594,#590,#293,.T.);
#735=EDGE_CURVE('',#595,#594,#294,.T.);
#736=EDGE_CURVE('',#591,#595,#295,.T.);
#737=EDGE_CURVE('',#596,#597,#296,.T.);
#738=EDGE_CURVE('',#598,#596,#297,.T.);
#739=EDGE_CURVE('',#599,#598,#298,.T.);
#740=EDGE_CURVE('',#599,#597,#299,.T.);
#741=EDGE_CURVE('',#600,#596,#522,.T.);
#742=EDGE_CURVE('',#601,#600,#300,.T.);
#743=EDGE_CURVE('',#601,#598,#523,.T.);
#744=EDGE_CURVE('',#581,#600,#301,.T.);
#745=EDGE_CURVE('',#601,#583,#302,.T.);
#746=EDGE_CURVE('',#577,#602,#303,.T.);
#747=EDGE_CURVE('',#579,#603,#304,.T.);
#748=EDGE_CURVE('',#602,#603,#305,.T.);
#749=EDGE_CURVE('',#602,#604,#524,.T.);
#750=EDGE_CURVE('',#603,#605,#525,.T.);
#751=EDGE_CURVE('',#604,#605,#306,.T.);
#752=EDGE_CURVE('',#604,#606,#307,.T.);
#753=EDGE_CURVE('',#605,#607,#308,.T.);
#754=EDGE_CURVE('',#606,#607,#309,.T.);
#755=EDGE_CURVE('',#608,#593,#310,.T.);
#756=EDGE_CURVE('',#607,#608,#311,.T.);
#757=EDGE_CURVE('',#609,#599,#312,.T.);
#758=EDGE_CURVE('',#595,#609,#313,.T.);
#759=EDGE_CURVE('',#610,#597,#314,.T.);
#760=EDGE_CURVE('',#609,#608,#315,.T.);
#761=EDGE_CURVE('',#592,#611,#316,.T.);
#762=EDGE_CURVE('',#610,#611,#317,.T.);
#763=EDGE_CURVE('',#612,#606,#318,.T.);
#764=EDGE_CURVE('',#594,#613,#319,.T.);
#765=EDGE_CURVE('',#613,#612,#320,.T.);
#766=EDGE_CURVE('',#611,#614,#321,.T.);
#767=EDGE_CURVE('',#615,#614,#322,.T.);
#768=EDGE_CURVE('',#615,#610,#323,.T.);
#769=EDGE_CURVE('',#614,#616,#526,.T.);
#770=EDGE_CURVE('',#617,#616,#324,.T.);
#771=EDGE_CURVE('',#617,#615,#527,.T.);
#772=EDGE_CURVE('',#573,#617,#325,.T.);
#773=EDGE_CURVE('',#616,#574,#326,.T.);
#774=EDGE_CURVE('',#575,#618,#327,.T.);
#775=EDGE_CURVE('',#619,#618,#328,.T.);
#776=EDGE_CURVE('',#619,#572,#329,.T.);
#777=EDGE_CURVE('',#618,#620,#528,.T.);
#778=EDGE_CURVE('',#621,#620,#330,.T.);
#779=EDGE_CURVE('',#621,#619,#529,.T.);
#780=EDGE_CURVE('',#620,#612,#331,.T.);
#781=EDGE_CURVE('',#613,#621,#332,.T.);
#782=EDGE_CURVE('',#622,#623,#82,.T.);
#783=EDGE_CURVE('',#624,#622,#83,.T.);
#784=EDGE_CURVE('',#625,#624,#84,.F.);
#785=EDGE_CURVE('',#626,#625,#85,.T.);
#786=EDGE_CURVE('',#623,#626,#86,.T.);
#787=EDGE_CURVE('',#623,#627,#333,.T.);
#788=EDGE_CURVE('',#627,#628,#530,.T.);
#789=EDGE_CURVE('',#628,#627,#531,.T.);
#790=EDGE_CURVE('',#629,#629,#532,.T.);
#791=EDGE_CURVE('',#629,#630,#334,.T.);
#792=EDGE_CURVE('',#630,#630,#533,.T.);
#793=EDGE_CURVE('',#629,#631,#335,.T.);
#794=EDGE_CURVE('',#631,#631,#534,.T.);
#795=EDGE_CURVE('',#628,#632,#336,.T.);
#796=EDGE_CURVE('',#632,#632,#535,.T.);
#797=EDGE_CURVE('',#633,#634,#87,.T.);
#798=EDGE_CURVE('',#635,#633,#88,.T.);
#799=EDGE_CURVE('',#636,#635,#536,.T.);
#800=EDGE_CURVE('',#637,#636,#89,.T.);
#801=EDGE_CURVE('',#638,#637,#537,.T.);
#802=EDGE_CURVE('',#639,#638,#90,.T.);
#803=EDGE_CURVE('',#640,#639,#91,.F.);
#804=EDGE_CURVE('',#641,#640,#92,.T.);
#805=EDGE_CURVE('',#642,#641,#538,.T.);
#806=EDGE_CURVE('',#643,#642,#93,.T.);
#807=EDGE_CURVE('',#644,#643,#539,.T.);
#808=EDGE_CURVE('',#645,#644,#94,.T.);
#809=EDGE_CURVE('',#634,#645,#95,.T.);
#810=EDGE_CURVE('',#634,#631,#337,.T.);
#811=EDGE_CURVE('',#646,#647,#338,.T.);
#812=EDGE_CURVE('',#646,#648,#339,.T.);
#813=EDGE_CURVE('',#649,#648,#340,.T.);
#814=EDGE_CURVE('',#647,#649,#341,.T.);
#815=EDGE_CURVE('',#647,#650,#342,.T.);
#816=EDGE_CURVE('',#651,#649,#343,.T.);
#817=EDGE_CURVE('',#650,#651,#344,.T.);
#818=EDGE_CURVE('',#650,#652,#345,.T.);
#819=EDGE_CURVE('',#653,#651,#346,.T.);
#820=EDGE_CURVE('',#652,#653,#347,.T.);
#821=EDGE_CURVE('',#652,#654,#348,.T.);
#822=EDGE_CURVE('',#655,#653,#349,.T.);
#823=EDGE_CURVE('',#654,#655,#350,.T.);
#824=EDGE_CURVE('',#656,#646,#351,.T.);
#825=EDGE_CURVE('',#656,#657,#352,.T.);
#826=EDGE_CURVE('',#648,#657,#353,.T.);
#827=EDGE_CURVE('',#654,#656,#354,.T.);
#828=EDGE_CURVE('',#657,#655,#355,.T.);
#829=EDGE_CURVE('',#645,#658,#356,.T.);
#830=EDGE_CURVE('',#658,#659,#540,.T.);
#831=EDGE_CURVE('',#660,#659,#357,.T.);
#832=EDGE_CURVE('',#661,#660,#541,.T.);
#833=EDGE_CURVE('',#661,#633,#358,.T.);
#834=EDGE_CURVE('',#644,#662,#359,.T.);
#835=EDGE_CURVE('',#662,#658,#542,.T.);
#836=EDGE_CURVE('',#643,#663,#360,.T.);
#837=EDGE_CURVE('',#663,#662,#361,.T.);
#838=EDGE_CURVE('',#642,#664,#362,.T.);
#839=EDGE_CURVE('',#664,#663,#543,.T.);
#840=EDGE_CURVE('',#641,#665,#363,.T.);
#841=EDGE_CURVE('',#665,#664,#364,.T.);
#842=EDGE_CURVE('',#640,#666,#365,.T.);
#843=EDGE_CURVE('',#666,#665,#544,.T.);
#844=EDGE_CURVE('',#626,#667,#366,.T.);
#845=EDGE_CURVE('',#667,#668,#545,.T.);
#846=EDGE_CURVE('',#669,#668,#367,.T.);
#847=EDGE_CURVE('',#669,#670,#546,.T.);
#848=EDGE_CURVE('',#670,#622,#368,.T.);
#849=EDGE_CURVE('',#625,#671,#369,.T.);
#850=EDGE_CURVE('',#671,#667,#547,.T.);
#851=EDGE_CURVE('',#668,#672,#548,.T.);
#852=EDGE_CURVE('',#673,#672,#370,.T.);
#853=EDGE_CURVE('',#673,#669,#549,.T.);
#854=EDGE_CURVE('',#672,#674,#371,.T.);
#855=EDGE_CURVE('',#675,#674,#372,.T.);
#856=EDGE_CURVE('',#675,#673,#373,.T.);
#857=EDGE_CURVE('',#676,#639,#374,.T.);
#858=EDGE_CURVE('',#675,#676,#550,.T.);
#859=EDGE_CURVE('',#674,#666,#551,.T.);
#860=EDGE_CURVE('',#677,#638,#375,.T.);
#861=EDGE_CURVE('',#677,#676,#552,.T.);
#862=EDGE_CURVE('',#678,#637,#376,.T.);
#863=EDGE_CURVE('',#678,#677,#377,.T.);
#864=EDGE_CURVE('',#679,#636,#378,.T.);
#865=EDGE_CURVE('',#678,#679,#553,.T.);
#866=EDGE_CURVE('',#680,#635,#379,.T.);
#867=EDGE_CURVE('',#680,#679,#380,.T.);
#868=EDGE_CURVE('',#661,#680,#554,.T.);
#869=EDGE_CURVE('',#659,#681,#381,.T.);
#870=EDGE_CURVE('',#682,#681,#382,.T.);
#871=EDGE_CURVE('',#682,#660,#383,.T.);
#872=EDGE_CURVE('',#681,#683,#555,.T.);
#873=EDGE_CURVE('',#684,#683,#384,.T.);
#874=EDGE_CURVE('',#684,#682,#556,.T.);
#875=EDGE_CURVE('',#685,#624,#385,.T.);
#876=EDGE_CURVE('',#685,#684,#557,.T.);
#877=EDGE_CURVE('',#683,#671,#558,.T.);
#878=EDGE_CURVE('',#670,#685,#559,.T.);
#879=ORIENTED_EDGE('',*,*,#686,.F.);
#880=ORIENTED_EDGE('',*,*,#687,.T.);
#881=ORIENTED_EDGE('',*,*,#688,.T.);
#882=ORIENTED_EDGE('',*,*,#689,.F.);
#883=ORIENTED_EDGE('',*,*,#690,.T.);
#884=ORIENTED_EDGE('',*,*,#687,.F.);
#885=ORIENTED_EDGE('',*,*,#691,.F.);
#886=ORIENTED_EDGE('',*,*,#692,.T.);
#887=ORIENTED_EDGE('',*,*,#686,.T.);
#888=ORIENTED_EDGE('',*,*,#692,.F.);
#889=ORIENTED_EDGE('',*,*,#693,.F.);
#890=ORIENTED_EDGE('',*,*,#694,.T.);
#891=ORIENTED_EDGE('',*,*,#695,.F.);
#892=ORIENTED_EDGE('',*,*,#696,.T.);
#893=ORIENTED_EDGE('',*,*,#697,.F.);
#894=ORIENTED_EDGE('',*,*,#694,.F.);
#895=ORIENTED_EDGE('',*,*,#698,.F.);
#896=ORIENTED_EDGE('',*,*,#699,.T.);
#897=ORIENTED_EDGE('',*,*,#693,.T.);
#898=ORIENTED_EDGE('',*,*,#699,.F.);
#899=ORIENTED_EDGE('',*,*,#690,.F.);
#900=ORIENTED_EDGE('',*,*,#700,.F.);
#901=ORIENTED_EDGE('',*,*,#701,.T.);
#902=ORIENTED_EDGE('',*,*,#702,.F.);
#903=ORIENTED_EDGE('',*,*,#688,.F.);
#904=ORIENTED_EDGE('',*,*,#703,.F.);
#905=ORIENTED_EDGE('',*,*,#701,.F.);
#906=ORIENTED_EDGE('',*,*,#704,.F.);
#907=ORIENTED_EDGE('',*,*,#696,.F.);
#908=ORIENTED_EDGE('',*,*,#704,.T.);
#909=ORIENTED_EDGE('',*,*,#700,.T.);
#910=ORIENTED_EDGE('',*,*,#705,.F.);
#911=ORIENTED_EDGE('',*,*,#706,.F.);
#912=ORIENTED_EDGE('',*,*,#707,.T.);
#913=ORIENTED_EDGE('',*,*,#703,.T.);
#914=ORIENTED_EDGE('',*,*,#708,.T.);
#915=ORIENTED_EDGE('',*,*,#709,.T.);
#916=ORIENTED_EDGE('',*,*,#710,.F.);
#917=ORIENTED_EDGE('',*,*,#702,.T.);
#918=ORIENTED_EDGE('',*,*,#711,.F.);
#919=ORIENTED_EDGE('',*,*,#712,.T.);
#920=ORIENTED_EDGE('',*,*,#713,.T.);
#921=ORIENTED_EDGE('',*,*,#714,.F.);
#922=ORIENTED_EDGE('',*,*,#715,.F.);
#923=ORIENTED_EDGE('',*,*,#716,.F.);
#924=ORIENTED_EDGE('',*,*,#717,.F.);
#925=ORIENTED_EDGE('',*,*,#718,.T.);
#926=ORIENTED_EDGE('',*,*,#719,.F.);
#927=ORIENTED_EDGE('',*,*,#720,.T.);
#928=ORIENTED_EDGE('',*,*,#721,.T.);
#929=ORIENTED_EDGE('',*,*,#712,.F.);
#930=ORIENTED_EDGE('',*,*,#722,.F.);
#931=ORIENTED_EDGE('',*,*,#723,.F.);
#932=ORIENTED_EDGE('',*,*,#724,.F.);
#933=ORIENTED_EDGE('',*,*,#716,.T.);
#934=ORIENTED_EDGE('',*,*,#725,.F.);
#935=ORIENTED_EDGE('',*,*,#726,.T.);
#936=ORIENTED_EDGE('',*,*,#727,.T.);
#937=ORIENTED_EDGE('',*,*,#720,.F.);
#938=ORIENTED_EDGE('',*,*,#728,.F.);
#939=ORIENTED_EDGE('',*,*,#729,.F.);
#940=ORIENTED_EDGE('',*,*,#730,.T.);
#941=ORIENTED_EDGE('',*,*,#723,.T.);
#942=ORIENTED_EDGE('',*,*,#731,.F.);
#943=ORIENTED_EDGE('',*,*,#732,.T.);
#944=ORIENTED_EDGE('',*,*,#733,.T.);
#945=ORIENTED_EDGE('',*,*,#726,.F.);
#946=ORIENTED_EDGE('',*,*,#734,.F.);
#947=ORIENTED_EDGE('',*,*,#735,.F.);
#948=ORIENTED_EDGE('',*,*,#736,.F.);
#949=ORIENTED_EDGE('',*,*,#729,.T.);
#950=ORIENTED_EDGE('',*,*,#737,.F.);
#951=ORIENTED_EDGE('',*,*,#738,.F.);
#952=ORIENTED_EDGE('',*,*,#739,.F.);
#953=ORIENTED_EDGE('',*,*,#740,.T.);
#954=ORIENTED_EDGE('',*,*,#741,.F.);
#955=ORIENTED_EDGE('',*,*,#742,.F.);
#956=ORIENTED_EDGE('',*,*,#743,.T.);
#957=ORIENTED_EDGE('',*,*,#738,.T.);
#958=ORIENTED_EDGE('',*,*,#744,.F.);
#959=ORIENTED_EDGE('',*,*,#718,.F.);
#960=ORIENTED_EDGE('',*,*,#745,.F.);
#961=ORIENTED_EDGE('',*,*,#742,.T.);
#962=ORIENTED_EDGE('',*,*,#746,.F.);
#963=ORIENTED_EDGE('',*,*,#714,.T.);
#964=ORIENTED_EDGE('',*,*,#747,.T.);
#965=ORIENTED_EDGE('',*,*,#748,.F.);
#966=ORIENTED_EDGE('',*,*,#749,.F.);
#967=ORIENTED_EDGE('',*,*,#748,.T.);
#968=ORIENTED_EDGE('',*,*,#750,.T.);
#969=ORIENTED_EDGE('',*,*,#751,.F.);
#970=ORIENTED_EDGE('',*,*,#752,.F.);
#971=ORIENTED_EDGE('',*,*,#751,.T.);
#972=ORIENTED_EDGE('',*,*,#753,.T.);
#973=ORIENTED_EDGE('',*,*,#754,.F.);
#974=ORIENTED_EDGE('',*,*,#733,.F.);
#975=ORIENTED_EDGE('',*,*,#755,.F.);
#976=ORIENTED_EDGE('',*,*,#756,.F.);
#977=ORIENTED_EDGE('',*,*,#753,.F.);
#978=ORIENTED_EDGE('',*,*,#750,.F.);
#979=ORIENTED_EDGE('',*,*,#747,.F.);
#980=ORIENTED_EDGE('',*,*,#713,.F.);
#981=ORIENTED_EDGE('',*,*,#721,.F.);
#982=ORIENTED_EDGE('',*,*,#727,.F.);
#983=ORIENTED_EDGE('',*,*,#757,.T.);
#984=ORIENTED_EDGE('',*,*,#739,.T.);
#985=ORIENTED_EDGE('',*,*,#743,.F.);
#986=ORIENTED_EDGE('',*,*,#745,.T.);
#987=ORIENTED_EDGE('',*,*,#717,.T.);
#988=ORIENTED_EDGE('',*,*,#724,.T.);
#989=ORIENTED_EDGE('',*,*,#730,.F.);
#990=ORIENTED_EDGE('',*,*,#736,.T.);
#991=ORIENTED_EDGE('',*,*,#758,.T.);
#992=ORIENTED_EDGE('',*,*,#759,.T.);
#993=ORIENTED_EDGE('',*,*,#740,.F.);
#994=ORIENTED_EDGE('',*,*,#757,.F.);
#995=ORIENTED_EDGE('',*,*,#760,.T.);
#996=ORIENTED_EDGE('',*,*,#755,.T.);
#997=ORIENTED_EDGE('',*,*,#732,.F.);
#998=ORIENTED_EDGE('',*,*,#761,.T.);
#999=ORIENTED_EDGE('',*,*,#762,.F.);
#1000=ORIENTED_EDGE('',*,*,#698,.T.);
#1001=ORIENTED_EDGE('',*,*,#763,.T.);
#1002=ORIENTED_EDGE('',*,*,#754,.T.);
#1003=ORIENTED_EDGE('',*,*,#756,.T.);
#1004=ORIENTED_EDGE('',*,*,#760,.F.);
#1005=ORIENTED_EDGE('',*,*,#758,.F.);
#1006=ORIENTED_EDGE('',*,*,#735,.T.);
#1007=ORIENTED_EDGE('',*,*,#764,.T.);
#1008=ORIENTED_EDGE('',*,*,#765,.T.);
#1009=ORIENTED_EDGE('',*,*,#691,.T.);
#1010=ORIENTED_EDGE('',*,*,#766,.T.);
#1011=ORIENTED_EDGE('',*,*,#767,.F.);
#1012=ORIENTED_EDGE('',*,*,#768,.T.);
#1013=ORIENTED_EDGE('',*,*,#762,.T.);
#1014=ORIENTED_EDGE('',*,*,#769,.T.);
#1015=ORIENTED_EDGE('',*,*,#770,.F.);
#1016=ORIENTED_EDGE('',*,*,#771,.T.);
#1017=ORIENTED_EDGE('',*,*,#767,.T.);
#1018=ORIENTED_EDGE('',*,*,#695,.T.);
#1019=ORIENTED_EDGE('',*,*,#697,.T.);
#1020=ORIENTED_EDGE('',*,*,#707,.F.);
#1021=ORIENTED_EDGE('',*,*,#772,.T.);
#1022=ORIENTED_EDGE('',*,*,#770,.T.);
#1023=ORIENTED_EDGE('',*,*,#773,.T.);
#1024=ORIENTED_EDGE('',*,*,#708,.F.);
#1025=ORIENTED_EDGE('',*,*,#689,.T.);
#1026=ORIENTED_EDGE('',*,*,#710,.T.);
#1027=ORIENTED_EDGE('',*,*,#774,.T.);
#1028=ORIENTED_EDGE('',*,*,#775,.F.);
#1029=ORIENTED_EDGE('',*,*,#776,.T.);
#1030=ORIENTED_EDGE('',*,*,#705,.T.);
#1031=ORIENTED_EDGE('',*,*,#777,.T.);
#1032=ORIENTED_EDGE('',*,*,#778,.F.);
#1033=ORIENTED_EDGE('',*,*,#779,.T.);
#1034=ORIENTED_EDGE('',*,*,#775,.T.);
#1035=ORIENTED_EDGE('',*,*,#780,.T.);
#1036=ORIENTED_EDGE('',*,*,#765,.F.);
#1037=ORIENTED_EDGE('',*,*,#781,.T.);
#1038=ORIENTED_EDGE('',*,*,#778,.T.);
#1039=ORIENTED_EDGE('',*,*,#737,.T.);
#1040=ORIENTED_EDGE('',*,*,#759,.F.);
#1041=ORIENTED_EDGE('',*,*,#768,.F.);
#1042=ORIENTED_EDGE('',*,*,#771,.F.);
#1043=ORIENTED_EDGE('',*,*,#772,.F.);
#1044=ORIENTED_EDGE('',*,*,#706,.T.);
#1045=ORIENTED_EDGE('',*,*,#776,.F.);
#1046=ORIENTED_EDGE('',*,*,#779,.F.);
#1047=ORIENTED_EDGE('',*,*,#781,.F.);
#1048=ORIENTED_EDGE('',*,*,#764,.F.);
#1049=ORIENTED_EDGE('',*,*,#734,.T.);
#1050=ORIENTED_EDGE('',*,*,#728,.T.);
#1051=ORIENTED_EDGE('',*,*,#722,.T.);
#1052=ORIENTED_EDGE('',*,*,#715,.T.);
#1053=ORIENTED_EDGE('',*,*,#744,.T.);
#1054=ORIENTED_EDGE('',*,*,#741,.T.);
#1055=ORIENTED_EDGE('',*,*,#752,.T.);
#1056=ORIENTED_EDGE('',*,*,#763,.F.);
#1057=ORIENTED_EDGE('',*,*,#780,.F.);
#1058=ORIENTED_EDGE('',*,*,#777,.F.);
#1059=ORIENTED_EDGE('',*,*,#774,.F.);
#1060=ORIENTED_EDGE('',*,*,#709,.F.);
#1061=ORIENTED_EDGE('',*,*,#773,.F.);
#1062=ORIENTED_EDGE('',*,*,#769,.F.);
#1063=ORIENTED_EDGE('',*,*,#766,.F.);
#1064=ORIENTED_EDGE('',*,*,#761,.F.);
#1065=ORIENTED_EDGE('',*,*,#731,.T.);
#1066=ORIENTED_EDGE('',*,*,#725,.T.);
#1067=ORIENTED_EDGE('',*,*,#719,.T.);
#1068=ORIENTED_EDGE('',*,*,#711,.T.);
#1069=ORIENTED_EDGE('',*,*,#746,.T.);
#1070=ORIENTED_EDGE('',*,*,#749,.T.);
#1071=ORIENTED_EDGE('',*,*,#782,.F.);
#1072=ORIENTED_EDGE('',*,*,#783,.F.);
#1073=ORIENTED_EDGE('',*,*,#784,.F.);
#1074=ORIENTED_EDGE('',*,*,#785,.F.);
#1075=ORIENTED_EDGE('',*,*,#786,.F.);
#1076=ORIENTED_EDGE('',*,*,#787,.T.);
#1077=ORIENTED_EDGE('',*,*,#788,.T.);
#1078=ORIENTED_EDGE('',*,*,#789,.T.);
#1079=ORIENTED_EDGE('',*,*,#787,.F.);
#1080=ORIENTED_EDGE('',*,*,#790,.T.);
#1081=ORIENTED_EDGE('',*,*,#791,.T.);
#1082=ORIENTED_EDGE('',*,*,#792,.F.);
#1083=ORIENTED_EDGE('',*,*,#791,.F.);
#1084=ORIENTED_EDGE('',*,*,#790,.F.);
#1085=ORIENTED_EDGE('',*,*,#793,.T.);
#1086=ORIENTED_EDGE('',*,*,#794,.F.);
#1087=ORIENTED_EDGE('',*,*,#793,.F.);
#1088=ORIENTED_EDGE('',*,*,#788,.F.);
#1089=ORIENTED_EDGE('',*,*,#789,.F.);
#1090=ORIENTED_EDGE('',*,*,#795,.T.);
#1091=ORIENTED_EDGE('',*,*,#796,.F.);
#1092=ORIENTED_EDGE('',*,*,#795,.F.);
#1093=ORIENTED_EDGE('',*,*,#797,.F.);
#1094=ORIENTED_EDGE('',*,*,#798,.F.);
#1095=ORIENTED_EDGE('',*,*,#799,.F.);
#1096=ORIENTED_EDGE('',*,*,#800,.F.);
#1097=ORIENTED_EDGE('',*,*,#801,.F.);
#1098=ORIENTED_EDGE('',*,*,#802,.F.);
#1099=ORIENTED_EDGE('',*,*,#803,.F.);
#1100=ORIENTED_EDGE('',*,*,#804,.F.);
#1101=ORIENTED_EDGE('',*,*,#805,.F.);
#1102=ORIENTED_EDGE('',*,*,#806,.F.);
#1103=ORIENTED_EDGE('',*,*,#807,.F.);
#1104=ORIENTED_EDGE('',*,*,#808,.F.);
#1105=ORIENTED_EDGE('',*,*,#809,.F.);
#1106=ORIENTED_EDGE('',*,*,#810,.T.);
#1107=ORIENTED_EDGE('',*,*,#794,.T.);
#1108=ORIENTED_EDGE('',*,*,#810,.F.);
#1109=ORIENTED_EDGE('',*,*,#811,.F.);
#1110=ORIENTED_EDGE('',*,*,#812,.T.);
#1111=ORIENTED_EDGE('',*,*,#813,.F.);
#1112=ORIENTED_EDGE('',*,*,#814,.F.);
#1113=ORIENTED_EDGE('',*,*,#815,.F.);
#1114=ORIENTED_EDGE('',*,*,#814,.T.);
#1115=ORIENTED_EDGE('',*,*,#816,.F.);
#1116=ORIENTED_EDGE('',*,*,#817,.F.);
#1117=ORIENTED_EDGE('',*,*,#818,.F.);
#1118=ORIENTED_EDGE('',*,*,#817,.T.);
#1119=ORIENTED_EDGE('',*,*,#819,.F.);
#1120=ORIENTED_EDGE('',*,*,#820,.F.);
#1121=ORIENTED_EDGE('',*,*,#821,.F.);
#1122=ORIENTED_EDGE('',*,*,#820,.T.);
#1123=ORIENTED_EDGE('',*,*,#822,.F.);
#1124=ORIENTED_EDGE('',*,*,#823,.F.);
#1125=ORIENTED_EDGE('',*,*,#824,.F.);
#1126=ORIENTED_EDGE('',*,*,#825,.T.);
#1127=ORIENTED_EDGE('',*,*,#826,.F.);
#1128=ORIENTED_EDGE('',*,*,#812,.F.);
#1129=ORIENTED_EDGE('',*,*,#827,.F.);
#1130=ORIENTED_EDGE('',*,*,#823,.T.);
#1131=ORIENTED_EDGE('',*,*,#828,.F.);
#1132=ORIENTED_EDGE('',*,*,#825,.F.);
#1133=ORIENTED_EDGE('',*,*,#822,.T.);
#1134=ORIENTED_EDGE('',*,*,#819,.T.);
#1135=ORIENTED_EDGE('',*,*,#816,.T.);
#1136=ORIENTED_EDGE('',*,*,#813,.T.);
#1137=ORIENTED_EDGE('',*,*,#826,.T.);
#1138=ORIENTED_EDGE('',*,*,#828,.T.);
#1139=ORIENTED_EDGE('',*,*,#796,.T.);
#1140=ORIENTED_EDGE('',*,*,#792,.T.);
#1141=ORIENTED_EDGE('',*,*,#821,.T.);
#1142=ORIENTED_EDGE('',*,*,#827,.T.);
#1143=ORIENTED_EDGE('',*,*,#824,.T.);
#1144=ORIENTED_EDGE('',*,*,#811,.T.);
#1145=ORIENTED_EDGE('',*,*,#815,.T.);
#1146=ORIENTED_EDGE('',*,*,#818,.T.);
#1147=ORIENTED_EDGE('',*,*,#797,.T.);
#1148=ORIENTED_EDGE('',*,*,#809,.T.);
#1149=ORIENTED_EDGE('',*,*,#829,.T.);
#1150=ORIENTED_EDGE('',*,*,#830,.T.);
#1151=ORIENTED_EDGE('',*,*,#831,.F.);
#1152=ORIENTED_EDGE('',*,*,#832,.F.);
#1153=ORIENTED_EDGE('',*,*,#833,.T.);
#1154=ORIENTED_EDGE('',*,*,#808,.T.);
#1155=ORIENTED_EDGE('',*,*,#834,.T.);
#1156=ORIENTED_EDGE('',*,*,#835,.T.);
#1157=ORIENTED_EDGE('',*,*,#829,.F.);
#1158=ORIENTED_EDGE('',*,*,#807,.T.);
#1159=ORIENTED_EDGE('',*,*,#836,.T.);
#1160=ORIENTED_EDGE('',*,*,#837,.T.);
#1161=ORIENTED_EDGE('',*,*,#834,.F.);
#1162=ORIENTED_EDGE('',*,*,#806,.T.);
#1163=ORIENTED_EDGE('',*,*,#838,.T.);
#1164=ORIENTED_EDGE('',*,*,#839,.T.);
#1165=ORIENTED_EDGE('',*,*,#836,.F.);
#1166=ORIENTED_EDGE('',*,*,#805,.T.);
#1167=ORIENTED_EDGE('',*,*,#840,.T.);
#1168=ORIENTED_EDGE('',*,*,#841,.T.);
#1169=ORIENTED_EDGE('',*,*,#838,.F.);
#1170=ORIENTED_EDGE('',*,*,#804,.T.);
#1171=ORIENTED_EDGE('',*,*,#842,.T.);
#1172=ORIENTED_EDGE('',*,*,#843,.T.);
#1173=ORIENTED_EDGE('',*,*,#840,.F.);
#1174=ORIENTED_EDGE('',*,*,#782,.T.);
#1175=ORIENTED_EDGE('',*,*,#786,.T.);
#1176=ORIENTED_EDGE('',*,*,#844,.T.);
#1177=ORIENTED_EDGE('',*,*,#845,.T.);
#1178=ORIENTED_EDGE('',*,*,#846,.F.);
#1179=ORIENTED_EDGE('',*,*,#847,.T.);
#1180=ORIENTED_EDGE('',*,*,#848,.T.);
#1181=ORIENTED_EDGE('',*,*,#785,.T.);
#1182=ORIENTED_EDGE('',*,*,#849,.T.);
#1183=ORIENTED_EDGE('',*,*,#850,.T.);
#1184=ORIENTED_EDGE('',*,*,#844,.F.);
#1185=ORIENTED_EDGE('',*,*,#851,.T.);
#1186=ORIENTED_EDGE('',*,*,#852,.F.);
#1187=ORIENTED_EDGE('',*,*,#853,.T.);
#1188=ORIENTED_EDGE('',*,*,#846,.T.);
#1189=ORIENTED_EDGE('',*,*,#854,.T.);
#1190=ORIENTED_EDGE('',*,*,#855,.F.);
#1191=ORIENTED_EDGE('',*,*,#856,.T.);
#1192=ORIENTED_EDGE('',*,*,#852,.T.);
#1193=ORIENTED_EDGE('',*,*,#803,.T.);
#1194=ORIENTED_EDGE('',*,*,#857,.F.);
#1195=ORIENTED_EDGE('',*,*,#858,.F.);
#1196=ORIENTED_EDGE('',*,*,#855,.T.);
#1197=ORIENTED_EDGE('',*,*,#859,.T.);
#1198=ORIENTED_EDGE('',*,*,#842,.F.);
#1199=ORIENTED_EDGE('',*,*,#802,.T.);
#1200=ORIENTED_EDGE('',*,*,#860,.F.);
#1201=ORIENTED_EDGE('',*,*,#861,.T.);
#1202=ORIENTED_EDGE('',*,*,#857,.T.);
#1203=ORIENTED_EDGE('',*,*,#801,.T.);
#1204=ORIENTED_EDGE('',*,*,#862,.F.);
#1205=ORIENTED_EDGE('',*,*,#863,.T.);
#1206=ORIENTED_EDGE('',*,*,#860,.T.);
#1207=ORIENTED_EDGE('',*,*,#800,.T.);
#1208=ORIENTED_EDGE('',*,*,#864,.F.);
#1209=ORIENTED_EDGE('',*,*,#865,.F.);
#1210=ORIENTED_EDGE('',*,*,#862,.T.);
#1211=ORIENTED_EDGE('',*,*,#799,.T.);
#1212=ORIENTED_EDGE('',*,*,#866,.F.);
#1213=ORIENTED_EDGE('',*,*,#867,.T.);
#1214=ORIENTED_EDGE('',*,*,#864,.T.);
#1215=ORIENTED_EDGE('',*,*,#798,.T.);
#1216=ORIENTED_EDGE('',*,*,#833,.F.);
#1217=ORIENTED_EDGE('',*,*,#868,.T.);
#1218=ORIENTED_EDGE('',*,*,#866,.T.);
#1219=ORIENTED_EDGE('',*,*,#869,.T.);
#1220=ORIENTED_EDGE('',*,*,#870,.F.);
#1221=ORIENTED_EDGE('',*,*,#871,.T.);
#1222=ORIENTED_EDGE('',*,*,#831,.T.);
#1223=ORIENTED_EDGE('',*,*,#872,.T.);
#1224=ORIENTED_EDGE('',*,*,#873,.F.);
#1225=ORIENTED_EDGE('',*,*,#874,.T.);
#1226=ORIENTED_EDGE('',*,*,#870,.T.);
#1227=ORIENTED_EDGE('',*,*,#784,.T.);
#1228=ORIENTED_EDGE('',*,*,#875,.F.);
#1229=ORIENTED_EDGE('',*,*,#876,.T.);
#1230=ORIENTED_EDGE('',*,*,#873,.T.);
#1231=ORIENTED_EDGE('',*,*,#877,.T.);
#1232=ORIENTED_EDGE('',*,*,#849,.F.);
#1233=ORIENTED_EDGE('',*,*,#783,.T.);
#1234=ORIENTED_EDGE('',*,*,#848,.F.);
#1235=ORIENTED_EDGE('',*,*,#878,.T.);
#1236=ORIENTED_EDGE('',*,*,#875,.T.);
#1237=ORIENTED_EDGE('',*,*,#847,.F.);
#1238=ORIENTED_EDGE('',*,*,#853,.F.);
#1239=ORIENTED_EDGE('',*,*,#856,.F.);
#1240=ORIENTED_EDGE('',*,*,#858,.T.);
#1241=ORIENTED_EDGE('',*,*,#861,.F.);
#1242=ORIENTED_EDGE('',*,*,#863,.F.);
#1243=ORIENTED_EDGE('',*,*,#865,.T.);
#1244=ORIENTED_EDGE('',*,*,#867,.F.);
#1245=ORIENTED_EDGE('',*,*,#868,.F.);
#1246=ORIENTED_EDGE('',*,*,#832,.T.);
#1247=ORIENTED_EDGE('',*,*,#871,.F.);
#1248=ORIENTED_EDGE('',*,*,#874,.F.);
#1249=ORIENTED_EDGE('',*,*,#876,.F.);
#1250=ORIENTED_EDGE('',*,*,#878,.F.);
#1251=ORIENTED_EDGE('',*,*,#851,.F.);
#1252=ORIENTED_EDGE('',*,*,#845,.F.);
#1253=ORIENTED_EDGE('',*,*,#850,.F.);
#1254=ORIENTED_EDGE('',*,*,#877,.F.);
#1255=ORIENTED_EDGE('',*,*,#872,.F.);
#1256=ORIENTED_EDGE('',*,*,#869,.F.);
#1257=ORIENTED_EDGE('',*,*,#830,.F.);
#1258=ORIENTED_EDGE('',*,*,#835,.F.);
#1259=ORIENTED_EDGE('',*,*,#837,.F.);
#1260=ORIENTED_EDGE('',*,*,#839,.F.);
#1261=ORIENTED_EDGE('',*,*,#841,.F.);
#1262=ORIENTED_EDGE('',*,*,#843,.F.);
#1263=ORIENTED_EDGE('',*,*,#859,.F.);
#1264=ORIENTED_EDGE('',*,*,#854,.F.);
#1265=CONICAL_SURFACE('',#1427,4.3,0.785398163397448);
#1266=CONICAL_SURFACE('',#1434,4.3,0.785398163397448);
#1267=CONICAL_SURFACE('',#1499,3.75,0.785398163397448);
#1268=CONICAL_SURFACE('',#1501,2.254625,0.785398163397448);
#1269=ADVANCED_FACE('',(#127),#1265,.F.);
#1270=ADVANCED_FACE('',(#128),#96,.F.);
#1271=ADVANCED_FACE('',(#129),#1266,.F.);
#1272=ADVANCED_FACE('',(#130),#97,.F.);
#1273=ADVANCED_FACE('',(#131),#98,.F.);
#1274=ADVANCED_FACE('',(#132),#99,.F.);
#1275=ADVANCED_FACE('',(#133),#100,.F.);
#1276=ADVANCED_FACE('',(#134),#101,.F.);
#1277=ADVANCED_FACE('',(#135),#102,.F.);
#1278=ADVANCED_FACE('',(#136),#103,.F.);
#1279=ADVANCED_FACE('',(#137),#42,.T.);
#1280=ADVANCED_FACE('',(#138),#43,.T.);
#1281=ADVANCED_FACE('',(#139),#104,.T.);
#1282=ADVANCED_FACE('',(#140),#105,.T.);
#1283=ADVANCED_FACE('',(#141),#44,.T.);
#1284=ADVANCED_FACE('',(#142),#45,.T.);
#1285=ADVANCED_FACE('',(#143),#46,.T.);
#1286=ADVANCED_FACE('',(#144),#106,.T.);
#1287=ADVANCED_FACE('',(#145),#47,.T.);
#1288=ADVANCED_FACE('',(#146),#48,.T.);
#1289=ADVANCED_FACE('',(#147),#107,.T.);
#1290=ADVANCED_FACE('',(#148),#49,.T.);
#1291=ADVANCED_FACE('',(#149),#50,.T.);
#1292=ADVANCED_FACE('',(#150),#51,.F.);
#1293=ADVANCED_FACE('',(#151,#39),#52,.T.);
#1294=ADVANCED_FACE('',(#152,#40),#53,.T.);
#1295=ADVANCED_FACE('',(#153),#54,.T.);
#1296=ADVANCED_FACE('',(#154),#108,.T.);
#1297=ADVANCED_FACE('',(#155),#55,.T.);
#1298=ADVANCED_FACE('',(#156),#56,.T.);
#1299=ADVANCED_FACE('',(#157),#109,.T.);
#1300=ADVANCED_FACE('',(#158),#57,.T.);
#1301=ADVANCED_FACE('',(#159),#58,.F.);
#1302=ADVANCED_FACE('',(#160),#59,.T.);
#1303=ADVANCED_FACE('',(#161),#110,.F.);
#1304=ADVANCED_FACE('',(#162),#111,.T.);
#1305=ADVANCED_FACE('',(#163),#1267,.T.);
#1306=ADVANCED_FACE('',(#164),#1268,.T.);
#1307=ADVANCED_FACE('',(#165),#112,.T.);
#1308=ADVANCED_FACE('',(#166),#60,.F.);
#1309=ADVANCED_FACE('',(#167),#61,.F.);
#1310=ADVANCED_FACE('',(#168),#62,.F.);
#1311=ADVANCED_FACE('',(#169),#63,.F.);
#1312=ADVANCED_FACE('',(#170),#64,.F.);
#1313=ADVANCED_FACE('',(#171),#65,.F.);
#1314=ADVANCED_FACE('',(#172),#66,.F.);
#1315=ADVANCED_FACE('',(#173),#67,.T.);
#1316=ADVANCED_FACE('',(#174,#41),#68,.T.);
#1317=ADVANCED_FACE('',(#175),#113,.F.);
#1318=ADVANCED_FACE('',(#176),#114,.T.);
#1319=ADVANCED_FACE('',(#177),#69,.T.);
#1320=ADVANCED_FACE('',(#178),#115,.F.);
#1321=ADVANCED_FACE('',(#179),#70,.T.);
#1322=ADVANCED_FACE('',(#180),#116,.T.);
#1323=ADVANCED_FACE('',(#181),#117,.T.);
#1324=ADVANCED_FACE('',(#182),#118,.T.);
#1325=ADVANCED_FACE('',(#183),#119,.T.);
#1326=ADVANCED_FACE('',(#184),#71,.T.);
#1327=ADVANCED_FACE('',(#185),#120,.F.);
#1328=ADVANCED_FACE('',(#186),#121,.T.);
#1329=ADVANCED_FACE('',(#187),#72,.T.);
#1330=ADVANCED_FACE('',(#188),#122,.F.);
#1331=ADVANCED_FACE('',(#189),#73,.T.);
#1332=ADVANCED_FACE('',(#190),#123,.T.);
#1333=ADVANCED_FACE('',(#191),#74,.T.);
#1334=ADVANCED_FACE('',(#192),#124,.T.);
#1335=ADVANCED_FACE('',(#193),#125,.T.);
#1336=ADVANCED_FACE('',(#194),#126,.T.);
#1337=ADVANCED_FACE('',(#195),#75,.F.);
#1338=ADVANCED_FACE('',(#196),#76,.T.);
#1339=CLOSED_SHELL('',(#1269,#1270,#1271,#1272,#1273,#1274,#1275,#1276,
#1277,#1278,#1279,#1280,#1281,#1282,#1283,#1284,#1285,#1286,#1287,#1288,
#1289,#1290,#1291,#1292,#1293,#1294,#1295,#1296,#1297,#1298,#1299,#1300,
#1301,#1302));
#1340=CLOSED_SHELL('',(#1303,#1304,#1305,#1306,#1307,#1308,#1309,#1310,
#1311,#1312,#1313,#1314,#1315,#1316,#1317,#1318,#1319,#1320,#1321,#1322,
#1323,#1324,#1325,#1326,#1327,#1328,#1329,#1330,#1331,#1332,#1333,#1334,
#1335,#1336,#1337,#1338));
#1341=DERIVED_UNIT_ELEMENT(#1346,1.);
#1342=DERIVED_UNIT_ELEMENT(#2523,-3.);
#1343=DERIVED_UNIT_ELEMENT(#1346,1.);
#1344=DERIVED_UNIT_ELEMENT(#2523,-3.);
#1345=DIMENSIONAL_EXPONENTS(0.,1.,0.,0.,0.,0.,0.);
#1346=(
CONVERSION_BASED_UNIT('gram',#1348)
MASS_UNIT()
NAMED_UNIT(#1345)
);
#1347=(
MASS_UNIT()
NAMED_UNIT(*)
SI_UNIT(.KILO.,.GRAM.)
);
#1348=MASS_MEASURE_WITH_UNIT(MASS_MEASURE(0.001),#1347);
#1349=DERIVED_UNIT((#1341,#1342));
#1350=DERIVED_UNIT((#1343,#1344));
#1351=MEASURE_REPRESENTATION_ITEM('density measure',
POSITIVE_RATIO_MEASURE(1.),#1349);
#1352=MEASURE_REPRESENTATION_ITEM('density measure',
POSITIVE_RATIO_MEASURE(1.),#1350);
#1353=PROPERTY_DEFINITION_REPRESENTATION(#1363,#1357);
#1354=PROPERTY_DEFINITION_REPRESENTATION(#1364,#1358);
#1355=PROPERTY_DEFINITION_REPRESENTATION(#1365,#1359);
#1356=PROPERTY_DEFINITION_REPRESENTATION(#1366,#1360);
#1357=REPRESENTATION('material name',(#1361),#2518);
#1358=REPRESENTATION('density',(#1351),#2518);
#1359=REPRESENTATION('material name',(#1362),#2520);
#1360=REPRESENTATION('density',(#1352),#2520);
#1361=DESCRIPTIVE_REPRESENTATION_ITEM('Generisch','Generisch');
#1362=DESCRIPTIVE_REPRESENTATION_ITEM('Generisch','Generisch');
#1363=PROPERTY_DEFINITION('material property','material name',#2549);
#1364=PROPERTY_DEFINITION('material property','density of part',#2549);
#1365=PROPERTY_DEFINITION('material property','material name',#2551);
#1366=PROPERTY_DEFINITION('material property','density of part',#2551);
#1367=PRESENTATION_STYLE_ASSIGNMENT((#1370));
#1368=PRESENTATION_STYLE_ASSIGNMENT((#1371));
#1369=PRESENTATION_STYLE_ASSIGNMENT((#1372));
#1370=SURFACE_STYLE_USAGE(.BOTH.,#1379);
#1371=SURFACE_STYLE_USAGE(.BOTH.,#1380);
#1372=SURFACE_STYLE_USAGE(.BOTH.,#1381);
#1373=SURFACE_STYLE_RENDERING_WITH_PROPERTIES($,#1391,(#1376));
#1374=SURFACE_STYLE_RENDERING_WITH_PROPERTIES($,#1392,(#1377));
#1375=SURFACE_STYLE_RENDERING_WITH_PROPERTIES($,#1393,(#1378));
#1376=SURFACE_STYLE_TRANSPARENT(0.);
#1377=SURFACE_STYLE_TRANSPARENT(0.);
#1378=SURFACE_STYLE_TRANSPARENT(0.);
#1379=SURFACE_SIDE_STYLE('',(#1382,#1373));
#1380=SURFACE_SIDE_STYLE('',(#1383,#1374));
#1381=SURFACE_SIDE_STYLE('',(#1384,#1375));
#1382=SURFACE_STYLE_FILL_AREA(#1385);
#1383=SURFACE_STYLE_FILL_AREA(#1386);
#1384=SURFACE_STYLE_FILL_AREA(#1387);
#1385=FILL_AREA_STYLE('',(#1388));
#1386=FILL_AREA_STYLE('',(#1389));
#1387=FILL_AREA_STYLE('',(#1390));
#1388=FILL_AREA_STYLE_COLOUR('',#1391);
#1389=FILL_AREA_STYLE_COLOUR('',#1392);
#1390=FILL_AREA_STYLE_COLOUR('',#1393);
#1391=COLOUR_RGB('',0.749019607843137,0.749019607843137,0.749019607843137);
#1392=COLOUR_RGB('',0.850980392156863,0.83921568627451,0.858823529411765);
#1393=COLOUR_RGB('',0.792156862745098,0.882352941176471,1.);
#1394=DATE_TIME_ROLE('creation_date');
#1395=DATE_TIME_ROLE('creation_date');
#1396=DATE_TIME_ROLE('creation_date');
#1397=DATE_TIME_ROLE('creation_date');
#1398=DATE_TIME_ROLE('creation_date');
#1399=APPLIED_DATE_AND_TIME_ASSIGNMENT(#1404,#1394,(#2547));
#1400=APPLIED_DATE_AND_TIME_ASSIGNMENT(#1405,#1395,(#2548));
#1401=APPLIED_DATE_AND_TIME_ASSIGNMENT(#1406,#1396,(#2549));
#1402=APPLIED_DATE_AND_TIME_ASSIGNMENT(#1407,#1397,(#2550));
#1403=APPLIED_DATE_AND_TIME_ASSIGNMENT(#1408,#1398,(#2551));
#1404=DATE_AND_TIME(#1409,#1414);
#1405=DATE_AND_TIME(#1410,#1415);
#1406=DATE_AND_TIME(#1411,#1416);
#1407=DATE_AND_TIME(#1412,#1417);
#1408=DATE_AND_TIME(#1413,#1418);
#1409=CALENDAR_DATE(2024,13,10);
#1410=CALENDAR_DATE(2024,13,10);
#1411=CALENDAR_DATE(2024,13,10);
#1412=CALENDAR_DATE(2024,13,10);
#1413=CALENDAR_DATE(2024,13,10);
#1414=LOCAL_TIME(0,0,0.,#1419);
#1415=LOCAL_TIME(10,32,54.,#1420);
#1416=LOCAL_TIME(0,0,0.,#1421);
#1417=LOCAL_TIME(10,33,44.,#1422);
#1418=LOCAL_TIME(0,0,0.,#1423);
#1419=COORDINATED_UNIVERSAL_TIME_OFFSET(0,0,.BEHIND.);
#1420=COORDINATED_UNIVERSAL_TIME_OFFSET(0,0,.BEHIND.);
#1421=COORDINATED_UNIVERSAL_TIME_OFFSET(0,0,.BEHIND.);
#1422=COORDINATED_UNIVERSAL_TIME_OFFSET(0,0,.BEHIND.);
#1423=COORDINATED_UNIVERSAL_TIME_OFFSET(0,0,.BEHIND.);
#1424=AXIS2_PLACEMENT_3D('',#1957,#1563,#1564);
#1425=AXIS2_PLACEMENT_3D('',#1958,#1565,#1566);
#1426=AXIS2_PLACEMENT_3D('',#1959,#1567,#1568);
#1427=AXIS2_PLACEMENT_3D('',#1960,#1569,#1570);
#1428=AXIS2_PLACEMENT_3D('',#1962,#1571,#1572);
#1429=AXIS2_PLACEMENT_3D('',#1966,#1574,#1575);
#1430=AXIS2_PLACEMENT_3D('',#1968,#1576,#1577);
#1431=AXIS2_PLACEMENT_3D('',#1969,#1578,#1579);
#1432=AXIS2_PLACEMENT_3D('',#1970,#1580,#1581);
#1433=AXIS2_PLACEMENT_3D('',#1972,#1582,#1583);
#1434=AXIS2_PLACEMENT_3D('',#1974,#1585,#1586);
#1435=AXIS2_PLACEMENT_3D('',#1976,#1587,#1588);
#1436=AXIS2_PLACEMENT_3D('',#1980,#1590,#1591);
#1437=AXIS2_PLACEMENT_3D('',#1982,#1592,#1593);
#1438=AXIS2_PLACEMENT_3D('',#1983,#1594,#1595);
#1439=AXIS2_PLACEMENT_3D('',#1984,#1596,#1597);
#1440=AXIS2_PLACEMENT_3D('',#1986,#1598,#1599);
#1441=AXIS2_PLACEMENT_3D('',#1988,#1601,#1602);
#1442=AXIS2_PLACEMENT_3D('',#1999,#1603,#1604);
#1443=AXIS2_PLACEMENT_3D('',#2008,#1605,#1606);
#1444=AXIS2_PLACEMENT_3D('',#2025,#1607,#1608);
#1445=AXIS2_PLACEMENT_3D('',#2029,#1610,#1611);
#1446=AXIS2_PLACEMENT_3D('',#2031,#1613,#1614);
#1447=AXIS2_PLACEMENT_3D('',#2035,#1616,#1617);
#1448=AXIS2_PLACEMENT_3D('',#2037,#1619,#1620);
#1449=AXIS2_PLACEMENT_3D('',#2040,#1621,#1622);
#1450=AXIS2_PLACEMENT_3D('',#2044,#1624,#1625);
#1451=AXIS2_PLACEMENT_3D('',#2046,#1627,#1628);
#1452=AXIS2_PLACEMENT_3D('',#2049,#1629,#1630);
#1453=AXIS2_PLACEMENT_3D('',#2053,#1632,#1633);
#1454=AXIS2_PLACEMENT_3D('',#2055,#1635,#1636);
#1455=AXIS2_PLACEMENT_3D('',#2061,#1640,#1641);
#1456=AXIS2_PLACEMENT_3D('',#2067,#1645,#1646);
#1457=AXIS2_PLACEMENT_3D('',#2069,#1647,#1648);
#1458=AXIS2_PLACEMENT_3D('',#2072,#1650,#1651);
#1459=AXIS2_PLACEMENT_3D('',#2073,#1652,#1653);
#1460=AXIS2_PLACEMENT_3D('',#2075,#1654,#1655);
#1461=AXIS2_PLACEMENT_3D('',#2078,#1657,#1658);
#1462=AXIS2_PLACEMENT_3D('',#2079,#1659,#1660);
#1463=AXIS2_PLACEMENT_3D('',#2085,#1664,#1665);
#1464=AXIS2_PLACEMENT_3D('',#2091,#1669,#1670);
#1465=AXIS2_PLACEMENT_3D('',#2100,#1675,#1676);
#1466=AXIS2_PLACEMENT_3D('',#2102,#1677,#1678);
#1467=AXIS2_PLACEMENT_3D('',#2105,#1680,#1681);
#1468=AXIS2_PLACEMENT_3D('',#2106,#1682,#1683);
#1469=AXIS2_PLACEMENT_3D('',#2109,#1686,#1687);
#1470=AXIS2_PLACEMENT_3D('',#2115,#1691,#1692);
#1471=AXIS2_PLACEMENT_3D('',#2117,#1693,#1694);
#1472=AXIS2_PLACEMENT_3D('',#2119,#1695,#1696);
#1473=AXIS2_PLACEMENT_3D('',#2121,#1698,#1699);
#1474=AXIS2_PLACEMENT_3D('',#2127,#1703,#1704);
#1475=AXIS2_PLACEMENT_3D('',#2131,#1707,#1708);
#1476=AXIS2_PLACEMENT_3D('',#2135,#1711,#1712);
#1477=AXIS2_PLACEMENT_3D('',#2142,#1717,#1718);
#1478=AXIS2_PLACEMENT_3D('',#2148,#1722,#1723);
#1479=AXIS2_PLACEMENT_3D('',#2154,#1727,#1728);
#1480=AXIS2_PLACEMENT_3D('',#2156,#1729,#1730);
#1481=AXIS2_PLACEMENT_3D('',#2159,#1732,#1733);
#1482=AXIS2_PLACEMENT_3D('',#2160,#1734,#1735);
#1483=AXIS2_PLACEMENT_3D('',#2163,#1738,#1739);
#1484=AXIS2_PLACEMENT_3D('',#2169,#1743,#1744);
#1485=AXIS2_PLACEMENT_3D('',#2171,#1745,#1746);
#1486=AXIS2_PLACEMENT_3D('',#2174,#1748,#1749);
#1487=AXIS2_PLACEMENT_3D('',#2175,#1750,#1751);
#1488=AXIS2_PLACEMENT_3D('',#2178,#1754,#1755);
#1489=AXIS2_PLACEMENT_3D('',#2179,#1756,#1757);
#1490=AXIS2_PLACEMENT_3D('',#2180,#1758,#1759);
#1491=AXIS2_PLACEMENT_3D('',#2181,#1760,#1761);
#1492=AXIS2_PLACEMENT_3D('',#2182,#1762,#1763);
#1493=AXIS2_PLACEMENT_3D('',#2183,#1764,#1765);
#1494=AXIS2_PLACEMENT_3D('',#2250,#1767,#1768);
#1495=AXIS2_PLACEMENT_3D('',#2251,#1769,#1770);
#1496=AXIS2_PLACEMENT_3D('',#2252,#1771,#1772);
#1497=AXIS2_PLACEMENT_3D('',#2254,#1773,#1774);
#1498=AXIS2_PLACEMENT_3D('',#2257,#1776,#1777);
#1499=AXIS2_PLACEMENT_3D('',#2258,#1778,#1779);
#1500=AXIS2_PLACEMENT_3D('',#2261,#1781,#1782);
#1501=AXIS2_PLACEMENT_3D('',#2262,#1783,#1784);
#1502=AXIS2_PLACEMENT_3D('',#2265,#1786,#1787);
#1503=AXIS2_PLACEMENT_3D('',#2266,#1788,#1789);
#1504=AXIS2_PLACEMENT_3D('',#2285,#1790,#1791);
#1505=AXIS2_PLACEMENT_3D('',#2302,#1792,#1793);
#1506=AXIS2_PLACEMENT_3D('',#2333,#1794,#1795);
#1507=AXIS2_PLACEMENT_3D('',#2350,#1796,#1797);
#1508=AXIS2_PLACEMENT_3D('',#2367,#1799,#1800);
#1509=AXIS2_PLACEMENT_3D('',#2376,#1805,#1806);
#1510=AXIS2_PLACEMENT_3D('',#2382,#1810,#1811);
#1511=AXIS2_PLACEMENT_3D('',#2388,#1815,#1816);
#1512=AXIS2_PLACEMENT_3D('',#2394,#1820,#1821);
#1513=AXIS2_PLACEMENT_3D('',#2400,#1825,#1826);
#1514=AXIS2_PLACEMENT_3D('',#2403,#1829,#1830);
#1515=AXIS2_PLACEMENT_3D('',#2404,#1831,#1832);
#1516=AXIS2_PLACEMENT_3D('',#2405,#1833,#1834);
#1517=AXIS2_PLACEMENT_3D('',#2406,#1835,#1836);
#1518=AXIS2_PLACEMENT_3D('',#2410,#1838,#1839);
#1519=AXIS2_PLACEMENT_3D('',#2414,#1841,#1842);
#1520=AXIS2_PLACEMENT_3D('',#2416,#1844,#1845);
#1521=AXIS2_PLACEMENT_3D('',#2419,#1847,#1848);
#1522=AXIS2_PLACEMENT_3D('',#2420,#1849,#1850);
#1523=AXIS2_PLACEMENT_3D('',#2424,#1853,#1854);
#1524=AXIS2_PLACEMENT_3D('',#2427,#1856,#1857);
#1525=AXIS2_PLACEMENT_3D('',#2428,#1858,#1859);
#1526=AXIS2_PLACEMENT_3D('',#2432,#1862,#1863);
#1527=AXIS2_PLACEMENT_3D('',#2435,#1865,#1866);
#1528=AXIS2_PLACEMENT_3D('',#2436,#1867,#1868);
#1529=AXIS2_PLACEMENT_3D('',#2440,#1870,#1871);
#1530=AXIS2_PLACEMENT_3D('',#2444,#1873,#1874);
#1531=AXIS2_PLACEMENT_3D('',#2446,#1876,#1877);
#1532=AXIS2_PLACEMENT_3D('',#2449,#1879,#1880);
#1533=AXIS2_PLACEMENT_3D('',#2450,#1881,#1882);
#1534=AXIS2_PLACEMENT_3D('',#2452,#1883,#1884);
#1535=AXIS2_PLACEMENT_3D('',#2455,#1886,#1887);
#1536=AXIS2_PLACEMENT_3D('',#2456,#1888,#1889);
#1537=AXIS2_PLACEMENT_3D('',#2462,#1893,#1894);
#1538=AXIS2_PLACEMENT_3D('',#2465,#1896,#1897);
#1539=AXIS2_PLACEMENT_3D('',#2466,#1898,#1899);
#1540=AXIS2_PLACEMENT_3D('',#2467,#1900,#1901);
#1541=AXIS2_PLACEMENT_3D('',#2470,#1903,#1904);
#1542=AXIS2_PLACEMENT_3D('',#2471,#1905,#1906);
#1543=AXIS2_PLACEMENT_3D('',#2475,#1909,#1910);
#1544=AXIS2_PLACEMENT_3D('',#2478,#1912,#1913);
#1545=AXIS2_PLACEMENT_3D('',#2479,#1914,#1915);
#1546=AXIS2_PLACEMENT_3D('',#2483,#1918,#1919);
#1547=AXIS2_PLACEMENT_3D('',#2484,#1920,#1921);
#1548=AXIS2_PLACEMENT_3D('',#2485,#1922,#1923);
#1549=AXIS2_PLACEMENT_3D('',#2491,#1927,#1928);
#1550=AXIS2_PLACEMENT_3D('',#2493,#1929,#1930);
#1551=AXIS2_PLACEMENT_3D('',#2496,#1932,#1933);
#1552=AXIS2_PLACEMENT_3D('',#2497,#1934,#1935);
#1553=AXIS2_PLACEMENT_3D('',#2500,#1937,#1938);
#1554=AXIS2_PLACEMENT_3D('',#2501,#1939,#1940);
#1555=AXIS2_PLACEMENT_3D('',#2502,#1941,#1942);
#1556=AXIS2_PLACEMENT_3D('',#2503,#1943,#1944);
#1557=AXIS2_PLACEMENT_3D('',#2504,#1945,#1946);
#1558=AXIS2_PLACEMENT_3D('',#2505,#1947,#1948);
#1559=AXIS2_PLACEMENT_3D('',#2506,#1949,#1950);
#1560=AXIS2_PLACEMENT_3D('',#2507,#1951,#1952);
#1561=AXIS2_PLACEMENT_3D('',#2508,#1953,#1954);
#1562=AXIS2_PLACEMENT_3D('',#2509,#1955,#1956);
#1563=DIRECTION('axis',(0.,0.,1.));
#1564=DIRECTION('refdir',(1.,0.,0.));
#1565=DIRECTION('axis',(0.,0.,1.));
#1566=DIRECTION('refdir',(1.,0.,0.));
#1567=DIRECTION('axis',(0.,0.,1.));
#1568=DIRECTION('refdir',(1.,0.,0.));
#1569=DIRECTION('center_axis',(0.,0.,-1.));
#1570=DIRECTION('ref_axis',(0.,-1.,0.));
#1571=DIRECTION('center_axis',(0.,0.,-1.));
#1572=DIRECTION('ref_axis',(0.,-1.,0.));
#1573=DIRECTION('',(8.65956056235493E-17,0.707106781186547,-0.707106781186548));
#1574=DIRECTION('center_axis',(0.,0.,-1.));
#1575=DIRECTION('ref_axis',(0.,-1.,0.));
#1576=DIRECTION('center_axis',(0.,0.,1.));
#1577=DIRECTION('ref_axis',(0.,-1.,0.));
#1578=DIRECTION('center_axis',(0.,0.,-1.));
#1579=DIRECTION('ref_axis',(0.,-1.,0.));
#1580=DIRECTION('center_axis',(0.,0.,-1.));
#1581=DIRECTION('ref_axis',(0.,-1.,0.));
#1582=DIRECTION('center_axis',(0.,0.,-1.));
#1583=DIRECTION('ref_axis',(0.,-1.,0.));
#1584=DIRECTION('',(0.,0.,-1.));
#1585=DIRECTION('center_axis',(0.,-1.,0.));
#1586=DIRECTION('ref_axis',(-1.,0.,0.));
#1587=DIRECTION('center_axis',(0.,-1.,0.));
#1588=DIRECTION('ref_axis',(-1.,0.,0.));
#1589=DIRECTION('',(0.707106781186547,-0.707106781186548,8.65956056235493E-17));
#1590=DIRECTION('center_axis',(0.,1.,0.));
#1591=DIRECTION('ref_axis',(-1.,0.,0.));
#1592=DIRECTION('center_axis',(0.,-1.,0.));
#1593=DIRECTION('ref_axis',(-1.,0.,0.));
#1594=DIRECTION('center_axis',(0.,1.,0.));
#1595=DIRECTION('ref_axis',(-1.,0.,0.));
#1596=DIRECTION('center_axis',(0.,-1.,0.));
#1597=DIRECTION('ref_axis',(-1.,0.,0.));
#1598=DIRECTION('center_axis',(0.,-1.,0.));
#1599=DIRECTION('ref_axis',(-1.,0.,0.));
#1600=DIRECTION('',(0.,-1.,0.));
#1601=DIRECTION('center_axis',(0.,0.,-1.));
#1602=DIRECTION('ref_axis',(1.20980294963545E-15,1.,0.));
#1603=DIRECTION('center_axis',(0.,0.707106781186547,-0.707106781186548));
#1604=DIRECTION('ref_axis',(0.,-0.707106781186548,-0.707106781186547));
#1605=DIRECTION('center_axis',(0.,-1.,0.));
#1606=DIRECTION('ref_axis',(-1.,0.,0.));
#1607=DIRECTION('center_axis',(1.,0.,0.));
#1608=DIRECTION('ref_axis',(0.,1.,6.78755816937873E-11));
#1609=DIRECTION('',(1.,0.,0.));
#1610=DIRECTION('center_axis',(1.,0.,0.));
#1611=DIRECTION('ref_axis',(0.,1.,6.78755816937873E-11));
#1612=DIRECTION('',(1.,0.,0.));
#1613=DIRECTION('center_axis',(1.,0.,0.));
#1614=DIRECTION('ref_axis',(0.,1.,6.78755816937873E-11));
#1615=DIRECTION('',(1.,0.,0.));
#1616=DIRECTION('center_axis',(1.,0.,0.));
#1617=DIRECTION('ref_axis',(0.,1.,6.78755816937873E-11));
#1618=DIRECTION('',(1.,0.,0.));
#1619=DIRECTION('center_axis',(1.,0.,0.));
#1620=DIRECTION('ref_axis',(0.,1.,-7.76908253552935E-11));
#1621=DIRECTION('center_axis',(1.,0.,0.));
#1622=DIRECTION('ref_axis',(0.,1.,-7.76908253552935E-11));
#1623=DIRECTION('',(1.,0.,0.));
#1624=DIRECTION('center_axis',(1.,0.,0.));
#1625=DIRECTION('ref_axis',(0.,1.,-7.76908253552935E-11));
#1626=DIRECTION('',(1.,0.,0.));
#1627=DIRECTION('center_axis',(1.,0.,0.));
#1628=DIRECTION('ref_axis',(0.,1.,-7.76908253552935E-11));
#1629=DIRECTION('center_axis',(-1.,0.,0.));
#1630=DIRECTION('ref_axis',(0.,1.,-7.76908253552935E-11));
#1631=DIRECTION('',(1.,0.,0.));
#1632=DIRECTION('center_axis',(1.,0.,0.));
#1633=DIRECTION('ref_axis',(0.,1.,-7.76908253552935E-11));
#1634=DIRECTION('',(1.,0.,0.));
#1635=DIRECTION('center_axis',(0.,-1.,0.));
#1636=DIRECTION('ref_axis',(0.,0.,-1.));
#1637=DIRECTION('',(0.,0.,1.));
#1638=DIRECTION('',(1.,0.,0.));
#1639=DIRECTION('',(0.,0.,1.));
#1640=DIRECTION('center_axis',(0.,0.,-1.));
#1641=DIRECTION('ref_axis',(0.,1.,0.));
#1642=DIRECTION('',(0.,1.,0.));
#1643=DIRECTION('',(1.,0.,0.));
#1644=DIRECTION('',(0.,-1.,0.));
#1645=DIRECTION('center_axis',(1.,0.,0.));
#1646=DIRECTION('ref_axis',(0.,-1.,-3.44028073990598E-11));
#1647=DIRECTION('center_axis',(-1.,0.,0.));
#1648=DIRECTION('ref_axis',(0.,-1.,-3.44028073990598E-11));
#1649=DIRECTION('',(1.,0.,0.));
#1650=DIRECTION('center_axis',(-1.,0.,0.));
#1651=DIRECTION('ref_axis',(0.,-1.,-3.44028073990598E-11));
#1652=DIRECTION('center_axis',(1.,0.,0.));
#1653=DIRECTION('ref_axis',(0.,-1.,-3.44007175674843E-11));
#1654=DIRECTION('center_axis',(1.,0.,0.));
#1655=DIRECTION('ref_axis',(0.,-1.,-3.44007175674843E-11));
#1656=DIRECTION('',(1.,0.,0.));
#1657=DIRECTION('center_axis',(1.,0.,0.));
#1658=DIRECTION('ref_axis',(0.,-1.,-3.44007175674843E-11));
#1659=DIRECTION('center_axis',(0.,0.,-1.));
#1660=DIRECTION('ref_axis',(0.,1.,0.));
#1661=DIRECTION('',(0.,-1.,0.));
#1662=DIRECTION('',(1.,0.,0.));
#1663=DIRECTION('',(0.,-1.,0.));
#1664=DIRECTION('center_axis',(0.,-1.,0.));
#1665=DIRECTION('ref_axis',(0.,0.,-1.));
#1666=DIRECTION('',(0.,0.,-1.));
#1667=DIRECTION('',(1.,0.,0.));
#1668=DIRECTION('',(0.,0.,1.));
#1669=DIRECTION('center_axis',(0.,0.,-1.));
#1670=DIRECTION('ref_axis',(0.,1.,0.));
#1671=DIRECTION('',(0.,1.,0.));
#1672=DIRECTION('',(1.,0.,0.));
#1673=DIRECTION('',(0.,-1.,0.));
#1674=DIRECTION('',(1.,0.,0.));
#1675=DIRECTION('center_axis',(1.,0.,0.));
#1676=DIRECTION('ref_axis',(0.,-1.,-3.44028073990598E-11));
#1677=DIRECTION('center_axis',(1.,0.,0.));
#1678=DIRECTION('ref_axis',(0.,-1.,-3.44028073990598E-11));
#1679=DIRECTION('',(1.,0.,0.));
#1680=DIRECTION('center_axis',(1.,0.,0.));
#1681=DIRECTION('ref_axis',(0.,-1.,-3.44028073990598E-11));
#1682=DIRECTION('center_axis',(0.,-1.,0.));
#1683=DIRECTION('ref_axis',(0.,0.,-1.));
#1684=DIRECTION('',(0.,0.,-1.));
#1685=DIRECTION('',(0.,0.,1.));
#1686=DIRECTION('center_axis',(0.,0.,-1.));
#1687=DIRECTION('ref_axis',(0.,1.,0.));
#1688=DIRECTION('',(0.,-1.,0.));
#1689=DIRECTION('',(0.,-1.,0.));
#1690=DIRECTION('',(1.,0.,0.));
#1691=DIRECTION('center_axis',(1.,0.,0.));
#1692=DIRECTION('ref_axis',(0.,-1.,-3.44007175674843E-11));
#1693=DIRECTION('center_axis',(-1.,0.,0.));
#1694=DIRECTION('ref_axis',(0.,-1.,-3.44007175674843E-11));
#1695=DIRECTION('center_axis',(-1.,0.,0.));
#1696=DIRECTION('ref_axis',(0.,-1.,-3.44007175674843E-11));
#1697=DIRECTION('',(1.,0.,0.));
#1698=DIRECTION('center_axis',(0.,-1.,0.));
#1699=DIRECTION('ref_axis',(0.,0.,-1.));
#1700=DIRECTION('',(0.,0.,1.));
#1701=DIRECTION('',(0.,0.,1.));
#1702=DIRECTION('',(1.,0.,0.));
#1703=DIRECTION('center_axis',(1.,0.,0.));
#1704=DIRECTION('ref_axis',(0.,-1.,0.));
#1705=DIRECTION('',(0.,0.,-1.));
#1706=DIRECTION('',(0.,1.,0.));
#1707=DIRECTION('center_axis',(1.,0.,0.));
#1708=DIRECTION('ref_axis',(0.,-1.,0.));
#1709=DIRECTION('',(0.,0.,-1.));
#1710=DIRECTION('',(0.,1.,0.));
#1711=DIRECTION('center_axis',(0.,1.,0.));
#1712=DIRECTION('ref_axis',(0.,0.,1.));
#1713=DIRECTION('',(0.,0.,1.));
#1714=DIRECTION('',(1.,0.,0.));
#1715=DIRECTION('',(0.,0.,-1.));
#1716=DIRECTION('',(1.,0.,0.));
#1717=DIRECTION('center_axis',(0.,0.,1.));
#1718=DIRECTION('ref_axis',(0.,-1.,0.));
#1719=DIRECTION('',(0.,1.,0.));
#1720=DIRECTION('',(0.,-1.,0.));
#1721=DIRECTION('',(1.,0.,0.));
#1722=DIRECTION('center_axis',(0.,0.,-1.));
#1723=DIRECTION('ref_axis',(0.,1.,0.));
#1724=DIRECTION('',(0.,-1.,0.));
#1725=DIRECTION('',(1.,0.,0.));
#1726=DIRECTION('',(0.,1.,0.));
#1727=DIRECTION('center_axis',(1.,0.,0.));
#1728=DIRECTION('ref_axis',(0.,-1.,-6.78805160183405E-11));
#1729=DIRECTION('center_axis',(-1.,0.,0.));
#1730=DIRECTION('ref_axis',(0.,-1.,-6.78805160183405E-11));
#1731=DIRECTION('',(1.,0.,0.));
#1732=DIRECTION('center_axis',(1.,0.,0.));
#1733=DIRECTION('ref_axis',(0.,-1.,-6.78805160183405E-11));
#1734=DIRECTION('center_axis',(0.,-1.,0.));
#1735=DIRECTION('ref_axis',(0.,0.,-1.));
#1736=DIRECTION('',(0.,0.,-1.));
#1737=DIRECTION('',(0.,0.,1.));
#1738=DIRECTION('center_axis',(0.,0.,-1.));
#1739=DIRECTION('ref_axis',(0.,1.,0.));
#1740=DIRECTION('',(0.,-1.,0.));
#1741=DIRECTION('',(1.,0.,0.));
#1742=DIRECTION('',(0.,1.,0.));
#1743=DIRECTION('center_axis',(1.,0.,0.));
#1744=DIRECTION('ref_axis',(0.,-1.,-6.78805160183405E-11));
#1745=DIRECTION('center_axis',(-1.,0.,0.));
#1746=DIRECTION('ref_axis',(0.,-1.,-6.78805160183405E-11));
#1747=DIRECTION('',(1.,0.,0.));
#1748=DIRECTION('center_axis',(1.,0.,0.));
#1749=DIRECTION('ref_axis',(0.,-1.,-6.78805160183405E-11));
#1750=DIRECTION('center_axis',(0.,-1.,0.));
#1751=DIRECTION('ref_axis',(0.,0.,-1.));
#1752=DIRECTION('',(0.,0.,1.));
#1753=DIRECTION('',(0.,0.,-1.));
#1754=DIRECTION('center_axis',(1.,0.,0.));
#1755=DIRECTION('ref_axis',(0.,-1.,0.));
#1756=DIRECTION('center_axis',(1.,0.,0.));
#1757=DIRECTION('ref_axis',(0.,-1.,0.));
#1758=DIRECTION('',(0.,0.,1.));
#1759=DIRECTION('',(1.,0.,0.));
#1760=DIRECTION('axis',(0.,0.,1.));
#1761=DIRECTION('refdir',(1.,0.,0.));
#1762=DIRECTION('axis',(0.,0.,1.));
#1763=DIRECTION('refdir',(1.,0.,0.));
#1764=DIRECTION('center_axis',(0.,0.,1.));
#1765=DIRECTION('ref_axis',(1.,0.,0.));
#1766=DIRECTION('',(0.,0.,1.));
#1767=DIRECTION('center_axis',(0.,0.,1.));
#1768=DIRECTION('ref_axis',(1.,0.,0.));
#1769=DIRECTION('center_axis',(0.,0.,1.));
#1770=DIRECTION('ref_axis',(1.,0.,0.));
#1771=DIRECTION('center_axis',(0.,0.,-1.));
#1772=DIRECTION('ref_axis',(-1.,0.,0.));
#1773=DIRECTION('center_axis',(-1.66533453693773E-16,0.,1.));
#1774=DIRECTION('ref_axis',(-1.,0.,-1.66533453693773E-16));
#1775=DIRECTION('',(0.,0.,1.));
#1776=DIRECTION('center_axis',(0.,0.,1.));
#1777=DIRECTION('ref_axis',(-1.,0.,0.));
#1778=DIRECTION('center_axis',(0.,0.,1.));
#1779=DIRECTION('ref_axis',(-1.,0.,0.));
#1780=DIRECTION('',(-0.707106781186547,-8.65956056235493E-17,-0.707106781186548));
#1781=DIRECTION('center_axis',(0.,0.,-1.));
#1782=DIRECTION('ref_axis',(-1.,0.,0.));
#1783=DIRECTION('center_axis',(0.,0.,1.));
#1784=DIRECTION('ref_axis',(-1.,0.,0.));
#1785=DIRECTION('',(-0.707106781186547,-8.65956056235493E-17,-0.707106781186548));
#1786=DIRECTION('center_axis',(0.,0.,-1.));
#1787=DIRECTION('ref_axis',(-1.,0.,0.));
#1788=DIRECTION('center_axis',(0.,0.,-1.));
#1789=DIRECTION('ref_axis',(-1.,0.,0.));
#1790=DIRECTION('center_axis',(0.,0.,-1.));
#1791=DIRECTION('ref_axis',(1.,0.,0.));
#1792=DIRECTION('center_axis',(0.,0.,-1.));
#1793=DIRECTION('ref_axis',(1.,0.,0.));
#1794=DIRECTION('center_axis',(0.,0.,-1.));
#1795=DIRECTION('ref_axis',(1.,0.,0.));
#1796=DIRECTION('center_axis',(0.,0.,-1.));
#1797=DIRECTION('ref_axis',(1.,0.,0.));
#1798=DIRECTION('',(0.,0.,1.));
#1799=DIRECTION('center_axis',(0.,1.,0.));
#1800=DIRECTION('ref_axis',(1.,0.,0.));
#1801=DIRECTION('',(1.,0.,0.));
#1802=DIRECTION('',(0.,0.,-1.));
#1803=DIRECTION('',(-1.,0.,0.));
#1804=DIRECTION('',(0.,0.,-1.));
#1805=DIRECTION('center_axis',(0.866025403780548,0.500000000006738,0.));
#1806=DIRECTION('ref_axis',(0.500000000006738,-0.866025403780548,0.));
#1807=DIRECTION('',(0.500000000006738,-0.866025403780548,0.));
#1808=DIRECTION('',(-0.500000000006738,0.866025403780548,0.));
#1809=DIRECTION('',(0.,0.,-1.));
#1810=DIRECTION('center_axis',(0.866025403780548,-0.500000000006738,0.));
#1811=DIRECTION('ref_axis',(-0.500000000006738,-0.866025403780548,0.));
#1812=DIRECTION('',(-0.500000000006738,-0.866025403780548,0.));
#1813=DIRECTION('',(0.500000000006738,0.866025403780548,0.));
#1814=DIRECTION('',(0.,0.,-1.));
#1815=DIRECTION('center_axis',(0.,-1.,0.));
#1816=DIRECTION('ref_axis',(-1.,0.,0.));
#1817=DIRECTION('',(-1.,0.,0.));
#1818=DIRECTION('',(1.,0.,0.));
#1819=DIRECTION('',(0.,0.,-1.));
#1820=DIRECTION('center_axis',(-0.866025403780548,0.500000000006738,0.));
#1821=DIRECTION('ref_axis',(0.500000000006738,0.866025403780548,0.));
#1822=DIRECTION('',(0.500000000006738,0.866025403780548,0.));
#1823=DIRECTION('',(0.,0.,-1.));
#1824=DIRECTION('',(-0.500000000006738,-0.866025403780548,0.));
#1825=DIRECTION('center_axis',(-0.866025403780548,-0.500000000006738,0.));
#1826=DIRECTION('ref_axis',(-0.500000000006738,0.866025403780548,0.));
#1827=DIRECTION('',(-0.500000000006738,0.866025403780548,0.));
#1828=DIRECTION('',(0.500000000006738,-0.866025403780548,0.));
#1829=DIRECTION('center_axis',(0.,0.,-1.));
#1830=DIRECTION('ref_axis',(0.,1.,0.));
#1831=DIRECTION('center_axis',(0.,0.,-1.));
#1832=DIRECTION('ref_axis',(-1.,0.,0.));
#1833=DIRECTION('center_axis',(0.,0.,1.));
#1834=DIRECTION('ref_axis',(1.,0.,0.));
#1835=DIRECTION('center_axis',(0.,-1.,0.));
#1836=DIRECTION('ref_axis',(-0.9428090328372,0.,-0.333333358067542));
#1837=DIRECTION('',(0.,-1.,0.));
#1838=DIRECTION('center_axis',(0.,-1.,0.));
#1839=DIRECTION('ref_axis',(-0.9428090328372,0.,-0.333333358067542));
#1840=DIRECTION('',(0.,-1.,0.));
#1841=DIRECTION('center_axis',(0.,-1.,0.));
#1842=DIRECTION('ref_axis',(-0.9428090328372,0.,-0.333333358067542));
#1843=DIRECTION('',(0.,-1.,0.));
#1844=DIRECTION('center_axis',(0.,-1.,0.));
#1845=DIRECTION('ref_axis',(0.9428090328372,0.,0.333333358067542));
#1846=DIRECTION('',(0.,-1.,0.));
#1847=DIRECTION('center_axis',(0.,1.,0.));
#1848=DIRECTION('ref_axis',(0.9428090328372,0.,0.333333358067542));
#1849=DIRECTION('center_axis',(0.,0.,1.));
#1850=DIRECTION('ref_axis',(-1.,0.,0.));
#1851=DIRECTION('',(0.,-1.,0.));
#1852=DIRECTION('',(1.,0.,0.));
#1853=DIRECTION('center_axis',(0.,-1.,0.));
#1854=DIRECTION('ref_axis',(-0.21562382817383,0.,-0.9764765049522));
#1855=DIRECTION('',(0.,-1.,0.));
#1856=DIRECTION('center_axis',(0.,-1.,0.));
#1857=DIRECTION('ref_axis',(-0.21562382817383,0.,-0.9764765049522));
#1858=DIRECTION('center_axis',(0.,0.,1.));
#1859=DIRECTION('ref_axis',(-1.,0.,0.));
#1860=DIRECTION('',(0.,-1.,0.));
#1861=DIRECTION('',(1.,0.,0.));
#1862=DIRECTION('center_axis',(0.,-1.,0.));
#1863=DIRECTION('ref_axis',(-3.44833230647415E-8,0.,0.999999999999999));
#1864=DIRECTION('',(0.,-1.,0.));
#1865=DIRECTION('center_axis',(0.,1.,0.));
#1866=DIRECTION('ref_axis',(-3.44833230647415E-8,0.,0.999999999999999));
#1867=DIRECTION('center_axis',(0.,-1.,0.));
#1868=DIRECTION('ref_axis',(-0.909796550033396,0.,-0.415054499490526));
#1869=DIRECTION('',(0.,-1.,0.));
#1870=DIRECTION('center_axis',(0.,1.,0.));
#1871=DIRECTION('ref_axis',(-0.909796550033396,0.,-0.415054499490526));
#1872=DIRECTION('',(0.,-1.,0.));
#1873=DIRECTION('center_axis',(0.,-1.,0.));
#1874=DIRECTION('ref_axis',(-0.909796550033396,0.,-0.415054499490526));
#1875=DIRECTION('',(0.,-1.,0.));
#1876=DIRECTION('center_axis',(0.,-1.,0.));
#1877=DIRECTION('ref_axis',(-0.600987897720506,0.,-0.799258122757277));
#1878=DIRECTION('',(0.,-1.,0.));
#1879=DIRECTION('center_axis',(0.,1.,0.));
#1880=DIRECTION('ref_axis',(-0.600987897720506,0.,-0.799258122757277));
#1881=DIRECTION('center_axis',(0.,-1.,0.));
#1882=DIRECTION('ref_axis',(2.56568610348672E-8,0.,1.));
#1883=DIRECTION('center_axis',(0.,1.,0.));
#1884=DIRECTION('ref_axis',(2.56568610348672E-8,0.,1.));
#1885=DIRECTION('',(0.,-1.,0.));
#1886=DIRECTION('center_axis',(0.,-1.,0.));
#1887=DIRECTION('ref_axis',(2.56568610348672E-8,0.,1.));
#1888=DIRECTION('center_axis',(0.,0.,1.));
#1889=DIRECTION('ref_axis',(-1.,0.,0.));
#1890=DIRECTION('',(1.,0.,0.));
#1891=DIRECTION('',(0.,-1.,0.));
#1892=DIRECTION('',(-1.,0.,0.));
#1893=DIRECTION('center_axis',(0.,-1.,0.));
#1894=DIRECTION('ref_axis',(3.44833230647414E-8,0.,-0.999999999999999));
#1895=DIRECTION('',(0.,-1.,0.));
#1896=DIRECTION('center_axis',(0.,-1.,0.));
#1897=DIRECTION('ref_axis',(3.44833230647414E-8,0.,-0.999999999999999));
#1898=DIRECTION('center_axis',(0.,-1.,0.));
#1899=DIRECTION('ref_axis',(3.44833230647414E-8,0.,-0.999999999999999));
#1900=DIRECTION('center_axis',(0.,-1.,0.));
#1901=DIRECTION('ref_axis',(-3.44833230647415E-8,0.,0.999999999999999));
#1902=DIRECTION('',(0.,-1.,0.));
#1903=DIRECTION('center_axis',(0.,-1.,0.));
#1904=DIRECTION('ref_axis',(-3.44833230647415E-8,0.,0.999999999999999));
#1905=DIRECTION('center_axis',(0.,0.,1.));
#1906=DIRECTION('ref_axis',(-1.,0.,0.));
#1907=DIRECTION('',(0.,-1.,0.));
#1908=DIRECTION('',(-1.,0.,0.));
#1909=DIRECTION('center_axis',(0.,-1.,0.));
#1910=DIRECTION('ref_axis',(-0.21562382817383,0.,-0.9764765049522));
#1911=DIRECTION('',(0.,-1.,0.));
#1912=DIRECTION('center_axis',(0.,-1.,0.));
#1913=DIRECTION('ref_axis',(-0.21562382817383,0.,-0.9764765049522));
#1914=DIRECTION('center_axis',(0.,0.,1.));
#1915=DIRECTION('ref_axis',(-1.,0.,0.));
#1916=DIRECTION('',(0.,-1.,0.));
#1917=DIRECTION('',(-1.,0.,0.));
#1918=DIRECTION('center_axis',(0.,-1.,0.));
#1919=DIRECTION('ref_axis',(0.9428090328372,0.,0.333333358067542));
#1920=DIRECTION('center_axis',(0.,-1.,0.));
#1921=DIRECTION('ref_axis',(0.9428090328372,0.,0.333333358067542));
#1922=DIRECTION('center_axis',(0.,0.,1.));
#1923=DIRECTION('ref_axis',(-1.,0.,0.));
#1924=DIRECTION('',(1.,0.,0.));
#1925=DIRECTION('',(0.,-1.,0.));
#1926=DIRECTION('',(-1.,0.,0.));
#1927=DIRECTION('center_axis',(0.,-1.,0.));
#1928=DIRECTION('ref_axis',(0.909796553634309,0.,-0.41505449159735));
#1929=DIRECTION('center_axis',(0.,1.,0.));
#1930=DIRECTION('ref_axis',(0.909796553634309,0.,-0.41505449159735));
#1931=DIRECTION('',(0.,-1.,0.));
#1932=DIRECTION('center_axis',(0.,-1.,0.));
#1933=DIRECTION('ref_axis',(0.909796553634309,0.,-0.41505449159735));
#1934=DIRECTION('center_axis',(0.,-1.,0.));
#1935=DIRECTION('ref_axis',(0.600987892451904,0.,-0.799258126718908));
#1936=DIRECTION('',(0.,-1.,0.));
#1937=DIRECTION('center_axis',(0.,-1.,0.));
#1938=DIRECTION('ref_axis',(0.600987892451904,0.,-0.799258126718908));
#1939=DIRECTION('center_axis',(0.,1.,0.));
#1940=DIRECTION('ref_axis',(0.600987892451904,0.,-0.799258126718908));
#1941=DIRECTION('center_axis',(0.,-1.,0.));
#1942=DIRECTION('ref_axis',(-0.600987897720506,0.,-0.799258122757277));
#1943=DIRECTION('center_axis',(0.,-1.,0.));
#1944=DIRECTION('ref_axis',(-0.600987897720506,0.,-0.799258122757277));
#1945=DIRECTION('center_axis',(0.,-1.,0.));
#1946=DIRECTION('ref_axis',(1.,0.,0.));
#1947=DIRECTION('center_axis',(0.,-1.,0.));
#1948=DIRECTION('ref_axis',(1.,0.,0.));
#1949=DIRECTION('',(0.,0.,1.));
#1950=DIRECTION('',(1.,0.,0.));
#1951=DIRECTION('',(-2.77555756156289E-17,4.99600361081319E-16,1.));
#1952=DIRECTION('',(1.,-8.32667268468863E-17,2.7755575615629E-17));
#1953=DIRECTION('',(-1.7340422379839E-32,-1.71244085227934E-16,-1.));
#1954=DIRECTION('',(1.,-8.32667268468864E-17,-3.08148791101962E-33));
#1955=DIRECTION('',(-2.71158271814253E-16,-1.,1.2490009027033E-16));
#1956=DIRECTION('',(3.84619739405495E-17,1.2490009027033E-16,1.));
#1957=CARTESIAN_POINT('',(0.,0.,0.));
#1958=CARTESIAN_POINT('',(0.,0.,0.));
#1959=CARTESIAN_POINT('',(0.,0.,0.));
#1960=CARTESIAN_POINT('Origin',(0.,-10.,-2.35));
#1961=CARTESIAN_POINT('',(-3.49024337756996E-16,-7.15,-0.9));
#1962=CARTESIAN_POINT('Origin',(0.,-10.,-0.9));
#1963=CARTESIAN_POINT('',(7.04171909509728E-16,-4.25,-3.8));
#1964=CARTESIAN_POINT('',(5.26598123633362E-16,-5.7,-2.35));
#1965=CARTESIAN_POINT('',(3.70168880392115,-5.60000000012218,-3.8));
#1966=CARTESIAN_POINT('Origin',(0.,-10.,-3.8));
#1967=CARTESIAN_POINT('',(-3.70168880392114,-5.60000000012217,-3.8));
#1968=CARTESIAN_POINT('Origin',(0.,-10.,-3.8));
#1969=CARTESIAN_POINT('Origin',(0.,-10.,-3.8));
#1970=CARTESIAN_POINT('Origin',(0.,-10.,-0.45));
#1971=CARTESIAN_POINT('',(-3.49024337756996E-16,-7.15,0.));
#1972=CARTESIAN_POINT('Origin',(0.,-10.,0.));
#1973=CARTESIAN_POINT('',(3.49024337756996E-16,-7.15,-0.45));
#1974=CARTESIAN_POINT('Origin',(0.,-2.35,-10.));
#1975=CARTESIAN_POINT('',(2.85,-0.9,-10.));
#1976=CARTESIAN_POINT('Origin',(0.,-0.9,-10.));
#1977=CARTESIAN_POINT('',(5.75,-3.8,-10.));
#1978=CARTESIAN_POINT('',(4.3,-2.35,-10.));
#1979=CARTESIAN_POINT('',(3.70168880377592,-3.8,-5.6));
#1980=CARTESIAN_POINT('Origin',(0.,-3.8,-10.));
#1981=CARTESIAN_POINT('',(-3.70168880377592,-3.8,-5.6));
#1982=CARTESIAN_POINT('Origin',(0.,-3.8,-10.));
#1983=CARTESIAN_POINT('Origin',(0.,-3.8,-10.));
#1984=CARTESIAN_POINT('Origin',(0.,-0.45,-10.));
#1985=CARTESIAN_POINT('',(2.85,0.,-10.));
#1986=CARTESIAN_POINT('Origin',(0.,0.,-10.));
#1987=CARTESIAN_POINT('',(2.85,-0.45,-10.));
#1988=CARTESIAN_POINT('Origin',(0.,-10.,-6.3));
#1989=CARTESIAN_POINT('',(-0.939110529429887,-4.32720779390679,-4.32720779389982));
#1990=CARTESIAN_POINT('Ctrl Pts',(-0.939110529428912,-4.32720779390645,
-4.32720779389355));
#1991=CARTESIAN_POINT('Ctrl Pts',(-1.26876659660165,-4.38178118078981,-4.27263440701075));
#1992=CARTESIAN_POINT('Ctrl Pts',(-1.59555468720354,-4.46560117543502,-4.19587136107302));
#1993=CARTESIAN_POINT('Ctrl Pts',(-2.52992929531611,-4.79512232909802,-3.96837348230304));
#1994=CARTESIAN_POINT('Ctrl Pts',(-3.11025730274956,-5.12197104425129,-3.81908002688521));
#1995=CARTESIAN_POINT('Ctrl Pts',(-3.63811891145968,-5.54711155042631,-3.80059918787473));
#1996=CARTESIAN_POINT('Ctrl Pts',(-3.66983091347971,-5.57319818276606,-3.8));
#1997=CARTESIAN_POINT('Ctrl Pts',(-3.70168880392114,-5.60000000012217,-3.8));
#1998=CARTESIAN_POINT('',(0.939110529429886,-4.32720779390679,-4.32720779389982));
#1999=CARTESIAN_POINT('Origin',(0.,-10.,-10.));
#2000=CARTESIAN_POINT('Ctrl Pts',(3.70168880392115,-5.60000000012218,-3.8));
#2001=CARTESIAN_POINT('Ctrl Pts',(3.66983091347971,-5.57319818276607,-3.8));
#2002=CARTESIAN_POINT('Ctrl Pts',(3.63811891145969,-5.5471115504263,-3.80059918787473));
#2003=CARTESIAN_POINT('Ctrl Pts',(3.11025730274956,-5.12197104425129,-3.81908002688521));
#2004=CARTESIAN_POINT('Ctrl Pts',(2.52992929531611,-4.79512232909802,-3.96837348230304));
#2005=CARTESIAN_POINT('Ctrl Pts',(1.59555468720354,-4.46560117543502,-4.19587136107302));
#2006=CARTESIAN_POINT('Ctrl Pts',(1.26876659660165,-4.38178118078981,-4.27263440701075));
#2007=CARTESIAN_POINT('Ctrl Pts',(0.939110529428912,-4.32720779390645,-4.32720779389355));
#2008=CARTESIAN_POINT('Origin',(0.,-6.3,-10.));
#2009=CARTESIAN_POINT('Ctrl Pts',(0.939110529426718,-4.32720779389392,-4.32720779390608));
#2010=CARTESIAN_POINT('Ctrl Pts',(1.2687665966002,-4.27263440701109,-4.38178118078944));
#2011=CARTESIAN_POINT('Ctrl Pts',(1.59555468720284,-4.19587136107319,-4.46560117543477));
#2012=CARTESIAN_POINT('Ctrl Pts',(2.52992929531611,-3.96837348230304,-4.79512232909802));
#2013=CARTESIAN_POINT('Ctrl Pts',(3.11025730274956,-3.81908002688521,-5.12197104425129));
#2014=CARTESIAN_POINT('Ctrl Pts',(3.63811891141199,-3.8005991878764,-5.54711155038789));
#2015=CARTESIAN_POINT('Ctrl Pts',(3.66983091338334,-3.80000000000182,-5.57319818268679));
#2016=CARTESIAN_POINT('Ctrl Pts',(3.70168880377592,-3.8,-5.6));
#2017=CARTESIAN_POINT('Ctrl Pts',(-3.70168880377592,-3.8,-5.6));
#2018=CARTESIAN_POINT('Ctrl Pts',(-3.66983091338334,-3.80000000000182,-5.57319818268679));
#2019=CARTESIAN_POINT('Ctrl Pts',(-3.63811891141199,-3.8005991878764,-5.54711155038789));
#2020=CARTESIAN_POINT('Ctrl Pts',(-3.11025730274956,-3.81908002688521,-5.12197104425129));
#2021=CARTESIAN_POINT('Ctrl Pts',(-2.52992929531611,-3.96837348230304,-4.79512232909802));
#2022=CARTESIAN_POINT('Ctrl Pts',(-1.59555468720284,-4.19587136107319,-4.46560117543477));
#2023=CARTESIAN_POINT('Ctrl Pts',(-1.2687665966002,-4.27263440701109,-4.38178118078944));
#2024=CARTESIAN_POINT('Ctrl Pts',(-0.939110529426719,-4.32720779389392,
-4.32720779390609));
#2025=CARTESIAN_POINT('Origin',(-9.65,-5.60000000012218,-5.60000000012218));
#2026=CARTESIAN_POINT('',(-9.65,-5.6,-3.8));
#2027=CARTESIAN_POINT('',(-9.65,-5.6,-3.8));
#2028=CARTESIAN_POINT('',(-9.65,-3.8,-5.6));
#2029=CARTESIAN_POINT('Origin',(-9.65,-5.60000000012218,-5.60000000012218));
#2030=CARTESIAN_POINT('',(-9.65,-3.8,-5.6));
#2031=CARTESIAN_POINT('Origin',(-9.65,-5.60000000012218,-5.60000000012218));
#2032=CARTESIAN_POINT('',(9.65,-3.8,-5.6));
#2033=CARTESIAN_POINT('',(-9.65,-3.8,-5.6));
#2034=CARTESIAN_POINT('',(9.65,-5.6,-3.8));
#2035=CARTESIAN_POINT('Origin',(9.65,-5.60000000012218,-5.60000000012218));
#2036=CARTESIAN_POINT('',(-9.65,-5.6,-3.8));
#2037=CARTESIAN_POINT('Origin',(-10.,-5.59999999983297,-5.59999999983296));
#2038=CARTESIAN_POINT('',(9.65,-3.45,-5.6));
#2039=CARTESIAN_POINT('',(9.65,-5.6,-3.45));
#2040=CARTESIAN_POINT('Origin',(9.65,-5.59999999983297,-5.59999999983296));
#2041=CARTESIAN_POINT('',(10.,-3.45,-5.6));
#2042=CARTESIAN_POINT('',(-10.,-3.45,-5.6));
#2043=CARTESIAN_POINT('',(10.,-5.6,-3.45));
#2044=CARTESIAN_POINT('Origin',(10.,-5.59999999983297,-5.59999999983296));
#2045=CARTESIAN_POINT('',(-10.,-5.6,-3.45));
#2046=CARTESIAN_POINT('Origin',(-10.,-5.59999999983297,-5.59999999983296));
#2047=CARTESIAN_POINT('',(-9.65,-5.6,-3.45));
#2048=CARTESIAN_POINT('',(-9.65,-3.45,-5.6));
#2049=CARTESIAN_POINT('Origin',(-9.65,-5.59999999983297,-5.59999999983296));
#2050=CARTESIAN_POINT('',(-10.,-5.6,-3.45));
#2051=CARTESIAN_POINT('',(-10.,-5.6,-3.45));
#2052=CARTESIAN_POINT('',(-10.,-3.45,-5.6));
#2053=CARTESIAN_POINT('Origin',(-10.,-5.59999999983297,-5.59999999983296));
#2054=CARTESIAN_POINT('',(-10.,-3.45,-5.6));
#2055=CARTESIAN_POINT('Origin',(-10.,-3.45,-12.2));
#2056=CARTESIAN_POINT('',(9.65,-3.45,-18.8));
#2057=CARTESIAN_POINT('',(9.65,-3.45,-9.4402628697876));
#2058=CARTESIAN_POINT('',(10.,-3.45,-18.8));
#2059=CARTESIAN_POINT('',(-10.,-3.45,-18.8));
#2060=CARTESIAN_POINT('',(10.,-3.45,-18.8));
#2061=CARTESIAN_POINT('Origin',(-10.,-12.2,-3.45));
#2062=CARTESIAN_POINT('',(-9.65,-18.8,-3.45));
#2063=CARTESIAN_POINT('',(-9.65,-9.4402628697876,-3.45));
#2064=CARTESIAN_POINT('',(-10.,-18.8,-3.45));
#2065=CARTESIAN_POINT('',(-10.,-18.8,-3.45));
#2066=CARTESIAN_POINT('',(-10.,-5.6,-3.45));
#2067=CARTESIAN_POINT('Origin',(-10.,-2.59999999997075,-18.7999999999708));
#2068=CARTESIAN_POINT('',(9.65,-2.6,-19.65));
#2069=CARTESIAN_POINT('Origin',(9.65,-2.59999999997075,-18.7999999999708));
#2070=CARTESIAN_POINT('',(10.,-2.6,-19.65));
#2071=CARTESIAN_POINT('',(-10.,-2.6,-19.65));
#2072=CARTESIAN_POINT('Origin',(10.,-2.59999999997075,-18.7999999999708));
#2073=CARTESIAN_POINT('Origin',(-10.,-18.7999999999708,-2.59999999997076));
#2074=CARTESIAN_POINT('',(-9.65,-19.65,-2.6));
#2075=CARTESIAN_POINT('Origin',(-9.65,-18.7999999999708,-2.59999999997076));
#2076=CARTESIAN_POINT('',(-10.,-19.65,-2.6));
#2077=CARTESIAN_POINT('',(-10.,-19.65,-2.6));
#2078=CARTESIAN_POINT('Origin',(-10.,-18.7999999999708,-2.59999999997076));
#2079=CARTESIAN_POINT('Origin',(-10.,-1.3,-19.65));
#2080=CARTESIAN_POINT('',(9.65,0.,-19.65));
#2081=CARTESIAN_POINT('',(9.65,-3.9902628697876,-19.65));
#2082=CARTESIAN_POINT('',(10.,0.,-19.65));
#2083=CARTESIAN_POINT('',(-10.,0.,-19.65));
#2084=CARTESIAN_POINT('',(10.,0.,-19.65));
#2085=CARTESIAN_POINT('Origin',(-10.,-19.65,-1.3));
#2086=CARTESIAN_POINT('',(-9.65,-19.65,0.));
#2087=CARTESIAN_POINT('',(-9.65,-19.65,-3.9902628697876));
#2088=CARTESIAN_POINT('',(-10.,-19.65,0.));
#2089=CARTESIAN_POINT('',(-10.,-19.65,0.));
#2090=CARTESIAN_POINT('',(-10.,-19.65,-2.6));
#2091=CARTESIAN_POINT('Origin',(-10.,-1.3,-19.65));
#2092=CARTESIAN_POINT('',(-9.65,-2.6,-19.65));
#2093=CARTESIAN_POINT('',(-9.65,0.,-19.65));
#2094=CARTESIAN_POINT('',(-9.65,-3.9902628697876,-19.65));
#2095=CARTESIAN_POINT('',(-10.,-2.6,-19.65));
#2096=CARTESIAN_POINT('',(-10.,-2.6,-19.65));
#2097=CARTESIAN_POINT('',(-10.,0.,-19.65));
#2098=CARTESIAN_POINT('',(-10.,0.,-19.65));
#2099=CARTESIAN_POINT('',(-10.,0.,-19.65));
#2100=CARTESIAN_POINT('Origin',(-10.,-2.59999999997075,-18.7999999999708));
#2101=CARTESIAN_POINT('',(-9.65,-3.45,-18.8));
#2102=CARTESIAN_POINT('Origin',(-9.65,-2.59999999997075,-18.7999999999708));
#2103=CARTESIAN_POINT('',(-10.,-3.45,-18.8));
#2104=CARTESIAN_POINT('',(-10.,-3.45,-18.8));
#2105=CARTESIAN_POINT('Origin',(-10.,-2.59999999997075,-18.7999999999708));
#2106=CARTESIAN_POINT('Origin',(-10.,-3.45,-12.2));
#2107=CARTESIAN_POINT('',(-9.65,-3.45,-9.4402628697876));
#2108=CARTESIAN_POINT('',(-10.,-3.45,-18.8));
#2109=CARTESIAN_POINT('Origin',(-10.,-12.2,-3.45));
#2110=CARTESIAN_POINT('',(9.65,-18.8,-3.45));
#2111=CARTESIAN_POINT('',(9.65,-9.4402628697876,-3.45));
#2112=CARTESIAN_POINT('',(10.,-18.8,-3.45));
#2113=CARTESIAN_POINT('',(10.,-5.6,-3.45));
#2114=CARTESIAN_POINT('',(-10.,-18.8,-3.45));
#2115=CARTESIAN_POINT('Origin',(-10.,-18.7999999999708,-2.59999999997076));
#2116=CARTESIAN_POINT('',(9.65,-19.65,-2.6));
#2117=CARTESIAN_POINT('Origin',(9.65,-18.7999999999708,-2.59999999997076));
#2118=CARTESIAN_POINT('',(10.,-19.65,-2.6));
#2119=CARTESIAN_POINT('Origin',(10.,-18.7999999999708,-2.59999999997076));
#2120=CARTESIAN_POINT('',(-10.,-19.65,-2.6));
#2121=CARTESIAN_POINT('Origin',(-10.,-19.65,-1.3));
#2122=CARTESIAN_POINT('',(9.65,-19.65,0.));
#2123=CARTESIAN_POINT('',(9.65,-19.65,-3.99026286978759));
#2124=CARTESIAN_POINT('',(10.,-19.65,0.));
#2125=CARTESIAN_POINT('',(10.,-19.65,-2.6));
#2126=CARTESIAN_POINT('',(-10.,-19.65,0.));
#2127=CARTESIAN_POINT('Origin',(10.,-6.47826672657593,-6.47826672657593));
#2128=CARTESIAN_POINT('',(10.,0.,0.));
#2129=CARTESIAN_POINT('',(10.,0.,0.));
#2130=CARTESIAN_POINT('',(10.,-19.65,0.));
#2131=CARTESIAN_POINT('Origin',(-10.,-6.47826672657593,-6.47826672657593));
#2132=CARTESIAN_POINT('',(-10.,0.,0.));
#2133=CARTESIAN_POINT('',(-10.,0.,0.));
#2134=CARTESIAN_POINT('',(-10.,-19.65,0.));
#2135=CARTESIAN_POINT('Origin',(-9.65,0.,-10.));
#2136=CARTESIAN_POINT('',(-9.65,0.,-20.));
#2137=CARTESIAN_POINT('',(-9.65,0.,-20.));
#2138=CARTESIAN_POINT('',(-9.65,0.,0.));
#2139=CARTESIAN_POINT('',(9.65,0.,-20.));
#2140=CARTESIAN_POINT('',(9.65,0.,-20.));
#2141=CARTESIAN_POINT('',(-9.65,0.,-20.));
#2142=CARTESIAN_POINT('Origin',(-9.65,-10.,0.));
#2143=CARTESIAN_POINT('',(9.65,-20.,0.));
#2144=CARTESIAN_POINT('',(9.65,0.,0.));
#2145=CARTESIAN_POINT('',(-9.65,-20.,0.));
#2146=CARTESIAN_POINT('',(-9.65,0.,0.));
#2147=CARTESIAN_POINT('',(-9.65,-20.,0.));
#2148=CARTESIAN_POINT('Origin',(-9.65,-1.3,-20.));
#2149=CARTESIAN_POINT('',(9.65,-2.6,-20.));
#2150=CARTESIAN_POINT('',(9.65,-2.6,-20.));
#2151=CARTESIAN_POINT('',(-9.65,-2.6,-20.));
#2152=CARTESIAN_POINT('',(-9.65,-2.6,-20.));
#2153=CARTESIAN_POINT('',(-9.65,-2.6,-20.));
#2154=CARTESIAN_POINT('Origin',(-9.65,-2.59999999991855,-18.7999999999185));
#2155=CARTESIAN_POINT('',(9.65,-3.8,-18.8));
#2156=CARTESIAN_POINT('Origin',(9.65,-2.59999999991855,-18.7999999999185));
#2157=CARTESIAN_POINT('',(-9.65,-3.8,-18.8));
#2158=CARTESIAN_POINT('',(-9.65,-3.8,-18.8));
#2159=CARTESIAN_POINT('Origin',(-9.65,-2.59999999991855,-18.7999999999185));
#2160=CARTESIAN_POINT('Origin',(-9.65,-3.8,-12.2));
#2161=CARTESIAN_POINT('',(-9.65,-3.8,-5.6));
#2162=CARTESIAN_POINT('',(9.65,-3.8,-5.6));
#2163=CARTESIAN_POINT('Origin',(-9.65,-12.2,-3.8));
#2164=CARTESIAN_POINT('',(9.65,-18.8,-3.8));
#2165=CARTESIAN_POINT('',(9.65,-18.8,-3.8));
#2166=CARTESIAN_POINT('',(-9.65,-18.8,-3.8));
#2167=CARTESIAN_POINT('',(-9.65,-18.8,-3.8));
#2168=CARTESIAN_POINT('',(-9.65,-18.8,-3.8));
#2169=CARTESIAN_POINT('Origin',(-9.65,-18.7999999999185,-2.59999999991854));
#2170=CARTESIAN_POINT('',(9.65,-20.,-2.6));
#2171=CARTESIAN_POINT('Origin',(9.65,-18.7999999999185,-2.59999999991854));
#2172=CARTESIAN_POINT('',(-9.65,-20.,-2.6));
#2173=CARTESIAN_POINT('',(-9.65,-20.,-2.6));
#2174=CARTESIAN_POINT('Origin',(-9.65,-18.7999999999185,-2.59999999991854));
#2175=CARTESIAN_POINT('Origin',(-9.65,-20.,-1.3));
#2176=CARTESIAN_POINT('',(9.65,-20.,0.));
#2177=CARTESIAN_POINT('',(-9.65,-20.,0.));
#2178=CARTESIAN_POINT('Origin',(-9.65,-6.68052573957519,-6.68052573957519));
#2179=CARTESIAN_POINT('Origin',(9.65,-6.68052573957519,-6.68052573957519));
#2180=CARTESIAN_POINT('',(0.,0.,0.));
#2181=CARTESIAN_POINT('',(0.,0.,0.));
#2182=CARTESIAN_POINT('',(0.,0.,0.));
#2183=CARTESIAN_POINT('Origin',(0.,0.,-3.6));
#2184=CARTESIAN_POINT('',(-1.48531244,2.01093186249093,-5.29814531));
#2185=CARTESIAN_POINT('',(-2.5,-1.01039145614115E-16,-4.39019345836463));
#2186=CARTESIAN_POINT('Ctrl Pts',(-1.48531244,2.01093186249093,-5.29814531));
#2187=CARTESIAN_POINT('Ctrl Pts',(-1.61179037749033,1.91751285737992,-5.20304248206138));
#2188=CARTESIAN_POINT('Ctrl Pts',(-1.72767604785956,1.81333171345945,-5.1099694959631));
#2189=CARTESIAN_POINT('Ctrl Pts',(-2.02151268473415,1.49725277231606,-4.86248534089791));
#2190=CARTESIAN_POINT('Ctrl Pts',(-2.19513847914275,1.23763610943522,-4.6991738283422));
#2191=CARTESIAN_POINT('Ctrl Pts',(-2.43447278225813,0.650934664543019,-4.46147771373788));
#2192=CARTESIAN_POINT('Ctrl Pts',(-2.5,0.322524712397475,-4.39019345836463));
#2193=CARTESIAN_POINT('Ctrl Pts',(-2.5,0.,-4.39019345836463));
#2194=CARTESIAN_POINT('',(1.51962703,1.98512812928873,-5.29814531));
#2195=CARTESIAN_POINT('Ctrl Pts',(1.51962703,1.98512812928873,-5.29814531));
#2196=CARTESIAN_POINT('Ctrl Pts',(1.39572803697144,2.07997352290241,-5.39130894916709));
#2197=CARTESIAN_POINT('Ctrl Pts',(1.25752978762794,2.16710505907558,-5.47692323925105));
#2198=CARTESIAN_POINT('Ctrl Pts',(0.963017679499856,2.31275976256411,-5.61978728087234));
#2199=CARTESIAN_POINT('Ctrl Pts',(0.806979100909454,2.37211499807524,-5.67786067758068));
#2200=CARTESIAN_POINT('Ctrl Pts',(0.482806154911072,2.45866692557522,-5.76195268631545));
#2201=CARTESIAN_POINT('Ctrl Pts',(0.314657411264011,2.48583647520036,-5.78794380953922));
#2202=CARTESIAN_POINT('Ctrl Pts',(-0.0141492847656774,2.5051306704938,-5.80497108459009));
#2203=CARTESIAN_POINT('Ctrl Pts',(-0.178760004511221,2.49895414669904,-5.79767806299507));
#2204=CARTESIAN_POINT('Ctrl Pts',(-0.502676864877139,2.45439257981206,-5.7508267460554));
#2205=CARTESIAN_POINT('Ctrl Pts',(-0.661990345669902,2.41603399274719,-5.71129404307041));
#2206=CARTESIAN_POINT('Ctrl Pts',(-1.06578793762464,2.27719844463074,-5.56916920626157));
#2207=CARTESIAN_POINT('Ctrl Pts',(-1.29542670729689,2.15118506859066,-5.44092650177653));
#2208=CARTESIAN_POINT('Ctrl Pts',(-1.48531244,2.01093186249093,-5.29814531));
#2209=CARTESIAN_POINT('',(1.51962703,-1.98512812928873,-5.29814531));
#2210=CARTESIAN_POINT('Ctrl Pts',(1.51962703,1.98512812928873,-5.29814531));
#2211=CARTESIAN_POINT('Ctrl Pts',(1.63234098389999,1.89884494762531,-5.21339206278266));
#2212=CARTESIAN_POINT('Ctrl Pts',(1.73620483623636,1.80401181429549,-5.13058973131625));
#2213=CARTESIAN_POINT('Ctrl Pts',(2.02083991010966,1.49827063768337,-4.89366070331617));
#2214=CARTESIAN_POINT('Ctrl Pts',(2.19484073817259,1.23825361637572,-4.73191151802394));
#2215=CARTESIAN_POINT('Ctrl Pts',(2.43451787021658,0.65093638861263,-4.49673779019296));
#2216=CARTESIAN_POINT('Ctrl Pts',(2.5,0.322331331586332,-4.4263859444338));
#2217=CARTESIAN_POINT('Ctrl Pts',(2.5,-0.322331331586332,-4.4263859444338));
#2218=CARTESIAN_POINT('Ctrl Pts',(2.43451787021658,-0.650936388612631,-4.49673779019296));
#2219=CARTESIAN_POINT('Ctrl Pts',(2.19484073817259,-1.23825361637572,-4.73191151802394));
#2220=CARTESIAN_POINT('Ctrl Pts',(2.02083991010966,-1.49827063768337,-4.89366070331617));
#2221=CARTESIAN_POINT('Ctrl Pts',(1.73620483623636,-1.8040118142955,-5.13058973131626));
#2222=CARTESIAN_POINT('Ctrl Pts',(1.63234098389999,-1.89884494762531,-5.21339206278266));
#2223=CARTESIAN_POINT('Ctrl Pts',(1.51962703,-1.98512812928873,-5.29814531));
#2224=CARTESIAN_POINT('',(-1.48531244,-2.01093186249093,-5.29814531));
#2225=CARTESIAN_POINT('Ctrl Pts',(-1.48531244,-2.01093186249093,-5.29814531));
#2226=CARTESIAN_POINT('Ctrl Pts',(-1.29542670729689,-2.15118506859066,-5.44092650177653));
#2227=CARTESIAN_POINT('Ctrl Pts',(-1.06578793762464,-2.27719844463074,-5.56916920626157));
#2228=CARTESIAN_POINT('Ctrl Pts',(-0.661990345669902,-2.41603399274719,
-5.71129404307041));
#2229=CARTESIAN_POINT('Ctrl Pts',(-0.502676864877139,-2.45439257981206,
-5.7508267460554));
#2230=CARTESIAN_POINT('Ctrl Pts',(-0.178760004511221,-2.49895414669904,
-5.79767806299507));
#2231=CARTESIAN_POINT('Ctrl Pts',(-0.0141492847656772,-2.5051306704938,
-5.80497108459009));
#2232=CARTESIAN_POINT('Ctrl Pts',(0.314657411264011,-2.48583647520036,-5.78794380953922));
#2233=CARTESIAN_POINT('Ctrl Pts',(0.482806154911073,-2.45866692557521,-5.76195268631545));
#2234=CARTESIAN_POINT('Ctrl Pts',(0.806979100909455,-2.37211499807524,-5.67786067758068));
#2235=CARTESIAN_POINT('Ctrl Pts',(0.963017679499856,-2.31275976256411,-5.61978728087234));
#2236=CARTESIAN_POINT('Ctrl Pts',(1.25752978762794,-2.16710505907558,-5.47692323925105));
#2237=CARTESIAN_POINT('Ctrl Pts',(1.39572803697144,-2.07997352290242,-5.39130894916709));
#2238=CARTESIAN_POINT('Ctrl Pts',(1.51962703,-1.98512812928873,-5.29814531));
#2239=CARTESIAN_POINT('Ctrl Pts',(-2.5,1.04083408558608E-16,-4.39019345836463));
#2240=CARTESIAN_POINT('Ctrl Pts',(-2.5,-0.322524712397475,-4.39019345836463));
#2241=CARTESIAN_POINT('Ctrl Pts',(-2.43447278225813,-0.650934664543019,
-4.46147771373788));
#2242=CARTESIAN_POINT('Ctrl Pts',(-2.19513847914275,-1.23763610943522,-4.6991738283422));
#2243=CARTESIAN_POINT('Ctrl Pts',(-2.02151268473415,-1.49725277231606,-4.86248534089791));
#2244=CARTESIAN_POINT('Ctrl Pts',(-1.72767604785956,-1.81333171345945,-5.1099694959631));
#2245=CARTESIAN_POINT('Ctrl Pts',(-1.61179037749033,-1.91751285737992,-5.20304248206138));
#2246=CARTESIAN_POINT('Ctrl Pts',(-1.48531244,-2.01093186249093,-5.29814531));
#2247=CARTESIAN_POINT('',(-2.5,0.,-3.50925));
#2248=CARTESIAN_POINT('',(-2.5,-3.06161699786838E-16,-3.6));
#2249=CARTESIAN_POINT('',(2.5,3.06161699786838E-16,-3.50925));
#2250=CARTESIAN_POINT('Origin',(0.,0.,-3.50925));
#2251=CARTESIAN_POINT('Origin',(0.,0.,-3.50925));
#2252=CARTESIAN_POINT('Origin',(0.,0.,2.6));
#2253=CARTESIAN_POINT('',(5.,6.12323399573676E-16,3.7));
#2254=CARTESIAN_POINT('Origin',(0.,0.,3.7));
#2255=CARTESIAN_POINT('',(5.,6.12323399573677E-16,4.));
#2256=CARTESIAN_POINT('',(5.,-6.12323399573677E-16,2.6));
#2257=CARTESIAN_POINT('Origin',(0.,0.,4.));
#2258=CARTESIAN_POINT('Origin',(0.,0.,2.45));
#2259=CARTESIAN_POINT('',(2.5,3.06161699786838E-16,1.2));
#2260=CARTESIAN_POINT('',(3.75,4.59242549680257E-16,2.45));
#2261=CARTESIAN_POINT('Origin',(0.,0.,1.2));
#2262=CARTESIAN_POINT('Origin',(0.,0.,-3.754625));
#2263=CARTESIAN_POINT('',(2.00925,2.46062158118682E-16,-4.));
#2264=CARTESIAN_POINT('',(2.254625,2.7611192895276E-16,-3.754625));
#2265=CARTESIAN_POINT('Origin',(0.,0.,-4.));
#2266=CARTESIAN_POINT('Origin',(0.,0.,0.));
#2267=CARTESIAN_POINT('',(2.45000001,0.497493669306454,-1.6));
#2268=CARTESIAN_POINT('',(2.5,-3.06161699786838E-16,-1.68916730703153));
#2269=CARTESIAN_POINT('Ctrl Pts',(2.45000001,0.497493669306448,-1.59999999999999));
#2270=CARTESIAN_POINT('Ctrl Pts',(2.45050249697247,0.495019078847241,-1.60142124766412));
#2271=CARTESIAN_POINT('Ctrl Pts',(2.45099538315888,0.492572418312221,-1.6027812224017));
#2272=CARTESIAN_POINT('Ctrl Pts',(2.45901560573326,0.45246186574608,-1.62446408617888));
#2273=CARTESIAN_POINT('Ctrl Pts',(2.46757869045506,0.403535277832012,-1.6406494417797));
#2274=CARTESIAN_POINT('Ctrl Pts',(2.48980031969717,0.251571273055265,-1.67875336135805));
#2275=CARTESIAN_POINT('Ctrl Pts',(2.5,0.114702415698446,-1.68916729472271));
#2276=CARTESIAN_POINT('Ctrl Pts',(2.5,0.,-1.68916729472271));
#2277=CARTESIAN_POINT('',(2.1671573,1.24636641364276,-1.4));
#2278=CARTESIAN_POINT('Ctrl Pts',(2.167157289655,1.24636643163044,-1.4));
#2279=CARTESIAN_POINT('Ctrl Pts',(2.27214066532982,1.06382341179138,-1.40000000362017));
#2280=CARTESIAN_POINT('Ctrl Pts',(2.36446170900832,0.835508335826047,-1.45660068866521));
#2281=CARTESIAN_POINT('Ctrl Pts',(2.42783693925228,0.598310575134767,-1.54984863879559));
#2282=CARTESIAN_POINT('Ctrl Pts',(2.44034900118197,0.545021855411104,-1.57270282715663));
#2283=CARTESIAN_POINT('Ctrl Pts',(2.45000001,0.497493669306456,-1.6));
#2284=CARTESIAN_POINT('',(2.13467589994255,1.30121435674698,-1.39999999927353));
#2285=CARTESIAN_POINT('Origin',(0.,0.,-1.4));
#2286=CARTESIAN_POINT('',(-2.13467588999999,1.30121437305801,-1.4));
#2287=CARTESIAN_POINT('Ctrl Pts',(-2.13467588999999,1.30121437305801,-1.4));
#2288=CARTESIAN_POINT('Ctrl Pts',(-2.02914222654322,1.47434508205494,-1.42330375836014));
#2289=CARTESIAN_POINT('Ctrl Pts',(-1.90357915603205,1.63195474990069,-1.44912872766237));
#2290=CARTESIAN_POINT('Ctrl Pts',(-1.54658827557183,1.9889456303609,-1.51391505391243));
#2291=CARTESIAN_POINT('Ctrl Pts',(-1.26637934855248,2.18113278827698,-1.55642109581415));
#2292=CARTESIAN_POINT('Ctrl Pts',(-0.650818846150049,2.43669690566252,-1.61630609904525));
#2293=CARTESIAN_POINT('Ctrl Pts',(-0.315358804859484,2.5,-1.6328826));
#2294=CARTESIAN_POINT('Ctrl Pts',(0.315358804859484,2.5,-1.6328826));
#2295=CARTESIAN_POINT('Ctrl Pts',(0.650818846150049,2.43669690566252,-1.61630609904525));
#2296=CARTESIAN_POINT('Ctrl Pts',(1.26637934855248,2.18113278827698,-1.55642109581414));
#2297=CARTESIAN_POINT('Ctrl Pts',(1.54658827557183,1.9889456303609,-1.51391505391243));
#2298=CARTESIAN_POINT('Ctrl Pts',(1.90357916025892,1.63195474567382,-1.44912872689528));
#2299=CARTESIAN_POINT('Ctrl Pts',(2.02914223433522,1.47434507222262,-1.42330375675236));
#2300=CARTESIAN_POINT('Ctrl Pts',(2.13467589985582,1.30121435688927,-1.39999999782365));
#2301=CARTESIAN_POINT('',(-2.16715729,1.24636643103056,-1.4));
#2302=CARTESIAN_POINT('Origin',(0.,0.,-1.4));
#2303=CARTESIAN_POINT('',(-2.45,0.497493718553311,-1.6));
#2304=CARTESIAN_POINT('Ctrl Pts',(-2.45,0.497493718553317,-1.60000000000001));
#2305=CARTESIAN_POINT('Ctrl Pts',(-2.44034899086215,0.545021901334177,-1.57270282625205));
#2306=CARTESIAN_POINT('Ctrl Pts',(-2.4278369285137,0.598310618536541,-1.54984863747585));
#2307=CARTESIAN_POINT('Ctrl Pts',(-2.36446169678177,0.835508368600787,-1.45660068633191));
#2308=CARTESIAN_POINT('Ctrl Pts',(-2.27214065485312,1.06382343690285,-1.40000000000001));
#2309=CARTESIAN_POINT('Ctrl Pts',(-2.167157279655,1.24636644901824,-1.40000000000001));
#2310=CARTESIAN_POINT('',(-2.45,-0.497493718553311,-1.6));
#2311=CARTESIAN_POINT('Ctrl Pts',(-2.45,0.497493718553305,-1.59999999999999));
#2312=CARTESIAN_POINT('Ctrl Pts',(-2.45050248792372,0.495019123664565,-1.60142125035465));
#2313=CARTESIAN_POINT('Ctrl Pts',(-2.45099537503581,0.492572458753085,-1.60278122758116));
#2314=CARTESIAN_POINT('Ctrl Pts',(-2.45901559959438,0.452461899348426,-1.62446409496051));
#2315=CARTESIAN_POINT('Ctrl Pts',(-2.46757868557661,0.403535307983847,-1.64064945152193));
#2316=CARTESIAN_POINT('Ctrl Pts',(-2.48980031816234,0.251571292008261,-1.67875337334357));
#2317=CARTESIAN_POINT('Ctrl Pts',(-2.5,0.114702424349928,-1.68916730703153));
#2318=CARTESIAN_POINT('Ctrl Pts',(-2.5,-0.114702424349928,-1.68916730703153));
#2319=CARTESIAN_POINT('Ctrl Pts',(-2.48980031816234,-0.251571292008261,
-1.67875337334357));
#2320=CARTESIAN_POINT('Ctrl Pts',(-2.46757868557661,-0.403535307983847,
-1.64064945152193));
#2321=CARTESIAN_POINT('Ctrl Pts',(-2.45901559959438,-0.452461899348426,
-1.62446409496051));
#2322=CARTESIAN_POINT('Ctrl Pts',(-2.45099537503581,-0.492572458753085,
-1.60278122758116));
#2323=CARTESIAN_POINT('Ctrl Pts',(-2.45050248792372,-0.495019123664565,
-1.60142125035465));
#2324=CARTESIAN_POINT('Ctrl Pts',(-2.45,-0.497493718553305,-1.59999999999999));
#2325=CARTESIAN_POINT('',(-2.16715729,-1.24636643103056,-1.4));
#2326=CARTESIAN_POINT('Ctrl Pts',(-2.167157279655,-1.24636644901824,-1.40000000000001));
#2327=CARTESIAN_POINT('Ctrl Pts',(-2.27214065333799,-1.06382343603148,-1.40000000362018));
#2328=CARTESIAN_POINT('Ctrl Pts',(-2.36446169678177,-0.835508368600787,
-1.45660068633191));
#2329=CARTESIAN_POINT('Ctrl Pts',(-2.4278369285137,-0.598310618536541,-1.54984863747584));
#2330=CARTESIAN_POINT('Ctrl Pts',(-2.44034899086215,-0.545021901334177,
-1.57270282625205));
#2331=CARTESIAN_POINT('Ctrl Pts',(-2.45,-0.497493718553317,-1.60000000000001));
#2332=CARTESIAN_POINT('',(-2.13467588999999,-1.30121437305801,-1.4));
#2333=CARTESIAN_POINT('Origin',(0.,0.,-1.4));
#2334=CARTESIAN_POINT('',(2.13467589994255,-1.30121435674698,-1.39999999927353));
#2335=CARTESIAN_POINT('Ctrl Pts',(2.13467589985582,-1.30121435688927,-1.39999999782365));
#2336=CARTESIAN_POINT('Ctrl Pts',(2.02914223433522,-1.47434507222262,-1.42330375675236));
#2337=CARTESIAN_POINT('Ctrl Pts',(1.90357916025892,-1.63195474567382,-1.44912872689528));
#2338=CARTESIAN_POINT('Ctrl Pts',(1.54658827557183,-1.9889456303609,-1.51391505391243));
#2339=CARTESIAN_POINT('Ctrl Pts',(1.26637934855249,-2.18113278827698,-1.55642109581414));
#2340=CARTESIAN_POINT('Ctrl Pts',(0.65081884615005,-2.43669690566252,-1.61630609904525));
#2341=CARTESIAN_POINT('Ctrl Pts',(0.315358804859484,-2.5,-1.6328826));
#2342=CARTESIAN_POINT('Ctrl Pts',(-0.315358804859484,-2.5,-1.6328826));
#2343=CARTESIAN_POINT('Ctrl Pts',(-0.650818846150049,-2.43669690566252,
-1.61630609904525));
#2344=CARTESIAN_POINT('Ctrl Pts',(-1.26637934855249,-2.18113278827698,-1.55642109581415));
#2345=CARTESIAN_POINT('Ctrl Pts',(-1.54658827557183,-1.9889456303609,-1.51391505391243));
#2346=CARTESIAN_POINT('Ctrl Pts',(-1.90357915603205,-1.63195474990069,-1.44912872766237));
#2347=CARTESIAN_POINT('Ctrl Pts',(-2.02914222654322,-1.47434508205494,-1.42330375836014));
#2348=CARTESIAN_POINT('Ctrl Pts',(-2.13467588999999,-1.30121437305801,-1.4));
#2349=CARTESIAN_POINT('',(2.1671573,-1.24636641364276,-1.4));
#2350=CARTESIAN_POINT('Origin',(0.,0.,-1.4));
#2351=CARTESIAN_POINT('',(2.45000001,-0.497493669306454,-1.6));
#2352=CARTESIAN_POINT('Ctrl Pts',(2.45000001,-0.497493669306456,-1.6));
#2353=CARTESIAN_POINT('Ctrl Pts',(2.44034900118197,-0.545021855411104,-1.57270282715663));
#2354=CARTESIAN_POINT('Ctrl Pts',(2.42783693925228,-0.598310575134767,-1.54984863879559));
#2355=CARTESIAN_POINT('Ctrl Pts',(2.36446170900832,-0.835508335826047,-1.45660068866521));
#2356=CARTESIAN_POINT('Ctrl Pts',(2.27214066684495,-1.06382341266276,-1.4));
#2357=CARTESIAN_POINT('Ctrl Pts',(2.167157289655,-1.24636643163044,-1.4));
#2358=CARTESIAN_POINT('Ctrl Pts',(2.5,-5.20417042793042E-17,-1.68916729472271));
#2359=CARTESIAN_POINT('Ctrl Pts',(2.5,-0.114702415698445,-1.68916729472271));
#2360=CARTESIAN_POINT('Ctrl Pts',(2.48980031969717,-0.251571273055265,-1.67875336135805));
#2361=CARTESIAN_POINT('Ctrl Pts',(2.46757869045506,-0.403535277832012,-1.6406494417797));
#2362=CARTESIAN_POINT('Ctrl Pts',(2.45901560573326,-0.452461865746081,-1.62446408617888));
#2363=CARTESIAN_POINT('Ctrl Pts',(2.45099538315888,-0.492572418312221,-1.6027812224017));
#2364=CARTESIAN_POINT('Ctrl Pts',(2.45050249697247,-0.495019078847241,-1.60142124766412));
#2365=CARTESIAN_POINT('Ctrl Pts',(2.45000001,-0.497493669306448,-1.59999999999999));
#2366=CARTESIAN_POINT('',(2.5,-3.06161699786838E-16,0.));
#2367=CARTESIAN_POINT('Origin',(-0.4330127019,1.5,5.));
#2368=CARTESIAN_POINT('',(-0.8660254038,1.5,4.));
#2369=CARTESIAN_POINT('',(0.8660254038,1.5,4.));
#2370=CARTESIAN_POINT('',(-0.21650635095,1.5,4.));
#2371=CARTESIAN_POINT('',(-0.8660254038,1.5,1.7));
#2372=CARTESIAN_POINT('',(-0.8660254038,1.5,5.));
#2373=CARTESIAN_POINT('',(0.8660254038,1.5,1.7));
#2374=CARTESIAN_POINT('',(0.,1.5,1.7));
#2375=CARTESIAN_POINT('',(0.8660254038,1.5,5.));
#2376=CARTESIAN_POINT('Origin',(1.2990381057,0.75,5.));
#2377=CARTESIAN_POINT('',(1.7320508076,0.,4.));
#2378=CARTESIAN_POINT('',(1.29903810569416,0.750000000010107,4.));
#2379=CARTESIAN_POINT('',(1.7320508076,0.,1.7));
#2380=CARTESIAN_POINT('',(0.8660254038,1.5,1.7));
#2381=CARTESIAN_POINT('',(1.7320508076,0.,5.));
#2382=CARTESIAN_POINT('Origin',(1.2990381057,-0.75,5.));
#2383=CARTESIAN_POINT('',(0.8660254038,-1.5,4.));
#2384=CARTESIAN_POINT('',(1.29903810569416,-0.750000000010107,4.));
#2385=CARTESIAN_POINT('',(0.8660254038,-1.5,1.7));
#2386=CARTESIAN_POINT('',(1.7320508076,0.,1.7));
#2387=CARTESIAN_POINT('',(0.8660254038,-1.5,5.));
#2388=CARTESIAN_POINT('Origin',(0.,-1.5,5.));
#2389=CARTESIAN_POINT('',(-0.8660254038,-1.5,4.));
#2390=CARTESIAN_POINT('',(0.,-1.5,4.));
#2391=CARTESIAN_POINT('',(-0.8660254038,-1.5,1.7));
#2392=CARTESIAN_POINT('',(0.8660254038,-1.5,1.7));
#2393=CARTESIAN_POINT('',(-0.8660254038,-1.5,5.));
#2394=CARTESIAN_POINT('Origin',(-1.2990381057,0.75,5.));
#2395=CARTESIAN_POINT('',(-1.7320508076,0.,4.));
#2396=CARTESIAN_POINT('',(-1.29903810569416,0.750000000010107,4.));
#2397=CARTESIAN_POINT('',(-1.7320508076,0.,1.7));
#2398=CARTESIAN_POINT('',(-1.7320508076,0.,5.));
#2399=CARTESIAN_POINT('',(-1.7320508076,0.,1.7));
#2400=CARTESIAN_POINT('Origin',(-1.2990381057,-0.75,5.));
#2401=CARTESIAN_POINT('',(-1.29903810569416,-0.750000000010107,4.));
#2402=CARTESIAN_POINT('',(-0.8660254038,-1.5,1.7));
#2403=CARTESIAN_POINT('Origin',(-3.36431219586403E-18,0.,1.7));
#2404=CARTESIAN_POINT('Origin',(0.,0.,-4.));
#2405=CARTESIAN_POINT('Origin',(0.,0.,4.));
#2406=CARTESIAN_POINT('Origin',(2.732842730345,3.,-1.4999999888696));
#2407=CARTESIAN_POINT('',(2.45000001,-8.5,-1.6));
#2408=CARTESIAN_POINT('',(2.45000001,3.,-1.6));
#2409=CARTESIAN_POINT('',(2.73284272,-8.5,-1.8));
#2410=CARTESIAN_POINT('Origin',(2.732842730345,-8.5,-1.4999999888696));
#2411=CARTESIAN_POINT('',(2.73284272,3.,-1.8));
#2412=CARTESIAN_POINT('',(2.73284272,3.,-1.8));
#2413=CARTESIAN_POINT('',(2.45000001,3.,-1.6));
#2414=CARTESIAN_POINT('Origin',(2.732842730345,3.,-1.4999999888696));
#2415=CARTESIAN_POINT('',(2.45000001,3.,-1.6));
#2416=CARTESIAN_POINT('Origin',(2.167157289655,3.,-1.70000001113039));
#2417=CARTESIAN_POINT('',(2.1671573,-8.5,-1.4));
#2418=CARTESIAN_POINT('',(2.1671573,3.,-1.4));
#2419=CARTESIAN_POINT('Origin',(2.167157289655,-8.5,-1.70000001113039));
#2420=CARTESIAN_POINT('Origin',(2.1509166,3.,-1.4));
#2421=CARTESIAN_POINT('',(2.13467589979336,-8.5,-1.39999999929816));
#2422=CARTESIAN_POINT('',(2.1346759,3.,-1.4));
#2423=CARTESIAN_POINT('',(2.1671573,-8.5,-1.4));
#2424=CARTESIAN_POINT('Origin',(-1.19904086659517E-14,3.,8.26711735862729));
#2425=CARTESIAN_POINT('',(-2.13467588999999,-8.5,-1.4));
#2426=CARTESIAN_POINT('',(-2.13467588999999,3.,-1.4));
#2427=CARTESIAN_POINT('Origin',(-1.19904086659517E-14,-8.5,8.26711735862729));
#2428=CARTESIAN_POINT('Origin',(-2.15091659,3.,-1.4));
#2429=CARTESIAN_POINT('',(-2.16715729,-8.5,-1.4));
#2430=CARTESIAN_POINT('',(-2.16715729,3.,-1.4));
#2431=CARTESIAN_POINT('',(-2.13467589,-8.5,-1.4));
#2432=CARTESIAN_POINT('Origin',(-2.167157279655,3.,-1.7000000111304));
#2433=CARTESIAN_POINT('',(-2.45,-8.5,-1.6));
#2434=CARTESIAN_POINT('',(-2.45,3.,-1.6));
#2435=CARTESIAN_POINT('Origin',(-2.167157279655,-8.5,-1.7000000111304));
#2436=CARTESIAN_POINT('Origin',(3.32259052209867,3.,1.09591955095652));
#2437=CARTESIAN_POINT('',(-1.48531244,-8.5,-5.29814531));
#2438=CARTESIAN_POINT('',(-1.48531244,3.,-5.29814531));
#2439=CARTESIAN_POINT('',(-3.95578167,-8.5,-2.22451635));
#2440=CARTESIAN_POINT('Origin',(3.32259052209867,-8.5,1.09591955095652));
#2441=CARTESIAN_POINT('',(-3.95578167,3.,-2.22451635));
#2442=CARTESIAN_POINT('',(-3.95578167,3.,-2.22451635));
#2443=CARTESIAN_POINT('',(-1.48531244,3.,-5.29814531));
#2444=CARTESIAN_POINT('Origin',(3.32259052209867,3.,1.09591955095652));
#2445=CARTESIAN_POINT('',(-1.48531244,3.,-5.29814531));
#2446=CARTESIAN_POINT('Origin',(0.0171572949999999,3.,-3.30000001547663));
#2447=CARTESIAN_POINT('',(1.51962703,-8.5,-5.29814531));
#2448=CARTESIAN_POINT('',(1.51962703,3.,-5.29814531));
#2449=CARTESIAN_POINT('Origin',(0.0171572949999999,-8.5,-3.30000001547663));
#2450=CARTESIAN_POINT('Origin',(-3.68284271769706,3.,-2.09999999187493));
#2451=CARTESIAN_POINT('',(-3.68284271,-8.5,-1.8));
#2452=CARTESIAN_POINT('Origin',(-3.68284271769706,-8.5,-2.09999999187493));
#2453=CARTESIAN_POINT('',(-3.68284271,3.,-1.8));
#2454=CARTESIAN_POINT('',(-3.68284271,3.,-1.8));
#2455=CARTESIAN_POINT('Origin',(-3.68284271769706,3.,-2.09999999187493));
#2456=CARTESIAN_POINT('Origin',(-3.20784271,3.,-1.8));
#2457=CARTESIAN_POINT('',(-2.73284271,-8.5,-1.8));
#2458=CARTESIAN_POINT('',(-2.73284271,-8.5,-1.8));
#2459=CARTESIAN_POINT('',(-2.73284271,3.,-1.8));
#2460=CARTESIAN_POINT('',(-2.73284271,3.,-1.8));
#2461=CARTESIAN_POINT('',(-2.73284271,3.,-1.8));
#2462=CARTESIAN_POINT('Origin',(-2.732842720345,3.,-1.4999999888696));
#2463=CARTESIAN_POINT('',(-2.45,3.,-1.6));
#2464=CARTESIAN_POINT('',(-2.45,3.,-1.6));
#2465=CARTESIAN_POINT('Origin',(-2.732842720345,3.,-1.4999999888696));
#2466=CARTESIAN_POINT('Origin',(-2.732842720345,-8.5,-1.4999999888696));
#2467=CARTESIAN_POINT('Origin',(-2.167157279655,3.,-1.7000000111304));
#2468=CARTESIAN_POINT('',(-2.16715729,3.,-1.4));
#2469=CARTESIAN_POINT('',(-2.16715729,3.,-1.4));
#2470=CARTESIAN_POINT('Origin',(-2.167157279655,3.,-1.7000000111304));
#2471=CARTESIAN_POINT('Origin',(-2.15091659,3.,-1.4));
#2472=CARTESIAN_POINT('',(-2.13467588999999,3.,-1.4));
#2473=CARTESIAN_POINT('',(-2.13467588999999,3.,-1.4));
#2474=CARTESIAN_POINT('',(-2.13467589,3.,-1.4));
#2475=CARTESIAN_POINT('Origin',(-1.19904086659517E-14,3.,8.26711735862729));
#2476=CARTESIAN_POINT('',(2.13467589979336,3.,-1.39999999929816));
#2477=CARTESIAN_POINT('',(2.1346759,3.,-1.4));
#2478=CARTESIAN_POINT('Origin',(-1.19904086659517E-14,3.,8.26711735862729));
#2479=CARTESIAN_POINT('Origin',(2.1509166,3.,-1.4));
#2480=CARTESIAN_POINT('',(2.1671573,3.,-1.4));
#2481=CARTESIAN_POINT('',(2.1671573,3.,-1.4));
#2482=CARTESIAN_POINT('',(2.1671573,3.,-1.4));
#2483=CARTESIAN_POINT('Origin',(2.167157289655,3.,-1.70000001113039));
#2484=CARTESIAN_POINT('Origin',(2.167157289655,3.,-1.70000001113039));
#2485=CARTESIAN_POINT('Origin',(3.22500001,3.,-1.8));
#2486=CARTESIAN_POINT('',(3.7171573,-8.5,-1.8));
#2487=CARTESIAN_POINT('',(3.7171573,-8.5,-1.8));
#2488=CARTESIAN_POINT('',(3.7171573,3.,-1.8));
#2489=CARTESIAN_POINT('',(3.7171573,3.,-1.8));
#2490=CARTESIAN_POINT('',(3.7171573,3.,-1.8));
#2491=CARTESIAN_POINT('Origin',(3.71715729228898,3.,-2.10000000178141));
#2492=CARTESIAN_POINT('',(3.99009625999999,-8.5,-2.22451635));
#2493=CARTESIAN_POINT('Origin',(3.71715729228898,-8.5,-2.10000000178141));
#2494=CARTESIAN_POINT('',(3.99009625999999,3.,-2.22451635));
#2495=CARTESIAN_POINT('',(3.99009625999999,3.,-2.22451635));
#2496=CARTESIAN_POINT('Origin',(3.71715729228898,3.,-2.10000000178141));
#2497=CARTESIAN_POINT('Origin',(-3.28827609039333,3.,1.09591967818791));
#2498=CARTESIAN_POINT('',(1.51962703,3.,-5.29814531));
#2499=CARTESIAN_POINT('',(1.51962703,3.,-5.29814531));
#2500=CARTESIAN_POINT('Origin',(-3.28827609039333,3.,1.09591967818791));
#2501=CARTESIAN_POINT('Origin',(-3.28827609039333,-8.5,1.09591967818791));
#2502=CARTESIAN_POINT('Origin',(0.0171572949999999,3.,-3.30000001547663));
#2503=CARTESIAN_POINT('Origin',(0.0171572949999999,3.,-3.30000001547663));
#2504=CARTESIAN_POINT('Origin',(0.0168344353297563,3.,-3.15682797489035));
#2505=CARTESIAN_POINT('Origin',(0.0168344353297562,-8.5,-3.15682797489035));
#2506=CARTESIAN_POINT('',(0.,0.,0.));
#2507=CARTESIAN_POINT('',(5.5391509823937,8.19681837710231,10.2918729396463));
#2508=CARTESIAN_POINT('',(5.5391509823937,-1.80318162289766,10.5918729396463));
#2509=CARTESIAN_POINT('',(5.5391509823937,8.49681837710231,0.291872939646326));
#2510=UNCERTAINTY_MEASURE_WITH_UNIT(LENGTH_MEASURE(0.01),#2522,
'DISTANCE_ACCURACY_VALUE',
'Maximum model space distance between geometric entities at asserted c
onnectivities');
#2511=UNCERTAINTY_MEASURE_WITH_UNIT(LENGTH_MEASURE(0.01),#2522,
'DISTANCE_ACCURACY_VALUE',
'Maximum model space distance between geometric entities at asserted c
onnectivities');
#2512=UNCERTAINTY_MEASURE_WITH_UNIT(LENGTH_MEASURE(0.01),#2522,
'DISTANCE_ACCURACY_VALUE',
'Maximum model space distance between geometric entities at asserted c
onnectivities');
#2513=UNCERTAINTY_MEASURE_WITH_UNIT(LENGTH_MEASURE(0.01),#2522,
'DISTANCE_ACCURACY_VALUE',
'Maximum model space distance between geometric entities at asserted c
onnectivities');
#2514=UNCERTAINTY_MEASURE_WITH_UNIT(LENGTH_MEASURE(0.01),#2522,
'DISTANCE_ACCURACY_VALUE',
'Maximum model space distance between geometric entities at asserted c
onnectivities');
#2515=UNCERTAINTY_MEASURE_WITH_UNIT(LENGTH_MEASURE(0.01),#2522,
'DISTANCE_ACCURACY_VALUE',
'Maximum model space distance between geometric entities at asserted c
onnectivities');
#2516=(
GEOMETRIC_REPRESENTATION_CONTEXT(3)
GLOBAL_UNCERTAINTY_ASSIGNED_CONTEXT((#2510))
GLOBAL_UNIT_ASSIGNED_CONTEXT((#2522,#2524,#2525))
REPRESENTATION_CONTEXT('','3D')
);
#2517=(
GEOMETRIC_REPRESENTATION_CONTEXT(3)
GLOBAL_UNCERTAINTY_ASSIGNED_CONTEXT((#2511))
GLOBAL_UNIT_ASSIGNED_CONTEXT((#2522,#2524,#2525))
REPRESENTATION_CONTEXT('','3D')
);
#2518=(
GEOMETRIC_REPRESENTATION_CONTEXT(3)
GLOBAL_UNCERTAINTY_ASSIGNED_CONTEXT((#2512))
GLOBAL_UNIT_ASSIGNED_CONTEXT((#2522,#2524,#2525))
REPRESENTATION_CONTEXT('','3D')
);
#2519=(
GEOMETRIC_REPRESENTATION_CONTEXT(3)
GLOBAL_UNCERTAINTY_ASSIGNED_CONTEXT((#2513))
GLOBAL_UNIT_ASSIGNED_CONTEXT((#2522,#2524,#2525))
REPRESENTATION_CONTEXT('','3D')
);
#2520=(
GEOMETRIC_REPRESENTATION_CONTEXT(3)
GLOBAL_UNCERTAINTY_ASSIGNED_CONTEXT((#2514))
GLOBAL_UNIT_ASSIGNED_CONTEXT((#2522,#2524,#2525))
REPRESENTATION_CONTEXT('','3D')
);
#2521=(
GEOMETRIC_REPRESENTATION_CONTEXT(3)
GLOBAL_UNCERTAINTY_ASSIGNED_CONTEXT((#2515))
GLOBAL_UNIT_ASSIGNED_CONTEXT((#2522,#2524,#2525))
REPRESENTATION_CONTEXT('','3D')
);
#2522=(
LENGTH_UNIT()
NAMED_UNIT(*)
SI_UNIT(.MILLI.,.METRE.)
);
#2523=(
LENGTH_UNIT()
NAMED_UNIT(*)
SI_UNIT(.CENTI.,.METRE.)
);
#2524=(
NAMED_UNIT(*)
PLANE_ANGLE_UNIT()
SI_UNIT($,.RADIAN.)
);
#2525=(
NAMED_UNIT(*)
SI_UNIT($,.STERADIAN.)
SOLID_ANGLE_UNIT()
);
#2526=SHAPE_DEFINITION_REPRESENTATION(#2531,#2541);
#2527=SHAPE_DEFINITION_REPRESENTATION(#2532,#2542);
#2528=SHAPE_DEFINITION_REPRESENTATION(#2533,#2543);
#2529=SHAPE_DEFINITION_REPRESENTATION(#2535,#2544);
#2530=SHAPE_DEFINITION_REPRESENTATION(#2536,#2545);
#2531=PRODUCT_DEFINITION_SHAPE('',$,#2547);
#2532=PRODUCT_DEFINITION_SHAPE('',$,#2548);
#2533=PRODUCT_DEFINITION_SHAPE('',$,#2549);
#2534=PRODUCT_DEFINITION_SHAPE($,$,#26);
#2535=PRODUCT_DEFINITION_SHAPE('',$,#2550);
#2536=PRODUCT_DEFINITION_SHAPE('',$,#2551);
#2537=PRODUCT_DEFINITION_SHAPE($,$,#27);
#2538=PRODUCT_DEFINITION_SHAPE($,$,#28);
#2539=PRODUCT_DEFINITION_SHAPE($,$,#29);
#2540=PRODUCT_DEFINITION_SHAPE($,$,#30);
#2541=SHAPE_REPRESENTATION('',(#1424,#1560,#1561,#1562),#2516);
#2542=SHAPE_REPRESENTATION('',(#1425,#1490),#2517);
#2543=SHAPE_REPRESENTATION('',(#1426),#2518);
#2544=SHAPE_REPRESENTATION('',(#1491,#1559),#2519);
#2545=SHAPE_REPRESENTATION('',(#1492),#2520);
#2546=PRODUCT_DEFINITION_CONTEXT('part definition',#2563,'design');
#2547=PRODUCT_DEFINITION('Baugruppe6','Baugruppe6',#2552,#2546);
#2548=PRODUCT_DEFINITION('item_67777_winkel-5-20-weissalumini__high',
'item_67777_winkel-5-20-weissalumini__high',#2553,#2546);
#2549=PRODUCT_DEFINITION('item_0067777_Winkel 5 20_1',
'item_0067777_Winkel 5 20_1',#2554,#2546);
#2550=PRODUCT_DEFINITION('item_68092_befestigungssatz-5-2-4mm_4_high',
'item_68092_befestigungssatz-5-2-4mm_4_high',#2555,#2546);
#2551=PRODUCT_DEFINITION(
'item_0068092_Befestigungssatz 5 2-4mm mit Senkschraube M5_TextAttribu
tFrage_Abstand=4_1',
'item_0068092_Befestigungssatz 5 2-4mm mit Senkschraube M5_TextAt',#2556,
#2546);
#2552=PRODUCT_DEFINITION_FORMATION('',$,#2565);
#2553=PRODUCT_DEFINITION_FORMATION(' NONE',$,#2566);
#2554=PRODUCT_DEFINITION_FORMATION(' NONE',$,#2567);
#2555=PRODUCT_DEFINITION_FORMATION(' NONE',$,#2568);
#2556=PRODUCT_DEFINITION_FORMATION(' NONE',$,#2569);
#2557=PRODUCT_RELATED_PRODUCT_CATEGORY('Baugruppe6','Baugruppe6',(#2565));
#2558=PRODUCT_RELATED_PRODUCT_CATEGORY(
'item_67777_winkel-5-20-weissalumini__high',
'item_67777_winkel-5-20-weissalumini__high',(#2566));
#2559=PRODUCT_RELATED_PRODUCT_CATEGORY('item_0067777_Winkel 5 20_1',
'item_0067777_Winkel 5 20_1',(#2567));
#2560=PRODUCT_RELATED_PRODUCT_CATEGORY(
'item_68092_befestigungssatz-5-2-4mm_4_high',
'item_68092_befestigungssatz-5-2-4mm_4_high',(#2568));
#2561=PRODUCT_RELATED_PRODUCT_CATEGORY(
'item_0068092_Befestigungssatz 5 2-4mm mit Senkschraube M5_TextAt',
'item_0068092_Befestigungssatz 5 2-4mm mit Senkschraube M5_TextAt',(#2569));
#2562=APPLICATION_PROTOCOL_DEFINITION('international standard',
'automotive_design',2009,#2563);
#2563=APPLICATION_CONTEXT(
'Core Data for Automotive Mechanical Design Process');
#2564=PRODUCT_CONTEXT('part definition',#2563,'mechanical');
#2565=PRODUCT('Baugruppe6','Baugruppe6',$,(#2564));
#2566=PRODUCT('item_67777_winkel-5-20-weissalumini__high',
'item_67777_winkel-5-20-weissalumini__high','STEP AP214',(#2564));
#2567=PRODUCT('item_0067777_Winkel 5 20_1','item_0067777_Winkel 5 20_1',
'PART-item_0067777_Winkel 5 20_1-DESC',(#2564));
#2568=PRODUCT('item_68092_befestigungssatz-5-2-4mm_4_high',
'item_68092_befestigungssatz-5-2-4mm_4_high','STEP AP214',(#2564));
#2569=PRODUCT(
'item_0068092_Befestigungssatz 5 2-4mm mit Senkschraube M5_TextAttribu
tFrage_Abstand=4_1',
'item_0068092_Befestigungssatz 5 2-4mm mit Senkschraube M5_TextAt',
'PART-item_0068092_Befestigungssatz 5 2-4mm mit Senkschraube M5_TextAt
tributFrage_Abstand=4_1-DESC',(#2564));
ENDSEC;
END-ISO-10303-21;
