ISO-10303-21;
HEADER;
FILE_DESCRIPTION(('STEP AP214'),'1');
FILE_NAME('cctmp_7DBEF3AA-76B0-456A-A5E9-DBB57116EA88_2024_10_07_10_25_56_0231_53816..stp','2024-10-07T08:25:56',('KiM GmbH'),('CADClick - www.CADClick.com'),'Spatial InterOp 3D',' ','unknown authorization');
FILE_SCHEMA(('AUTOMOTIVE_DESIGN'));
ENDSEC;
DATA;
#1=PRODUCT_DEFINITION_CONTEXT('',#16,'design');
#2=APPLICATION_PROTOCOL_DEFINITION('INTERNATIONAL STANDARD','automotive_design',1994,#16);
#3=PRODUCT_CATEGORY_RELATIONSHIP('NONE','NONE',#17,#18);
#4=SHAPE_DEFINITION_REPRESENTATION(#19,#20);
#5=PRODUCT_DEFINITION_CONTEXT('',#21,'design');
#6=APPLICATION_PROTOCOL_DEFINITION('INTERNATIONAL STANDARD','automotive_design',1994,#21);
#7=PRODUCT_CATEGORY_RELATIONSHIP('NONE','NONE',#22,#23);
#8=CONTEXT_DEPENDENT_SHAPE_REPRESENTATION(#24,#25);
#9=SHAPE_DEFINITION_REPRESENTATION(#26,#27);
#10=SHAPE_REPRESENTATION_RELATIONSHIP('NONE','NONE',#27,#28);
#11=MECHANICAL_DESIGN_GEOMETRIC_PRESENTATION_REPRESENTATION(' ',(#29,#30,#31,#32,#33,#34,#35,#36,#37,#38,#39,#40,#41,#42,#43,#44,#45,#46,#47,#48,#49,#50,#51,#52,#53,#54,#55,#56,#57,#58,#59,#60,#61,#62,#63,#64,#65,#66,#67,#68,#69,#70,#71,#72,#73,#74,#75,#76,#77,#78,#79,#80,#81,#82,#83,#84,#85,#86,#87,#88,#89,#90,#91,#92,#93,#94,#95,#96,#97,#98,#99,#100,#101,#102,#103,#104,#105,#106,#107,#108,#109,#110,#111,#112,#113,#114,#115,#116,#117,#118,#119,#120,#121,#122,#123,#124,#125,#126,#127,#128,#129,#130,#131,#132,#133,#134,#135,#136,#137,#138,#139,#140,#141,#142,#143,#144,#145,#146,#147,#148,#149,#150,#151,#152,#153,#154,#155,#156,#157,#158,#159,#160,#161,#162,#163,#164,#165,#166,#167,#168,#169,#170,#171,#172,#173,#174,#175,#176,#177,#178,#179,#180,#181,#182,#183,#184,#185,#186,#187),#12);
#12= (GEOMETRIC_REPRESENTATION_CONTEXT(3)GLOBAL_UNCERTAINTY_ASSIGNED_CONTEXT((#190))GLOBAL_UNIT_ASSIGNED_CONTEXT((#192,#193,#194))REPRESENTATION_CONTEXT('NONE','WORKSPACE'));
#16=APPLICATION_CONTEXT(' ');
#17=PRODUCT_CATEGORY('part','NONE');
#18=PRODUCT_RELATED_PRODUCT_CATEGORY('detail',' ',(#196));
#19=PRODUCT_DEFINITION_SHAPE('NONE','NONE',#197);
#20=SHAPE_REPRESENTATION('item_0042502_Winkelsatz 5 20x20',(#198,#199),#200);
#21=APPLICATION_CONTEXT(' ');
#22=PRODUCT_CATEGORY('part','NONE');
#23=PRODUCT_RELATED_PRODUCT_CATEGORY('detail',' ',(#201));
#24=(REPRESENTATION_RELATIONSHIP('','',#27,#20)REPRESENTATION_RELATIONSHIP_WITH_TRANSFORMATION(#204)SHAPE_REPRESENTATION_RELATIONSHIP());
#25=PRODUCT_DEFINITION_SHAPE('NAUO-PROD-DEF','NAUO-PROD-DEF',#206);
#26=PRODUCT_DEFINITION_SHAPE('NONE','NONE',#207);
#27=SHAPE_REPRESENTATION('item_0042502_Winkelsatz 5 20x20_1',(#198),#200);
#28=ADVANCED_BREP_SHAPE_REPRESENTATION('',(#208,#209),#12);
#29=STYLED_ITEM('',(#210),#211);
#30=STYLED_ITEM('',(#212),#213);
#31=STYLED_ITEM('',(#214),#215);
#32=STYLED_ITEM('',(#216),#217);
#33=STYLED_ITEM('',(#218),#219);
#34=STYLED_ITEM('',(#220),#221);
#35=STYLED_ITEM('',(#222),#223);
#36=STYLED_ITEM('',(#224),#225);
#37=STYLED_ITEM('',(#226),#227);
#38=STYLED_ITEM('',(#228),#229);
#39=STYLED_ITEM('',(#230),#231);
#40=STYLED_ITEM('',(#232),#233);
#41=STYLED_ITEM('',(#234),#235);
#42=STYLED_ITEM('',(#236),#237);
#43=STYLED_ITEM('',(#238),#239);
#44=STYLED_ITEM('',(#240),#241);
#45=STYLED_ITEM('',(#242),#243);
#46=STYLED_ITEM('',(#244),#245);
#47=STYLED_ITEM('',(#246),#247);
#48=STYLED_ITEM('',(#248),#249);
#49=STYLED_ITEM('',(#250),#251);
#50=STYLED_ITEM('',(#252),#253);
#51=STYLED_ITEM('',(#254),#255);
#52=STYLED_ITEM('',(#256),#257);
#53=STYLED_ITEM('',(#258),#259);
#54=STYLED_ITEM('',(#260),#261);
#55=STYLED_ITEM('',(#262),#263);
#56=STYLED_ITEM('',(#264),#265);
#57=STYLED_ITEM('',(#266),#267);
#58=STYLED_ITEM('',(#268),#269);
#59=STYLED_ITEM('',(#270),#271);
#60=STYLED_ITEM('',(#272),#273);
#61=STYLED_ITEM('',(#274),#275);
#62=STYLED_ITEM('',(#276),#277);
#63=STYLED_ITEM('',(#278),#279);
#64=STYLED_ITEM('',(#280),#281);
#65=STYLED_ITEM('',(#282),#283);
#66=STYLED_ITEM('',(#284),#285);
#67=STYLED_ITEM('',(#286),#287);
#68=STYLED_ITEM('',(#288),#289);
#69=STYLED_ITEM('',(#290),#291);
#70=STYLED_ITEM('',(#292),#293);
#71=STYLED_ITEM('',(#294),#295);
#72=STYLED_ITEM('',(#296),#297);
#73=STYLED_ITEM('',(#298),#299);
#74=STYLED_ITEM('',(#300),#301);
#75=STYLED_ITEM('',(#302),#303);
#76=STYLED_ITEM('',(#304),#305);
#77=STYLED_ITEM('',(#306),#307);
#78=STYLED_ITEM('',(#308),#309);
#79=STYLED_ITEM('',(#310),#311);
#80=STYLED_ITEM('',(#312),#313);
#81=STYLED_ITEM('',(#314),#315);
#82=STYLED_ITEM('',(#316),#317);
#83=STYLED_ITEM('',(#318),#319);
#84=STYLED_ITEM('',(#320),#321);
#85=STYLED_ITEM('',(#322),#323);
#86=STYLED_ITEM('',(#324),#325);
#87=STYLED_ITEM('',(#326),#327);
#88=STYLED_ITEM('',(#328),#329);
#89=STYLED_ITEM('',(#330),#331);
#90=STYLED_ITEM('',(#332),#333);
#91=STYLED_ITEM('',(#334),#335);
#92=STYLED_ITEM('',(#336),#337);
#93=STYLED_ITEM('',(#338),#339);
#94=STYLED_ITEM('',(#340),#341);
#95=STYLED_ITEM('',(#342),#343);
#96=STYLED_ITEM('',(#344),#345);
#97=STYLED_ITEM('',(#346),#347);
#98=STYLED_ITEM('',(#348),#349);
#99=STYLED_ITEM('',(#350),#351);
#100=STYLED_ITEM('',(#352),#353);
#101=STYLED_ITEM('',(#354),#355);
#102=STYLED_ITEM('',(#356),#357);
#103=STYLED_ITEM('',(#358),#359);
#104=STYLED_ITEM('',(#360),#361);
#105=STYLED_ITEM('',(#362),#363);
#106=STYLED_ITEM('',(#364),#365);
#107=STYLED_ITEM('',(#366),#367);
#108=STYLED_ITEM('',(#368),#369);
#109=STYLED_ITEM('',(#370),#371);
#110=STYLED_ITEM('',(#372),#373);
#111=STYLED_ITEM('',(#374),#375);
#112=STYLED_ITEM('',(#376),#377);
#113=STYLED_ITEM('',(#378),#379);
#114=STYLED_ITEM('',(#380),#381);
#115=STYLED_ITEM('',(#382),#383);
#116=STYLED_ITEM('',(#384),#385);
#117=STYLED_ITEM('',(#386),#387);
#118=STYLED_ITEM('',(#388),#389);
#119=STYLED_ITEM('',(#390),#391);
#120=STYLED_ITEM('',(#392),#393);
#121=STYLED_ITEM('',(#394),#395);
#122=STYLED_ITEM('',(#396),#397);
#123=STYLED_ITEM('',(#398),#399);
#124=STYLED_ITEM('',(#400),#401);
#125=STYLED_ITEM('',(#402),#403);
#126=STYLED_ITEM('',(#404),#405);
#127=STYLED_ITEM('',(#406),#407);
#128=STYLED_ITEM('',(#408),#409);
#129=STYLED_ITEM('',(#410),#411);
#130=STYLED_ITEM('',(#412),#413);
#131=STYLED_ITEM('',(#414),#415);
#132=STYLED_ITEM('',(#416),#417);
#133=STYLED_ITEM('',(#418),#419);
#134=STYLED_ITEM('',(#420),#421);
#135=STYLED_ITEM('',(#422),#423);
#136=STYLED_ITEM('',(#424),#425);
#137=STYLED_ITEM('',(#426),#427);
#138=STYLED_ITEM('',(#428),#429);
#139=STYLED_ITEM('',(#430),#431);
#140=STYLED_ITEM('',(#432),#433);
#141=STYLED_ITEM('',(#434),#435);
#142=STYLED_ITEM('',(#436),#437);
#143=STYLED_ITEM('',(#438),#439);
#144=STYLED_ITEM('',(#440),#441);
#145=STYLED_ITEM('',(#442),#443);
#146=STYLED_ITEM('',(#444),#445);
#147=STYLED_ITEM('',(#446),#447);
#148=STYLED_ITEM('',(#448),#449);
#149=STYLED_ITEM('',(#450),#451);
#150=STYLED_ITEM('',(#452),#453);
#151=STYLED_ITEM('',(#454),#455);
#152=STYLED_ITEM('',(#456),#457);
#153=STYLED_ITEM('',(#458),#459);
#154=STYLED_ITEM('',(#460),#461);
#155=STYLED_ITEM('',(#462),#463);
#156=STYLED_ITEM('',(#464),#465);
#157=STYLED_ITEM('',(#466),#467);
#158=STYLED_ITEM('',(#468),#469);
#159=STYLED_ITEM('',(#470),#471);
#160=STYLED_ITEM('',(#472),#473);
#161=STYLED_ITEM('',(#474),#475);
#162=STYLED_ITEM('',(#476),#477);
#163=STYLED_ITEM('',(#478),#479);
#164=STYLED_ITEM('',(#480),#481);
#165=STYLED_ITEM('',(#482),#483);
#166=STYLED_ITEM('',(#484),#485);
#167=STYLED_ITEM('',(#486),#487);
#168=STYLED_ITEM('',(#488),#489);
#169=STYLED_ITEM('',(#490),#491);
#170=STYLED_ITEM('',(#492),#493);
#171=STYLED_ITEM('',(#494),#495);
#172=STYLED_ITEM('',(#496),#497);
#173=STYLED_ITEM('',(#498),#499);
#174=STYLED_ITEM('',(#500),#501);
#175=STYLED_ITEM('',(#502),#503);
#176=STYLED_ITEM('',(#504),#505);
#177=STYLED_ITEM('',(#506),#507);
#178=STYLED_ITEM('',(#508),#509);
#179=STYLED_ITEM('',(#510),#511);
#180=STYLED_ITEM('',(#512),#513);
#181=STYLED_ITEM('',(#514),#515);
#182=STYLED_ITEM('',(#516),#517);
#183=STYLED_ITEM('',(#518),#519);
#184=STYLED_ITEM('',(#520),#521);
#185=STYLED_ITEM('',(#522),#523);
#186=STYLED_ITEM('',(#524),#208);
#187=STYLED_ITEM('',(#525),#209);
#190=UNCERTAINTY_MEASURE_WITH_UNIT(LENGTH_MEASURE(1.0E-06),#192,'','');
#192= (CONVERSION_BASED_UNIT('MILLIMETRE',#528)LENGTH_UNIT()NAMED_UNIT(#531));
#193= (NAMED_UNIT(#533)PLANE_ANGLE_UNIT()SI_UNIT($,.RADIAN.));
#194= (NAMED_UNIT(#533)SOLID_ANGLE_UNIT()SI_UNIT($,.STERADIAN.));
#196=PRODUCT('item_0042502_Winkelsatz 5 20x20','item_0042502_Winkelsatz 5 20x20','PART--DESC',(#539));
#197=PRODUCT_DEFINITION('item_0042502_Winkelsatz 5 20x20','item_0042502_Winkelsatz 5 20x20',#540,#1);
#198=AXIS2_PLACEMENT_3D('',#541,#542,#543);
#199=AXIS2_PLACEMENT_3D('',#544,#545,#546);
#200= (GEOMETRIC_REPRESENTATION_CONTEXT(3)GLOBAL_UNCERTAINTY_ASSIGNED_CONTEXT((#549))GLOBAL_UNIT_ASSIGNED_CONTEXT((#551,#552,#553))REPRESENTATION_CONTEXT('NONE','WORKSPACE'));
#201=PRODUCT('item_0042502_Winkelsatz 5 20x20_1','item_0042502_Winkelsatz 5 20x20_1','PART-item_0042502_Winkelsatz 5 20x20_1-DESC',(#555));
#204=ITEM_DEFINED_TRANSFORMATION('','',#198,#199);
#206=NEXT_ASSEMBLY_USAGE_OCCURRENCE('','','',#197,#207,$);
#207=PRODUCT_DEFINITION('item_0042502_Winkelsatz 5 20x20_1','item_0042502_Winkelsatz 5 20x20_1',#556,#5);
#208=MANIFOLD_SOLID_BREP('item_0042502_Winkelsatz 5 20x20',#557);
#209=MANIFOLD_SOLID_BREP('item_0042502_Winkelsatz 5 20x20',#558);
#210=PRESENTATION_STYLE_ASSIGNMENT((#559));
#211=ADVANCED_FACE('',(#560),#561,.F.);
#212=PRESENTATION_STYLE_ASSIGNMENT((#562));
#213=ADVANCED_FACE('',(#563),#564,.F.);
#214=PRESENTATION_STYLE_ASSIGNMENT((#565));
#215=ADVANCED_FACE('',(#566),#567,.F.);
#216=PRESENTATION_STYLE_ASSIGNMENT((#568));
#217=ADVANCED_FACE('',(#569),#570,.F.);
#218=PRESENTATION_STYLE_ASSIGNMENT((#571));
#219=ADVANCED_FACE('',(#572),#573,.T.);
#220=PRESENTATION_STYLE_ASSIGNMENT((#574));
#221=ADVANCED_FACE('',(#575),#576,.T.);
#222=PRESENTATION_STYLE_ASSIGNMENT((#577));
#223=ADVANCED_FACE('',(#578),#579,.T.);
#224=PRESENTATION_STYLE_ASSIGNMENT((#580));
#225=ADVANCED_FACE('',(#581),#582,.T.);
#226=PRESENTATION_STYLE_ASSIGNMENT((#583));
#227=ADVANCED_FACE('',(#584),#585,.T.);
#228=PRESENTATION_STYLE_ASSIGNMENT((#586));
#229=ADVANCED_FACE('',(#587),#588,.T.);
#230=PRESENTATION_STYLE_ASSIGNMENT((#589));
#231=ADVANCED_FACE('',(#590),#591,.T.);
#232=PRESENTATION_STYLE_ASSIGNMENT((#592));
#233=ADVANCED_FACE('',(#593),#594,.T.);
#234=PRESENTATION_STYLE_ASSIGNMENT((#595));
#235=ADVANCED_FACE('',(#596),#597,.T.);
#236=PRESENTATION_STYLE_ASSIGNMENT((#598));
#237=ADVANCED_FACE('',(#599),#600,.T.);
#238=PRESENTATION_STYLE_ASSIGNMENT((#601));
#239=ADVANCED_FACE('',(#602),#603,.T.);
#240=PRESENTATION_STYLE_ASSIGNMENT((#604));
#241=ADVANCED_FACE('',(#605),#606,.T.);
#242=PRESENTATION_STYLE_ASSIGNMENT((#607));
#243=ADVANCED_FACE('',(#608),#609,.F.);
#244=PRESENTATION_STYLE_ASSIGNMENT((#610));
#245=ADVANCED_FACE('',(#611),#612,.F.);
#246=PRESENTATION_STYLE_ASSIGNMENT((#613));
#247=ADVANCED_FACE('',(#614),#615,.F.);
#248=PRESENTATION_STYLE_ASSIGNMENT((#616));
#249=ADVANCED_FACE('',(#617),#618,.T.);
#250=PRESENTATION_STYLE_ASSIGNMENT((#619));
#251=ADVANCED_FACE('',(#620),#621,.T.);
#252=PRESENTATION_STYLE_ASSIGNMENT((#622));
#253=ADVANCED_FACE('',(#623),#624,.F.);
#254=PRESENTATION_STYLE_ASSIGNMENT((#625));
#255=ADVANCED_FACE('',(#626),#627,.T.);
#256=PRESENTATION_STYLE_ASSIGNMENT((#628));
#257=ADVANCED_FACE('',(#629),#630,.T.);
#258=PRESENTATION_STYLE_ASSIGNMENT((#631));
#259=ADVANCED_FACE('',(#632),#633,.T.);
#260=PRESENTATION_STYLE_ASSIGNMENT((#634));
#261=ADVANCED_FACE('',(#635),#636,.T.);
#262=PRESENTATION_STYLE_ASSIGNMENT((#637));
#263=ADVANCED_FACE('',(#638),#639,.T.);
#264=PRESENTATION_STYLE_ASSIGNMENT((#640));
#265=ADVANCED_FACE('',(#641),#642,.T.);
#266=PRESENTATION_STYLE_ASSIGNMENT((#643));
#267=ADVANCED_FACE('',(#644),#645,.F.);
#268=PRESENTATION_STYLE_ASSIGNMENT((#646));
#269=ADVANCED_FACE('',(#647),#648,.T.);
#270=PRESENTATION_STYLE_ASSIGNMENT((#649));
#271=ADVANCED_FACE('',(#650),#651,.T.);
#272=PRESENTATION_STYLE_ASSIGNMENT((#652));
#273=ADVANCED_FACE('',(#653),#654,.F.);
#274=PRESENTATION_STYLE_ASSIGNMENT((#655));
#275=ADVANCED_FACE('',(#656),#657,.T.);
#276=PRESENTATION_STYLE_ASSIGNMENT((#658));
#277=ADVANCED_FACE('',(#659),#660,.T.);
#278=PRESENTATION_STYLE_ASSIGNMENT((#661));
#279=ADVANCED_FACE('',(#662),#663,.T.);
#280=PRESENTATION_STYLE_ASSIGNMENT((#664));
#281=ADVANCED_FACE('',(#665),#666,.T.);
#282=PRESENTATION_STYLE_ASSIGNMENT((#667));
#283=ADVANCED_FACE('',(#668),#669,.T.);
#284=PRESENTATION_STYLE_ASSIGNMENT((#670));
#285=ADVANCED_FACE('',(#671),#672,.T.);
#286=PRESENTATION_STYLE_ASSIGNMENT((#673));
#287=ADVANCED_FACE('',(#674),#675,.F.);
#288=PRESENTATION_STYLE_ASSIGNMENT((#676));
#289=ADVANCED_FACE('',(#677),#678,.T.);
#290=PRESENTATION_STYLE_ASSIGNMENT((#679));
#291=ADVANCED_FACE('',(#680),#681,.T.);
#292=PRESENTATION_STYLE_ASSIGNMENT((#682));
#293=ADVANCED_FACE('',(#683),#684,.T.);
#294=PRESENTATION_STYLE_ASSIGNMENT((#685));
#295=ADVANCED_FACE('',(#686),#687,.T.);
#296=PRESENTATION_STYLE_ASSIGNMENT((#688));
#297=ADVANCED_FACE('',(#689),#690,.F.);
#298=PRESENTATION_STYLE_ASSIGNMENT((#691));
#299=ADVANCED_FACE('',(#692),#693,.F.);
#300=PRESENTATION_STYLE_ASSIGNMENT((#694));
#301=ADVANCED_FACE('',(#695),#696,.F.);
#302=PRESENTATION_STYLE_ASSIGNMENT((#697));
#303=ADVANCED_FACE('',(#698),#699,.T.);
#304=PRESENTATION_STYLE_ASSIGNMENT((#700));
#305=ADVANCED_FACE('',(#701),#702,.T.);
#306=PRESENTATION_STYLE_ASSIGNMENT((#703));
#307=ADVANCED_FACE('',(#704),#705,.F.);
#308=PRESENTATION_STYLE_ASSIGNMENT((#706));
#309=ADVANCED_FACE('',(#707),#708,.T.);
#310=PRESENTATION_STYLE_ASSIGNMENT((#709));
#311=ADVANCED_FACE('',(#710),#711,.T.);
#312=PRESENTATION_STYLE_ASSIGNMENT((#712));
#313=ADVANCED_FACE('',(#713),#714,.T.);
#314=PRESENTATION_STYLE_ASSIGNMENT((#715));
#315=ADVANCED_FACE('',(#716),#717,.T.);
#316=PRESENTATION_STYLE_ASSIGNMENT((#718));
#317=ADVANCED_FACE('',(#719),#720,.T.);
#318=PRESENTATION_STYLE_ASSIGNMENT((#721));
#319=ADVANCED_FACE('',(#722),#723,.T.);
#320=PRESENTATION_STYLE_ASSIGNMENT((#724));
#321=ADVANCED_FACE('',(#725),#726,.F.);
#322=PRESENTATION_STYLE_ASSIGNMENT((#727));
#323=ADVANCED_FACE('',(#728),#729,.T.);
#324=PRESENTATION_STYLE_ASSIGNMENT((#730));
#325=ADVANCED_FACE('',(#731),#732,.T.);
#326=PRESENTATION_STYLE_ASSIGNMENT((#733));
#327=ADVANCED_FACE('',(#734),#735,.F.);
#328=PRESENTATION_STYLE_ASSIGNMENT((#736));
#329=ADVANCED_FACE('',(#737),#738,.T.);
#330=PRESENTATION_STYLE_ASSIGNMENT((#739));
#331=ADVANCED_FACE('',(#740),#741,.T.);
#332=PRESENTATION_STYLE_ASSIGNMENT((#742));
#333=ADVANCED_FACE('',(#743),#744,.T.);
#334=PRESENTATION_STYLE_ASSIGNMENT((#745));
#335=ADVANCED_FACE('',(#746),#747,.T.);
#336=PRESENTATION_STYLE_ASSIGNMENT((#748));
#337=ADVANCED_FACE('',(#749),#750,.T.);
#338=PRESENTATION_STYLE_ASSIGNMENT((#751));
#339=ADVANCED_FACE('',(#752),#753,.T.);
#340=PRESENTATION_STYLE_ASSIGNMENT((#754));
#341=ADVANCED_FACE('',(#755),#756,.F.);
#342=PRESENTATION_STYLE_ASSIGNMENT((#757));
#343=ADVANCED_FACE('',(#758),#759,.T.);
#344=PRESENTATION_STYLE_ASSIGNMENT((#760));
#345=ADVANCED_FACE('',(#761),#762,.T.);
#346=PRESENTATION_STYLE_ASSIGNMENT((#763));
#347=ADVANCED_FACE('',(#764),#765,.T.);
#348=PRESENTATION_STYLE_ASSIGNMENT((#766));
#349=ADVANCED_FACE('',(#767),#768,.T.);
#350=PRESENTATION_STYLE_ASSIGNMENT((#769));
#351=ADVANCED_FACE('',(#770,#771),#772,.T.);
#352=PRESENTATION_STYLE_ASSIGNMENT((#773));
#353=ADVANCED_FACE('',(#774),#775,.T.);
#354=PRESENTATION_STYLE_ASSIGNMENT((#776));
#355=ADVANCED_FACE('',(#777),#778,.T.);
#356=PRESENTATION_STYLE_ASSIGNMENT((#779));
#357=ADVANCED_FACE('',(#780),#781,.F.);
#358=PRESENTATION_STYLE_ASSIGNMENT((#782));
#359=ADVANCED_FACE('',(#783),#784,.F.);
#360=PRESENTATION_STYLE_ASSIGNMENT((#785));
#361=ADVANCED_FACE('',(#786),#787,.F.);
#362=PRESENTATION_STYLE_ASSIGNMENT((#788));
#363=ADVANCED_FACE('',(#789),#790,.F.);
#364=PRESENTATION_STYLE_ASSIGNMENT((#791));
#365=ADVANCED_FACE('',(#792),#793,.F.);
#366=PRESENTATION_STYLE_ASSIGNMENT((#794));
#367=ADVANCED_FACE('',(#795),#796,.F.);
#368=PRESENTATION_STYLE_ASSIGNMENT((#797));
#369=ADVANCED_FACE('',(#798),#799,.F.);
#370=PRESENTATION_STYLE_ASSIGNMENT((#800));
#371=ADVANCED_FACE('',(#801),#802,.T.);
#372=PRESENTATION_STYLE_ASSIGNMENT((#803));
#373=ADVANCED_FACE('',(#804),#805,.T.);
#374=PRESENTATION_STYLE_ASSIGNMENT((#806));
#375=ADVANCED_FACE('',(#807,#808),#809,.T.);
#376=PRESENTATION_STYLE_ASSIGNMENT((#810));
#377=ADVANCED_FACE('',(#811,#812),#813,.T.);
#378=PRESENTATION_STYLE_ASSIGNMENT((#814));
#379=ADVANCED_FACE('',(#815),#816,.T.);
#380=PRESENTATION_STYLE_ASSIGNMENT((#817));
#381=ADVANCED_FACE('',(#818),#819,.T.);
#382=PRESENTATION_STYLE_ASSIGNMENT((#820));
#383=ADVANCED_FACE('',(#821),#822,.F.);
#384=PRESENTATION_STYLE_ASSIGNMENT((#823));
#385=ADVANCED_FACE('',(#824),#825,.F.);
#386=PRESENTATION_STYLE_ASSIGNMENT((#826));
#387=ADVANCED_FACE('',(#827),#828,.F.);
#388=PRESENTATION_STYLE_ASSIGNMENT((#829));
#389=ADVANCED_FACE('',(#830),#831,.F.);
#390=PRESENTATION_STYLE_ASSIGNMENT((#832));
#391=ADVANCED_FACE('',(#833),#834,.F.);
#392=PRESENTATION_STYLE_ASSIGNMENT((#835));
#393=ADVANCED_FACE('',(#836),#837,.F.);
#394=PRESENTATION_STYLE_ASSIGNMENT((#838));
#395=ADVANCED_FACE('',(#839),#840,.F.);
#396=PRESENTATION_STYLE_ASSIGNMENT((#841));
#397=ADVANCED_FACE('',(#842),#843,.T.);
#398=PRESENTATION_STYLE_ASSIGNMENT((#844));
#399=ADVANCED_FACE('',(#845),#846,.T.);
#400=PRESENTATION_STYLE_ASSIGNMENT((#847));
#401=ADVANCED_FACE('',(#848,#849),#850,.T.);
#402=PRESENTATION_STYLE_ASSIGNMENT((#851));
#403=ADVANCED_FACE('',(#852),#853,.F.);
#404=PRESENTATION_STYLE_ASSIGNMENT((#854));
#405=ADVANCED_FACE('',(#855),#856,.F.);
#406=PRESENTATION_STYLE_ASSIGNMENT((#857));
#407=ADVANCED_FACE('',(#858),#859,.F.);
#408=PRESENTATION_STYLE_ASSIGNMENT((#860));
#409=ADVANCED_FACE('',(#861),#862,.F.);
#410=PRESENTATION_STYLE_ASSIGNMENT((#863));
#411=ADVANCED_FACE('',(#864),#865,.F.);
#412=PRESENTATION_STYLE_ASSIGNMENT((#866));
#413=ADVANCED_FACE('',(#867),#868,.F.);
#414=PRESENTATION_STYLE_ASSIGNMENT((#869));
#415=ADVANCED_FACE('',(#870),#871,.T.);
#416=PRESENTATION_STYLE_ASSIGNMENT((#872));
#417=ADVANCED_FACE('',(#873),#874,.T.);
#418=PRESENTATION_STYLE_ASSIGNMENT((#875));
#419=ADVANCED_FACE('',(#876,#877),#878,.T.);
#420=PRESENTATION_STYLE_ASSIGNMENT((#879));
#421=ADVANCED_FACE('',(#880),#881,.T.);
#422=PRESENTATION_STYLE_ASSIGNMENT((#882));
#423=ADVANCED_FACE('',(#883),#884,.T.);
#424=PRESENTATION_STYLE_ASSIGNMENT((#885));
#425=ADVANCED_FACE('',(#886),#887,.T.);
#426=PRESENTATION_STYLE_ASSIGNMENT((#888));
#427=ADVANCED_FACE('',(#889,#890,#891,#892),#893,.F.);
#428=PRESENTATION_STYLE_ASSIGNMENT((#894));
#429=ADVANCED_FACE('',(#895),#896,.T.);
#430=PRESENTATION_STYLE_ASSIGNMENT((#897));
#431=ADVANCED_FACE('',(#898,#899),#900,.T.);
#432=PRESENTATION_STYLE_ASSIGNMENT((#901));
#433=ADVANCED_FACE('',(#902),#903,.T.);
#434=PRESENTATION_STYLE_ASSIGNMENT((#904));
#435=ADVANCED_FACE('',(#905),#906,.T.);
#436=PRESENTATION_STYLE_ASSIGNMENT((#907));
#437=ADVANCED_FACE('',(#908),#909,.T.);
#438=PRESENTATION_STYLE_ASSIGNMENT((#910));
#439=ADVANCED_FACE('',(#911),#912,.T.);
#440=PRESENTATION_STYLE_ASSIGNMENT((#913));
#441=ADVANCED_FACE('',(#914),#915,.T.);
#442=PRESENTATION_STYLE_ASSIGNMENT((#916));
#443=ADVANCED_FACE('',(#917),#918,.F.);
#444=PRESENTATION_STYLE_ASSIGNMENT((#919));
#445=ADVANCED_FACE('',(#920),#921,.F.);
#446=PRESENTATION_STYLE_ASSIGNMENT((#922));
#447=ADVANCED_FACE('',(#923),#924,.T.);
#448=PRESENTATION_STYLE_ASSIGNMENT((#925));
#449=ADVANCED_FACE('',(#926),#927,.F.);
#450=PRESENTATION_STYLE_ASSIGNMENT((#928));
#451=ADVANCED_FACE('',(#929),#930,.T.);
#452=PRESENTATION_STYLE_ASSIGNMENT((#931));
#453=ADVANCED_FACE('',(#932),#933,.T.);
#454=PRESENTATION_STYLE_ASSIGNMENT((#934));
#455=ADVANCED_FACE('',(#935),#936,.T.);
#456=PRESENTATION_STYLE_ASSIGNMENT((#937));
#457=ADVANCED_FACE('',(#938),#939,.F.);
#458=PRESENTATION_STYLE_ASSIGNMENT((#940));
#459=ADVANCED_FACE('',(#941),#942,.F.);
#460=PRESENTATION_STYLE_ASSIGNMENT((#943));
#461=ADVANCED_FACE('',(#944,#945),#946,.F.);
#462=PRESENTATION_STYLE_ASSIGNMENT((#947));
#463=ADVANCED_FACE('',(#948),#949,.T.);
#464=PRESENTATION_STYLE_ASSIGNMENT((#950));
#465=ADVANCED_FACE('',(#951),#952,.T.);
#466=PRESENTATION_STYLE_ASSIGNMENT((#953));
#467=ADVANCED_FACE('',(#954),#955,.T.);
#468=PRESENTATION_STYLE_ASSIGNMENT((#956));
#469=ADVANCED_FACE('',(#957),#958,.T.);
#470=PRESENTATION_STYLE_ASSIGNMENT((#959));
#471=ADVANCED_FACE('',(#960),#961,.T.);
#472=PRESENTATION_STYLE_ASSIGNMENT((#962));
#473=ADVANCED_FACE('',(#963),#964,.F.);
#474=PRESENTATION_STYLE_ASSIGNMENT((#965));
#475=ADVANCED_FACE('',(#966,#967),#968,.F.);
#476=PRESENTATION_STYLE_ASSIGNMENT((#969));
#477=ADVANCED_FACE('',(#970),#971,.T.);
#478=PRESENTATION_STYLE_ASSIGNMENT((#972));
#479=ADVANCED_FACE('',(#973),#974,.T.);
#480=PRESENTATION_STYLE_ASSIGNMENT((#975));
#481=ADVANCED_FACE('',(#976),#977,.T.);
#482=PRESENTATION_STYLE_ASSIGNMENT((#978));
#483=ADVANCED_FACE('',(#979),#980,.T.);
#484=PRESENTATION_STYLE_ASSIGNMENT((#981));
#485=ADVANCED_FACE('',(#982),#983,.T.);
#486=PRESENTATION_STYLE_ASSIGNMENT((#984));
#487=ADVANCED_FACE('',(#985),#986,.T.);
#488=PRESENTATION_STYLE_ASSIGNMENT((#987));
#489=ADVANCED_FACE('',(#988),#989,.T.);
#490=PRESENTATION_STYLE_ASSIGNMENT((#990));
#491=ADVANCED_FACE('',(#991),#992,.T.);
#492=PRESENTATION_STYLE_ASSIGNMENT((#993));
#493=ADVANCED_FACE('',(#994),#995,.T.);
#494=PRESENTATION_STYLE_ASSIGNMENT((#996));
#495=ADVANCED_FACE('',(#997),#998,.T.);
#496=PRESENTATION_STYLE_ASSIGNMENT((#999));
#497=ADVANCED_FACE('',(#1000),#1001,.T.);
#498=PRESENTATION_STYLE_ASSIGNMENT((#1002));
#499=ADVANCED_FACE('',(#1003),#1004,.T.);
#500=PRESENTATION_STYLE_ASSIGNMENT((#1005));
#501=ADVANCED_FACE('',(#1006),#1007,.T.);
#502=PRESENTATION_STYLE_ASSIGNMENT((#1008));
#503=ADVANCED_FACE('',(#1009),#1010,.T.);
#504=PRESENTATION_STYLE_ASSIGNMENT((#1011));
#505=ADVANCED_FACE('',(#1012),#1013,.T.);
#506=PRESENTATION_STYLE_ASSIGNMENT((#1014));
#507=ADVANCED_FACE('',(#1015),#1016,.T.);
#508=PRESENTATION_STYLE_ASSIGNMENT((#1017));
#509=ADVANCED_FACE('',(#1018),#1019,.T.);
#510=PRESENTATION_STYLE_ASSIGNMENT((#1020));
#511=ADVANCED_FACE('',(#1021),#1022,.T.);
#512=PRESENTATION_STYLE_ASSIGNMENT((#1023));
#513=ADVANCED_FACE('',(#1024),#1025,.T.);
#514=PRESENTATION_STYLE_ASSIGNMENT((#1026));
#515=ADVANCED_FACE('',(#1027),#1028,.T.);
#516=PRESENTATION_STYLE_ASSIGNMENT((#1029));
#517=ADVANCED_FACE('',(#1030),#1031,.T.);
#518=PRESENTATION_STYLE_ASSIGNMENT((#1032));
#519=ADVANCED_FACE('',(#1033),#1034,.T.);
#520=PRESENTATION_STYLE_ASSIGNMENT((#1035));
#521=ADVANCED_FACE('',(#1036),#1037,.T.);
#522=PRESENTATION_STYLE_ASSIGNMENT((#1038));
#523=ADVANCED_FACE('',(#1039,#1040,#1041),#1042,.F.);
#524=PRESENTATION_STYLE_ASSIGNMENT((#1043));
#525=PRESENTATION_STYLE_ASSIGNMENT((#1044));
#528=LENGTH_MEASURE_WITH_UNIT(LENGTH_MEASURE(1.0),#1045);
#531=DIMENSIONAL_EXPONENTS(1.0,0.0,0.0,0.0,0.0,0.0,0.0);
#533=DIMENSIONAL_EXPONENTS(0.0,0.0,0.0,0.0,0.0,0.0,0.0);
#539=PRODUCT_CONTEXT('',#16,'mechanical');
#540=PRODUCT_DEFINITION_FORMATION_WITH_SPECIFIED_SOURCE(' ','NONE',#196,.NOT_KNOWN.);
#541=CARTESIAN_POINT('',(0.0,0.0,0.0));
#542=DIRECTION('',(0.0,0.0,1.0));
#543=DIRECTION('',(1.0,0.0,0.0));
#544=CARTESIAN_POINT('',(0.0,0.0,0.0));
#545=DIRECTION('',(0.0,0.0,1.0));
#546=DIRECTION('',(1.0,0.0,0.0));
#549=UNCERTAINTY_MEASURE_WITH_UNIT(LENGTH_MEASURE(1.0E-06),#551,'','');
#551= (CONVERSION_BASED_UNIT('MILLIMETRE',#1048)LENGTH_UNIT()NAMED_UNIT(#1051));
#552= (NAMED_UNIT(#1053)PLANE_ANGLE_UNIT()SI_UNIT($,.RADIAN.));
#553= (NAMED_UNIT(#1053)SOLID_ANGLE_UNIT()SI_UNIT($,.STERADIAN.));
#555=PRODUCT_CONTEXT('',#21,'mechanical');
#556=PRODUCT_DEFINITION_FORMATION_WITH_SPECIFIED_SOURCE(' ','NONE',#201,.NOT_KNOWN.);
#557=CLOSED_SHELL('',(#211,#213,#215,#217,#219,#221,#223,#225,#227,#229,#231,#233,#235,#237,#239,#241,#243,#245,#247,#249,#251,#253,#255,#257,#259,#261,#263,#265,#267,#269,#271,#273,#275,#277,#279,#281,#283,#285,#287,#289,#291,#293,#295,#297,#299,#301,#303,#305,#307,#309,#311,#313,#315,#317,#319,#321,#323,#325,#327,#329,#331,#333,#335,#337,#339,#341,#343,#345,#347,#349,#351,#353,#355,#357,#359,#361,#363,#365,#367,#369,#371,#373,#375,#377,#379,#381,#383,#385,#387,#389,#391,#393,#395,#397,#399,#401,#403,#405,#407,#409,#411,#413,#415,#417,#419,#421,#423,#425,#427,#429,#431,#433,#435,#437,#439,#441,#443,#445,#447,#449,#451,#453,#455,#457,#459,#461,#463,#465,#467,#469,#471,#473,#475));
#558=CLOSED_SHELL('',(#477,#479,#481,#483,#485,#487,#489,#491,#493,#495,#497,#499,#501,#503,#505,#507,#509,#511,#513,#515,#517,#519,#521,#523));
#559=SURFACE_STYLE_USAGE(.BOTH.,#1059);
#560=FACE_OUTER_BOUND('',#1060,.T.);
#561=CYLINDRICAL_SURFACE('',#1061,2.65);
#562=SURFACE_STYLE_USAGE(.BOTH.,#1062);
#563=FACE_OUTER_BOUND('',#1063,.T.);
#564=CYLINDRICAL_SURFACE('',#1064,2.65);
#565=SURFACE_STYLE_USAGE(.BOTH.,#1065);
#566=FACE_OUTER_BOUND('',#1066,.T.);
#567=CYLINDRICAL_SURFACE('',#1067,1.65);
#568=SURFACE_STYLE_USAGE(.BOTH.,#1068);
#569=FACE_OUTER_BOUND('',#1069,.T.);
#570=CYLINDRICAL_SURFACE('',#1070,1.65);
#571=SURFACE_STYLE_USAGE(.BOTH.,#1071);
#572=FACE_OUTER_BOUND('',#1072,.T.);
#573=CYLINDRICAL_SURFACE('',#1073,4.25);
#574=SURFACE_STYLE_USAGE(.BOTH.,#1074);
#575=FACE_OUTER_BOUND('',#1075,.T.);
#576=TOROIDAL_SURFACE('',#1076,3.75,0.500000000000001);
#577=SURFACE_STYLE_USAGE(.BOTH.,#1077);
#578=FACE_OUTER_BOUND('',#1078,.T.);
#579=CONICAL_SURFACE('',#1079,2.254625,0.785398163397448);
#580=SURFACE_STYLE_USAGE(.BOTH.,#1080);
#581=FACE_OUTER_BOUND('',#1081,.T.);
#582=CYLINDRICAL_SURFACE('',#1082,4.25);
#583=SURFACE_STYLE_USAGE(.BOTH.,#1083);
#584=FACE_OUTER_BOUND('',#1084,.T.);
#585=TOROIDAL_SURFACE('',#1085,3.75,0.500000000000001);
#586=SURFACE_STYLE_USAGE(.BOTH.,#1086);
#587=FACE_OUTER_BOUND('',#1087,.T.);
#588=CONICAL_SURFACE('',#1088,2.254625,0.785398163397448);
#589=SURFACE_STYLE_USAGE(.BOTH.,#1089);
#590=FACE_OUTER_BOUND('',#1090,.T.);
#591=CYLINDRICAL_SURFACE('',#1091,2.5);
#592=SURFACE_STYLE_USAGE(.BOTH.,#1092);
#593=FACE_OUTER_BOUND('',#1093,.T.);
#594=CYLINDRICAL_SURFACE('',#1094,2.5);
#595=SURFACE_STYLE_USAGE(.BOTH.,#1095);
#596=FACE_OUTER_BOUND('',#1096,.T.);
#597=CYLINDRICAL_SURFACE('',#1097,2.5);
#598=SURFACE_STYLE_USAGE(.BOTH.,#1098);
#599=FACE_OUTER_BOUND('',#1099,.T.);
#600=CYLINDRICAL_SURFACE('',#1100,2.5);
#601=SURFACE_STYLE_USAGE(.BOTH.,#1101);
#602=FACE_OUTER_BOUND('',#1102,.T.);
#603=CYLINDRICAL_SURFACE('',#1103,2.5);
#604=SURFACE_STYLE_USAGE(.BOTH.,#1104);
#605=FACE_OUTER_BOUND('',#1105,.T.);
#606=CYLINDRICAL_SURFACE('',#1106,2.5);
#607=SURFACE_STYLE_USAGE(.BOTH.,#1107);
#608=FACE_OUTER_BOUND('',#1108,.T.);
#609=CYLINDRICAL_SURFACE('',#1109,2.5);
#610=SURFACE_STYLE_USAGE(.BOTH.,#1110);
#611=FACE_OUTER_BOUND('',#1111,.T.);
#612=CYLINDRICAL_SURFACE('',#1112,2.5);
#613=SURFACE_STYLE_USAGE(.BOTH.,#1113);
#614=FACE_OUTER_BOUND('',#1114,.T.);
#615=CYLINDRICAL_SURFACE('',#1115,0.300000011130395);
#616=SURFACE_STYLE_USAGE(.BOTH.,#1116);
#617=FACE_OUTER_BOUND('',#1117,.T.);
#618=CYLINDRICAL_SURFACE('',#1118,0.300000011130395);
#619=SURFACE_STYLE_USAGE(.BOTH.,#1119);
#620=FACE_OUTER_BOUND('',#1120,.T.);
#621=PLANE('',#1121);
#622=SURFACE_STYLE_USAGE(.BOTH.,#1122);
#623=FACE_OUTER_BOUND('',#1123,.T.);
#624=CYLINDRICAL_SURFACE('',#1124,9.89999995862729);
#625=SURFACE_STYLE_USAGE(.BOTH.,#1125);
#626=FACE_OUTER_BOUND('',#1126,.T.);
#627=PLANE('',#1127);
#628=SURFACE_STYLE_USAGE(.BOTH.,#1128);
#629=FACE_OUTER_BOUND('',#1129,.T.);
#630=CYLINDRICAL_SURFACE('',#1130,0.300000011130395);
#631=SURFACE_STYLE_USAGE(.BOTH.,#1131);
#632=FACE_OUTER_BOUND('',#1132,.T.);
#633=CYLINDRICAL_SURFACE('',#1133,7.99999977119225);
#634=SURFACE_STYLE_USAGE(.BOTH.,#1134);
#635=FACE_OUTER_BOUND('',#1135,.T.);
#636=CYLINDRICAL_SURFACE('',#1136,2.49999998452337);
#637=SURFACE_STYLE_USAGE(.BOTH.,#1137);
#638=FACE_OUTER_BOUND('',#1138,.T.);
#639=CYLINDRICAL_SURFACE('',#1139,0.29999999187493);
#640=SURFACE_STYLE_USAGE(.BOTH.,#1140);
#641=FACE_OUTER_BOUND('',#1141,.T.);
#642=PLANE('',#1142);
#643=SURFACE_STYLE_USAGE(.BOTH.,#1143);
#644=FACE_OUTER_BOUND('',#1144,.T.);
#645=CYLINDRICAL_SURFACE('',#1145,0.300000011130396);
#646=SURFACE_STYLE_USAGE(.BOTH.,#1146);
#647=FACE_OUTER_BOUND('',#1147,.T.);
#648=CYLINDRICAL_SURFACE('',#1148,0.300000011130395);
#649=SURFACE_STYLE_USAGE(.BOTH.,#1149);
#650=FACE_OUTER_BOUND('',#1150,.T.);
#651=PLANE('',#1151);
#652=SURFACE_STYLE_USAGE(.BOTH.,#1152);
#653=FACE_OUTER_BOUND('',#1153,.T.);
#654=CYLINDRICAL_SURFACE('',#1154,9.89999995862729);
#655=SURFACE_STYLE_USAGE(.BOTH.,#1155);
#656=FACE_OUTER_BOUND('',#1156,.T.);
#657=PLANE('',#1157);
#658=SURFACE_STYLE_USAGE(.BOTH.,#1158);
#659=FACE_OUTER_BOUND('',#1159,.T.);
#660=CYLINDRICAL_SURFACE('',#1160,0.300000011130395);
#661=SURFACE_STYLE_USAGE(.BOTH.,#1161);
#662=FACE_OUTER_BOUND('',#1162,.T.);
#663=PLANE('',#1163);
#664=SURFACE_STYLE_USAGE(.BOTH.,#1164);
#665=FACE_OUTER_BOUND('',#1165,.T.);
#666=CYLINDRICAL_SURFACE('',#1166,0.300000001781412);
#667=SURFACE_STYLE_USAGE(.BOTH.,#1167);
#668=FACE_OUTER_BOUND('',#1168,.T.);
#669=CYLINDRICAL_SURFACE('',#1169,7.99999996801615);
#670=SURFACE_STYLE_USAGE(.BOTH.,#1170);
#671=FACE_OUTER_BOUND('',#1171,.T.);
#672=CYLINDRICAL_SURFACE('',#1172,2.49999998452337);
#673=SURFACE_STYLE_USAGE(.BOTH.,#1173);
#674=FACE_OUTER_BOUND('',#1174,.T.);
#675=PLANE('',#1175);
#676=SURFACE_STYLE_USAGE(.BOTH.,#1176);
#677=FACE_OUTER_BOUND('',#1177,.T.);
#678=PLANE('',#1178);
#679=SURFACE_STYLE_USAGE(.BOTH.,#1179);
#680=FACE_OUTER_BOUND('',#1180,.T.);
#681=CYLINDRICAL_SURFACE('',#1181,2.5);
#682=SURFACE_STYLE_USAGE(.BOTH.,#1182);
#683=FACE_OUTER_BOUND('',#1183,.T.);
#684=CYLINDRICAL_SURFACE('',#1184,2.5);
#685=SURFACE_STYLE_USAGE(.BOTH.,#1185);
#686=FACE_OUTER_BOUND('',#1186,.T.);
#687=CYLINDRICAL_SURFACE('',#1187,2.5);
#688=SURFACE_STYLE_USAGE(.BOTH.,#1188);
#689=FACE_OUTER_BOUND('',#1189,.T.);
#690=CYLINDRICAL_SURFACE('',#1190,2.5);
#691=SURFACE_STYLE_USAGE(.BOTH.,#1191);
#692=FACE_OUTER_BOUND('',#1192,.T.);
#693=CYLINDRICAL_SURFACE('',#1193,2.5);
#694=SURFACE_STYLE_USAGE(.BOTH.,#1194);
#695=FACE_OUTER_BOUND('',#1195,.T.);
#696=CYLINDRICAL_SURFACE('',#1196,0.300000011130395);
#697=SURFACE_STYLE_USAGE(.BOTH.,#1197);
#698=FACE_OUTER_BOUND('',#1198,.T.);
#699=CYLINDRICAL_SURFACE('',#1199,0.300000011130395);
#700=SURFACE_STYLE_USAGE(.BOTH.,#1200);
#701=FACE_OUTER_BOUND('',#1201,.T.);
#702=PLANE('',#1202);
#703=SURFACE_STYLE_USAGE(.BOTH.,#1203);
#704=FACE_OUTER_BOUND('',#1204,.T.);
#705=CYLINDRICAL_SURFACE('',#1205,9.89999995862729);
#706=SURFACE_STYLE_USAGE(.BOTH.,#1206);
#707=FACE_OUTER_BOUND('',#1207,.T.);
#708=PLANE('',#1208);
#709=SURFACE_STYLE_USAGE(.BOTH.,#1209);
#710=FACE_OUTER_BOUND('',#1210,.T.);
#711=CYLINDRICAL_SURFACE('',#1211,0.300000011130395);
#712=SURFACE_STYLE_USAGE(.BOTH.,#1212);
#713=FACE_OUTER_BOUND('',#1213,.T.);
#714=CYLINDRICAL_SURFACE('',#1214,7.99999977119225);
#715=SURFACE_STYLE_USAGE(.BOTH.,#1215);
#716=FACE_OUTER_BOUND('',#1216,.T.);
#717=CYLINDRICAL_SURFACE('',#1217,2.49999998452337);
#718=SURFACE_STYLE_USAGE(.BOTH.,#1218);
#719=FACE_OUTER_BOUND('',#1219,.T.);
#720=CYLINDRICAL_SURFACE('',#1220,0.29999999187493);
#721=SURFACE_STYLE_USAGE(.BOTH.,#1221);
#722=FACE_OUTER_BOUND('',#1222,.T.);
#723=PLANE('',#1223);
#724=SURFACE_STYLE_USAGE(.BOTH.,#1224);
#725=FACE_OUTER_BOUND('',#1225,.T.);
#726=CYLINDRICAL_SURFACE('',#1226,0.300000011130396);
#727=SURFACE_STYLE_USAGE(.BOTH.,#1227);
#728=FACE_OUTER_BOUND('',#1228,.T.);
#729=CYLINDRICAL_SURFACE('',#1229,0.300000011130395);
#730=SURFACE_STYLE_USAGE(.BOTH.,#1230);
#731=FACE_OUTER_BOUND('',#1231,.T.);
#732=PLANE('',#1232);
#733=SURFACE_STYLE_USAGE(.BOTH.,#1233);
#734=FACE_OUTER_BOUND('',#1234,.T.);
#735=CYLINDRICAL_SURFACE('',#1235,9.89999995862729);
#736=SURFACE_STYLE_USAGE(.BOTH.,#1236);
#737=FACE_OUTER_BOUND('',#1237,.T.);
#738=PLANE('',#1238);
#739=SURFACE_STYLE_USAGE(.BOTH.,#1239);
#740=FACE_OUTER_BOUND('',#1240,.T.);
#741=CYLINDRICAL_SURFACE('',#1241,0.300000011130395);
#742=SURFACE_STYLE_USAGE(.BOTH.,#1242);
#743=FACE_OUTER_BOUND('',#1243,.T.);
#744=PLANE('',#1244);
#745=SURFACE_STYLE_USAGE(.BOTH.,#1245);
#746=FACE_OUTER_BOUND('',#1246,.T.);
#747=CYLINDRICAL_SURFACE('',#1247,0.300000001781412);
#748=SURFACE_STYLE_USAGE(.BOTH.,#1248);
#749=FACE_OUTER_BOUND('',#1249,.T.);
#750=CYLINDRICAL_SURFACE('',#1250,7.99999996801615);
#751=SURFACE_STYLE_USAGE(.BOTH.,#1251);
#752=FACE_OUTER_BOUND('',#1252,.T.);
#753=CYLINDRICAL_SURFACE('',#1253,2.49999998452337);
#754=SURFACE_STYLE_USAGE(.BOTH.,#1254);
#755=FACE_OUTER_BOUND('',#1255,.T.);
#756=PLANE('',#1256);
#757=SURFACE_STYLE_USAGE(.BOTH.,#1257);
#758=FACE_OUTER_BOUND('',#1258,.T.);
#759=PLANE('',#1259);
#760=SURFACE_STYLE_USAGE(.BOTH.,#1260);
#761=FACE_OUTER_BOUND('',#1261,.T.);
#762=CYLINDRICAL_SURFACE('',#1262,2.5);
#763=SURFACE_STYLE_USAGE(.BOTH.,#1263);
#764=FACE_OUTER_BOUND('',#1264,.T.);
#765=CYLINDRICAL_SURFACE('',#1265,2.5);
#766=SURFACE_STYLE_USAGE(.BOTH.,#1266);
#767=FACE_OUTER_BOUND('',#1267,.T.);
#768=CYLINDRICAL_SURFACE('',#1268,2.5);
#769=SURFACE_STYLE_USAGE(.BOTH.,#1269);
#770=FACE_BOUND('',#1270,.T.);
#771=FACE_OUTER_BOUND('',#1271,.T.);
#772=PLANE('',#1272);
#773=SURFACE_STYLE_USAGE(.BOTH.,#1273);
#774=FACE_OUTER_BOUND('',#1274,.T.);
#775=CONICAL_SURFACE('',#1275,2.254625,0.785398163397448);
#776=SURFACE_STYLE_USAGE(.BOTH.,#1276);
#777=FACE_OUTER_BOUND('',#1277,.T.);
#778=PLANE('',#1278);
#779=SURFACE_STYLE_USAGE(.BOTH.,#1279);
#780=FACE_OUTER_BOUND('',#1280,.T.);
#781=PLANE('',#1281);
#782=SURFACE_STYLE_USAGE(.BOTH.,#1282);
#783=FACE_OUTER_BOUND('',#1283,.T.);
#784=PLANE('',#1284);
#785=SURFACE_STYLE_USAGE(.BOTH.,#1285);
#786=FACE_OUTER_BOUND('',#1286,.T.);
#787=PLANE('',#1287);
#788=SURFACE_STYLE_USAGE(.BOTH.,#1288);
#789=FACE_OUTER_BOUND('',#1289,.T.);
#790=PLANE('',#1290);
#791=SURFACE_STYLE_USAGE(.BOTH.,#1291);
#792=FACE_OUTER_BOUND('',#1292,.T.);
#793=PLANE('',#1293);
#794=SURFACE_STYLE_USAGE(.BOTH.,#1294);
#795=FACE_OUTER_BOUND('',#1295,.T.);
#796=PLANE('',#1296);
#797=SURFACE_STYLE_USAGE(.BOTH.,#1297);
#798=FACE_OUTER_BOUND('',#1298,.T.);
#799=PLANE('',#1299);
#800=SURFACE_STYLE_USAGE(.BOTH.,#1300);
#801=FACE_OUTER_BOUND('',#1301,.T.);
#802=TOROIDAL_SURFACE('',#1302,3.75,0.500000000000001);
#803=SURFACE_STYLE_USAGE(.BOTH.,#1303);
#804=FACE_OUTER_BOUND('',#1304,.T.);
#805=CYLINDRICAL_SURFACE('',#1305,4.25);
#806=SURFACE_STYLE_USAGE(.BOTH.,#1306);
#807=FACE_BOUND('',#1307,.T.);
#808=FACE_OUTER_BOUND('',#1308,.T.);
#809=PLANE('',#1309);
#810=SURFACE_STYLE_USAGE(.BOTH.,#1310);
#811=FACE_BOUND('',#1311,.T.);
#812=FACE_OUTER_BOUND('',#1312,.T.);
#813=PLANE('',#1313);
#814=SURFACE_STYLE_USAGE(.BOTH.,#1314);
#815=FACE_OUTER_BOUND('',#1315,.T.);
#816=CONICAL_SURFACE('',#1316,2.254625,0.785398163397448);
#817=SURFACE_STYLE_USAGE(.BOTH.,#1317);
#818=FACE_OUTER_BOUND('',#1318,.T.);
#819=PLANE('',#1319);
#820=SURFACE_STYLE_USAGE(.BOTH.,#1320);
#821=FACE_OUTER_BOUND('',#1321,.T.);
#822=PLANE('',#1322);
#823=SURFACE_STYLE_USAGE(.BOTH.,#1323);
#824=FACE_OUTER_BOUND('',#1324,.T.);
#825=PLANE('',#1325);
#826=SURFACE_STYLE_USAGE(.BOTH.,#1326);
#827=FACE_OUTER_BOUND('',#1327,.T.);
#828=PLANE('',#1328);
#829=SURFACE_STYLE_USAGE(.BOTH.,#1329);
#830=FACE_OUTER_BOUND('',#1330,.T.);
#831=PLANE('',#1331);
#832=SURFACE_STYLE_USAGE(.BOTH.,#1332);
#833=FACE_OUTER_BOUND('',#1333,.T.);
#834=PLANE('',#1334);
#835=SURFACE_STYLE_USAGE(.BOTH.,#1335);
#836=FACE_OUTER_BOUND('',#1336,.T.);
#837=PLANE('',#1337);
#838=SURFACE_STYLE_USAGE(.BOTH.,#1338);
#839=FACE_OUTER_BOUND('',#1339,.T.);
#840=PLANE('',#1340);
#841=SURFACE_STYLE_USAGE(.BOTH.,#1341);
#842=FACE_OUTER_BOUND('',#1342,.T.);
#843=TOROIDAL_SURFACE('',#1343,3.75,0.500000000000001);
#844=SURFACE_STYLE_USAGE(.BOTH.,#1344);
#845=FACE_OUTER_BOUND('',#1345,.T.);
#846=CYLINDRICAL_SURFACE('',#1346,4.25);
#847=SURFACE_STYLE_USAGE(.BOTH.,#1347);
#848=FACE_BOUND('',#1348,.T.);
#849=FACE_OUTER_BOUND('',#1349,.T.);
#850=PLANE('',#1350);
#851=SURFACE_STYLE_USAGE(.BOTH.,#1351);
#852=FACE_OUTER_BOUND('',#1352,.T.);
#853=PLANE('',#1353);
#854=SURFACE_STYLE_USAGE(.BOTH.,#1354);
#855=FACE_OUTER_BOUND('',#1355,.T.);
#856=CYLINDRICAL_SURFACE('',#1356,1.65);
#857=SURFACE_STYLE_USAGE(.BOTH.,#1357);
#858=FACE_OUTER_BOUND('',#1358,.T.);
#859=PLANE('',#1359);
#860=SURFACE_STYLE_USAGE(.BOTH.,#1360);
#861=FACE_OUTER_BOUND('',#1361,.T.);
#862=CYLINDRICAL_SURFACE('',#1362,1.65);
#863=SURFACE_STYLE_USAGE(.BOTH.,#1363);
#864=FACE_OUTER_BOUND('',#1364,.T.);
#865=CYLINDRICAL_SURFACE('',#1365,2.65);
#866=SURFACE_STYLE_USAGE(.BOTH.,#1366);
#867=FACE_OUTER_BOUND('',#1367,.T.);
#868=CYLINDRICAL_SURFACE('',#1368,2.65);
#869=SURFACE_STYLE_USAGE(.BOTH.,#1369);
#870=FACE_OUTER_BOUND('',#1370,.T.);
#871=CYLINDRICAL_SURFACE('',#1371,1.7);
#872=SURFACE_STYLE_USAGE(.BOTH.,#1372);
#873=FACE_OUTER_BOUND('',#1373,.T.);
#874=CYLINDRICAL_SURFACE('',#1374,0.499999999999995);
#875=SURFACE_STYLE_USAGE(.BOTH.,#1375);
#876=FACE_BOUND('',#1376,.T.);
#877=FACE_OUTER_BOUND('',#1377,.T.);
#878=PLANE('',#1378);
#879=SURFACE_STYLE_USAGE(.BOTH.,#1379);
#880=FACE_OUTER_BOUND('',#1380,.T.);
#881=CYLINDRICAL_SURFACE('',#1381,1.0);
#882=SURFACE_STYLE_USAGE(.BOTH.,#1382);
#883=FACE_OUTER_BOUND('',#1383,.T.);
#884=CYLINDRICAL_SURFACE('',#1384,1.7);
#885=SURFACE_STYLE_USAGE(.BOTH.,#1385);
#886=FACE_OUTER_BOUND('',#1386,.T.);
#887=PLANE('',#1387);
#888=SURFACE_STYLE_USAGE(.BOTH.,#1388);
#889=FACE_BOUND('',#1389,.T.);
#890=FACE_BOUND('',#1390,.T.);
#891=FACE_OUTER_BOUND('',#1391,.T.);
#892=FACE_BOUND('',#1392,.T.);
#893=PLANE('',#1393);
#894=SURFACE_STYLE_USAGE(.BOTH.,#1394);
#895=FACE_OUTER_BOUND('',#1395,.T.);
#896=CYLINDRICAL_SURFACE('',#1396,1.7);
#897=SURFACE_STYLE_USAGE(.BOTH.,#1397);
#898=FACE_BOUND('',#1398,.T.);
#899=FACE_OUTER_BOUND('',#1399,.T.);
#900=PLANE('',#1400);
#901=SURFACE_STYLE_USAGE(.BOTH.,#1401);
#902=FACE_OUTER_BOUND('',#1402,.T.);
#903=CYLINDRICAL_SURFACE('',#1403,0.499999999999995);
#904=SURFACE_STYLE_USAGE(.BOTH.,#1404);
#905=FACE_OUTER_BOUND('',#1405,.T.);
#906=CYLINDRICAL_SURFACE('',#1406,1.7);
#907=SURFACE_STYLE_USAGE(.BOTH.,#1407);
#908=FACE_OUTER_BOUND('',#1408,.T.);
#909=PLANE('',#1409);
#910=SURFACE_STYLE_USAGE(.BOTH.,#1410);
#911=FACE_OUTER_BOUND('',#1411,.T.);
#912=CYLINDRICAL_SURFACE('',#1412,1.0);
#913=SURFACE_STYLE_USAGE(.BOTH.,#1413);
#914=FACE_OUTER_BOUND('',#1414,.T.);
#915=PLANE('',#1415);
#916=SURFACE_STYLE_USAGE(.BOTH.,#1416);
#917=FACE_OUTER_BOUND('',#1417,.T.);
#918=PLANE('',#1418);
#919=SURFACE_STYLE_USAGE(.BOTH.,#1419);
#920=FACE_OUTER_BOUND('',#1420,.T.);
#921=PLANE('',#1421);
#922=SURFACE_STYLE_USAGE(.BOTH.,#1422);
#923=FACE_OUTER_BOUND('',#1423,.T.);
#924=PLANE('',#1424);
#925=SURFACE_STYLE_USAGE(.BOTH.,#1425);
#926=FACE_OUTER_BOUND('',#1426,.T.);
#927=PLANE('',#1427);
#928=SURFACE_STYLE_USAGE(.BOTH.,#1428);
#929=FACE_OUTER_BOUND('',#1429,.T.);
#930=PLANE('',#1430);
#931=SURFACE_STYLE_USAGE(.BOTH.,#1431);
#932=FACE_OUTER_BOUND('',#1432,.T.);
#933=CYLINDRICAL_SURFACE('',#1433,3.65);
#934=SURFACE_STYLE_USAGE(.BOTH.,#1434);
#935=FACE_OUTER_BOUND('',#1435,.T.);
#936=PLANE('',#1436);
#937=SURFACE_STYLE_USAGE(.BOTH.,#1437);
#938=FACE_OUTER_BOUND('',#1438,.T.);
#939=PLANE('',#1439);
#940=SURFACE_STYLE_USAGE(.BOTH.,#1440);
#941=FACE_OUTER_BOUND('',#1441,.T.);
#942=PLANE('',#1442);
#943=SURFACE_STYLE_USAGE(.BOTH.,#1443);
#944=FACE_BOUND('',#1444,.T.);
#945=FACE_OUTER_BOUND('',#1445,.T.);
#946=PLANE('',#1446);
#947=SURFACE_STYLE_USAGE(.BOTH.,#1447);
#948=FACE_OUTER_BOUND('',#1448,.T.);
#949=CYLINDRICAL_SURFACE('',#1449,3.65);
#950=SURFACE_STYLE_USAGE(.BOTH.,#1450);
#951=FACE_OUTER_BOUND('',#1451,.T.);
#952=PLANE('',#1452);
#953=SURFACE_STYLE_USAGE(.BOTH.,#1453);
#954=FACE_OUTER_BOUND('',#1454,.T.);
#955=PLANE('',#1455);
#956=SURFACE_STYLE_USAGE(.BOTH.,#1456);
#957=FACE_OUTER_BOUND('',#1457,.T.);
#958=PLANE('',#1458);
#959=SURFACE_STYLE_USAGE(.BOTH.,#1459);
#960=FACE_OUTER_BOUND('',#1460,.T.);
#961=PLANE('',#1461);
#962=SURFACE_STYLE_USAGE(.BOTH.,#1462);
#963=FACE_OUTER_BOUND('',#1463,.T.);
#964=PLANE('',#1464);
#965=SURFACE_STYLE_USAGE(.BOTH.,#1465);
#966=FACE_BOUND('',#1466,.T.);
#967=FACE_OUTER_BOUND('',#1467,.T.);
#968=PLANE('',#1468);
#969=SURFACE_STYLE_USAGE(.BOTH.,#1469);
#970=FACE_OUTER_BOUND('',#1470,.T.);
#971=CYLINDRICAL_SURFACE('',#1471,1.55);
#972=SURFACE_STYLE_USAGE(.BOTH.,#1472);
#973=FACE_OUTER_BOUND('',#1473,.T.);
#974=CYLINDRICAL_SURFACE('',#1474,1.55);
#975=SURFACE_STYLE_USAGE(.BOTH.,#1475);
#976=FACE_OUTER_BOUND('',#1476,.T.);
#977=CYLINDRICAL_SURFACE('',#1477,1.55);
#978=SURFACE_STYLE_USAGE(.BOTH.,#1478);
#979=FACE_OUTER_BOUND('',#1479,.T.);
#980=PLANE('',#1480);
#981=SURFACE_STYLE_USAGE(.BOTH.,#1481);
#982=FACE_OUTER_BOUND('',#1482,.T.);
#983=CYLINDRICAL_SURFACE('',#1483,1.55);
#984=SURFACE_STYLE_USAGE(.BOTH.,#1484);
#985=FACE_OUTER_BOUND('',#1485,.T.);
#986=PLANE('',#1486);
#987=SURFACE_STYLE_USAGE(.BOTH.,#1487);
#988=FACE_OUTER_BOUND('',#1488,.T.);
#989=SPHERICAL_SURFACE('',#1489,1.5);
#990=SURFACE_STYLE_USAGE(.BOTH.,#1490);
#991=FACE_OUTER_BOUND('',#1491,.T.);
#992=CYLINDRICAL_SURFACE('',#1492,1.5);
#993=SURFACE_STYLE_USAGE(.BOTH.,#1493);
#994=FACE_OUTER_BOUND('',#1494,.T.);
#995=SPHERICAL_SURFACE('',#1495,1.5);
#996=SURFACE_STYLE_USAGE(.BOTH.,#1496);
#997=FACE_OUTER_BOUND('',#1497,.T.);
#998=CYLINDRICAL_SURFACE('',#1498,1.5);
#999=SURFACE_STYLE_USAGE(.BOTH.,#1499);
#1000=FACE_OUTER_BOUND('',#1500,.T.);
#1001=CYLINDRICAL_SURFACE('',#1501,1.5);
#1002=SURFACE_STYLE_USAGE(.BOTH.,#1502);
#1003=FACE_OUTER_BOUND('',#1503,.T.);
#1004=SPHERICAL_SURFACE('',#1504,1.5);
#1005=SURFACE_STYLE_USAGE(.BOTH.,#1505);
#1006=FACE_OUTER_BOUND('',#1506,.T.);
#1007=SPHERICAL_SURFACE('',#1507,1.5);
#1008=SURFACE_STYLE_USAGE(.BOTH.,#1508);
#1009=FACE_OUTER_BOUND('',#1509,.T.);
#1010=CYLINDRICAL_SURFACE('',#1510,1.5);
#1011=SURFACE_STYLE_USAGE(.BOTH.,#1511);
#1012=FACE_OUTER_BOUND('',#1512,.T.);
#1013=CYLINDRICAL_SURFACE('',#1513,1.5);
#1014=SURFACE_STYLE_USAGE(.BOTH.,#1514);
#1015=FACE_OUTER_BOUND('',#1515,.T.);
#1016=PLANE('',#1516);
#1017=SURFACE_STYLE_USAGE(.BOTH.,#1517);
#1018=FACE_OUTER_BOUND('',#1518,.T.);
#1019=CYLINDRICAL_SURFACE('',#1519,1.5);
#1020=SURFACE_STYLE_USAGE(.BOTH.,#1520);
#1021=FACE_OUTER_BOUND('',#1521,.T.);
#1022=PLANE('',#1522);
#1023=SURFACE_STYLE_USAGE(.BOTH.,#1523);
#1024=FACE_OUTER_BOUND('',#1524,.T.);
#1025=CYLINDRICAL_SURFACE('',#1525,1.5);
#1026=SURFACE_STYLE_USAGE(.BOTH.,#1526);
#1027=FACE_OUTER_BOUND('',#1527,.T.);
#1028=PLANE('',#1528);
#1029=SURFACE_STYLE_USAGE(.BOTH.,#1529);
#1030=FACE_OUTER_BOUND('',#1530,.T.);
#1031=CYLINDRICAL_SURFACE('',#1531,1.5);
#1032=SURFACE_STYLE_USAGE(.BOTH.,#1532);
#1033=FACE_OUTER_BOUND('',#1533,.T.);
#1034=PLANE('',#1534);
#1035=SURFACE_STYLE_USAGE(.BOTH.,#1535);
#1036=FACE_OUTER_BOUND('',#1536,.T.);
#1037=PLANE('',#1537);
#1038=SURFACE_STYLE_USAGE(.BOTH.,#1538);
#1039=FACE_BOUND('',#1539,.T.);
#1040=FACE_BOUND('',#1540,.T.);
#1041=FACE_OUTER_BOUND('',#1541,.T.);
#1042=PLANE('',#1542);
#1043=SURFACE_STYLE_USAGE(.BOTH.,#1543);
#1044=SURFACE_STYLE_USAGE(.BOTH.,#1544);
#1045= (NAMED_UNIT(#531)LENGTH_UNIT()SI_UNIT(.MILLI.,.METRE.));
#1048=LENGTH_MEASURE_WITH_UNIT(LENGTH_MEASURE(1.0),#1546);
#1051=DIMENSIONAL_EXPONENTS(1.0,0.0,0.0,0.0,0.0,0.0,0.0);
#1053=DIMENSIONAL_EXPONENTS(0.0,0.0,0.0,0.0,0.0,0.0,0.0);
#1059=SURFACE_SIDE_STYLE('',(#1547));
#1060=EDGE_LOOP('',(#1548,#1549,#1550,#1551));
#1061=AXIS2_PLACEMENT_3D('',#1552,#1553,#1554);
#1062=SURFACE_SIDE_STYLE('',(#1555));
#1063=EDGE_LOOP('',(#1556,#1557,#1558,#1559));
#1064=AXIS2_PLACEMENT_3D('',#1560,#1561,#1562);
#1065=SURFACE_SIDE_STYLE('',(#1563));
#1066=EDGE_LOOP('',(#1564,#1565,#1566,#1567));
#1067=AXIS2_PLACEMENT_3D('',#1568,#1569,#1570);
#1068=SURFACE_SIDE_STYLE('',(#1571));
#1069=EDGE_LOOP('',(#1572,#1573,#1574,#1575));
#1070=AXIS2_PLACEMENT_3D('',#1576,#1577,#1578);
#1071=SURFACE_SIDE_STYLE('',(#1579));
#1072=EDGE_LOOP('',(#1580,#1581,#1582,#1583));
#1073=AXIS2_PLACEMENT_3D('',#1584,#1585,#1586);
#1074=SURFACE_SIDE_STYLE('',(#1587));
#1075=EDGE_LOOP('',(#1588,#1589,#1590,#1591));
#1076=AXIS2_PLACEMENT_3D('',#1592,#1593,#1594);
#1077=SURFACE_SIDE_STYLE('',(#1595));
#1078=EDGE_LOOP('',(#1596,#1597,#1598,#1599,#1600,#1601));
#1079=AXIS2_PLACEMENT_3D('',#1602,#1603,#1604);
#1080=SURFACE_SIDE_STYLE('',(#1605));
#1081=EDGE_LOOP('',(#1606,#1607,#1608,#1609));
#1082=AXIS2_PLACEMENT_3D('',#1610,#1611,#1612);
#1083=SURFACE_SIDE_STYLE('',(#1613));
#1084=EDGE_LOOP('',(#1614,#1615,#1616,#1617));
#1085=AXIS2_PLACEMENT_3D('',#1618,#1619,#1620);
#1086=SURFACE_SIDE_STYLE('',(#1621));
#1087=EDGE_LOOP('',(#1622,#1623,#1624,#1625,#1626,#1627));
#1088=AXIS2_PLACEMENT_3D('',#1628,#1629,#1630);
#1089=SURFACE_SIDE_STYLE('',(#1631));
#1090=EDGE_LOOP('',(#1632,#1633,#1634,#1635));
#1091=AXIS2_PLACEMENT_3D('',#1636,#1637,#1638);
#1092=SURFACE_SIDE_STYLE('',(#1639));
#1093=EDGE_LOOP('',(#1640,#1641,#1642,#1643));
#1094=AXIS2_PLACEMENT_3D('',#1644,#1645,#1646);
#1095=SURFACE_SIDE_STYLE('',(#1647));
#1096=EDGE_LOOP('',(#1648,#1649,#1650,#1651,#1652,#1653,#1654,#1655,#1656,#1657));
#1097=AXIS2_PLACEMENT_3D('',#1658,#1659,#1660);
#1098=SURFACE_SIDE_STYLE('',(#1661));
#1099=EDGE_LOOP('',(#1662,#1663,#1664,#1665));
#1100=AXIS2_PLACEMENT_3D('',#1666,#1667,#1668);
#1101=SURFACE_SIDE_STYLE('',(#1669));
#1102=EDGE_LOOP('',(#1670,#1671,#1672,#1673));
#1103=AXIS2_PLACEMENT_3D('',#1674,#1675,#1676);
#1104=SURFACE_SIDE_STYLE('',(#1677));
#1105=EDGE_LOOP('',(#1678,#1679,#1680,#1681,#1682,#1683,#1684,#1685,#1686,#1687));
#1106=AXIS2_PLACEMENT_3D('',#1688,#1689,#1690);
#1107=SURFACE_SIDE_STYLE('',(#1691));
#1108=EDGE_LOOP('',(#1692,#1693));
#1109=AXIS2_PLACEMENT_3D('',#1694,#1695,#1696);
#1110=SURFACE_SIDE_STYLE('',(#1697));
#1111=EDGE_LOOP('',(#1698,#1699));
#1112=AXIS2_PLACEMENT_3D('',#1700,#1701,#1702);
#1113=SURFACE_SIDE_STYLE('',(#1703));
#1114=EDGE_LOOP('',(#1704,#1705,#1706,#1707,#1708,#1709,#1710));
#1115=AXIS2_PLACEMENT_3D('',#1711,#1712,#1713);
#1116=SURFACE_SIDE_STYLE('',(#1714));
#1117=EDGE_LOOP('',(#1715,#1716,#1717,#1718));
#1118=AXIS2_PLACEMENT_3D('',#1719,#1720,#1721);
#1119=SURFACE_SIDE_STYLE('',(#1722));
#1120=EDGE_LOOP('',(#1723,#1724,#1725,#1726));
#1121=AXIS2_PLACEMENT_3D('',#1727,#1728,#1729);
#1122=SURFACE_SIDE_STYLE('',(#1730));
#1123=EDGE_LOOP('',(#1731,#1732,#1733,#1734));
#1124=AXIS2_PLACEMENT_3D('',#1735,#1736,#1737);
#1125=SURFACE_SIDE_STYLE('',(#1738));
#1126=EDGE_LOOP('',(#1739,#1740,#1741,#1742));
#1127=AXIS2_PLACEMENT_3D('',#1743,#1744,#1745);
#1128=SURFACE_SIDE_STYLE('',(#1746));
#1129=EDGE_LOOP('',(#1747,#1748,#1749,#1750));
#1130=AXIS2_PLACEMENT_3D('',#1751,#1752,#1753);
#1131=SURFACE_SIDE_STYLE('',(#1754));
#1132=EDGE_LOOP('',(#1755,#1756,#1757,#1758,#1759,#1760,#1761));
#1133=AXIS2_PLACEMENT_3D('',#1762,#1763,#1764);
#1134=SURFACE_SIDE_STYLE('',(#1765));
#1135=EDGE_LOOP('',(#1766,#1767,#1768,#1769,#1770,#1771));
#1136=AXIS2_PLACEMENT_3D('',#1772,#1773,#1774);
#1137=SURFACE_SIDE_STYLE('',(#1775));
#1138=EDGE_LOOP('',(#1776,#1777,#1778,#1779));
#1139=AXIS2_PLACEMENT_3D('',#1780,#1781,#1782);
#1140=SURFACE_SIDE_STYLE('',(#1783));
#1141=EDGE_LOOP('',(#1784,#1785,#1786,#1787));
#1142=AXIS2_PLACEMENT_3D('',#1788,#1789,#1790);
#1143=SURFACE_SIDE_STYLE('',(#1791));
#1144=EDGE_LOOP('',(#1792,#1793,#1794,#1795,#1796,#1797,#1798));
#1145=AXIS2_PLACEMENT_3D('',#1799,#1800,#1801);
#1146=SURFACE_SIDE_STYLE('',(#1802));
#1147=EDGE_LOOP('',(#1803,#1804,#1805,#1806));
#1148=AXIS2_PLACEMENT_3D('',#1807,#1808,#1809);
#1149=SURFACE_SIDE_STYLE('',(#1810));
#1150=EDGE_LOOP('',(#1811,#1812,#1813,#1814));
#1151=AXIS2_PLACEMENT_3D('',#1815,#1816,#1817);
#1152=SURFACE_SIDE_STYLE('',(#1818));
#1153=EDGE_LOOP('',(#1819,#1820,#1821,#1822));
#1154=AXIS2_PLACEMENT_3D('',#1823,#1824,#1825);
#1155=SURFACE_SIDE_STYLE('',(#1826));
#1156=EDGE_LOOP('',(#1827,#1828,#1829,#1830));
#1157=AXIS2_PLACEMENT_3D('',#1831,#1832,#1833);
#1158=SURFACE_SIDE_STYLE('',(#1834));
#1159=EDGE_LOOP('',(#1835,#1836,#1837,#1838));
#1160=AXIS2_PLACEMENT_3D('',#1839,#1840,#1841);
#1161=SURFACE_SIDE_STYLE('',(#1842));
#1162=EDGE_LOOP('',(#1843,#1844,#1845,#1846));
#1163=AXIS2_PLACEMENT_3D('',#1847,#1848,#1849);
#1164=SURFACE_SIDE_STYLE('',(#1850));
#1165=EDGE_LOOP('',(#1851,#1852,#1853,#1854));
#1166=AXIS2_PLACEMENT_3D('',#1855,#1856,#1857);
#1167=SURFACE_SIDE_STYLE('',(#1858));
#1168=EDGE_LOOP('',(#1859,#1860,#1861,#1862,#1863,#1864,#1865));
#1169=AXIS2_PLACEMENT_3D('',#1866,#1867,#1868);
#1170=SURFACE_SIDE_STYLE('',(#1869));
#1171=EDGE_LOOP('',(#1870,#1871,#1872,#1873,#1874,#1875));
#1172=AXIS2_PLACEMENT_3D('',#1876,#1877,#1878);
#1173=SURFACE_SIDE_STYLE('',(#1879));
#1174=EDGE_LOOP('',(#1880,#1881,#1882,#1883,#1884,#1885,#1886,#1887,#1888,#1889,#1890,#1891,#1892,#1893));
#1175=AXIS2_PLACEMENT_3D('',#1894,#1895,#1896);
#1176=SURFACE_SIDE_STYLE('',(#1897));
#1177=EDGE_LOOP('',(#1898,#1899,#1900,#1901,#1902,#1903,#1904,#1905,#1906,#1907,#1908,#1909,#1910,#1911));
#1178=AXIS2_PLACEMENT_3D('',#1912,#1913,#1914);
#1179=SURFACE_SIDE_STYLE('',(#1915));
#1180=EDGE_LOOP('',(#1916,#1917,#1918,#1919,#1920,#1921,#1922,#1923,#1924,#1925));
#1181=AXIS2_PLACEMENT_3D('',#1926,#1927,#1928);
#1182=SURFACE_SIDE_STYLE('',(#1929));
#1183=EDGE_LOOP('',(#1930,#1931,#1932,#1933));
#1184=AXIS2_PLACEMENT_3D('',#1934,#1935,#1936);
#1185=SURFACE_SIDE_STYLE('',(#1937));
#1186=EDGE_LOOP('',(#1938,#1939,#1940,#1941));
#1187=AXIS2_PLACEMENT_3D('',#1942,#1943,#1944);
#1188=SURFACE_SIDE_STYLE('',(#1945));
#1189=EDGE_LOOP('',(#1946,#1947));
#1190=AXIS2_PLACEMENT_3D('',#1948,#1949,#1950);
#1191=SURFACE_SIDE_STYLE('',(#1951));
#1192=EDGE_LOOP('',(#1952,#1953));
#1193=AXIS2_PLACEMENT_3D('',#1954,#1955,#1956);
#1194=SURFACE_SIDE_STYLE('',(#1957));
#1195=EDGE_LOOP('',(#1958,#1959,#1960,#1961,#1962,#1963,#1964));
#1196=AXIS2_PLACEMENT_3D('',#1965,#1966,#1967);
#1197=SURFACE_SIDE_STYLE('',(#1968));
#1198=EDGE_LOOP('',(#1969,#1970,#1971,#1972));
#1199=AXIS2_PLACEMENT_3D('',#1973,#1974,#1975);
#1200=SURFACE_SIDE_STYLE('',(#1976));
#1201=EDGE_LOOP('',(#1977,#1978,#1979,#1980));
#1202=AXIS2_PLACEMENT_3D('',#1981,#1982,#1983);
#1203=SURFACE_SIDE_STYLE('',(#1984));
#1204=EDGE_LOOP('',(#1985,#1986,#1987,#1988));
#1205=AXIS2_PLACEMENT_3D('',#1989,#1990,#1991);
#1206=SURFACE_SIDE_STYLE('',(#1992));
#1207=EDGE_LOOP('',(#1993,#1994,#1995,#1996));
#1208=AXIS2_PLACEMENT_3D('',#1997,#1998,#1999);
#1209=SURFACE_SIDE_STYLE('',(#2000));
#1210=EDGE_LOOP('',(#2001,#2002,#2003,#2004));
#1211=AXIS2_PLACEMENT_3D('',#2005,#2006,#2007);
#1212=SURFACE_SIDE_STYLE('',(#2008));
#1213=EDGE_LOOP('',(#2009,#2010,#2011,#2012,#2013,#2014,#2015));
#1214=AXIS2_PLACEMENT_3D('',#2016,#2017,#2018);
#1215=SURFACE_SIDE_STYLE('',(#2019));
#1216=EDGE_LOOP('',(#2020,#2021,#2022,#2023,#2024,#2025));
#1217=AXIS2_PLACEMENT_3D('',#2026,#2027,#2028);
#1218=SURFACE_SIDE_STYLE('',(#2029));
#1219=EDGE_LOOP('',(#2030,#2031,#2032,#2033));
#1220=AXIS2_PLACEMENT_3D('',#2034,#2035,#2036);
#1221=SURFACE_SIDE_STYLE('',(#2037));
#1222=EDGE_LOOP('',(#2038,#2039,#2040,#2041));
#1223=AXIS2_PLACEMENT_3D('',#2042,#2043,#2044);
#1224=SURFACE_SIDE_STYLE('',(#2045));
#1225=EDGE_LOOP('',(#2046,#2047,#2048,#2049,#2050,#2051,#2052));
#1226=AXIS2_PLACEMENT_3D('',#2053,#2054,#2055);
#1227=SURFACE_SIDE_STYLE('',(#2056));
#1228=EDGE_LOOP('',(#2057,#2058,#2059,#2060));
#1229=AXIS2_PLACEMENT_3D('',#2061,#2062,#2063);
#1230=SURFACE_SIDE_STYLE('',(#2064));
#1231=EDGE_LOOP('',(#2065,#2066,#2067,#2068));
#1232=AXIS2_PLACEMENT_3D('',#2069,#2070,#2071);
#1233=SURFACE_SIDE_STYLE('',(#2072));
#1234=EDGE_LOOP('',(#2073,#2074,#2075,#2076));
#1235=AXIS2_PLACEMENT_3D('',#2077,#2078,#2079);
#1236=SURFACE_SIDE_STYLE('',(#2080));
#1237=EDGE_LOOP('',(#2081,#2082,#2083,#2084));
#1238=AXIS2_PLACEMENT_3D('',#2085,#2086,#2087);
#1239=SURFACE_SIDE_STYLE('',(#2088));
#1240=EDGE_LOOP('',(#2089,#2090,#2091,#2092));
#1241=AXIS2_PLACEMENT_3D('',#2093,#2094,#2095);
#1242=SURFACE_SIDE_STYLE('',(#2096));
#1243=EDGE_LOOP('',(#2097,#2098,#2099,#2100));
#1244=AXIS2_PLACEMENT_3D('',#2101,#2102,#2103);
#1245=SURFACE_SIDE_STYLE('',(#2104));
#1246=EDGE_LOOP('',(#2105,#2106,#2107,#2108));
#1247=AXIS2_PLACEMENT_3D('',#2109,#2110,#2111);
#1248=SURFACE_SIDE_STYLE('',(#2112));
#1249=EDGE_LOOP('',(#2113,#2114,#2115,#2116,#2117,#2118,#2119));
#1250=AXIS2_PLACEMENT_3D('',#2120,#2121,#2122);
#1251=SURFACE_SIDE_STYLE('',(#2123));
#1252=EDGE_LOOP('',(#2124,#2125,#2126,#2127,#2128,#2129));
#1253=AXIS2_PLACEMENT_3D('',#2130,#2131,#2132);
#1254=SURFACE_SIDE_STYLE('',(#2133));
#1255=EDGE_LOOP('',(#2134,#2135,#2136,#2137,#2138,#2139,#2140,#2141,#2142,#2143,#2144,#2145,#2146,#2147));
#1256=AXIS2_PLACEMENT_3D('',#2148,#2149,#2150);
#1257=SURFACE_SIDE_STYLE('',(#2151));
#1258=EDGE_LOOP('',(#2152,#2153,#2154,#2155,#2156,#2157,#2158,#2159,#2160,#2161,#2162,#2163,#2164,#2165));
#1259=AXIS2_PLACEMENT_3D('',#2166,#2167,#2168);
#1260=SURFACE_SIDE_STYLE('',(#2169));
#1261=EDGE_LOOP('',(#2170,#2171,#2172,#2173,#2174,#2175,#2176,#2177,#2178,#2179));
#1262=AXIS2_PLACEMENT_3D('',#2180,#2181,#2182);
#1263=SURFACE_SIDE_STYLE('',(#2183));
#1264=EDGE_LOOP('',(#2184,#2185,#2186,#2187));
#1265=AXIS2_PLACEMENT_3D('',#2188,#2189,#2190);
#1266=SURFACE_SIDE_STYLE('',(#2191));
#1267=EDGE_LOOP('',(#2192,#2193,#2194,#2195));
#1268=AXIS2_PLACEMENT_3D('',#2196,#2197,#2198);
#1269=SURFACE_SIDE_STYLE('',(#2199));
#1270=EDGE_LOOP('',(#2200,#2201));
#1271=EDGE_LOOP('',(#2202,#2203));
#1272=AXIS2_PLACEMENT_3D('',#2204,#2205,#2206);
#1273=SURFACE_SIDE_STYLE('',(#2207));
#1274=EDGE_LOOP('',(#2208,#2209,#2210,#2211,#2212,#2213));
#1275=AXIS2_PLACEMENT_3D('',#2214,#2215,#2216);
#1276=SURFACE_SIDE_STYLE('',(#2217));
#1277=EDGE_LOOP('',(#2218,#2219));
#1278=AXIS2_PLACEMENT_3D('',#2220,#2221,#2222);
#1279=SURFACE_SIDE_STYLE('',(#2223));
#1280=EDGE_LOOP('',(#2224,#2225,#2226,#2227));
#1281=AXIS2_PLACEMENT_3D('',#2228,#2229,#2230);
#1282=SURFACE_SIDE_STYLE('',(#2231));
#1283=EDGE_LOOP('',(#2232,#2233,#2234,#2235));
#1284=AXIS2_PLACEMENT_3D('',#2236,#2237,#2238);
#1285=SURFACE_SIDE_STYLE('',(#2239));
#1286=EDGE_LOOP('',(#2240,#2241,#2242,#2243));
#1287=AXIS2_PLACEMENT_3D('',#2244,#2245,#2246);
#1288=SURFACE_SIDE_STYLE('',(#2247));
#1289=EDGE_LOOP('',(#2248,#2249,#2250,#2251));
#1290=AXIS2_PLACEMENT_3D('',#2252,#2253,#2254);
#1291=SURFACE_SIDE_STYLE('',(#2255));
#1292=EDGE_LOOP('',(#2256,#2257,#2258,#2259));
#1293=AXIS2_PLACEMENT_3D('',#2260,#2261,#2262);
#1294=SURFACE_SIDE_STYLE('',(#2263));
#1295=EDGE_LOOP('',(#2264,#2265,#2266,#2267));
#1296=AXIS2_PLACEMENT_3D('',#2268,#2269,#2270);
#1297=SURFACE_SIDE_STYLE('',(#2271));
#1298=EDGE_LOOP('',(#2272,#2273,#2274,#2275,#2276,#2277));
#1299=AXIS2_PLACEMENT_3D('',#2278,#2279,#2280);
#1300=SURFACE_SIDE_STYLE('',(#2281));
#1301=EDGE_LOOP('',(#2282,#2283,#2284,#2285));
#1302=AXIS2_PLACEMENT_3D('',#2286,#2287,#2288);
#1303=SURFACE_SIDE_STYLE('',(#2289));
#1304=EDGE_LOOP('',(#2290,#2291,#2292,#2293));
#1305=AXIS2_PLACEMENT_3D('',#2294,#2295,#2296);
#1306=SURFACE_SIDE_STYLE('',(#2297));
#1307=EDGE_LOOP('',(#2298,#2299,#2300,#2301,#2302,#2303));
#1308=EDGE_LOOP('',(#2304,#2305));
#1309=AXIS2_PLACEMENT_3D('',#2306,#2307,#2308);
#1310=SURFACE_SIDE_STYLE('',(#2309));
#1311=EDGE_LOOP('',(#2310,#2311));
#1312=EDGE_LOOP('',(#2312,#2313));
#1313=AXIS2_PLACEMENT_3D('',#2314,#2315,#2316);
#1314=SURFACE_SIDE_STYLE('',(#2317));
#1315=EDGE_LOOP('',(#2318,#2319,#2320,#2321,#2322,#2323));
#1316=AXIS2_PLACEMENT_3D('',#2324,#2325,#2326);
#1317=SURFACE_SIDE_STYLE('',(#2327));
#1318=EDGE_LOOP('',(#2328,#2329));
#1319=AXIS2_PLACEMENT_3D('',#2330,#2331,#2332);
#1320=SURFACE_SIDE_STYLE('',(#2333));
#1321=EDGE_LOOP('',(#2334,#2335,#2336,#2337));
#1322=AXIS2_PLACEMENT_3D('',#2338,#2339,#2340);
#1323=SURFACE_SIDE_STYLE('',(#2341));
#1324=EDGE_LOOP('',(#2342,#2343,#2344,#2345));
#1325=AXIS2_PLACEMENT_3D('',#2346,#2347,#2348);
#1326=SURFACE_SIDE_STYLE('',(#2349));
#1327=EDGE_LOOP('',(#2350,#2351,#2352,#2353));
#1328=AXIS2_PLACEMENT_3D('',#2354,#2355,#2356);
#1329=SURFACE_SIDE_STYLE('',(#2357));
#1330=EDGE_LOOP('',(#2358,#2359,#2360,#2361));
#1331=AXIS2_PLACEMENT_3D('',#2362,#2363,#2364);
#1332=SURFACE_SIDE_STYLE('',(#2365));
#1333=EDGE_LOOP('',(#2366,#2367,#2368,#2369));
#1334=AXIS2_PLACEMENT_3D('',#2370,#2371,#2372);
#1335=SURFACE_SIDE_STYLE('',(#2373));
#1336=EDGE_LOOP('',(#2374,#2375,#2376,#2377));
#1337=AXIS2_PLACEMENT_3D('',#2378,#2379,#2380);
#1338=SURFACE_SIDE_STYLE('',(#2381));
#1339=EDGE_LOOP('',(#2382,#2383,#2384,#2385,#2386,#2387));
#1340=AXIS2_PLACEMENT_3D('',#2388,#2389,#2390);
#1341=SURFACE_SIDE_STYLE('',(#2391));
#1342=EDGE_LOOP('',(#2392,#2393,#2394,#2395));
#1343=AXIS2_PLACEMENT_3D('',#2396,#2397,#2398);
#1344=SURFACE_SIDE_STYLE('',(#2399));
#1345=EDGE_LOOP('',(#2400,#2401,#2402,#2403));
#1346=AXIS2_PLACEMENT_3D('',#2404,#2405,#2406);
#1347=SURFACE_SIDE_STYLE('',(#2407));
#1348=EDGE_LOOP('',(#2408,#2409,#2410,#2411,#2412,#2413));
#1349=EDGE_LOOP('',(#2414,#2415));
#1350=AXIS2_PLACEMENT_3D('',#2416,#2417,#2418);
#1351=SURFACE_SIDE_STYLE('',(#2419));
#1352=EDGE_LOOP('',(#2420,#2421));
#1353=AXIS2_PLACEMENT_3D('',#2422,#2423,#2424);
#1354=SURFACE_SIDE_STYLE('',(#2425));
#1355=EDGE_LOOP('',(#2426,#2427,#2428,#2429));
#1356=AXIS2_PLACEMENT_3D('',#2430,#2431,#2432);
#1357=SURFACE_SIDE_STYLE('',(#2433));
#1358=EDGE_LOOP('',(#2434,#2435));
#1359=AXIS2_PLACEMENT_3D('',#2436,#2437,#2438);
#1360=SURFACE_SIDE_STYLE('',(#2439));
#1361=EDGE_LOOP('',(#2440,#2441,#2442,#2443));
#1362=AXIS2_PLACEMENT_3D('',#2444,#2445,#2446);
#1363=SURFACE_SIDE_STYLE('',(#2447));
#1364=EDGE_LOOP('',(#2448,#2449,#2450,#2451));
#1365=AXIS2_PLACEMENT_3D('',#2452,#2453,#2454);
#1366=SURFACE_SIDE_STYLE('',(#2455));
#1367=EDGE_LOOP('',(#2456,#2457,#2458,#2459));
#1368=AXIS2_PLACEMENT_3D('',#2460,#2461,#2462);
#1369=SURFACE_SIDE_STYLE('',(#2463));
#1370=EDGE_LOOP('',(#2464,#2465,#2466,#2467,#2468,#2469,#2470));
#1371=AXIS2_PLACEMENT_3D('',#2471,#2472,#2473);
#1372=SURFACE_SIDE_STYLE('',(#2474));
#1373=EDGE_LOOP('',(#2475,#2476,#2477,#2478));
#1374=AXIS2_PLACEMENT_3D('',#2479,#2480,#2481);
#1375=SURFACE_SIDE_STYLE('',(#2482));
#1376=EDGE_LOOP('',(#2483,#2484));
#1377=EDGE_LOOP('',(#2485,#2486,#2487,#2488,#2489,#2490,#2491,#2492));
#1378=AXIS2_PLACEMENT_3D('',#2493,#2494,#2495);
#1379=SURFACE_SIDE_STYLE('',(#2496));
#1380=EDGE_LOOP('',(#2497,#2498,#2499,#2500,#2501));
#1381=AXIS2_PLACEMENT_3D('',#2502,#2503,#2504);
#1382=SURFACE_SIDE_STYLE('',(#2505));
#1383=EDGE_LOOP('',(#2506,#2507,#2508,#2509,#2510,#2511,#2512));
#1384=AXIS2_PLACEMENT_3D('',#2513,#2514,#2515);
#1385=SURFACE_SIDE_STYLE('',(#2516));
#1386=EDGE_LOOP('',(#2517,#2518,#2519,#2520));
#1387=AXIS2_PLACEMENT_3D('',#2521,#2522,#2523);
#1388=SURFACE_SIDE_STYLE('',(#2524));
#1389=EDGE_LOOP('',(#2525,#2526));
#1390=EDGE_LOOP('',(#2527,#2528));
#1391=EDGE_LOOP('',(#2529,#2530,#2531,#2532,#2533,#2534,#2535,#2536));
#1392=EDGE_LOOP('',(#2537,#2538,#2539,#2540,#2541,#2542,#2543,#2544,#2545,#2546,#2547,#2548));
#1393=AXIS2_PLACEMENT_3D('',#2549,#2550,#2551);
#1394=SURFACE_SIDE_STYLE('',(#2552));
#1395=EDGE_LOOP('',(#2553,#2554,#2555,#2556,#2557,#2558,#2559));
#1396=AXIS2_PLACEMENT_3D('',#2560,#2561,#2562);
#1397=SURFACE_SIDE_STYLE('',(#2563));
#1398=EDGE_LOOP('',(#2564,#2565));
#1399=EDGE_LOOP('',(#2566,#2567,#2568,#2569,#2570,#2571,#2572,#2573));
#1400=AXIS2_PLACEMENT_3D('',#2574,#2575,#2576);
#1401=SURFACE_SIDE_STYLE('',(#2577));
#1402=EDGE_LOOP('',(#2578,#2579,#2580,#2581));
#1403=AXIS2_PLACEMENT_3D('',#2582,#2583,#2584);
#1404=SURFACE_SIDE_STYLE('',(#2585));
#1405=EDGE_LOOP('',(#2586,#2587,#2588,#2589,#2590,#2591,#2592));
#1406=AXIS2_PLACEMENT_3D('',#2593,#2594,#2595);
#1407=SURFACE_SIDE_STYLE('',(#2596));
#1408=EDGE_LOOP('',(#2597,#2598,#2599,#2600));
#1409=AXIS2_PLACEMENT_3D('',#2601,#2602,#2603);
#1410=SURFACE_SIDE_STYLE('',(#2604));
#1411=EDGE_LOOP('',(#2605,#2606,#2607,#2608,#2609));
#1412=AXIS2_PLACEMENT_3D('',#2610,#2611,#2612);
#1413=SURFACE_SIDE_STYLE('',(#2613));
#1414=EDGE_LOOP('',(#2614,#2615,#2616));
#1415=AXIS2_PLACEMENT_3D('',#2617,#2618,#2619);
#1416=SURFACE_SIDE_STYLE('',(#2620));
#1417=EDGE_LOOP('',(#2621,#2622,#2623,#2624));
#1418=AXIS2_PLACEMENT_3D('',#2625,#2626,#2627);
#1419=SURFACE_SIDE_STYLE('',(#2628));
#1420=EDGE_LOOP('',(#2629,#2630,#2631));
#1421=AXIS2_PLACEMENT_3D('',#2632,#2633,#2634);
#1422=SURFACE_SIDE_STYLE('',(#2635));
#1423=EDGE_LOOP('',(#2636,#2637,#2638,#2639));
#1424=AXIS2_PLACEMENT_3D('',#2640,#2641,#2642);
#1425=SURFACE_SIDE_STYLE('',(#2643));
#1426=EDGE_LOOP('',(#2644,#2645,#2646,#2647));
#1427=AXIS2_PLACEMENT_3D('',#2648,#2649,#2650);
#1428=SURFACE_SIDE_STYLE('',(#2651));
#1429=EDGE_LOOP('',(#2652,#2653,#2654,#2655));
#1430=AXIS2_PLACEMENT_3D('',#2656,#2657,#2658);
#1431=SURFACE_SIDE_STYLE('',(#2659));
#1432=EDGE_LOOP('',(#2660,#2661,#2662,#2663,#2664,#2665));
#1433=AXIS2_PLACEMENT_3D('',#2666,#2667,#2668);
#1434=SURFACE_SIDE_STYLE('',(#2669));
#1435=EDGE_LOOP('',(#2670,#2671,#2672,#2673));
#1436=AXIS2_PLACEMENT_3D('',#2674,#2675,#2676);
#1437=SURFACE_SIDE_STYLE('',(#2677));
#1438=EDGE_LOOP('',(#2678,#2679,#2680));
#1439=AXIS2_PLACEMENT_3D('',#2681,#2682,#2683);
#1440=SURFACE_SIDE_STYLE('',(#2684));
#1441=EDGE_LOOP('',(#2685,#2686,#2687));
#1442=AXIS2_PLACEMENT_3D('',#2688,#2689,#2690);
#1443=SURFACE_SIDE_STYLE('',(#2691));
#1444=EDGE_LOOP('',(#2692,#2693));
#1445=EDGE_LOOP('',(#2694,#2695,#2696,#2697,#2698,#2699,#2700,#2701));
#1446=AXIS2_PLACEMENT_3D('',#2702,#2703,#2704);
#1447=SURFACE_SIDE_STYLE('',(#2705));
#1448=EDGE_LOOP('',(#2706,#2707,#2708,#2709,#2710,#2711));
#1449=AXIS2_PLACEMENT_3D('',#2712,#2713,#2714);
#1450=SURFACE_SIDE_STYLE('',(#2715));
#1451=EDGE_LOOP('',(#2716,#2717,#2718,#2719));
#1452=AXIS2_PLACEMENT_3D('',#2720,#2721,#2722);
#1453=SURFACE_SIDE_STYLE('',(#2723));
#1454=EDGE_LOOP('',(#2724,#2725,#2726,#2727));
#1455=AXIS2_PLACEMENT_3D('',#2728,#2729,#2730);
#1456=SURFACE_SIDE_STYLE('',(#2731));
#1457=EDGE_LOOP('',(#2732,#2733,#2734));
#1458=AXIS2_PLACEMENT_3D('',#2735,#2736,#2737);
#1459=SURFACE_SIDE_STYLE('',(#2738));
#1460=EDGE_LOOP('',(#2739,#2740,#2741));
#1461=AXIS2_PLACEMENT_3D('',#2742,#2743,#2744);
#1462=SURFACE_SIDE_STYLE('',(#2745));
#1463=EDGE_LOOP('',(#2746,#2747,#2748,#2749));
#1464=AXIS2_PLACEMENT_3D('',#2750,#2751,#2752);
#1465=SURFACE_SIDE_STYLE('',(#2753));
#1466=EDGE_LOOP('',(#2754,#2755));
#1467=EDGE_LOOP('',(#2756,#2757,#2758,#2759,#2760,#2761,#2762,#2763));
#1468=AXIS2_PLACEMENT_3D('',#2764,#2765,#2766);
#1469=SURFACE_SIDE_STYLE('',(#2767));
#1470=EDGE_LOOP('',(#2768,#2769,#2770,#2771));
#1471=AXIS2_PLACEMENT_3D('',#2772,#2773,#2774);
#1472=SURFACE_SIDE_STYLE('',(#2775));
#1473=EDGE_LOOP('',(#2776,#2777,#2778,#2779));
#1474=AXIS2_PLACEMENT_3D('',#2780,#2781,#2782);
#1475=SURFACE_SIDE_STYLE('',(#2783));
#1476=EDGE_LOOP('',(#2784,#2785,#2786,#2787));
#1477=AXIS2_PLACEMENT_3D('',#2788,#2789,#2790);
#1478=SURFACE_SIDE_STYLE('',(#2791));
#1479=EDGE_LOOP('',(#2792,#2793));
#1480=AXIS2_PLACEMENT_3D('',#2794,#2795,#2796);
#1481=SURFACE_SIDE_STYLE('',(#2797));
#1482=EDGE_LOOP('',(#2798,#2799,#2800,#2801));
#1483=AXIS2_PLACEMENT_3D('',#2802,#2803,#2804);
#1484=SURFACE_SIDE_STYLE('',(#2805));
#1485=EDGE_LOOP('',(#2806,#2807));
#1486=AXIS2_PLACEMENT_3D('',#2808,#2809,#2810);
#1487=SURFACE_SIDE_STYLE('',(#2811));
#1488=EDGE_LOOP('',(#2812,#2813,#2814));
#1489=AXIS2_PLACEMENT_3D('',#2815,#2816,#2817);
#1490=SURFACE_SIDE_STYLE('',(#2818));
#1491=EDGE_LOOP('',(#2819,#2820,#2821,#2822));
#1492=AXIS2_PLACEMENT_3D('',#2823,#2824,#2825);
#1493=SURFACE_SIDE_STYLE('',(#2826));
#1494=EDGE_LOOP('',(#2827,#2828,#2829));
#1495=AXIS2_PLACEMENT_3D('',#2830,#2831,#2832);
#1496=SURFACE_SIDE_STYLE('',(#2833));
#1497=EDGE_LOOP('',(#2834,#2835,#2836,#2837));
#1498=AXIS2_PLACEMENT_3D('',#2838,#2839,#2840);
#1499=SURFACE_SIDE_STYLE('',(#2841));
#1500=EDGE_LOOP('',(#2842,#2843,#2844,#2845));
#1501=AXIS2_PLACEMENT_3D('',#2846,#2847,#2848);
#1502=SURFACE_SIDE_STYLE('',(#2849));
#1503=EDGE_LOOP('',(#2850,#2851,#2852));
#1504=AXIS2_PLACEMENT_3D('',#2853,#2854,#2855);
#1505=SURFACE_SIDE_STYLE('',(#2856));
#1506=EDGE_LOOP('',(#2857,#2858,#2859));
#1507=AXIS2_PLACEMENT_3D('',#2860,#2861,#2862);
#1508=SURFACE_SIDE_STYLE('',(#2863));
#1509=EDGE_LOOP('',(#2864,#2865,#2866,#2867));
#1510=AXIS2_PLACEMENT_3D('',#2868,#2869,#2870);
#1511=SURFACE_SIDE_STYLE('',(#2871));
#1512=EDGE_LOOP('',(#2872,#2873,#2874,#2875));
#1513=AXIS2_PLACEMENT_3D('',#2876,#2877,#2878);
#1514=SURFACE_SIDE_STYLE('',(#2879));
#1515=EDGE_LOOP('',(#2880,#2881,#2882,#2883));
#1516=AXIS2_PLACEMENT_3D('',#2884,#2885,#2886);
#1517=SURFACE_SIDE_STYLE('',(#2887));
#1518=EDGE_LOOP('',(#2888,#2889,#2890,#2891));
#1519=AXIS2_PLACEMENT_3D('',#2892,#2893,#2894);
#1520=SURFACE_SIDE_STYLE('',(#2895));
#1521=EDGE_LOOP('',(#2896,#2897,#2898,#2899));
#1522=AXIS2_PLACEMENT_3D('',#2900,#2901,#2902);
#1523=SURFACE_SIDE_STYLE('',(#2903));
#1524=EDGE_LOOP('',(#2904,#2905,#2906,#2907));
#1525=AXIS2_PLACEMENT_3D('',#2908,#2909,#2910);
#1526=SURFACE_SIDE_STYLE('',(#2911));
#1527=EDGE_LOOP('',(#2912,#2913,#2914,#2915));
#1528=AXIS2_PLACEMENT_3D('',#2916,#2917,#2918);
#1529=SURFACE_SIDE_STYLE('',(#2919));
#1530=EDGE_LOOP('',(#2920,#2921,#2922,#2923));
#1531=AXIS2_PLACEMENT_3D('',#2924,#2925,#2926);
#1532=SURFACE_SIDE_STYLE('',(#2927));
#1533=EDGE_LOOP('',(#2928,#2929,#2930,#2931));
#1534=AXIS2_PLACEMENT_3D('',#2932,#2933,#2934);
#1535=SURFACE_SIDE_STYLE('',(#2935));
#1536=EDGE_LOOP('',(#2936,#2937,#2938,#2939));
#1537=AXIS2_PLACEMENT_3D('',#2940,#2941,#2942);
#1538=SURFACE_SIDE_STYLE('',(#2943));
#1539=EDGE_LOOP('',(#2944,#2945));
#1540=EDGE_LOOP('',(#2946,#2947));
#1541=EDGE_LOOP('',(#2948,#2949,#2950,#2951,#2952,#2953,#2954,#2955));
#1542=AXIS2_PLACEMENT_3D('',#2956,#2957,#2958);
#1543=SURFACE_SIDE_STYLE('',(#2959));
#1544=SURFACE_SIDE_STYLE('',(#2960));
#1546= (NAMED_UNIT(#1051)LENGTH_UNIT()SI_UNIT(.MILLI.,.METRE.));
#1547=SURFACE_STYLE_FILL_AREA(#2962);
#1548=ORIENTED_EDGE('',*,*,#2963,.F.);
#1549=ORIENTED_EDGE('',*,*,#2964,.F.);
#1550=ORIENTED_EDGE('',*,*,#2965,.F.);
#1551=ORIENTED_EDGE('',*,*,#2966,.F.);
#1552=CARTESIAN_POINT('',(0.0,-10.0,-1.0));
#1553=DIRECTION('',(0.0,0.0,1.0));
#1554=DIRECTION('',(1.0,0.0,0.0));
#1555=SURFACE_STYLE_FILL_AREA(#2967);
#1556=ORIENTED_EDGE('',*,*,#2968,.F.);
#1557=ORIENTED_EDGE('',*,*,#2969,.F.);
#1558=ORIENTED_EDGE('',*,*,#2970,.F.);
#1559=ORIENTED_EDGE('',*,*,#2971,.F.);
#1560=CARTESIAN_POINT('',(0.0,-1.0,-10.0));
#1561=DIRECTION('',(-0.0,1.0,0.0));
#1562=DIRECTION('',(1.0,0.0,0.0));
#1563=SURFACE_STYLE_FILL_AREA(#2972);
#1564=ORIENTED_EDGE('',*,*,#2973,.F.);
#1565=ORIENTED_EDGE('',*,*,#2974,.F.);
#1566=ORIENTED_EDGE('',*,*,#2975,.F.);
#1567=ORIENTED_EDGE('',*,*,#2976,.F.);
#1568=CARTESIAN_POINT('',(-6.85,-8.73223304695292,-8.73223304695292));
#1569=DIRECTION('',(0.0,-0.707106781186548,-0.707106781186548));
#1570=DIRECTION('',(1.0,0.0,0.0));
#1571=SURFACE_STYLE_FILL_AREA(#2977);
#1572=ORIENTED_EDGE('',*,*,#2978,.F.);
#1573=ORIENTED_EDGE('',*,*,#2979,.F.);
#1574=ORIENTED_EDGE('',*,*,#2980,.F.);
#1575=ORIENTED_EDGE('',*,*,#2981,.F.);
#1576=CARTESIAN_POINT('',(6.85,-8.73223304695292,-8.73223304695292));
#1577=DIRECTION('',(0.0,-0.707106781186548,-0.707106781186548));
#1578=DIRECTION('',(1.0,0.0,0.0));
#1579=SURFACE_STYLE_FILL_AREA(#2982);
#1580=ORIENTED_EDGE('',*,*,#2983,.F.);
#1581=ORIENTED_EDGE('',*,*,#2984,.T.);
#1582=ORIENTED_EDGE('',*,*,#2985,.F.);
#1583=ORIENTED_EDGE('',*,*,#2986,.F.);
#1584=CARTESIAN_POINT('',(0.0,-3.75,-10.0));
#1585=DIRECTION('',(-0.0,1.0,0.0));
#1586=DIRECTION('',(1.0,0.0,0.0));
#1587=SURFACE_STYLE_FILL_AREA(#2987);
#1588=ORIENTED_EDGE('',*,*,#2988,.F.);
#1589=ORIENTED_EDGE('',*,*,#2984,.F.);
#1590=ORIENTED_EDGE('',*,*,#2989,.F.);
#1591=ORIENTED_EDGE('',*,*,#2990,.F.);
#1592=CARTESIAN_POINT('',(0.0,-5.0,-10.0));
#1593=DIRECTION('',(0.0,-1.0,0.0));
#1594=DIRECTION('',(1.0,0.0,0.0));
#1595=SURFACE_STYLE_FILL_AREA(#2991);
#1596=ORIENTED_EDGE('',*,*,#2992,.F.);
#1597=ORIENTED_EDGE('',*,*,#2993,.F.);
#1598=ORIENTED_EDGE('',*,*,#2994,.F.);
#1599=ORIENTED_EDGE('',*,*,#2995,.F.);
#1600=ORIENTED_EDGE('',*,*,#2996,.F.);
#1601=ORIENTED_EDGE('',*,*,#2997,.F.);
#1602=CARTESIAN_POINT('',(0.0,5.754625,-10.0));
#1603=DIRECTION('',(0.0,-1.0,-0.0));
#1604=DIRECTION('',(1.0,0.0,0.0));
#1605=SURFACE_STYLE_FILL_AREA(#2998);
#1606=ORIENTED_EDGE('',*,*,#2999,.F.);
#1607=ORIENTED_EDGE('',*,*,#3000,.T.);
#1608=ORIENTED_EDGE('',*,*,#3001,.F.);
#1609=ORIENTED_EDGE('',*,*,#3002,.F.);
#1610=CARTESIAN_POINT('',(0.0,-10.0,-3.75));
#1611=DIRECTION('',(0.0,0.0,1.0));
#1612=DIRECTION('',(1.0,0.0,0.0));
#1613=SURFACE_STYLE_FILL_AREA(#3003);
#1614=ORIENTED_EDGE('',*,*,#3004,.F.);
#1615=ORIENTED_EDGE('',*,*,#3000,.F.);
#1616=ORIENTED_EDGE('',*,*,#3005,.F.);
#1617=ORIENTED_EDGE('',*,*,#3006,.F.);
#1618=CARTESIAN_POINT('',(0.0,-10.0,-5.0));
#1619=DIRECTION('',(0.0,0.0,-1.0));
#1620=DIRECTION('',(1.0,0.0,0.0));
#1621=SURFACE_STYLE_FILL_AREA(#3007);
#1622=ORIENTED_EDGE('',*,*,#3008,.F.);
#1623=ORIENTED_EDGE('',*,*,#3009,.F.);
#1624=ORIENTED_EDGE('',*,*,#3010,.F.);
#1625=ORIENTED_EDGE('',*,*,#3011,.F.);
#1626=ORIENTED_EDGE('',*,*,#3012,.F.);
#1627=ORIENTED_EDGE('',*,*,#3013,.F.);
#1628=CARTESIAN_POINT('',(0.0,-10.0,5.754625));
#1629=DIRECTION('',(-0.0,-0.0,-1.0));
#1630=DIRECTION('',(1.0,0.0,0.0));
#1631=SURFACE_STYLE_FILL_AREA(#3014);
#1632=ORIENTED_EDGE('',*,*,#3015,.F.);
#1633=ORIENTED_EDGE('',*,*,#3016,.T.);
#1634=ORIENTED_EDGE('',*,*,#3017,.T.);
#1635=ORIENTED_EDGE('',*,*,#3018,.T.);
#1636=CARTESIAN_POINT('',(0.0,2.0,-10.0));
#1637=DIRECTION('',(-0.0,1.0,0.0));
#1638=DIRECTION('',(1.0,0.0,0.0));
#1639=SURFACE_STYLE_FILL_AREA(#3019);
#1640=ORIENTED_EDGE('',*,*,#3020,.F.);
#1641=ORIENTED_EDGE('',*,*,#3021,.T.);
#1642=ORIENTED_EDGE('',*,*,#3022,.T.);
#1643=ORIENTED_EDGE('',*,*,#3023,.T.);
#1644=CARTESIAN_POINT('',(0.0,2.0,-10.0));
#1645=DIRECTION('',(-0.0,1.0,0.0));
#1646=DIRECTION('',(1.0,0.0,0.0));
#1647=SURFACE_STYLE_FILL_AREA(#3024);
#1648=ORIENTED_EDGE('',*,*,#3025,.F.);
#1649=ORIENTED_EDGE('',*,*,#3026,.F.);
#1650=ORIENTED_EDGE('',*,*,#3027,.F.);
#1651=ORIENTED_EDGE('',*,*,#3028,.T.);
#1652=ORIENTED_EDGE('',*,*,#3029,.T.);
#1653=ORIENTED_EDGE('',*,*,#3030,.T.);
#1654=ORIENTED_EDGE('',*,*,#3031,.T.);
#1655=ORIENTED_EDGE('',*,*,#3032,.T.);
#1656=ORIENTED_EDGE('',*,*,#3033,.T.);
#1657=ORIENTED_EDGE('',*,*,#3034,.T.);
#1658=CARTESIAN_POINT('',(0.0,2.0,-10.0));
#1659=DIRECTION('',(-0.0,1.0,0.0));
#1660=DIRECTION('',(1.0,0.0,0.0));
#1661=SURFACE_STYLE_FILL_AREA(#3035);
#1662=ORIENTED_EDGE('',*,*,#3036,.F.);
#1663=ORIENTED_EDGE('',*,*,#3037,.T.);
#1664=ORIENTED_EDGE('',*,*,#3038,.T.);
#1665=ORIENTED_EDGE('',*,*,#3039,.T.);
#1666=CARTESIAN_POINT('',(0.0,-10.0,2.0));
#1667=DIRECTION('',(0.0,0.0,1.0));
#1668=DIRECTION('',(1.0,0.0,0.0));
#1669=SURFACE_STYLE_FILL_AREA(#3040);
#1670=ORIENTED_EDGE('',*,*,#3041,.F.);
#1671=ORIENTED_EDGE('',*,*,#3042,.T.);
#1672=ORIENTED_EDGE('',*,*,#3043,.T.);
#1673=ORIENTED_EDGE('',*,*,#3044,.T.);
#1674=CARTESIAN_POINT('',(0.0,-10.0,2.0));
#1675=DIRECTION('',(0.0,0.0,1.0));
#1676=DIRECTION('',(1.0,0.0,0.0));
#1677=SURFACE_STYLE_FILL_AREA(#3045);
#1678=ORIENTED_EDGE('',*,*,#3046,.F.);
#1679=ORIENTED_EDGE('',*,*,#3047,.F.);
#1680=ORIENTED_EDGE('',*,*,#3048,.F.);
#1681=ORIENTED_EDGE('',*,*,#3049,.T.);
#1682=ORIENTED_EDGE('',*,*,#3050,.T.);
#1683=ORIENTED_EDGE('',*,*,#3051,.T.);
#1684=ORIENTED_EDGE('',*,*,#3052,.T.);
#1685=ORIENTED_EDGE('',*,*,#3053,.T.);
#1686=ORIENTED_EDGE('',*,*,#3054,.T.);
#1687=ORIENTED_EDGE('',*,*,#3055,.T.);
#1688=CARTESIAN_POINT('',(0.0,-10.0,2.0));
#1689=DIRECTION('',(0.0,0.0,1.0));
#1690=DIRECTION('',(1.0,0.0,0.0));
#1691=SURFACE_STYLE_FILL_AREA(#3056);
#1692=ORIENTED_EDGE('',*,*,#3012,.T.);
#1693=ORIENTED_EDGE('',*,*,#3057,.F.);
#1694=CARTESIAN_POINT('',(0.0,-10.0,3.6));
#1695=DIRECTION('',(0.0,0.0,-1.0));
#1696=DIRECTION('',(-1.0,0.0,0.0));
#1697=SURFACE_STYLE_FILL_AREA(#3058);
#1698=ORIENTED_EDGE('',*,*,#3059,.T.);
#1699=ORIENTED_EDGE('',*,*,#3060,.F.);
#1700=CARTESIAN_POINT('',(0.0,-10.0,3.6));
#1701=DIRECTION('',(0.0,0.0,-1.0));
#1702=DIRECTION('',(-1.0,0.0,0.0));
#1703=SURFACE_STYLE_FILL_AREA(#3061);
#1704=ORIENTED_EDGE('',*,*,#3062,.F.);
#1705=ORIENTED_EDGE('',*,*,#3063,.T.);
#1706=ORIENTED_EDGE('',*,*,#3064,.T.);
#1707=ORIENTED_EDGE('',*,*,#3065,.F.);
#1708=ORIENTED_EDGE('',*,*,#3066,.F.);
#1709=ORIENTED_EDGE('',*,*,#3067,.T.);
#1710=ORIENTED_EDGE('',*,*,#3049,.F.);
#1711=CARTESIAN_POINT('',(-2.732842730345,-7.0,1.4999999888696));
#1712=DIRECTION('',(0.0,-1.0,0.0));
#1713=DIRECTION('',(0.9428090328372,0.0,0.333333358067542));
#1714=SURFACE_STYLE_FILL_AREA(#3068);
#1715=ORIENTED_EDGE('',*,*,#3069,.F.);
#1716=ORIENTED_EDGE('',*,*,#3070,.T.);
#1717=ORIENTED_EDGE('',*,*,#3071,.T.);
#1718=ORIENTED_EDGE('',*,*,#3063,.F.);
#1719=CARTESIAN_POINT('',(-2.167157289655,-7.0,1.70000001113039));
#1720=DIRECTION('',(0.0,-1.0,-0.0));
#1721=DIRECTION('',(-0.942809032837199,0.0,-0.333333358067542));
#1722=SURFACE_STYLE_FILL_AREA(#3072);
#1723=ORIENTED_EDGE('',*,*,#3073,.F.);
#1724=ORIENTED_EDGE('',*,*,#3074,.T.);
#1725=ORIENTED_EDGE('',*,*,#3075,.T.);
#1726=ORIENTED_EDGE('',*,*,#3070,.F.);
#1727=CARTESIAN_POINT('',(-2.1509166,-7.0,1.4));
#1728=DIRECTION('',(0.0,0.0,-1.0));
#1729=DIRECTION('',(1.0,0.0,0.0));
#1730=SURFACE_STYLE_FILL_AREA(#3076);
#1731=ORIENTED_EDGE('',*,*,#3077,.F.);
#1732=ORIENTED_EDGE('',*,*,#3078,.T.);
#1733=ORIENTED_EDGE('',*,*,#3079,.T.);
#1734=ORIENTED_EDGE('',*,*,#3074,.F.);
#1735=CARTESIAN_POINT('',(1.19904086659517E-14,-7.0,-8.26711735862729));
#1736=DIRECTION('',(0.0,-1.0,0.0));
#1737=DIRECTION('',(0.21562382817383,0.0,0.976476504952199));
#1738=SURFACE_STYLE_FILL_AREA(#3080);
#1739=ORIENTED_EDGE('',*,*,#3081,.F.);
#1740=ORIENTED_EDGE('',*,*,#3082,.T.);
#1741=ORIENTED_EDGE('',*,*,#3083,.T.);
#1742=ORIENTED_EDGE('',*,*,#3078,.F.);
#1743=CARTESIAN_POINT('',(2.15091659,-7.0,1.4));
#1744=DIRECTION('',(0.0,0.0,-1.0));
#1745=DIRECTION('',(1.0,0.0,0.0));
#1746=SURFACE_STYLE_FILL_AREA(#3084);
#1747=ORIENTED_EDGE('',*,*,#3085,.F.);
#1748=ORIENTED_EDGE('',*,*,#3086,.T.);
#1749=ORIENTED_EDGE('',*,*,#3087,.T.);
#1750=ORIENTED_EDGE('',*,*,#3082,.F.);
#1751=CARTESIAN_POINT('',(2.167157279655,-7.0,1.7000000111304));
#1752=DIRECTION('',(0.0,-1.0,0.0));
#1753=DIRECTION('',(3.44833230647415E-08,0.0,-0.999999999999999));
#1754=SURFACE_STYLE_FILL_AREA(#3088);
#1755=ORIENTED_EDGE('',*,*,#3089,.F.);
#1756=ORIENTED_EDGE('',*,*,#3090,.T.);
#1757=ORIENTED_EDGE('',*,*,#3091,.T.);
#1758=ORIENTED_EDGE('',*,*,#3092,.F.);
#1759=ORIENTED_EDGE('',*,*,#3093,.T.);
#1760=ORIENTED_EDGE('',*,*,#3094,.T.);
#1761=ORIENTED_EDGE('',*,*,#3042,.F.);
#1762=CARTESIAN_POINT('',(-3.32259052209867,-7.0,-1.09591955095652));
#1763=DIRECTION('',(0.0,-1.0,0.0));
#1764=DIRECTION('',(0.909796550033396,0.0,0.415054499490526));
#1765=SURFACE_STYLE_FILL_AREA(#3095);
#1766=ORIENTED_EDGE('',*,*,#3096,.F.);
#1767=ORIENTED_EDGE('',*,*,#3057,.T.);
#1768=ORIENTED_EDGE('',*,*,#3097,.F.);
#1769=ORIENTED_EDGE('',*,*,#3098,.T.);
#1770=ORIENTED_EDGE('',*,*,#3099,.T.);
#1771=ORIENTED_EDGE('',*,*,#3090,.F.);
#1772=CARTESIAN_POINT('',(-0.0171572949999999,-7.0,3.30000001547663));
#1773=DIRECTION('',(0.0,-1.0,0.0));
#1774=DIRECTION('',(0.600987897720506,0.0,0.799258122757277));
#1775=SURFACE_STYLE_FILL_AREA(#3100);
#1776=ORIENTED_EDGE('',*,*,#3101,.T.);
#1777=ORIENTED_EDGE('',*,*,#3102,.F.);
#1778=ORIENTED_EDGE('',*,*,#3103,.T.);
#1779=ORIENTED_EDGE('',*,*,#3092,.T.);
#1780=CARTESIAN_POINT('',(3.68284271769706,-7.0,2.09999999187493));
#1781=DIRECTION('',(0.0,-1.0,-0.0));
#1782=DIRECTION('',(-2.56568610348672E-08,0.0,-1.0));
#1783=SURFACE_STYLE_FILL_AREA(#3104);
#1784=ORIENTED_EDGE('',*,*,#3105,.T.);
#1785=ORIENTED_EDGE('',*,*,#3106,.F.);
#1786=ORIENTED_EDGE('',*,*,#3107,.T.);
#1787=ORIENTED_EDGE('',*,*,#3102,.T.);
#1788=CARTESIAN_POINT('',(3.20784271,-7.0,1.8));
#1789=DIRECTION('',(0.0,0.0,-1.0));
#1790=DIRECTION('',(1.0,0.0,0.0));
#1791=SURFACE_STYLE_FILL_AREA(#3108);
#1792=ORIENTED_EDGE('',*,*,#3055,.F.);
#1793=ORIENTED_EDGE('',*,*,#3109,.F.);
#1794=ORIENTED_EDGE('',*,*,#3110,.F.);
#1795=ORIENTED_EDGE('',*,*,#3106,.T.);
#1796=ORIENTED_EDGE('',*,*,#3111,.T.);
#1797=ORIENTED_EDGE('',*,*,#3086,.F.);
#1798=ORIENTED_EDGE('',*,*,#3112,.F.);
#1799=CARTESIAN_POINT('',(2.732842720345,-7.0,1.4999999888696));
#1800=DIRECTION('',(0.0,-1.0,0.0));
#1801=DIRECTION('',(-3.44833230647414E-08,0.0,0.999999999999999));
#1802=SURFACE_STYLE_FILL_AREA(#3113);
#1803=ORIENTED_EDGE('',*,*,#3054,.F.);
#1804=ORIENTED_EDGE('',*,*,#3114,.F.);
#1805=ORIENTED_EDGE('',*,*,#3115,.T.);
#1806=ORIENTED_EDGE('',*,*,#3109,.T.);
#1807=CARTESIAN_POINT('',(2.167157279655,-7.0,1.7000000111304));
#1808=DIRECTION('',(0.0,-1.0,0.0));
#1809=DIRECTION('',(3.44833230647415E-08,0.0,-0.999999999999999));
#1810=SURFACE_STYLE_FILL_AREA(#3116);
#1811=ORIENTED_EDGE('',*,*,#3053,.F.);
#1812=ORIENTED_EDGE('',*,*,#3117,.F.);
#1813=ORIENTED_EDGE('',*,*,#3118,.T.);
#1814=ORIENTED_EDGE('',*,*,#3114,.T.);
#1815=CARTESIAN_POINT('',(2.15091659,-7.0,1.4));
#1816=DIRECTION('',(0.0,0.0,-1.0));
#1817=DIRECTION('',(1.0,0.0,0.0));
#1818=SURFACE_STYLE_FILL_AREA(#3119);
#1819=ORIENTED_EDGE('',*,*,#3052,.F.);
#1820=ORIENTED_EDGE('',*,*,#3120,.F.);
#1821=ORIENTED_EDGE('',*,*,#3121,.F.);
#1822=ORIENTED_EDGE('',*,*,#3117,.T.);
#1823=CARTESIAN_POINT('',(1.19904086659517E-14,-7.0,-8.26711735862729));
#1824=DIRECTION('',(0.0,-1.0,0.0));
#1825=DIRECTION('',(0.21562382817383,0.0,0.976476504952199));
#1826=SURFACE_STYLE_FILL_AREA(#3122);
#1827=ORIENTED_EDGE('',*,*,#3051,.F.);
#1828=ORIENTED_EDGE('',*,*,#3123,.F.);
#1829=ORIENTED_EDGE('',*,*,#3124,.T.);
#1830=ORIENTED_EDGE('',*,*,#3120,.T.);
#1831=CARTESIAN_POINT('',(-2.1509166,-7.0,1.4));
#1832=DIRECTION('',(0.0,0.0,-1.0));
#1833=DIRECTION('',(1.0,0.0,0.0));
#1834=SURFACE_STYLE_FILL_AREA(#3125);
#1835=ORIENTED_EDGE('',*,*,#3050,.F.);
#1836=ORIENTED_EDGE('',*,*,#3067,.F.);
#1837=ORIENTED_EDGE('',*,*,#3126,.T.);
#1838=ORIENTED_EDGE('',*,*,#3123,.T.);
#1839=CARTESIAN_POINT('',(-2.167157289655,-7.0,1.70000001113039));
#1840=DIRECTION('',(0.0,-1.0,-0.0));
#1841=DIRECTION('',(-0.942809032837199,0.0,-0.333333358067542));
#1842=SURFACE_STYLE_FILL_AREA(#3127);
#1843=ORIENTED_EDGE('',*,*,#3128,.T.);
#1844=ORIENTED_EDGE('',*,*,#3129,.F.);
#1845=ORIENTED_EDGE('',*,*,#3130,.T.);
#1846=ORIENTED_EDGE('',*,*,#3065,.T.);
#1847=CARTESIAN_POINT('',(-3.22500001,-7.0,1.8));
#1848=DIRECTION('',(0.0,0.0,-1.0));
#1849=DIRECTION('',(1.0,0.0,0.0));
#1850=SURFACE_STYLE_FILL_AREA(#3131);
#1851=ORIENTED_EDGE('',*,*,#3132,.T.);
#1852=ORIENTED_EDGE('',*,*,#3133,.F.);
#1853=ORIENTED_EDGE('',*,*,#3134,.T.);
#1854=ORIENTED_EDGE('',*,*,#3129,.T.);
#1855=CARTESIAN_POINT('',(-3.71715729228898,-7.0,2.10000000178141));
#1856=DIRECTION('',(0.0,-1.0,0.0));
#1857=DIRECTION('',(-0.909796553634308,0.0,0.41505449159735));
#1858=SURFACE_STYLE_FILL_AREA(#3135);
#1859=ORIENTED_EDGE('',*,*,#3039,.F.);
#1860=ORIENTED_EDGE('',*,*,#3136,.F.);
#1861=ORIENTED_EDGE('',*,*,#3137,.T.);
#1862=ORIENTED_EDGE('',*,*,#3133,.T.);
#1863=ORIENTED_EDGE('',*,*,#3138,.T.);
#1864=ORIENTED_EDGE('',*,*,#3098,.F.);
#1865=ORIENTED_EDGE('',*,*,#3139,.F.);
#1866=CARTESIAN_POINT('',(3.28827609039333,-7.0,-1.09591967818791));
#1867=DIRECTION('',(0.0,-1.0,0.0));
#1868=DIRECTION('',(-0.600987892451904,0.0,0.799258126718908));
#1869=SURFACE_STYLE_FILL_AREA(#3140);
#1870=ORIENTED_EDGE('',*,*,#3038,.F.);
#1871=ORIENTED_EDGE('',*,*,#3060,.T.);
#1872=ORIENTED_EDGE('',*,*,#3043,.F.);
#1873=ORIENTED_EDGE('',*,*,#3094,.F.);
#1874=ORIENTED_EDGE('',*,*,#3141,.T.);
#1875=ORIENTED_EDGE('',*,*,#3136,.T.);
#1876=CARTESIAN_POINT('',(-0.0171572949999999,-7.0,3.30000001547663));
#1877=DIRECTION('',(0.0,-1.0,0.0));
#1878=DIRECTION('',(0.600987897720506,0.0,0.799258122757277));
#1879=SURFACE_STYLE_FILL_AREA(#3142);
#1880=ORIENTED_EDGE('',*,*,#3093,.F.);
#1881=ORIENTED_EDGE('',*,*,#3103,.F.);
#1882=ORIENTED_EDGE('',*,*,#3107,.F.);
#1883=ORIENTED_EDGE('',*,*,#3110,.T.);
#1884=ORIENTED_EDGE('',*,*,#3115,.F.);
#1885=ORIENTED_EDGE('',*,*,#3118,.F.);
#1886=ORIENTED_EDGE('',*,*,#3121,.T.);
#1887=ORIENTED_EDGE('',*,*,#3124,.F.);
#1888=ORIENTED_EDGE('',*,*,#3126,.F.);
#1889=ORIENTED_EDGE('',*,*,#3066,.T.);
#1890=ORIENTED_EDGE('',*,*,#3130,.F.);
#1891=ORIENTED_EDGE('',*,*,#3134,.F.);
#1892=ORIENTED_EDGE('',*,*,#3137,.F.);
#1893=ORIENTED_EDGE('',*,*,#3141,.F.);
#1894=CARTESIAN_POINT('',(-0.0168344353297563,-7.0,3.15682797489035));
#1895=DIRECTION('',(0.0,-1.0,0.0));
#1896=DIRECTION('',(-1.0,0.0,0.0));
#1897=SURFACE_STYLE_FILL_AREA(#3143);
#1898=ORIENTED_EDGE('',*,*,#3101,.F.);
#1899=ORIENTED_EDGE('',*,*,#3091,.F.);
#1900=ORIENTED_EDGE('',*,*,#3099,.F.);
#1901=ORIENTED_EDGE('',*,*,#3138,.F.);
#1902=ORIENTED_EDGE('',*,*,#3132,.F.);
#1903=ORIENTED_EDGE('',*,*,#3128,.F.);
#1904=ORIENTED_EDGE('',*,*,#3064,.F.);
#1905=ORIENTED_EDGE('',*,*,#3071,.F.);
#1906=ORIENTED_EDGE('',*,*,#3075,.F.);
#1907=ORIENTED_EDGE('',*,*,#3079,.F.);
#1908=ORIENTED_EDGE('',*,*,#3083,.F.);
#1909=ORIENTED_EDGE('',*,*,#3087,.F.);
#1910=ORIENTED_EDGE('',*,*,#3111,.F.);
#1911=ORIENTED_EDGE('',*,*,#3105,.F.);
#1912=CARTESIAN_POINT('',(-0.0168344353297562,-18.5,3.15682797489035));
#1913=DIRECTION('',(0.0,-1.0,0.0));
#1914=DIRECTION('',(-1.0,0.0,0.0));
#1915=SURFACE_STYLE_FILL_AREA(#3144);
#1916=ORIENTED_EDGE('',*,*,#3046,.T.);
#1917=ORIENTED_EDGE('',*,*,#3112,.T.);
#1918=ORIENTED_EDGE('',*,*,#3085,.T.);
#1919=ORIENTED_EDGE('',*,*,#3081,.T.);
#1920=ORIENTED_EDGE('',*,*,#3077,.T.);
#1921=ORIENTED_EDGE('',*,*,#3073,.T.);
#1922=ORIENTED_EDGE('',*,*,#3069,.T.);
#1923=ORIENTED_EDGE('',*,*,#3062,.T.);
#1924=ORIENTED_EDGE('',*,*,#3048,.T.);
#1925=ORIENTED_EDGE('',*,*,#3145,.F.);
#1926=CARTESIAN_POINT('',(0.0,-10.0,2.0));
#1927=DIRECTION('',(0.0,0.0,1.0));
#1928=DIRECTION('',(1.0,0.0,0.0));
#1929=SURFACE_STYLE_FILL_AREA(#3146);
#1930=ORIENTED_EDGE('',*,*,#3041,.T.);
#1931=ORIENTED_EDGE('',*,*,#3013,.T.);
#1932=ORIENTED_EDGE('',*,*,#3096,.T.);
#1933=ORIENTED_EDGE('',*,*,#3089,.T.);
#1934=CARTESIAN_POINT('',(0.0,-10.0,2.0));
#1935=DIRECTION('',(0.0,0.0,1.0));
#1936=DIRECTION('',(1.0,0.0,0.0));
#1937=SURFACE_STYLE_FILL_AREA(#3147);
#1938=ORIENTED_EDGE('',*,*,#3036,.T.);
#1939=ORIENTED_EDGE('',*,*,#3139,.T.);
#1940=ORIENTED_EDGE('',*,*,#3097,.T.);
#1941=ORIENTED_EDGE('',*,*,#3011,.T.);
#1942=CARTESIAN_POINT('',(0.0,-10.0,2.0));
#1943=DIRECTION('',(0.0,0.0,1.0));
#1944=DIRECTION('',(1.0,0.0,0.0));
#1945=SURFACE_STYLE_FILL_AREA(#3148);
#1946=ORIENTED_EDGE('',*,*,#3149,.T.);
#1947=ORIENTED_EDGE('',*,*,#3150,.F.);
#1948=CARTESIAN_POINT('',(0.0,3.6,-10.0));
#1949=DIRECTION('',(0.0,-1.0,0.0));
#1950=DIRECTION('',(1.0,0.0,0.0));
#1951=SURFACE_STYLE_FILL_AREA(#3151);
#1952=ORIENTED_EDGE('',*,*,#2996,.T.);
#1953=ORIENTED_EDGE('',*,*,#3152,.F.);
#1954=CARTESIAN_POINT('',(0.0,3.6,-10.0));
#1955=DIRECTION('',(0.0,-1.0,0.0));
#1956=DIRECTION('',(1.0,0.0,0.0));
#1957=SURFACE_STYLE_FILL_AREA(#3153);
#1958=ORIENTED_EDGE('',*,*,#3034,.F.);
#1959=ORIENTED_EDGE('',*,*,#3154,.T.);
#1960=ORIENTED_EDGE('',*,*,#3155,.T.);
#1961=ORIENTED_EDGE('',*,*,#3156,.F.);
#1962=ORIENTED_EDGE('',*,*,#3157,.F.);
#1963=ORIENTED_EDGE('',*,*,#3158,.T.);
#1964=ORIENTED_EDGE('',*,*,#3159,.F.);
#1965=CARTESIAN_POINT('',(2.732842730345,1.4999999888696,-7.0));
#1966=DIRECTION('',(0.0,0.0,-1.0));
#1967=DIRECTION('',(-0.9428090328372,0.333333358067542,0.0));
#1968=SURFACE_STYLE_FILL_AREA(#3160);
#1969=ORIENTED_EDGE('',*,*,#3033,.F.);
#1970=ORIENTED_EDGE('',*,*,#3161,.T.);
#1971=ORIENTED_EDGE('',*,*,#3162,.T.);
#1972=ORIENTED_EDGE('',*,*,#3154,.F.);
#1973=CARTESIAN_POINT('',(2.167157289655,1.70000001113039,-7.0));
#1974=DIRECTION('',(0.0,0.0,-1.0));
#1975=DIRECTION('',(0.942809032837199,-0.333333358067542,0.0));
#1976=SURFACE_STYLE_FILL_AREA(#3163);
#1977=ORIENTED_EDGE('',*,*,#3032,.F.);
#1978=ORIENTED_EDGE('',*,*,#3164,.T.);
#1979=ORIENTED_EDGE('',*,*,#3165,.T.);
#1980=ORIENTED_EDGE('',*,*,#3161,.F.);
#1981=CARTESIAN_POINT('',(2.1509166,1.4,-7.0));
#1982=DIRECTION('',(0.0,-1.0,0.0));
#1983=DIRECTION('',(-1.0,0.0,0.0));
#1984=SURFACE_STYLE_FILL_AREA(#3166);
#1985=ORIENTED_EDGE('',*,*,#3031,.F.);
#1986=ORIENTED_EDGE('',*,*,#3167,.T.);
#1987=ORIENTED_EDGE('',*,*,#3168,.T.);
#1988=ORIENTED_EDGE('',*,*,#3164,.F.);
#1989=CARTESIAN_POINT('',(-1.19904086659517E-14,-8.26711735862729,-7.0));
#1990=DIRECTION('',(0.0,0.0,-1.0));
#1991=DIRECTION('',(-0.21562382817383,0.976476504952199,0.0));
#1992=SURFACE_STYLE_FILL_AREA(#3169);
#1993=ORIENTED_EDGE('',*,*,#3030,.F.);
#1994=ORIENTED_EDGE('',*,*,#3170,.T.);
#1995=ORIENTED_EDGE('',*,*,#3171,.T.);
#1996=ORIENTED_EDGE('',*,*,#3167,.F.);
#1997=CARTESIAN_POINT('',(-2.15091659,1.4,-7.0));
#1998=DIRECTION('',(0.0,-1.0,0.0));
#1999=DIRECTION('',(-1.0,0.0,0.0));
#2000=SURFACE_STYLE_FILL_AREA(#3172);
#2001=ORIENTED_EDGE('',*,*,#3029,.F.);
#2002=ORIENTED_EDGE('',*,*,#3173,.T.);
#2003=ORIENTED_EDGE('',*,*,#3174,.T.);
#2004=ORIENTED_EDGE('',*,*,#3170,.F.);
#2005=CARTESIAN_POINT('',(-2.167157279655,1.7000000111304,-7.0));
#2006=DIRECTION('',(-0.0,0.0,-1.0));
#2007=DIRECTION('',(-3.44833230647415E-08,-0.999999999999999,0.0));
#2008=SURFACE_STYLE_FILL_AREA(#3175);
#2009=ORIENTED_EDGE('',*,*,#3023,.F.);
#2010=ORIENTED_EDGE('',*,*,#3176,.T.);
#2011=ORIENTED_EDGE('',*,*,#3177,.T.);
#2012=ORIENTED_EDGE('',*,*,#3178,.F.);
#2013=ORIENTED_EDGE('',*,*,#3179,.T.);
#2014=ORIENTED_EDGE('',*,*,#3180,.T.);
#2015=ORIENTED_EDGE('',*,*,#3181,.F.);
#2016=CARTESIAN_POINT('',(3.32259052209867,-1.09591955095652,-7.0));
#2017=DIRECTION('',(0.0,0.0,-1.0));
#2018=DIRECTION('',(-0.909796550033396,0.415054499490526,0.0));
#2019=SURFACE_STYLE_FILL_AREA(#3182);
#2020=ORIENTED_EDGE('',*,*,#3022,.F.);
#2021=ORIENTED_EDGE('',*,*,#3150,.T.);
#2022=ORIENTED_EDGE('',*,*,#3017,.F.);
#2023=ORIENTED_EDGE('',*,*,#3183,.T.);
#2024=ORIENTED_EDGE('',*,*,#3184,.T.);
#2025=ORIENTED_EDGE('',*,*,#3176,.F.);
#2026=CARTESIAN_POINT('',(0.0171572949999999,3.30000001547663,-7.0));
#2027=DIRECTION('',(0.0,0.0,-1.0));
#2028=DIRECTION('',(-0.600987897720506,0.799258122757277,0.0));
#2029=SURFACE_STYLE_FILL_AREA(#3185);
#2030=ORIENTED_EDGE('',*,*,#3186,.T.);
#2031=ORIENTED_EDGE('',*,*,#3187,.F.);
#2032=ORIENTED_EDGE('',*,*,#3188,.T.);
#2033=ORIENTED_EDGE('',*,*,#3178,.T.);
#2034=CARTESIAN_POINT('',(-3.68284271769706,2.09999999187493,-7.0));
#2035=DIRECTION('',(0.0,0.0,-1.0));
#2036=DIRECTION('',(2.56568610348672E-08,-1.0,0.0));
#2037=SURFACE_STYLE_FILL_AREA(#3189);
#2038=ORIENTED_EDGE('',*,*,#3190,.T.);
#2039=ORIENTED_EDGE('',*,*,#3191,.F.);
#2040=ORIENTED_EDGE('',*,*,#3192,.T.);
#2041=ORIENTED_EDGE('',*,*,#3187,.T.);
#2042=CARTESIAN_POINT('',(-3.20784271,1.8,-7.0));
#2043=DIRECTION('',(0.0,-1.0,0.0));
#2044=DIRECTION('',(-1.0,0.0,0.0));
#2045=SURFACE_STYLE_FILL_AREA(#3193);
#2046=ORIENTED_EDGE('',*,*,#3194,.F.);
#2047=ORIENTED_EDGE('',*,*,#3195,.F.);
#2048=ORIENTED_EDGE('',*,*,#3196,.F.);
#2049=ORIENTED_EDGE('',*,*,#3191,.T.);
#2050=ORIENTED_EDGE('',*,*,#3197,.T.);
#2051=ORIENTED_EDGE('',*,*,#3173,.F.);
#2052=ORIENTED_EDGE('',*,*,#3028,.F.);
#2053=CARTESIAN_POINT('',(-2.732842720345,1.4999999888696,-7.0));
#2054=DIRECTION('',(0.0,0.0,-1.0));
#2055=DIRECTION('',(3.44833230647414E-08,0.999999999999999,0.0));
#2056=SURFACE_STYLE_FILL_AREA(#3198);
#2057=ORIENTED_EDGE('',*,*,#3199,.F.);
#2058=ORIENTED_EDGE('',*,*,#3200,.F.);
#2059=ORIENTED_EDGE('',*,*,#3201,.T.);
#2060=ORIENTED_EDGE('',*,*,#3195,.T.);
#2061=CARTESIAN_POINT('',(-2.167157279655,1.7000000111304,-7.0));
#2062=DIRECTION('',(-0.0,0.0,-1.0));
#2063=DIRECTION('',(-3.44833230647415E-08,-0.999999999999999,0.0));
#2064=SURFACE_STYLE_FILL_AREA(#3202);
#2065=ORIENTED_EDGE('',*,*,#3203,.F.);
#2066=ORIENTED_EDGE('',*,*,#3204,.F.);
#2067=ORIENTED_EDGE('',*,*,#3205,.T.);
#2068=ORIENTED_EDGE('',*,*,#3200,.T.);
#2069=CARTESIAN_POINT('',(-2.15091659,1.4,-7.0));
#2070=DIRECTION('',(0.0,-1.0,0.0));
#2071=DIRECTION('',(-1.0,0.0,0.0));
#2072=SURFACE_STYLE_FILL_AREA(#3206);
#2073=ORIENTED_EDGE('',*,*,#3207,.F.);
#2074=ORIENTED_EDGE('',*,*,#3208,.F.);
#2075=ORIENTED_EDGE('',*,*,#3209,.F.);
#2076=ORIENTED_EDGE('',*,*,#3204,.T.);
#2077=CARTESIAN_POINT('',(-1.19904086659517E-14,-8.26711735862729,-7.0));
#2078=DIRECTION('',(0.0,0.0,-1.0));
#2079=DIRECTION('',(-0.21562382817383,0.976476504952199,0.0));
#2080=SURFACE_STYLE_FILL_AREA(#3210);
#2081=ORIENTED_EDGE('',*,*,#3211,.F.);
#2082=ORIENTED_EDGE('',*,*,#3212,.F.);
#2083=ORIENTED_EDGE('',*,*,#3213,.T.);
#2084=ORIENTED_EDGE('',*,*,#3208,.T.);
#2085=CARTESIAN_POINT('',(2.1509166,1.4,-7.0));
#2086=DIRECTION('',(0.0,-1.0,0.0));
#2087=DIRECTION('',(-1.0,0.0,0.0));
#2088=SURFACE_STYLE_FILL_AREA(#3214);
#2089=ORIENTED_EDGE('',*,*,#3215,.F.);
#2090=ORIENTED_EDGE('',*,*,#3158,.F.);
#2091=ORIENTED_EDGE('',*,*,#3216,.T.);
#2092=ORIENTED_EDGE('',*,*,#3212,.T.);
#2093=CARTESIAN_POINT('',(2.167157289655,1.70000001113039,-7.0));
#2094=DIRECTION('',(0.0,0.0,-1.0));
#2095=DIRECTION('',(0.942809032837199,-0.333333358067542,0.0));
#2096=SURFACE_STYLE_FILL_AREA(#3217);
#2097=ORIENTED_EDGE('',*,*,#3218,.T.);
#2098=ORIENTED_EDGE('',*,*,#3219,.F.);
#2099=ORIENTED_EDGE('',*,*,#3220,.T.);
#2100=ORIENTED_EDGE('',*,*,#3156,.T.);
#2101=CARTESIAN_POINT('',(3.22500001,1.8,-7.0));
#2102=DIRECTION('',(0.0,-1.0,0.0));
#2103=DIRECTION('',(-1.0,0.0,0.0));
#2104=SURFACE_STYLE_FILL_AREA(#3221);
#2105=ORIENTED_EDGE('',*,*,#3222,.T.);
#2106=ORIENTED_EDGE('',*,*,#3223,.F.);
#2107=ORIENTED_EDGE('',*,*,#3224,.T.);
#2108=ORIENTED_EDGE('',*,*,#3219,.T.);
#2109=CARTESIAN_POINT('',(3.71715729228898,2.10000000178141,-7.0));
#2110=DIRECTION('',(0.0,0.0,-1.0));
#2111=DIRECTION('',(0.909796553634308,0.41505449159735,0.0));
#2112=SURFACE_STYLE_FILL_AREA(#3225);
#2113=ORIENTED_EDGE('',*,*,#3226,.F.);
#2114=ORIENTED_EDGE('',*,*,#3227,.F.);
#2115=ORIENTED_EDGE('',*,*,#3228,.T.);
#2116=ORIENTED_EDGE('',*,*,#3223,.T.);
#2117=ORIENTED_EDGE('',*,*,#3229,.T.);
#2118=ORIENTED_EDGE('',*,*,#3183,.F.);
#2119=ORIENTED_EDGE('',*,*,#3016,.F.);
#2120=CARTESIAN_POINT('',(-3.28827609039333,-1.09591967818791,-7.0));
#2121=DIRECTION('',(0.0,0.0,-1.0));
#2122=DIRECTION('',(0.600987892451904,0.799258126718908,0.0));
#2123=SURFACE_STYLE_FILL_AREA(#3230);
#2124=ORIENTED_EDGE('',*,*,#3231,.F.);
#2125=ORIENTED_EDGE('',*,*,#3152,.T.);
#2126=ORIENTED_EDGE('',*,*,#3232,.F.);
#2127=ORIENTED_EDGE('',*,*,#3180,.F.);
#2128=ORIENTED_EDGE('',*,*,#3233,.T.);
#2129=ORIENTED_EDGE('',*,*,#3227,.T.);
#2130=CARTESIAN_POINT('',(0.0171572949999999,3.30000001547663,-7.0));
#2131=DIRECTION('',(0.0,0.0,-1.0));
#2132=DIRECTION('',(-0.600987897720506,0.799258122757277,0.0));
#2133=SURFACE_STYLE_FILL_AREA(#3234);
#2134=ORIENTED_EDGE('',*,*,#3179,.F.);
#2135=ORIENTED_EDGE('',*,*,#3188,.F.);
#2136=ORIENTED_EDGE('',*,*,#3192,.F.);
#2137=ORIENTED_EDGE('',*,*,#3196,.T.);
#2138=ORIENTED_EDGE('',*,*,#3201,.F.);
#2139=ORIENTED_EDGE('',*,*,#3205,.F.);
#2140=ORIENTED_EDGE('',*,*,#3209,.T.);
#2141=ORIENTED_EDGE('',*,*,#3213,.F.);
#2142=ORIENTED_EDGE('',*,*,#3216,.F.);
#2143=ORIENTED_EDGE('',*,*,#3157,.T.);
#2144=ORIENTED_EDGE('',*,*,#3220,.F.);
#2145=ORIENTED_EDGE('',*,*,#3224,.F.);
#2146=ORIENTED_EDGE('',*,*,#3228,.F.);
#2147=ORIENTED_EDGE('',*,*,#3233,.F.);
#2148=CARTESIAN_POINT('',(0.0168344353297563,3.15682797489035,-7.0));
#2149=DIRECTION('',(0.0,0.0,-1.0));
#2150=DIRECTION('',(1.0,0.0,0.0));
#2151=SURFACE_STYLE_FILL_AREA(#3235);
#2152=ORIENTED_EDGE('',*,*,#3186,.F.);
#2153=ORIENTED_EDGE('',*,*,#3177,.F.);
#2154=ORIENTED_EDGE('',*,*,#3184,.F.);
#2155=ORIENTED_EDGE('',*,*,#3229,.F.);
#2156=ORIENTED_EDGE('',*,*,#3222,.F.);
#2157=ORIENTED_EDGE('',*,*,#3218,.F.);
#2158=ORIENTED_EDGE('',*,*,#3155,.F.);
#2159=ORIENTED_EDGE('',*,*,#3162,.F.);
#2160=ORIENTED_EDGE('',*,*,#3165,.F.);
#2161=ORIENTED_EDGE('',*,*,#3168,.F.);
#2162=ORIENTED_EDGE('',*,*,#3171,.F.);
#2163=ORIENTED_EDGE('',*,*,#3174,.F.);
#2164=ORIENTED_EDGE('',*,*,#3197,.F.);
#2165=ORIENTED_EDGE('',*,*,#3190,.F.);
#2166=CARTESIAN_POINT('',(0.0168344353297562,3.15682797489035,-18.5));
#2167=DIRECTION('',(0.0,0.0,-1.0));
#2168=DIRECTION('',(1.0,0.0,0.0));
#2169=SURFACE_STYLE_FILL_AREA(#3236);
#2170=ORIENTED_EDGE('',*,*,#3025,.T.);
#2171=ORIENTED_EDGE('',*,*,#3159,.T.);
#2172=ORIENTED_EDGE('',*,*,#3215,.T.);
#2173=ORIENTED_EDGE('',*,*,#3211,.T.);
#2174=ORIENTED_EDGE('',*,*,#3207,.T.);
#2175=ORIENTED_EDGE('',*,*,#3203,.T.);
#2176=ORIENTED_EDGE('',*,*,#3199,.T.);
#2177=ORIENTED_EDGE('',*,*,#3194,.T.);
#2178=ORIENTED_EDGE('',*,*,#3027,.T.);
#2179=ORIENTED_EDGE('',*,*,#3237,.F.);
#2180=CARTESIAN_POINT('',(0.0,2.0,-10.0));
#2181=DIRECTION('',(-0.0,1.0,0.0));
#2182=DIRECTION('',(1.0,0.0,0.0));
#2183=SURFACE_STYLE_FILL_AREA(#3238);
#2184=ORIENTED_EDGE('',*,*,#3020,.T.);
#2185=ORIENTED_EDGE('',*,*,#3181,.T.);
#2186=ORIENTED_EDGE('',*,*,#3232,.T.);
#2187=ORIENTED_EDGE('',*,*,#2995,.T.);
#2188=CARTESIAN_POINT('',(0.0,2.0,-10.0));
#2189=DIRECTION('',(-0.0,1.0,0.0));
#2190=DIRECTION('',(1.0,0.0,0.0));
#2191=SURFACE_STYLE_FILL_AREA(#3239);
#2192=ORIENTED_EDGE('',*,*,#3015,.T.);
#2193=ORIENTED_EDGE('',*,*,#2997,.T.);
#2194=ORIENTED_EDGE('',*,*,#3231,.T.);
#2195=ORIENTED_EDGE('',*,*,#3226,.T.);
#2196=CARTESIAN_POINT('',(0.0,2.0,-10.0));
#2197=DIRECTION('',(-0.0,1.0,0.0));
#2198=DIRECTION('',(1.0,0.0,0.0));
#2199=SURFACE_STYLE_FILL_AREA(#3240);
#2200=ORIENTED_EDGE('',*,*,#3145,.T.);
#2201=ORIENTED_EDGE('',*,*,#3047,.T.);
#2202=ORIENTED_EDGE('',*,*,#3241,.T.);
#2203=ORIENTED_EDGE('',*,*,#2966,.T.);
#2204=CARTESIAN_POINT('',(0.0,-10.0,-2.0));
#2205=DIRECTION('',(0.0,0.0,1.0));
#2206=DIRECTION('',(1.0,0.0,0.0));
#2207=SURFACE_STYLE_FILL_AREA(#3242);
#2208=ORIENTED_EDGE('',*,*,#3008,.T.);
#2209=ORIENTED_EDGE('',*,*,#3044,.F.);
#2210=ORIENTED_EDGE('',*,*,#3059,.F.);
#2211=ORIENTED_EDGE('',*,*,#3037,.F.);
#2212=ORIENTED_EDGE('',*,*,#3010,.T.);
#2213=ORIENTED_EDGE('',*,*,#3243,.F.);
#2214=CARTESIAN_POINT('',(0.0,-10.0,5.754625));
#2215=DIRECTION('',(-0.0,-0.0,-1.0));
#2216=DIRECTION('',(1.0,0.0,0.0));
#2217=SURFACE_STYLE_FILL_AREA(#3244);
#2218=ORIENTED_EDGE('',*,*,#3243,.T.);
#2219=ORIENTED_EDGE('',*,*,#3009,.T.);
#2220=CARTESIAN_POINT('',(0.0,-10.0,6.0));
#2221=DIRECTION('',(0.0,0.0,1.0));
#2222=DIRECTION('',(1.0,0.0,0.0));
#2223=SURFACE_STYLE_FILL_AREA(#3245);
#2224=ORIENTED_EDGE('',*,*,#3246,.F.);
#2225=ORIENTED_EDGE('',*,*,#3247,.T.);
#2226=ORIENTED_EDGE('',*,*,#3248,.F.);
#2227=ORIENTED_EDGE('',*,*,#3249,.F.);
#2228=CARTESIAN_POINT('',(0.5773502692,-8.0,-6.5));
#2229=DIRECTION('',(0.0,1.0,0.0));
#2230=DIRECTION('',(-1.0,0.0,0.0));
#2231=SURFACE_STYLE_FILL_AREA(#3250);
#2232=ORIENTED_EDGE('',*,*,#3251,.F.);
#2233=ORIENTED_EDGE('',*,*,#3249,.T.);
#2234=ORIENTED_EDGE('',*,*,#3252,.F.);
#2235=ORIENTED_EDGE('',*,*,#3253,.F.);
#2236=CARTESIAN_POINT('',(-1.7320508076,-9.0,-6.5));
#2237=DIRECTION('',(-0.866025403780548,0.500000000006738,0.0));
#2238=DIRECTION('',(-0.500000000006738,-0.866025403780548,0.0));
#2239=SURFACE_STYLE_FILL_AREA(#3254);
#2240=ORIENTED_EDGE('',*,*,#3255,.F.);
#2241=ORIENTED_EDGE('',*,*,#3253,.T.);
#2242=ORIENTED_EDGE('',*,*,#3256,.F.);
#2243=ORIENTED_EDGE('',*,*,#3257,.F.);
#2244=CARTESIAN_POINT('',(-1.7320508076,-11.0,-6.5));
#2245=DIRECTION('',(-0.866025403780548,-0.500000000006738,0.0));
#2246=DIRECTION('',(0.500000000006738,-0.866025403780548,0.0));
#2247=SURFACE_STYLE_FILL_AREA(#3258);
#2248=ORIENTED_EDGE('',*,*,#3259,.F.);
#2249=ORIENTED_EDGE('',*,*,#3257,.T.);
#2250=ORIENTED_EDGE('',*,*,#3260,.F.);
#2251=ORIENTED_EDGE('',*,*,#3261,.F.);
#2252=CARTESIAN_POINT('',(0.0,-12.0,-6.5));
#2253=DIRECTION('',(0.0,-1.0,0.0));
#2254=DIRECTION('',(1.0,0.0,0.0));
#2255=SURFACE_STYLE_FILL_AREA(#3262);
#2256=ORIENTED_EDGE('',*,*,#3263,.F.);
#2257=ORIENTED_EDGE('',*,*,#3264,.T.);
#2258=ORIENTED_EDGE('',*,*,#3265,.F.);
#2259=ORIENTED_EDGE('',*,*,#3247,.F.);
#2260=CARTESIAN_POINT('',(1.7320508076,-9.0,-6.5));
#2261=DIRECTION('',(0.866025403780548,0.500000000006738,0.0));
#2262=DIRECTION('',(-0.500000000006738,0.866025403780548,0.0));
#2263=SURFACE_STYLE_FILL_AREA(#3266);
#2264=ORIENTED_EDGE('',*,*,#3267,.F.);
#2265=ORIENTED_EDGE('',*,*,#3261,.T.);
#2266=ORIENTED_EDGE('',*,*,#3268,.F.);
#2267=ORIENTED_EDGE('',*,*,#3264,.F.);
#2268=CARTESIAN_POINT('',(1.7320508076,-11.0,-6.5));
#2269=DIRECTION('',(0.866025403780548,-0.500000000006738,0.0));
#2270=DIRECTION('',(0.500000000006738,0.866025403780548,0.0));
#2271=SURFACE_STYLE_FILL_AREA(#3269);
#2272=ORIENTED_EDGE('',*,*,#3260,.T.);
#2273=ORIENTED_EDGE('',*,*,#3256,.T.);
#2274=ORIENTED_EDGE('',*,*,#3252,.T.);
#2275=ORIENTED_EDGE('',*,*,#3248,.T.);
#2276=ORIENTED_EDGE('',*,*,#3265,.T.);
#2277=ORIENTED_EDGE('',*,*,#3268,.T.);
#2278=CARTESIAN_POINT('',(6.8968400014714E-17,-10.0,-3.5));
#2279=DIRECTION('',(0.0,-0.0,1.0));
#2280=DIRECTION('',(0.0,1.0,0.0));
#2281=SURFACE_STYLE_FILL_AREA(#3270);
#2282=ORIENTED_EDGE('',*,*,#3004,.T.);
#2283=ORIENTED_EDGE('',*,*,#3271,.F.);
#2284=ORIENTED_EDGE('',*,*,#3005,.T.);
#2285=ORIENTED_EDGE('',*,*,#3272,.F.);
#2286=CARTESIAN_POINT('',(0.0,-10.0,-5.0));
#2287=DIRECTION('',(0.0,0.0,-1.0));
#2288=DIRECTION('',(1.0,0.0,0.0));
#2289=SURFACE_STYLE_FILL_AREA(#3273);
#2290=ORIENTED_EDGE('',*,*,#2999,.T.);
#2291=ORIENTED_EDGE('',*,*,#3274,.F.);
#2292=ORIENTED_EDGE('',*,*,#3001,.T.);
#2293=ORIENTED_EDGE('',*,*,#3272,.T.);
#2294=CARTESIAN_POINT('',(0.0,-10.0,-3.75));
#2295=DIRECTION('',(0.0,0.0,1.0));
#2296=DIRECTION('',(1.0,0.0,0.0));
#2297=SURFACE_STYLE_FILL_AREA(#3275);
#2298=ORIENTED_EDGE('',*,*,#3259,.T.);
#2299=ORIENTED_EDGE('',*,*,#3267,.T.);
#2300=ORIENTED_EDGE('',*,*,#3263,.T.);
#2301=ORIENTED_EDGE('',*,*,#3246,.T.);
#2302=ORIENTED_EDGE('',*,*,#3251,.T.);
#2303=ORIENTED_EDGE('',*,*,#3255,.T.);
#2304=ORIENTED_EDGE('',*,*,#3271,.T.);
#2305=ORIENTED_EDGE('',*,*,#3006,.T.);
#2306=CARTESIAN_POINT('',(0.0,-10.0,-5.5));
#2307=DIRECTION('',(0.0,0.0,-1.0));
#2308=DIRECTION('',(-1.0,0.0,0.0));
#2309=SURFACE_STYLE_FILL_AREA(#3276);
#2310=ORIENTED_EDGE('',*,*,#3237,.T.);
#2311=ORIENTED_EDGE('',*,*,#3026,.T.);
#2312=ORIENTED_EDGE('',*,*,#3277,.T.);
#2313=ORIENTED_EDGE('',*,*,#2971,.T.);
#2314=CARTESIAN_POINT('',(0.0,-2.0,-10.0));
#2315=DIRECTION('',(-0.0,1.0,0.0));
#2316=DIRECTION('',(1.0,0.0,0.0));
#2317=SURFACE_STYLE_FILL_AREA(#3278);
#2318=ORIENTED_EDGE('',*,*,#2992,.T.);
#2319=ORIENTED_EDGE('',*,*,#3018,.F.);
#2320=ORIENTED_EDGE('',*,*,#3149,.F.);
#2321=ORIENTED_EDGE('',*,*,#3021,.F.);
#2322=ORIENTED_EDGE('',*,*,#2994,.T.);
#2323=ORIENTED_EDGE('',*,*,#3279,.F.);
#2324=CARTESIAN_POINT('',(0.0,5.754625,-10.0));
#2325=DIRECTION('',(0.0,-1.0,-0.0));
#2326=DIRECTION('',(1.0,0.0,0.0));
#2327=SURFACE_STYLE_FILL_AREA(#3280);
#2328=ORIENTED_EDGE('',*,*,#3279,.T.);
#2329=ORIENTED_EDGE('',*,*,#2993,.T.);
#2330=CARTESIAN_POINT('',(0.0,6.0,-10.0));
#2331=DIRECTION('',(-0.0,1.0,0.0));
#2332=DIRECTION('',(1.0,0.0,0.0));
#2333=SURFACE_STYLE_FILL_AREA(#3281);
#2334=ORIENTED_EDGE('',*,*,#3282,.F.);
#2335=ORIENTED_EDGE('',*,*,#3283,.T.);
#2336=ORIENTED_EDGE('',*,*,#3284,.F.);
#2337=ORIENTED_EDGE('',*,*,#3285,.F.);
#2338=CARTESIAN_POINT('',(0.5773502692,-6.5,-12.0));
#2339=DIRECTION('',(0.0,0.0,-1.0));
#2340=DIRECTION('',(-1.0,0.0,0.0));
#2341=SURFACE_STYLE_FILL_AREA(#3286);
#2342=ORIENTED_EDGE('',*,*,#3287,.F.);
#2343=ORIENTED_EDGE('',*,*,#3285,.T.);
#2344=ORIENTED_EDGE('',*,*,#3288,.F.);
#2345=ORIENTED_EDGE('',*,*,#3289,.F.);
#2346=CARTESIAN_POINT('',(-1.7320508076,-6.5,-11.0));
#2347=DIRECTION('',(-0.866025403780548,0.0,-0.500000000006738));
#2348=DIRECTION('',(-0.500000000006738,0.0,0.866025403780548));
#2349=SURFACE_STYLE_FILL_AREA(#3290);
#2350=ORIENTED_EDGE('',*,*,#3291,.F.);
#2351=ORIENTED_EDGE('',*,*,#3289,.T.);
#2352=ORIENTED_EDGE('',*,*,#3292,.F.);
#2353=ORIENTED_EDGE('',*,*,#3293,.F.);
#2354=CARTESIAN_POINT('',(-1.7320508076,-6.5,-9.0));
#2355=DIRECTION('',(-0.866025403780548,0.0,0.500000000006738));
#2356=DIRECTION('',(0.500000000006738,0.0,0.866025403780548));
#2357=SURFACE_STYLE_FILL_AREA(#3294);
#2358=ORIENTED_EDGE('',*,*,#3295,.F.);
#2359=ORIENTED_EDGE('',*,*,#3293,.T.);
#2360=ORIENTED_EDGE('',*,*,#3296,.F.);
#2361=ORIENTED_EDGE('',*,*,#3297,.F.);
#2362=CARTESIAN_POINT('',(0.0,-6.5,-8.0));
#2363=DIRECTION('',(0.0,0.0,1.0));
#2364=DIRECTION('',(1.0,0.0,0.0));
#2365=SURFACE_STYLE_FILL_AREA(#3298);
#2366=ORIENTED_EDGE('',*,*,#3299,.F.);
#2367=ORIENTED_EDGE('',*,*,#3300,.T.);
#2368=ORIENTED_EDGE('',*,*,#3301,.F.);
#2369=ORIENTED_EDGE('',*,*,#3283,.F.);
#2370=CARTESIAN_POINT('',(1.7320508076,-6.5,-11.0));
#2371=DIRECTION('',(0.866025403780548,0.0,-0.500000000006738));
#2372=DIRECTION('',(-0.500000000006738,0.0,-0.866025403780548));
#2373=SURFACE_STYLE_FILL_AREA(#3302);
#2374=ORIENTED_EDGE('',*,*,#3303,.F.);
#2375=ORIENTED_EDGE('',*,*,#3297,.T.);
#2376=ORIENTED_EDGE('',*,*,#3304,.F.);
#2377=ORIENTED_EDGE('',*,*,#3300,.F.);
#2378=CARTESIAN_POINT('',(1.7320508076,-6.5,-9.0));
#2379=DIRECTION('',(0.866025403780548,0.0,0.500000000006738));
#2380=DIRECTION('',(0.500000000006738,0.0,-0.866025403780548));
#2381=SURFACE_STYLE_FILL_AREA(#3305);
#2382=ORIENTED_EDGE('',*,*,#3296,.T.);
#2383=ORIENTED_EDGE('',*,*,#3292,.T.);
#2384=ORIENTED_EDGE('',*,*,#3288,.T.);
#2385=ORIENTED_EDGE('',*,*,#3284,.T.);
#2386=ORIENTED_EDGE('',*,*,#3301,.T.);
#2387=ORIENTED_EDGE('',*,*,#3304,.T.);
#2388=CARTESIAN_POINT('',(6.8968400014714E-17,-3.5,-10.0));
#2389=DIRECTION('',(0.0,1.0,0.0));
#2390=DIRECTION('',(0.0,0.0,-1.0));
#2391=SURFACE_STYLE_FILL_AREA(#3306);
#2392=ORIENTED_EDGE('',*,*,#2988,.T.);
#2393=ORIENTED_EDGE('',*,*,#3307,.F.);
#2394=ORIENTED_EDGE('',*,*,#2989,.T.);
#2395=ORIENTED_EDGE('',*,*,#3308,.F.);
#2396=CARTESIAN_POINT('',(0.0,-5.0,-10.0));
#2397=DIRECTION('',(0.0,-1.0,0.0));
#2398=DIRECTION('',(1.0,0.0,0.0));
#2399=SURFACE_STYLE_FILL_AREA(#3309);
#2400=ORIENTED_EDGE('',*,*,#2983,.T.);
#2401=ORIENTED_EDGE('',*,*,#3310,.F.);
#2402=ORIENTED_EDGE('',*,*,#2985,.T.);
#2403=ORIENTED_EDGE('',*,*,#3308,.T.);
#2404=CARTESIAN_POINT('',(0.0,-3.75,-10.0));
#2405=DIRECTION('',(-0.0,1.0,0.0));
#2406=DIRECTION('',(1.0,0.0,0.0));
#2407=SURFACE_STYLE_FILL_AREA(#3311);
#2408=ORIENTED_EDGE('',*,*,#3295,.T.);
#2409=ORIENTED_EDGE('',*,*,#3303,.T.);
#2410=ORIENTED_EDGE('',*,*,#3299,.T.);
#2411=ORIENTED_EDGE('',*,*,#3282,.T.);
#2412=ORIENTED_EDGE('',*,*,#3287,.T.);
#2413=ORIENTED_EDGE('',*,*,#3291,.T.);
#2414=ORIENTED_EDGE('',*,*,#3307,.T.);
#2415=ORIENTED_EDGE('',*,*,#2990,.T.);
#2416=CARTESIAN_POINT('',(0.0,-5.5,-10.0));
#2417=DIRECTION('',(0.0,-1.0,0.0));
#2418=DIRECTION('',(-1.0,0.0,0.0));
#2419=SURFACE_STYLE_FILL_AREA(#3312);
#2420=ORIENTED_EDGE('',*,*,#2981,.T.);
#2421=ORIENTED_EDGE('',*,*,#3313,.T.);
#2422=CARTESIAN_POINT('',(7.675,-6.2573593128,-6.2573593128));
#2423=DIRECTION('',(0.0,0.707106781186548,0.707106781186548));
#2424=DIRECTION('',(-1.0,-0.0,0.0));
#2425=SURFACE_STYLE_FILL_AREA(#3314);
#2426=ORIENTED_EDGE('',*,*,#2978,.T.);
#2427=ORIENTED_EDGE('',*,*,#3313,.F.);
#2428=ORIENTED_EDGE('',*,*,#2980,.T.);
#2429=ORIENTED_EDGE('',*,*,#3315,.F.);
#2430=CARTESIAN_POINT('',(6.85,-8.73223304695292,-8.73223304695292));
#2431=DIRECTION('',(0.0,-0.707106781186548,-0.707106781186548));
#2432=DIRECTION('',(1.0,0.0,0.0));
#2433=SURFACE_STYLE_FILL_AREA(#3316);
#2434=ORIENTED_EDGE('',*,*,#2976,.T.);
#2435=ORIENTED_EDGE('',*,*,#3317,.T.);
#2436=CARTESIAN_POINT('',(-6.025,-6.2573593128,-6.2573593128));
#2437=DIRECTION('',(0.0,0.707106781186548,0.707106781186548));
#2438=DIRECTION('',(-1.0,-0.0,0.0));
#2439=SURFACE_STYLE_FILL_AREA(#3318);
#2440=ORIENTED_EDGE('',*,*,#2973,.T.);
#2441=ORIENTED_EDGE('',*,*,#3317,.F.);
#2442=ORIENTED_EDGE('',*,*,#2975,.T.);
#2443=ORIENTED_EDGE('',*,*,#3319,.F.);
#2444=CARTESIAN_POINT('',(-6.85,-8.73223304695292,-8.73223304695292));
#2445=DIRECTION('',(0.0,-0.707106781186548,-0.707106781186548));
#2446=DIRECTION('',(1.0,0.0,0.0));
#2447=SURFACE_STYLE_FILL_AREA(#3320);
#2448=ORIENTED_EDGE('',*,*,#2968,.T.);
#2449=ORIENTED_EDGE('',*,*,#3277,.F.);
#2450=ORIENTED_EDGE('',*,*,#2970,.T.);
#2451=ORIENTED_EDGE('',*,*,#3321,.F.);
#2452=CARTESIAN_POINT('',(0.0,-1.0,-10.0));
#2453=DIRECTION('',(-0.0,1.0,0.0));
#2454=DIRECTION('',(1.0,0.0,0.0));
#2455=SURFACE_STYLE_FILL_AREA(#3322);
#2456=ORIENTED_EDGE('',*,*,#2963,.T.);
#2457=ORIENTED_EDGE('',*,*,#3241,.F.);
#2458=ORIENTED_EDGE('',*,*,#2965,.T.);
#2459=ORIENTED_EDGE('',*,*,#3323,.F.);
#2460=CARTESIAN_POINT('',(0.0,-10.0,-1.0));
#2461=DIRECTION('',(0.0,0.0,1.0));
#2462=DIRECTION('',(1.0,0.0,0.0));
#2463=SURFACE_STYLE_FILL_AREA(#3324);
#2464=ORIENTED_EDGE('',*,*,#3325,.F.);
#2465=ORIENTED_EDGE('',*,*,#3326,.F.);
#2466=ORIENTED_EDGE('',*,*,#3327,.F.);
#2467=ORIENTED_EDGE('',*,*,#3328,.F.);
#2468=ORIENTED_EDGE('',*,*,#3329,.F.);
#2469=ORIENTED_EDGE('',*,*,#3330,.F.);
#2470=ORIENTED_EDGE('',*,*,#3331,.F.);
#2471=CARTESIAN_POINT('',(-8.3,-1.7,-21.0));
#2472=DIRECTION('',(0.0,-0.0,1.0));
#2473=DIRECTION('',(2.61228946970625E-16,1.0,0.0));
#2474=SURFACE_STYLE_FILL_AREA(#3332);
#2475=ORIENTED_EDGE('',*,*,#3325,.T.);
#2476=ORIENTED_EDGE('',*,*,#3333,.T.);
#2477=ORIENTED_EDGE('',*,*,#3334,.T.);
#2478=ORIENTED_EDGE('',*,*,#3335,.F.);
#2479=CARTESIAN_POINT('',(-10.0,-0.499999999999995,-19.5));
#2480=DIRECTION('',(1.0,0.0,0.0));
#2481=DIRECTION('',(0.0,-1.06581410364016E-14,-1.0));
#2482=SURFACE_STYLE_FILL_AREA(#3336);
#2483=ORIENTED_EDGE('',*,*,#2969,.T.);
#2484=ORIENTED_EDGE('',*,*,#3321,.T.);
#2485=ORIENTED_EDGE('',*,*,#3331,.T.);
#2486=ORIENTED_EDGE('',*,*,#3337,.T.);
#2487=ORIENTED_EDGE('',*,*,#3338,.F.);
#2488=ORIENTED_EDGE('',*,*,#3339,.T.);
#2489=ORIENTED_EDGE('',*,*,#3340,.F.);
#2490=ORIENTED_EDGE('',*,*,#3341,.T.);
#2491=ORIENTED_EDGE('',*,*,#3342,.T.);
#2492=ORIENTED_EDGE('',*,*,#3333,.F.);
#2493=CARTESIAN_POINT('',(-10.0,0.0,-9.75));
#2494=DIRECTION('',(0.0,1.0,0.0));
#2495=DIRECTION('',(0.0,0.0,1.0));
#2496=SURFACE_STYLE_FILL_AREA(#3343);
#2497=ORIENTED_EDGE('',*,*,#3330,.T.);
#2498=ORIENTED_EDGE('',*,*,#3344,.T.);
#2499=ORIENTED_EDGE('',*,*,#3345,.F.);
#2500=ORIENTED_EDGE('',*,*,#3346,.F.);
#2501=ORIENTED_EDGE('',*,*,#3337,.F.);
#2502=CARTESIAN_POINT('',(11.0,-1.0,-1.0));
#2503=DIRECTION('',(-1.0,0.0,0.0));
#2504=DIRECTION('',(0.0,-1.11022302462516E-16,1.0));
#2505=SURFACE_STYLE_FILL_AREA(#3347);
#2506=ORIENTED_EDGE('',*,*,#3334,.F.);
#2507=ORIENTED_EDGE('',*,*,#3342,.F.);
#2508=ORIENTED_EDGE('',*,*,#3348,.F.);
#2509=ORIENTED_EDGE('',*,*,#3349,.F.);
#2510=ORIENTED_EDGE('',*,*,#3350,.F.);
#2511=ORIENTED_EDGE('',*,*,#3351,.F.);
#2512=ORIENTED_EDGE('',*,*,#3352,.F.);
#2513=CARTESIAN_POINT('',(8.3,-1.7,-21.0));
#2514=DIRECTION('',(0.0,0.0,1.0));
#2515=DIRECTION('',(1.0,-2.61228946970625E-16,0.0));
#2516=SURFACE_STYLE_FILL_AREA(#3353);
#2517=ORIENTED_EDGE('',*,*,#3326,.T.);
#2518=ORIENTED_EDGE('',*,*,#3335,.T.);
#2519=ORIENTED_EDGE('',*,*,#3352,.T.);
#2520=ORIENTED_EDGE('',*,*,#3354,.T.);
#2521=CARTESIAN_POINT('',(-10.0,-10.25,-20.0));
#2522=DIRECTION('',(0.0,0.0,-1.0));
#2523=DIRECTION('',(0.0,1.0,0.0));
#2524=SURFACE_STYLE_FILL_AREA(#3355);
#2525=ORIENTED_EDGE('',*,*,#2979,.T.);
#2526=ORIENTED_EDGE('',*,*,#3315,.T.);
#2527=ORIENTED_EDGE('',*,*,#2974,.T.);
#2528=ORIENTED_EDGE('',*,*,#3319,.T.);
#2529=ORIENTED_EDGE('',*,*,#3327,.T.);
#2530=ORIENTED_EDGE('',*,*,#3354,.F.);
#2531=ORIENTED_EDGE('',*,*,#3351,.T.);
#2532=ORIENTED_EDGE('',*,*,#3356,.F.);
#2533=ORIENTED_EDGE('',*,*,#3357,.T.);
#2534=ORIENTED_EDGE('',*,*,#3358,.F.);
#2535=ORIENTED_EDGE('',*,*,#3359,.T.);
#2536=ORIENTED_EDGE('',*,*,#3360,.F.);
#2537=ORIENTED_EDGE('',*,*,#3361,.T.);
#2538=ORIENTED_EDGE('',*,*,#3362,.T.);
#2539=ORIENTED_EDGE('',*,*,#3363,.F.);
#2540=ORIENTED_EDGE('',*,*,#3364,.T.);
#2541=ORIENTED_EDGE('',*,*,#3365,.T.);
#2542=ORIENTED_EDGE('',*,*,#3366,.T.);
#2543=ORIENTED_EDGE('',*,*,#3367,.T.);
#2544=ORIENTED_EDGE('',*,*,#3368,.T.);
#2545=ORIENTED_EDGE('',*,*,#3369,.F.);
#2546=ORIENTED_EDGE('',*,*,#3370,.T.);
#2547=ORIENTED_EDGE('',*,*,#3371,.T.);
#2548=ORIENTED_EDGE('',*,*,#3372,.T.);
#2549=CARTESIAN_POINT('',(-11.0,-10.5,-10.5));
#2550=DIRECTION('',(0.0,0.707106781186547,0.707106781186547));
#2551=DIRECTION('',(0.0,-0.707106781186548,0.707106781186548));
#2552=SURFACE_STYLE_FILL_AREA(#3373);
#2553=ORIENTED_EDGE('',*,*,#3329,.T.);
#2554=ORIENTED_EDGE('',*,*,#3374,.F.);
#2555=ORIENTED_EDGE('',*,*,#3359,.F.);
#2556=ORIENTED_EDGE('',*,*,#3375,.F.);
#2557=ORIENTED_EDGE('',*,*,#3376,.F.);
#2558=ORIENTED_EDGE('',*,*,#3377,.F.);
#2559=ORIENTED_EDGE('',*,*,#3344,.F.);
#2560=CARTESIAN_POINT('',(-8.3,1.0,-1.7));
#2561=DIRECTION('',(0.0,-1.0,0.0));
#2562=DIRECTION('',(2.61228946970625E-16,0.0,1.0));
#2563=SURFACE_STYLE_FILL_AREA(#3378);
#2564=ORIENTED_EDGE('',*,*,#2964,.T.);
#2565=ORIENTED_EDGE('',*,*,#3323,.T.);
#2566=ORIENTED_EDGE('',*,*,#3377,.T.);
#2567=ORIENTED_EDGE('',*,*,#3379,.T.);
#2568=ORIENTED_EDGE('',*,*,#3380,.T.);
#2569=ORIENTED_EDGE('',*,*,#3381,.T.);
#2570=ORIENTED_EDGE('',*,*,#3382,.F.);
#2571=ORIENTED_EDGE('',*,*,#3383,.T.);
#2572=ORIENTED_EDGE('',*,*,#3384,.F.);
#2573=ORIENTED_EDGE('',*,*,#3345,.T.);
#2574=CARTESIAN_POINT('',(-10.0,-9.75,0.0));
#2575=DIRECTION('',(0.0,0.0,1.0));
#2576=DIRECTION('',(0.0,-1.0,0.0));
#2577=SURFACE_STYLE_FILL_AREA(#3385);
#2578=ORIENTED_EDGE('',*,*,#3376,.T.);
#2579=ORIENTED_EDGE('',*,*,#3386,.T.);
#2580=ORIENTED_EDGE('',*,*,#3387,.T.);
#2581=ORIENTED_EDGE('',*,*,#3379,.F.);
#2582=CARTESIAN_POINT('',(-10.0,-19.5,-0.499999999999995));
#2583=DIRECTION('',(1.0,0.0,-0.0));
#2584=DIRECTION('',(0.0,1.06581410364016E-14,1.0));
#2585=SURFACE_STYLE_FILL_AREA(#3388);
#2586=ORIENTED_EDGE('',*,*,#3349,.T.);
#2587=ORIENTED_EDGE('',*,*,#3389,.F.);
#2588=ORIENTED_EDGE('',*,*,#3380,.F.);
#2589=ORIENTED_EDGE('',*,*,#3387,.F.);
#2590=ORIENTED_EDGE('',*,*,#3390,.F.);
#2591=ORIENTED_EDGE('',*,*,#3357,.F.);
#2592=ORIENTED_EDGE('',*,*,#3391,.F.);
#2593=CARTESIAN_POINT('',(8.3,1.0,-1.7));
#2594=DIRECTION('',(0.0,-1.0,0.0));
#2595=DIRECTION('',(1.0,0.0,-2.61228946970625E-16));
#2596=SURFACE_STYLE_FILL_AREA(#3392);
#2597=ORIENTED_EDGE('',*,*,#3375,.T.);
#2598=ORIENTED_EDGE('',*,*,#3358,.T.);
#2599=ORIENTED_EDGE('',*,*,#3390,.T.);
#2600=ORIENTED_EDGE('',*,*,#3386,.F.);
#2601=CARTESIAN_POINT('',(-10.0,-20.0,-10.25));
#2602=DIRECTION('',(0.0,-1.0,0.0));
#2603=DIRECTION('',(0.0,0.0,-1.0));
#2604=SURFACE_STYLE_FILL_AREA(#3393);
#2605=ORIENTED_EDGE('',*,*,#3348,.T.);
#2606=ORIENTED_EDGE('',*,*,#3341,.F.);
#2607=ORIENTED_EDGE('',*,*,#3394,.F.);
#2608=ORIENTED_EDGE('',*,*,#3381,.F.);
#2609=ORIENTED_EDGE('',*,*,#3389,.T.);
#2610=CARTESIAN_POINT('',(11.0,-1.0,-1.0));
#2611=DIRECTION('',(-1.0,0.0,0.0));
#2612=DIRECTION('',(0.0,-1.11022302462516E-16,1.0));
#2613=SURFACE_STYLE_FILL_AREA(#3395);
#2614=ORIENTED_EDGE('',*,*,#3350,.T.);
#2615=ORIENTED_EDGE('',*,*,#3391,.T.);
#2616=ORIENTED_EDGE('',*,*,#3356,.T.);
#2617=CARTESIAN_POINT('',(10.0,-10.0,-10.0));
#2618=DIRECTION('',(1.0,0.0,0.0));
#2619=DIRECTION('',(0.0,0.0,-1.0));
#2620=SURFACE_STYLE_FILL_AREA(#3396);
#2621=ORIENTED_EDGE('',*,*,#3346,.T.);
#2622=ORIENTED_EDGE('',*,*,#3384,.T.);
#2623=ORIENTED_EDGE('',*,*,#3397,.T.);
#2624=ORIENTED_EDGE('',*,*,#3338,.T.);
#2625=CARTESIAN_POINT('',(-8.1,-0.622353763280379,-0.622353763280379));
#2626=DIRECTION('',(-1.0,0.0,0.0));
#2627=DIRECTION('',(0.0,0.0,1.0));
#2628=SURFACE_STYLE_FILL_AREA(#3398);
#2629=ORIENTED_EDGE('',*,*,#3328,.T.);
#2630=ORIENTED_EDGE('',*,*,#3360,.T.);
#2631=ORIENTED_EDGE('',*,*,#3374,.T.);
#2632=CARTESIAN_POINT('',(-10.0,-10.0,-10.0));
#2633=DIRECTION('',(1.0,0.0,0.0));
#2634=DIRECTION('',(0.0,0.0,-1.0));
#2635=SURFACE_STYLE_FILL_AREA(#3399);
#2636=ORIENTED_EDGE('',*,*,#3394,.T.);
#2637=ORIENTED_EDGE('',*,*,#3340,.T.);
#2638=ORIENTED_EDGE('',*,*,#3400,.T.);
#2639=ORIENTED_EDGE('',*,*,#3382,.T.);
#2640=CARTESIAN_POINT('',(8.1,-0.622353763280379,-0.622353763280379));
#2641=DIRECTION('',(-1.0,0.0,0.0));
#2642=DIRECTION('',(0.0,0.0,1.0));
#2643=SURFACE_STYLE_FILL_AREA(#3401);
#2644=ORIENTED_EDGE('',*,*,#3397,.F.);
#2645=ORIENTED_EDGE('',*,*,#3383,.F.);
#2646=ORIENTED_EDGE('',*,*,#3400,.F.);
#2647=ORIENTED_EDGE('',*,*,#3339,.F.);
#2648=CARTESIAN_POINT('',(8.1,-1.5,-1.5));
#2649=DIRECTION('',(-0.0,-0.707106781186548,-0.707106781186548));
#2650=DIRECTION('',(0.0,-0.707106781186548,0.707106781186548));
#2651=SURFACE_STYLE_FILL_AREA(#3402);
#2652=ORIENTED_EDGE('',*,*,#3403,.F.);
#2653=ORIENTED_EDGE('',*,*,#3404,.F.);
#2654=ORIENTED_EDGE('',*,*,#3405,.F.);
#2655=ORIENTED_EDGE('',*,*,#3362,.F.);
#2656=CARTESIAN_POINT('',(8.425,-13.0809397513309,-7.9190602486691));
#2657=DIRECTION('',(0.0,-0.707106781186548,0.707106781186548));
#2658=DIRECTION('',(1.0,0.0,-0.0));
#2659=SURFACE_STYLE_FILL_AREA(#3406);
#2660=ORIENTED_EDGE('',*,*,#3407,.F.);
#2661=ORIENTED_EDGE('',*,*,#3408,.F.);
#2662=ORIENTED_EDGE('',*,*,#3409,.F.);
#2663=ORIENTED_EDGE('',*,*,#3410,.F.);
#2664=ORIENTED_EDGE('',*,*,#3363,.T.);
#2665=ORIENTED_EDGE('',*,*,#3405,.T.);
#2666=CARTESIAN_POINT('',(6.85,-10.5,-10.5));
#2667=DIRECTION('',(0.0,0.707106781186547,0.707106781186547));
#2668=DIRECTION('',(0.0,0.707106781186548,-0.707106781186548));
#2669=SURFACE_STYLE_FILL_AREA(#3411);
#2670=ORIENTED_EDGE('',*,*,#3412,.F.);
#2671=ORIENTED_EDGE('',*,*,#3364,.F.);
#2672=ORIENTED_EDGE('',*,*,#3410,.T.);
#2673=ORIENTED_EDGE('',*,*,#3413,.F.);
#2674=CARTESIAN_POINT('',(8.425,-7.9190602486691,-13.0809397513309));
#2675=DIRECTION('',(0.0,0.707106781186548,-0.707106781186548));
#2676=DIRECTION('',(-1.0,0.0,0.0));
#2677=SURFACE_STYLE_FILL_AREA(#3414);
#2678=ORIENTED_EDGE('',*,*,#3412,.T.);
#2679=ORIENTED_EDGE('',*,*,#3415,.T.);
#2680=ORIENTED_EDGE('',*,*,#3365,.F.);
#2681=CARTESIAN_POINT('',(8.1,-12.0763713557736,-12.0763713557736));
#2682=DIRECTION('',(1.0,0.0,0.0));
#2683=DIRECTION('',(0.0,0.0,-1.0));
#2684=SURFACE_STYLE_FILL_AREA(#3416);
#2685=ORIENTED_EDGE('',*,*,#3403,.T.);
#2686=ORIENTED_EDGE('',*,*,#3361,.F.);
#2687=ORIENTED_EDGE('',*,*,#3417,.T.);
#2688=CARTESIAN_POINT('',(8.1,-12.0763713557736,-12.0763713557736));
#2689=DIRECTION('',(1.0,0.0,0.0));
#2690=DIRECTION('',(0.0,0.0,-1.0));
#2691=SURFACE_STYLE_FILL_AREA(#3418);
#2692=ORIENTED_EDGE('',*,*,#2986,.T.);
#2693=ORIENTED_EDGE('',*,*,#3310,.T.);
#2694=ORIENTED_EDGE('',*,*,#3413,.T.);
#2695=ORIENTED_EDGE('',*,*,#3409,.T.);
#2696=ORIENTED_EDGE('',*,*,#3419,.F.);
#2697=ORIENTED_EDGE('',*,*,#3420,.T.);
#2698=ORIENTED_EDGE('',*,*,#3421,.T.);
#2699=ORIENTED_EDGE('',*,*,#3422,.T.);
#2700=ORIENTED_EDGE('',*,*,#3366,.F.);
#2701=ORIENTED_EDGE('',*,*,#3415,.F.);
#2702=CARTESIAN_POINT('',(-8.1,-2.0,-12.5));
#2703=DIRECTION('',(0.0,1.0,0.0));
#2704=DIRECTION('',(-0.0,0.0,1.0));
#2705=SURFACE_STYLE_FILL_AREA(#3423);
#2706=ORIENTED_EDGE('',*,*,#3420,.F.);
#2707=ORIENTED_EDGE('',*,*,#3424,.F.);
#2708=ORIENTED_EDGE('',*,*,#3425,.F.);
#2709=ORIENTED_EDGE('',*,*,#3426,.F.);
#2710=ORIENTED_EDGE('',*,*,#3369,.T.);
#2711=ORIENTED_EDGE('',*,*,#3427,.T.);
#2712=CARTESIAN_POINT('',(-6.85,-10.5,-10.5));
#2713=DIRECTION('',(0.0,0.707106781186547,0.707106781186547));
#2714=DIRECTION('',(0.0,-0.707106781186548,0.707106781186548));
#2715=SURFACE_STYLE_FILL_AREA(#3428);
#2716=ORIENTED_EDGE('',*,*,#3421,.F.);
#2717=ORIENTED_EDGE('',*,*,#3427,.F.);
#2718=ORIENTED_EDGE('',*,*,#3368,.F.);
#2719=ORIENTED_EDGE('',*,*,#3429,.F.);
#2720=CARTESIAN_POINT('',(-8.425,-7.9190602486691,-13.0809397513309));
#2721=DIRECTION('',(0.0,0.707106781186548,-0.707106781186548));
#2722=DIRECTION('',(-1.0,0.0,0.0));
#2723=SURFACE_STYLE_FILL_AREA(#3430);
#2724=ORIENTED_EDGE('',*,*,#3431,.F.);
#2725=ORIENTED_EDGE('',*,*,#3432,.F.);
#2726=ORIENTED_EDGE('',*,*,#3370,.F.);
#2727=ORIENTED_EDGE('',*,*,#3426,.T.);
#2728=CARTESIAN_POINT('',(-8.425,-13.0809397513309,-7.9190602486691));
#2729=DIRECTION('',(0.0,-0.707106781186548,0.707106781186548));
#2730=DIRECTION('',(1.0,0.0,0.0));
#2731=SURFACE_STYLE_FILL_AREA(#3433);
#2732=ORIENTED_EDGE('',*,*,#3432,.T.);
#2733=ORIENTED_EDGE('',*,*,#3434,.F.);
#2734=ORIENTED_EDGE('',*,*,#3371,.F.);
#2735=CARTESIAN_POINT('',(-8.1,-12.0763713557736,-12.0763713557736));
#2736=DIRECTION('',(1.0,0.0,0.0));
#2737=DIRECTION('',(0.0,0.0,-1.0));
#2738=SURFACE_STYLE_FILL_AREA(#3435);
#2739=ORIENTED_EDGE('',*,*,#3429,.T.);
#2740=ORIENTED_EDGE('',*,*,#3367,.F.);
#2741=ORIENTED_EDGE('',*,*,#3422,.F.);
#2742=CARTESIAN_POINT('',(-8.1,-12.0763713557736,-12.0763713557736));
#2743=DIRECTION('',(1.0,0.0,0.0));
#2744=DIRECTION('',(0.0,0.0,-1.0));
#2745=SURFACE_STYLE_FILL_AREA(#3436);
#2746=ORIENTED_EDGE('',*,*,#3408,.T.);
#2747=ORIENTED_EDGE('',*,*,#3437,.F.);
#2748=ORIENTED_EDGE('',*,*,#3424,.T.);
#2749=ORIENTED_EDGE('',*,*,#3419,.T.);
#2750=CARTESIAN_POINT('',(-8.1,-2.5,-2.5));
#2751=DIRECTION('',(0.0,0.707106781186547,0.707106781186547));
#2752=DIRECTION('',(-0.0,-0.707106781186548,0.707106781186548));
#2753=SURFACE_STYLE_FILL_AREA(#3438);
#2754=ORIENTED_EDGE('',*,*,#3002,.T.);
#2755=ORIENTED_EDGE('',*,*,#3274,.T.);
#2756=ORIENTED_EDGE('',*,*,#3404,.T.);
#2757=ORIENTED_EDGE('',*,*,#3417,.F.);
#2758=ORIENTED_EDGE('',*,*,#3372,.F.);
#2759=ORIENTED_EDGE('',*,*,#3434,.T.);
#2760=ORIENTED_EDGE('',*,*,#3431,.T.);
#2761=ORIENTED_EDGE('',*,*,#3425,.T.);
#2762=ORIENTED_EDGE('',*,*,#3437,.T.);
#2763=ORIENTED_EDGE('',*,*,#3407,.T.);
#2764=CARTESIAN_POINT('',(-8.1,-12.5,-2.0));
#2765=DIRECTION('',(0.0,0.0,1.0));
#2766=DIRECTION('',(-0.0,-1.0,0.0));
#2767=SURFACE_STYLE_FILL_AREA(#3439);
#2768=ORIENTED_EDGE('',*,*,#3440,.F.);
#2769=ORIENTED_EDGE('',*,*,#3441,.F.);
#2770=ORIENTED_EDGE('',*,*,#3442,.F.);
#2771=ORIENTED_EDGE('',*,*,#3443,.F.);
#2772=CARTESIAN_POINT('',(6.85,-8.53848578900733,-8.53848578900733));
#2773=DIRECTION('',(0.0,0.707106781186548,0.707106781186548));
#2774=DIRECTION('',(0.0,-0.707106781186548,0.707106781186548));
#2775=SURFACE_STYLE_FILL_AREA(#3444);
#2776=ORIENTED_EDGE('',*,*,#3445,.F.);
#2777=ORIENTED_EDGE('',*,*,#3446,.F.);
#2778=ORIENTED_EDGE('',*,*,#3447,.F.);
#2779=ORIENTED_EDGE('',*,*,#3448,.F.);
#2780=CARTESIAN_POINT('',(-6.85,-8.53848578900733,-8.53848578900733));
#2781=DIRECTION('',(0.0,0.707106781186548,0.707106781186548));
#2782=DIRECTION('',(0.0,-0.707106781186548,0.707106781186548));
#2783=SURFACE_STYLE_FILL_AREA(#3449);
#2784=ORIENTED_EDGE('',*,*,#3445,.T.);
#2785=ORIENTED_EDGE('',*,*,#3450,.F.);
#2786=ORIENTED_EDGE('',*,*,#3447,.T.);
#2787=ORIENTED_EDGE('',*,*,#3451,.F.);
#2788=CARTESIAN_POINT('',(-6.85,-8.53848578900733,-8.53848578900733));
#2789=DIRECTION('',(0.0,0.707106781186548,0.707106781186548));
#2790=DIRECTION('',(0.0,-0.707106781186548,0.707106781186548));
#2791=SURFACE_STYLE_FILL_AREA(#3452);
#2792=ORIENTED_EDGE('',*,*,#3448,.T.);
#2793=ORIENTED_EDGE('',*,*,#3450,.T.);
#2794=CARTESIAN_POINT('',(-6.85,-6.57626447121466,-6.57626447121466));
#2795=DIRECTION('',(0.0,0.707106781186548,0.707106781186548));
#2796=DIRECTION('',(0.0,-0.707106781186548,0.707106781186548));
#2797=SURFACE_STYLE_FILL_AREA(#3453);
#2798=ORIENTED_EDGE('',*,*,#3440,.T.);
#2799=ORIENTED_EDGE('',*,*,#3454,.F.);
#2800=ORIENTED_EDGE('',*,*,#3442,.T.);
#2801=ORIENTED_EDGE('',*,*,#3455,.F.);
#2802=CARTESIAN_POINT('',(6.85,-8.53848578900733,-8.53848578900733));
#2803=DIRECTION('',(0.0,0.707106781186548,0.707106781186548));
#2804=DIRECTION('',(0.0,-0.707106781186548,0.707106781186548));
#2805=SURFACE_STYLE_FILL_AREA(#3456);
#2806=ORIENTED_EDGE('',*,*,#3443,.T.);
#2807=ORIENTED_EDGE('',*,*,#3454,.T.);
#2808=CARTESIAN_POINT('',(6.85,-6.57626447121466,-6.57626447121466));
#2809=DIRECTION('',(0.0,0.707106781186548,0.707106781186548));
#2810=DIRECTION('',(0.0,-0.707106781186548,0.707106781186548));
#2811=SURFACE_STYLE_FILL_AREA(#3457);
#2812=ORIENTED_EDGE('',*,*,#3458,.F.);
#2813=ORIENTED_EDGE('',*,*,#3459,.F.);
#2814=ORIENTED_EDGE('',*,*,#3460,.T.);
#2815=CARTESIAN_POINT('',(8.5,-2.7684944545,-19.6471333214));
#2816=DIRECTION('',(0.0,-0.707106781186548,-0.707106781186548));
#2817=DIRECTION('',(0.0,0.707106781186548,-0.707106781186548));
#2818=SURFACE_STYLE_FILL_AREA(#3461);
#2819=ORIENTED_EDGE('',*,*,#3459,.T.);
#2820=ORIENTED_EDGE('',*,*,#3462,.F.);
#2821=ORIENTED_EDGE('',*,*,#3463,.F.);
#2822=ORIENTED_EDGE('',*,*,#3464,.F.);
#2823=CARTESIAN_POINT('',(12.0,-2.7684944545,-19.6471333214404));
#2824=DIRECTION('',(-1.0,0.0,-0.0));
#2825=DIRECTION('',(0.0,0.707106781186548,-0.707106781186547));
#2826=SURFACE_STYLE_FILL_AREA(#3465);
#2827=ORIENTED_EDGE('',*,*,#3466,.T.);
#2828=ORIENTED_EDGE('',*,*,#3467,.T.);
#2829=ORIENTED_EDGE('',*,*,#3468,.T.);
#2830=CARTESIAN_POINT('',(8.5,-19.6471333214,-2.7684944545));
#2831=DIRECTION('',(0.0,-0.707106781186548,-0.707106781186548));
#2832=DIRECTION('',(1.0,0.0,0.0));
#2833=SURFACE_STYLE_FILL_AREA(#3469);
#2834=ORIENTED_EDGE('',*,*,#3458,.T.);
#2835=ORIENTED_EDGE('',*,*,#3470,.F.);
#2836=ORIENTED_EDGE('',*,*,#3467,.F.);
#2837=ORIENTED_EDGE('',*,*,#3471,.F.);
#2838=CARTESIAN_POINT('',(8.5,-0.293620720320179,-22.1220070556202));
#2839=DIRECTION('',(-4.38256058456118E-32,-0.707106781186548,0.707106781186547));
#2840=DIRECTION('',(-4.44089209850063E-16,-0.707106781186547,-0.707106781186548));
#2841=SURFACE_STYLE_FILL_AREA(#3472);
#2842=ORIENTED_EDGE('',*,*,#3466,.F.);
#2843=ORIENTED_EDGE('',*,*,#3473,.F.);
#2844=ORIENTED_EDGE('',*,*,#3474,.T.);
#2845=ORIENTED_EDGE('',*,*,#3475,.F.);
#2846=CARTESIAN_POINT('',(-12.0,-19.6471333214404,-2.7684944545));
#2847=DIRECTION('',(1.0,0.0,0.0));
#2848=DIRECTION('',(0.0,-0.707106781186547,0.707106781186548));
#2849=SURFACE_STYLE_FILL_AREA(#3476);
#2850=ORIENTED_EDGE('',*,*,#3477,.F.);
#2851=ORIENTED_EDGE('',*,*,#3474,.F.);
#2852=ORIENTED_EDGE('',*,*,#3478,.T.);
#2853=CARTESIAN_POINT('',(-8.5,-19.6471333214,-2.7684944545));
#2854=DIRECTION('',(0.0,-0.707106781186548,-0.707106781186548));
#2855=DIRECTION('',(0.0,-0.707106781186548,0.707106781186548));
#2856=SURFACE_STYLE_FILL_AREA(#3479);
#2857=ORIENTED_EDGE('',*,*,#3463,.T.);
#2858=ORIENTED_EDGE('',*,*,#3480,.T.);
#2859=ORIENTED_EDGE('',*,*,#3481,.T.);
#2860=CARTESIAN_POINT('',(-8.5,-2.7684944545,-19.6471333214));
#2861=DIRECTION('',(0.0,-0.707106781186548,-0.707106781186548));
#2862=DIRECTION('',(-1.0,0.0,0.0));
#2863=SURFACE_STYLE_FILL_AREA(#3482);
#2864=ORIENTED_EDGE('',*,*,#3477,.T.);
#2865=ORIENTED_EDGE('',*,*,#3483,.F.);
#2866=ORIENTED_EDGE('',*,*,#3480,.F.);
#2867=ORIENTED_EDGE('',*,*,#3484,.F.);
#2868=CARTESIAN_POINT('',(-8.5,-22.1220070556202,-0.293620720320179));
#2869=DIRECTION('',(4.38256058456118E-32,0.707106781186547,-0.707106781186548));
#2870=DIRECTION('',(4.44089209850063E-16,-0.707106781186548,-0.707106781186547));
#2871=SURFACE_STYLE_FILL_AREA(#3485);
#2872=ORIENTED_EDGE('',*,*,#3481,.F.);
#2873=ORIENTED_EDGE('',*,*,#3486,.F.);
#2874=ORIENTED_EDGE('',*,*,#3487,.T.);
#2875=ORIENTED_EDGE('',*,*,#3488,.T.);
#2876=CARTESIAN_POINT('',(-8.5,-2.06138767333855,-18.9400265402614));
#2877=DIRECTION('',(0.0,-0.707106781186547,-0.707106781186547));
#2878=DIRECTION('',(-1.0,-1.6747652892627E-15,1.6747652892627E-15));
#2879=SURFACE_STYLE_FILL_AREA(#3489);
#2880=ORIENTED_EDGE('',*,*,#3462,.T.);
#2881=ORIENTED_EDGE('',*,*,#3471,.T.);
#2882=ORIENTED_EDGE('',*,*,#3475,.T.);
#2883=ORIENTED_EDGE('',*,*,#3484,.T.);
#2884=CARTESIAN_POINT('',(8.32667268468867E-17,-12.2684740597664,-12.2684740597664));
#2885=DIRECTION('',(0.0,-0.707106781186548,-0.707106781186548));
#2886=DIRECTION('',(0.0,-0.707106781186548,0.707106781186548));
#2887=SURFACE_STYLE_FILL_AREA(#3490);
#2888=ORIENTED_EDGE('',*,*,#3468,.F.);
#2889=ORIENTED_EDGE('',*,*,#3491,.F.);
#2890=ORIENTED_EDGE('',*,*,#3492,.T.);
#2891=ORIENTED_EDGE('',*,*,#3493,.T.);
#2892=CARTESIAN_POINT('',(8.5,-18.9400265402614,-2.06138767333855));
#2893=DIRECTION('',(0.0,-0.707106781186547,-0.707106781186547));
#2894=DIRECTION('',(1.0,1.6747652892627E-15,-1.6747652892627E-15));
#2895=SURFACE_STYLE_FILL_AREA(#3494);
#2896=ORIENTED_EDGE('',*,*,#3470,.T.);
#2897=ORIENTED_EDGE('',*,*,#3495,.F.);
#2898=ORIENTED_EDGE('',*,*,#3496,.T.);
#2899=ORIENTED_EDGE('',*,*,#3491,.T.);
#2900=CARTESIAN_POINT('',(10.0,-10.5007071068,-10.5007071068));
#2901=DIRECTION('',(1.0,0.0,0.0));
#2902=DIRECTION('',(0.0,-0.707106781186548,0.707106781186548));
#2903=SURFACE_STYLE_FILL_AREA(#3497);
#2904=ORIENTED_EDGE('',*,*,#3460,.F.);
#2905=ORIENTED_EDGE('',*,*,#3498,.F.);
#2906=ORIENTED_EDGE('',*,*,#3499,.T.);
#2907=ORIENTED_EDGE('',*,*,#3495,.T.);
#2908=CARTESIAN_POINT('',(8.5,-2.06138767333855,-18.9400265402614));
#2909=DIRECTION('',(0.0,-0.707106781186547,-0.707106781186547));
#2910=DIRECTION('',(-2.36847578586701E-15,0.707106781186547,-0.707106781186547));
#2911=SURFACE_STYLE_FILL_AREA(#3500);
#2912=ORIENTED_EDGE('',*,*,#3483,.T.);
#2913=ORIENTED_EDGE('',*,*,#3501,.F.);
#2914=ORIENTED_EDGE('',*,*,#3502,.T.);
#2915=ORIENTED_EDGE('',*,*,#3486,.T.);
#2916=CARTESIAN_POINT('',(-10.0,-10.5007071068,-10.5007071068));
#2917=DIRECTION('',(-1.0,0.0,0.0));
#2918=DIRECTION('',(0.0,0.707106781186548,-0.707106781186548));
#2919=SURFACE_STYLE_FILL_AREA(#3503);
#2920=ORIENTED_EDGE('',*,*,#3478,.F.);
#2921=ORIENTED_EDGE('',*,*,#3504,.F.);
#2922=ORIENTED_EDGE('',*,*,#3505,.T.);
#2923=ORIENTED_EDGE('',*,*,#3501,.T.);
#2924=CARTESIAN_POINT('',(-8.5,-18.9400265402614,-2.06138767333855));
#2925=DIRECTION('',(0.0,-0.707106781186547,-0.707106781186547));
#2926=DIRECTION('',(2.36847578586701E-15,-0.707106781186547,0.707106781186547));
#2927=SURFACE_STYLE_FILL_AREA(#3506);
#2928=ORIENTED_EDGE('',*,*,#3464,.T.);
#2929=ORIENTED_EDGE('',*,*,#3488,.F.);
#2930=ORIENTED_EDGE('',*,*,#3507,.T.);
#2931=ORIENTED_EDGE('',*,*,#3498,.T.);
#2932=CARTESIAN_POINT('',(0.0,-1.00072750155873,-20.0006867120413));
#2933=DIRECTION('',(0.0,0.707106781186548,-0.707106781186548));
#2934=DIRECTION('',(1.0,0.0,0.0));
#2935=SURFACE_STYLE_FILL_AREA(#3508);
#2936=ORIENTED_EDGE('',*,*,#3473,.T.);
#2937=ORIENTED_EDGE('',*,*,#3493,.F.);
#2938=ORIENTED_EDGE('',*,*,#3509,.T.);
#2939=ORIENTED_EDGE('',*,*,#3504,.T.);
#2940=CARTESIAN_POINT('',(0.0,-20.0006867120413,-1.00072750155873));
#2941=DIRECTION('',(0.0,-0.707106781186548,0.707106781186548));
#2942=DIRECTION('',(-1.0,0.0,0.0));
#2943=SURFACE_STYLE_FILL_AREA(#3510);
#2944=ORIENTED_EDGE('',*,*,#3451,.T.);
#2945=ORIENTED_EDGE('',*,*,#3446,.T.);
#2946=ORIENTED_EDGE('',*,*,#3455,.T.);
#2947=ORIENTED_EDGE('',*,*,#3441,.T.);
#2948=ORIENTED_EDGE('',*,*,#3499,.F.);
#2949=ORIENTED_EDGE('',*,*,#3507,.F.);
#2950=ORIENTED_EDGE('',*,*,#3487,.F.);
#2951=ORIENTED_EDGE('',*,*,#3502,.F.);
#2952=ORIENTED_EDGE('',*,*,#3505,.F.);
#2953=ORIENTED_EDGE('',*,*,#3509,.F.);
#2954=ORIENTED_EDGE('',*,*,#3492,.F.);
#2955=ORIENTED_EDGE('',*,*,#3496,.F.);
#2956=CARTESIAN_POINT('',(0.0,-10.5007071068,-10.5007071068));
#2957=DIRECTION('',(0.0,-0.707106781186548,-0.707106781186548));
#2958=DIRECTION('',(0.0,-0.707106781186548,0.707106781186548));
#2959=SURFACE_STYLE_FILL_AREA(#3511);
#2960=SURFACE_STYLE_FILL_AREA(#3512);
#2962=FILL_AREA_STYLE('',(#3513));
#2963=EDGE_CURVE('',#3514,#3515,#3516,.T.);
#2964=EDGE_CURVE('',#3517,#3514,#3518,.T.);
#2965=EDGE_CURVE('',#3519,#3517,#3520,.T.);
#2966=EDGE_CURVE('',#3515,#3519,#3521,.T.);
#2967=FILL_AREA_STYLE('',(#3522));
#2968=EDGE_CURVE('',#3523,#3524,#3525,.T.);
#2969=EDGE_CURVE('',#3526,#3523,#3527,.T.);
#2970=EDGE_CURVE('',#3528,#3526,#3529,.T.);
#2971=EDGE_CURVE('',#3524,#3528,#3530,.T.);
#2972=FILL_AREA_STYLE('',(#3531));
#2973=EDGE_CURVE('',#3532,#3533,#3534,.T.);
#2974=EDGE_CURVE('',#3535,#3532,#3536,.T.);
#2975=EDGE_CURVE('',#3537,#3535,#3538,.T.);
#2976=EDGE_CURVE('',#3533,#3537,#3539,.T.);
#2977=FILL_AREA_STYLE('',(#3540));
#2978=EDGE_CURVE('',#3541,#3542,#3543,.T.);
#2979=EDGE_CURVE('',#3544,#3541,#3545,.T.);
#2980=EDGE_CURVE('',#3546,#3544,#3547,.T.);
#2981=EDGE_CURVE('',#3542,#3546,#3548,.T.);
#2982=FILL_AREA_STYLE('',(#3549));
#2983=EDGE_CURVE('',#3550,#3551,#3552,.T.);
#2984=EDGE_CURVE('',#3550,#3553,#3554,.T.);
#2985=EDGE_CURVE('',#3555,#3553,#3556,.T.);
#2986=EDGE_CURVE('',#3551,#3555,#3557,.T.);
#2987=FILL_AREA_STYLE('',(#3558));
#2988=EDGE_CURVE('',#3553,#3559,#3560,.T.);
#2989=EDGE_CURVE('',#3561,#3550,#3562,.T.);
#2990=EDGE_CURVE('',#3559,#3561,#3563,.T.);
#2991=FILL_AREA_STYLE('',(#3564));
#2992=EDGE_CURVE('',#3565,#3566,#3567,.T.);
#2993=EDGE_CURVE('',#3568,#3565,#3569,.T.);
#2994=EDGE_CURVE('',#3570,#3568,#3571,.T.);
#2995=EDGE_CURVE('',#3572,#3570,#3573,.T.);
#2996=EDGE_CURVE('',#3574,#3572,#3575,.T.);
#2997=EDGE_CURVE('',#3566,#3574,#3576,.T.);
#2998=FILL_AREA_STYLE('',(#3577));
#2999=EDGE_CURVE('',#3578,#3579,#3580,.T.);
#3000=EDGE_CURVE('',#3578,#3581,#3582,.T.);
#3001=EDGE_CURVE('',#3583,#3581,#3584,.T.);
#3002=EDGE_CURVE('',#3579,#3583,#3585,.T.);
#3003=FILL_AREA_STYLE('',(#3586));
#3004=EDGE_CURVE('',#3581,#3587,#3588,.T.);
#3005=EDGE_CURVE('',#3589,#3578,#3590,.T.);
#3006=EDGE_CURVE('',#3587,#3589,#3591,.T.);
#3007=FILL_AREA_STYLE('',(#3592));
#3008=EDGE_CURVE('',#3593,#3594,#3595,.T.);
#3009=EDGE_CURVE('',#3596,#3593,#3597,.T.);
#3010=EDGE_CURVE('',#3598,#3596,#3599,.T.);
#3011=EDGE_CURVE('',#3600,#3598,#3601,.T.);
#3012=EDGE_CURVE('',#3602,#3600,#3603,.T.);
#3013=EDGE_CURVE('',#3594,#3602,#3604,.T.);
#3014=FILL_AREA_STYLE('',(#3605));
#3015=EDGE_CURVE('',#3606,#3566,#3607,.T.);
#3016=EDGE_CURVE('',#3606,#3608,#3609,.T.);
#3017=EDGE_CURVE('',#3608,#3610,#3611,.T.);
#3018=EDGE_CURVE('',#3610,#3566,#3612,.T.);
#3019=FILL_AREA_STYLE('',(#3613));
#3020=EDGE_CURVE('',#3570,#3614,#3615,.T.);
#3021=EDGE_CURVE('',#3570,#3616,#3617,.T.);
#3022=EDGE_CURVE('',#3616,#3618,#3619,.T.);
#3023=EDGE_CURVE('',#3618,#3614,#3620,.T.);
#3024=FILL_AREA_STYLE('',(#3621));
#3025=EDGE_CURVE('',#3622,#3623,#3624,.T.);
#3026=EDGE_CURVE('',#3625,#3622,#3626,.T.);
#3027=EDGE_CURVE('',#3627,#3625,#3628,.T.);
#3028=EDGE_CURVE('',#3627,#3629,#3630,.T.);
#3029=EDGE_CURVE('',#3629,#3631,#3632,.T.);
#3030=EDGE_CURVE('',#3631,#3633,#3634,.T.);
#3031=EDGE_CURVE('',#3633,#3635,#3636,.T.);
#3032=EDGE_CURVE('',#3635,#3637,#3638,.T.);
#3033=EDGE_CURVE('',#3637,#3639,#3640,.T.);
#3034=EDGE_CURVE('',#3639,#3623,#3641,.T.);
#3035=FILL_AREA_STYLE('',(#3642));
#3036=EDGE_CURVE('',#3598,#3643,#3644,.T.);
#3037=EDGE_CURVE('',#3598,#3645,#3646,.T.);
#3038=EDGE_CURVE('',#3645,#3647,#3648,.T.);
#3039=EDGE_CURVE('',#3647,#3643,#3649,.T.);
#3040=FILL_AREA_STYLE('',(#3650));
#3041=EDGE_CURVE('',#3651,#3594,#3652,.T.);
#3042=EDGE_CURVE('',#3651,#3653,#3654,.T.);
#3043=EDGE_CURVE('',#3653,#3655,#3656,.T.);
#3044=EDGE_CURVE('',#3655,#3594,#3657,.T.);
#3045=FILL_AREA_STYLE('',(#3658));
#3046=EDGE_CURVE('',#3659,#3660,#3661,.T.);
#3047=EDGE_CURVE('',#3662,#3659,#3663,.T.);
#3048=EDGE_CURVE('',#3664,#3662,#3665,.T.);
#3049=EDGE_CURVE('',#3664,#3666,#3667,.T.);
#3050=EDGE_CURVE('',#3666,#3668,#3669,.T.);
#3051=EDGE_CURVE('',#3668,#3670,#3671,.T.);
#3052=EDGE_CURVE('',#3670,#3672,#3673,.T.);
#3053=EDGE_CURVE('',#3672,#3674,#3675,.T.);
#3054=EDGE_CURVE('',#3674,#3676,#3677,.T.);
#3055=EDGE_CURVE('',#3676,#3660,#3678,.T.);
#3056=FILL_AREA_STYLE('',(#3679));
#3057=EDGE_CURVE('',#3602,#3600,#3680,.T.);
#3058=FILL_AREA_STYLE('',(#3681));
#3059=EDGE_CURVE('',#3645,#3655,#3682,.T.);
#3060=EDGE_CURVE('',#3645,#3655,#3683,.T.);
#3061=FILL_AREA_STYLE('',(#3684));
#3062=EDGE_CURVE('',#3685,#3664,#3686,.T.);
#3063=EDGE_CURVE('',#3685,#3687,#3688,.T.);
#3064=EDGE_CURVE('',#3687,#3689,#3690,.T.);
#3065=EDGE_CURVE('',#3691,#3689,#3692,.T.);
#3066=EDGE_CURVE('',#3693,#3691,#3694,.T.);
#3067=EDGE_CURVE('',#3693,#3666,#3695,.T.);
#3068=FILL_AREA_STYLE('',(#3696));
#3069=EDGE_CURVE('',#3697,#3685,#3698,.T.);
#3070=EDGE_CURVE('',#3697,#3699,#3700,.T.);
#3071=EDGE_CURVE('',#3699,#3687,#3701,.T.);
#3072=FILL_AREA_STYLE('',(#3702));
#3073=EDGE_CURVE('',#3703,#3697,#3704,.T.);
#3074=EDGE_CURVE('',#3703,#3705,#3706,.T.);
#3075=EDGE_CURVE('',#3705,#3699,#3707,.T.);
#3076=FILL_AREA_STYLE('',(#3708));
#3077=EDGE_CURVE('',#3709,#3703,#3710,.T.);
#3078=EDGE_CURVE('',#3709,#3711,#3712,.T.);
#3079=EDGE_CURVE('',#3711,#3705,#3713,.T.);
#3080=FILL_AREA_STYLE('',(#3714));
#3081=EDGE_CURVE('',#3715,#3709,#3716,.T.);
#3082=EDGE_CURVE('',#3715,#3717,#3718,.T.);
#3083=EDGE_CURVE('',#3717,#3711,#3719,.T.);
#3084=FILL_AREA_STYLE('',(#3720));
#3085=EDGE_CURVE('',#3721,#3715,#3722,.T.);
#3086=EDGE_CURVE('',#3721,#3723,#3724,.T.);
#3087=EDGE_CURVE('',#3723,#3717,#3725,.T.);
#3088=FILL_AREA_STYLE('',(#3726));
#3089=EDGE_CURVE('',#3727,#3651,#3728,.T.);
#3090=EDGE_CURVE('',#3727,#3729,#3730,.T.);
#3091=EDGE_CURVE('',#3729,#3731,#3732,.T.);
#3092=EDGE_CURVE('',#3733,#3731,#3734,.T.);
#3093=EDGE_CURVE('',#3733,#3735,#3736,.T.);
#3094=EDGE_CURVE('',#3735,#3653,#3737,.T.);
#3095=FILL_AREA_STYLE('',(#3738));
#3096=EDGE_CURVE('',#3602,#3727,#3739,.T.);
#3097=EDGE_CURVE('',#3740,#3600,#3741,.T.);
#3098=EDGE_CURVE('',#3740,#3742,#3743,.T.);
#3099=EDGE_CURVE('',#3742,#3729,#3744,.T.);
#3100=FILL_AREA_STYLE('',(#3745));
#3101=EDGE_CURVE('',#3731,#3746,#3747,.T.);
#3102=EDGE_CURVE('',#3748,#3746,#3749,.T.);
#3103=EDGE_CURVE('',#3748,#3733,#3750,.T.);
#3104=FILL_AREA_STYLE('',(#3751));
#3105=EDGE_CURVE('',#3746,#3752,#3753,.T.);
#3106=EDGE_CURVE('',#3754,#3752,#3755,.T.);
#3107=EDGE_CURVE('',#3754,#3748,#3756,.T.);
#3108=FILL_AREA_STYLE('',(#3757));
#3109=EDGE_CURVE('',#3758,#3676,#3759,.T.);
#3110=EDGE_CURVE('',#3754,#3758,#3760,.T.);
#3111=EDGE_CURVE('',#3752,#3723,#3761,.T.);
#3112=EDGE_CURVE('',#3660,#3721,#3762,.T.);
#3113=FILL_AREA_STYLE('',(#3763));
#3114=EDGE_CURVE('',#3764,#3674,#3765,.T.);
#3115=EDGE_CURVE('',#3764,#3758,#3766,.T.);
#3116=FILL_AREA_STYLE('',(#3767));
#3117=EDGE_CURVE('',#3768,#3672,#3769,.T.);
#3118=EDGE_CURVE('',#3768,#3764,#3770,.T.);
#3119=FILL_AREA_STYLE('',(#3771));
#3120=EDGE_CURVE('',#3772,#3670,#3773,.T.);
#3121=EDGE_CURVE('',#3768,#3772,#3774,.T.);
#3122=FILL_AREA_STYLE('',(#3775));
#3123=EDGE_CURVE('',#3776,#3668,#3777,.T.);
#3124=EDGE_CURVE('',#3776,#3772,#3778,.T.);
#3125=FILL_AREA_STYLE('',(#3779));
#3126=EDGE_CURVE('',#3693,#3776,#3780,.T.);
#3127=FILL_AREA_STYLE('',(#3781));
#3128=EDGE_CURVE('',#3689,#3782,#3783,.T.);
#3129=EDGE_CURVE('',#3784,#3782,#3785,.T.);
#3130=EDGE_CURVE('',#3784,#3691,#3786,.T.);
#3131=FILL_AREA_STYLE('',(#3787));
#3132=EDGE_CURVE('',#3782,#3788,#3789,.T.);
#3133=EDGE_CURVE('',#3790,#3788,#3791,.T.);
#3134=EDGE_CURVE('',#3790,#3784,#3792,.T.);
#3135=FILL_AREA_STYLE('',(#3793));
#3136=EDGE_CURVE('',#3794,#3647,#3795,.T.);
#3137=EDGE_CURVE('',#3794,#3790,#3796,.T.);
#3138=EDGE_CURVE('',#3788,#3742,#3797,.T.);
#3139=EDGE_CURVE('',#3643,#3740,#3798,.T.);
#3140=FILL_AREA_STYLE('',(#3799));
#3141=EDGE_CURVE('',#3735,#3794,#3800,.T.);
#3142=FILL_AREA_STYLE('',(#3801));
#3143=FILL_AREA_STYLE('',(#3802));
#3144=FILL_AREA_STYLE('',(#3803));
#3145=EDGE_CURVE('',#3659,#3662,#3804,.T.);
#3146=FILL_AREA_STYLE('',(#3805));
#3147=FILL_AREA_STYLE('',(#3806));
#3148=FILL_AREA_STYLE('',(#3807));
#3149=EDGE_CURVE('',#3616,#3610,#3808,.T.);
#3150=EDGE_CURVE('',#3616,#3610,#3809,.T.);
#3151=FILL_AREA_STYLE('',(#3810));
#3152=EDGE_CURVE('',#3574,#3572,#3811,.T.);
#3153=FILL_AREA_STYLE('',(#3812));
#3154=EDGE_CURVE('',#3639,#3813,#3814,.T.);
#3155=EDGE_CURVE('',#3813,#3815,#3816,.T.);
#3156=EDGE_CURVE('',#3817,#3815,#3818,.T.);
#3157=EDGE_CURVE('',#3819,#3817,#3820,.T.);
#3158=EDGE_CURVE('',#3819,#3821,#3822,.T.);
#3159=EDGE_CURVE('',#3623,#3821,#3823,.T.);
#3160=FILL_AREA_STYLE('',(#3824));
#3161=EDGE_CURVE('',#3637,#3825,#3826,.T.);
#3162=EDGE_CURVE('',#3825,#3813,#3827,.T.);
#3163=FILL_AREA_STYLE('',(#3828));
#3164=EDGE_CURVE('',#3635,#3829,#3830,.T.);
#3165=EDGE_CURVE('',#3829,#3825,#3831,.T.);
#3166=FILL_AREA_STYLE('',(#3832));
#3167=EDGE_CURVE('',#3633,#3833,#3834,.T.);
#3168=EDGE_CURVE('',#3833,#3829,#3835,.T.);
#3169=FILL_AREA_STYLE('',(#3836));
#3170=EDGE_CURVE('',#3631,#3837,#3838,.T.);
#3171=EDGE_CURVE('',#3837,#3833,#3839,.T.);
#3172=FILL_AREA_STYLE('',(#3840));
#3173=EDGE_CURVE('',#3629,#3841,#3842,.T.);
#3174=EDGE_CURVE('',#3841,#3837,#3843,.T.);
#3175=FILL_AREA_STYLE('',(#3844));
#3176=EDGE_CURVE('',#3618,#3845,#3846,.T.);
#3177=EDGE_CURVE('',#3845,#3847,#3848,.T.);
#3178=EDGE_CURVE('',#3849,#3847,#3850,.T.);
#3179=EDGE_CURVE('',#3849,#3851,#3852,.T.);
#3180=EDGE_CURVE('',#3851,#3853,#3854,.T.);
#3181=EDGE_CURVE('',#3614,#3853,#3855,.T.);
#3182=FILL_AREA_STYLE('',(#3856));
#3183=EDGE_CURVE('',#3608,#3857,#3858,.T.);
#3184=EDGE_CURVE('',#3857,#3845,#3859,.T.);
#3185=FILL_AREA_STYLE('',(#3860));
#3186=EDGE_CURVE('',#3847,#3861,#3862,.T.);
#3187=EDGE_CURVE('',#3863,#3861,#3864,.T.);
#3188=EDGE_CURVE('',#3863,#3849,#3865,.T.);
#3189=FILL_AREA_STYLE('',(#3866));
#3190=EDGE_CURVE('',#3861,#3867,#3868,.T.);
#3191=EDGE_CURVE('',#3869,#3867,#3870,.T.);
#3192=EDGE_CURVE('',#3869,#3863,#3871,.T.);
#3193=FILL_AREA_STYLE('',(#3872));
#3194=EDGE_CURVE('',#3873,#3627,#3874,.T.);
#3195=EDGE_CURVE('',#3875,#3873,#3876,.T.);
#3196=EDGE_CURVE('',#3869,#3875,#3877,.T.);
#3197=EDGE_CURVE('',#3867,#3841,#3878,.T.);
#3198=FILL_AREA_STYLE('',(#3879));
#3199=EDGE_CURVE('',#3880,#3873,#3881,.T.);
#3200=EDGE_CURVE('',#3882,#3880,#3883,.T.);
#3201=EDGE_CURVE('',#3882,#3875,#3884,.T.);
#3202=FILL_AREA_STYLE('',(#3885));
#3203=EDGE_CURVE('',#3886,#3880,#3887,.T.);
#3204=EDGE_CURVE('',#3888,#3886,#3889,.T.);
#3205=EDGE_CURVE('',#3888,#3882,#3890,.T.);
#3206=FILL_AREA_STYLE('',(#3891));
#3207=EDGE_CURVE('',#3892,#3886,#3893,.T.);
#3208=EDGE_CURVE('',#3894,#3892,#3895,.T.);
#3209=EDGE_CURVE('',#3888,#3894,#3896,.T.);
#3210=FILL_AREA_STYLE('',(#3897));
#3211=EDGE_CURVE('',#3898,#3892,#3899,.T.);
#3212=EDGE_CURVE('',#3900,#3898,#3901,.T.);
#3213=EDGE_CURVE('',#3900,#3894,#3902,.T.);
#3214=FILL_AREA_STYLE('',(#3903));
#3215=EDGE_CURVE('',#3821,#3898,#3904,.T.);
#3216=EDGE_CURVE('',#3819,#3900,#3905,.T.);
#3217=FILL_AREA_STYLE('',(#3906));
#3218=EDGE_CURVE('',#3815,#3907,#3908,.T.);
#3219=EDGE_CURVE('',#3909,#3907,#3910,.T.);
#3220=EDGE_CURVE('',#3909,#3817,#3911,.T.);
#3221=FILL_AREA_STYLE('',(#3912));
#3222=EDGE_CURVE('',#3907,#3913,#3914,.T.);
#3223=EDGE_CURVE('',#3915,#3913,#3916,.T.);
#3224=EDGE_CURVE('',#3915,#3909,#3917,.T.);
#3225=FILL_AREA_STYLE('',(#3918));
#3226=EDGE_CURVE('',#3919,#3606,#3920,.T.);
#3227=EDGE_CURVE('',#3921,#3919,#3922,.T.);
#3228=EDGE_CURVE('',#3921,#3915,#3923,.T.);
#3229=EDGE_CURVE('',#3913,#3857,#3924,.T.);
#3230=FILL_AREA_STYLE('',(#3925));
#3231=EDGE_CURVE('',#3574,#3919,#3926,.T.);
#3232=EDGE_CURVE('',#3853,#3572,#3927,.T.);
#3233=EDGE_CURVE('',#3851,#3921,#3928,.T.);
#3234=FILL_AREA_STYLE('',(#3929));
#3235=FILL_AREA_STYLE('',(#3930));
#3236=FILL_AREA_STYLE('',(#3931));
#3237=EDGE_CURVE('',#3622,#3625,#3932,.T.);
#3238=FILL_AREA_STYLE('',(#3933));
#3239=FILL_AREA_STYLE('',(#3934));
#3240=FILL_AREA_STYLE('',(#3935));
#3241=EDGE_CURVE('',#3519,#3515,#3936,.T.);
#3242=FILL_AREA_STYLE('',(#3937));
#3243=EDGE_CURVE('',#3593,#3596,#3938,.T.);
#3244=FILL_AREA_STYLE('',(#3939));
#3245=FILL_AREA_STYLE('',(#3940));
#3246=EDGE_CURVE('',#3941,#3942,#3943,.T.);
#3247=EDGE_CURVE('',#3941,#3944,#3945,.T.);
#3248=EDGE_CURVE('',#3946,#3944,#3947,.T.);
#3249=EDGE_CURVE('',#3942,#3946,#3948,.T.);
#3250=FILL_AREA_STYLE('',(#3949));
#3251=EDGE_CURVE('',#3942,#3950,#3951,.T.);
#3252=EDGE_CURVE('',#3952,#3946,#3953,.T.);
#3253=EDGE_CURVE('',#3950,#3952,#3954,.T.);
#3254=FILL_AREA_STYLE('',(#3955));
#3255=EDGE_CURVE('',#3950,#3956,#3957,.T.);
#3256=EDGE_CURVE('',#3958,#3952,#3959,.T.);
#3257=EDGE_CURVE('',#3956,#3958,#3960,.T.);
#3258=FILL_AREA_STYLE('',(#3961));
#3259=EDGE_CURVE('',#3956,#3962,#3963,.T.);
#3260=EDGE_CURVE('',#3964,#3958,#3965,.T.);
#3261=EDGE_CURVE('',#3962,#3964,#3966,.T.);
#3262=FILL_AREA_STYLE('',(#3967));
#3263=EDGE_CURVE('',#3968,#3941,#3969,.T.);
#3264=EDGE_CURVE('',#3968,#3970,#3971,.T.);
#3265=EDGE_CURVE('',#3944,#3970,#3972,.T.);
#3266=FILL_AREA_STYLE('',(#3973));
#3267=EDGE_CURVE('',#3962,#3968,#3974,.T.);
#3268=EDGE_CURVE('',#3970,#3964,#3975,.T.);
#3269=FILL_AREA_STYLE('',(#3976));
#3270=FILL_AREA_STYLE('',(#3977));
#3271=EDGE_CURVE('',#3589,#3587,#3978,.T.);
#3272=EDGE_CURVE('',#3581,#3578,#3979,.T.);
#3273=FILL_AREA_STYLE('',(#3980));
#3274=EDGE_CURVE('',#3583,#3579,#3981,.T.);
#3275=FILL_AREA_STYLE('',(#3982));
#3276=FILL_AREA_STYLE('',(#3983));
#3277=EDGE_CURVE('',#3528,#3524,#3984,.T.);
#3278=FILL_AREA_STYLE('',(#3985));
#3279=EDGE_CURVE('',#3565,#3568,#3986,.T.);
#3280=FILL_AREA_STYLE('',(#3987));
#3281=FILL_AREA_STYLE('',(#3988));
#3282=EDGE_CURVE('',#3989,#3990,#3991,.T.);
#3283=EDGE_CURVE('',#3989,#3992,#3993,.T.);
#3284=EDGE_CURVE('',#3994,#3992,#3995,.T.);
#3285=EDGE_CURVE('',#3990,#3994,#3996,.T.);
#3286=FILL_AREA_STYLE('',(#3997));
#3287=EDGE_CURVE('',#3990,#3998,#3999,.T.);
#3288=EDGE_CURVE('',#4000,#3994,#4001,.T.);
#3289=EDGE_CURVE('',#3998,#4000,#4002,.T.);
#3290=FILL_AREA_STYLE('',(#4003));
#3291=EDGE_CURVE('',#3998,#4004,#4005,.T.);
#3292=EDGE_CURVE('',#4006,#4000,#4007,.T.);
#3293=EDGE_CURVE('',#4004,#4006,#4008,.T.);
#3294=FILL_AREA_STYLE('',(#4009));
#3295=EDGE_CURVE('',#4004,#4010,#4011,.T.);
#3296=EDGE_CURVE('',#4012,#4006,#4013,.T.);
#3297=EDGE_CURVE('',#4010,#4012,#4014,.T.);
#3298=FILL_AREA_STYLE('',(#4015));
#3299=EDGE_CURVE('',#4016,#3989,#4017,.T.);
#3300=EDGE_CURVE('',#4016,#4018,#4019,.T.);
#3301=EDGE_CURVE('',#3992,#4018,#4020,.T.);
#3302=FILL_AREA_STYLE('',(#4021));
#3303=EDGE_CURVE('',#4010,#4016,#4022,.T.);
#3304=EDGE_CURVE('',#4018,#4012,#4023,.T.);
#3305=FILL_AREA_STYLE('',(#4024));
#3306=FILL_AREA_STYLE('',(#4025));
#3307=EDGE_CURVE('',#3561,#3559,#4026,.T.);
#3308=EDGE_CURVE('',#3553,#3550,#4027,.T.);
#3309=FILL_AREA_STYLE('',(#4028));
#3310=EDGE_CURVE('',#3555,#3551,#4029,.T.);
#3311=FILL_AREA_STYLE('',(#4030));
#3312=FILL_AREA_STYLE('',(#4031));
#3313=EDGE_CURVE('',#3546,#3542,#4032,.T.);
#3314=FILL_AREA_STYLE('',(#4033));
#3315=EDGE_CURVE('',#3541,#3544,#4034,.T.);
#3316=FILL_AREA_STYLE('',(#4035));
#3317=EDGE_CURVE('',#3537,#3533,#4036,.T.);
#3318=FILL_AREA_STYLE('',(#4037));
#3319=EDGE_CURVE('',#3532,#3535,#4038,.T.);
#3320=FILL_AREA_STYLE('',(#4039));
#3321=EDGE_CURVE('',#3523,#3526,#4040,.T.);
#3322=FILL_AREA_STYLE('',(#4041));
#3323=EDGE_CURVE('',#3514,#3517,#4042,.T.);
#3324=FILL_AREA_STYLE('',(#4043));
#3325=EDGE_CURVE('',#4044,#4045,#4046,.T.);
#3326=EDGE_CURVE('',#4047,#4044,#4048,.T.);
#3327=EDGE_CURVE('',#4049,#4047,#4050,.T.);
#3328=EDGE_CURVE('',#4051,#4049,#4052,.T.);
#3329=EDGE_CURVE('',#4053,#4051,#4054,.T.);
#3330=EDGE_CURVE('',#4055,#4053,#4056,.T.);
#3331=EDGE_CURVE('',#4045,#4055,#4057,.T.);
#3332=FILL_AREA_STYLE('',(#4058));
#3333=EDGE_CURVE('',#4045,#4059,#4060,.T.);
#3334=EDGE_CURVE('',#4059,#4061,#4062,.T.);
#3335=EDGE_CURVE('',#4044,#4061,#4063,.T.);
#3336=FILL_AREA_STYLE('',(#4064));
#3337=EDGE_CURVE('',#4055,#4065,#4066,.T.);
#3338=EDGE_CURVE('',#4067,#4065,#4068,.T.);
#3339=EDGE_CURVE('',#4067,#4069,#4070,.T.);
#3340=EDGE_CURVE('',#4071,#4069,#4072,.T.);
#3341=EDGE_CURVE('',#4071,#4073,#4074,.T.);
#3342=EDGE_CURVE('',#4073,#4059,#4075,.T.);
#3343=FILL_AREA_STYLE('',(#4076));
#3344=EDGE_CURVE('',#4053,#4077,#4078,.T.);
#3345=EDGE_CURVE('',#4079,#4077,#4080,.T.);
#3346=EDGE_CURVE('',#4065,#4079,#4081,.T.);
#3347=FILL_AREA_STYLE('',(#4082));
#3348=EDGE_CURVE('',#4083,#4073,#4084,.T.);
#3349=EDGE_CURVE('',#4085,#4083,#4086,.T.);
#3350=EDGE_CURVE('',#4087,#4085,#4088,.T.);
#3351=EDGE_CURVE('',#4089,#4087,#4090,.T.);
#3352=EDGE_CURVE('',#4061,#4089,#4091,.T.);
#3353=FILL_AREA_STYLE('',(#4092));
#3354=EDGE_CURVE('',#4089,#4047,#4093,.T.);
#3355=FILL_AREA_STYLE('',(#4094));
#3356=EDGE_CURVE('',#4095,#4087,#4096,.T.);
#3357=EDGE_CURVE('',#4095,#4097,#4098,.T.);
#3358=EDGE_CURVE('',#4099,#4097,#4100,.T.);
#3359=EDGE_CURVE('',#4099,#4101,#4102,.T.);
#3360=EDGE_CURVE('',#4049,#4101,#4103,.T.);
#3361=EDGE_CURVE('',#4104,#4105,#4106,.T.);
#3362=EDGE_CURVE('',#4105,#4107,#4108,.T.);
#3363=EDGE_CURVE('',#4109,#4107,#4110,.T.);
#3364=EDGE_CURVE('',#4109,#4111,#4112,.T.);
#3365=EDGE_CURVE('',#4111,#4113,#4114,.T.);
#3366=EDGE_CURVE('',#4113,#4115,#4116,.T.);
#3367=EDGE_CURVE('',#4115,#4117,#4118,.T.);
#3368=EDGE_CURVE('',#4117,#4119,#4120,.T.);
#3369=EDGE_CURVE('',#4121,#4119,#4122,.T.);
#3370=EDGE_CURVE('',#4121,#4123,#4124,.T.);
#3371=EDGE_CURVE('',#4123,#4125,#4126,.T.);
#3372=EDGE_CURVE('',#4125,#4104,#4127,.T.);
#3373=FILL_AREA_STYLE('',(#4128));
#3374=EDGE_CURVE('',#4101,#4051,#4129,.T.);
#3375=EDGE_CURVE('',#4130,#4099,#4131,.T.);
#3376=EDGE_CURVE('',#4132,#4130,#4133,.T.);
#3377=EDGE_CURVE('',#4077,#4132,#4134,.T.);
#3378=FILL_AREA_STYLE('',(#4135));
#3379=EDGE_CURVE('',#4132,#4136,#4137,.T.);
#3380=EDGE_CURVE('',#4136,#4138,#4139,.T.);
#3381=EDGE_CURVE('',#4138,#4140,#4141,.T.);
#3382=EDGE_CURVE('',#4142,#4140,#4143,.T.);
#3383=EDGE_CURVE('',#4142,#4144,#4145,.T.);
#3384=EDGE_CURVE('',#4079,#4144,#4146,.T.);
#3385=FILL_AREA_STYLE('',(#4147));
#3386=EDGE_CURVE('',#4130,#4148,#4149,.T.);
#3387=EDGE_CURVE('',#4148,#4136,#4150,.T.);
#3388=FILL_AREA_STYLE('',(#4151));
#3389=EDGE_CURVE('',#4138,#4083,#4152,.T.);
#3390=EDGE_CURVE('',#4097,#4148,#4153,.T.);
#3391=EDGE_CURVE('',#4085,#4095,#4154,.T.);
#3392=FILL_AREA_STYLE('',(#4155));
#3393=FILL_AREA_STYLE('',(#4156));
#3394=EDGE_CURVE('',#4140,#4071,#4157,.T.);
#3395=FILL_AREA_STYLE('',(#4158));
#3396=FILL_AREA_STYLE('',(#4159));
#3397=EDGE_CURVE('',#4144,#4067,#4160,.T.);
#3398=FILL_AREA_STYLE('',(#4161));
#3399=FILL_AREA_STYLE('',(#4162));
#3400=EDGE_CURVE('',#4069,#4142,#4163,.T.);
#3401=FILL_AREA_STYLE('',(#4164));
#3402=FILL_AREA_STYLE('',(#4165));
#3403=EDGE_CURVE('',#4166,#4105,#4167,.T.);
#3404=EDGE_CURVE('',#4168,#4166,#4169,.T.);
#3405=EDGE_CURVE('',#4107,#4168,#4170,.T.);
#3406=FILL_AREA_STYLE('',(#4171));
#3407=EDGE_CURVE('',#4172,#4168,#4173,.T.);
#3408=EDGE_CURVE('',#4174,#4172,#4175,.T.);
#3409=EDGE_CURVE('',#4176,#4174,#4177,.T.);
#3410=EDGE_CURVE('',#4109,#4176,#4178,.T.);
#3411=FILL_AREA_STYLE('',(#4179));
#3412=EDGE_CURVE('',#4111,#4180,#4181,.T.);
#3413=EDGE_CURVE('',#4180,#4176,#4182,.T.);
#3414=FILL_AREA_STYLE('',(#4183));
#3415=EDGE_CURVE('',#4180,#4113,#4184,.T.);
#3416=FILL_AREA_STYLE('',(#4185));
#3417=EDGE_CURVE('',#4104,#4166,#4186,.T.);
#3418=FILL_AREA_STYLE('',(#4187));
#3419=EDGE_CURVE('',#4188,#4174,#4189,.T.);
#3420=EDGE_CURVE('',#4188,#4190,#4191,.T.);
#3421=EDGE_CURVE('',#4190,#4192,#4193,.T.);
#3422=EDGE_CURVE('',#4192,#4115,#4194,.T.);
#3423=FILL_AREA_STYLE('',(#4195));
#3424=EDGE_CURVE('',#4196,#4188,#4197,.T.);
#3425=EDGE_CURVE('',#4198,#4196,#4199,.T.);
#3426=EDGE_CURVE('',#4121,#4198,#4200,.T.);
#3427=EDGE_CURVE('',#4119,#4190,#4201,.T.);
#3428=FILL_AREA_STYLE('',(#4202));
#3429=EDGE_CURVE('',#4192,#4117,#4203,.T.);
#3430=FILL_AREA_STYLE('',(#4204));
#3431=EDGE_CURVE('',#4205,#4198,#4206,.T.);
#3432=EDGE_CURVE('',#4123,#4205,#4207,.T.);
#3433=FILL_AREA_STYLE('',(#4208));
#3434=EDGE_CURVE('',#4125,#4205,#4209,.T.);
#3435=FILL_AREA_STYLE('',(#4210));
#3436=FILL_AREA_STYLE('',(#4211));
#3437=EDGE_CURVE('',#4196,#4172,#4212,.T.);
#3438=FILL_AREA_STYLE('',(#4213));
#3439=FILL_AREA_STYLE('',(#4214));
#3440=EDGE_CURVE('',#4215,#4216,#4217,.T.);
#3441=EDGE_CURVE('',#4218,#4215,#4219,.T.);
#3442=EDGE_CURVE('',#4220,#4218,#4221,.T.);
#3443=EDGE_CURVE('',#4216,#4220,#4222,.T.);
#3444=FILL_AREA_STYLE('',(#4223));
#3445=EDGE_CURVE('',#4224,#4225,#4226,.T.);
#3446=EDGE_CURVE('',#4227,#4224,#4228,.T.);
#3447=EDGE_CURVE('',#4229,#4227,#4230,.T.);
#3448=EDGE_CURVE('',#4225,#4229,#4231,.T.);
#3449=FILL_AREA_STYLE('',(#4232));
#3450=EDGE_CURVE('',#4229,#4225,#4233,.T.);
#3451=EDGE_CURVE('',#4224,#4227,#4234,.T.);
#3452=FILL_AREA_STYLE('',(#4235));
#3453=FILL_AREA_STYLE('',(#4236));
#3454=EDGE_CURVE('',#4220,#4216,#4237,.T.);
#3455=EDGE_CURVE('',#4215,#4218,#4238,.T.);
#3456=FILL_AREA_STYLE('',(#4239));
#3457=FILL_AREA_STYLE('',(#4240));
#3458=EDGE_CURVE('',#4241,#4242,#4243,.T.);
#3459=EDGE_CURVE('',#4244,#4241,#4245,.T.);
#3460=EDGE_CURVE('',#4244,#4242,#4246,.T.);
#3461=FILL_AREA_STYLE('',(#4247));
#3462=EDGE_CURVE('',#4248,#4241,#4249,.T.);
#3463=EDGE_CURVE('',#4250,#4248,#4251,.T.);
#3464=EDGE_CURVE('',#4244,#4250,#4252,.T.);
#3465=FILL_AREA_STYLE('',(#4253));
#3466=EDGE_CURVE('',#4254,#4255,#4256,.T.);
#3467=EDGE_CURVE('',#4255,#4257,#4258,.T.);
#3468=EDGE_CURVE('',#4257,#4254,#4259,.T.);
#3469=FILL_AREA_STYLE('',(#4260));
#3470=EDGE_CURVE('',#4257,#4242,#4261,.T.);
#3471=EDGE_CURVE('',#4241,#4255,#4262,.T.);
#3472=FILL_AREA_STYLE('',(#4263));
#3473=EDGE_CURVE('',#4264,#4254,#4265,.T.);
#3474=EDGE_CURVE('',#4264,#4266,#4267,.T.);
#3475=EDGE_CURVE('',#4255,#4266,#4268,.T.);
#3476=FILL_AREA_STYLE('',(#4269));
#3477=EDGE_CURVE('',#4266,#4270,#4271,.T.);
#3478=EDGE_CURVE('',#4264,#4270,#4272,.T.);
#3479=FILL_AREA_STYLE('',(#4273));
#3480=EDGE_CURVE('',#4248,#4274,#4275,.T.);
#3481=EDGE_CURVE('',#4274,#4250,#4276,.T.);
#3482=FILL_AREA_STYLE('',(#4277));
#3483=EDGE_CURVE('',#4274,#4270,#4278,.T.);
#3484=EDGE_CURVE('',#4266,#4248,#4279,.T.);
#3485=FILL_AREA_STYLE('',(#4280));
#3486=EDGE_CURVE('',#4281,#4274,#4282,.T.);
#3487=EDGE_CURVE('',#4281,#4283,#4284,.T.);
#3488=EDGE_CURVE('',#4283,#4250,#4285,.T.);
#3489=FILL_AREA_STYLE('',(#4286));
#3490=FILL_AREA_STYLE('',(#4287));
#3491=EDGE_CURVE('',#4288,#4257,#4289,.T.);
#3492=EDGE_CURVE('',#4288,#4290,#4291,.T.);
#3493=EDGE_CURVE('',#4290,#4254,#4292,.T.);
#3494=FILL_AREA_STYLE('',(#4293));
#3495=EDGE_CURVE('',#4294,#4242,#4295,.T.);
#3496=EDGE_CURVE('',#4294,#4288,#4296,.T.);
#3497=FILL_AREA_STYLE('',(#4297));
#3498=EDGE_CURVE('',#4298,#4244,#4299,.T.);
#3499=EDGE_CURVE('',#4298,#4294,#4300,.T.);
#3500=FILL_AREA_STYLE('',(#4301));
#3501=EDGE_CURVE('',#4302,#4270,#4303,.T.);
#3502=EDGE_CURVE('',#4302,#4281,#4304,.T.);
#3503=FILL_AREA_STYLE('',(#4305));
#3504=EDGE_CURVE('',#4306,#4264,#4307,.T.);
#3505=EDGE_CURVE('',#4306,#4302,#4308,.T.);
#3506=FILL_AREA_STYLE('',(#4309));
#3507=EDGE_CURVE('',#4283,#4298,#4310,.T.);
#3508=FILL_AREA_STYLE('',(#4311));
#3509=EDGE_CURVE('',#4290,#4306,#4312,.T.);
#3510=FILL_AREA_STYLE('',(#4313));
#3511=FILL_AREA_STYLE('',(#4314));
#3512=FILL_AREA_STYLE('',(#4315));
#3513=FILL_AREA_STYLE_COLOUR('',#4316);
#3514=VERTEX_POINT('',#4317);
#3515=VERTEX_POINT('',#4318);
#3516=LINE('',#4319,#4320);
#3517=VERTEX_POINT('',#4321);
#3518=CIRCLE('',#4322,2.65);
#3519=VERTEX_POINT('',#4323);
#3520=LINE('',#4324,#4325);
#3521=CIRCLE('',#4326,2.65);
#3522=FILL_AREA_STYLE_COLOUR('',#4327);
#3523=VERTEX_POINT('',#4328);
#3524=VERTEX_POINT('',#4329);
#3525=LINE('',#4330,#4331);
#3526=VERTEX_POINT('',#4332);
#3527=CIRCLE('',#4333,2.65);
#3528=VERTEX_POINT('',#4334);
#3529=LINE('',#4335,#4336);
#3530=CIRCLE('',#4337,2.65);
#3531=FILL_AREA_STYLE_COLOUR('',#4338);
#3532=VERTEX_POINT('',#4339);
#3533=VERTEX_POINT('',#4340);
#3534=LINE('',#4341,#4342);
#3535=VERTEX_POINT('',#4343);
#3536=CIRCLE('',#4344,1.65);
#3537=VERTEX_POINT('',#4345);
#3538=LINE('',#4346,#4347);
#3539=CIRCLE('',#4348,1.65);
#3540=FILL_AREA_STYLE_COLOUR('',#4349);
#3541=VERTEX_POINT('',#4350);
#3542=VERTEX_POINT('',#4351);
#3543=LINE('',#4352,#4353);
#3544=VERTEX_POINT('',#4354);
#3545=CIRCLE('',#4355,1.65);
#3546=VERTEX_POINT('',#4356);
#3547=LINE('',#4357,#4358);
#3548=CIRCLE('',#4359,1.65);
#3549=FILL_AREA_STYLE_COLOUR('',#4360);
#3550=VERTEX_POINT('',#4361);
#3551=VERTEX_POINT('',#4362);
#3552=LINE('',#4363,#4364);
#3553=VERTEX_POINT('',#4365);
#3554=CIRCLE('',#4366,4.25);
#3555=VERTEX_POINT('',#4367);
#3556=LINE('',#4368,#4369);
#3557=CIRCLE('',#4370,4.25);
#3558=FILL_AREA_STYLE_COLOUR('',#4371);
#3559=VERTEX_POINT('',#4372);
#3560=CIRCLE('',#4373,0.500000000000001);
#3561=VERTEX_POINT('',#4374);
#3562=CIRCLE('',#4375,0.500000000000001);
#3563=CIRCLE('',#4376,3.75);
#3564=FILL_AREA_STYLE_COLOUR('',#4377);
#3565=VERTEX_POINT('',#4378);
#3566=VERTEX_POINT('',#4379);
#3567=LINE('',#4380,#4381);
#3568=VERTEX_POINT('',#4382);
#3569=CIRCLE('',#4383,2.00925);
#3570=VERTEX_POINT('',#4384);
#3571=LINE('',#4385,#4386);
#3572=VERTEX_POINT('',#4387);
#3573=CIRCLE('',#4388,2.5);
#3574=VERTEX_POINT('',#4389);
#3575=CIRCLE('',#4390,2.5);
#3576=CIRCLE('',#4391,2.5);
#3577=FILL_AREA_STYLE_COLOUR('',#4392);
#3578=VERTEX_POINT('',#4393);
#3579=VERTEX_POINT('',#4394);
#3580=LINE('',#4395,#4396);
#3581=VERTEX_POINT('',#4397);
#3582=CIRCLE('',#4398,4.25);
#3583=VERTEX_POINT('',#4399);
#3584=LINE('',#4400,#4401);
#3585=CIRCLE('',#4402,4.25);
#3586=FILL_AREA_STYLE_COLOUR('',#4403);
#3587=VERTEX_POINT('',#4404);
#3588=CIRCLE('',#4405,0.500000000000001);
#3589=VERTEX_POINT('',#4406);
#3590=CIRCLE('',#4407,0.500000000000001);
#3591=CIRCLE('',#4408,3.75);
#3592=FILL_AREA_STYLE_COLOUR('',#4409);
#3593=VERTEX_POINT('',#4410);
#3594=VERTEX_POINT('',#4411);
#3595=LINE('',#4412,#4413);
#3596=VERTEX_POINT('',#4414);
#3597=CIRCLE('',#4415,2.00925);
#3598=VERTEX_POINT('',#4416);
#3599=LINE('',#4417,#4418);
#3600=VERTEX_POINT('',#4419);
#3601=CIRCLE('',#4420,2.5);
#3602=VERTEX_POINT('',#4421);
#3603=CIRCLE('',#4422,2.5);
#3604=CIRCLE('',#4423,2.5);
#3605=FILL_AREA_STYLE_COLOUR('',#4424);
#3606=VERTEX_POINT('',#4425);
#3607=LINE('',#4426,#4427);
#3608=VERTEX_POINT('',#4428);
#3609=B_SPLINE_CURVE_WITH_KNOTS('',3,(#4429,#4430,#4431,#4432,#4433,#4434,#4435,#4436,#4437,#4438,#4439,#4440,#4441,#4442,#4443,#4444,#4445,#4446,#4447,#4448,#4449,#4450),.UNSPECIFIED.,.F.,.F.,(4,2,2,2,2,2,2,2,2,2,4),(1.70197663336986,2.26930217782648,2.81401445241556,3.35872672700465,3.90343900159373,4.44815127618281,4.99286355077189,5.53757582536097,6.08228809995005,6.62700037453913,7.19432591899575),.UNSPECIFIED.);
#3610=VERTEX_POINT('',#4451);
#3611=B_SPLINE_CURVE_WITH_KNOTS('',3,(#4452,#4453,#4454,#4455,#4456,#4457),.UNSPECIFIED.,.F.,.F.,(4,2,4),(1.40026600117381,1.86702133489841,2.20234045670659),.UNSPECIFIED.);
#3612=CIRCLE('',#4458,2.5);
#3613=FILL_AREA_STYLE_COLOUR('',#4459);
#3614=VERTEX_POINT('',#4460);
#3615=LINE('',#4461,#4462);
#3616=VERTEX_POINT('',#4463);
#3617=CIRCLE('',#4464,2.5);
#3618=VERTEX_POINT('',#4465);
#3619=B_SPLINE_CURVE_WITH_KNOTS('',3,(#4466,#4467,#4468,#4469,#4470,#4471),.UNSPECIFIED.,.F.,.F.,(4,2,4),(3.8806322687549,4.55296671537865,5.01580709506088),.UNSPECIFIED.);
#3620=B_SPLINE_CURVE_WITH_KNOTS('',3,(#4472,#4473,#4474,#4475,#4476,#4477,#4478,#4479,#4480,#4481,#4482,#4483,#4484,#4485,#4486,#4487,#4488,#4489,#4490,#4491,#4492,#4493),.UNSPECIFIED.,.F.,.F.,(4,2,2,2,2,2,2,2,2,2,4),(1.71951211766079,2.29268282354772,2.84361337750222,3.39454393145672,3.94547448541122,4.49640503936572,5.04733559332022,5.59826614727471,6.14919670122921,6.70012725518371,7.27329796107064),.UNSPECIFIED.);
#3621=FILL_AREA_STYLE_COLOUR('',#4494);
#3622=VERTEX_POINT('',#4495);
#3623=VERTEX_POINT('',#4496);
#3624=LINE('',#4497,#4498);
#3625=VERTEX_POINT('',#4499);
#3626=CIRCLE('',#4500,2.5);
#3627=VERTEX_POINT('',#4501);
#3628=LINE('',#4502,#4503);
#3629=VERTEX_POINT('',#4504);
#3630=B_SPLINE_CURVE_WITH_KNOTS('',3,(#4505,#4506,#4507,#4508,#4509,#4510,#4511,#4512,#4513,#4514,#4515,#4516,#4517,#4518),.UNSPECIFIED.,.F.,.F.,(4,2,2,2,2,2,4),(0.718103546228254,0.853612590827183,0.989121635426111,1.26013972462397,1.53115781382183,1.66666685842075,1.80217590301968),.UNSPECIFIED.);
#3631=VERTEX_POINT('',#4519);
#3632=B_SPLINE_CURVE_WITH_KNOTS('',3,(#4520,#4521,#4522,#4523,#4524,#4525,#4526,#4527,#4528,#4529),.UNSPECIFIED.,.F.,.F.,(4,2,2,2,4),(0.148371018332908,0.166604816906806,0.289166642572204,0.534290293903001,0.983460290304535),.UNSPECIFIED.);
#3633=VERTEX_POINT('',#4530);
#3634=CIRCLE('',#4531,2.5);
#3635=VERTEX_POINT('',#4532);
#3636=B_SPLINE_CURVE_WITH_KNOTS('',3,(#4533,#4534,#4535,#4536,#4537,#4538,#4539,#4540,#4541,#4542,#4543,#4544,#4545,#4546,#4547,#4548,#4549,#4550,#4551,#4552,#4553,#4554,#4555,#4556,#4557,#4558),.UNSPECIFIED.,.F.,.F.,(4,2,2,2,2,2,2,2,2,2,2,2,4),(8.51537720842298,8.9884843634339,9.46159151844482,9.93462972573404,10.4076679330233,10.8807061403125,11.3537443476017,11.8267825548909,12.2998207621802,12.7728589694694,13.2458971767586,13.7190043317695,14.1921114867805),.UNSPECIFIED.);
#3637=VERTEX_POINT('',#4559);
#3638=CIRCLE('',#4560,2.5);
#3639=VERTEX_POINT('',#4561);
#3640=B_SPLINE_CURVE_WITH_KNOTS('',3,(#4562,#4563,#4564,#4565,#4566,#4567,#4568,#4569,#4570,#4571),.UNSPECIFIED.,.F.,.F.,(4,2,2,2,4),(0.631231948831503,1.08040191757382,1.32552556367848,1.44808738673081,1.46632120795447),.UNSPECIFIED.);
#3641=B_SPLINE_CURVE_WITH_KNOTS('',3,(#4572,#4573,#4574,#4575,#4576,#4577,#4578,#4579,#4580,#4581,#4582,#4583,#4584,#4585,#4586),.UNSPECIFIED.,.F.,.F.,(4,2,2,3,2,2,4),(-0.542036138188071,-0.406527103641053,-0.271018069094036,0.0,0.271018069094036,0.406527103641053,0.542036138188071),.UNSPECIFIED.);
#3642=FILL_AREA_STYLE_COLOUR('',#4587);
#3643=VERTEX_POINT('',#4588);
#3644=LINE('',#4589,#4590);
#3645=VERTEX_POINT('',#4591);
#3646=CIRCLE('',#4592,2.5);
#3647=VERTEX_POINT('',#4593);
#3648=B_SPLINE_CURVE_WITH_KNOTS('',3,(#4594,#4595,#4596,#4597,#4598,#4599),.UNSPECIFIED.,.F.,.F.,(4,2,4),(4.20198777740451,4.53730689921295,5.004062232938),.UNSPECIFIED.);
#3649=B_SPLINE_CURVE_WITH_KNOTS('',3,(#4600,#4601,#4602,#4603,#4604,#4605,#4606,#4607,#4608,#4609,#4610,#4611,#4612,#4613,#4614,#4615,#4616,#4617,#4618,#4619,#4620,#4621),.UNSPECIFIED.,.F.,.F.,(4,2,2,2,2,2,2,2,2,2,4),(1.70197663336986,2.26930217782649,2.81401445241557,3.35872672700465,3.90343900159373,4.44815127618281,4.99286355077189,5.53757582536097,6.08228809995006,6.62700037453914,7.19432591899576),.UNSPECIFIED.);
#3650=FILL_AREA_STYLE_COLOUR('',#4622);
#3651=VERTEX_POINT('',#4623);
#3652=LINE('',#4624,#4625);
#3653=VERTEX_POINT('',#4626);
#3654=B_SPLINE_CURVE_WITH_KNOTS('',3,(#4627,#4628,#4629,#4630,#4631,#4632,#4633,#4634,#4635,#4636,#4637,#4638,#4639,#4640,#4641,#4642,#4643,#4644,#4645,#4646,#4647,#4648),.UNSPECIFIED.,.F.,.F.,(4,2,2,2,2,2,2,2,2,2,4),(1.71951211766079,2.29268282354772,2.84361337750222,3.39454393145672,3.94547448541122,4.49640503936572,5.04733559332022,5.59826614727472,6.14919670122922,6.70012725518372,7.27329796107065),.UNSPECIFIED.);
#3655=VERTEX_POINT('',#4649);
#3656=B_SPLINE_CURVE_WITH_KNOTS('',3,(#4650,#4651,#4652,#4653,#4654,#4655),.UNSPECIFIED.,.F.,.F.,(4,2,4),(1.388521139048,1.85136151873067,2.52369596535493),.UNSPECIFIED.);
#3657=CIRCLE('',#4656,2.5);
#3658=FILL_AREA_STYLE_COLOUR('',#4657);
#3659=VERTEX_POINT('',#4658);
#3660=VERTEX_POINT('',#4659);
#3661=LINE('',#4660,#4661);
#3662=VERTEX_POINT('',#4662);
#3663=CIRCLE('',#4663,2.5);
#3664=VERTEX_POINT('',#4664);
#3665=LINE('',#4665,#4666);
#3666=VERTEX_POINT('',#4667);
#3667=B_SPLINE_CURVE_WITH_KNOTS('',3,(#4668,#4669,#4670,#4671,#4672,#4673,#4674,#4675,#4676,#4677,#4678,#4679,#4680,#4681,#4682),.UNSPECIFIED.,.F.,.F.,(4,2,2,3,2,2,4),(-0.542036138188071,-0.406527103641054,-0.271018069094036,0.0,0.271018069094036,0.406527103641054,0.542036138188071),.UNSPECIFIED.);
#3668=VERTEX_POINT('',#4683);
#3669=B_SPLINE_CURVE_WITH_KNOTS('',3,(#4684,#4685,#4686,#4687,#4688,#4689,#4690,#4691,#4692,#4693,#4694,#4695),.UNSPECIFIED.,.F.,.F.,(4,2,2,2,2,4),(1.63484408335569,1.74432819640311,1.85381230945054,2.16968062431466,2.48554893917877,2.69243271291808),.UNSPECIFIED.);
#3670=VERTEX_POINT('',#4696);
#3671=CIRCLE('',#4697,2.5);
#3672=VERTEX_POINT('',#4698);
#3673=B_SPLINE_CURVE_WITH_KNOTS('',3,(#4699,#4700,#4701,#4702,#4703,#4704,#4705,#4706,#4707,#4708,#4709,#4710,#4711,#4712,#4713,#4714,#4715,#4716,#4717,#4718,#4719,#4720,#4721,#4722,#4723,#4724),.UNSPECIFIED.,.F.,.F.,(4,2,2,2,2,2,2,2,2,2,2,2,4),(0.946214310021835,1.41932146503275,1.89242862004367,2.3654668273329,2.83850503462212,3.31154324191135,3.78458144920057,4.2576196564898,4.73065786377902,5.20369607106825,5.67673427835747,6.14984143336839,6.62294858837931),.UNSPECIFIED.);
#3674=VERTEX_POINT('',#4725);
#3675=CIRCLE('',#4726,2.5);
#3676=VERTEX_POINT('',#4727);
#3677=B_SPLINE_CURVE_WITH_KNOTS('',3,(#4728,#4729,#4730,#4731,#4732,#4733,#4734,#4735,#4736,#4737,#4738,#4739),.UNSPECIFIED.,.F.,.F.,(4,2,2,2,2,4),(1.98312658342713,2.19001035487347,2.50587865933805,2.82174696380264,2.93123106971107,3.0407151756195),.UNSPECIFIED.);
#3678=B_SPLINE_CURVE_WITH_KNOTS('',3,(#4740,#4741,#4742,#4743,#4744,#4745,#4746,#4747,#4748,#4749,#4750,#4751,#4752,#4753),.UNSPECIFIED.,.F.,.F.,(4,2,2,2,2,2,4),(0.718103546228254,0.853612590827183,0.989121635426111,1.26013972462397,1.53115781382183,1.66666685842075,1.80217590301968),.UNSPECIFIED.);
#3679=FILL_AREA_STYLE_COLOUR('',#4754);
#3680=B_SPLINE_CURVE_WITH_KNOTS('',3,(#4755,#4756,#4757,#4758,#4759,#4760,#4761,#4762,#4763,#4764,#4765,#4766,#4767,#4768,#4769,#4770,#4771,#4772,#4773,#4774),.UNSPECIFIED.,.F.,.F.,(4,2,2,2,2,2,2,2,2,4),(1.39082718714175,1.85443624952233,2.18799979092355,2.52156333232478,2.855126873726,3.18869041512723,3.52306460445952,3.85743879379181,4.52618717245639,4.98600737737055),.UNSPECIFIED.);
#3681=FILL_AREA_STYLE_COLOUR('',#4775);
#3682=CIRCLE('',#4776,2.5);
#3683=B_SPLINE_CURVE_WITH_KNOTS('',3,(#4777,#4778,#4779,#4780,#4781,#4782,#4783,#4784,#4785,#4786,#4787,#4788,#4789,#4790,#4791,#4792,#4793,#4794,#4795,#4796),.UNSPECIFIED.,.F.,.F.,(4,2,2,2,2,2,2,2,2,4),(1.37946061474328,1.83928081965771,2.50802919832259,2.84240338765503,3.17677757698748,3.51034111838881,3.84390465979014,4.17746820119147,4.5110317425928,4.97464080497354),.UNSPECIFIED.);
#3684=FILL_AREA_STYLE_COLOUR('',#4797);
#3685=VERTEX_POINT('',#4798);
#3686=B_SPLINE_CURVE_WITH_KNOTS('',3,(#4799,#4800,#4801,#4802,#4803,#4804,#4805,#4806,#4807,#4808,#4809,#4810,#4811,#4812,#4813),.UNSPECIFIED.,.F.,.F.,(4,2,2,3,2,2,4),(-0.542036138188071,-0.406527103641054,-0.271018069094036,0.0,0.271018069094036,0.406527103641054,0.542036138188071),.UNSPECIFIED.);
#3687=VERTEX_POINT('',#4814);
#3688=LINE('',#4815,#4816);
#3689=VERTEX_POINT('',#4817);
#3690=CIRCLE('',#4818,0.300000011130395);
#3691=VERTEX_POINT('',#4819);
#3692=LINE('',#4820,#4821);
#3693=VERTEX_POINT('',#4822);
#3694=CIRCLE('',#4823,0.300000011130395);
#3695=LINE('',#4824,#4825);
#3696=FILL_AREA_STYLE_COLOUR('',#4826);
#3697=VERTEX_POINT('',#4827);
#3698=B_SPLINE_CURVE_WITH_KNOTS('',3,(#4828,#4829,#4830,#4831,#4832,#4833,#4834,#4835,#4836,#4837),.UNSPECIFIED.,.F.,.F.,(4,2,2,2,4),(0.631231948831502,1.08040191757381,1.32552556367848,1.44808738673081,1.46632120795447),.UNSPECIFIED.);
#3699=VERTEX_POINT('',#4838);
#3700=LINE('',#4839,#4840);
#3701=CIRCLE('',#4841,0.300000011130395);
#3702=FILL_AREA_STYLE_COLOUR('',#4842);
#3703=VERTEX_POINT('',#4843);
#3704=CIRCLE('',#4844,2.5);
#3705=VERTEX_POINT('',#4845);
#3706=LINE('',#4846,#4847);
#3707=LINE('',#4848,#4849);
#3708=FILL_AREA_STYLE_COLOUR('',#4850);
#3709=VERTEX_POINT('',#4851);
#3710=B_SPLINE_CURVE_WITH_KNOTS('',3,(#4852,#4853,#4854,#4855,#4856,#4857,#4858,#4859,#4860,#4861,#4862,#4863,#4864,#4865,#4866,#4867,#4868,#4869,#4870,#4871,#4872,#4873,#4874,#4875,#4876,#4877),.UNSPECIFIED.,.F.,.F.,(4,2,2,2,2,2,2,2,2,2,2,2,4),(8.51537720842298,8.9884843634339,9.46159151844481,9.93462972573404,10.4076679330233,10.8807061403125,11.3537443476017,11.8267825548909,12.2998207621802,12.7728589694694,13.2458971767586,13.7190043317695,14.1921114867805),.UNSPECIFIED.);
#3711=VERTEX_POINT('',#4878);
#3712=LINE('',#4879,#4880);
#3713=CIRCLE('',#4881,9.89999995862729);
#3714=FILL_AREA_STYLE_COLOUR('',#4882);
#3715=VERTEX_POINT('',#4883);
#3716=CIRCLE('',#4884,2.5);
#3717=VERTEX_POINT('',#4885);
#3718=LINE('',#4886,#4887);
#3719=LINE('',#4888,#4889);
#3720=FILL_AREA_STYLE_COLOUR('',#4890);
#3721=VERTEX_POINT('',#4891);
#3722=B_SPLINE_CURVE_WITH_KNOTS('',3,(#4892,#4893,#4894,#4895,#4896,#4897,#4898,#4899,#4900,#4901),.UNSPECIFIED.,.F.,.F.,(4,2,2,2,4),(0.148371018332909,0.166604816906806,0.289166642572204,0.534290293903001,0.983460290304534),.UNSPECIFIED.);
#3723=VERTEX_POINT('',#4902);
#3724=LINE('',#4903,#4904);
#3725=CIRCLE('',#4905,0.300000011130395);
#3726=FILL_AREA_STYLE_COLOUR('',#4906);
#3727=VERTEX_POINT('',#4907);
#3728=B_SPLINE_CURVE_WITH_KNOTS('',3,(#4908,#4909,#4910,#4911,#4912,#4913,#4914,#4915,#4916,#4917,#4918,#4919,#4920,#4921,#4922,#4923,#4924,#4925,#4926,#4927,#4928,#4929),.UNSPECIFIED.,.F.,.F.,(4,2,2,2,2,2,2,2,2,2,4),(1.71951211766079,2.29268282354772,2.84361337750222,3.39454393145672,3.94547448541122,4.49640503936572,5.04733559332022,5.59826614727472,6.14919670122922,6.70012725518372,7.27329796107065),.UNSPECIFIED.);
#3729=VERTEX_POINT('',#4930);
#3730=LINE('',#4931,#4932);
#3731=VERTEX_POINT('',#4933);
#3732=CIRCLE('',#4934,7.99999977119225);
#3733=VERTEX_POINT('',#4935);
#3734=LINE('',#4936,#4937);
#3735=VERTEX_POINT('',#4938);
#3736=CIRCLE('',#4939,7.99999977119225);
#3737=LINE('',#4940,#4941);
#3738=FILL_AREA_STYLE_COLOUR('',#4942);
#3739=B_SPLINE_CURVE_WITH_KNOTS('',3,(#4943,#4944,#4945,#4946,#4947,#4948),.UNSPECIFIED.,.F.,.F.,(4,2,4),(3.8806322687549,4.55296671537865,5.01580709506088),.UNSPECIFIED.);
#3740=VERTEX_POINT('',#4949);
#3741=B_SPLINE_CURVE_WITH_KNOTS('',3,(#4950,#4951,#4952,#4953,#4954,#4955),.UNSPECIFIED.,.F.,.F.,(4,2,4),(1.40026600117381,1.86702133489841,2.20234045670659),.UNSPECIFIED.);
#3742=VERTEX_POINT('',#4956);
#3743=LINE('',#4957,#4958);
#3744=CIRCLE('',#4959,2.49999998452337);
#3745=FILL_AREA_STYLE_COLOUR('',#4960);
#3746=VERTEX_POINT('',#4961);
#3747=CIRCLE('',#4962,0.29999999187493);
#3748=VERTEX_POINT('',#4963);
#3749=LINE('',#4964,#4965);
#3750=CIRCLE('',#4966,0.29999999187493);
#3751=FILL_AREA_STYLE_COLOUR('',#4967);
#3752=VERTEX_POINT('',#4968);
#3753=LINE('',#4969,#4970);
#3754=VERTEX_POINT('',#4971);
#3755=LINE('',#4972,#4973);
#3756=LINE('',#4974,#4975);
#3757=FILL_AREA_STYLE_COLOUR('',#4976);
#3758=VERTEX_POINT('',#4977);
#3759=LINE('',#4978,#4979);
#3760=CIRCLE('',#4980,0.300000011130396);
#3761=CIRCLE('',#4981,0.300000011130396);
#3762=B_SPLINE_CURVE_WITH_KNOTS('',3,(#4982,#4983,#4984,#4985,#4986,#4987,#4988,#4989,#4990,#4991,#4992,#4993,#4994,#4995),.UNSPECIFIED.,.F.,.F.,(4,2,2,2,2,2,4),(0.718103546228254,0.853612590827183,0.989121635426111,1.26013972462397,1.53115781382183,1.66666685842075,1.80217590301968),.UNSPECIFIED.);
#3763=FILL_AREA_STYLE_COLOUR('',#4996);
#3764=VERTEX_POINT('',#4997);
#3765=LINE('',#4998,#4999);
#3766=CIRCLE('',#5000,0.300000011130395);
#3767=FILL_AREA_STYLE_COLOUR('',#5001);
#3768=VERTEX_POINT('',#5002);
#3769=LINE('',#5003,#5004);
#3770=LINE('',#5005,#5006);
#3771=FILL_AREA_STYLE_COLOUR('',#5007);
#3772=VERTEX_POINT('',#5008);
#3773=LINE('',#5009,#5010);
#3774=CIRCLE('',#5011,9.89999995862729);
#3775=FILL_AREA_STYLE_COLOUR('',#5012);
#3776=VERTEX_POINT('',#5013);
#3777=LINE('',#5014,#5015);
#3778=LINE('',#5016,#5017);
#3779=FILL_AREA_STYLE_COLOUR('',#5018);
#3780=CIRCLE('',#5019,0.300000011130395);
#3781=FILL_AREA_STYLE_COLOUR('',#5020);
#3782=VERTEX_POINT('',#5021);
#3783=LINE('',#5022,#5023);
#3784=VERTEX_POINT('',#5024);
#3785=LINE('',#5025,#5026);
#3786=LINE('',#5027,#5028);
#3787=FILL_AREA_STYLE_COLOUR('',#5029);
#3788=VERTEX_POINT('',#5030);
#3789=CIRCLE('',#5031,0.300000001781412);
#3790=VERTEX_POINT('',#5032);
#3791=LINE('',#5033,#5034);
#3792=CIRCLE('',#5035,0.300000001781412);
#3793=FILL_AREA_STYLE_COLOUR('',#5036);
#3794=VERTEX_POINT('',#5037);
#3795=LINE('',#5038,#5039);
#3796=CIRCLE('',#5040,7.99999996801615);
#3797=CIRCLE('',#5041,7.99999996801615);
#3798=B_SPLINE_CURVE_WITH_KNOTS('',3,(#5042,#5043,#5044,#5045,#5046,#5047,#5048,#5049,#5050,#5051,#5052,#5053,#5054,#5055,#5056,#5057,#5058,#5059,#5060,#5061,#5062,#5063),.UNSPECIFIED.,.F.,.F.,(4,2,2,2,2,2,2,2,2,2,4),(1.70197663336986,2.26930217782649,2.81401445241557,3.35872672700465,3.90343900159373,4.44815127618281,4.99286355077189,5.53757582536097,6.08228809995006,6.62700037453914,7.19432591899576),.UNSPECIFIED.);
#3799=FILL_AREA_STYLE_COLOUR('',#5064);
#3800=CIRCLE('',#5065,2.49999998452337);
#3801=FILL_AREA_STYLE_COLOUR('',#5066);
#3802=FILL_AREA_STYLE_COLOUR('',#5067);
#3803=FILL_AREA_STYLE_COLOUR('',#5068);
#3804=CIRCLE('',#5069,2.5);
#3805=FILL_AREA_STYLE_COLOUR('',#5070);
#3806=FILL_AREA_STYLE_COLOUR('',#5071);
#3807=FILL_AREA_STYLE_COLOUR('',#5072);
#3808=CIRCLE('',#5073,2.5);
#3809=B_SPLINE_CURVE_WITH_KNOTS('',3,(#5074,#5075,#5076,#5077,#5078,#5079,#5080,#5081,#5082,#5083,#5084,#5085,#5086,#5087,#5088,#5089,#5090,#5091,#5092,#5093),.UNSPECIFIED.,.F.,.F.,(4,2,2,2,2,2,2,2,2,4),(1.39082718714175,1.85443624952233,2.18799979092355,2.52156333232478,2.855126873726,3.18869041512723,3.52306460445952,3.85743879379181,4.52618717245639,4.98600737737055),.UNSPECIFIED.);
#3810=FILL_AREA_STYLE_COLOUR('',#5094);
#3811=B_SPLINE_CURVE_WITH_KNOTS('',3,(#5095,#5096,#5097,#5098,#5099,#5100,#5101,#5102,#5103,#5104,#5105,#5106,#5107,#5108,#5109,#5110,#5111,#5112,#5113,#5114),.UNSPECIFIED.,.F.,.F.,(4,2,2,2,2,2,2,2,2,4),(1.37946061474328,1.83928081965771,2.50802919832259,2.84240338765503,3.17677757698748,3.51034111838881,3.84390465979014,4.17746820119147,4.5110317425928,4.97464080497354),.UNSPECIFIED.);
#3812=FILL_AREA_STYLE_COLOUR('',#5115);
#3813=VERTEX_POINT('',#5116);
#3814=LINE('',#5117,#5118);
#3815=VERTEX_POINT('',#5119);
#3816=CIRCLE('',#5120,0.300000011130395);
#3817=VERTEX_POINT('',#5121);
#3818=LINE('',#5122,#5123);
#3819=VERTEX_POINT('',#5124);
#3820=CIRCLE('',#5125,0.300000011130395);
#3821=VERTEX_POINT('',#5126);
#3822=LINE('',#5127,#5128);
#3823=B_SPLINE_CURVE_WITH_KNOTS('',3,(#5129,#5130,#5131,#5132,#5133,#5134,#5135,#5136,#5137,#5138,#5139,#5140,#5141,#5142,#5143),.UNSPECIFIED.,.F.,.F.,(4,2,2,3,2,2,4),(-0.542036138188071,-0.406527103641053,-0.271018069094036,0.0,0.271018069094036,0.406527103641053,0.542036138188071),.UNSPECIFIED.);
#3824=FILL_AREA_STYLE_COLOUR('',#5144);
#3825=VERTEX_POINT('',#5145);
#3826=LINE('',#5146,#5147);
#3827=CIRCLE('',#5148,0.300000011130395);
#3828=FILL_AREA_STYLE_COLOUR('',#5149);
#3829=VERTEX_POINT('',#5150);
#3830=LINE('',#5151,#5152);
#3831=LINE('',#5153,#5154);
#3832=FILL_AREA_STYLE_COLOUR('',#5155);
#3833=VERTEX_POINT('',#5156);
#3834=LINE('',#5157,#5158);
#3835=CIRCLE('',#5159,9.89999995862729);
#3836=FILL_AREA_STYLE_COLOUR('',#5160);
#3837=VERTEX_POINT('',#5161);
#3838=LINE('',#5162,#5163);
#3839=LINE('',#5164,#5165);
#3840=FILL_AREA_STYLE_COLOUR('',#5166);
#3841=VERTEX_POINT('',#5167);
#3842=LINE('',#5168,#5169);
#3843=CIRCLE('',#5170,0.300000011130395);
#3844=FILL_AREA_STYLE_COLOUR('',#5171);
#3845=VERTEX_POINT('',#5172);
#3846=LINE('',#5173,#5174);
#3847=VERTEX_POINT('',#5175);
#3848=CIRCLE('',#5176,7.99999977119225);
#3849=VERTEX_POINT('',#5177);
#3850=LINE('',#5178,#5179);
#3851=VERTEX_POINT('',#5180);
#3852=CIRCLE('',#5181,7.99999977119225);
#3853=VERTEX_POINT('',#5182);
#3854=LINE('',#5183,#5184);
#3855=B_SPLINE_CURVE_WITH_KNOTS('',3,(#5185,#5186,#5187,#5188,#5189,#5190,#5191,#5192,#5193,#5194,#5195,#5196,#5197,#5198,#5199,#5200,#5201,#5202,#5203,#5204,#5205,#5206),.UNSPECIFIED.,.F.,.F.,(4,2,2,2,2,2,2,2,2,2,4),(1.71951211766079,2.29268282354772,2.84361337750222,3.39454393145672,3.94547448541122,4.49640503936572,5.04733559332022,5.59826614727471,6.14919670122921,6.70012725518371,7.27329796107064),.UNSPECIFIED.);
#3856=FILL_AREA_STYLE_COLOUR('',#5207);
#3857=VERTEX_POINT('',#5208);
#3858=LINE('',#5209,#5210);
#3859=CIRCLE('',#5211,2.49999998452337);
#3860=FILL_AREA_STYLE_COLOUR('',#5212);
#3861=VERTEX_POINT('',#5213);
#3862=CIRCLE('',#5214,0.29999999187493);
#3863=VERTEX_POINT('',#5215);
#3864=LINE('',#5216,#5217);
#3865=CIRCLE('',#5218,0.29999999187493);
#3866=FILL_AREA_STYLE_COLOUR('',#5219);
#3867=VERTEX_POINT('',#5220);
#3868=LINE('',#5221,#5222);
#3869=VERTEX_POINT('',#5223);
#3870=LINE('',#5224,#5225);
#3871=LINE('',#5226,#5227);
#3872=FILL_AREA_STYLE_COLOUR('',#5228);
#3873=VERTEX_POINT('',#5229);
#3874=B_SPLINE_CURVE_WITH_KNOTS('',3,(#5230,#5231,#5232,#5233,#5234,#5235,#5236,#5237,#5238,#5239,#5240,#5241,#5242,#5243),.UNSPECIFIED.,.F.,.F.,(4,2,2,2,2,2,4),(0.718103546228254,0.853612590827183,0.989121635426111,1.26013972462397,1.53115781382183,1.66666685842075,1.80217590301968),.UNSPECIFIED.);
#3875=VERTEX_POINT('',#5244);
#3876=LINE('',#5245,#5246);
#3877=CIRCLE('',#5247,0.300000011130396);
#3878=CIRCLE('',#5248,0.300000011130396);
#3879=FILL_AREA_STYLE_COLOUR('',#5249);
#3880=VERTEX_POINT('',#5250);
#3881=B_SPLINE_CURVE_WITH_KNOTS('',3,(#5251,#5252,#5253,#5254,#5255,#5256,#5257,#5258,#5259,#5260,#5261,#5262),.UNSPECIFIED.,.F.,.F.,(4,2,2,2,2,4),(1.98312658342713,2.19001035487347,2.50587865933805,2.82174696380264,2.93123106971107,3.0407151756195),.UNSPECIFIED.);
#3882=VERTEX_POINT('',#5263);
#3883=LINE('',#5264,#5265);
#3884=CIRCLE('',#5266,0.300000011130395);
#3885=FILL_AREA_STYLE_COLOUR('',#5267);
#3886=VERTEX_POINT('',#5268);
#3887=CIRCLE('',#5269,2.5);
#3888=VERTEX_POINT('',#5270);
#3889=LINE('',#5271,#5272);
#3890=LINE('',#5273,#5274);
#3891=FILL_AREA_STYLE_COLOUR('',#5275);
#3892=VERTEX_POINT('',#5276);
#3893=B_SPLINE_CURVE_WITH_KNOTS('',3,(#5277,#5278,#5279,#5280,#5281,#5282,#5283,#5284,#5285,#5286,#5287,#5288,#5289,#5290,#5291,#5292,#5293,#5294,#5295,#5296,#5297,#5298,#5299,#5300,#5301,#5302),.UNSPECIFIED.,.F.,.F.,(4,2,2,2,2,2,2,2,2,2,2,2,4),(0.946214310021835,1.41932146503275,1.89242862004367,2.3654668273329,2.83850503462212,3.31154324191135,3.78458144920057,4.2576196564898,4.73065786377902,5.20369607106825,5.67673427835747,6.14984143336839,6.62294858837931),.UNSPECIFIED.);
#3894=VERTEX_POINT('',#5303);
#3895=LINE('',#5304,#5305);
#3896=CIRCLE('',#5306,9.89999995862729);
#3897=FILL_AREA_STYLE_COLOUR('',#5307);
#3898=VERTEX_POINT('',#5308);
#3899=CIRCLE('',#5309,2.5);
#3900=VERTEX_POINT('',#5310);
#3901=LINE('',#5311,#5312);
#3902=LINE('',#5313,#5314);
#3903=FILL_AREA_STYLE_COLOUR('',#5315);
#3904=B_SPLINE_CURVE_WITH_KNOTS('',3,(#5316,#5317,#5318,#5319,#5320,#5321,#5322,#5323,#5324,#5325,#5326,#5327),.UNSPECIFIED.,.F.,.F.,(4,2,2,2,2,4),(1.63484408335569,1.74432819640311,1.85381230945054,2.16968062431465,2.48554893917877,2.69243271291808),.UNSPECIFIED.);
#3905=CIRCLE('',#5328,0.300000011130395);
#3906=FILL_AREA_STYLE_COLOUR('',#5329);
#3907=VERTEX_POINT('',#5330);
#3908=LINE('',#5331,#5332);
#3909=VERTEX_POINT('',#5333);
#3910=LINE('',#5334,#5335);
#3911=LINE('',#5336,#5337);
#3912=FILL_AREA_STYLE_COLOUR('',#5338);
#3913=VERTEX_POINT('',#5339);
#3914=CIRCLE('',#5340,0.300000001781412);
#3915=VERTEX_POINT('',#5341);
#3916=LINE('',#5342,#5343);
#3917=CIRCLE('',#5344,0.300000001781412);
#3918=FILL_AREA_STYLE_COLOUR('',#5345);
#3919=VERTEX_POINT('',#5346);
#3920=B_SPLINE_CURVE_WITH_KNOTS('',3,(#5347,#5348,#5349,#5350,#5351,#5352,#5353,#5354,#5355,#5356,#5357,#5358,#5359,#5360,#5361,#5362,#5363,#5364,#5365,#5366,#5367,#5368),.UNSPECIFIED.,.F.,.F.,(4,2,2,2,2,2,2,2,2,2,4),(1.70197663336986,2.26930217782648,2.81401445241556,3.35872672700465,3.90343900159373,4.44815127618281,4.99286355077189,5.53757582536097,6.08228809995005,6.62700037453913,7.19432591899575),.UNSPECIFIED.);
#3921=VERTEX_POINT('',#5369);
#3922=LINE('',#5370,#5371);
#3923=CIRCLE('',#5372,7.99999996801615);
#3924=CIRCLE('',#5373,7.99999996801615);
#3925=FILL_AREA_STYLE_COLOUR('',#5374);
#3926=B_SPLINE_CURVE_WITH_KNOTS('',3,(#5375,#5376,#5377,#5378,#5379,#5380),.UNSPECIFIED.,.F.,.F.,(4,2,4),(4.20198777740451,4.53730689921295,5.004062232938),.UNSPECIFIED.);
#3927=B_SPLINE_CURVE_WITH_KNOTS('',3,(#5381,#5382,#5383,#5384,#5385,#5386),.UNSPECIFIED.,.F.,.F.,(4,2,4),(1.388521139048,1.85136151873067,2.52369596535493),.UNSPECIFIED.);
#3928=CIRCLE('',#5387,2.49999998452337);
#3929=FILL_AREA_STYLE_COLOUR('',#5388);
#3930=FILL_AREA_STYLE_COLOUR('',#5389);
#3931=FILL_AREA_STYLE_COLOUR('',#5390);
#3932=CIRCLE('',#5391,2.5);
#3933=FILL_AREA_STYLE_COLOUR('',#5392);
#3934=FILL_AREA_STYLE_COLOUR('',#5393);
#3935=FILL_AREA_STYLE_COLOUR('',#5394);
#3936=CIRCLE('',#5395,2.65);
#3937=FILL_AREA_STYLE_COLOUR('',#5396);
#3938=CIRCLE('',#5397,2.00925);
#3939=FILL_AREA_STYLE_COLOUR('',#5398);
#3940=FILL_AREA_STYLE_COLOUR('',#5399);
#3941=VERTEX_POINT('',#5400);
#3942=VERTEX_POINT('',#5401);
#3943=LINE('',#5402,#5403);
#3944=VERTEX_POINT('',#5404);
#3945=LINE('',#5405,#5406);
#3946=VERTEX_POINT('',#5407);
#3947=LINE('',#5408,#5409);
#3948=LINE('',#5410,#5411);
#3949=FILL_AREA_STYLE_COLOUR('',#5412);
#3950=VERTEX_POINT('',#5413);
#3951=LINE('',#5414,#5415);
#3952=VERTEX_POINT('',#5416);
#3953=LINE('',#5417,#5418);
#3954=LINE('',#5419,#5420);
#3955=FILL_AREA_STYLE_COLOUR('',#5421);
#3956=VERTEX_POINT('',#5422);
#3957=LINE('',#5423,#5424);
#3958=VERTEX_POINT('',#5425);
#3959=LINE('',#5426,#5427);
#3960=LINE('',#5428,#5429);
#3961=FILL_AREA_STYLE_COLOUR('',#5430);
#3962=VERTEX_POINT('',#5431);
#3963=LINE('',#5432,#5433);
#3964=VERTEX_POINT('',#5434);
#3965=LINE('',#5435,#5436);
#3966=LINE('',#5437,#5438);
#3967=FILL_AREA_STYLE_COLOUR('',#5439);
#3968=VERTEX_POINT('',#5440);
#3969=LINE('',#5441,#5442);
#3970=VERTEX_POINT('',#5443);
#3971=LINE('',#5444,#5445);
#3972=LINE('',#5446,#5447);
#3973=FILL_AREA_STYLE_COLOUR('',#5448);
#3974=LINE('',#5449,#5450);
#3975=LINE('',#5451,#5452);
#3976=FILL_AREA_STYLE_COLOUR('',#5453);
#3977=FILL_AREA_STYLE_COLOUR('',#5454);
#3978=CIRCLE('',#5455,3.75);
#3979=CIRCLE('',#5456,4.25);
#3980=FILL_AREA_STYLE_COLOUR('',#5457);
#3981=CIRCLE('',#5458,4.25);
#3982=FILL_AREA_STYLE_COLOUR('',#5459);
#3983=FILL_AREA_STYLE_COLOUR('',#5460);
#3984=CIRCLE('',#5461,2.65);
#3985=FILL_AREA_STYLE_COLOUR('',#5462);
#3986=CIRCLE('',#5463,2.00925);
#3987=FILL_AREA_STYLE_COLOUR('',#5464);
#3988=FILL_AREA_STYLE_COLOUR('',#5465);
#3989=VERTEX_POINT('',#5466);
#3990=VERTEX_POINT('',#5467);
#3991=LINE('',#5468,#5469);
#3992=VERTEX_POINT('',#5470);
#3993=LINE('',#5471,#5472);
#3994=VERTEX_POINT('',#5473);
#3995=LINE('',#5474,#5475);
#3996=LINE('',#5476,#5477);
#3997=FILL_AREA_STYLE_COLOUR('',#5478);
#3998=VERTEX_POINT('',#5479);
#3999=LINE('',#5480,#5481);
#4000=VERTEX_POINT('',#5482);
#4001=LINE('',#5483,#5484);
#4002=LINE('',#5485,#5486);
#4003=FILL_AREA_STYLE_COLOUR('',#5487);
#4004=VERTEX_POINT('',#5488);
#4005=LINE('',#5489,#5490);
#4006=VERTEX_POINT('',#5491);
#4007=LINE('',#5492,#5493);
#4008=LINE('',#5494,#5495);
#4009=FILL_AREA_STYLE_COLOUR('',#5496);
#4010=VERTEX_POINT('',#5497);
#4011=LINE('',#5498,#5499);
#4012=VERTEX_POINT('',#5500);
#4013=LINE('',#5501,#5502);
#4014=LINE('',#5503,#5504);
#4015=FILL_AREA_STYLE_COLOUR('',#5505);
#4016=VERTEX_POINT('',#5506);
#4017=LINE('',#5507,#5508);
#4018=VERTEX_POINT('',#5509);
#4019=LINE('',#5510,#5511);
#4020=LINE('',#5512,#5513);
#4021=FILL_AREA_STYLE_COLOUR('',#5514);
#4022=LINE('',#5515,#5516);
#4023=LINE('',#5517,#5518);
#4024=FILL_AREA_STYLE_COLOUR('',#5519);
#4025=FILL_AREA_STYLE_COLOUR('',#5520);
#4026=CIRCLE('',#5521,3.75);
#4027=CIRCLE('',#5522,4.25);
#4028=FILL_AREA_STYLE_COLOUR('',#5523);
#4029=CIRCLE('',#5524,4.25);
#4030=FILL_AREA_STYLE_COLOUR('',#5525);
#4031=FILL_AREA_STYLE_COLOUR('',#5526);
#4032=CIRCLE('',#5527,1.65);
#4033=FILL_AREA_STYLE_COLOUR('',#5528);
#4034=CIRCLE('',#5529,1.65);
#4035=FILL_AREA_STYLE_COLOUR('',#5530);
#4036=CIRCLE('',#5531,1.65);
#4037=FILL_AREA_STYLE_COLOUR('',#5532);
#4038=CIRCLE('',#5533,1.65);
#4039=FILL_AREA_STYLE_COLOUR('',#5534);
#4040=CIRCLE('',#5535,2.65);
#4041=FILL_AREA_STYLE_COLOUR('',#5536);
#4042=CIRCLE('',#5537,2.65);
#4043=FILL_AREA_STYLE_COLOUR('',#5538);
#4044=VERTEX_POINT('',#5539);
#4045=VERTEX_POINT('',#5540);
#4046=B_SPLINE_CURVE_WITH_KNOTS('',3,(#5541,#5542,#5543,#5544,#5545,#5546,#5547,#5548,#5549,#5550,#5551,#5552),.UNSPECIFIED.,.F.,.F.,(4,2,2,2,2,4),(2.86284277771332,3.10230336569473,3.45344606257511,3.80458875945548,4.50687415321624,4.50921477564466),.UNSPECIFIED.);
#4047=VERTEX_POINT('',#5553);
#4048=CIRCLE('',#5554,1.7);
#4049=VERTEX_POINT('',#5555);
#4050=ELLIPSE('',#5556,2.40416305603426,1.7);
#4051=VERTEX_POINT('',#5557);
#4052=LINE('',#5558,#5559);
#4053=VERTEX_POINT('',#5560);
#4054=ELLIPSE('',#5561,2.40416305603426,1.7);
#4055=VERTEX_POINT('',#5562);
#4056=B_SPLINE_CURVE_WITH_KNOTS('',3,(#5563,#5564,#5565,#5566,#5567,#5568,#5569,#5570,#5571,#5572,#5573,#5574,#5575,#5576),.UNSPECIFIED.,.F.,.F.,(4,2,2,2,2,2,4),(0.0,0.00339502906390998,0.633099051230924,1.26280307339794,1.69131494907602,2.1198268247541,2.31235975246022),.UNSPECIFIED.);
#4057=LINE('',#5577,#5578);
#4058=FILL_AREA_STYLE_COLOUR('',#5579);
#4059=VERTEX_POINT('',#5580);
#4060=LINE('',#5581,#5582);
#4061=VERTEX_POINT('',#5583);
#4062=B_SPLINE_CURVE_WITH_KNOTS('',3,(#5584,#5585,#5586,#5587,#5588,#5589,#5590,#5591,#5592,#5593,#5594,#5595),.UNSPECIFIED.,.F.,.F.,(4,2,2,2,2,4),(0.0,0.00234062242809416,0.704626016189782,1.05576871307063,1.40691140995147,1.64637199793288),.UNSPECIFIED.);
#4063=LINE('',#5596,#5597);
#4064=FILL_AREA_STYLE_COLOUR('',#5598);
#4065=VERTEX_POINT('',#5599);
#4066=LINE('',#5600,#5601);
#4067=VERTEX_POINT('',#5602);
#4068=LINE('',#5603,#5604);
#4069=VERTEX_POINT('',#5605);
#4070=LINE('',#5606,#5607);
#4071=VERTEX_POINT('',#5608);
#4072=LINE('',#5609,#5610);
#4073=VERTEX_POINT('',#5611);
#4074=LINE('',#5612,#5613);
#4075=LINE('',#5614,#5615);
#4076=FILL_AREA_STYLE_COLOUR('',#5616);
#4077=VERTEX_POINT('',#5617);
#4078=B_SPLINE_CURVE_WITH_KNOTS('',3,(#5618,#5619,#5620,#5621,#5622,#5623,#5624,#5625,#5626,#5627,#5628,#5629,#5630,#5631),.UNSPECIFIED.,.F.,.F.,(4,2,2,2,2,2,4),(4.99135066777957,5.1838835954857,5.61239547116378,6.04090734684186,6.67061136900888,7.30031539117589,7.3037104202398),.UNSPECIFIED.);
#4079=VERTEX_POINT('',#5632);
#4080=LINE('',#5633,#5634);
#4081=CIRCLE('',#5635,1.0);
#4082=FILL_AREA_STYLE_COLOUR('',#5636);
#4083=VERTEX_POINT('',#5637);
#4084=B_SPLINE_CURVE_WITH_KNOTS('',3,(#5638,#5639,#5640,#5641,#5642,#5643,#5644,#5645,#5646,#5647,#5648,#5649,#5650,#5651),.UNSPECIFIED.,.F.,.F.,(4,2,2,2,2,2,4),(4.99135066777962,5.18388359548574,5.61239547116382,6.0409073468419,6.67061136900905,7.3003153911762,7.30371042023988),.UNSPECIFIED.);
#4085=VERTEX_POINT('',#5652);
#4086=ELLIPSE('',#5653,2.40416305603426,1.7);
#4087=VERTEX_POINT('',#5654);
#4088=LINE('',#5655,#5656);
#4089=VERTEX_POINT('',#5657);
#4090=ELLIPSE('',#5658,2.40416305603426,1.7);
#4091=CIRCLE('',#5659,1.7);
#4092=FILL_AREA_STYLE_COLOUR('',#5660);
#4093=LINE('',#5661,#5662);
#4094=FILL_AREA_STYLE_COLOUR('',#5663);
#4095=VERTEX_POINT('',#5664);
#4096=LINE('',#5665,#5666);
#4097=VERTEX_POINT('',#5667);
#4098=ELLIPSE('',#5668,2.40416305603426,1.7);
#4099=VERTEX_POINT('',#5669);
#4100=LINE('',#5670,#5671);
#4101=VERTEX_POINT('',#5672);
#4102=ELLIPSE('',#5673,2.40416305603426,1.7);
#4103=LINE('',#5674,#5675);
#4104=VERTEX_POINT('',#5676);
#4105=VERTEX_POINT('',#5677);
#4106=LINE('',#5678,#5679);
#4107=VERTEX_POINT('',#5680);
#4108=LINE('',#5681,#5682);
#4109=VERTEX_POINT('',#5683);
#4110=CIRCLE('',#5684,3.65);
#4111=VERTEX_POINT('',#5685);
#4112=LINE('',#5686,#5687);
#4113=VERTEX_POINT('',#5688);
#4114=LINE('',#5689,#5690);
#4115=VERTEX_POINT('',#5691);
#4116=LINE('',#5692,#5693);
#4117=VERTEX_POINT('',#5694);
#4118=LINE('',#5695,#5696);
#4119=VERTEX_POINT('',#5697);
#4120=LINE('',#5698,#5699);
#4121=VERTEX_POINT('',#5700);
#4122=CIRCLE('',#5701,3.65);
#4123=VERTEX_POINT('',#5702);
#4124=LINE('',#5703,#5704);
#4125=VERTEX_POINT('',#5705);
#4126=LINE('',#5706,#5707);
#4127=LINE('',#5708,#5709);
#4128=FILL_AREA_STYLE_COLOUR('',#5710);
#4129=LINE('',#5711,#5712);
#4130=VERTEX_POINT('',#5713);
#4131=CIRCLE('',#5714,1.7);
#4132=VERTEX_POINT('',#5715);
#4133=B_SPLINE_CURVE_WITH_KNOTS('',3,(#5716,#5717,#5718,#5719,#5720,#5721,#5722,#5723,#5724,#5725,#5726,#5727),.UNSPECIFIED.,.F.,.F.,(4,2,2,2,2,4),(0.0,0.00234062242842794,0.70462601618918,1.05576871306956,1.40691140994993,1.64637199793134),.UNSPECIFIED.);
#4134=LINE('',#5728,#5729);
#4135=FILL_AREA_STYLE_COLOUR('',#5730);
#4136=VERTEX_POINT('',#5731);
#4137=LINE('',#5732,#5733);
#4138=VERTEX_POINT('',#5734);
#4139=LINE('',#5735,#5736);
#4140=VERTEX_POINT('',#5737);
#4141=LINE('',#5738,#5739);
#4142=VERTEX_POINT('',#5740);
#4143=LINE('',#5741,#5742);
#4144=VERTEX_POINT('',#5743);
#4145=LINE('',#5744,#5745);
#4146=LINE('',#5746,#5747);
#4147=FILL_AREA_STYLE_COLOUR('',#5748);
#4148=VERTEX_POINT('',#5749);
#4149=LINE('',#5750,#5751);
#4150=B_SPLINE_CURVE_WITH_KNOTS('',3,(#5752,#5753,#5754,#5755,#5756,#5757,#5758,#5759,#5760,#5761,#5762,#5763),.UNSPECIFIED.,.F.,.F.,(4,2,2,2,2,4),(2.86284277771486,3.10230336569627,3.45344606257712,3.80458875945796,4.50687415321965,4.50921477564774),.UNSPECIFIED.);
#4151=FILL_AREA_STYLE_COLOUR('',#5764);
#4152=B_SPLINE_CURVE_WITH_KNOTS('',3,(#5765,#5766,#5767,#5768,#5769,#5770,#5771,#5772,#5773,#5774,#5775,#5776,#5777,#5778),.UNSPECIFIED.,.F.,.F.,(4,2,2,2,2,2,4),(0.0,0.00339502906379495,0.633099051230877,1.26280307339796,1.69131494907604,2.11982682475412,2.31235975246025),.UNSPECIFIED.);
#4153=CIRCLE('',#5779,1.7);
#4154=LINE('',#5780,#5781);
#4155=FILL_AREA_STYLE_COLOUR('',#5782);
#4156=FILL_AREA_STYLE_COLOUR('',#5783);
#4157=CIRCLE('',#5784,1.0);
#4158=FILL_AREA_STYLE_COLOUR('',#5785);
#4159=FILL_AREA_STYLE_COLOUR('',#5786);
#4160=LINE('',#5787,#5788);
#4161=FILL_AREA_STYLE_COLOUR('',#5789);
#4162=FILL_AREA_STYLE_COLOUR('',#5790);
#4163=LINE('',#5791,#5792);
#4164=FILL_AREA_STYLE_COLOUR('',#5793);
#4165=FILL_AREA_STYLE_COLOUR('',#5794);
#4166=VERTEX_POINT('',#5795);
#4167=LINE('',#5796,#5797);
#4168=VERTEX_POINT('',#5798);
#4169=LINE('',#5799,#5800);
#4170=LINE('',#5801,#5802);
#4171=FILL_AREA_STYLE_COLOUR('',#5803);
#4172=VERTEX_POINT('',#5804);
#4173=ELLIPSE('',#5805,5.1618795026618,3.65);
#4174=VERTEX_POINT('',#5806);
#4175=CIRCLE('',#5807,3.65);
#4176=VERTEX_POINT('',#5808);
#4177=ELLIPSE('',#5809,5.1618795026618,3.65);
#4178=LINE('',#5810,#5811);
#4179=FILL_AREA_STYLE_COLOUR('',#5812);
#4180=VERTEX_POINT('',#5813);
#4181=LINE('',#5814,#5815);
#4182=LINE('',#5816,#5817);
#4183=FILL_AREA_STYLE_COLOUR('',#5818);
#4184=LINE('',#5819,#5820);
#4185=FILL_AREA_STYLE_COLOUR('',#5821);
#4186=LINE('',#5822,#5823);
#4187=FILL_AREA_STYLE_COLOUR('',#5824);
#4188=VERTEX_POINT('',#5825);
#4189=LINE('',#5826,#5827);
#4190=VERTEX_POINT('',#5828);
#4191=ELLIPSE('',#5829,5.1618795026618,3.65);
#4192=VERTEX_POINT('',#5830);
#4193=LINE('',#5831,#5832);
#4194=LINE('',#5833,#5834);
#4195=FILL_AREA_STYLE_COLOUR('',#5835);
#4196=VERTEX_POINT('',#5836);
#4197=CIRCLE('',#5837,3.65);
#4198=VERTEX_POINT('',#5838);
#4199=ELLIPSE('',#5839,5.1618795026618,3.65);
#4200=LINE('',#5840,#5841);
#4201=LINE('',#5842,#5843);
#4202=FILL_AREA_STYLE_COLOUR('',#5844);
#4203=LINE('',#5845,#5846);
#4204=FILL_AREA_STYLE_COLOUR('',#5847);
#4205=VERTEX_POINT('',#5848);
#4206=LINE('',#5849,#5850);
#4207=LINE('',#5851,#5852);
#4208=FILL_AREA_STYLE_COLOUR('',#5853);
#4209=LINE('',#5854,#5855);
#4210=FILL_AREA_STYLE_COLOUR('',#5856);
#4211=FILL_AREA_STYLE_COLOUR('',#5857);
#4212=LINE('',#5858,#5859);
#4213=FILL_AREA_STYLE_COLOUR('',#5860);
#4214=FILL_AREA_STYLE_COLOUR('',#5861);
#4215=VERTEX_POINT('',#5862);
#4216=VERTEX_POINT('',#5863);
#4217=LINE('',#5864,#5865);
#4218=VERTEX_POINT('',#5866);
#4219=CIRCLE('',#5867,1.55);
#4220=VERTEX_POINT('',#5868);
#4221=LINE('',#5869,#5870);
#4222=CIRCLE('',#5871,1.55);
#4223=FILL_AREA_STYLE_COLOUR('',#5872);
#4224=VERTEX_POINT('',#5873);
#4225=VERTEX_POINT('',#5874);
#4226=LINE('',#5875,#5876);
#4227=VERTEX_POINT('',#5877);
#4228=CIRCLE('',#5878,1.55);
#4229=VERTEX_POINT('',#5879);
#4230=LINE('',#5880,#5881);
#4231=CIRCLE('',#5882,1.55);
#4232=FILL_AREA_STYLE_COLOUR('',#5883);
#4233=CIRCLE('',#5884,1.55);
#4234=CIRCLE('',#5885,1.55);
#4235=FILL_AREA_STYLE_COLOUR('',#5886);
#4236=FILL_AREA_STYLE_COLOUR('',#5887);
#4237=CIRCLE('',#5888,1.55);
#4238=CIRCLE('',#5889,1.55);
#4239=FILL_AREA_STYLE_COLOUR('',#5890);
#4240=FILL_AREA_STYLE_COLOUR('',#5891);
#4241=VERTEX_POINT('',#5892);
#4242=VERTEX_POINT('',#5893);
#4243=CIRCLE('',#5894,1.5);
#4244=VERTEX_POINT('',#5895);
#4245=CIRCLE('',#5896,1.5);
#4246=CIRCLE('',#5897,1.5);
#4247=FILL_AREA_STYLE_COLOUR('',#5898);
#4248=VERTEX_POINT('',#5899);
#4249=LINE('',#5900,#5901);
#4250=VERTEX_POINT('',#5902);
#4251=CIRCLE('',#5903,1.5);
#4252=LINE('',#5904,#5905);
#4253=FILL_AREA_STYLE_COLOUR('',#5906);
#4254=VERTEX_POINT('',#5907);
#4255=VERTEX_POINT('',#5908);
#4256=CIRCLE('',#5909,1.5);
#4257=VERTEX_POINT('',#5910);
#4258=CIRCLE('',#5911,1.5);
#4259=CIRCLE('',#5912,1.5);
#4260=FILL_AREA_STYLE_COLOUR('',#5913);
#4261=LINE('',#5914,#5915);
#4262=LINE('',#5916,#5917);
#4263=FILL_AREA_STYLE_COLOUR('',#5918);
#4264=VERTEX_POINT('',#5919);
#4265=LINE('',#5920,#5921);
#4266=VERTEX_POINT('',#5922);
#4267=CIRCLE('',#5923,1.5);
#4268=LINE('',#5924,#5925);
#4269=FILL_AREA_STYLE_COLOUR('',#5926);
#4270=VERTEX_POINT('',#5927);
#4271=CIRCLE('',#5928,1.5);
#4272=CIRCLE('',#5929,1.5);
#4273=FILL_AREA_STYLE_COLOUR('',#5930);
#4274=VERTEX_POINT('',#5931);
#4275=CIRCLE('',#5932,1.5);
#4276=CIRCLE('',#5933,1.5);
#4277=FILL_AREA_STYLE_COLOUR('',#5934);
#4278=LINE('',#5935,#5936);
#4279=LINE('',#5937,#5938);
#4280=FILL_AREA_STYLE_COLOUR('',#5939);
#4281=VERTEX_POINT('',#5940);
#4282=LINE('',#5941,#5942);
#4283=VERTEX_POINT('',#5943);
#4284=CIRCLE('',#5944,1.5);
#4285=LINE('',#5945,#5946);
#4286=FILL_AREA_STYLE_COLOUR('',#5947);
#4287=FILL_AREA_STYLE_COLOUR('',#5948);
#4288=VERTEX_POINT('',#5949);
#4289=LINE('',#5950,#5951);
#4290=VERTEX_POINT('',#5952);
#4291=CIRCLE('',#5953,1.5);
#4292=LINE('',#5954,#5955);
#4293=FILL_AREA_STYLE_COLOUR('',#5956);
#4294=VERTEX_POINT('',#5957);
#4295=LINE('',#5958,#5959);
#4296=LINE('',#5960,#5961);
#4297=FILL_AREA_STYLE_COLOUR('',#5962);
#4298=VERTEX_POINT('',#5963);
#4299=LINE('',#5964,#5965);
#4300=CIRCLE('',#5966,1.5);
#4301=FILL_AREA_STYLE_COLOUR('',#5967);
#4302=VERTEX_POINT('',#5968);
#4303=LINE('',#5969,#5970);
#4304=LINE('',#5971,#5972);
#4305=FILL_AREA_STYLE_COLOUR('',#5973);
#4306=VERTEX_POINT('',#5974);
#4307=LINE('',#5975,#5976);
#4308=CIRCLE('',#5977,1.5);
#4309=FILL_AREA_STYLE_COLOUR('',#5978);
#4310=LINE('',#5979,#5980);
#4311=FILL_AREA_STYLE_COLOUR('',#5981);
#4312=LINE('',#5982,#5983);
#4313=FILL_AREA_STYLE_COLOUR('',#5984);
#4314=FILL_AREA_STYLE_COLOUR('',#5985);
#4315=FILL_AREA_STYLE_COLOUR('',#5986);
#4316=COLOUR_RGB('',0.850980401039124,0.839215695858002,0.858823537826538);
#4317=CARTESIAN_POINT('',(2.65,-10.0,0.0));
#4318=CARTESIAN_POINT('',(2.65,-10.0,-2.0));
#4319=CARTESIAN_POINT('',(2.65,-10.0,-1.0));
#4320=VECTOR('',#5987,1.0);
#4321=CARTESIAN_POINT('',(-2.65,-10.0,0.0));
#4322=AXIS2_PLACEMENT_3D('',#5988,#5989,#5990);
#4323=CARTESIAN_POINT('',(-2.65,-10.0,-2.0));
#4324=CARTESIAN_POINT('',(-2.65,-10.0,-1.0));
#4325=VECTOR('',#5991,1.0);
#4326=AXIS2_PLACEMENT_3D('',#5992,#5993,#5994);
#4327=COLOUR_RGB('',0.850980401039124,0.839215695858002,0.858823537826538);
#4328=CARTESIAN_POINT('',(2.65,0.0,-10.0));
#4329=CARTESIAN_POINT('',(2.65,-2.0,-10.0));
#4330=CARTESIAN_POINT('',(2.65,-1.0,-10.0));
#4331=VECTOR('',#5995,1.0);
#4332=CARTESIAN_POINT('',(-2.65,0.0,-10.0));
#4333=AXIS2_PLACEMENT_3D('',#5996,#5997,#5998);
#4334=CARTESIAN_POINT('',(-2.65,-2.0,-10.0));
#4335=CARTESIAN_POINT('',(-2.65,-1.0,-10.0));
#4336=VECTOR('',#5999,1.0);
#4337=AXIS2_PLACEMENT_3D('',#6000,#6001,#6002);
#4338=COLOUR_RGB('',0.850980401039124,0.839215695858002,0.858823537826538);
#4339=CARTESIAN_POINT('',(-5.2,-10.5,-10.5));
#4340=CARTESIAN_POINT('',(-5.2,-6.2573593128,-6.2573593128));
#4341=CARTESIAN_POINT('',(-5.2,-8.73223304695292,-8.73223304695292));
#4342=VECTOR('',#6003,1.0);
#4343=CARTESIAN_POINT('',(-8.5,-10.5,-10.5));
#4344=AXIS2_PLACEMENT_3D('',#6004,#6005,#6006);
#4345=CARTESIAN_POINT('',(-8.5,-6.2573593128,-6.2573593128));
#4346=CARTESIAN_POINT('',(-8.5,-8.73223304695292,-8.73223304695292));
#4347=VECTOR('',#6007,1.0);
#4348=AXIS2_PLACEMENT_3D('',#6008,#6009,#6010);
#4349=COLOUR_RGB('',0.850980401039124,0.839215695858002,0.858823537826538);
#4350=CARTESIAN_POINT('',(8.5,-10.5,-10.5));
#4351=CARTESIAN_POINT('',(8.5,-6.2573593128,-6.2573593128));
#4352=CARTESIAN_POINT('',(8.5,-8.73223304695292,-8.73223304695292));
#4353=VECTOR('',#6011,1.0);
#4354=CARTESIAN_POINT('',(5.2,-10.5,-10.5));
#4355=AXIS2_PLACEMENT_3D('',#6012,#6013,#6014);
#4356=CARTESIAN_POINT('',(5.2,-6.2573593128,-6.2573593128));
#4357=CARTESIAN_POINT('',(5.2,-8.73223304695292,-8.73223304695292));
#4358=VECTOR('',#6015,1.0);
#4359=AXIS2_PLACEMENT_3D('',#6016,#6017,#6018);
#4360=COLOUR_RGB('',0.792156875133514,0.882352948188782,1.0);
#4361=CARTESIAN_POINT('',(4.25,-5.0,-10.0));
#4362=CARTESIAN_POINT('',(4.25,-2.0,-10.0));
#4363=CARTESIAN_POINT('',(4.25,-3.75,-10.0));
#4364=VECTOR('',#6019,1.0);
#4365=CARTESIAN_POINT('',(-4.25,-5.0,-10.0));
#4366=AXIS2_PLACEMENT_3D('',#6020,#6021,#6022);
#4367=CARTESIAN_POINT('',(-4.25,-2.0,-10.0));
#4368=CARTESIAN_POINT('',(-4.25,-3.75,-10.0));
#4369=VECTOR('',#6023,1.0);
#4370=AXIS2_PLACEMENT_3D('',#6024,#6025,#6026);
#4371=COLOUR_RGB('',0.792156875133514,0.882352948188782,1.0);
#4372=CARTESIAN_POINT('',(-3.75,-5.5,-10.0));
#4373=AXIS2_PLACEMENT_3D('',#6027,#6028,#6029);
#4374=CARTESIAN_POINT('',(3.75,-5.5,-10.0));
#4375=AXIS2_PLACEMENT_3D('',#6030,#6031,#6032);
#4376=AXIS2_PLACEMENT_3D('',#6033,#6034,#6035);
#4377=COLOUR_RGB('',0.792156875133514,0.882352948188782,1.0);
#4378=CARTESIAN_POINT('',(2.00925,6.0,-10.0));
#4379=CARTESIAN_POINT('',(2.5,5.50925,-10.0));
#4380=CARTESIAN_POINT('',(2.254625,5.754625,-10.0));
#4381=VECTOR('',#6036,1.0);
#4382=CARTESIAN_POINT('',(-2.00925,6.0,-10.0));
#4383=AXIS2_PLACEMENT_3D('',#6037,#6038,#6039);
#4384=CARTESIAN_POINT('',(-2.5,5.50925,-10.0));
#4385=CARTESIAN_POINT('',(-2.254625,5.754625,-10.0));
#4386=VECTOR('',#6040,1.0);
#4387=CARTESIAN_POINT('',(-1.15297706894229,5.50924999981151,-7.7817475619742));
#4388=AXIS2_PLACEMENT_3D('',#6041,#6042,#6043);
#4389=CARTESIAN_POINT('',(1.18729165843881,5.50925,-7.7999230654812));
#4390=AXIS2_PLACEMENT_3D('',#6044,#6045,#6046);
#4391=AXIS2_PLACEMENT_3D('',#6047,#6048,#6049);
#4392=COLOUR_RGB('',0.792156875133514,0.882352948188782,1.0);
#4393=CARTESIAN_POINT('',(4.25,-10.0,-5.0));
#4394=CARTESIAN_POINT('',(4.25,-10.0,-2.0));
#4395=CARTESIAN_POINT('',(4.25,-10.0,-3.75));
#4396=VECTOR('',#6050,1.0);
#4397=CARTESIAN_POINT('',(-4.25,-10.0,-5.0));
#4398=AXIS2_PLACEMENT_3D('',#6051,#6052,#6053);
#4399=CARTESIAN_POINT('',(-4.25,-10.0,-2.0));
#4400=CARTESIAN_POINT('',(-4.25,-10.0,-3.75));
#4401=VECTOR('',#6054,1.0);
#4402=AXIS2_PLACEMENT_3D('',#6055,#6056,#6057);
#4403=COLOUR_RGB('',0.792156875133514,0.882352948188782,1.0);
#4404=CARTESIAN_POINT('',(-3.75,-10.0,-5.5));
#4405=AXIS2_PLACEMENT_3D('',#6058,#6059,#6060);
#4406=CARTESIAN_POINT('',(3.75,-10.0,-5.5));
#4407=AXIS2_PLACEMENT_3D('',#6061,#6062,#6063);
#4408=AXIS2_PLACEMENT_3D('',#6064,#6065,#6066);
#4409=COLOUR_RGB('',0.792156875133514,0.882352948188782,1.0);
#4410=CARTESIAN_POINT('',(2.00925,-10.0,6.0));
#4411=CARTESIAN_POINT('',(2.5,-10.0,5.50925));
#4412=CARTESIAN_POINT('',(2.254625,-10.0,5.754625));
#4413=VECTOR('',#6067,1.0);
#4414=CARTESIAN_POINT('',(-2.00925,-10.0,6.0));
#4415=AXIS2_PLACEMENT_3D('',#6068,#6069,#6070);
#4416=CARTESIAN_POINT('',(-2.5,-10.0,5.50925));
#4417=CARTESIAN_POINT('',(-2.254625,-10.0,5.754625));
#4418=VECTOR('',#6071,1.0);
#4419=CARTESIAN_POINT('',(-1.18729165843881,-12.2000769345188,5.50925));
#4420=AXIS2_PLACEMENT_3D('',#6072,#6073,#6074);
#4421=CARTESIAN_POINT('',(1.1529770689423,-12.2182524380258,5.50924999981151));
#4422=AXIS2_PLACEMENT_3D('',#6075,#6076,#6077);
#4423=AXIS2_PLACEMENT_3D('',#6078,#6079,#6080);
#4424=COLOUR_RGB('',0.792156875133514,0.882352948188782,1.0);
#4425=CARTESIAN_POINT('',(2.5,4.42638594443379,-10.0));
#4426=CARTESIAN_POINT('',(2.5,4.96798349267478,-10.0));
#4427=VECTOR('',#6081,1.0);
#4428=CARTESIAN_POINT('',(1.51962703,5.29814531,-11.9851281292887));
#4429=CARTESIAN_POINT('',(1.28031318195115,5.47127085878278,-7.85272308350271));
#4430=CARTESIAN_POINT('',(1.42705116185257,5.36918983081421,-7.94021555766059));
#4431=CARTESIAN_POINT('',(1.5621552116424,5.26780734952059,-8.04135765690508));
#4432=CARTESIAN_POINT('',(1.79861604298352,5.08027508638446,-8.25658091068498));
#4433=CARTESIAN_POINT('',(1.90972777876354,4.98672358958086,-8.37790969387798));
#4434=CARTESIAN_POINT('',(2.10962826790273,4.81004526302358,-8.64807333069513));
#4435=CARTESIAN_POINT('',(2.19846545556333,4.72696760510189,-8.79690449900507));
#4436=CARTESIAN_POINT('',(2.34476515622198,4.58555867071035,-9.11526035229428));
#4437=CARTESIAN_POINT('',(2.40237094226779,4.52721372397573,-9.2851435761008));
#4438=CARTESIAN_POINT('',(2.48000474766594,4.44754756651771,-9.63670633122));
#4439=CARTESIAN_POINT('',(2.5,4.42638594443379,-9.81842924180364));
#4440=CARTESIAN_POINT('',(2.5,4.42638594443379,-10.1815707581964));
#4441=CARTESIAN_POINT('',(2.48000474766594,4.44754756651771,-10.36329366878));
#4442=CARTESIAN_POINT('',(2.40237094226779,4.52721372397573,-10.7148564238992));
#4443=CARTESIAN_POINT('',(2.34476515622198,4.58555867071035,-10.8847396477057));
#4444=CARTESIAN_POINT('',(2.19846545556333,4.72696760510189,-11.2030955009949));
#4445=CARTESIAN_POINT('',(2.10962826790273,4.81004526302358,-11.3519266693049));
#4446=CARTESIAN_POINT('',(1.90972777876354,4.98672358958086,-11.622090306122));
#4447=CARTESIAN_POINT('',(1.79861604298352,5.08027508638446,-11.743419089315));
#4448=CARTESIAN_POINT('',(1.5621552116424,5.26780734952059,-11.9586423430949));
#4449=CARTESIAN_POINT('',(1.42705116185257,5.36918983081421,-12.0597844423394));
#4450=CARTESIAN_POINT('',(1.28031318195115,5.47127085878278,-12.1472769164973));
#4451=CARTESIAN_POINT('',(1.18729165843881,5.50925,-12.2000769345188));
#4452=CARTESIAN_POINT('',(1.60473488847049,5.23121655106431,-11.9169835517619));
#4453=CARTESIAN_POINT('',(1.49830295790423,5.31871007924958,-12.0060792731186));
#4454=CARTESIAN_POINT('',(1.38337453756149,5.39826079972684,-12.0870315891996));
#4455=CARTESIAN_POINT('',(1.17668548823944,5.51707652629072,-12.2080391979232));
#4456=CARTESIAN_POINT('',(1.08171862266486,5.56468565542823,-12.2565577753726));
#4457=CARTESIAN_POINT('',(0.980242332460364,5.60704729137646,-12.2998097681445));
#4458=AXIS2_PLACEMENT_3D('',#6082,#6083,#6084);
#4459=COLOUR_RGB('',0.792156875133514,0.882352948188782,1.0);
#4460=CARTESIAN_POINT('',(-2.5,4.39019345836464,-10.0));
#4461=CARTESIAN_POINT('',(-2.5,4.94988714813253,-10.0));
#4462=VECTOR('',#6085,1.0);
#4463=CARTESIAN_POINT('',(-1.15297706894229,5.50924999981151,-12.2182524380258));
#4464=AXIS2_PLACEMENT_3D('',#6086,#6087,#6088);
#4465=CARTESIAN_POINT('',(-1.48531244,5.29814531,-12.0109318624909));
#4466=CARTESIAN_POINT('',(-0.708814033939973,5.69227206358779,-12.3974116595382));
#4467=CARTESIAN_POINT('',(-0.929517749035276,5.62529615510801,-12.3321588218562));
#4468=CARTESIAN_POINT('',(-1.13361913754406,5.52829509340887,-12.2369850066346));
#4469=CARTESIAN_POINT('',(-1.41892382274934,5.35095849846254,-12.0628207787366));
#4470=CARTESIAN_POINT('',(-1.52998486968698,5.26851243508978,-11.9818028972744));
#4471=CARTESIAN_POINT('',(-1.63269862112005,5.17829056239969,-11.8932234977922));
#4472=CARTESIAN_POINT('',(-1.26240979786238,5.45982361096137,-12.1578511306995));
#4473=CARTESIAN_POINT('',(-1.41095198748005,5.35593516228661,-12.0709493453731));
#4474=CARTESIAN_POINT('',(-1.54777712247932,5.25262215175823,-11.9701167090602));
#4475=CARTESIAN_POINT('',(-1.78747318439337,5.06117796387081,-11.7549532234601));
#4476=CARTESIAN_POINT('',(-1.90018890308502,4.96551914369498,-11.6333836012315));
#4477=CARTESIAN_POINT('',(-2.10304706287595,4.78463491022973,-11.3622969225955));
#4478=CARTESIAN_POINT('',(-2.19324082074342,4.69945751574858,-11.2127862310333));
#4479=CARTESIAN_POINT('',(-2.34188712700159,4.5542560645382,-10.8925912879866));
#4480=CARTESIAN_POINT('',(-2.40048631142892,4.49421789682435,-10.721552125252));
#4481=CARTESIAN_POINT('',(-2.47955819822871,4.4121032672289,-10.3671009800853));
#4482=CARTESIAN_POINT('',(-2.5,4.39019345836464,-10.1836435179848));
#4483=CARTESIAN_POINT('',(-2.5,4.39019345836464,-9.81635648201517));
#4484=CARTESIAN_POINT('',(-2.47955819822871,4.4121032672289,-9.63289901991474));
#4485=CARTESIAN_POINT('',(-2.40048631142892,4.49421789682435,-9.27844787474802));
#4486=CARTESIAN_POINT('',(-2.34188712700159,4.5542560645382,-9.10740871201343));
#4487=CARTESIAN_POINT('',(-2.19324082074342,4.69945751574858,-8.78721376896675));
#4488=CARTESIAN_POINT('',(-2.10304706287595,4.78463491022973,-8.63770307740453));
#4489=CARTESIAN_POINT('',(-1.90018890308502,4.96551914369498,-8.36661639876845));
#4490=CARTESIAN_POINT('',(-1.78747318439337,5.06117796387081,-8.24504677653987));
#4491=CARTESIAN_POINT('',(-1.54777712247932,5.25262215175823,-8.02988329093977));
#4492=CARTESIAN_POINT('',(-1.41095198748005,5.35593516228661,-7.92905065462693));
#4493=CARTESIAN_POINT('',(-1.26240979786238,5.45982361096137,-7.84214886930051));
#4494=COLOUR_RGB('',0.792156875133514,0.882352948188782,1.0);
#4495=CARTESIAN_POINT('',(2.5,-2.0,-10.0));
#4496=CARTESIAN_POINT('',(2.5,1.68916729472271,-10.0));
#4497=CARTESIAN_POINT('',(2.5,-0.15518564602839,-10.0));
#4498=VECTOR('',#6089,1.0);
#4499=CARTESIAN_POINT('',(-2.5,-2.0,-10.0));
#4500=AXIS2_PLACEMENT_3D('',#6090,#6091,#6092);
#4501=CARTESIAN_POINT('',(-2.5,1.68916730703154,-10.0));
#4502=CARTESIAN_POINT('',(-2.5,-0.15518564602839,-10.0));
#4503=VECTOR('',#6093,1.0);
#4504=CARTESIAN_POINT('',(-2.45,1.6,-10.4974937185533));
#4505=CARTESIAN_POINT('',(-2.44260684340795,1.57591535237936,-9.46739150538442));
#4506=CARTESIAN_POINT('',(-2.45006817009558,1.60444112890444,-9.50161005017364));
#4507=CARTESIAN_POINT('',(-2.45801230987281,1.6213251042256,-9.5417124862634));
#4508=CARTESIAN_POINT('',(-2.47232997710568,1.64961349144645,-9.62658748772951));
#4509=CARTESIAN_POINT('',(-2.47879746965305,1.65984870148881,-9.67172943627919));
#4510=CARTESIAN_POINT('',(-2.49465094987128,1.68335611050989,-9.81153745354092));
#4511=CARTESIAN_POINT('',(-2.5,1.68916730703154,-9.90966063693405));
#4512=CARTESIAN_POINT('',(-2.5,1.68916730703154,-10.090339363066));
#4513=CARTESIAN_POINT('',(-2.49465094987128,1.68335611050989,-10.1884625464591));
#4514=CARTESIAN_POINT('',(-2.47879746965305,1.65984870148881,-10.3282705637208));
#4515=CARTESIAN_POINT('',(-2.47232997710568,1.64961349144645,-10.3734125122705));
#4516=CARTESIAN_POINT('',(-2.45801230987281,1.6213251042256,-10.4582875137366));
#4517=CARTESIAN_POINT('',(-2.45006817009558,1.60444112890444,-10.4983899498264));
#4518=CARTESIAN_POINT('',(-2.44260684340795,1.57591535237936,-10.5326084946156));
#4519=CARTESIAN_POINT('',(-2.16715729,1.4,-11.2463664310306));
#4520=CARTESIAN_POINT('',(-2.44999999999997,1.59999999999993,-10.4974937185534));
#4521=CARTESIAN_POINT('',(-2.44903365951308,1.59725952313934,-10.5022522024941));
#4522=CARTESIAN_POINT('',(-2.44804413965366,1.59459311244799,-10.5070543994098));
#4523=CARTESIAN_POINT('',(-2.44023079100742,1.57435561521616,-10.5444062360208));
#4524=CARTESIAN_POINT('',(-2.43247710225808,1.55894097422683,-10.5782410822122));
#4525=CARTESIAN_POINT('',(-2.40586431874017,1.51510016293224,-10.6834085937112));
#4526=CARTESIAN_POINT('',(-2.38389904575283,1.48969306710633,-10.7573187729504));
#4527=CARTESIAN_POINT('',(-2.30773935414604,1.42744536485147,-10.9727210043778));
#4528=CARTESIAN_POINT('',(-2.24233493713183,1.40000000259238,-11.1156490256427));
#4529=CARTESIAN_POINT('',(-2.16715729,1.4,-11.2463664310306));
#4530=CARTESIAN_POINT('',(-2.13467588999999,1.4,-11.301214373058));
#4531=AXIS2_PLACEMENT_3D('',#6094,#6095,#6096);
#4532=CARTESIAN_POINT('',(2.1346759,1.4,-11.3012143566527));
#4533=CARTESIAN_POINT('',(-2.3089127799399,1.35987183610283,-10.9586040760555));
#4534=CARTESIAN_POINT('',(-2.24502633898034,1.3751941925029,-11.1124822991823));
#4535=CARTESIAN_POINT('',(-2.16558172435537,1.39357838085358,-11.2598411834294));
#4536=CARTESIAN_POINT('',(-1.98226156687646,1.43285302562489,-11.5321824610592));
#4537=CARTESIAN_POINT('',(-1.87837241062153,1.45370322107733,-11.6571614953112));
#4538=CARTESIAN_POINT('',(-1.6571776142691,1.49384541805119,-11.8783562916636));
#4539=CARTESIAN_POINT('',(-1.53220610753298,1.51456260446416,-11.9822436128461));
#4540=CARTESIAN_POINT('',(-1.25986022802403,1.55335465966153,-12.1655709415728));
#4541=CARTESIAN_POINT('',(-1.11248922295188,1.57139234662192,-12.2450238176234));
#4542=CARTESIAN_POINT('',(-0.804708971750659,1.60133484823747,-12.3728058763161));
#4543=CARTESIAN_POINT('',(-0.644041908276655,1.6132387384982,-12.4212365810299));
#4544=CARTESIAN_POINT('',(-0.320528932225977,1.62901763384482,-12.4848415974801));
#4545=CARTESIAN_POINT('',(-0.157679402429742,1.6328826,-12.5));
#4546=CARTESIAN_POINT('',(0.157679402429741,1.6328826,-12.5));
#4547=CARTESIAN_POINT('',(0.320528932225976,1.62901763384482,-12.4848415974801));
#4548=CARTESIAN_POINT('',(0.644041908276654,1.6132387384982,-12.4212365810299));
#4549=CARTESIAN_POINT('',(0.804708971750657,1.60133484823747,-12.3728058763161));
#4550=CARTESIAN_POINT('',(1.11248922295188,1.57139234662191,-12.2450238176234));
#4551=CARTESIAN_POINT('',(1.25986022802403,1.55335465966153,-12.1655709415728));
#4552=CARTESIAN_POINT('',(1.53220610753298,1.51456260446415,-11.9822436128461));
#4553=CARTESIAN_POINT('',(1.6571776142691,1.49384541805118,-11.8783562916636));
#4554=CARTESIAN_POINT('',(1.87837241062153,1.45370322107733,-11.6571614953112));
#4555=CARTESIAN_POINT('',(1.98226156687647,1.43285302562488,-11.5321824610592));
#4556=CARTESIAN_POINT('',(2.16558172435537,1.39357838085357,-11.2598411834294));
#4557=CARTESIAN_POINT('',(2.24502633898034,1.37519419250289,-11.1124822991823));
#4558=CARTESIAN_POINT('',(2.3089127799399,1.35987183610283,-10.9586040760555));
#4559=CARTESIAN_POINT('',(2.1671573,1.4,-11.2463664136428));
#4560=AXIS2_PLACEMENT_3D('',#6097,#6098,#6099);
#4561=CARTESIAN_POINT('',(2.45000001,1.6,-10.4974936693065));
#4562=CARTESIAN_POINT('',(2.1671573,1.4,-11.2463664136428));
#4563=CARTESIAN_POINT('',(2.24218323344485,1.39983678328744,-11.1155619801576));
#4564=CARTESIAN_POINT('',(2.3077393558259,1.42744536118553,-10.9727210002335));
#4565=CARTESIAN_POINT('',(2.38389904768177,1.48969305879907,-10.7573187671636));
#4566=CARTESIAN_POINT('',(2.40586432198854,1.51510015417519,-10.683408582995));
#4567=CARTESIAN_POINT('',(2.4324771072512,1.55894096479604,-10.5782410614202));
#4568=CARTESIAN_POINT('',(2.44023079661559,1.57435560571888,-10.5444062111473));
#4569=CARTESIAN_POINT('',(2.44804414711918,1.59459310560111,-10.5070543634337));
#4570=CARTESIAN_POINT('',(2.44903311736004,1.59726521485872,-10.5022553117629));
#4571=CARTESIAN_POINT('',(2.45000001,1.6,-10.4974936693065));
#4572=CARTESIAN_POINT('',(2.44260685193258,1.57591534673881,-10.5326084555206));
#4573=CARTESIAN_POINT('',(2.45006817750126,1.60444112125045,-10.4983899132319));
#4574=CARTESIAN_POINT('',(2.45801231609722,1.62132509551141,-10.4582874800492));
#4575=CARTESIAN_POINT('',(2.47232998120341,1.64961348103832,-10.3734124847679));
#4576=CARTESIAN_POINT('',(2.47879747279233,1.65984869054003,-10.328270539518));
#4577=CARTESIAN_POINT('',(2.4946509506629,1.68335609839097,-10.1884625325113));
#4578=CARTESIAN_POINT('',(2.5,1.68916729472271,-10.0903393563647));
#4579=CARTESIAN_POINT('',(2.5,1.68916729472271,-10.0));
#4580=CARTESIAN_POINT('',(2.5,1.68916729472271,-9.90966064363532));
#4581=CARTESIAN_POINT('',(2.4946509506629,1.68335609839097,-9.81153746748867));
#4582=CARTESIAN_POINT('',(2.47879747279233,1.65984869054003,-9.67172946048198));
#4583=CARTESIAN_POINT('',(2.47232998120341,1.64961348103832,-9.62658751523211));
#4584=CARTESIAN_POINT('',(2.45801231609722,1.62132509551141,-9.54171251995076));
#4585=CARTESIAN_POINT('',(2.45006817750126,1.60444112125045,-9.50161008676815));
#4586=CARTESIAN_POINT('',(2.44260685193258,1.57591534673881,-9.46739154447942));
#4587=COLOUR_RGB('',0.792156875133514,0.882352948188782,1.0);
#4588=CARTESIAN_POINT('',(-2.5,-10.0,4.42638594443379));
#4589=CARTESIAN_POINT('',(-2.5,-10.0,4.96798349267478));
#4590=VECTOR('',#6100,1.0);
#4591=CARTESIAN_POINT('',(-1.18729165843881,-7.7999230654812,5.50925));
#4592=AXIS2_PLACEMENT_3D('',#6101,#6102,#6103);
#4593=CARTESIAN_POINT('',(-1.51962703,-8.01487187071127,5.29814531));
#4594=CARTESIAN_POINT('',(-0.980242332460949,-7.70019023185579,5.60704729137621));
#4595=CARTESIAN_POINT('',(-1.0817186226655,-7.74344222462769,5.56468565542794));
#4596=CARTESIAN_POINT('',(-1.17668548824013,-7.79196080207712,5.51707652629036));
#4597=CARTESIAN_POINT('',(-1.38337453756229,-7.91296841080097,5.39826079972632));
#4598=CARTESIAN_POINT('',(-1.49830295790509,-7.99392072688206,5.31871007924895));
#4599=CARTESIAN_POINT('',(-1.6047348884714,-8.08301644823888,5.23121655106357));
#4600=CARTESIAN_POINT('',(-1.28031318195115,-7.8527230835027,5.47127085878278));
#4601=CARTESIAN_POINT('',(-1.42705116185257,-7.94021555766059,5.36918983081421));
#4602=CARTESIAN_POINT('',(-1.5621552116424,-8.04135765690508,5.26780734952059));
#4603=CARTESIAN_POINT('',(-1.79861604298352,-8.25658091068498,5.08027508638446));
#4604=CARTESIAN_POINT('',(-1.90972777876354,-8.37790969387798,4.98672358958086));
#4605=CARTESIAN_POINT('',(-2.10962826790273,-8.64807333069513,4.81004526302358));
#4606=CARTESIAN_POINT('',(-2.19846545556333,-8.79690449900507,4.72696760510189));
#4607=CARTESIAN_POINT('',(-2.34476515622198,-9.11526035229428,4.58555867071035));
#4608=CARTESIAN_POINT('',(-2.40237094226779,-9.2851435761008,4.52721372397573));
#4609=CARTESIAN_POINT('',(-2.48000474766594,-9.63670633122,4.44754756651771));
#4610=CARTESIAN_POINT('',(-2.5,-9.81842924180364,4.42638594443379));
#4611=CARTESIAN_POINT('',(-2.5,-10.1815707581964,4.42638594443379));
#4612=CARTESIAN_POINT('',(-2.48000474766594,-10.36329366878,4.44754756651771));
#4613=CARTESIAN_POINT('',(-2.40237094226779,-10.7148564238992,4.52721372397574));
#4614=CARTESIAN_POINT('',(-2.34476515622198,-10.8847396477057,4.58555867071035));
#4615=CARTESIAN_POINT('',(-2.19846545556333,-11.2030955009949,4.72696760510189));
#4616=CARTESIAN_POINT('',(-2.10962826790273,-11.3519266693049,4.81004526302357));
#4617=CARTESIAN_POINT('',(-1.90972777876354,-11.622090306122,4.98672358958086));
#4618=CARTESIAN_POINT('',(-1.79861604298352,-11.743419089315,5.08027508638446));
#4619=CARTESIAN_POINT('',(-1.5621552116424,-11.9586423430949,5.26780734952059));
#4620=CARTESIAN_POINT('',(-1.42705116185257,-12.0597844423394,5.36918983081421));
#4621=CARTESIAN_POINT('',(-1.28031318195115,-12.1472769164973,5.47127085878278));
#4622=COLOUR_RGB('',0.792156875133514,0.882352948188782,1.0);
#4623=CARTESIAN_POINT('',(2.5,-10.0,4.39019345836464));
#4624=CARTESIAN_POINT('',(2.5,-10.0,4.94988714813253));
#4625=VECTOR('',#6104,1.0);
#4626=CARTESIAN_POINT('',(1.48531244,-7.98906813750907,5.29814531));
#4627=CARTESIAN_POINT('',(1.26240979786238,-12.1578511306995,5.45982361096137));
#4628=CARTESIAN_POINT('',(1.41095198748005,-12.0709493453731,5.35593516228661));
#4629=CARTESIAN_POINT('',(1.54777712247932,-11.9701167090602,5.25262215175823));
#4630=CARTESIAN_POINT('',(1.78747318439337,-11.7549532234601,5.06117796387081));
#4631=CARTESIAN_POINT('',(1.90018890308502,-11.6333836012315,4.96551914369498));
#4632=CARTESIAN_POINT('',(2.10304706287595,-11.3622969225955,4.78463491022973));
#4633=CARTESIAN_POINT('',(2.19324082074342,-11.2127862310333,4.69945751574858));
#4634=CARTESIAN_POINT('',(2.34188712700159,-10.8925912879866,4.5542560645382));
#4635=CARTESIAN_POINT('',(2.40048631142892,-10.721552125252,4.49421789682435));
#4636=CARTESIAN_POINT('',(2.47955819822871,-10.3671009800853,4.4121032672289));
#4637=CARTESIAN_POINT('',(2.5,-10.1836435179848,4.39019345836464));
#4638=CARTESIAN_POINT('',(2.5,-9.81635648201517,4.39019345836464));
#4639=CARTESIAN_POINT('',(2.47955819822871,-9.63289901991474,4.4121032672289));
#4640=CARTESIAN_POINT('',(2.40048631142892,-9.27844787474802,4.49421789682435));
#4641=CARTESIAN_POINT('',(2.34188712700159,-9.10740871201343,4.5542560645382));
#4642=CARTESIAN_POINT('',(2.19324082074341,-8.78721376896674,4.69945751574858));
#4643=CARTESIAN_POINT('',(2.10304706287595,-8.63770307740452,4.78463491022973));
#4644=CARTESIAN_POINT('',(1.90018890308502,-8.36661639876845,4.96551914369498));
#4645=CARTESIAN_POINT('',(1.78747318439337,-8.24504677653987,5.06117796387081));
#4646=CARTESIAN_POINT('',(1.54777712247931,-8.02988329093976,5.25262215175824));
#4647=CARTESIAN_POINT('',(1.41095198748005,-7.92905065462693,5.35593516228661));
#4648=CARTESIAN_POINT('',(1.26240979786238,-7.84214886930051,5.45982361096137));
#4649=CARTESIAN_POINT('',(1.15297706894229,-7.7817475619742,5.50924999981151));
#4650=CARTESIAN_POINT('',(1.63269862112104,-8.10677650220862,5.17829056239882));
#4651=CARTESIAN_POINT('',(1.52998486968794,-8.01819710272632,5.26851243508903));
#4652=CARTESIAN_POINT('',(1.41892382275025,-7.93717922126403,5.35095849846191));
#4653=CARTESIAN_POINT('',(1.13361913754485,-7.76301499336583,5.52829509340847));
#4654=CARTESIAN_POINT('',(0.929517749035963,-7.66784117814404,5.62529615510774));
#4655=CARTESIAN_POINT('',(0.708814033940526,-7.60258834046196,5.69227206358762));
#4656=AXIS2_PLACEMENT_3D('',#6105,#6106,#6107);
#4657=COLOUR_RGB('',0.792156875133514,0.882352948188782,1.0);
#4658=CARTESIAN_POINT('',(2.5,-10.0,-2.0));
#4659=CARTESIAN_POINT('',(2.5,-10.0,1.68916730703154));
#4660=CARTESIAN_POINT('',(2.5,-10.0,-0.15518564602839));
#4661=VECTOR('',#6108,1.0);
#4662=CARTESIAN_POINT('',(-2.5,-10.0,-2.0));
#4663=AXIS2_PLACEMENT_3D('',#6109,#6110,#6111);
#4664=CARTESIAN_POINT('',(-2.5,-10.0,1.68916729472271));
#4665=CARTESIAN_POINT('',(-2.5,-10.0,-0.15518564602839));
#4666=VECTOR('',#6112,1.0);
#4667=CARTESIAN_POINT('',(-2.45000001,-9.50250633069355,1.6));
#4668=CARTESIAN_POINT('',(-2.44260685193258,-10.5326084555206,1.57591534673881));
#4669=CARTESIAN_POINT('',(-2.45006817750126,-10.4983899132319,1.60444112125045));
#4670=CARTESIAN_POINT('',(-2.45801231609722,-10.4582874800492,1.62132509551141));
#4671=CARTESIAN_POINT('',(-2.47232998120341,-10.3734124847679,1.64961348103832));
#4672=CARTESIAN_POINT('',(-2.47879747279234,-10.328270539518,1.65984869054003));
#4673=CARTESIAN_POINT('',(-2.4946509506629,-10.1884625325113,1.68335609839097));
#4674=CARTESIAN_POINT('',(-2.5,-10.0903393563647,1.68916729472271));
#4675=CARTESIAN_POINT('',(-2.5,-10.0,1.68916729472271));
#4676=CARTESIAN_POINT('',(-2.5,-9.90966064363532,1.68916729472271));
#4677=CARTESIAN_POINT('',(-2.4946509506629,-9.81153746748867,1.68335609839097));
#4678=CARTESIAN_POINT('',(-2.47879747279233,-9.67172946048198,1.65984869054003));
#4679=CARTESIAN_POINT('',(-2.47232998120341,-9.62658751523211,1.64961348103832));
#4680=CARTESIAN_POINT('',(-2.45801231609722,-9.54171251995076,1.62132509551141));
#4681=CARTESIAN_POINT('',(-2.45006817750126,-9.50161008676815,1.60444112125045));
#4682=CARTESIAN_POINT('',(-2.44260685193258,-9.46739154447942,1.57591534673881));
#4683=CARTESIAN_POINT('',(-2.1671573,-8.75363358635724,1.4));
#4684=CARTESIAN_POINT('',(-2.46022269119768,-9.55581050246991,1.63586985366243));
#4685=CARTESIAN_POINT('',(-2.45518884377664,-9.52792964144519,1.61286591021368));
#4686=CARTESIAN_POINT('',(-2.44845856971064,-9.49370228763762,1.5940408278508));
#4687=CARTESIAN_POINT('',(-2.43292408092281,-9.42366046097256,1.55955190543803));
#4688=CARTESIAN_POINT('',(-2.42408308082401,-9.38763966426144,1.54432535150861));
#4689=CARTESIAN_POINT('',(-2.38986912296545,-9.25958530994672,1.49398420996361));
#4690=CARTESIAN_POINT('',(-2.35531957693754,-9.15441012807083,1.46133167471026));
#4691=CARTESIAN_POINT('',(-2.27023856298723,-8.94711366871338,1.41409498269384));
#4692=CARTESIAN_POINT('',(-2.21964897824998,-8.84490507785341,1.4));
#4693=CARTESIAN_POINT('',(-2.13277689087664,-8.6938536112535,1.4));
#4694=CARTESIAN_POINT('',(-2.09250358601523,-8.63012550602567,1.40607312772582));
#4695=CARTESIAN_POINT('',(-2.05158424488389,-8.57136355704322,1.42315550964884));
#4696=CARTESIAN_POINT('',(-2.1346759,-8.69878564334727,1.4));
#4697=AXIS2_PLACEMENT_3D('',#6113,#6114,#6115);
#4698=CARTESIAN_POINT('',(2.13467588999999,-8.69878562694199,1.4));
#4699=CARTESIAN_POINT('',(-2.3089127799399,-9.04139592394452,1.35987183610283));
#4700=CARTESIAN_POINT('',(-2.24502633898034,-8.88751770081765,1.37519419250289));
#4701=CARTESIAN_POINT('',(-2.16558172435536,-8.74015881657064,1.39357838085357));
#4702=CARTESIAN_POINT('',(-1.98226156687646,-8.46781753894081,1.43285302562488));
#4703=CARTESIAN_POINT('',(-1.87837241062153,-8.34283850468879,1.45370322107733));
#4704=CARTESIAN_POINT('',(-1.6571776142691,-8.12164370833636,1.49384541805118));
#4705=CARTESIAN_POINT('',(-1.53220610753298,-8.01775638715386,1.51456260446416));
#4706=CARTESIAN_POINT('',(-1.25986022802402,-7.83442905842724,1.55335465966153));
#4707=CARTESIAN_POINT('',(-1.11248922295188,-7.75497618237664,1.57139234662192));
#4708=CARTESIAN_POINT('',(-0.804708971750658,-7.62719412368386,1.60133484823747));
#4709=CARTESIAN_POINT('',(-0.644041908276654,-7.57876341897006,1.6132387384982));
#4710=CARTESIAN_POINT('',(-0.320528932225976,-7.51515840251994,1.62901763384482));
#4711=CARTESIAN_POINT('',(-0.157679402429742,-7.5,1.6328826));
#4712=CARTESIAN_POINT('',(0.157679402429742,-7.5,1.6328826));
#4713=CARTESIAN_POINT('',(0.320528932225977,-7.51515840251994,1.62901763384482));
#4714=CARTESIAN_POINT('',(0.644041908276655,-7.57876341897006,1.6132387384982));
#4715=CARTESIAN_POINT('',(0.804708971750659,-7.62719412368386,1.60133484823747));
#4716=CARTESIAN_POINT('',(1.11248922295188,-7.75497618237664,1.57139234662192));
#4717=CARTESIAN_POINT('',(1.25986022802403,-7.83442905842724,1.55335465966153));
#4718=CARTESIAN_POINT('',(1.53220610753298,-8.01775638715386,1.51456260446416));
#4719=CARTESIAN_POINT('',(1.6571776142691,-8.12164370833636,1.49384541805119));
#4720=CARTESIAN_POINT('',(1.87837241062153,-8.34283850468879,1.45370322107733));
#4721=CARTESIAN_POINT('',(1.98226156687646,-8.46781753894081,1.43285302562489));
#4722=CARTESIAN_POINT('',(2.16558172435537,-8.74015881657064,1.39357838085358));
#4723=CARTESIAN_POINT('',(2.24502633898034,-8.88751770081765,1.3751941925029));
#4724=CARTESIAN_POINT('',(2.3089127799399,-9.04139592394452,1.35987183610283));
#4725=CARTESIAN_POINT('',(2.16715729,-8.75363356896944,1.4));
#4726=AXIS2_PLACEMENT_3D('',#6116,#6117,#6118);
#4727=CARTESIAN_POINT('',(2.45,-9.50250628144669,1.6));
#4728=CARTESIAN_POINT('',(2.05158423481792,-8.57136354258805,1.42315550967638));
#4729=CARTESIAN_POINT('',(2.09250357588648,-8.63012549059747,1.40607312776812));
#4730=CARTESIAN_POINT('',(2.13277688077806,-8.69385359480411,1.4));
#4731=CARTESIAN_POINT('',(2.21964896725406,-8.84490505703946,1.4));
#4732=CARTESIAN_POINT('',(2.27023855136225,-8.94711364405113,1.4140949821691));
#4733=CARTESIAN_POINT('',(2.3553195650047,-9.15441009533543,1.4613316732597));
#4734=CARTESIAN_POINT('',(2.3898691113579,-9.25958527299566,1.49398420806971));
#4735=CARTESIAN_POINT('',(2.42408306976574,-9.38763962062246,1.54432534978811));
#4736=CARTESIAN_POINT('',(2.4329240698771,-9.4236604145225,1.55955190347321));
#4737=CARTESIAN_POINT('',(2.4484585588465,-9.49370223530074,1.59404082557538));
#4738=CARTESIAN_POINT('',(2.45518883308245,-9.52792958599813,1.61286590797335));
#4739=CARTESIAN_POINT('',(2.4602226806551,-9.55581044407795,1.63586985118292));
#4740=CARTESIAN_POINT('',(2.44260684340795,-9.46739150538442,1.57591535237936));
#4741=CARTESIAN_POINT('',(2.45006817009558,-9.50161005017364,1.60444112890444));
#4742=CARTESIAN_POINT('',(2.45801230987281,-9.5417124862634,1.6213251042256));
#4743=CARTESIAN_POINT('',(2.47232997710568,-9.62658748772951,1.64961349144645));
#4744=CARTESIAN_POINT('',(2.47879746965305,-9.67172943627919,1.65984870148881));
#4745=CARTESIAN_POINT('',(2.49465094987128,-9.81153745354092,1.68335611050989));
#4746=CARTESIAN_POINT('',(2.5,-9.90966063693405,1.68916730703154));
#4747=CARTESIAN_POINT('',(2.5,-10.090339363066,1.68916730703154));
#4748=CARTESIAN_POINT('',(2.49465094987128,-10.1884625464591,1.68335611050989));
#4749=CARTESIAN_POINT('',(2.47879746965305,-10.3282705637208,1.65984870148881));
#4750=CARTESIAN_POINT('',(2.47232997710568,-10.3734125122705,1.64961349144645));
#4751=CARTESIAN_POINT('',(2.45801230987281,-10.4582875137366,1.6213251042256));
#4752=CARTESIAN_POINT('',(2.45006817009558,-10.4983899498264,1.60444112890444));
#4753=CARTESIAN_POINT('',(2.44260684340795,-10.5326084946156,1.57591535237936));
#4754=COLOUR_RGB('',0.792156875133514,0.882352948188782,1.0);
#4755=CARTESIAN_POINT('',(1.58125215254371,-11.9363991401764,5.2222609656652));
#4756=CARTESIAN_POINT('',(1.47511390667659,-12.0230710077943,5.3105176485415));
#4757=CARTESIAN_POINT('',(1.36060697643902,-12.1018490367649,5.39068434812323));
#4758=CARTESIAN_POINT('',(1.15473634326996,-12.2195563610181,5.51056603709745));
#4759=CARTESIAN_POINT('',(1.06009866609849,-12.2667537924267,5.55866700234613));
#4760=CARTESIAN_POINT('',(0.857922818581764,-12.3507340076985,5.64441716231243));
#4761=CARTESIAN_POINT('',(0.750370905840158,-12.3875000450774,5.68205035486028));
#4762=CARTESIAN_POINT('',(0.528117916417512,-12.4462838072853,5.74252705563951));
#4763=CARTESIAN_POINT('',(0.413237812588066,-12.4683289773726,5.7653998544075));
#4764=CARTESIAN_POINT('',(0.183259329948329,-12.4959626295887,5.79464818524102));
#4765=CARTESIAN_POINT('',(0.0681589359205963,-12.5015426791293,5.80101583761744));
#4766=CARTESIAN_POINT('',(-0.154442131639597,-12.4977127937531,5.79871408878838));
#4767=CARTESIAN_POINT('',(-0.269391937739351,-12.488140050238,5.78993220160628));
#4768=CARTESIAN_POINT('',(-0.498274006114704,-12.4525774076467,5.75599499038239));
#4769=CARTESIAN_POINT('',(-0.612209291251515,-12.4265971993987,5.73084989992202));
#4770=CARTESIAN_POINT('',(-0.941869186920063,-12.3271396672504,5.63396234805668));
#4771=CARTESIAN_POINT('',(-1.14526254922881,-12.2310565280144,5.53969493341478));
#4772=CARTESIAN_POINT('',(-1.42967318807867,-12.0553797415067,5.36716430986471));
#4773=CARTESIAN_POINT('',(-1.5404103465404,-11.9737356440498,5.28693456409364));
#4774=CARTESIAN_POINT('',(-1.64292070166365,-11.8843597236316,5.19918227849676));
#4775=COLOUR_RGB('',0.792156875133514,0.882352948188782,1.0);
#4776=AXIS2_PLACEMENT_3D('',#6119,#6120,#6121);
#4777=CARTESIAN_POINT('',(-1.6429207016649,-8.11564027636947,5.19918227849569));
#4778=CARTESIAN_POINT('',(-1.54041034654167,-8.02626435595114,5.28693456409267));
#4779=CARTESIAN_POINT('',(-1.42967318807995,-7.94462025849418,5.36716430986384));
#4780=CARTESIAN_POINT('',(-1.14526254923011,-7.76894347198631,5.53969493341413));
#4781=CARTESIAN_POINT('',(-0.941869186921361,-7.67286033275011,5.63396234805617));
#4782=CARTESIAN_POINT('',(-0.612209291252762,-7.57340280060157,5.73084989992171));
#4783=CARTESIAN_POINT('',(-0.498274006115926,-7.54742259235352,5.75599499038215));
#4784=CARTESIAN_POINT('',(-0.269391937740505,-7.51185994976215,5.78993220160617));
#4785=CARTESIAN_POINT('',(-0.15444213164071,-7.50228720624692,5.79871408878832));
#4786=CARTESIAN_POINT('',(0.0681589359195666,-7.49845732087064,5.80101583761748));
#4787=CARTESIAN_POINT('',(0.18325932994734,-7.50403737041123,5.7946481852411));
#4788=CARTESIAN_POINT('',(0.413237812587167,-7.53167102262729,5.76539985440766));
#4789=CARTESIAN_POINT('',(0.528117916416663,-7.55371619271453,5.7425270556397));
#4790=CARTESIAN_POINT('',(0.750370905839411,-7.61249995492236,5.68205035486052));
#4791=CARTESIAN_POINT('',(0.857922818581072,-7.64926599230125,5.64441716231269));
#4792=CARTESIAN_POINT('',(1.0600986660979,-7.73324620757303,5.55866700234641));
#4793=CARTESIAN_POINT('',(1.15473634326942,-7.78044363898165,5.51056603709774));
#4794=CARTESIAN_POINT('',(1.36060697643859,-7.89815096323483,5.39068434812351));
#4795=CARTESIAN_POINT('',(1.47511390667622,-7.97692899220547,5.31051764854178));
#4796=CARTESIAN_POINT('',(1.58125215254339,-8.06360085982334,5.22226096566547));
#4797=COLOUR_RGB('',0.792156875133514,0.882352948188782,1.0);
#4798=CARTESIAN_POINT('',(-2.45000001,-10.4974936693065,1.6));
#4799=CARTESIAN_POINT('',(-2.44260685193258,-10.5326084555206,1.57591534673881));
#4800=CARTESIAN_POINT('',(-2.45006817750126,-10.4983899132319,1.60444112125045));
#4801=CARTESIAN_POINT('',(-2.45801231609722,-10.4582874800492,1.62132509551141));
#4802=CARTESIAN_POINT('',(-2.47232998120341,-10.3734124847679,1.64961348103832));
#4803=CARTESIAN_POINT('',(-2.47879747279234,-10.328270539518,1.65984869054003));
#4804=CARTESIAN_POINT('',(-2.4946509506629,-10.1884625325113,1.68335609839097));
#4805=CARTESIAN_POINT('',(-2.5,-10.0903393563647,1.68916729472271));
#4806=CARTESIAN_POINT('',(-2.5,-10.0,1.68916729472271));
#4807=CARTESIAN_POINT('',(-2.5,-9.90966064363532,1.68916729472271));
#4808=CARTESIAN_POINT('',(-2.4946509506629,-9.81153746748867,1.68335609839097));
#4809=CARTESIAN_POINT('',(-2.47879747279233,-9.67172946048198,1.65984869054003));
#4810=CARTESIAN_POINT('',(-2.47232998120341,-9.62658751523211,1.64961348103832));
#4811=CARTESIAN_POINT('',(-2.45801231609722,-9.54171251995076,1.62132509551141));
#4812=CARTESIAN_POINT('',(-2.45006817750126,-9.50161008676815,1.60444112125045));
#4813=CARTESIAN_POINT('',(-2.44260685193258,-9.46739154447942,1.57591534673881));
#4814=CARTESIAN_POINT('',(-2.45000001,-18.5,1.6));
#4815=CARTESIAN_POINT('',(-2.45000001,-7.0,1.6));
#4816=VECTOR('',#6122,1.0);
#4817=CARTESIAN_POINT('',(-2.73284272,-18.5,1.8));
#4818=AXIS2_PLACEMENT_3D('',#6123,#6124,#6125);
#4819=CARTESIAN_POINT('',(-2.73284272,-7.0,1.8));
#4820=CARTESIAN_POINT('',(-2.73284272,-7.0,1.8));
#4821=VECTOR('',#6126,1.0);
#4822=CARTESIAN_POINT('',(-2.45000001,-7.0,1.6));
#4823=AXIS2_PLACEMENT_3D('',#6127,#6128,#6129);
#4824=CARTESIAN_POINT('',(-2.45000001,-7.0,1.6));
#4825=VECTOR('',#6130,1.0);
#4826=COLOUR_RGB('',0.792156875133514,0.882352948188782,1.0);
#4827=CARTESIAN_POINT('',(-2.1671573,-11.2463664136428,1.4));
#4828=CARTESIAN_POINT('',(-2.1671573,-11.2463664136428,1.4));
#4829=CARTESIAN_POINT('',(-2.24218323344485,-11.1155619801576,1.39983678328744));
#4830=CARTESIAN_POINT('',(-2.3077393558259,-10.9727210002335,1.42744536118553));
#4831=CARTESIAN_POINT('',(-2.38389904768176,-10.7573187671636,1.48969305879907));
#4832=CARTESIAN_POINT('',(-2.40586432198854,-10.683408582995,1.51510015417519));
#4833=CARTESIAN_POINT('',(-2.4324771072512,-10.5782410614202,1.55894096479604));
#4834=CARTESIAN_POINT('',(-2.44023079661559,-10.5444062111473,1.57435560571888));
#4835=CARTESIAN_POINT('',(-2.44804414711918,-10.5070543634337,1.59459310560111));
#4836=CARTESIAN_POINT('',(-2.44903311736004,-10.5022553117629,1.59726521485872));
#4837=CARTESIAN_POINT('',(-2.45000001,-10.4974936693065,1.6));
#4838=CARTESIAN_POINT('',(-2.1671573,-18.5,1.4));
#4839=CARTESIAN_POINT('',(-2.1671573,-7.0,1.4));
#4840=VECTOR('',#6131,1.0);
#4841=AXIS2_PLACEMENT_3D('',#6132,#6133,#6134);
#4842=COLOUR_RGB('',0.792156875133514,0.882352948188782,1.0);
#4843=CARTESIAN_POINT('',(-2.1346759,-11.3012143566527,1.4));
#4844=AXIS2_PLACEMENT_3D('',#6135,#6136,#6137);
#4845=CARTESIAN_POINT('',(-2.1346759,-18.5,1.4));
#4846=CARTESIAN_POINT('',(-2.1346759,-7.0,1.4));
#4847=VECTOR('',#6138,1.0);
#4848=CARTESIAN_POINT('',(-2.1671573,-18.5,1.4));
#4849=VECTOR('',#6139,1.0);
#4850=COLOUR_RGB('',0.792156875133514,0.882352948188782,1.0);
#4851=CARTESIAN_POINT('',(2.13467588999999,-11.301214373058,1.4));
#4852=CARTESIAN_POINT('',(2.3089127799399,-10.9586040760555,1.35987183610283));
#4853=CARTESIAN_POINT('',(2.24502633898034,-11.1124822991823,1.3751941925029));
#4854=CARTESIAN_POINT('',(2.16558172435537,-11.2598411834294,1.39357838085358));
#4855=CARTESIAN_POINT('',(1.98226156687646,-11.5321824610592,1.43285302562489));
#4856=CARTESIAN_POINT('',(1.87837241062153,-11.6571614953112,1.45370322107733));
#4857=CARTESIAN_POINT('',(1.6571776142691,-11.8783562916636,1.49384541805119));
#4858=CARTESIAN_POINT('',(1.53220610753298,-11.9822436128461,1.51456260446416));
#4859=CARTESIAN_POINT('',(1.25986022802403,-12.1655709415728,1.55335465966153));
#4860=CARTESIAN_POINT('',(1.11248922295188,-12.2450238176234,1.57139234662192));
#4861=CARTESIAN_POINT('',(0.804708971750659,-12.3728058763161,1.60133484823747));
#4862=CARTESIAN_POINT('',(0.644041908276656,-12.4212365810299,1.6132387384982));
#4863=CARTESIAN_POINT('',(0.320528932225977,-12.4848415974801,1.62901763384482));
#4864=CARTESIAN_POINT('',(0.157679402429742,-12.5,1.6328826));
#4865=CARTESIAN_POINT('',(-0.157679402429742,-12.5,1.6328826));
#4866=CARTESIAN_POINT('',(-0.320528932225978,-12.4848415974801,1.62901763384482));
#4867=CARTESIAN_POINT('',(-0.644041908276656,-12.4212365810299,1.6132387384982));
#4868=CARTESIAN_POINT('',(-0.804708971750659,-12.3728058763161,1.60133484823747));
#4869=CARTESIAN_POINT('',(-1.11248922295188,-12.2450238176234,1.57139234662192));
#4870=CARTESIAN_POINT('',(-1.25986022802403,-12.1655709415728,1.55335465966153));
#4871=CARTESIAN_POINT('',(-1.53220610753298,-11.9822436128461,1.51456260446416));
#4872=CARTESIAN_POINT('',(-1.6571776142691,-11.8783562916636,1.49384541805118));
#4873=CARTESIAN_POINT('',(-1.87837241062153,-11.6571614953112,1.45370322107733));
#4874=CARTESIAN_POINT('',(-1.98226156687646,-11.5321824610592,1.43285302562488));
#4875=CARTESIAN_POINT('',(-2.16558172435537,-11.2598411834294,1.39357838085357));
#4876=CARTESIAN_POINT('',(-2.24502633898034,-11.1124822991823,1.37519419250289));
#4877=CARTESIAN_POINT('',(-2.3089127799399,-10.9586040760555,1.35987183610283));
#4878=CARTESIAN_POINT('',(2.13467588999999,-18.5,1.4));
#4879=CARTESIAN_POINT('',(2.13467588999999,-7.0,1.4));
#4880=VECTOR('',#6140,1.0);
#4881=AXIS2_PLACEMENT_3D('',#6141,#6142,#6143);
#4882=COLOUR_RGB('',0.792156875133514,0.882352948188782,1.0);
#4883=CARTESIAN_POINT('',(2.16715729,-11.2463664310306,1.4));
#4884=AXIS2_PLACEMENT_3D('',#6144,#6145,#6146);
#4885=CARTESIAN_POINT('',(2.16715729,-18.5,1.4));
#4886=CARTESIAN_POINT('',(2.16715729,-7.0,1.4));
#4887=VECTOR('',#6147,1.0);
#4888=CARTESIAN_POINT('',(2.13467589,-18.5,1.4));
#4889=VECTOR('',#6148,1.0);
#4890=COLOUR_RGB('',0.792156875133514,0.882352948188782,1.0);
#4891=CARTESIAN_POINT('',(2.45,-10.4974937185533,1.6));
#4892=CARTESIAN_POINT('',(2.44999999999997,-10.4974937185534,1.59999999999993));
#4893=CARTESIAN_POINT('',(2.44903365951308,-10.5022522024941,1.59725952313934));
#4894=CARTESIAN_POINT('',(2.44804413965366,-10.5070543994098,1.59459311244799));
#4895=CARTESIAN_POINT('',(2.44023079100742,-10.5444062360208,1.57435561521617));
#4896=CARTESIAN_POINT('',(2.43247710225808,-10.5782410822122,1.55894097422683));
#4897=CARTESIAN_POINT('',(2.40586431874017,-10.6834085937112,1.51510016293224));
#4898=CARTESIAN_POINT('',(2.38389904575283,-10.7573187729504,1.48969306710633));
#4899=CARTESIAN_POINT('',(2.30773935414604,-10.9727210043778,1.42744536485147));
#4900=CARTESIAN_POINT('',(2.24233493713183,-11.1156490256427,1.40000000259238));
#4901=CARTESIAN_POINT('',(2.16715729,-11.2463664310306,1.4));
#4902=CARTESIAN_POINT('',(2.45,-18.5,1.6));
#4903=CARTESIAN_POINT('',(2.45,-7.0,1.6));
#4904=VECTOR('',#6149,1.0);
#4905=AXIS2_PLACEMENT_3D('',#6150,#6151,#6152);
#4906=COLOUR_RGB('',0.792156875133514,0.882352948188782,1.0);
#4907=CARTESIAN_POINT('',(1.48531244,-12.0109318624909,5.29814531));
#4908=CARTESIAN_POINT('',(1.26240979786238,-12.1578511306995,5.45982361096137));
#4909=CARTESIAN_POINT('',(1.41095198748005,-12.0709493453731,5.35593516228661));
#4910=CARTESIAN_POINT('',(1.54777712247932,-11.9701167090602,5.25262215175823));
#4911=CARTESIAN_POINT('',(1.78747318439337,-11.7549532234601,5.06117796387081));
#4912=CARTESIAN_POINT('',(1.90018890308502,-11.6333836012315,4.96551914369498));
#4913=CARTESIAN_POINT('',(2.10304706287595,-11.3622969225955,4.78463491022973));
#4914=CARTESIAN_POINT('',(2.19324082074342,-11.2127862310333,4.69945751574858));
#4915=CARTESIAN_POINT('',(2.34188712700159,-10.8925912879866,4.5542560645382));
#4916=CARTESIAN_POINT('',(2.40048631142892,-10.721552125252,4.49421789682435));
#4917=CARTESIAN_POINT('',(2.47955819822871,-10.3671009800853,4.4121032672289));
#4918=CARTESIAN_POINT('',(2.5,-10.1836435179848,4.39019345836464));
#4919=CARTESIAN_POINT('',(2.5,-9.81635648201517,4.39019345836464));
#4920=CARTESIAN_POINT('',(2.47955819822871,-9.63289901991474,4.4121032672289));
#4921=CARTESIAN_POINT('',(2.40048631142892,-9.27844787474802,4.49421789682435));
#4922=CARTESIAN_POINT('',(2.34188712700159,-9.10740871201343,4.5542560645382));
#4923=CARTESIAN_POINT('',(2.19324082074341,-8.78721376896674,4.69945751574858));
#4924=CARTESIAN_POINT('',(2.10304706287595,-8.63770307740452,4.78463491022973));
#4925=CARTESIAN_POINT('',(1.90018890308502,-8.36661639876845,4.96551914369498));
#4926=CARTESIAN_POINT('',(1.78747318439337,-8.24504677653987,5.06117796387081));
#4927=CARTESIAN_POINT('',(1.54777712247931,-8.02988329093976,5.25262215175824));
#4928=CARTESIAN_POINT('',(1.41095198748005,-7.92905065462693,5.35593516228661));
#4929=CARTESIAN_POINT('',(1.26240979786238,-7.84214886930051,5.45982361096137));
#4930=CARTESIAN_POINT('',(1.48531244,-18.5,5.29814531));
#4931=CARTESIAN_POINT('',(1.48531244,-7.0,5.29814531));
#4932=VECTOR('',#6153,1.0);
#4933=CARTESIAN_POINT('',(3.95578167,-18.5,2.22451635));
#4934=AXIS2_PLACEMENT_3D('',#6154,#6155,#6156);
#4935=CARTESIAN_POINT('',(3.95578167,-7.0,2.22451635));
#4936=CARTESIAN_POINT('',(3.95578167,-7.0,2.22451635));
#4937=VECTOR('',#6157,1.0);
#4938=CARTESIAN_POINT('',(1.48531244,-7.0,5.29814531));
#4939=AXIS2_PLACEMENT_3D('',#6158,#6159,#6160);
#4940=CARTESIAN_POINT('',(1.48531244,-7.0,5.29814531));
#4941=VECTOR('',#6161,1.0);
#4942=COLOUR_RGB('',0.792156875133514,0.882352948188782,1.0);
#4943=CARTESIAN_POINT('',(0.708814033939973,-12.3974116595382,5.69227206358779));
#4944=CARTESIAN_POINT('',(0.929517749035276,-12.3321588218562,5.62529615510801));
#4945=CARTESIAN_POINT('',(1.13361913754406,-12.2369850066346,5.52829509340887));
#4946=CARTESIAN_POINT('',(1.41892382274934,-12.0628207787366,5.35095849846254));
#4947=CARTESIAN_POINT('',(1.52998486968698,-11.9818028972744,5.26851243508978));
#4948=CARTESIAN_POINT('',(1.63269862112005,-11.8932234977922,5.17829056239969));
#4949=CARTESIAN_POINT('',(-1.51962703,-11.9851281292887,5.29814531));
#4950=CARTESIAN_POINT('',(-1.60473488847049,-11.9169835517619,5.23121655106431));
#4951=CARTESIAN_POINT('',(-1.49830295790423,-12.0060792731186,5.31871007924958));
#4952=CARTESIAN_POINT('',(-1.38337453756149,-12.0870315891996,5.39826079972684));
#4953=CARTESIAN_POINT('',(-1.17668548823944,-12.2080391979232,5.51707652629072));
#4954=CARTESIAN_POINT('',(-1.08171862266486,-12.2565577753726,5.56468565542823));
#4955=CARTESIAN_POINT('',(-0.980242332460364,-12.2998097681445,5.60704729137646));
#4956=CARTESIAN_POINT('',(-1.51962703,-18.5,5.29814531));
#4957=CARTESIAN_POINT('',(-1.51962703,-7.0,5.29814531));
#4958=VECTOR('',#6162,1.0);
#4959=AXIS2_PLACEMENT_3D('',#6163,#6164,#6165);
#4960=COLOUR_RGB('',0.792156875133514,0.882352948188782,1.0);
#4961=CARTESIAN_POINT('',(3.68284271,-18.5,1.8));
#4962=AXIS2_PLACEMENT_3D('',#6166,#6167,#6168);
#4963=CARTESIAN_POINT('',(3.68284271,-7.0,1.8));
#4964=CARTESIAN_POINT('',(3.68284271,-7.0,1.8));
#4965=VECTOR('',#6169,1.0);
#4966=AXIS2_PLACEMENT_3D('',#6170,#6171,#6172);
#4967=COLOUR_RGB('',0.792156875133514,0.882352948188782,1.0);
#4968=CARTESIAN_POINT('',(2.73284271,-18.5,1.8));
#4969=CARTESIAN_POINT('',(2.73284271,-18.5,1.8));
#4970=VECTOR('',#6173,1.0);
#4971=CARTESIAN_POINT('',(2.73284271,-7.0,1.8));
#4972=CARTESIAN_POINT('',(2.73284271,-7.0,1.8));
#4973=VECTOR('',#6174,1.0);
#4974=CARTESIAN_POINT('',(2.73284271,-7.0,1.8));
#4975=VECTOR('',#6175,1.0);
#4976=COLOUR_RGB('',0.792156875133514,0.882352948188782,1.0);
#4977=CARTESIAN_POINT('',(2.45,-7.0,1.6));
#4978=CARTESIAN_POINT('',(2.45,-7.0,1.6));
#4979=VECTOR('',#6176,1.0);
#4980=AXIS2_PLACEMENT_3D('',#6177,#6178,#6179);
#4981=AXIS2_PLACEMENT_3D('',#6180,#6181,#6182);
#4982=CARTESIAN_POINT('',(2.44260684340795,-9.46739150538442,1.57591535237936));
#4983=CARTESIAN_POINT('',(2.45006817009558,-9.50161005017364,1.60444112890444));
#4984=CARTESIAN_POINT('',(2.45801230987281,-9.5417124862634,1.6213251042256));
#4985=CARTESIAN_POINT('',(2.47232997710568,-9.62658748772951,1.64961349144645));
#4986=CARTESIAN_POINT('',(2.47879746965305,-9.67172943627919,1.65984870148881));
#4987=CARTESIAN_POINT('',(2.49465094987128,-9.81153745354092,1.68335611050989));
#4988=CARTESIAN_POINT('',(2.5,-9.90966063693405,1.68916730703154));
#4989=CARTESIAN_POINT('',(2.5,-10.090339363066,1.68916730703154));
#4990=CARTESIAN_POINT('',(2.49465094987128,-10.1884625464591,1.68335611050989));
#4991=CARTESIAN_POINT('',(2.47879746965305,-10.3282705637208,1.65984870148881));
#4992=CARTESIAN_POINT('',(2.47232997710568,-10.3734125122705,1.64961349144645));
#4993=CARTESIAN_POINT('',(2.45801230987281,-10.4582875137366,1.6213251042256));
#4994=CARTESIAN_POINT('',(2.45006817009558,-10.4983899498264,1.60444112890444));
#4995=CARTESIAN_POINT('',(2.44260684340795,-10.5326084946156,1.57591535237936));
#4996=COLOUR_RGB('',0.792156875133514,0.882352948188782,1.0);
#4997=CARTESIAN_POINT('',(2.16715729,-7.0,1.4));
#4998=CARTESIAN_POINT('',(2.16715729,-7.0,1.4));
#4999=VECTOR('',#6183,1.0);
#5000=AXIS2_PLACEMENT_3D('',#6184,#6185,#6186);
#5001=COLOUR_RGB('',0.792156875133514,0.882352948188782,1.0);
#5002=CARTESIAN_POINT('',(2.13467588999999,-7.0,1.4));
#5003=CARTESIAN_POINT('',(2.13467588999999,-7.0,1.4));
#5004=VECTOR('',#6187,1.0);
#5005=CARTESIAN_POINT('',(2.13467589,-7.0,1.4));
#5006=VECTOR('',#6188,1.0);
#5007=COLOUR_RGB('',0.792156875133514,0.882352948188782,1.0);
#5008=CARTESIAN_POINT('',(-2.1346759,-7.0,1.4));
#5009=CARTESIAN_POINT('',(-2.1346759,-7.0,1.4));
#5010=VECTOR('',#6189,1.0);
#5011=AXIS2_PLACEMENT_3D('',#6190,#6191,#6192);
#5012=COLOUR_RGB('',0.792156875133514,0.882352948188782,1.0);
#5013=CARTESIAN_POINT('',(-2.1671573,-7.0,1.4));
#5014=CARTESIAN_POINT('',(-2.1671573,-7.0,1.4));
#5015=VECTOR('',#6193,1.0);
#5016=CARTESIAN_POINT('',(-2.1671573,-7.0,1.4));
#5017=VECTOR('',#6194,1.0);
#5018=COLOUR_RGB('',0.792156875133514,0.882352948188782,1.0);
#5019=AXIS2_PLACEMENT_3D('',#6195,#6196,#6197);
#5020=COLOUR_RGB('',0.792156875133514,0.882352948188782,1.0);
#5021=CARTESIAN_POINT('',(-3.7171573,-18.5,1.8));
#5022=CARTESIAN_POINT('',(-3.7171573,-18.5,1.8));
#5023=VECTOR('',#6198,1.0);
#5024=CARTESIAN_POINT('',(-3.7171573,-7.0,1.8));
#5025=CARTESIAN_POINT('',(-3.7171573,-7.0,1.8));
#5026=VECTOR('',#6199,1.0);
#5027=CARTESIAN_POINT('',(-3.7171573,-7.0,1.8));
#5028=VECTOR('',#6200,1.0);
#5029=COLOUR_RGB('',0.792156875133514,0.882352948188782,1.0);
#5030=CARTESIAN_POINT('',(-3.99009625999999,-18.5,2.22451635));
#5031=AXIS2_PLACEMENT_3D('',#6201,#6202,#6203);
#5032=CARTESIAN_POINT('',(-3.99009625999999,-7.0,2.22451635));
#5033=CARTESIAN_POINT('',(-3.99009625999999,-7.0,2.22451635));
#5034=VECTOR('',#6204,1.0);
#5035=AXIS2_PLACEMENT_3D('',#6205,#6206,#6207);
#5036=COLOUR_RGB('',0.792156875133514,0.882352948188782,1.0);
#5037=CARTESIAN_POINT('',(-1.51962703,-7.0,5.29814531));
#5038=CARTESIAN_POINT('',(-1.51962703,-7.0,5.29814531));
#5039=VECTOR('',#6208,1.0);
#5040=AXIS2_PLACEMENT_3D('',#6209,#6210,#6211);
#5041=AXIS2_PLACEMENT_3D('',#6212,#6213,#6214);
#5042=CARTESIAN_POINT('',(-1.28031318195115,-7.8527230835027,5.47127085878278));
#5043=CARTESIAN_POINT('',(-1.42705116185257,-7.94021555766059,5.36918983081421));
#5044=CARTESIAN_POINT('',(-1.5621552116424,-8.04135765690508,5.26780734952059));
#5045=CARTESIAN_POINT('',(-1.79861604298352,-8.25658091068498,5.08027508638446));
#5046=CARTESIAN_POINT('',(-1.90972777876354,-8.37790969387798,4.98672358958086));
#5047=CARTESIAN_POINT('',(-2.10962826790273,-8.64807333069513,4.81004526302358));
#5048=CARTESIAN_POINT('',(-2.19846545556333,-8.79690449900507,4.72696760510189));
#5049=CARTESIAN_POINT('',(-2.34476515622198,-9.11526035229428,4.58555867071035));
#5050=CARTESIAN_POINT('',(-2.40237094226779,-9.2851435761008,4.52721372397573));
#5051=CARTESIAN_POINT('',(-2.48000474766594,-9.63670633122,4.44754756651771));
#5052=CARTESIAN_POINT('',(-2.5,-9.81842924180364,4.42638594443379));
#5053=CARTESIAN_POINT('',(-2.5,-10.1815707581964,4.42638594443379));
#5054=CARTESIAN_POINT('',(-2.48000474766594,-10.36329366878,4.44754756651771));
#5055=CARTESIAN_POINT('',(-2.40237094226779,-10.7148564238992,4.52721372397574));
#5056=CARTESIAN_POINT('',(-2.34476515622198,-10.8847396477057,4.58555867071035));
#5057=CARTESIAN_POINT('',(-2.19846545556333,-11.2030955009949,4.72696760510189));
#5058=CARTESIAN_POINT('',(-2.10962826790273,-11.3519266693049,4.81004526302357));
#5059=CARTESIAN_POINT('',(-1.90972777876354,-11.622090306122,4.98672358958086));
#5060=CARTESIAN_POINT('',(-1.79861604298352,-11.743419089315,5.08027508638446));
#5061=CARTESIAN_POINT('',(-1.5621552116424,-11.9586423430949,5.26780734952059));
#5062=CARTESIAN_POINT('',(-1.42705116185257,-12.0597844423394,5.36918983081421));
#5063=CARTESIAN_POINT('',(-1.28031318195115,-12.1472769164973,5.47127085878278));
#5064=COLOUR_RGB('',0.792156875133514,0.882352948188782,1.0);
#5065=AXIS2_PLACEMENT_3D('',#6215,#6216,#6217);
#5066=COLOUR_RGB('',0.792156875133514,0.882352948188782,1.0);
#5067=COLOUR_RGB('',0.792156875133514,0.882352948188782,1.0);
#5068=COLOUR_RGB('',0.792156875133514,0.882352948188782,1.0);
#5069=AXIS2_PLACEMENT_3D('',#6218,#6219,#6220);
#5070=COLOUR_RGB('',0.792156875133514,0.882352948188782,1.0);
#5071=COLOUR_RGB('',0.792156875133514,0.882352948188782,1.0);
#5072=COLOUR_RGB('',0.792156875133514,0.882352948188782,1.0);
#5073=AXIS2_PLACEMENT_3D('',#6221,#6222,#6223);
#5074=CARTESIAN_POINT('',(-1.58125215254371,5.2222609656652,-11.9363991401764));
#5075=CARTESIAN_POINT('',(-1.47511390667659,5.3105176485415,-12.0230710077943));
#5076=CARTESIAN_POINT('',(-1.36060697643902,5.39068434812323,-12.1018490367649));
#5077=CARTESIAN_POINT('',(-1.15473634326996,5.51056603709745,-12.2195563610181));
#5078=CARTESIAN_POINT('',(-1.06009866609849,5.55866700234613,-12.2667537924267));
#5079=CARTESIAN_POINT('',(-0.857922818581764,5.64441716231243,-12.3507340076985));
#5080=CARTESIAN_POINT('',(-0.750370905840158,5.68205035486028,-12.3875000450774));
#5081=CARTESIAN_POINT('',(-0.528117916417512,5.74252705563951,-12.4462838072853));
#5082=CARTESIAN_POINT('',(-0.413237812588066,5.7653998544075,-12.4683289773726));
#5083=CARTESIAN_POINT('',(-0.183259329948329,5.79464818524102,-12.4959626295887));
#5084=CARTESIAN_POINT('',(-0.0681589359205963,5.80101583761744,-12.5015426791293));
#5085=CARTESIAN_POINT('',(0.154442131639597,5.79871408878838,-12.4977127937531));
#5086=CARTESIAN_POINT('',(0.269391937739351,5.78993220160628,-12.488140050238));
#5087=CARTESIAN_POINT('',(0.498274006114704,5.75599499038239,-12.4525774076467));
#5088=CARTESIAN_POINT('',(0.612209291251515,5.73084989992202,-12.4265971993987));
#5089=CARTESIAN_POINT('',(0.941869186920063,5.63396234805668,-12.3271396672504));
#5090=CARTESIAN_POINT('',(1.14526254922881,5.53969493341478,-12.2310565280144));
#5091=CARTESIAN_POINT('',(1.42967318807867,5.36716430986471,-12.0553797415067));
#5092=CARTESIAN_POINT('',(1.5404103465404,5.28693456409364,-11.9737356440498));
#5093=CARTESIAN_POINT('',(1.64292070166365,5.19918227849676,-11.8843597236316));
#5094=COLOUR_RGB('',0.792156875133514,0.882352948188782,1.0);
#5095=CARTESIAN_POINT('',(1.6429207016649,5.19918227849569,-8.11564027636947));
#5096=CARTESIAN_POINT('',(1.54041034654167,5.28693456409267,-8.02626435595114));
#5097=CARTESIAN_POINT('',(1.42967318807995,5.36716430986384,-7.94462025849418));
#5098=CARTESIAN_POINT('',(1.14526254923011,5.53969493341413,-7.76894347198631));
#5099=CARTESIAN_POINT('',(0.941869186921361,5.63396234805617,-7.67286033275011));
#5100=CARTESIAN_POINT('',(0.612209291252762,5.73084989992171,-7.57340280060157));
#5101=CARTESIAN_POINT('',(0.498274006115926,5.75599499038215,-7.54742259235352));
#5102=CARTESIAN_POINT('',(0.269391937740505,5.78993220160617,-7.51185994976215));
#5103=CARTESIAN_POINT('',(0.15444213164071,5.79871408878832,-7.50228720624692));
#5104=CARTESIAN_POINT('',(-0.0681589359195667,5.80101583761748,-7.49845732087064));
#5105=CARTESIAN_POINT('',(-0.18325932994734,5.7946481852411,-7.50403737041123));
#5106=CARTESIAN_POINT('',(-0.413237812587167,5.76539985440766,-7.53167102262729));
#5107=CARTESIAN_POINT('',(-0.528117916416663,5.7425270556397,-7.55371619271453));
#5108=CARTESIAN_POINT('',(-0.750370905839411,5.68205035486052,-7.61249995492236));
#5109=CARTESIAN_POINT('',(-0.857922818581073,5.64441716231269,-7.64926599230125));
#5110=CARTESIAN_POINT('',(-1.0600986660979,5.55866700234642,-7.73324620757303));
#5111=CARTESIAN_POINT('',(-1.15473634326942,5.51056603709774,-7.78044363898165));
#5112=CARTESIAN_POINT('',(-1.36060697643859,5.39068434812351,-7.89815096323483));
#5113=CARTESIAN_POINT('',(-1.47511390667622,5.31051764854178,-7.97692899220547));
#5114=CARTESIAN_POINT('',(-1.58125215254339,5.22226096566547,-8.06360085982334));
#5115=COLOUR_RGB('',0.792156875133514,0.882352948188782,1.0);
#5116=CARTESIAN_POINT('',(2.45000001,1.6,-18.5));
#5117=CARTESIAN_POINT('',(2.45000001,1.6,-7.0));
#5118=VECTOR('',#6224,1.0);
#5119=CARTESIAN_POINT('',(2.73284272,1.8,-18.5));
#5120=AXIS2_PLACEMENT_3D('',#6225,#6226,#6227);
#5121=CARTESIAN_POINT('',(2.73284272,1.8,-7.0));
#5122=CARTESIAN_POINT('',(2.73284272,1.8,-7.0));
#5123=VECTOR('',#6228,1.0);
#5124=CARTESIAN_POINT('',(2.45000001,1.6,-7.0));
#5125=AXIS2_PLACEMENT_3D('',#6229,#6230,#6231);
#5126=CARTESIAN_POINT('',(2.45000001,1.6,-9.50250633069355));
#5127=CARTESIAN_POINT('',(2.45000001,1.6,-7.0));
#5128=VECTOR('',#6232,1.0);
#5129=CARTESIAN_POINT('',(2.44260685193258,1.57591534673881,-10.5326084555206));
#5130=CARTESIAN_POINT('',(2.45006817750126,1.60444112125045,-10.4983899132319));
#5131=CARTESIAN_POINT('',(2.45801231609722,1.62132509551141,-10.4582874800492));
#5132=CARTESIAN_POINT('',(2.47232998120341,1.64961348103832,-10.3734124847679));
#5133=CARTESIAN_POINT('',(2.47879747279233,1.65984869054003,-10.328270539518));
#5134=CARTESIAN_POINT('',(2.4946509506629,1.68335609839097,-10.1884625325113));
#5135=CARTESIAN_POINT('',(2.5,1.68916729472271,-10.0903393563647));
#5136=CARTESIAN_POINT('',(2.5,1.68916729472271,-10.0));
#5137=CARTESIAN_POINT('',(2.5,1.68916729472271,-9.90966064363532));
#5138=CARTESIAN_POINT('',(2.4946509506629,1.68335609839097,-9.81153746748867));
#5139=CARTESIAN_POINT('',(2.47879747279233,1.65984869054003,-9.67172946048198));
#5140=CARTESIAN_POINT('',(2.47232998120341,1.64961348103832,-9.62658751523211));
#5141=CARTESIAN_POINT('',(2.45801231609722,1.62132509551141,-9.54171251995076));
#5142=CARTESIAN_POINT('',(2.45006817750126,1.60444112125045,-9.50161008676815));
#5143=CARTESIAN_POINT('',(2.44260685193258,1.57591534673881,-9.46739154447942));
#5144=COLOUR_RGB('',0.792156875133514,0.882352948188782,1.0);
#5145=CARTESIAN_POINT('',(2.1671573,1.4,-18.5));
#5146=CARTESIAN_POINT('',(2.1671573,1.4,-7.0));
#5147=VECTOR('',#6233,1.0);
#5148=AXIS2_PLACEMENT_3D('',#6234,#6235,#6236);
#5149=COLOUR_RGB('',0.792156875133514,0.882352948188782,1.0);
#5150=CARTESIAN_POINT('',(2.1346759,1.4,-18.5));
#5151=CARTESIAN_POINT('',(2.1346759,1.4,-7.0));
#5152=VECTOR('',#6237,1.0);
#5153=CARTESIAN_POINT('',(2.1671573,1.4,-18.5));
#5154=VECTOR('',#6238,1.0);
#5155=COLOUR_RGB('',0.792156875133514,0.882352948188782,1.0);
#5156=CARTESIAN_POINT('',(-2.13467588999999,1.4,-18.5));
#5157=CARTESIAN_POINT('',(-2.13467588999999,1.4,-7.0));
#5158=VECTOR('',#6239,1.0);
#5159=AXIS2_PLACEMENT_3D('',#6240,#6241,#6242);
#5160=COLOUR_RGB('',0.792156875133514,0.882352948188782,1.0);
#5161=CARTESIAN_POINT('',(-2.16715729,1.4,-18.5));
#5162=CARTESIAN_POINT('',(-2.16715729,1.4,-7.0));
#5163=VECTOR('',#6243,1.0);
#5164=CARTESIAN_POINT('',(-2.13467589,1.4,-18.5));
#5165=VECTOR('',#6244,1.0);
#5166=COLOUR_RGB('',0.792156875133514,0.882352948188782,1.0);
#5167=CARTESIAN_POINT('',(-2.45,1.6,-18.5));
#5168=CARTESIAN_POINT('',(-2.45,1.6,-7.0));
#5169=VECTOR('',#6245,1.0);
#5170=AXIS2_PLACEMENT_3D('',#6246,#6247,#6248);
#5171=COLOUR_RGB('',0.792156875133514,0.882352948188782,1.0);
#5172=CARTESIAN_POINT('',(-1.48531244,5.29814531,-18.5));
#5173=CARTESIAN_POINT('',(-1.48531244,5.29814531,-7.0));
#5174=VECTOR('',#6249,1.0);
#5175=CARTESIAN_POINT('',(-3.95578167,2.22451635,-18.5));
#5176=AXIS2_PLACEMENT_3D('',#6250,#6251,#6252);
#5177=CARTESIAN_POINT('',(-3.95578167,2.22451635,-7.0));
#5178=CARTESIAN_POINT('',(-3.95578167,2.22451635,-7.0));
#5179=VECTOR('',#6253,1.0);
#5180=CARTESIAN_POINT('',(-1.48531244,5.29814531,-7.0));
#5181=AXIS2_PLACEMENT_3D('',#6254,#6255,#6256);
#5182=CARTESIAN_POINT('',(-1.48531244,5.29814531,-7.98906813750907));
#5183=CARTESIAN_POINT('',(-1.48531244,5.29814531,-7.0));
#5184=VECTOR('',#6257,1.0);
#5185=CARTESIAN_POINT('',(-1.26240979786238,5.45982361096137,-12.1578511306995));
#5186=CARTESIAN_POINT('',(-1.41095198748005,5.35593516228661,-12.0709493453731));
#5187=CARTESIAN_POINT('',(-1.54777712247932,5.25262215175823,-11.9701167090602));
#5188=CARTESIAN_POINT('',(-1.78747318439337,5.06117796387081,-11.7549532234601));
#5189=CARTESIAN_POINT('',(-1.90018890308502,4.96551914369498,-11.6333836012315));
#5190=CARTESIAN_POINT('',(-2.10304706287595,4.78463491022973,-11.3622969225955));
#5191=CARTESIAN_POINT('',(-2.19324082074342,4.69945751574858,-11.2127862310333));
#5192=CARTESIAN_POINT('',(-2.34188712700159,4.5542560645382,-10.8925912879866));
#5193=CARTESIAN_POINT('',(-2.40048631142892,4.49421789682435,-10.721552125252));
#5194=CARTESIAN_POINT('',(-2.47955819822871,4.4121032672289,-10.3671009800853));
#5195=CARTESIAN_POINT('',(-2.5,4.39019345836464,-10.1836435179848));
#5196=CARTESIAN_POINT('',(-2.5,4.39019345836464,-9.81635648201517));
#5197=CARTESIAN_POINT('',(-2.47955819822871,4.4121032672289,-9.63289901991474));
#5198=CARTESIAN_POINT('',(-2.40048631142892,4.49421789682435,-9.27844787474802));
#5199=CARTESIAN_POINT('',(-2.34188712700159,4.5542560645382,-9.10740871201343));
#5200=CARTESIAN_POINT('',(-2.19324082074342,4.69945751574858,-8.78721376896675));
#5201=CARTESIAN_POINT('',(-2.10304706287595,4.78463491022973,-8.63770307740453));
#5202=CARTESIAN_POINT('',(-1.90018890308502,4.96551914369498,-8.36661639876845));
#5203=CARTESIAN_POINT('',(-1.78747318439337,5.06117796387081,-8.24504677653987));
#5204=CARTESIAN_POINT('',(-1.54777712247932,5.25262215175823,-8.02988329093977));
#5205=CARTESIAN_POINT('',(-1.41095198748005,5.35593516228661,-7.92905065462693));
#5206=CARTESIAN_POINT('',(-1.26240979786238,5.45982361096137,-7.84214886930051));
#5207=COLOUR_RGB('',0.792156875133514,0.882352948188782,1.0);
#5208=CARTESIAN_POINT('',(1.51962703,5.29814531,-18.5));
#5209=CARTESIAN_POINT('',(1.51962703,5.29814531,-7.0));
#5210=VECTOR('',#6258,1.0);
#5211=AXIS2_PLACEMENT_3D('',#6259,#6260,#6261);
#5212=COLOUR_RGB('',0.792156875133514,0.882352948188782,1.0);
#5213=CARTESIAN_POINT('',(-3.68284271,1.8,-18.5));
#5214=AXIS2_PLACEMENT_3D('',#6262,#6263,#6264);
#5215=CARTESIAN_POINT('',(-3.68284271,1.8,-7.0));
#5216=CARTESIAN_POINT('',(-3.68284271,1.8,-7.0));
#5217=VECTOR('',#6265,1.0);
#5218=AXIS2_PLACEMENT_3D('',#6266,#6267,#6268);
#5219=COLOUR_RGB('',0.792156875133514,0.882352948188782,1.0);
#5220=CARTESIAN_POINT('',(-2.73284271,1.8,-18.5));
#5221=CARTESIAN_POINT('',(-2.73284271,1.8,-18.5));
#5222=VECTOR('',#6269,1.0);
#5223=CARTESIAN_POINT('',(-2.73284271,1.8,-7.0));
#5224=CARTESIAN_POINT('',(-2.73284271,1.8,-7.0));
#5225=VECTOR('',#6270,1.0);
#5226=CARTESIAN_POINT('',(-2.73284271,1.8,-7.0));
#5227=VECTOR('',#6271,1.0);
#5228=COLOUR_RGB('',0.792156875133514,0.882352948188782,1.0);
#5229=CARTESIAN_POINT('',(-2.45,1.6,-9.50250628144669));
#5230=CARTESIAN_POINT('',(-2.44260684340795,1.57591535237936,-9.46739150538442));
#5231=CARTESIAN_POINT('',(-2.45006817009558,1.60444112890444,-9.50161005017364));
#5232=CARTESIAN_POINT('',(-2.45801230987281,1.6213251042256,-9.5417124862634));
#5233=CARTESIAN_POINT('',(-2.47232997710568,1.64961349144645,-9.62658748772951));
#5234=CARTESIAN_POINT('',(-2.47879746965305,1.65984870148881,-9.67172943627919));
#5235=CARTESIAN_POINT('',(-2.49465094987128,1.68335611050989,-9.81153745354092));
#5236=CARTESIAN_POINT('',(-2.5,1.68916730703154,-9.90966063693405));
#5237=CARTESIAN_POINT('',(-2.5,1.68916730703154,-10.090339363066));
#5238=CARTESIAN_POINT('',(-2.49465094987128,1.68335611050989,-10.1884625464591));
#5239=CARTESIAN_POINT('',(-2.47879746965305,1.65984870148881,-10.3282705637208));
#5240=CARTESIAN_POINT('',(-2.47232997710568,1.64961349144645,-10.3734125122705));
#5241=CARTESIAN_POINT('',(-2.45801230987281,1.6213251042256,-10.4582875137366));
#5242=CARTESIAN_POINT('',(-2.45006817009558,1.60444112890444,-10.4983899498264));
#5243=CARTESIAN_POINT('',(-2.44260684340795,1.57591535237936,-10.5326084946156));
#5244=CARTESIAN_POINT('',(-2.45,1.6,-7.0));
#5245=CARTESIAN_POINT('',(-2.45,1.6,-7.0));
#5246=VECTOR('',#6272,1.0);
#5247=AXIS2_PLACEMENT_3D('',#6273,#6274,#6275);
#5248=AXIS2_PLACEMENT_3D('',#6276,#6277,#6278);
#5249=COLOUR_RGB('',0.792156875133514,0.882352948188782,1.0);
#5250=CARTESIAN_POINT('',(-2.16715729,1.4,-8.75363356896944));
#5251=CARTESIAN_POINT('',(-2.05158423481792,1.42315550967638,-8.57136354258805));
#5252=CARTESIAN_POINT('',(-2.09250357588648,1.40607312776812,-8.63012549059747));
#5253=CARTESIAN_POINT('',(-2.13277688077806,1.4,-8.69385359480411));
#5254=CARTESIAN_POINT('',(-2.21964896725406,1.4,-8.84490505703946));
#5255=CARTESIAN_POINT('',(-2.27023855136225,1.4140949821691,-8.94711364405113));
#5256=CARTESIAN_POINT('',(-2.3553195650047,1.4613316732597,-9.15441009533543));
#5257=CARTESIAN_POINT('',(-2.3898691113579,1.49398420806971,-9.25958527299566));
#5258=CARTESIAN_POINT('',(-2.42408306976574,1.54432534978811,-9.38763962062246));
#5259=CARTESIAN_POINT('',(-2.4329240698771,1.55955190347321,-9.4236604145225));
#5260=CARTESIAN_POINT('',(-2.4484585588465,1.59404082557538,-9.49370223530074));
#5261=CARTESIAN_POINT('',(-2.45518883308245,1.61286590797335,-9.52792958599813));
#5262=CARTESIAN_POINT('',(-2.4602226806551,1.63586985118292,-9.55581044407795));
#5263=CARTESIAN_POINT('',(-2.16715729,1.4,-7.0));
#5264=CARTESIAN_POINT('',(-2.16715729,1.4,-7.0));
#5265=VECTOR('',#6279,1.0);
#5266=AXIS2_PLACEMENT_3D('',#6280,#6281,#6282);
#5267=COLOUR_RGB('',0.792156875133514,0.882352948188782,1.0);
#5268=CARTESIAN_POINT('',(-2.13467588999999,1.4,-8.69878562694199));
#5269=AXIS2_PLACEMENT_3D('',#6283,#6284,#6285);
#5270=CARTESIAN_POINT('',(-2.13467588999999,1.4,-7.0));
#5271=CARTESIAN_POINT('',(-2.13467588999999,1.4,-7.0));
#5272=VECTOR('',#6286,1.0);
#5273=CARTESIAN_POINT('',(-2.13467589,1.4,-7.0));
#5274=VECTOR('',#6287,1.0);
#5275=COLOUR_RGB('',0.792156875133514,0.882352948188782,1.0);
#5276=CARTESIAN_POINT('',(2.1346759,1.4,-8.69878564334727));
#5277=CARTESIAN_POINT('',(2.3089127799399,1.35987183610283,-9.04139592394452));
#5278=CARTESIAN_POINT('',(2.24502633898034,1.37519419250289,-8.88751770081765));
#5279=CARTESIAN_POINT('',(2.16558172435537,1.39357838085357,-8.74015881657064));
#5280=CARTESIAN_POINT('',(1.98226156687646,1.43285302562488,-8.46781753894081));
#5281=CARTESIAN_POINT('',(1.87837241062153,1.45370322107733,-8.34283850468879));
#5282=CARTESIAN_POINT('',(1.6571776142691,1.49384541805118,-8.12164370833636));
#5283=CARTESIAN_POINT('',(1.53220610753298,1.51456260446415,-8.01775638715386));
#5284=CARTESIAN_POINT('',(1.25986022802403,1.55335465966153,-7.83442905842724));
#5285=CARTESIAN_POINT('',(1.11248922295188,1.57139234662191,-7.75497618237664));
#5286=CARTESIAN_POINT('',(0.804708971750659,1.60133484823747,-7.62719412368386));
#5287=CARTESIAN_POINT('',(0.644041908276655,1.6132387384982,-7.57876341897006));
#5288=CARTESIAN_POINT('',(0.320528932225977,1.62901763384482,-7.51515840251994));
#5289=CARTESIAN_POINT('',(0.157679402429742,1.6328826,-7.5));
#5290=CARTESIAN_POINT('',(-0.157679402429742,1.6328826,-7.5));
#5291=CARTESIAN_POINT('',(-0.320528932225976,1.62901763384482,-7.51515840251994));
#5292=CARTESIAN_POINT('',(-0.644041908276655,1.6132387384982,-7.57876341897006));
#5293=CARTESIAN_POINT('',(-0.804708971750658,1.60133484823747,-7.62719412368386));
#5294=CARTESIAN_POINT('',(-1.11248922295188,1.57139234662192,-7.75497618237664));
#5295=CARTESIAN_POINT('',(-1.25986022802403,1.55335465966153,-7.83442905842724));
#5296=CARTESIAN_POINT('',(-1.53220610753298,1.51456260446416,-8.01775638715386));
#5297=CARTESIAN_POINT('',(-1.6571776142691,1.49384541805119,-8.12164370833636));
#5298=CARTESIAN_POINT('',(-1.87837241062153,1.45370322107733,-8.34283850468879));
#5299=CARTESIAN_POINT('',(-1.98226156687646,1.43285302562489,-8.46781753894081));
#5300=CARTESIAN_POINT('',(-2.16558172435537,1.39357838085358,-8.74015881657064));
#5301=CARTESIAN_POINT('',(-2.24502633898034,1.3751941925029,-8.88751770081765));
#5302=CARTESIAN_POINT('',(-2.3089127799399,1.35987183610283,-9.04139592394452));
#5303=CARTESIAN_POINT('',(2.1346759,1.4,-7.0));
#5304=CARTESIAN_POINT('',(2.1346759,1.4,-7.0));
#5305=VECTOR('',#6288,1.0);
#5306=AXIS2_PLACEMENT_3D('',#6289,#6290,#6291);
#5307=COLOUR_RGB('',0.792156875133514,0.882352948188782,1.0);
#5308=CARTESIAN_POINT('',(2.1671573,1.4,-8.75363358635724));
#5309=AXIS2_PLACEMENT_3D('',#6292,#6293,#6294);
#5310=CARTESIAN_POINT('',(2.1671573,1.4,-7.0));
#5311=CARTESIAN_POINT('',(2.1671573,1.4,-7.0));
#5312=VECTOR('',#6295,1.0);
#5313=CARTESIAN_POINT('',(2.1671573,1.4,-7.0));
#5314=VECTOR('',#6296,1.0);
#5315=COLOUR_RGB('',0.792156875133514,0.882352948188782,1.0);
#5316=CARTESIAN_POINT('',(2.46022269119768,1.63586985366243,-9.55581050246991));
#5317=CARTESIAN_POINT('',(2.45518884377664,1.61286591021368,-9.52792964144519));
#5318=CARTESIAN_POINT('',(2.44845856971064,1.5940408278508,-9.49370228763762));
#5319=CARTESIAN_POINT('',(2.43292408092281,1.55955190543803,-9.42366046097256));
#5320=CARTESIAN_POINT('',(2.42408308082401,1.54432535150861,-9.38763966426144));
#5321=CARTESIAN_POINT('',(2.38986912296545,1.49398420996361,-9.25958530994672));
#5322=CARTESIAN_POINT('',(2.35531957693754,1.46133167471026,-9.15441012807083));
#5323=CARTESIAN_POINT('',(2.27023856298723,1.41409498269384,-8.94711366871338));
#5324=CARTESIAN_POINT('',(2.21964897824998,1.4,-8.84490507785341));
#5325=CARTESIAN_POINT('',(2.13277689087664,1.4,-8.6938536112535));
#5326=CARTESIAN_POINT('',(2.09250358601523,1.40607312772582,-8.63012550602567));
#5327=CARTESIAN_POINT('',(2.05158424488389,1.42315550964884,-8.57136355704322));
#5328=AXIS2_PLACEMENT_3D('',#6297,#6298,#6299);
#5329=COLOUR_RGB('',0.792156875133514,0.882352948188782,1.0);
#5330=CARTESIAN_POINT('',(3.7171573,1.8,-18.5));
#5331=CARTESIAN_POINT('',(3.7171573,1.8,-18.5));
#5332=VECTOR('',#6300,1.0);
#5333=CARTESIAN_POINT('',(3.7171573,1.8,-7.0));
#5334=CARTESIAN_POINT('',(3.7171573,1.8,-7.0));
#5335=VECTOR('',#6301,1.0);
#5336=CARTESIAN_POINT('',(3.7171573,1.8,-7.0));
#5337=VECTOR('',#6302,1.0);
#5338=COLOUR_RGB('',0.792156875133514,0.882352948188782,1.0);
#5339=CARTESIAN_POINT('',(3.99009625999999,2.22451635,-18.5));
#5340=AXIS2_PLACEMENT_3D('',#6303,#6304,#6305);
#5341=CARTESIAN_POINT('',(3.99009625999999,2.22451635,-7.0));
#5342=CARTESIAN_POINT('',(3.99009625999999,2.22451635,-7.0));
#5343=VECTOR('',#6306,1.0);
#5344=AXIS2_PLACEMENT_3D('',#6307,#6308,#6309);
#5345=COLOUR_RGB('',0.792156875133514,0.882352948188782,1.0);
#5346=CARTESIAN_POINT('',(1.51962703,5.29814531,-8.01487187071127));
#5347=CARTESIAN_POINT('',(1.28031318195115,5.47127085878278,-7.85272308350271));
#5348=CARTESIAN_POINT('',(1.42705116185257,5.36918983081421,-7.94021555766059));
#5349=CARTESIAN_POINT('',(1.5621552116424,5.26780734952059,-8.04135765690508));
#5350=CARTESIAN_POINT('',(1.79861604298352,5.08027508638446,-8.25658091068498));
#5351=CARTESIAN_POINT('',(1.90972777876354,4.98672358958086,-8.37790969387798));
#5352=CARTESIAN_POINT('',(2.10962826790273,4.81004526302358,-8.64807333069513));
#5353=CARTESIAN_POINT('',(2.19846545556333,4.72696760510189,-8.79690449900507));
#5354=CARTESIAN_POINT('',(2.34476515622198,4.58555867071035,-9.11526035229428));
#5355=CARTESIAN_POINT('',(2.40237094226779,4.52721372397573,-9.2851435761008));
#5356=CARTESIAN_POINT('',(2.48000474766594,4.44754756651771,-9.63670633122));
#5357=CARTESIAN_POINT('',(2.5,4.42638594443379,-9.81842924180364));
#5358=CARTESIAN_POINT('',(2.5,4.42638594443379,-10.1815707581964));
#5359=CARTESIAN_POINT('',(2.48000474766594,4.44754756651771,-10.36329366878));
#5360=CARTESIAN_POINT('',(2.40237094226779,4.52721372397573,-10.7148564238992));
#5361=CARTESIAN_POINT('',(2.34476515622198,4.58555867071035,-10.8847396477057));
#5362=CARTESIAN_POINT('',(2.19846545556333,4.72696760510189,-11.2030955009949));
#5363=CARTESIAN_POINT('',(2.10962826790273,4.81004526302358,-11.3519266693049));
#5364=CARTESIAN_POINT('',(1.90972777876354,4.98672358958086,-11.622090306122));
#5365=CARTESIAN_POINT('',(1.79861604298352,5.08027508638446,-11.743419089315));
#5366=CARTESIAN_POINT('',(1.5621552116424,5.26780734952059,-11.9586423430949));
#5367=CARTESIAN_POINT('',(1.42705116185257,5.36918983081421,-12.0597844423394));
#5368=CARTESIAN_POINT('',(1.28031318195115,5.47127085878278,-12.1472769164973));
#5369=CARTESIAN_POINT('',(1.51962703,5.29814531,-7.0));
#5370=CARTESIAN_POINT('',(1.51962703,5.29814531,-7.0));
#5371=VECTOR('',#6310,1.0);
#5372=AXIS2_PLACEMENT_3D('',#6311,#6312,#6313);
#5373=AXIS2_PLACEMENT_3D('',#6314,#6315,#6316);
#5374=COLOUR_RGB('',0.792156875133514,0.882352948188782,1.0);
#5375=CARTESIAN_POINT('',(0.98024233246095,5.60704729137621,-7.70019023185579));
#5376=CARTESIAN_POINT('',(1.0817186226655,5.56468565542794,-7.74344222462769));
#5377=CARTESIAN_POINT('',(1.17668548824013,5.51707652629036,-7.79196080207712));
#5378=CARTESIAN_POINT('',(1.38337453756229,5.39826079972632,-7.91296841080097));
#5379=CARTESIAN_POINT('',(1.49830295790509,5.31871007924895,-7.99392072688206));
#5380=CARTESIAN_POINT('',(1.6047348884714,5.23121655106357,-8.08301644823888));
#5381=CARTESIAN_POINT('',(-1.63269862112104,5.17829056239882,-8.10677650220862));
#5382=CARTESIAN_POINT('',(-1.52998486968794,5.26851243508903,-8.01819710272632));
#5383=CARTESIAN_POINT('',(-1.41892382275025,5.35095849846191,-7.93717922126403));
#5384=CARTESIAN_POINT('',(-1.13361913754485,5.52829509340847,-7.76301499336583));
#5385=CARTESIAN_POINT('',(-0.929517749035963,5.62529615510774,-7.66784117814404));
#5386=CARTESIAN_POINT('',(-0.708814033940526,5.69227206358762,-7.60258834046196));
#5387=AXIS2_PLACEMENT_3D('',#6317,#6318,#6319);
#5388=COLOUR_RGB('',0.792156875133514,0.882352948188782,1.0);
#5389=COLOUR_RGB('',0.792156875133514,0.882352948188782,1.0);
#5390=COLOUR_RGB('',0.792156875133514,0.882352948188782,1.0);
#5391=AXIS2_PLACEMENT_3D('',#6320,#6321,#6322);
#5392=COLOUR_RGB('',0.792156875133514,0.882352948188782,1.0);
#5393=COLOUR_RGB('',0.792156875133514,0.882352948188782,1.0);
#5394=COLOUR_RGB('',0.792156875133514,0.882352948188782,1.0);
#5395=AXIS2_PLACEMENT_3D('',#6323,#6324,#6325);
#5396=COLOUR_RGB('',0.792156875133514,0.882352948188782,1.0);
#5397=AXIS2_PLACEMENT_3D('',#6326,#6327,#6328);
#5398=COLOUR_RGB('',0.792156875133514,0.882352948188782,1.0);
#5399=COLOUR_RGB('',0.792156875133514,0.882352948188782,1.0);
#5400=CARTESIAN_POINT('',(1.1547005384,-8.0,-5.5));
#5401=CARTESIAN_POINT('',(-1.1547005384,-8.0,-5.5));
#5402=CARTESIAN_POINT('',(0.2886751346,-8.0,-5.5));
#5403=VECTOR('',#6329,1.0);
#5404=CARTESIAN_POINT('',(1.1547005384,-8.0,-3.5));
#5405=CARTESIAN_POINT('',(1.1547005384,-8.0,-6.5));
#5406=VECTOR('',#6330,1.0);
#5407=CARTESIAN_POINT('',(-1.1547005384,-8.0,-3.5));
#5408=CARTESIAN_POINT('',(0.0,-8.0,-3.5));
#5409=VECTOR('',#6331,1.0);
#5410=CARTESIAN_POINT('',(-1.1547005384,-8.0,-6.5));
#5411=VECTOR('',#6332,1.0);
#5412=COLOUR_RGB('',0.792156875133514,0.882352948188782,1.0);
#5413=CARTESIAN_POINT('',(-2.3094010768,-10.0,-5.5));
#5414=CARTESIAN_POINT('',(-1.73205080759222,-8.99999999998652,-5.5));
#5415=VECTOR('',#6333,1.0);
#5416=CARTESIAN_POINT('',(-2.3094010768,-10.0,-3.5));
#5417=CARTESIAN_POINT('',(-1.1547005384,-8.0,-3.5));
#5418=VECTOR('',#6334,1.0);
#5419=CARTESIAN_POINT('',(-2.3094010768,-10.0,-6.5));
#5420=VECTOR('',#6335,1.0);
#5421=COLOUR_RGB('',0.792156875133514,0.882352948188782,1.0);
#5422=CARTESIAN_POINT('',(-1.1547005384,-12.0,-5.5));
#5423=CARTESIAN_POINT('',(-1.73205080759222,-11.0000000000135,-5.5));
#5424=VECTOR('',#6336,1.0);
#5425=CARTESIAN_POINT('',(-1.1547005384,-12.0,-3.5));
#5426=CARTESIAN_POINT('',(-2.3094010768,-10.0,-3.5));
#5427=VECTOR('',#6337,1.0);
#5428=CARTESIAN_POINT('',(-1.1547005384,-12.0,-6.5));
#5429=VECTOR('',#6338,1.0);
#5430=COLOUR_RGB('',0.792156875133514,0.882352948188782,1.0);
#5431=CARTESIAN_POINT('',(1.1547005384,-12.0,-5.5));
#5432=CARTESIAN_POINT('',(0.0,-12.0,-5.5));
#5433=VECTOR('',#6339,1.0);
#5434=CARTESIAN_POINT('',(1.1547005384,-12.0,-3.5));
#5435=CARTESIAN_POINT('',(-1.1547005384,-12.0,-3.5));
#5436=VECTOR('',#6340,1.0);
#5437=CARTESIAN_POINT('',(1.1547005384,-12.0,-6.5));
#5438=VECTOR('',#6341,1.0);
#5439=COLOUR_RGB('',0.792156875133514,0.882352948188782,1.0);
#5440=CARTESIAN_POINT('',(2.3094010768,-10.0,-5.5));
#5441=CARTESIAN_POINT('',(1.73205080759222,-8.99999999998652,-5.5));
#5442=VECTOR('',#6342,1.0);
#5443=CARTESIAN_POINT('',(2.3094010768,-10.0,-3.5));
#5444=CARTESIAN_POINT('',(2.3094010768,-10.0,-6.5));
#5445=VECTOR('',#6343,1.0);
#5446=CARTESIAN_POINT('',(2.3094010768,-10.0,-3.5));
#5447=VECTOR('',#6344,1.0);
#5448=COLOUR_RGB('',0.792156875133514,0.882352948188782,1.0);
#5449=CARTESIAN_POINT('',(1.73205080759222,-11.0000000000135,-5.5));
#5450=VECTOR('',#6345,1.0);
#5451=CARTESIAN_POINT('',(1.1547005384,-12.0,-3.5));
#5452=VECTOR('',#6346,1.0);
#5453=COLOUR_RGB('',0.792156875133514,0.882352948188782,1.0);
#5454=COLOUR_RGB('',0.792156875133514,0.882352948188782,1.0);
#5455=AXIS2_PLACEMENT_3D('',#6347,#6348,#6349);
#5456=AXIS2_PLACEMENT_3D('',#6350,#6351,#6352);
#5457=COLOUR_RGB('',0.792156875133514,0.882352948188782,1.0);
#5458=AXIS2_PLACEMENT_3D('',#6353,#6354,#6355);
#5459=COLOUR_RGB('',0.792156875133514,0.882352948188782,1.0);
#5460=COLOUR_RGB('',0.792156875133514,0.882352948188782,1.0);
#5461=AXIS2_PLACEMENT_3D('',#6356,#6357,#6358);
#5462=COLOUR_RGB('',0.792156875133514,0.882352948188782,1.0);
#5463=AXIS2_PLACEMENT_3D('',#6359,#6360,#6361);
#5464=COLOUR_RGB('',0.792156875133514,0.882352948188782,1.0);
#5465=COLOUR_RGB('',0.792156875133514,0.882352948188782,1.0);
#5466=CARTESIAN_POINT('',(1.1547005384,-5.5,-12.0));
#5467=CARTESIAN_POINT('',(-1.1547005384,-5.5,-12.0));
#5468=CARTESIAN_POINT('',(0.2886751346,-5.5,-12.0));
#5469=VECTOR('',#6362,1.0);
#5470=CARTESIAN_POINT('',(1.1547005384,-3.5,-12.0));
#5471=CARTESIAN_POINT('',(1.1547005384,-6.5,-12.0));
#5472=VECTOR('',#6363,1.0);
#5473=CARTESIAN_POINT('',(-1.1547005384,-3.5,-12.0));
#5474=CARTESIAN_POINT('',(0.0,-3.5,-12.0));
#5475=VECTOR('',#6364,1.0);
#5476=CARTESIAN_POINT('',(-1.1547005384,-6.5,-12.0));
#5477=VECTOR('',#6365,1.0);
#5478=COLOUR_RGB('',0.792156875133514,0.882352948188782,1.0);
#5479=CARTESIAN_POINT('',(-2.3094010768,-5.5,-10.0));
#5480=CARTESIAN_POINT('',(-1.73205080759222,-5.5,-11.0000000000135));
#5481=VECTOR('',#6366,1.0);
#5482=CARTESIAN_POINT('',(-2.3094010768,-3.5,-10.0));
#5483=CARTESIAN_POINT('',(-1.1547005384,-3.5,-12.0));
#5484=VECTOR('',#6367,1.0);
#5485=CARTESIAN_POINT('',(-2.3094010768,-6.5,-10.0));
#5486=VECTOR('',#6368,1.0);
#5487=COLOUR_RGB('',0.792156875133514,0.882352948188782,1.0);
#5488=CARTESIAN_POINT('',(-1.1547005384,-5.5,-8.0));
#5489=CARTESIAN_POINT('',(-1.73205080759222,-5.5,-8.99999999998652));
#5490=VECTOR('',#6369,1.0);
#5491=CARTESIAN_POINT('',(-1.1547005384,-3.5,-8.0));
#5492=CARTESIAN_POINT('',(-2.3094010768,-3.5,-10.0));
#5493=VECTOR('',#6370,1.0);
#5494=CARTESIAN_POINT('',(-1.1547005384,-6.5,-8.0));
#5495=VECTOR('',#6371,1.0);
#5496=COLOUR_RGB('',0.792156875133514,0.882352948188782,1.0);
#5497=CARTESIAN_POINT('',(1.1547005384,-5.5,-8.0));
#5498=CARTESIAN_POINT('',(0.0,-5.5,-8.0));
#5499=VECTOR('',#6372,1.0);
#5500=CARTESIAN_POINT('',(1.1547005384,-3.5,-8.0));
#5501=CARTESIAN_POINT('',(-1.1547005384,-3.5,-8.0));
#5502=VECTOR('',#6373,1.0);
#5503=CARTESIAN_POINT('',(1.1547005384,-6.5,-8.0));
#5504=VECTOR('',#6374,1.0);
#5505=COLOUR_RGB('',0.792156875133514,0.882352948188782,1.0);
#5506=CARTESIAN_POINT('',(2.3094010768,-5.5,-10.0));
#5507=CARTESIAN_POINT('',(1.73205080759222,-5.5,-11.0000000000135));
#5508=VECTOR('',#6375,1.0);
#5509=CARTESIAN_POINT('',(2.3094010768,-3.5,-10.0));
#5510=CARTESIAN_POINT('',(2.3094010768,-6.5,-10.0));
#5511=VECTOR('',#6376,1.0);
#5512=CARTESIAN_POINT('',(2.3094010768,-3.5,-10.0));
#5513=VECTOR('',#6377,1.0);
#5514=COLOUR_RGB('',0.792156875133514,0.882352948188782,1.0);
#5515=CARTESIAN_POINT('',(1.73205080759222,-5.5,-8.99999999998652));
#5516=VECTOR('',#6378,1.0);
#5517=CARTESIAN_POINT('',(1.1547005384,-3.5,-8.0));
#5518=VECTOR('',#6379,1.0);
#5519=COLOUR_RGB('',0.792156875133514,0.882352948188782,1.0);
#5520=COLOUR_RGB('',0.792156875133514,0.882352948188782,1.0);
#5521=AXIS2_PLACEMENT_3D('',#6380,#6381,#6382);
#5522=AXIS2_PLACEMENT_3D('',#6383,#6384,#6385);
#5523=COLOUR_RGB('',0.792156875133514,0.882352948188782,1.0);
#5524=AXIS2_PLACEMENT_3D('',#6386,#6387,#6388);
#5525=COLOUR_RGB('',0.792156875133514,0.882352948188782,1.0);
#5526=COLOUR_RGB('',0.850980401039124,0.839215695858002,0.858823537826538);
#5527=AXIS2_PLACEMENT_3D('',#6389,#6390,#6391);
#5528=COLOUR_RGB('',0.850980401039124,0.839215695858002,0.858823537826538);
#5529=AXIS2_PLACEMENT_3D('',#6392,#6393,#6394);
#5530=COLOUR_RGB('',0.850980401039124,0.839215695858002,0.858823537826538);
#5531=AXIS2_PLACEMENT_3D('',#6395,#6396,#6397);
#5532=COLOUR_RGB('',0.850980401039124,0.839215695858002,0.858823537826538);
#5533=AXIS2_PLACEMENT_3D('',#6398,#6399,#6400);
#5534=COLOUR_RGB('',0.850980401039124,0.839215695858002,0.858823537826538);
#5535=AXIS2_PLACEMENT_3D('',#6401,#6402,#6403);
#5536=COLOUR_RGB('',0.850980401039124,0.839215695858002,0.858823537826538);
#5537=AXIS2_PLACEMENT_3D('',#6404,#6405,#6406);
#5538=COLOUR_RGB('',0.850980401039124,0.839215695858002,0.858823537826538);
#5539=CARTESIAN_POINT('',(-9.50415945787923,-0.5,-20.0));
#5540=CARTESIAN_POINT('',(-8.3,0.0,-19.5));
#5541=CARTESIAN_POINT('',(-9.66507929572607,-0.686807759415808,-19.9637918294041));
#5542=CARTESIAN_POINT('',(-9.61712152922588,-0.622193971946044,-19.9898171649407));
#5543=CARTESIAN_POINT('',(-9.56050312563956,-0.556538967021002,-20.0));
#5544=CARTESIAN_POINT('',(-9.42153764684855,-0.417091804016912,-20.0));
#5545=CARTESIAN_POINT('',(-9.33188950237704,-0.344187751039363,-19.9802198104059));
#5546=CARTESIAN_POINT('',(-9.14142236211622,-0.218436232577053,-19.9190589118446));
#5547=CARTESIAN_POINT('',(-9.04065177960189,-0.16572190655795,-19.8772545052013));
#5548=CARTESIAN_POINT('',(-8.72876818433513,-0.0397480985507941,-19.7333129894675));
#5549=CARTESIAN_POINT('',(-8.50797573554335,-0.000267078980961408,-19.612790510825));
#5550=CARTESIAN_POINT('',(-8.30150884933214,-5.31249612170622E-07,-19.5008182884037));
#5551=CARTESIAN_POINT('',(-8.30068584065864,0.0,-19.5003719493202));
#5552=CARTESIAN_POINT('',(-8.3,0.0,-19.5));
#5553=CARTESIAN_POINT('',(-9.84919333848297,-1.0,-20.0));
#5554=AXIS2_PLACEMENT_3D('',#6407,#6408,#6409);
#5555=CARTESIAN_POINT('',(-10.0,-1.7,-19.3));
#5556=AXIS2_PLACEMENT_3D('',#6410,#6411,#6412);
#5557=CARTESIAN_POINT('',(-10.0,-1.7,-1.7));
#5558=CARTESIAN_POINT('',(-10.0,-1.7,-10.85));
#5559=VECTOR('',#6413,1.0);
#5560=CARTESIAN_POINT('',(-9.2539656733903,-0.292893218867648,-0.292893218641349));
#5561=AXIS2_PLACEMENT_3D('',#6414,#6415,#6416);
#5562=CARTESIAN_POINT('',(-8.3,0.0,-1.0));
#5563=CARTESIAN_POINT('',(-8.3,1.11022302462516E-16,-1.0));
#5564=CARTESIAN_POINT('',(-8.30089797618788,1.11022302462516E-16,-0.999311283703078));
#5565=CARTESIAN_POINT('',(-8.30197554738766,-9.1071346321423E-07,-0.998484824354308));
#5566=CARTESIAN_POINT('',(-8.46942846411774,-0.000283958065188881,-0.870054396264251));
#5567=CARTESIAN_POINT('',(-8.65053947991242,-0.0262895023937059,-0.731006270998648));
#5568=CARTESIAN_POINT('',(-9.00215239645,-0.140779967353375,-0.468765217095001));
#5569=CARTESIAN_POINT('',(-9.17273210901842,-0.229341514066974,-0.345710101846075));
#5570=CARTESIAN_POINT('',(-9.42226643413137,-0.416842513822327,-0.181391695633347));
#5571=CARTESIAN_POINT('',(-9.52681571218381,-0.514163656054609,-0.117481040985485));
#5572=CARTESIAN_POINT('',(-9.7109242693641,-0.74053268484627,-0.0265764879951425));
#5573=CARTESIAN_POINT('',(-9.79037798299774,-0.869833775831113,1.44513539100818E-17));
#5574=CARTESIAN_POINT('',(-9.87561942659949,-1.0584844566747,-6.49307903829403E-18));
#5575=CARTESIAN_POINT('',(-9.89950893352797,-1.12041942702023,-0.00522506152602496));
#5576=CARTESIAN_POINT('',(-9.91954182336489,-1.18319802402475,-0.0169239683557397));
#5577=CARTESIAN_POINT('',(-8.3,0.0,-15.375));
#5578=VECTOR('',#6417,1.0);
#5579=COLOUR_RGB('',0.850980401039124,0.839215695858002,0.858823537826538);
#5580=CARTESIAN_POINT('',(8.3,0.0,-19.5));
#5581=CARTESIAN_POINT('',(-10.0,0.0,-19.5));
#5582=VECTOR('',#6418,1.0);
#5583=CARTESIAN_POINT('',(9.50415945787923,-0.5,-20.0));
#5584=CARTESIAN_POINT('',(8.3,0.0,-19.5));
#5585=CARTESIAN_POINT('',(8.30068584065855,0.0,-19.5003719493201));
#5586=CARTESIAN_POINT('',(8.3015088493318,-5.31249612201098E-07,-19.5008182884039));
#5587=CARTESIAN_POINT('',(8.50797573555185,-0.000267078980923657,-19.6127905108093));
#5588=CARTESIAN_POINT('',(8.72876818433617,-0.0397480985510928,-19.733312989468));
#5589=CARTESIAN_POINT('',(9.04065177960249,-0.165721906558252,-19.8772545052016));
#5590=CARTESIAN_POINT('',(9.14142236211656,-0.218436232577264,-19.9190589118447));
#5591=CARTESIAN_POINT('',(9.33188950237703,-0.344187751039372,-19.9802198104058));
#5592=CARTESIAN_POINT('',(9.42153764684844,-0.417091804016801,-20.0));
#5593=CARTESIAN_POINT('',(9.56050312563956,-0.556538967021002,-20.0));
#5594=CARTESIAN_POINT('',(9.61712152922588,-0.622193971946043,-19.9898171649407));
#5595=CARTESIAN_POINT('',(9.66507929572607,-0.686807759415807,-19.9637918294041));
#5596=CARTESIAN_POINT('',(-10.0,-0.5,-20.0));
#5597=VECTOR('',#6419,1.0);
#5598=COLOUR_RGB('',0.850980401039124,0.839215695858002,0.858823537826538);
#5599=CARTESIAN_POINT('',(-8.1,0.0,-1.0));
#5600=CARTESIAN_POINT('',(0.0,0.0,-1.0));
#5601=VECTOR('',#6420,1.0);
#5602=CARTESIAN_POINT('',(-8.1,0.0,-3.0));
#5603=CARTESIAN_POINT('',(-8.1,0.0,19.6888231183598));
#5604=VECTOR('',#6421,1.0);
#5605=CARTESIAN_POINT('',(8.1,0.0,-3.0));
#5606=CARTESIAN_POINT('',(-0.950000000000001,0.0,-3.0));
#5607=VECTOR('',#6422,1.0);
#5608=CARTESIAN_POINT('',(8.1,0.0,-1.0));
#5609=CARTESIAN_POINT('',(8.1,0.0,19.6888231183598));
#5610=VECTOR('',#6423,1.0);
#5611=CARTESIAN_POINT('',(8.3,0.0,-1.0));
#5612=CARTESIAN_POINT('',(0.0,0.0,-1.0));
#5613=VECTOR('',#6424,1.0);
#5614=CARTESIAN_POINT('',(8.3,0.0,-10.25));
#5615=VECTOR('',#6425,1.0);
#5616=COLOUR_RGB('',0.850980401039124,0.839215695858002,0.858823537826538);
#5617=CARTESIAN_POINT('',(-8.3,-1.0,0.0));
#5618=CARTESIAN_POINT('',(-9.91954182336489,-0.0169239683557397,-1.18319802402475));
#5619=CARTESIAN_POINT('',(-9.89950893352797,-0.00522506152602489,-1.12041942702023));
#5620=CARTESIAN_POINT('',(-9.8756194265995,2.22044604925031E-16,-1.0584844566747));
#5621=CARTESIAN_POINT('',(-9.79037798299774,2.22044604925031E-16,-0.869833775831113));
#5622=CARTESIAN_POINT('',(-9.7109242693641,-0.0265764879951424,-0.74053268484627));
#5623=CARTESIAN_POINT('',(-9.52681571218381,-0.117481040985485,-0.514163656054608));
#5624=CARTESIAN_POINT('',(-9.42226643413137,-0.181391695633348,-0.416842513822327));
#5625=CARTESIAN_POINT('',(-9.17273210901842,-0.345710101846076,-0.229341514066974));
#5626=CARTESIAN_POINT('',(-9.00215239645,-0.468765217095002,-0.140779967353374));
#5627=CARTESIAN_POINT('',(-8.65053947991241,-0.731006270998649,-0.0262895023937057));
#5628=CARTESIAN_POINT('',(-8.46942846411774,-0.870054396264247,-0.000283958065188875));
#5629=CARTESIAN_POINT('',(-8.30197554738766,-0.998484824354308,-9.10713463214288E-07));
#5630=CARTESIAN_POINT('',(-8.30089797618788,-0.999311283703078,0.0));
#5631=CARTESIAN_POINT('',(-8.3,-1.0,0.0));
#5632=CARTESIAN_POINT('',(-8.1,-1.0,0.0));
#5633=CARTESIAN_POINT('',(0.5,-1.0,0.0));
#5634=VECTOR('',#6426,1.0);
#5635=AXIS2_PLACEMENT_3D('',#6427,#6428,#6429);
#5636=COLOUR_RGB('',0.850980401039124,0.839215695858002,0.858823537826538);
#5637=CARTESIAN_POINT('',(9.2539656733903,-0.292893218867647,-0.292893218641349));
#5638=CARTESIAN_POINT('',(9.91954182336489,-1.18319802402475,-0.0169239683557402));
#5639=CARTESIAN_POINT('',(9.89950893352797,-1.12041942702023,-0.00522506152602525));
#5640=CARTESIAN_POINT('',(9.8756194265995,-1.0584844566747,-1.94792371148821E-17));
#5641=CARTESIAN_POINT('',(9.79037798299774,-0.869833775831113,4.33540617302455E-17));
#5642=CARTESIAN_POINT('',(9.7109242693641,-0.74053268484627,-0.0265764879951422));
#5643=CARTESIAN_POINT('',(9.52681571218381,-0.514163656054609,-0.117481040985485));
#5644=CARTESIAN_POINT('',(9.42226643413137,-0.416842513822327,-0.181391695633347));
#5645=CARTESIAN_POINT('',(9.17273210901839,-0.22934151406695,-0.345710101846097));
#5646=CARTESIAN_POINT('',(9.00215239644999,-0.140779967353372,-0.468765217095002));
#5647=CARTESIAN_POINT('',(8.65053947991241,-0.0262895023937037,-0.731006270998658));
#5648=CARTESIAN_POINT('',(8.46942846412411,-0.000283958065169653,-0.870054396272875));
#5649=CARTESIAN_POINT('',(8.30197554738738,-9.1071346319778E-07,-0.998484824354215));
#5650=CARTESIAN_POINT('',(8.30089797618782,1.11022302462516E-16,-0.999311283703125));
#5651=CARTESIAN_POINT('',(8.3,1.11022302462516E-16,-1.0));
#5652=CARTESIAN_POINT('',(10.0,-1.7,-1.7));
#5653=AXIS2_PLACEMENT_3D('',#6430,#6431,#6432);
#5654=CARTESIAN_POINT('',(10.0,-1.7,-19.3));
#5655=CARTESIAN_POINT('',(10.0,-1.7,-15.5));
#5656=VECTOR('',#6433,1.0);
#5657=CARTESIAN_POINT('',(9.84919333848297,-1.0,-20.0));
#5658=AXIS2_PLACEMENT_3D('',#6434,#6435,#6436);
#5659=AXIS2_PLACEMENT_3D('',#6437,#6438,#6439);
#5660=COLOUR_RGB('',0.850980401039124,0.839215695858002,0.858823537826538);
#5661=CARTESIAN_POINT('',(-10.5,-1.0,-20.0));
#5662=VECTOR('',#6440,1.0);
#5663=COLOUR_RGB('',0.850980401039124,0.839215695858002,0.858823537826538);
#5664=CARTESIAN_POINT('',(10.0,-19.3,-1.7));
#5665=CARTESIAN_POINT('',(10.0,-10.5,-10.5));
#5666=VECTOR('',#6441,1.0);
#5667=CARTESIAN_POINT('',(9.84919333848297,-20.0,-1.0));
#5668=AXIS2_PLACEMENT_3D('',#6442,#6443,#6444);
#5669=CARTESIAN_POINT('',(-9.84919333848297,-20.0,-1.0));
#5670=CARTESIAN_POINT('',(-10.5,-20.0,-1.0));
#5671=VECTOR('',#6445,1.0);
#5672=CARTESIAN_POINT('',(-10.0,-19.3,-1.7));
#5673=AXIS2_PLACEMENT_3D('',#6446,#6447,#6448);
#5674=CARTESIAN_POINT('',(-10.0,-10.5,-10.5));
#5675=VECTOR('',#6449,1.0);
#5676=CARTESIAN_POINT('',(8.1,-19.0,-2.0));
#5677=CARTESIAN_POINT('',(8.1,-13.0809397513309,-7.9190602486691));
#5678=CARTESIAN_POINT('',(8.1,-10.5,-10.5));
#5679=VECTOR('',#6450,1.0);
#5680=CARTESIAN_POINT('',(6.85,-13.0809397513309,-7.9190602486691));
#5681=CARTESIAN_POINT('',(10.0,-13.0809397513309,-7.9190602486691));
#5682=VECTOR('',#6451,1.0);
#5683=CARTESIAN_POINT('',(6.85,-7.9190602486691,-13.0809397513309));
#5684=AXIS2_PLACEMENT_3D('',#6452,#6453,#6454);
#5685=CARTESIAN_POINT('',(8.1,-7.9190602486691,-13.0809397513309));
#5686=CARTESIAN_POINT('',(6.85,-7.9190602486691,-13.0809397513309));
#5687=VECTOR('',#6455,1.0);
#5688=CARTESIAN_POINT('',(8.1,-2.0,-19.0));
#5689=CARTESIAN_POINT('',(8.1,-10.5,-10.5));
#5690=VECTOR('',#6456,1.0);
#5691=CARTESIAN_POINT('',(-8.1,-2.0,-19.0));
#5692=CARTESIAN_POINT('',(-9.55,-2.0,-19.0));
#5693=VECTOR('',#6457,1.0);
#5694=CARTESIAN_POINT('',(-8.1,-7.9190602486691,-13.0809397513309));
#5695=CARTESIAN_POINT('',(-8.1,-10.5,-10.5));
#5696=VECTOR('',#6458,1.0);
#5697=CARTESIAN_POINT('',(-6.85,-7.9190602486691,-13.0809397513309));
#5698=CARTESIAN_POINT('',(-10.0,-7.9190602486691,-13.0809397513309));
#5699=VECTOR('',#6459,1.0);
#5700=CARTESIAN_POINT('',(-6.85,-13.0809397513309,-7.9190602486691));
#5701=AXIS2_PLACEMENT_3D('',#6460,#6461,#6462);
#5702=CARTESIAN_POINT('',(-8.1,-13.0809397513309,-7.9190602486691));
#5703=CARTESIAN_POINT('',(-6.85,-13.0809397513309,-7.9190602486691));
#5704=VECTOR('',#6463,1.0);
#5705=CARTESIAN_POINT('',(-8.1,-19.0,-2.0));
#5706=CARTESIAN_POINT('',(-8.1,-10.5,-10.5));
#5707=VECTOR('',#6464,1.0);
#5708=CARTESIAN_POINT('',(-9.55,-19.0,-2.0));
#5709=VECTOR('',#6465,1.0);
#5710=COLOUR_RGB('',0.850980401039124,0.839215695858002,0.858823537826538);
#5711=CARTESIAN_POINT('',(-10.0,-10.0,-1.7));
#5712=VECTOR('',#6466,1.0);
#5713=CARTESIAN_POINT('',(-9.50415945787923,-20.0,-0.5));
#5714=AXIS2_PLACEMENT_3D('',#6467,#6468,#6469);
#5715=CARTESIAN_POINT('',(-8.3,-19.5,0.0));
#5716=CARTESIAN_POINT('',(-8.3,-19.5,0.0));
#5717=CARTESIAN_POINT('',(-8.30068584065864,-19.5003719493202,0.0));
#5718=CARTESIAN_POINT('',(-8.30150884933214,-19.5008182884037,-5.31249612170622E-07));
#5719=CARTESIAN_POINT('',(-8.50797573554335,-19.612790510825,-0.000267078980961408));
#5720=CARTESIAN_POINT('',(-8.72876818433513,-19.7333129894675,-0.0397480985507941));
#5721=CARTESIAN_POINT('',(-9.04065177960189,-19.8772545052013,-0.165721906557949));
#5722=CARTESIAN_POINT('',(-9.14142236211622,-19.9190589118446,-0.218436232577052));
#5723=CARTESIAN_POINT('',(-9.33188950237704,-19.9802198104059,-0.344187751039362));
#5724=CARTESIAN_POINT('',(-9.42153764684855,-20.0,-0.417091804016912));
#5725=CARTESIAN_POINT('',(-9.56050312563956,-20.0,-0.556538967021002));
#5726=CARTESIAN_POINT('',(-9.61712152922588,-19.9898171649407,-0.622193971946044));
#5727=CARTESIAN_POINT('',(-9.66507929572607,-19.9637918294041,-0.686807759415808));
#5728=CARTESIAN_POINT('',(-8.3,-4.375,0.0));
#5729=VECTOR('',#6470,1.0);
#5730=COLOUR_RGB('',0.850980401039124,0.839215695858002,0.858823537826538);
#5731=CARTESIAN_POINT('',(8.3,-19.5,0.0));
#5732=CARTESIAN_POINT('',(-10.0,-19.5,0.0));
#5733=VECTOR('',#6471,1.0);
#5734=CARTESIAN_POINT('',(8.3,-1.0,0.0));
#5735=CARTESIAN_POINT('',(8.3,-10.25,0.0));
#5736=VECTOR('',#6472,1.0);
#5737=CARTESIAN_POINT('',(8.1,-1.0,0.0));
#5738=CARTESIAN_POINT('',(0.5,-1.0,0.0));
#5739=VECTOR('',#6473,1.0);
#5740=CARTESIAN_POINT('',(8.1,-3.0,0.0));
#5741=CARTESIAN_POINT('',(8.1,19.6888231183598,0.0));
#5742=VECTOR('',#6474,1.0);
#5743=CARTESIAN_POINT('',(-8.1,-3.0,0.0));
#5744=CARTESIAN_POINT('',(-0.950000000000001,-3.0,0.0));
#5745=VECTOR('',#6475,1.0);
#5746=CARTESIAN_POINT('',(-8.1,19.6888231183598,0.0));
#5747=VECTOR('',#6476,1.0);
#5748=COLOUR_RGB('',0.850980401039124,0.839215695858002,0.858823537826538);
#5749=CARTESIAN_POINT('',(9.50415945787923,-20.0,-0.5));
#5750=CARTESIAN_POINT('',(-10.0,-20.0,-0.5));
#5751=VECTOR('',#6477,1.0);
#5752=CARTESIAN_POINT('',(9.66507929572607,-19.9637918294041,-0.686807759415807));
#5753=CARTESIAN_POINT('',(9.61712152922588,-19.9898171649407,-0.622193971946043));
#5754=CARTESIAN_POINT('',(9.56050312563956,-20.0,-0.556538967021002));
#5755=CARTESIAN_POINT('',(9.42153764684844,-20.0,-0.417091804016802));
#5756=CARTESIAN_POINT('',(9.33188950237703,-19.9802198104058,-0.344187751039374));
#5757=CARTESIAN_POINT('',(9.14142236211656,-19.9190589118447,-0.218436232577266));
#5758=CARTESIAN_POINT('',(9.04065177960249,-19.8772545052016,-0.165721906558252));
#5759=CARTESIAN_POINT('',(8.72876818433617,-19.733312989468,-0.0397480985510928));
#5760=CARTESIAN_POINT('',(8.50797573555185,-19.6127905108093,-0.000267078980923657));
#5761=CARTESIAN_POINT('',(8.3015088493318,-19.5008182884039,-5.31249612201098E-07));
#5762=CARTESIAN_POINT('',(8.30068584065855,-19.5003719493201,0.0));
#5763=CARTESIAN_POINT('',(8.3,-19.5,0.0));
#5764=COLOUR_RGB('',0.850980401039124,0.839215695858002,0.858823537826538);
#5765=CARTESIAN_POINT('',(8.3,-1.0,0.0));
#5766=CARTESIAN_POINT('',(8.30089797618785,-0.999311283703101,0.0));
#5767=CARTESIAN_POINT('',(8.30197554738752,-0.998484824354261,-9.10713463317085E-07));
#5768=CARTESIAN_POINT('',(8.46942846412092,-0.870054396268559,-0.000283958065179372));
#5769=CARTESIAN_POINT('',(8.65053947991241,-0.731006270998653,-0.0262895023937049));
#5770=CARTESIAN_POINT('',(9.00215239645,-0.468765217095001,-0.140779967353373));
#5771=CARTESIAN_POINT('',(9.1727321090184,-0.345710101846087,-0.229341514066961));
#5772=CARTESIAN_POINT('',(9.42226643413137,-0.181391695633348,-0.416842513822326));
#5773=CARTESIAN_POINT('',(9.52681571218381,-0.117481040985485,-0.514163656054608));
#5774=CARTESIAN_POINT('',(9.7109242693641,-0.0265764879951422,-0.74053268484627));
#5775=CARTESIAN_POINT('',(9.79037798299774,1.93141897104868E-16,-0.869833775831113));
#5776=CARTESIAN_POINT('',(9.87561942659949,2.35030763001619E-16,-1.0584844566747));
#5777=CARTESIAN_POINT('',(9.89950893352797,-0.00522506152602487,-1.12041942702022));
#5778=CARTESIAN_POINT('',(9.91954182336489,-0.0169239683557394,-1.18319802402475));
#5779=AXIS2_PLACEMENT_3D('',#6478,#6479,#6480);
#5780=CARTESIAN_POINT('',(10.0,-4.5,-1.7));
#5781=VECTOR('',#6481,1.0);
#5782=COLOUR_RGB('',0.850980401039124,0.839215695858002,0.858823537826538);
#5783=COLOUR_RGB('',0.850980401039124,0.839215695858002,0.858823537826538);
#5784=AXIS2_PLACEMENT_3D('',#6482,#6483,#6484);
#5785=COLOUR_RGB('',0.850980401039124,0.839215695858002,0.858823537826538);
#5786=COLOUR_RGB('',0.850980401039124,0.839215695858002,0.858823537826538);
#5787=CARTESIAN_POINT('',(-8.1,0.0,-3.0));
#5788=VECTOR('',#6485,1.0);
#5789=COLOUR_RGB('',0.850980401039124,0.839215695858002,0.858823537826538);
#5790=COLOUR_RGB('',0.850980401039124,0.839215695858002,0.858823537826538);
#5791=CARTESIAN_POINT('',(8.1,0.0,-3.0));
#5792=VECTOR('',#6486,1.0);
#5793=COLOUR_RGB('',0.850980401039124,0.839215695858002,0.858823537826538);
#5794=COLOUR_RGB('',0.850980401039124,0.839215695858002,0.858823537826538);
#5795=CARTESIAN_POINT('',(8.1,-7.1618795026618,-2.0));
#5796=CARTESIAN_POINT('',(8.1,-13.8691254292177,-8.70724592655592));
#5797=VECTOR('',#6487,1.0);
#5798=CARTESIAN_POINT('',(6.85,-7.1618795026618,-2.0));
#5799=CARTESIAN_POINT('',(0.1625,-7.1618795026618,-2.0));
#5800=VECTOR('',#6488,1.0);
#5801=CARTESIAN_POINT('',(6.85,-13.0809397513309,-7.9190602486691));
#5802=VECTOR('',#6489,1.0);
#5803=COLOUR_RGB('',0.850980401039124,0.839215695858002,0.858823537826538);
#5804=CARTESIAN_POINT('',(3.26914814604123,-3.0,-2.0));
#5805=AXIS2_PLACEMENT_3D('',#6490,#6491,#6492);
#5806=CARTESIAN_POINT('',(3.26914814604123,-2.0,-3.0));
#5807=AXIS2_PLACEMENT_3D('',#6493,#6494,#6495);
#5808=CARTESIAN_POINT('',(6.85,-2.0,-7.1618795026618));
#5809=AXIS2_PLACEMENT_3D('',#6496,#6497,#6498);
#5810=CARTESIAN_POINT('',(6.85,-7.9190602486691,-13.0809397513309));
#5811=VECTOR('',#6499,1.0);
#5812=COLOUR_RGB('',0.850980401039124,0.839215695858002,0.858823537826538);
#5813=CARTESIAN_POINT('',(8.1,-2.0,-7.1618795026618));
#5814=CARTESIAN_POINT('',(8.1,-8.70724592655592,-13.8691254292177));
#5815=VECTOR('',#6500,1.0);
#5816=CARTESIAN_POINT('',(0.162500000000001,-2.0,-7.1618795026618));
#5817=VECTOR('',#6501,1.0);
#5818=COLOUR_RGB('',0.850980401039124,0.839215695858002,0.858823537826538);
#5819=CARTESIAN_POINT('',(8.1,-2.0,-3.0));
#5820=VECTOR('',#6502,1.0);
#5821=COLOUR_RGB('',0.850980401039124,0.839215695858002,0.858823537826538);
#5822=CARTESIAN_POINT('',(8.1,-22.0,-2.0));
#5823=VECTOR('',#6503,1.0);
#5824=COLOUR_RGB('',0.850980401039124,0.839215695858002,0.858823537826538);
#5825=CARTESIAN_POINT('',(-3.26914814604122,-2.0,-3.0));
#5826=CARTESIAN_POINT('',(-8.1,-2.0,-3.0));
#5827=VECTOR('',#6504,1.0);
#5828=CARTESIAN_POINT('',(-6.85,-2.0,-7.1618795026618));
#5829=AXIS2_PLACEMENT_3D('',#6505,#6506,#6507);
#5830=CARTESIAN_POINT('',(-8.1,-2.0,-7.1618795026618));
#5831=CARTESIAN_POINT('',(-8.2625,-2.0,-7.1618795026618));
#5832=VECTOR('',#6508,1.0);
#5833=CARTESIAN_POINT('',(-8.1,-2.0,-3.0));
#5834=VECTOR('',#6509,1.0);
#5835=COLOUR_RGB('',0.850980401039124,0.839215695858002,0.858823537826538);
#5836=CARTESIAN_POINT('',(-3.26914814604122,-3.0,-2.0));
#5837=AXIS2_PLACEMENT_3D('',#6510,#6511,#6512);
#5838=CARTESIAN_POINT('',(-6.85,-7.1618795026618,-2.0));
#5839=AXIS2_PLACEMENT_3D('',#6513,#6514,#6515);
#5840=CARTESIAN_POINT('',(-6.85,-13.0809397513309,-7.9190602486691));
#5841=VECTOR('',#6516,1.0);
#5842=CARTESIAN_POINT('',(-6.85,-7.9190602486691,-13.0809397513309));
#5843=VECTOR('',#6517,1.0);
#5844=COLOUR_RGB('',0.850980401039124,0.839215695858002,0.858823537826538);
#5845=CARTESIAN_POINT('',(-8.1,-8.70724592655592,-13.8691254292177));
#5846=VECTOR('',#6518,1.0);
#5847=COLOUR_RGB('',0.850980401039124,0.839215695858002,0.858823537826538);
#5848=CARTESIAN_POINT('',(-8.1,-7.1618795026618,-2.0));
#5849=CARTESIAN_POINT('',(-8.2625,-7.1618795026618,-2.0));
#5850=VECTOR('',#6519,1.0);
#5851=CARTESIAN_POINT('',(-8.1,-13.8691254292177,-8.70724592655592));
#5852=VECTOR('',#6520,1.0);
#5853=COLOUR_RGB('',0.850980401039124,0.839215695858002,0.858823537826538);
#5854=CARTESIAN_POINT('',(-8.1,-22.0,-2.0));
#5855=VECTOR('',#6521,1.0);
#5856=COLOUR_RGB('',0.850980401039124,0.839215695858002,0.858823537826538);
#5857=COLOUR_RGB('',0.850980401039124,0.839215695858002,0.858823537826538);
#5858=CARTESIAN_POINT('',(-8.1,-3.0,-2.0));
#5859=VECTOR('',#6522,1.0);
#5860=COLOUR_RGB('',0.850980401039124,0.839215695858002,0.858823537826538);
#5861=COLOUR_RGB('',0.227450981736183,0.227450981736183,0.227450981736183);
#5862=CARTESIAN_POINT('',(6.85,-11.5967226176391,-9.40469159596085));
#5863=CARTESIAN_POINT('',(6.85,-7.67227998205381,-5.48024896037551));
#5864=CARTESIAN_POINT('',(6.85,-9.63450129984648,-7.44247027816818));
#5865=VECTOR('',#6523,1.0);
#5866=CARTESIAN_POINT('',(6.85,-9.40469159596085,-11.5967226176392));
#5867=AXIS2_PLACEMENT_3D('',#6524,#6525,#6526);
#5868=CARTESIAN_POINT('',(6.85,-5.48024896037551,-7.67227998205381));
#5869=CARTESIAN_POINT('',(6.85,-7.44247027816818,-9.63450129984648));
#5870=VECTOR('',#6527,1.0);
#5871=AXIS2_PLACEMENT_3D('',#6528,#6529,#6530);
#5872=COLOUR_RGB('',0.227450981736183,0.227450981736183,0.227450981736183);
#5873=CARTESIAN_POINT('',(-6.85,-11.5967226176391,-9.40469159596085));
#5874=CARTESIAN_POINT('',(-6.85,-7.67227998205381,-5.48024896037551));
#5875=CARTESIAN_POINT('',(-6.85,-9.63450129984648,-7.44247027816818));
#5876=VECTOR('',#6531,1.0);
#5877=CARTESIAN_POINT('',(-6.85,-9.40469159596085,-11.5967226176392));
#5878=AXIS2_PLACEMENT_3D('',#6532,#6533,#6534);
#5879=CARTESIAN_POINT('',(-6.85,-5.48024896037551,-7.67227998205381));
#5880=CARTESIAN_POINT('',(-6.85,-7.44247027816818,-9.63450129984648));
#5881=VECTOR('',#6535,1.0);
#5882=AXIS2_PLACEMENT_3D('',#6536,#6537,#6538);
#5883=COLOUR_RGB('',0.227450981736183,0.227450981736183,0.227450981736183);
#5884=AXIS2_PLACEMENT_3D('',#6539,#6540,#6541);
#5885=AXIS2_PLACEMENT_3D('',#6542,#6543,#6544);
#5886=COLOUR_RGB('',0.227450981736183,0.227450981736183,0.227450981736183);
#5887=COLOUR_RGB('',0.227450981736183,0.227450981736183,0.227450981736183);
#5888=AXIS2_PLACEMENT_3D('',#6545,#6546,#6547);
#5889=AXIS2_PLACEMENT_3D('',#6548,#6549,#6550);
#5890=COLOUR_RGB('',0.227450981736183,0.227450981736183,0.227450981736183);
#5891=COLOUR_RGB('',0.227450981736183,0.227450981736183,0.227450981736183);
#5892=CARTESIAN_POINT('',(8.5,-3.82915462627982,-20.7077934932202));
#5893=CARTESIAN_POINT('',(10.0,-2.76849445450874,-19.6471333214316));
#5894=AXIS2_PLACEMENT_3D('',#6551,#6552,#6553);
#5895=CARTESIAN_POINT('',(8.5,-1.70783428272018,-20.7077934932202));
#5896=AXIS2_PLACEMENT_3D('',#6554,#6555,#6556);
#5897=AXIS2_PLACEMENT_3D('',#6557,#6558,#6559);
#5898=COLOUR_RGB('',0.227450981736183,0.227450981736183,0.227450981736183);
#5899=CARTESIAN_POINT('',(-8.5,-3.82915462627982,-20.7077934932202));
#5900=CARTESIAN_POINT('',(-7.105427357601E-15,-3.82915462629619,-20.7077934932366));
#5901=VECTOR('',#6560,1.0);
#5902=CARTESIAN_POINT('',(-8.5,-1.70783428272891,-20.7077934932114));
#5903=AXIS2_PLACEMENT_3D('',#6561,#6562,#6563);
#5904=CARTESIAN_POINT('',(6.0,-1.70783428272891,-20.7077934932114));
#5905=VECTOR('',#6564,1.0);
#5906=COLOUR_RGB('',0.227450981736183,0.227450981736183,0.227450981736183);
#5907=CARTESIAN_POINT('',(8.5,-20.7077934932114,-1.70783428272891));
#5908=CARTESIAN_POINT('',(8.5,-20.7077934932202,-3.82915462627982));
#5909=AXIS2_PLACEMENT_3D('',#6565,#6566,#6567);
#5910=CARTESIAN_POINT('',(10.0,-19.6471333214316,-2.76849445450873));
#5911=AXIS2_PLACEMENT_3D('',#6568,#6569,#6570);
#5912=AXIS2_PLACEMENT_3D('',#6571,#6572,#6573);
#5913=COLOUR_RGB('',0.227450981736183,0.227450981736183,0.227450981736183);
#5914=CARTESIAN_POINT('',(10.0,-11.2078138879702,-11.2078138879702));
#5915=VECTOR('',#6574,1.0);
#5916=CARTESIAN_POINT('',(8.5,-6.811377475925,-17.725570643575));
#5917=VECTOR('',#6575,1.0);
#5918=COLOUR_RGB('',0.227450981736183,0.227450981736183,0.227450981736183);
#5919=CARTESIAN_POINT('',(-8.5,-20.7077934932202,-1.70783428272018));
#5920=CARTESIAN_POINT('',(-6.0,-20.7077934932114,-1.70783428272891));
#5921=VECTOR('',#6576,1.0);
#5922=CARTESIAN_POINT('',(-8.5,-20.7077934932202,-3.82915462627982));
#5923=AXIS2_PLACEMENT_3D('',#6577,#6578,#6579);
#5924=CARTESIAN_POINT('',(7.105427357601E-15,-20.7077934932366,-3.82915462629619));
#5925=VECTOR('',#6580,1.0);
#5926=COLOUR_RGB('',0.227450981736183,0.227450981736183,0.227450981736183);
#5927=CARTESIAN_POINT('',(-10.0,-19.6471333214316,-2.76849445450874));
#5928=AXIS2_PLACEMENT_3D('',#6581,#6582,#6583);
#5929=AXIS2_PLACEMENT_3D('',#6584,#6585,#6586);
#5930=COLOUR_RGB('',0.227450981736183,0.227450981736183,0.227450981736183);
#5931=CARTESIAN_POINT('',(-10.0,-2.76849445450873,-19.6471333214316));
#5932=AXIS2_PLACEMENT_3D('',#6587,#6588,#6589);
#5933=AXIS2_PLACEMENT_3D('',#6590,#6591,#6592);
#5934=COLOUR_RGB('',0.227450981736183,0.227450981736183,0.227450981736183);
#5935=CARTESIAN_POINT('',(-10.0,-11.2078138879702,-11.2078138879702));
#5936=VECTOR('',#6593,1.0);
#5937=CARTESIAN_POINT('',(-8.5,-17.725570643575,-6.811377475925));
#5938=VECTOR('',#6594,1.0);
#5939=COLOUR_RGB('',0.227450981736183,0.227450981736183,0.227450981736183);
#5940=CARTESIAN_POINT('',(-10.0,-2.06138767333855,-18.9400265402614));
#5941=CARTESIAN_POINT('',(-10.0,-2.06138767333855,-18.9400265402614));
#5942=VECTOR('',#6595,1.0);
#5943=CARTESIAN_POINT('',(-8.5,-1.00072750155873,-20.0006867120413));
#5944=AXIS2_PLACEMENT_3D('',#6596,#6597,#6598);
#5945=CARTESIAN_POINT('',(-8.5,-1.00072750155873,-20.0006867120413));
#5946=VECTOR('',#6599,1.0);
#5947=COLOUR_RGB('',0.227450981736183,0.227450981736183,0.227450981736183);
#5948=COLOUR_RGB('',0.227450981736183,0.227450981736183,0.227450981736183);
#5949=CARTESIAN_POINT('',(10.0,-18.9400265402614,-2.06138767333855));
#5950=CARTESIAN_POINT('',(10.0,-18.9400265402614,-2.06138767333855));
#5951=VECTOR('',#6600,1.0);
#5952=CARTESIAN_POINT('',(8.5,-20.0006867120413,-1.00072750155873));
#5953=AXIS2_PLACEMENT_3D('',#6601,#6602,#6603);
#5954=CARTESIAN_POINT('',(8.5,-20.0006867120413,-1.00072750155873));
#5955=VECTOR('',#6604,1.0);
#5956=COLOUR_RGB('',0.227450981736183,0.227450981736183,0.227450981736183);
#5957=CARTESIAN_POINT('',(10.0,-2.06138767333855,-18.9400265402614));
#5958=CARTESIAN_POINT('',(10.0,-2.06138767333855,-18.9400265402614));
#5959=VECTOR('',#6605,1.0);
#5960=CARTESIAN_POINT('',(10.0,-2.06138767333855,-18.9400265402614));
#5961=VECTOR('',#6606,1.0);
#5962=COLOUR_RGB('',0.227450981736183,0.227450981736183,0.227450981736183);
#5963=CARTESIAN_POINT('',(8.5,-1.00072750155873,-20.0006867120413));
#5964=CARTESIAN_POINT('',(8.5,-1.00072750155873,-20.0006867120413));
#5965=VECTOR('',#6607,1.0);
#5966=AXIS2_PLACEMENT_3D('',#6608,#6609,#6610);
#5967=COLOUR_RGB('',0.227450981736183,0.227450981736183,0.227450981736183);
#5968=CARTESIAN_POINT('',(-10.0,-18.9400265402614,-2.06138767333855));
#5969=CARTESIAN_POINT('',(-10.0,-18.9400265402614,-2.06138767333855));
#5970=VECTOR('',#6611,1.0);
#5971=CARTESIAN_POINT('',(-10.0,-18.9400265402614,-2.06138767333855));
#5972=VECTOR('',#6612,1.0);
#5973=COLOUR_RGB('',0.227450981736183,0.227450981736183,0.227450981736183);
#5974=CARTESIAN_POINT('',(-8.5,-20.0006867120413,-1.00072750155873));
#5975=CARTESIAN_POINT('',(-8.5,-20.0006867120413,-1.00072750155873));
#5976=VECTOR('',#6613,1.0);
#5977=AXIS2_PLACEMENT_3D('',#6614,#6615,#6616);
#5978=COLOUR_RGB('',0.227450981736183,0.227450981736183,0.227450981736183);
#5979=CARTESIAN_POINT('',(-8.5,-1.00072750155873,-20.0006867120413));
#5980=VECTOR('',#6617,1.0);
#5981=COLOUR_RGB('',0.227450981736183,0.227450981736183,0.227450981736183);
#5982=CARTESIAN_POINT('',(8.5,-20.0006867120413,-1.00072750155873));
#5983=VECTOR('',#6618,1.0);
#5984=COLOUR_RGB('',0.227450981736183,0.227450981736183,0.227450981736183);
#5985=COLOUR_RGB('',0.850980401039124,0.839215695858002,0.858823537826538);
#5986=COLOUR_RGB('',0.850980401039124,0.839215695858002,0.858823537826538);
#5987=DIRECTION('',(-0.0,-0.0,-1.0));
#5988=CARTESIAN_POINT('',(0.0,-10.0,0.0));
#5989=DIRECTION('',(0.0,0.0,-1.0));
#5990=DIRECTION('',(1.0,0.0,0.0));
#5991=DIRECTION('',(-0.0,0.0,1.0));
#5992=CARTESIAN_POINT('',(0.0,-10.0,-2.0));
#5993=DIRECTION('',(0.0,0.0,1.0));
#5994=DIRECTION('',(1.0,0.0,0.0));
#5995=DIRECTION('',(-0.0,-1.0,-0.0));
#5996=CARTESIAN_POINT('',(0.0,0.0,-10.0));
#5997=DIRECTION('',(0.0,-1.0,0.0));
#5998=DIRECTION('',(1.0,0.0,0.0));
#5999=DIRECTION('',(-0.0,1.0,0.0));
#6000=CARTESIAN_POINT('',(0.0,-2.0,-10.0));
#6001=DIRECTION('',(-0.0,1.0,0.0));
#6002=DIRECTION('',(1.0,0.0,0.0));
#6003=DIRECTION('',(-0.0,0.707106781186548,0.707106781186548));
#6004=CARTESIAN_POINT('',(-6.85,-10.5,-10.5));
#6005=DIRECTION('',(-0.0,0.707106781186548,0.707106781186548));
#6006=DIRECTION('',(1.0,0.0,0.0));
#6007=DIRECTION('',(-0.0,-0.707106781186548,-0.707106781186548));
#6008=CARTESIAN_POINT('',(-6.85,-6.2573593128,-6.2573593128));
#6009=DIRECTION('',(0.0,-0.707106781186548,-0.707106781186548));
#6010=DIRECTION('',(1.0,0.0,0.0));
#6011=DIRECTION('',(-0.0,0.707106781186548,0.707106781186548));
#6012=CARTESIAN_POINT('',(6.85,-10.5,-10.5));
#6013=DIRECTION('',(-0.0,0.707106781186548,0.707106781186548));
#6014=DIRECTION('',(1.0,0.0,0.0));
#6015=DIRECTION('',(-0.0,-0.707106781186548,-0.707106781186548));
#6016=CARTESIAN_POINT('',(6.85,-6.2573593128,-6.2573593128));
#6017=DIRECTION('',(0.0,-0.707106781186548,-0.707106781186548));
#6018=DIRECTION('',(1.0,0.0,0.0));
#6019=DIRECTION('',(0.0,1.0,0.0));
#6020=CARTESIAN_POINT('',(0.0,-5.0,-10.0));
#6021=DIRECTION('',(-0.0,1.0,0.0));
#6022=DIRECTION('',(1.0,0.0,0.0));
#6023=DIRECTION('',(-0.0,-1.0,-0.0));
#6024=CARTESIAN_POINT('',(0.0,-2.0,-10.0));
#6025=DIRECTION('',(-0.0,1.0,0.0));
#6026=DIRECTION('',(1.0,0.0,0.0));
#6027=CARTESIAN_POINT('',(-3.75,-5.0,-10.0));
#6028=DIRECTION('',(0.0,0.0,1.0));
#6029=DIRECTION('',(-1.0,-0.0,0.0));
#6030=CARTESIAN_POINT('',(3.75,-5.0,-10.0));
#6031=DIRECTION('',(0.0,0.0,1.0));
#6032=DIRECTION('',(1.0,0.0,-0.0));
#6033=CARTESIAN_POINT('',(0.0,-5.5,-10.0));
#6034=DIRECTION('',(0.0,-1.0,0.0));
#6035=DIRECTION('',(0.0,0.0,-1.0));
#6036=DIRECTION('',(0.707106781186547,-0.707106781186548,-0.0));
#6037=CARTESIAN_POINT('',(0.0,6.0,-10.0));
#6038=DIRECTION('',(-0.0,1.0,0.0));
#6039=DIRECTION('',(1.0,0.0,0.0));
#6040=DIRECTION('',(0.707106781186547,0.707106781186548,0.0));
#6041=CARTESIAN_POINT('',(0.0,5.50925,-10.0));
#6042=DIRECTION('',(5.55111512312578E-17,-1.0,0.0));
#6043=DIRECTION('',(1.0,5.55111512312578E-17,0.0));
#6044=CARTESIAN_POINT('',(0.0,5.50925,-10.0));
#6045=DIRECTION('',(5.55111512312578E-17,-1.0,0.0));
#6046=DIRECTION('',(1.0,5.55111512312578E-17,0.0));
#6047=CARTESIAN_POINT('',(0.0,5.50925,-10.0));
#6048=DIRECTION('',(5.55111512312578E-17,-1.0,0.0));
#6049=DIRECTION('',(1.0,5.55111512312578E-17,0.0));
#6050=DIRECTION('',(0.0,0.0,1.0));
#6051=CARTESIAN_POINT('',(0.0,-10.0,-5.0));
#6052=DIRECTION('',(0.0,0.0,1.0));
#6053=DIRECTION('',(1.0,0.0,0.0));
#6054=DIRECTION('',(-0.0,-0.0,-1.0));
#6055=CARTESIAN_POINT('',(0.0,-10.0,-2.0));
#6056=DIRECTION('',(0.0,0.0,1.0));
#6057=DIRECTION('',(1.0,0.0,0.0));
#6058=CARTESIAN_POINT('',(-3.75,-10.0,-5.0));
#6059=DIRECTION('',(-0.0,-1.0,-0.0));
#6060=DIRECTION('',(-1.0,0.0,0.0));
#6061=CARTESIAN_POINT('',(3.75,-10.0,-5.0));
#6062=DIRECTION('',(0.0,-1.0,0.0));
#6063=DIRECTION('',(1.0,0.0,0.0));
#6064=CARTESIAN_POINT('',(0.0,-10.0,-5.5));
#6065=DIRECTION('',(0.0,0.0,-1.0));
#6066=DIRECTION('',(-1.0,0.0,0.0));
#6067=DIRECTION('',(0.707106781186547,-0.0,-0.707106781186548));
#6068=CARTESIAN_POINT('',(0.0,-10.0,6.0));
#6069=DIRECTION('',(0.0,0.0,1.0));
#6070=DIRECTION('',(1.0,0.0,0.0));
#6071=DIRECTION('',(0.707106781186547,0.0,0.707106781186548));
#6072=CARTESIAN_POINT('',(0.0,-10.0,5.50925));
#6073=DIRECTION('',(5.55111512312578E-17,0.0,-1.0));
#6074=DIRECTION('',(1.0,0.0,5.55111512312578E-17));
#6075=CARTESIAN_POINT('',(0.0,-10.0,5.50925));
#6076=DIRECTION('',(5.55111512312578E-17,0.0,-1.0));
#6077=DIRECTION('',(1.0,0.0,5.55111512312578E-17));
#6078=CARTESIAN_POINT('',(0.0,-10.0,5.50925));
#6079=DIRECTION('',(5.55111512312578E-17,0.0,-1.0));
#6080=DIRECTION('',(1.0,0.0,5.55111512312578E-17));
#6081=DIRECTION('',(0.0,1.0,0.0));
#6082=CARTESIAN_POINT('',(0.0,5.50925,-10.0));
#6083=DIRECTION('',(5.55111512312578E-17,-1.0,0.0));
#6084=DIRECTION('',(1.0,5.55111512312578E-17,0.0));
#6085=DIRECTION('',(-0.0,-1.0,-0.0));
#6086=CARTESIAN_POINT('',(0.0,5.50925,-10.0));
#6087=DIRECTION('',(5.55111512312578E-17,-1.0,0.0));
#6088=DIRECTION('',(1.0,5.55111512312578E-17,0.0));
#6089=DIRECTION('',(0.0,1.0,0.0));
#6090=CARTESIAN_POINT('',(0.0,-2.0,-10.0));
#6091=DIRECTION('',(0.0,-1.0,0.0));
#6092=DIRECTION('',(1.0,0.0,0.0));
#6093=DIRECTION('',(-0.0,-1.0,-0.0));
#6094=CARTESIAN_POINT('',(0.0,1.4,-10.0));
#6095=DIRECTION('',(0.0,-1.0,0.0));
#6096=DIRECTION('',(1.0,0.0,0.0));
#6097=CARTESIAN_POINT('',(0.0,1.4,-10.0));
#6098=DIRECTION('',(0.0,-1.0,0.0));
#6099=DIRECTION('',(1.0,0.0,0.0));
#6100=DIRECTION('',(-0.0,-0.0,-1.0));
#6101=CARTESIAN_POINT('',(0.0,-10.0,5.50925));
#6102=DIRECTION('',(5.55111512312578E-17,0.0,-1.0));
#6103=DIRECTION('',(1.0,0.0,5.55111512312578E-17));
#6104=DIRECTION('',(0.0,0.0,1.0));
#6105=CARTESIAN_POINT('',(0.0,-10.0,5.50925));
#6106=DIRECTION('',(5.55111512312578E-17,0.0,-1.0));
#6107=DIRECTION('',(1.0,0.0,5.55111512312578E-17));
#6108=DIRECTION('',(0.0,0.0,1.0));
#6109=CARTESIAN_POINT('',(0.0,-10.0,-2.0));
#6110=DIRECTION('',(0.0,0.0,-1.0));
#6111=DIRECTION('',(1.0,0.0,0.0));
#6112=DIRECTION('',(-0.0,-0.0,-1.0));
#6113=CARTESIAN_POINT('',(0.0,-10.0,1.4));
#6114=DIRECTION('',(0.0,0.0,-1.0));
#6115=DIRECTION('',(1.0,0.0,0.0));
#6116=CARTESIAN_POINT('',(0.0,-10.0,1.4));
#6117=DIRECTION('',(0.0,0.0,-1.0));
#6118=DIRECTION('',(1.0,0.0,0.0));
#6119=CARTESIAN_POINT('',(0.0,-10.0,5.50925));
#6120=DIRECTION('',(5.55111512312578E-17,0.0,-1.0));
#6121=DIRECTION('',(1.0,0.0,5.55111512312578E-17));
#6122=DIRECTION('',(0.0,-1.0,0.0));
#6123=CARTESIAN_POINT('',(-2.732842730345,-18.5,1.4999999888696));
#6124=DIRECTION('',(0.0,-1.0,0.0));
#6125=DIRECTION('',(0.9428090328372,0.0,0.333333358067542));
#6126=DIRECTION('',(0.0,-1.0,0.0));
#6127=CARTESIAN_POINT('',(-2.732842730345,-7.0,1.4999999888696));
#6128=DIRECTION('',(0.0,-1.0,0.0));
#6129=DIRECTION('',(0.9428090328372,0.0,0.333333358067542));
#6130=DIRECTION('',(0.0,-1.0,0.0));
#6131=DIRECTION('',(0.0,-1.0,0.0));
#6132=CARTESIAN_POINT('',(-2.167157289655,-18.5,1.70000001113039));
#6133=DIRECTION('',(0.0,1.0,0.0));
#6134=DIRECTION('',(-0.942809032837199,0.0,-0.333333358067542));
#6135=CARTESIAN_POINT('',(0.0,-10.0,1.4));
#6136=DIRECTION('',(0.0,0.0,-1.0));
#6137=DIRECTION('',(1.0,0.0,0.0));
#6138=DIRECTION('',(0.0,-1.0,0.0));
#6139=DIRECTION('',(-1.0,0.0,0.0));
#6140=DIRECTION('',(0.0,-1.0,0.0));
#6141=CARTESIAN_POINT('',(1.19904086659517E-14,-18.5,-8.26711735862729));
#6142=DIRECTION('',(0.0,-1.0,0.0));
#6143=DIRECTION('',(0.21562382817383,0.0,0.976476504952199));
#6144=CARTESIAN_POINT('',(0.0,-10.0,1.4));
#6145=DIRECTION('',(0.0,0.0,-1.0));
#6146=DIRECTION('',(1.0,0.0,0.0));
#6147=DIRECTION('',(0.0,-1.0,0.0));
#6148=DIRECTION('',(-1.0,0.0,0.0));
#6149=DIRECTION('',(0.0,-1.0,0.0));
#6150=CARTESIAN_POINT('',(2.167157279655,-18.5,1.7000000111304));
#6151=DIRECTION('',(0.0,1.0,0.0));
#6152=DIRECTION('',(3.44833230647415E-08,0.0,-0.999999999999999));
#6153=DIRECTION('',(0.0,-1.0,0.0));
#6154=CARTESIAN_POINT('',(-3.32259052209867,-18.5,-1.09591955095652));
#6155=DIRECTION('',(0.0,1.0,0.0));
#6156=DIRECTION('',(0.909796550033396,-0.0,0.415054499490526));
#6157=DIRECTION('',(0.0,-1.0,0.0));
#6158=CARTESIAN_POINT('',(-3.32259052209867,-7.0,-1.09591955095652));
#6159=DIRECTION('',(0.0,-1.0,0.0));
#6160=DIRECTION('',(0.909796550033396,0.0,0.415054499490526));
#6161=DIRECTION('',(0.0,-1.0,0.0));
#6162=DIRECTION('',(0.0,-1.0,0.0));
#6163=CARTESIAN_POINT('',(-0.0171572949999999,-18.5,3.30000001547663));
#6164=DIRECTION('',(0.0,1.0,0.0));
#6165=DIRECTION('',(0.600987897720506,-0.0,0.799258122757277));
#6166=CARTESIAN_POINT('',(3.68284271769706,-18.5,2.09999999187493));
#6167=DIRECTION('',(0.0,1.0,0.0));
#6168=DIRECTION('',(-2.56568610348672E-08,0.0,-1.0));
#6169=DIRECTION('',(0.0,-1.0,0.0));
#6170=CARTESIAN_POINT('',(3.68284271769706,-7.0,2.09999999187493));
#6171=DIRECTION('',(0.0,-1.0,-0.0));
#6172=DIRECTION('',(-2.56568610348672E-08,0.0,-1.0));
#6173=DIRECTION('',(-1.0,0.0,0.0));
#6174=DIRECTION('',(0.0,-1.0,0.0));
#6175=DIRECTION('',(1.0,0.0,-0.0));
#6176=DIRECTION('',(0.0,-1.0,0.0));
#6177=CARTESIAN_POINT('',(2.732842720345,-7.0,1.4999999888696));
#6178=DIRECTION('',(0.0,-1.0,0.0));
#6179=DIRECTION('',(-3.44833230647414E-08,0.0,0.999999999999999));
#6180=CARTESIAN_POINT('',(2.732842720345,-18.5,1.4999999888696));
#6181=DIRECTION('',(0.0,-1.0,0.0));
#6182=DIRECTION('',(-3.44833230647414E-08,0.0,0.999999999999999));
#6183=DIRECTION('',(0.0,-1.0,0.0));
#6184=CARTESIAN_POINT('',(2.167157279655,-7.0,1.7000000111304));
#6185=DIRECTION('',(0.0,-1.0,0.0));
#6186=DIRECTION('',(3.44833230647415E-08,0.0,-0.999999999999999));
#6187=DIRECTION('',(0.0,-1.0,0.0));
#6188=DIRECTION('',(1.0,0.0,-0.0));
#6189=DIRECTION('',(0.0,-1.0,0.0));
#6190=CARTESIAN_POINT('',(1.19904086659517E-14,-7.0,-8.26711735862729));
#6191=DIRECTION('',(0.0,-1.0,0.0));
#6192=DIRECTION('',(0.21562382817383,0.0,0.976476504952199));
#6193=DIRECTION('',(0.0,-1.0,0.0));
#6194=DIRECTION('',(1.0,0.0,-0.0));
#6195=CARTESIAN_POINT('',(-2.167157289655,-7.0,1.70000001113039));
#6196=DIRECTION('',(0.0,-1.0,-0.0));
#6197=DIRECTION('',(-0.942809032837199,0.0,-0.333333358067542));
#6198=DIRECTION('',(-1.0,0.0,0.0));
#6199=DIRECTION('',(0.0,-1.0,0.0));
#6200=DIRECTION('',(1.0,0.0,-0.0));
#6201=CARTESIAN_POINT('',(-3.71715729228898,-18.5,2.10000000178141));
#6202=DIRECTION('',(0.0,1.0,0.0));
#6203=DIRECTION('',(-0.909796553634308,0.0,0.41505449159735));
#6204=DIRECTION('',(0.0,-1.0,0.0));
#6205=CARTESIAN_POINT('',(-3.71715729228898,-7.0,2.10000000178141));
#6206=DIRECTION('',(-0.0,-1.0,0.0));
#6207=DIRECTION('',(-0.909796553634308,0.0,0.41505449159735));
#6208=DIRECTION('',(0.0,-1.0,0.0));
#6209=CARTESIAN_POINT('',(3.28827609039333,-7.0,-1.09591967818791));
#6210=DIRECTION('',(0.0,-1.0,0.0));
#6211=DIRECTION('',(-0.600987892451904,0.0,0.799258126718908));
#6212=CARTESIAN_POINT('',(3.28827609039333,-18.5,-1.09591967818791));
#6213=DIRECTION('',(0.0,1.0,0.0));
#6214=DIRECTION('',(-0.600987892451904,0.0,0.799258126718908));
#6215=CARTESIAN_POINT('',(-0.0171572949999999,-7.0,3.30000001547663));
#6216=DIRECTION('',(0.0,-1.0,0.0));
#6217=DIRECTION('',(0.600987897720506,0.0,0.799258122757277));
#6218=CARTESIAN_POINT('',(0.0,-10.0,-2.0));
#6219=DIRECTION('',(0.0,0.0,-1.0));
#6220=DIRECTION('',(1.0,0.0,0.0));
#6221=CARTESIAN_POINT('',(0.0,5.50925,-10.0));
#6222=DIRECTION('',(5.55111512312578E-17,-1.0,0.0));
#6223=DIRECTION('',(1.0,5.55111512312578E-17,0.0));
#6224=DIRECTION('',(0.0,0.0,-1.0));
#6225=CARTESIAN_POINT('',(2.732842730345,1.4999999888696,-18.5));
#6226=DIRECTION('',(0.0,0.0,-1.0));
#6227=DIRECTION('',(-0.9428090328372,0.333333358067542,0.0));
#6228=DIRECTION('',(0.0,0.0,-1.0));
#6229=CARTESIAN_POINT('',(2.732842730345,1.4999999888696,-7.0));
#6230=DIRECTION('',(0.0,0.0,-1.0));
#6231=DIRECTION('',(-0.9428090328372,0.333333358067542,0.0));
#6232=DIRECTION('',(0.0,0.0,-1.0));
#6233=DIRECTION('',(0.0,0.0,-1.0));
#6234=CARTESIAN_POINT('',(2.167157289655,1.70000001113039,-18.5));
#6235=DIRECTION('',(-0.0,0.0,1.0));
#6236=DIRECTION('',(0.942809032837199,-0.333333358067542,0.0));
#6237=DIRECTION('',(0.0,0.0,-1.0));
#6238=DIRECTION('',(1.0,0.0,0.0));
#6239=DIRECTION('',(0.0,0.0,-1.0));
#6240=CARTESIAN_POINT('',(-1.19904086659517E-14,-8.26711735862729,-18.5));
#6241=DIRECTION('',(0.0,0.0,-1.0));
#6242=DIRECTION('',(-0.21562382817383,0.976476504952199,0.0));
#6243=DIRECTION('',(0.0,0.0,-1.0));
#6244=DIRECTION('',(1.0,0.0,0.0));
#6245=DIRECTION('',(0.0,0.0,-1.0));
#6246=CARTESIAN_POINT('',(-2.167157279655,1.7000000111304,-18.5));
#6247=DIRECTION('',(0.0,0.0,1.0));
#6248=DIRECTION('',(-3.44833230647415E-08,-0.999999999999999,0.0));
#6249=DIRECTION('',(0.0,0.0,-1.0));
#6250=CARTESIAN_POINT('',(3.32259052209867,-1.09591955095652,-18.5));
#6251=DIRECTION('',(0.0,0.0,1.0));
#6252=DIRECTION('',(-0.909796550033396,0.415054499490526,-0.0));
#6253=DIRECTION('',(0.0,0.0,-1.0));
#6254=CARTESIAN_POINT('',(3.32259052209867,-1.09591955095652,-7.0));
#6255=DIRECTION('',(0.0,0.0,-1.0));
#6256=DIRECTION('',(-0.909796550033396,0.415054499490526,0.0));
#6257=DIRECTION('',(0.0,0.0,-1.0));
#6258=DIRECTION('',(0.0,0.0,-1.0));
#6259=CARTESIAN_POINT('',(0.0171572949999999,3.30000001547663,-18.5));
#6260=DIRECTION('',(0.0,0.0,1.0));
#6261=DIRECTION('',(-0.600987897720506,0.799258122757277,-0.0));
#6262=CARTESIAN_POINT('',(-3.68284271769706,2.09999999187493,-18.5));
#6263=DIRECTION('',(-0.0,0.0,1.0));
#6264=DIRECTION('',(2.56568610348672E-08,-1.0,0.0));
#6265=DIRECTION('',(0.0,0.0,-1.0));
#6266=CARTESIAN_POINT('',(-3.68284271769706,2.09999999187493,-7.0));
#6267=DIRECTION('',(0.0,0.0,-1.0));
#6268=DIRECTION('',(2.56568610348672E-08,-1.0,0.0));
#6269=DIRECTION('',(1.0,0.0,0.0));
#6270=DIRECTION('',(0.0,0.0,-1.0));
#6271=DIRECTION('',(-1.0,0.0,0.0));
#6272=DIRECTION('',(0.0,0.0,-1.0));
#6273=CARTESIAN_POINT('',(-2.732842720345,1.4999999888696,-7.0));
#6274=DIRECTION('',(0.0,0.0,-1.0));
#6275=DIRECTION('',(3.44833230647414E-08,0.999999999999999,0.0));
#6276=CARTESIAN_POINT('',(-2.732842720345,1.4999999888696,-18.5));
#6277=DIRECTION('',(0.0,0.0,-1.0));
#6278=DIRECTION('',(3.44833230647414E-08,0.999999999999999,0.0));
#6279=DIRECTION('',(0.0,0.0,-1.0));
#6280=CARTESIAN_POINT('',(-2.167157279655,1.7000000111304,-7.0));
#6281=DIRECTION('',(-0.0,0.0,-1.0));
#6282=DIRECTION('',(-3.44833230647415E-08,-0.999999999999999,0.0));
#6283=CARTESIAN_POINT('',(0.0,1.4,-10.0));
#6284=DIRECTION('',(0.0,-1.0,0.0));
#6285=DIRECTION('',(1.0,0.0,0.0));
#6286=DIRECTION('',(0.0,0.0,-1.0));
#6287=DIRECTION('',(-1.0,0.0,0.0));
#6288=DIRECTION('',(0.0,0.0,-1.0));
#6289=CARTESIAN_POINT('',(-1.19904086659517E-14,-8.26711735862729,-7.0));
#6290=DIRECTION('',(0.0,0.0,-1.0));
#6291=DIRECTION('',(-0.21562382817383,0.976476504952199,0.0));
#6292=CARTESIAN_POINT('',(0.0,1.4,-10.0));
#6293=DIRECTION('',(0.0,-1.0,0.0));
#6294=DIRECTION('',(1.0,0.0,0.0));
#6295=DIRECTION('',(0.0,0.0,-1.0));
#6296=DIRECTION('',(-1.0,0.0,0.0));
#6297=CARTESIAN_POINT('',(2.167157289655,1.70000001113039,-7.0));
#6298=DIRECTION('',(0.0,0.0,-1.0));
#6299=DIRECTION('',(0.942809032837199,-0.333333358067542,0.0));
#6300=DIRECTION('',(1.0,0.0,0.0));
#6301=DIRECTION('',(0.0,0.0,-1.0));
#6302=DIRECTION('',(-1.0,0.0,0.0));
#6303=CARTESIAN_POINT('',(3.71715729228898,2.10000000178141,-18.5));
#6304=DIRECTION('',(0.0,-0.0,1.0));
#6305=DIRECTION('',(0.909796553634308,0.41505449159735,0.0));
#6306=DIRECTION('',(0.0,0.0,-1.0));
#6307=CARTESIAN_POINT('',(3.71715729228898,2.10000000178141,-7.0));
#6308=DIRECTION('',(0.0,0.0,-1.0));
#6309=DIRECTION('',(0.909796553634308,0.41505449159735,0.0));
#6310=DIRECTION('',(0.0,0.0,-1.0));
#6311=CARTESIAN_POINT('',(-3.28827609039333,-1.09591967818791,-7.0));
#6312=DIRECTION('',(0.0,0.0,-1.0));
#6313=DIRECTION('',(0.600987892451904,0.799258126718908,0.0));
#6314=CARTESIAN_POINT('',(-3.28827609039333,-1.09591967818791,-18.5));
#6315=DIRECTION('',(-0.0,0.0,1.0));
#6316=DIRECTION('',(0.600987892451904,0.799258126718908,0.0));
#6317=CARTESIAN_POINT('',(0.0171572949999999,3.30000001547663,-7.0));
#6318=DIRECTION('',(0.0,0.0,-1.0));
#6319=DIRECTION('',(-0.600987897720506,0.799258122757277,0.0));
#6320=CARTESIAN_POINT('',(0.0,-2.0,-10.0));
#6321=DIRECTION('',(0.0,-1.0,0.0));
#6322=DIRECTION('',(1.0,0.0,0.0));
#6323=CARTESIAN_POINT('',(0.0,-10.0,-2.0));
#6324=DIRECTION('',(0.0,0.0,1.0));
#6325=DIRECTION('',(1.0,0.0,0.0));
#6326=CARTESIAN_POINT('',(0.0,-10.0,6.0));
#6327=DIRECTION('',(0.0,0.0,1.0));
#6328=DIRECTION('',(1.0,0.0,0.0));
#6329=DIRECTION('',(-1.0,0.0,0.0));
#6330=DIRECTION('',(0.0,0.0,1.0));
#6331=DIRECTION('',(1.0,0.0,-0.0));
#6332=DIRECTION('',(0.0,0.0,1.0));
#6333=DIRECTION('',(-0.500000000006738,-0.866025403780548,-0.0));
#6334=DIRECTION('',(0.500000000006738,0.866025403780548,0.0));
#6335=DIRECTION('',(0.0,0.0,1.0));
#6336=DIRECTION('',(0.500000000006738,-0.866025403780548,0.0));
#6337=DIRECTION('',(-0.500000000006738,0.866025403780548,0.0));
#6338=DIRECTION('',(0.0,0.0,1.0));
#6339=DIRECTION('',(1.0,0.0,0.0));
#6340=DIRECTION('',(-1.0,0.0,0.0));
#6341=DIRECTION('',(0.0,0.0,1.0));
#6342=DIRECTION('',(-0.500000000006738,0.866025403780548,0.0));
#6343=DIRECTION('',(0.0,0.0,1.0));
#6344=DIRECTION('',(0.500000000006738,-0.866025403780548,-0.0));
#6345=DIRECTION('',(0.500000000006738,0.866025403780548,0.0));
#6346=DIRECTION('',(-0.500000000006738,-0.866025403780548,0.0));
#6347=CARTESIAN_POINT('',(0.0,-10.0,-5.5));
#6348=DIRECTION('',(0.0,0.0,-1.0));
#6349=DIRECTION('',(-1.0,0.0,0.0));
#6350=CARTESIAN_POINT('',(0.0,-10.0,-5.0));
#6351=DIRECTION('',(0.0,0.0,1.0));
#6352=DIRECTION('',(1.0,0.0,0.0));
#6353=CARTESIAN_POINT('',(0.0,-10.0,-2.0));
#6354=DIRECTION('',(0.0,0.0,1.0));
#6355=DIRECTION('',(1.0,0.0,0.0));
#6356=CARTESIAN_POINT('',(0.0,-2.0,-10.0));
#6357=DIRECTION('',(-0.0,1.0,0.0));
#6358=DIRECTION('',(1.0,0.0,0.0));
#6359=CARTESIAN_POINT('',(0.0,6.0,-10.0));
#6360=DIRECTION('',(-0.0,1.0,0.0));
#6361=DIRECTION('',(1.0,0.0,0.0));
#6362=DIRECTION('',(-1.0,-0.0,-0.0));
#6363=DIRECTION('',(0.0,1.0,0.0));
#6364=DIRECTION('',(1.0,-0.0,0.0));
#6365=DIRECTION('',(0.0,1.0,0.0));
#6366=DIRECTION('',(-0.500000000006738,0.0,0.866025403780548));
#6367=DIRECTION('',(0.500000000006738,0.0,-0.866025403780548));
#6368=DIRECTION('',(0.0,1.0,0.0));
#6369=DIRECTION('',(0.500000000006738,0.0,0.866025403780548));
#6370=DIRECTION('',(-0.500000000006738,0.0,-0.866025403780548));
#6371=DIRECTION('',(0.0,1.0,0.0));
#6372=DIRECTION('',(1.0,0.0,-0.0));
#6373=DIRECTION('',(-1.0,0.0,0.0));
#6374=DIRECTION('',(0.0,1.0,0.0));
#6375=DIRECTION('',(-0.500000000006738,-0.0,-0.866025403780548));
#6376=DIRECTION('',(0.0,1.0,0.0));
#6377=DIRECTION('',(0.500000000006738,-0.0,0.866025403780548));
#6378=DIRECTION('',(0.500000000006738,0.0,-0.866025403780548));
#6379=DIRECTION('',(-0.500000000006738,0.0,0.866025403780548));
#6380=CARTESIAN_POINT('',(0.0,-5.5,-10.0));
#6381=DIRECTION('',(0.0,-1.0,0.0));
#6382=DIRECTION('',(0.0,0.0,-1.0));
#6383=CARTESIAN_POINT('',(0.0,-5.0,-10.0));
#6384=DIRECTION('',(-0.0,1.0,0.0));
#6385=DIRECTION('',(1.0,0.0,0.0));
#6386=CARTESIAN_POINT('',(0.0,-2.0,-10.0));
#6387=DIRECTION('',(-0.0,1.0,0.0));
#6388=DIRECTION('',(1.0,0.0,0.0));
#6389=CARTESIAN_POINT('',(6.85,-6.2573593128,-6.2573593128));
#6390=DIRECTION('',(0.0,-0.707106781186548,-0.707106781186548));
#6391=DIRECTION('',(1.0,0.0,0.0));
#6392=CARTESIAN_POINT('',(6.85,-10.5,-10.5));
#6393=DIRECTION('',(-0.0,0.707106781186548,0.707106781186548));
#6394=DIRECTION('',(1.0,0.0,0.0));
#6395=CARTESIAN_POINT('',(-6.85,-6.2573593128,-6.2573593128));
#6396=DIRECTION('',(0.0,-0.707106781186548,-0.707106781186548));
#6397=DIRECTION('',(1.0,0.0,0.0));
#6398=CARTESIAN_POINT('',(-6.85,-10.5,-10.5));
#6399=DIRECTION('',(-0.0,0.707106781186548,0.707106781186548));
#6400=DIRECTION('',(1.0,0.0,0.0));
#6401=CARTESIAN_POINT('',(0.0,0.0,-10.0));
#6402=DIRECTION('',(0.0,-1.0,0.0));
#6403=DIRECTION('',(1.0,0.0,0.0));
#6404=CARTESIAN_POINT('',(0.0,-10.0,0.0));
#6405=DIRECTION('',(0.0,0.0,-1.0));
#6406=DIRECTION('',(1.0,0.0,0.0));
#6407=CARTESIAN_POINT('',(-8.3,-1.7,-20.0));
#6408=DIRECTION('',(0.0,0.0,-1.0));
#6409=DIRECTION('',(2.61228946970625E-16,1.0,0.0));
#6410=CARTESIAN_POINT('',(-8.3,-1.7,-19.3));
#6411=DIRECTION('',(0.0,-0.707106781186547,-0.707106781186547));
#6412=DIRECTION('',(1.8471675984515E-16,0.707106781186548,-0.707106781186548));
#6413=DIRECTION('',(-0.0,0.0,-1.0));
#6414=CARTESIAN_POINT('',(-8.3,-1.7,-1.7));
#6415=DIRECTION('',(0.0,-0.707106781186547,0.707106781186547));
#6416=DIRECTION('',(1.8471675984515E-16,0.707106781186548,0.707106781186548));
#6417=DIRECTION('',(0.0,0.0,1.0));
#6418=DIRECTION('',(1.0,0.0,0.0));
#6419=DIRECTION('',(1.0,0.0,0.0));
#6420=DIRECTION('',(1.0,0.0,0.0));
#6421=DIRECTION('',(0.0,-0.0,1.0));
#6422=DIRECTION('',(1.0,-0.0,0.0));
#6423=DIRECTION('',(0.0,0.0,-1.0));
#6424=DIRECTION('',(1.0,0.0,0.0));
#6425=DIRECTION('',(0.0,0.0,-1.0));
#6426=DIRECTION('',(-1.0,0.0,0.0));
#6427=CARTESIAN_POINT('',(-8.1,-1.0,-1.0));
#6428=DIRECTION('',(1.0,0.0,-0.0));
#6429=DIRECTION('',(0.0,-1.11022302462516E-16,1.0));
#6430=CARTESIAN_POINT('',(8.3,-1.7,-1.7));
#6431=DIRECTION('',(0.0,-0.707106781186548,0.707106781186547));
#6432=DIRECTION('',(1.8471675984515E-16,0.707106781186547,0.707106781186548));
#6433=DIRECTION('',(-0.0,0.0,1.0));
#6434=CARTESIAN_POINT('',(8.3,-1.7,-19.3));
#6435=DIRECTION('',(0.0,-0.707106781186547,-0.707106781186547));
#6436=DIRECTION('',(1.8471675984515E-16,0.707106781186548,-0.707106781186548));
#6437=CARTESIAN_POINT('',(8.3,-1.7,-20.0));
#6438=DIRECTION('',(0.0,0.0,-1.0));
#6439=DIRECTION('',(1.0,-2.61228946970625E-16,0.0));
#6440=DIRECTION('',(-1.0,0.0,0.0));
#6441=DIRECTION('',(0.0,0.707106781186547,-0.707106781186547));
#6442=CARTESIAN_POINT('',(8.3,-19.3,-1.7));
#6443=DIRECTION('',(0.0,-0.707106781186547,-0.707106781186547));
#6444=DIRECTION('',(1.8471675984515E-16,-0.707106781186548,0.707106781186548));
#6445=DIRECTION('',(1.0,0.0,-0.0));
#6446=CARTESIAN_POINT('',(-8.3,-19.3,-1.7));
#6447=DIRECTION('',(0.0,-0.707106781186547,-0.707106781186547));
#6448=DIRECTION('',(1.8471675984515E-16,-0.707106781186548,0.707106781186548));
#6449=DIRECTION('',(0.0,-0.707106781186547,0.707106781186547));
#6450=DIRECTION('',(0.0,0.707106781186547,-0.707106781186547));
#6451=DIRECTION('',(-1.0,0.0,0.0));
#6452=CARTESIAN_POINT('',(6.85,-10.5,-10.5));
#6453=DIRECTION('',(0.0,0.707106781186548,0.707106781186548));
#6454=DIRECTION('',(-1.0,0.0,0.0));
#6455=DIRECTION('',(1.0,0.0,0.0));
#6456=DIRECTION('',(0.0,0.707106781186547,-0.707106781186547));
#6457=DIRECTION('',(-1.0,0.0,0.0));
#6458=DIRECTION('',(0.0,-0.707106781186547,0.707106781186547));
#6459=DIRECTION('',(1.0,0.0,0.0));
#6460=CARTESIAN_POINT('',(-6.85,-10.5,-10.5));
#6461=DIRECTION('',(-0.0,0.707106781186548,0.707106781186548));
#6462=DIRECTION('',(1.0,0.0,0.0));
#6463=DIRECTION('',(-1.0,0.0,0.0));
#6464=DIRECTION('',(0.0,-0.707106781186547,0.707106781186547));
#6465=DIRECTION('',(1.0,0.0,0.0));
#6466=DIRECTION('',(-0.0,1.0,0.0));
#6467=CARTESIAN_POINT('',(-8.3,-20.0,-1.7));
#6468=DIRECTION('',(0.0,-1.0,0.0));
#6469=DIRECTION('',(2.61228946970625E-16,0.0,1.0));
#6470=DIRECTION('',(0.0,-1.0,0.0));
#6471=DIRECTION('',(1.0,0.0,0.0));
#6472=DIRECTION('',(0.0,1.0,0.0));
#6473=DIRECTION('',(-1.0,0.0,0.0));
#6474=DIRECTION('',(0.0,1.0,-0.0));
#6475=DIRECTION('',(-1.0,0.0,0.0));
#6476=DIRECTION('',(0.0,-1.0,0.0));
#6477=DIRECTION('',(1.0,0.0,0.0));
#6478=CARTESIAN_POINT('',(8.3,-20.0,-1.7));
#6479=DIRECTION('',(0.0,-1.0,0.0));
#6480=DIRECTION('',(1.0,0.0,-2.61228946970625E-16));
#6481=DIRECTION('',(0.0,-1.0,0.0));
#6482=CARTESIAN_POINT('',(8.1,-1.0,-1.0));
#6483=DIRECTION('',(-1.0,0.0,0.0));
#6484=DIRECTION('',(0.0,-1.11022302462516E-16,1.0));
#6485=DIRECTION('',(0.0,0.707106781186548,-0.707106781186548));
#6486=DIRECTION('',(0.0,-0.707106781186548,0.707106781186548));
#6487=DIRECTION('',(0.0,-0.707106781186548,-0.707106781186548));
#6488=DIRECTION('',(1.0,0.0,-0.0));
#6489=DIRECTION('',(0.0,0.707106781186548,0.707106781186548));
#6490=CARTESIAN_POINT('',(6.85,-2.0,-2.0));
#6491=DIRECTION('',(0.0,-0.0,1.0));
#6492=DIRECTION('',(0.0,1.0,0.0));
#6493=CARTESIAN_POINT('',(6.85,-2.5,-2.5));
#6494=DIRECTION('',(0.0,0.707106781186548,0.707106781186548));
#6495=DIRECTION('',(0.0,0.707106781186548,-0.707106781186548));
#6496=CARTESIAN_POINT('',(6.85,-2.0,-2.0));
#6497=DIRECTION('',(0.0,1.0,0.0));
#6498=DIRECTION('',(0.0,0.0,-1.0));
#6499=DIRECTION('',(0.0,0.707106781186548,0.707106781186548));
#6500=DIRECTION('',(-0.0,0.707106781186548,0.707106781186548));
#6501=DIRECTION('',(-1.0,0.0,0.0));
#6502=DIRECTION('',(0.0,0.0,-1.0));
#6503=DIRECTION('',(0.0,1.0,0.0));
#6504=DIRECTION('',(1.0,0.0,0.0));
#6505=CARTESIAN_POINT('',(-6.85,-2.0,-2.0));
#6506=DIRECTION('',(0.0,1.0,0.0));
#6507=DIRECTION('',(0.0,0.0,1.0));
#6508=DIRECTION('',(-1.0,0.0,0.0));
#6509=DIRECTION('',(0.0,0.0,-1.0));
#6510=CARTESIAN_POINT('',(-6.85,-2.5,-2.5));
#6511=DIRECTION('',(0.0,0.707106781186548,0.707106781186548));
#6512=DIRECTION('',(0.0,-0.707106781186548,0.707106781186548));
#6513=CARTESIAN_POINT('',(-6.85,-2.0,-2.0));
#6514=DIRECTION('',(0.0,0.0,1.0));
#6515=DIRECTION('',(0.0,-1.0,0.0));
#6516=DIRECTION('',(0.0,0.707106781186548,0.707106781186548));
#6517=DIRECTION('',(0.0,0.707106781186548,0.707106781186548));
#6518=DIRECTION('',(0.0,-0.707106781186548,-0.707106781186548));
#6519=DIRECTION('',(1.0,0.0,-0.0));
#6520=DIRECTION('',(-0.0,0.707106781186548,0.707106781186548));
#6521=DIRECTION('',(0.0,1.0,0.0));
#6522=DIRECTION('',(1.0,0.0,0.0));
#6523=DIRECTION('',(0.0,0.707106781186548,0.707106781186548));
#6524=CARTESIAN_POINT('',(6.85,-10.5007071068,-10.5007071068));
#6525=DIRECTION('',(0.0,-0.707106781186548,-0.707106781186548));
#6526=DIRECTION('',(0.0,-0.707106781186548,0.707106781186548));
#6527=DIRECTION('',(-0.0,-0.707106781186548,-0.707106781186548));
#6528=CARTESIAN_POINT('',(6.85,-6.57626447121466,-6.57626447121466));
#6529=DIRECTION('',(0.0,0.707106781186548,0.707106781186548));
#6530=DIRECTION('',(0.0,-0.707106781186548,0.707106781186548));
#6531=DIRECTION('',(0.0,0.707106781186548,0.707106781186548));
#6532=CARTESIAN_POINT('',(-6.85,-10.5007071068,-10.5007071068));
#6533=DIRECTION('',(0.0,-0.707106781186548,-0.707106781186548));
#6534=DIRECTION('',(0.0,-0.707106781186548,0.707106781186548));
#6535=DIRECTION('',(-0.0,-0.707106781186548,-0.707106781186548));
#6536=CARTESIAN_POINT('',(-6.85,-6.57626447121466,-6.57626447121466));
#6537=DIRECTION('',(0.0,0.707106781186548,0.707106781186548));
#6538=DIRECTION('',(0.0,-0.707106781186548,0.707106781186548));
#6539=CARTESIAN_POINT('',(-6.85,-6.57626447121466,-6.57626447121466));
#6540=DIRECTION('',(0.0,0.707106781186548,0.707106781186548));
#6541=DIRECTION('',(0.0,-0.707106781186548,0.707106781186548));
#6542=CARTESIAN_POINT('',(-6.85,-10.5007071068,-10.5007071068));
#6543=DIRECTION('',(0.0,-0.707106781186548,-0.707106781186548));
#6544=DIRECTION('',(0.0,-0.707106781186548,0.707106781186548));
#6545=CARTESIAN_POINT('',(6.85,-6.57626447121466,-6.57626447121466));
#6546=DIRECTION('',(0.0,0.707106781186548,0.707106781186548));
#6547=DIRECTION('',(0.0,-0.707106781186548,0.707106781186548));
#6548=CARTESIAN_POINT('',(6.85,-10.5007071068,-10.5007071068));
#6549=DIRECTION('',(0.0,-0.707106781186548,-0.707106781186548));
#6550=DIRECTION('',(0.0,-0.707106781186548,0.707106781186548));
#6551=CARTESIAN_POINT('',(8.5,-2.76849445452018,-19.6471333214202));
#6552=DIRECTION('',(0.0,-0.707106781186548,0.707106781186547));
#6553=DIRECTION('',(0.0,-0.707106781186547,-0.707106781186548));
#6554=CARTESIAN_POINT('',(8.5,-2.7684944545,-19.6471333214404));
#6555=DIRECTION('',(-1.0,-3.71872596996491E-31,3.71872596996491E-31));
#6556=DIRECTION('',(-5.25907270147342E-31,0.707106781186548,-0.707106781186547));
#6557=CARTESIAN_POINT('',(8.5,-2.76849445448855,-19.6471333214114));
#6558=DIRECTION('',(0.0,-0.707106781186547,-0.707106781186547));
#6559=DIRECTION('',(-2.36847578586701E-15,0.707106781186548,-0.707106781186548));
#6560=DIRECTION('',(1.0,-0.0,0.0));
#6561=CARTESIAN_POINT('',(-8.50000000000001,-2.7684944545,-19.6471333214404));
#6562=DIRECTION('',(-1.0,-1.48749038798597E-30,1.48749038798596E-30));
#6563=DIRECTION('',(-2.10362908058937E-30,0.707106781186548,-0.707106781186547));
#6564=DIRECTION('',(-1.0,0.0,0.0));
#6565=CARTESIAN_POINT('',(8.50000000000001,-19.6471333214404,-2.7684944545));
#6566=DIRECTION('',(1.0,1.48749038798596E-30,-1.48749038798597E-30));
#6567=DIRECTION('',(2.10362908058937E-30,-0.707106781186547,0.707106781186548));
#6568=CARTESIAN_POINT('',(8.5,-19.6471333214202,-2.76849445452018));
#6569=DIRECTION('',(0.0,-0.707106781186548,0.707106781186547));
#6570=DIRECTION('',(0.0,-0.707106781186547,-0.707106781186548));
#6571=CARTESIAN_POINT('',(8.5,-19.6471333214114,-2.76849445448855));
#6572=DIRECTION('',(0.0,-0.707106781186547,-0.707106781186547));
#6573=DIRECTION('',(1.0,2.36847578586701E-15,-2.36847578586701E-15));
#6574=DIRECTION('',(0.0,0.707106781186548,-0.707106781186547));
#6575=DIRECTION('',(0.0,-0.707106781186548,0.707106781186548));
#6576=DIRECTION('',(1.0,0.0,-0.0));
#6577=CARTESIAN_POINT('',(-8.5,-19.6471333214404,-2.7684944545));
#6578=DIRECTION('',(1.0,3.71872596996491E-31,-3.71872596996491E-31));
#6579=DIRECTION('',(5.25907270147342E-31,-0.707106781186547,0.707106781186548));
#6580=DIRECTION('',(-1.0,-0.0,-0.0));
#6581=CARTESIAN_POINT('',(-8.5,-19.6471333214202,-2.76849445452018));
#6582=DIRECTION('',(0.0,0.707106781186547,-0.707106781186548));
#6583=DIRECTION('',(0.0,-0.707106781186548,-0.707106781186547));
#6584=CARTESIAN_POINT('',(-8.5,-19.6471333214114,-2.76849445448855));
#6585=DIRECTION('',(0.0,-0.707106781186547,-0.707106781186547));
#6586=DIRECTION('',(2.36847578586701E-15,-0.707106781186548,0.707106781186548));
#6587=CARTESIAN_POINT('',(-8.5,-2.76849445452018,-19.6471333214202));
#6588=DIRECTION('',(0.0,0.707106781186547,-0.707106781186548));
#6589=DIRECTION('',(0.0,-0.707106781186548,-0.707106781186547));
#6590=CARTESIAN_POINT('',(-8.5,-2.76849445448855,-19.6471333214114));
#6591=DIRECTION('',(0.0,-0.707106781186547,-0.707106781186547));
#6592=DIRECTION('',(-1.0,-2.36847578586701E-15,2.36847578586701E-15));
#6593=DIRECTION('',(-0.0,-0.707106781186547,0.707106781186548));
#6594=DIRECTION('',(-0.0,0.707106781186548,-0.707106781186548));
#6595=DIRECTION('',(0.0,-0.707106781186548,-0.707106781186548));
#6596=CARTESIAN_POINT('',(-8.5,-2.06138767333855,-18.9400265402614));
#6597=DIRECTION('',(0.0,-0.707106781186547,-0.707106781186547));
#6598=DIRECTION('',(-1.0,-1.6747652892627E-15,1.6747652892627E-15));
#6599=DIRECTION('',(0.0,-0.707106781186548,-0.707106781186548));
#6600=DIRECTION('',(0.0,-0.707106781186548,-0.707106781186548));
#6601=CARTESIAN_POINT('',(8.5,-18.9400265402614,-2.06138767333855));
#6602=DIRECTION('',(0.0,-0.707106781186547,-0.707106781186547));
#6603=DIRECTION('',(1.0,1.6747652892627E-15,-1.6747652892627E-15));
#6604=DIRECTION('',(0.0,-0.707106781186548,-0.707106781186548));
#6605=DIRECTION('',(0.0,-0.707106781186548,-0.707106781186548));
#6606=DIRECTION('',(0.0,-0.707106781186548,0.707106781186548));
#6607=DIRECTION('',(0.0,-0.707106781186548,-0.707106781186548));
#6608=CARTESIAN_POINT('',(8.5,-2.06138767333855,-18.9400265402614));
#6609=DIRECTION('',(0.0,-0.707106781186547,-0.707106781186547));
#6610=DIRECTION('',(-2.36847578586701E-15,0.707106781186547,-0.707106781186547));
#6611=DIRECTION('',(0.0,-0.707106781186548,-0.707106781186548));
#6612=DIRECTION('',(-0.0,0.707106781186548,-0.707106781186548));
#6613=DIRECTION('',(0.0,-0.707106781186548,-0.707106781186548));
#6614=CARTESIAN_POINT('',(-8.5,-18.9400265402614,-2.06138767333855));
#6615=DIRECTION('',(0.0,-0.707106781186547,-0.707106781186547));
#6616=DIRECTION('',(2.36847578586701E-15,-0.707106781186547,0.707106781186547));
#6617=DIRECTION('',(1.0,-0.0,0.0));
#6618=DIRECTION('',(-1.0,0.0,0.0));
ENDSEC;
END-ISO-10303-21;
