ISO-10303-21;
HEADER;
/* Generated by software containing ST-Developer
 * from STEP Tools, Inc. (www.steptools.com) 
 */

FILE_DESCRIPTION(
/* description */ (''),
/* implementation_level */ '2;1');

FILE_NAME(
/* name */ 'Cameraholder_straight_90deg.stp',
/* time_stamp */ '2025-02-13T16:59:19+01:00',
/* author */ ('Aldi'),
/* organization */ (''),
/* preprocessor_version */ 'ST-DEVELOPER v20',
/* originating_system */ 'Autodesk Inventor 2025',
/* authorisation */ '');

FILE_SCHEMA (('AUTOMOTIVE_DESIGN { 1 0 10303 214 3 1 1 }'));
ENDSEC;

DATA;
#10=MECHANICAL_DESIGN_GEOMETRIC_PRESENTATION_REPRESENTATION('',(#13),#8209);
#11=SHAPE_REPRESENTATION_RELATIONSHIP('SRR','None',#8216,#12);
#12=ADVANCED_BREP_SHAPE_REPRESENTATION('',(#14),#8208);
#13=STYLED_ITEM('',(#8225),#14);
#14=MANIFOLD_SOLID_BREP('Solid2',#4458);
#15=SPHERICAL_SURFACE('',#4866,1.);
#16=(
BOUNDED_SURFACE()
B_SPLINE_SURFACE(2,2,((#7097,#7098,#7099),(#7100,#7101,#7102),(#7103,#7104,
#7105)),.UNSPECIFIED.,.F.,.F.,.F.)
B_SPLINE_SURFACE_WITH_KNOTS((3,3),(3,3),(1.5707963267943,2.06055294504352),
(-1.100585685045,-0.523506718687693),.UNSPECIFIED.)
GEOMETRIC_REPRESENTATION_ITEM()
RATIONAL_B_SPLINE_SURFACE(((1.,0.958660491379766,1.),(0.970166834680569,
0.930060614455226,0.970166834680569),(1.,0.958660491379766,1.)))
REPRESENTATION_ITEM('')
SURFACE()
);
#17=(
BOUNDED_CURVE()
B_SPLINE_CURVE(2,(#7045,#7046,#7047),.UNSPECIFIED.,.F.,.F.)
B_SPLINE_CURVE_WITH_KNOTS((3,3),(0.,0.124028567637837),.UNSPECIFIED.)
CURVE()
GEOMETRIC_REPRESENTATION_ITEM()
RATIONAL_B_SPLINE_CURVE((1.,1.11803398874974,1.))
REPRESENTATION_ITEM('')
);
#18=(
BOUNDED_CURVE()
B_SPLINE_CURVE(2,(#7210,#7211,#7212),.UNSPECIFIED.,.F.,.F.)
B_SPLINE_CURVE_WITH_KNOTS((3,3),(0.216687778645816,0.242163560446797),
 .UNSPECIFIED.)
CURVE()
GEOMETRIC_REPRESENTATION_ITEM()
RATIONAL_B_SPLINE_CURVE((1.11805912124243,1.12211176230049,1.12548546315494))
REPRESENTATION_ITEM('')
);
#19=(
BOUNDED_CURVE()
B_SPLINE_CURVE(2,(#7249,#7250,#7251),.UNSPECIFIED.,.F.,.F.)
B_SPLINE_CURVE_WITH_KNOTS((3,3),(0.,0.00980560901448151),.UNSPECIFIED.)
CURVE()
GEOMETRIC_REPRESENTATION_ITEM()
RATIONAL_B_SPLINE_CURVE((1.,1.00359822855188,1.00705588697488))
REPRESENTATION_ITEM('')
);
#20=(
BOUNDED_CURVE()
B_SPLINE_CURVE(2,(#7651,#7652,#7653),.UNSPECIFIED.,.F.,.F.)
B_SPLINE_CURVE_WITH_KNOTS((3,3),(0.,0.501996015923952),.UNSPECIFIED.)
CURVE()
GEOMETRIC_REPRESENTATION_ITEM()
RATIONAL_B_SPLINE_CURVE((1.,1.18421052631802,1.))
REPRESENTATION_ITEM('')
);
#21=(
BOUNDED_CURVE()
B_SPLINE_CURVE(2,(#7655,#7656,#7657),.UNSPECIFIED.,.F.,.F.)
B_SPLINE_CURVE_WITH_KNOTS((3,3),(0.,0.501996015929911),.UNSPECIFIED.)
CURVE()
GEOMETRIC_REPRESENTATION_ITEM()
RATIONAL_B_SPLINE_CURVE((1.,1.1842105263218,1.))
REPRESENTATION_ITEM('')
);
#22=(
BOUNDED_CURVE()
B_SPLINE_CURVE(2,(#7840,#7841,#7842),.UNSPECIFIED.,.F.,.F.)
B_SPLINE_CURVE_WITH_KNOTS((3,3),(0.,0.240399667221066),.UNSPECIFIED.)
CURVE()
GEOMETRIC_REPRESENTATION_ITEM()
RATIONAL_B_SPLINE_CURVE((1.,1.12173913043479,1.))
REPRESENTATION_ITEM('')
);
#23=(
BOUNDED_CURVE()
B_SPLINE_CURVE(2,(#7844,#7845,#7846),.UNSPECIFIED.,.F.,.F.)
B_SPLINE_CURVE_WITH_KNOTS((3,3),(0.,0.240399667221066),.UNSPECIFIED.)
CURVE()
GEOMETRIC_REPRESENTATION_ITEM()
RATIONAL_B_SPLINE_CURVE((1.,1.12173913043479,1.))
REPRESENTATION_ITEM('')
);
#24=TOROIDAL_SURFACE('',#4545,1.5,1.);
#25=TOROIDAL_SURFACE('',#4846,1.58,1.);
#26=B_SPLINE_SURFACE_WITH_KNOTS('',3,3,((#6462,#6463,#6464,#6465,#6466),
(#6467,#6468,#6469,#6470,#6471),(#6472,#6473,#6474,#6475,#6476),(#6477,
#6478,#6479,#6480,#6481),(#6482,#6483,#6484,#6485,#6486)),.UNSPECIFIED.,
 .F.,.F.,.F.,(4,1,4),(4,1,4),(-0.00507148428584584,0.571428571428571,1.00611995523278),
(-0.0061199552327833,0.673198425769242,1.57691628202768),.UNSPECIFIED.);
#27=B_SPLINE_SURFACE_WITH_KNOTS('',3,3,((#6601,#6602,#6603,#6604),(#6605,
#6606,#6607,#6608),(#6609,#6610,#6611,#6612),(#6613,#6614,#6615,#6616)),
 .UNSPECIFIED.,.F.,.F.,.F.,(4,4),(4,4),(0.,1.00000000077076),(-2.26051759081186E-15,
0.810709497714677),.UNSPECIFIED.);
#28=B_SPLINE_SURFACE_WITH_KNOTS('',3,3,((#6665,#6666,#6667,#6668,#6669,
#6670),(#6671,#6672,#6673,#6674,#6675,#6676),(#6677,#6678,#6679,#6680,#6681,
#6682),(#6683,#6684,#6685,#6686,#6687,#6688)),.UNSPECIFIED.,.F.,.F.,.F.,
(4,4),(4,1,1,4),(0.,1.00050366009638),(-0.672351480756403,-0.472662255883323,
-0.339536105967936,-0.20640995605255),.UNSPECIFIED.);
#29=B_SPLINE_SURFACE_WITH_KNOTS('',3,3,((#6752,#6753,#6754,#6755,#6756,
#6757),(#6758,#6759,#6760,#6761,#6762,#6763),(#6764,#6765,#6766,#6767,#6768,
#6769),(#6770,#6771,#6772,#6773,#6774,#6775)),.UNSPECIFIED.,.F.,.F.,.F.,
(4,4),(4,1,1,4),(0.,1.),(-0.755488167451188,-0.526482071248546,-0.373811340446784,
-0.221140609645023),.UNSPECIFIED.);
#30=B_SPLINE_SURFACE_WITH_KNOTS('',3,3,((#6802,#6803,#6804,#6805),(#6806,
#6807,#6808,#6809),(#6810,#6811,#6812,#6813),(#6814,#6815,#6816,#6817)),
 .UNSPECIFIED.,.F.,.F.,.F.,(4,4),(4,4),(0.,1.),(-0.747093133974275,-0.672351480756403),
 .UNSPECIFIED.);
#31=B_SPLINE_SURFACE_WITH_KNOTS('',3,3,((#6909,#6910,#6911,#6912,#6913),
(#6914,#6915,#6916,#6917,#6918),(#6919,#6920,#6921,#6922,#6923),(#6924,
#6925,#6926,#6927,#6928)),.UNSPECIFIED.,.F.,.F.,.F.,(4,4),(4,1,4),(0.,1.),
(1.70393265434654,1.9928750585754,2.28181746280425),.UNSPECIFIED.);
#32=B_SPLINE_SURFACE_WITH_KNOTS('',3,3,((#6946,#6947,#6948,#6949),(#6950,
#6951,#6952,#6953),(#6954,#6955,#6956,#6957),(#6958,#6959,#6960,#6961)),
 .UNSPECIFIED.,.F.,.F.,.F.,(4,4),(4,4),(0.,1.),(1.57079632679489,1.70393265434654),
 .UNSPECIFIED.);
#33=B_SPLINE_SURFACE_WITH_KNOTS('',3,3,((#6967,#6968,#6969,#6970,#6971),
(#6972,#6973,#6974,#6975,#6976),(#6977,#6978,#6979,#6980,#6981),(#6982,
#6983,#6984,#6985,#6986)),.UNSPECIFIED.,.F.,.F.,.F.,(4,4),(4,1,4),(0.,1.),
(2.28181746248643,2.77311757168833,3.14159265358976),.UNSPECIFIED.);
#34=B_SPLINE_SURFACE_WITH_KNOTS('',3,3,((#7122,#7123,#7124,#7125),(#7126,
#7127,#7128,#7129),(#7130,#7131,#7132,#7133),(#7134,#7135,#7136,#7137)),
 .UNSPECIFIED.,.F.,.F.,.F.,(4,4),(4,4),(0.,1.),(-5.5949168908942E-14,0.615920762802131),
 .UNSPECIFIED.);
#35=B_SPLINE_SURFACE_WITH_KNOTS('',3,3,((#7872,#7873,#7874,#7875,#7876,
#7877,#7878,#7879,#7880,#7881,#7882,#7883,#7884),(#7885,#7886,#7887,#7888,
#7889,#7890,#7891,#7892,#7893,#7894,#7895,#7896,#7897),(#7898,#7899,#7900,
#7901,#7902,#7903,#7904,#7905,#7906,#7907,#7908,#7909,#7910),(#7911,#7912,
#7913,#7914,#7915,#7916,#7917,#7918,#7919,#7920,#7921,#7922,#7923),(#7924,
#7925,#7926,#7927,#7928,#7929,#7930,#7931,#7932,#7933,#7934,#7935,#7936)),
 .UNSPECIFIED.,.F.,.F.,.F.,(4,1,4),(4,1,1,1,1,1,1,1,1,1,4),(0.,0.5,1.),
(0.72568271748597,0.766486694706587,0.807290671927205,0.888898626368439,
0.899099620673594,0.909300614978748,0.929702603589057,0.970506580809674,
1.05211453525091,1.17452646691276,1.29693839857461),.UNSPECIFIED.);
#36=B_SPLINE_SURFACE_WITH_KNOTS('',3,3,((#8096,#8097,#8098,#8099,#8100,
#8101),(#8102,#8103,#8104,#8105,#8106,#8107),(#8108,#8109,#8110,#8111,#8112,
#8113),(#8114,#8115,#8116,#8117,#8118,#8119),(#8120,#8121,#8122,#8123,#8124,
#8125)),.UNSPECIFIED.,.F.,.F.,.F.,(4,1,4),(4,1,1,4),(0.,0.5,1.),(0.361582613472612,
0.569662340708878,0.647692238422477,0.725722136136077),.UNSPECIFIED.);
#37=B_SPLINE_SURFACE_WITH_KNOTS('',3,3,((#8127,#8128,#8129,#8130),(#8131,
#8132,#8133,#8134),(#8135,#8136,#8137,#8138),(#8139,#8140,#8141,#8142),
(#8143,#8144,#8145,#8146)),.UNSPECIFIED.,.F.,.F.,.F.,(4,1,4),(4,4),(0.,
0.571428571428571,1.),(-0.719864712286883,-0.672878652436571),
 .UNSPECIFIED.);
#38=B_SPLINE_CURVE_WITH_KNOTS('',2,(#6352,#6353,#6354),.UNSPECIFIED.,.F.,
 .F.,(3,3),(0.,0.872897473938215),.UNSPECIFIED.);
#39=B_SPLINE_CURVE_WITH_KNOTS('',3,(#6440,#6441,#6442,#6443,#6444,#6445),
 .UNSPECIFIED.,.F.,.F.,(4,2,4),(-0.0529025214550487,-0.0264452262808094,
-1.04235124701786E-5),.UNSPECIFIED.);
#40=B_SPLINE_CURVE_WITH_KNOTS('',3,(#6447,#6448,#6449,#6450,#6451,#6452),
 .UNSPECIFIED.,.F.,.F.,(4,2,4),(-0.000161327687376749,-8.26755616894182E-5,
-9.99818645745229E-7),.UNSPECIFIED.);
#41=B_SPLINE_CURVE_WITH_KNOTS('',3,(#6456,#6457,#6458,#6459,#6460,#6461),
 .UNSPECIFIED.,.F.,.F.,(4,2,4),(0.193518939291543,0.233403717962809,0.248865177515206),
 .UNSPECIFIED.);
#42=B_SPLINE_CURVE_WITH_KNOTS('',3,(#6516,#6517,#6518,#6519,#6520,#6521,
#6522,#6523,#6524,#6525,#6526,#6527,#6528,#6529,#6530,#6531,#6532,#6533,
#6534,#6535,#6536,#6537,#6538,#6539,#6540,#6541,#6542,#6543,#6544,#6545,
#6546),.UNSPECIFIED.,.F.,.F.,(4,3,3,3,3,3,3,3,3,3,4),(1.43059844656668,
1.519417795796,1.53043349351954,1.57701727920915,1.61823624741295,1.66280913614352,
1.70796298859766,1.74753439682044,1.81300532959241,1.82613157130046,1.85380922826334),
 .UNSPECIFIED.);
#43=B_SPLINE_CURVE_WITH_KNOTS('',3,(#6548,#6549,#6550,#6551),
 .UNSPECIFIED.,.F.,.F.,(4,4),(0.672878652436571,0.71986404986715),
 .UNSPECIFIED.);
#44=B_SPLINE_CURVE_WITH_KNOTS('',3,(#6553,#6554,#6555,#6556,#6557,#6558),
 .UNSPECIFIED.,.F.,.F.,(4,1,1,4),(0.361582613472612,0.569662340708878,0.647692238422477,
0.725722136136077),.UNSPECIFIED.);
#45=B_SPLINE_CURVE_WITH_KNOTS('',3,(#6590,#6591,#6592,#6593,#6594,#6595,
#6596,#6597,#6598,#6599,#6600),.UNSPECIFIED.,.F.,.F.,(4,1,1,1,1,1,1,1,4),
(0.82932017142268,0.888898626368439,0.899099620673594,0.909300614978748,
0.929702603589057,0.970506580809674,1.05211453525091,1.17452646691276,1.29687144215845),
 .UNSPECIFIED.);
#46=B_SPLINE_CURVE_WITH_KNOTS('',3,(#6618,#6619,#6620,#6621,#6622,#6623),
 .UNSPECIFIED.,.F.,.F.,(4,2,4),(-0.0901744502375508,-0.0450988246245135,
-1.78958011487222E-5),.UNSPECIFIED.);
#47=B_SPLINE_CURVE_WITH_KNOTS('',3,(#6625,#6626,#6627,#6628),
 .UNSPECIFIED.,.F.,.F.,(4,4),(-0.810709497714677,2.26051759081186E-15),
 .UNSPECIFIED.);
#48=B_SPLINE_CURVE_WITH_KNOTS('',3,(#6693,#6694,#6695,#6696,#6697,#6698,
#6699,#6700,#6701,#6702,#6703,#6704),.UNSPECIFIED.,.F.,.F.,(4,2,2,2,2,4),
(0.,0.0670264933880076,0.128177213470771,0.167880258949344,0.237732460219936,
0.313758129903488),.UNSPECIFIED.);
#49=B_SPLINE_CURVE_WITH_KNOTS('',3,(#6706,#6707,#6708,#6709,#6710,#6711,
#6712),.UNSPECIFIED.,.F.,.F.,(4,3,4),(0.,0.0506097249157735,0.1011902582518),
 .UNSPECIFIED.);
#50=B_SPLINE_CURVE_WITH_KNOTS('',3,(#6713,#6714,#6715,#6716,#6717,#6718),
 .UNSPECIFIED.,.F.,.F.,(4,1,1,4),(0.269549596380445,0.339536105967936,0.472662255883323,
0.672351480756403),.UNSPECIFIED.);
#51=B_SPLINE_CURVE_WITH_KNOTS('',2,(#6724,#6725,#6726),.UNSPECIFIED.,.F.,
 .F.,(3,3),(-7.34318733528622,-7.31390012967132),.UNSPECIFIED.);
#52=B_SPLINE_CURVE_WITH_KNOTS('',3,(#6728,#6729,#6730,#6731,#6732,#6733),
 .UNSPECIFIED.,.F.,.F.,(4,2,4),(0.,0.0504070092958912,0.100589090075899),
 .UNSPECIFIED.);
#53=B_SPLINE_CURVE_WITH_KNOTS('',2,(#6735,#6736,#6737),.UNSPECIFIED.,.F.,
 .F.,(3,3),(-10.7254708126576,-10.6961836070426),.UNSPECIFIED.);
#54=B_SPLINE_CURVE_WITH_KNOTS('',3,(#6746,#6747,#6748,#6749,#6750,#6751),
 .UNSPECIFIED.,.F.,.F.,(4,2,4),(-0.0974434182228965,-0.0485357021365798,
-2.51001457303866E-6),.UNSPECIFIED.);
#55=B_SPLINE_CURVE_WITH_KNOTS('',3,(#6777,#6778,#6779,#6780,#6781,#6782,
#6783,#6784,#6785,#6786,#6787,#6788),.UNSPECIFIED.,.F.,.F.,(4,2,2,2,2,4),
(-0.30978377380476,-0.265033255652559,-0.205465475775006,-0.161120018040988,
-0.0885060817187668,0.),.UNSPECIFIED.);
#56=B_SPLINE_CURVE_WITH_KNOTS('',3,(#6789,#6790,#6791,#6792,#6793,#6794,
#6795),.UNSPECIFIED.,.F.,.F.,(4,3,4),(0.,0.0157307319056851,0.0314532015491898),
 .UNSPECIFIED.);
#57=B_SPLINE_CURVE_WITH_KNOTS('',3,(#6796,#6797,#6798,#6799,#6800,#6801),
 .UNSPECIFIED.,.F.,.F.,(4,1,1,4),(0.338122084915647,0.373811340446784,0.526482071248546,
0.69234852712329),.UNSPECIFIED.);
#58=B_SPLINE_CURVE_WITH_KNOTS('',3,(#6821,#6822,#6823,#6824,#6825,#6826,
#6827,#6828,#6829,#6830,#6831,#6832,#6833,#6834,#6835,#6836,#6837,#6838,
#6839,#6840,#6841,#6842,#6843,#6844,#6845,#6846,#6847,#6848),
 .UNSPECIFIED.,.F.,.F.,(4,3,3,3,3,3,3,3,3,4),(-0.103862811798622,-0.0898667115818431,
-0.0838487564320632,-0.071686131114562,-0.0689406924174312,-0.0555852883676031,
-0.0439516045731357,-0.0272302219548633,-0.00279582573864715,0.),
 .UNSPECIFIED.);
#59=B_SPLINE_CURVE_WITH_KNOTS('',3,(#6849,#6850,#6851,#6852,#6853,#6854,
#6855),.UNSPECIFIED.,.F.,.F.,(4,3,4),(1.85659688122988E-9,0.0274480021895639,
0.0547674273547605),.UNSPECIFIED.);
#60=B_SPLINE_CURVE_WITH_KNOTS('',3,(#6905,#6906,#6907,#6908),
 .UNSPECIFIED.,.F.,.F.,(4,4),(-5.88207421414597,-5.87201686634037),
 .UNSPECIFIED.);
#61=B_SPLINE_CURVE_WITH_KNOTS('',3,(#6933,#6934,#6935,#6936,#6937,#6938),
 .UNSPECIFIED.,.F.,.F.,(4,2,4),(0.,0.0144467592612267,0.0288934186920828),
 .UNSPECIFIED.);
#62=B_SPLINE_CURVE_WITH_KNOTS('',3,(#6941,#6942,#6943,#6944,#6945),
 .UNSPECIFIED.,.F.,.F.,(4,1,4),(-2.28181746248643,-1.9928750585754,-1.70393265434654),
 .UNSPECIFIED.);
#63=B_SPLINE_CURVE_WITH_KNOTS('',3,(#6962,#6963,#6964,#6965),
 .UNSPECIFIED.,.F.,.F.,(4,4),(-1.70393265434654,-1.57079632679489),
 .UNSPECIFIED.);
#64=B_SPLINE_CURVE_WITH_KNOTS('',3,(#6987,#6988,#6989,#6990,#6991),
 .UNSPECIFIED.,.F.,.F.,(4,1,4),(-3.14159265358976,-2.77311757168833,-2.28181746248643),
 .UNSPECIFIED.);
#65=B_SPLINE_CURVE_WITH_KNOTS('',3,(#6992,#6993,#6994,#6995,#6996),
 .UNSPECIFIED.,.F.,.F.,(4,1,4),(2.28181746248643,2.77311757168833,3.14159265358976),
 .UNSPECIFIED.);
#66=B_SPLINE_CURVE_WITH_KNOTS('',3,(#7005,#7006,#7007,#7008,#7009,#7010,
#7011,#7012,#7013,#7014,#7015,#7016,#7017,#7018,#7019,#7020,#7021,#7022),
 .UNSPECIFIED.,.F.,.F.,(4,2,2,2,2,2,2,2,4),(-0.859284143974258,-0.852248866216658,
-0.823706221065245,-0.71970347125719,-0.615700721449135,-0.51169797164108,
-0.407695221833025,-0.379152576681612,-0.372117298924012),.UNSPECIFIED.);
#67=B_SPLINE_CURVE_WITH_KNOTS('',3,(#7025,#7026,#7027,#7028,#7029,#7030,
#7031,#7032,#7033,#7034,#7035,#7036,#7037,#7038),.UNSPECIFIED.,.F.,.F.,
(4,2,2,2,2,2,4),(-0.799895264770923,-0.71970347125719,-0.615700721449135,
-0.51169797164108,-0.407695221833025,-0.379152576681612,-0.37211729892401),
 .UNSPECIFIED.);
#68=B_SPLINE_CURVE_WITH_KNOTS('',3,(#7140,#7141,#7142,#7143,#7144,#7145,
#7146,#7147,#7148,#7149,#7150,#7151,#7152,#7153),.UNSPECIFIED.,.F.,.F.,
(4,2,2,2,2,2,4),(0.,0.00951152795611911,0.0611120138956658,0.0815325610216714,
0.100410201510275,0.111939370793673,0.12097678488928),.UNSPECIFIED.);
#69=B_SPLINE_CURVE_WITH_KNOTS('',3,(#7154,#7155,#7156,#7157),
 .UNSPECIFIED.,.F.,.F.,(4,4),(-0.615920762802131,5.5949168908942E-14),
 .UNSPECIFIED.);
#70=B_SPLINE_CURVE_WITH_KNOTS('',3,(#7170,#7171,#7172,#7173,#7174,#7175),
 .UNSPECIFIED.,.F.,.F.,(4,2,4),(-0.116905867369349,-0.109911212947661,-0.0893148487221756),
 .UNSPECIFIED.);
#71=B_SPLINE_CURVE_WITH_KNOTS('',3,(#7176,#7177,#7178,#7179,#7180,#7181,
#7182,#7183,#7184,#7185,#7186,#7187),.UNSPECIFIED.,.F.,.F.,(4,2,2,2,2,4),
(-0.000390170232473114,0.,0.0340133616837062,0.0672187109192394,0.101317895556083,
0.134729278185788),.UNSPECIFIED.);
#72=B_SPLINE_CURVE_WITH_KNOTS('',3,(#7939,#7940,#7941,#7942,#7943,#7944,
#7945),.UNSPECIFIED.,.F.,.F.,(4,1,1,1,4),(-1.25379785486799,-1.17452646691276,
-1.05211453525091,-0.970506580809674,-0.932876935549698),.UNSPECIFIED.);
#73=B_SPLINE_CURVE_WITH_KNOTS('',3,(#7947,#7948,#7949,#7950,#7951,#7952,
#7953,#7954,#7955,#7956,#7957,#7958,#7959,#7960,#7961,#7962,#7963,#7964,
#7965,#7966),.UNSPECIFIED.,.F.,.F.,(4,2,2,2,2,2,2,2,2,4),(-0.261999022663064,
-0.215372468770713,-0.174473399270518,-0.154433209928002,-0.142524531932561,
-0.132027667900867,-0.119003337775913,-0.0934158604894721,-0.0325043687488998,
-2.04990191488008E-10),.UNSPECIFIED.);
#74=B_SPLINE_CURVE_WITH_KNOTS('',3,(#7967,#7968,#7969,#7970,#7971,#7972,
#7973,#7974,#7975,#7976,#7977,#7978,#7979,#7980,#7981,#7982,#7983,#7984,
#7985,#7986,#7987,#7988,#7989,#7990,#7991,#7992,#7993,#7994,#7995,#7996,
#7997,#7998,#7999,#8000,#8001,#8002,#8003,#8004,#8005,#8006,#8007,#8008,
#8009,#8010,#8011,#8012,#8013,#8014,#8015,#8016,#8017,#8018,#8019,#8020,
#8021,#8022,#8023,#8024,#8025,#8026,#8027,#8028,#8029,#8030,#8031,#8032,
#8033,#8034,#8035,#8036,#8037,#8038,#8039,#8040,#8041,#8042,#8043,#8044,
#8045,#8046,#8047,#8048,#8049,#8050,#8051),.UNSPECIFIED.,.F.,.F.,(4,3,3,
3,3,3,3,3,3,3,3,3,3,3,3,3,3,3,3,3,3,3,3,3,3,3,3,3,4),(-0.121550383497208,
-0.12071257284821,-0.119633061110043,-0.116840434284632,-0.107318812115343,
-0.106449633138313,-0.0981487593327623,-0.0903873157725625,-0.0834129848453317,
-0.0828819362062985,-0.0761124450737971,-0.0756262709055082,-0.07140471304288,
-0.0645385651414843,-0.0567147675433813,-0.0551675129273238,-0.0488578267324769,
-0.0468784798135927,-0.0412441901841989,-0.0354695231834632,-0.0325820641067668,
-0.0273842149657639,-0.0217321408542956,-0.0189612869675391,-0.0122372722491711,
-0.00658977085917066,-0.00551215028294706,-0.00471052201826475,-5.27845483777477E-7),
 .UNSPECIFIED.);
#75=B_SPLINE_CURVE_WITH_KNOTS('',3,(#8052,#8053,#8054,#8055),
 .UNSPECIFIED.,.F.,.F.,(4,4),(-1.25956918339368,-1.25379785486799),
 .UNSPECIFIED.);
#76=B_SPLINE_CURVE_WITH_KNOTS('',3,(#8064,#8065,#8066,#8067,#8068,#8069),
 .UNSPECIFIED.,.F.,.F.,(4,2,4),(0.52140863516426,0.541984156990941,0.548978811412627),
 .UNSPECIFIED.);
#77=B_SPLINE_CURVE_WITH_KNOTS('',3,(#8071,#8072,#8073,#8074),
 .UNSPECIFIED.,.F.,.F.,(4,4),(0.398968917287211,0.404743957783616),
 .UNSPECIFIED.);
#78=B_SPLINE_CURVE_WITH_KNOTS('',3,(#8075,#8076,#8077,#8078,#8079,#8080),
 .UNSPECIFIED.,.F.,.F.,(4,1,1,4),(-0.725722136136077,-0.647692238422477,
-0.569662340708878,-0.40474522100466),.UNSPECIFIED.);
#79=B_SPLINE_CURVE_WITH_KNOTS('',3,(#8084,#8085,#8086,#8087,#8088,#8089,
#8090,#8091,#8092,#8093,#8094,#8095),.UNSPECIFIED.,.F.,.F.,(4,2,2,2,2,4),
(-0.134626301698203,-0.134130344919214,-0.100351569299897,-0.0673206837743127,
-0.0333524636287593,0.),.UNSPECIFIED.);
#80=ELLIPSE('',#4513,1.41421356237309,1.);
#81=ELLIPSE('',#4514,1.41421356237309,1.);
#82=ELLIPSE('',#4515,1.08239220029239,1.);
#83=ELLIPSE('',#4517,1.1033779189625,1.);
#84=ELLIPSE('',#4520,0.707106781186548,0.5);
#85=ELLIPSE('',#4530,1.41421356332593,1.);
#86=ELLIPSE('',#4541,4.37697333044347,2.2);
#87=ELLIPSE('',#4542,4.95559234959994,3.2);
#88=ELLIPSE('',#4550,2.20012573525296,1.);
#89=ELLIPSE('',#4552,0.777861913430207,0.5);
#90=ELLIPSE('',#4553,0.983857810060153,0.632411609999999);
#91=ELLIPSE('',#4556,1.56602705950129,1.2286900337854);
#92=ELLIPSE('',#4560,1.41421356332593,1.);
#93=ELLIPSE('',#4561,1.10337791896249,1.);
#94=ELLIPSE('',#4563,1.55572382686041,1.);
#95=ELLIPSE('',#4589,0.433208441926545,0.375062135566189);
#96=ELLIPSE('',#4594,1.4142135623731,1.);
#97=ELLIPSE('',#4601,1.4142135623731,1.);
#98=ELLIPSE('',#4602,1.10064877286768,1.);
#99=ELLIPSE('',#4618,12.0025205314028,1.);
#100=ELLIPSE('',#4619,1.54862260924998,1.);
#101=ELLIPSE('',#4643,0.707106781186547,0.5);
#102=ELLIPSE('',#4725,2.8284271247462,2.);
#103=ELLIPSE('',#4726,2.82842712474619,2.);
#104=ELLIPSE('',#4732,0.707106781186549,0.5);
#105=ELLIPSE('',#4755,1.73006223555174,1.);
#106=ELLIPSE('',#4756,1.41421356237309,1.);
#107=ELLIPSE('',#4760,2.44667747726679,1.);
#108=ELLIPSE('',#4768,0.707106781186549,0.5);
#109=ELLIPSE('',#4822,1.4142135623731,1.);
#110=ELLIPSE('',#4850,1.00673771264713,1.);
#111=ELLIPSE('',#4852,1.0823922002924,1.);
#112=ELLIPSE('',#4912,0.541196100150432,0.5);
#113=ELLIPSE('',#4914,0.541196100150432,0.5);
#114=FACE_BOUND('',#570,.T.);
#115=FACE_BOUND('',#571,.T.);
#116=FACE_BOUND('',#572,.T.);
#117=FACE_BOUND('',#573,.T.);
#118=FACE_BOUND('',#576,.T.);
#119=FACE_BOUND('',#742,.T.);
#120=FACE_BOUND('',#743,.T.);
#121=FACE_BOUND('',#744,.T.);
#122=PLANE('',#4486);
#123=PLANE('',#4509);
#124=PLANE('',#4518);
#125=PLANE('',#4519);
#126=PLANE('',#4521);
#127=PLANE('',#4531);
#128=PLANE('',#4535);
#129=PLANE('',#4551);
#130=PLANE('',#4555);
#131=PLANE('',#4564);
#132=PLANE('',#4565);
#133=PLANE('',#4566);
#134=PLANE('',#4567);
#135=PLANE('',#4568);
#136=PLANE('',#4569);
#137=PLANE('',#4570);
#138=PLANE('',#4571);
#139=PLANE('',#4572);
#140=PLANE('',#4573);
#141=PLANE('',#4577);
#142=PLANE('',#4581);
#143=PLANE('',#4585);
#144=PLANE('',#4592);
#145=PLANE('',#4596);
#146=PLANE('',#4599);
#147=PLANE('',#4603);
#148=PLANE('',#4607);
#149=PLANE('',#4608);
#150=PLANE('',#4611);
#151=PLANE('',#4614);
#152=PLANE('',#4615);
#153=PLANE('',#4620);
#154=PLANE('',#4624);
#155=PLANE('',#4625);
#156=PLANE('',#4626);
#157=PLANE('',#4630);
#158=PLANE('',#4635);
#159=PLANE('',#4638);
#160=PLANE('',#4641);
#161=PLANE('',#4644);
#162=PLANE('',#4647);
#163=PLANE('',#4653);
#164=PLANE('',#4656);
#165=PLANE('',#4659);
#166=PLANE('',#4662);
#167=PLANE('',#4667);
#168=PLANE('',#4670);
#169=PLANE('',#4673);
#170=PLANE('',#4676);
#171=PLANE('',#4679);
#172=PLANE('',#4682);
#173=PLANE('',#4683);
#174=PLANE('',#4686);
#175=PLANE('',#4691);
#176=PLANE('',#4693);
#177=PLANE('',#4696);
#178=PLANE('',#4699);
#179=PLANE('',#4702);
#180=PLANE('',#4707);
#181=PLANE('',#4709);
#182=PLANE('',#4712);
#183=PLANE('',#4715);
#184=PLANE('',#4718);
#185=PLANE('',#4723);
#186=PLANE('',#4728);
#187=PLANE('',#4730);
#188=PLANE('',#4731);
#189=PLANE('',#4734);
#190=PLANE('',#4735);
#191=PLANE('',#4736);
#192=PLANE('',#4738);
#193=PLANE('',#4742);
#194=PLANE('',#4746);
#195=PLANE('',#4750);
#196=PLANE('',#4751);
#197=PLANE('',#4757);
#198=PLANE('',#4759);
#199=PLANE('',#4763);
#200=PLANE('',#4764);
#201=PLANE('',#4767);
#202=PLANE('',#4771);
#203=PLANE('',#4774);
#204=PLANE('',#4777);
#205=PLANE('',#4780);
#206=PLANE('',#4797);
#207=PLANE('',#4799);
#208=PLANE('',#4802);
#209=PLANE('',#4805);
#210=PLANE('',#4806);
#211=PLANE('',#4810);
#212=PLANE('',#4812);
#213=PLANE('',#4814);
#214=PLANE('',#4817);
#215=PLANE('',#4819);
#216=PLANE('',#4821);
#217=PLANE('',#4826);
#218=PLANE('',#4829);
#219=PLANE('',#4832);
#220=PLANE('',#4835);
#221=PLANE('',#4841);
#222=PLANE('',#4854);
#223=PLANE('',#4857);
#224=PLANE('',#4860);
#225=PLANE('',#4862);
#226=PLANE('',#4872);
#227=PLANE('',#4874);
#228=PLANE('',#4876);
#229=PLANE('',#4877);
#230=PLANE('',#4879);
#231=PLANE('',#4885);
#232=PLANE('',#4888);
#233=PLANE('',#4891);
#234=PLANE('',#4892);
#235=PLANE('',#4893);
#236=PLANE('',#4898);
#237=PLANE('',#4900);
#238=PLANE('',#4905);
#239=PLANE('',#4906);
#240=PLANE('',#4907);
#241=PLANE('',#4908);
#242=PLANE('',#4909);
#243=PLANE('',#4917);
#244=PLANE('',#4918);
#245=PLANE('',#4923);
#246=PLANE('',#4924);
#247=PLANE('',#4925);
#248=CYLINDRICAL_SURFACE('',#4484,2.75);
#249=CYLINDRICAL_SURFACE('',#4512,1.);
#250=CYLINDRICAL_SURFACE('',#4516,1.);
#251=CYLINDRICAL_SURFACE('',#4527,1.);
#252=CYLINDRICAL_SURFACE('',#4538,1.);
#253=CYLINDRICAL_SURFACE('',#4543,1.);
#254=CYLINDRICAL_SURFACE('',#4549,1.);
#255=CYLINDRICAL_SURFACE('',#4554,2.5);
#256=CYLINDRICAL_SURFACE('',#4559,1.);
#257=CYLINDRICAL_SURFACE('',#4562,1.);
#258=CYLINDRICAL_SURFACE('',#4590,1.);
#259=CYLINDRICAL_SURFACE('',#4593,1.);
#260=CYLINDRICAL_SURFACE('',#4597,1.);
#261=CYLINDRICAL_SURFACE('',#4600,1.);
#262=CYLINDRICAL_SURFACE('',#4616,2.2);
#263=CYLINDRICAL_SURFACE('',#4617,1.);
#264=CYLINDRICAL_SURFACE('',#4636,0.5);
#265=CYLINDRICAL_SURFACE('',#4639,0.5);
#266=CYLINDRICAL_SURFACE('',#4642,0.5);
#267=CYLINDRICAL_SURFACE('',#4645,2.);
#268=CYLINDRICAL_SURFACE('',#4651,3.5);
#269=CYLINDRICAL_SURFACE('',#4665,1.);
#270=CYLINDRICAL_SURFACE('',#4668,1.);
#271=CYLINDRICAL_SURFACE('',#4684,1.);
#272=CYLINDRICAL_SURFACE('',#4687,1.);
#273=CYLINDRICAL_SURFACE('',#4719,1.);
#274=CYLINDRICAL_SURFACE('',#4721,1.);
#275=CYLINDRICAL_SURFACE('',#4724,2.);
#276=CYLINDRICAL_SURFACE('',#4727,2.);
#277=CYLINDRICAL_SURFACE('',#4729,2.);
#278=CYLINDRICAL_SURFACE('',#4733,0.5);
#279=CYLINDRICAL_SURFACE('',#4737,0.632411609999999);
#280=CYLINDRICAL_SURFACE('',#4772,1.);
#281=CYLINDRICAL_SURFACE('',#4775,0.5);
#282=CYLINDRICAL_SURFACE('',#4807,1.);
#283=CYLINDRICAL_SURFACE('',#4818,1.);
#284=CYLINDRICAL_SURFACE('',#4820,1.);
#285=CYLINDRICAL_SURFACE('',#4836,1.);
#286=CYLINDRICAL_SURFACE('',#4849,1.);
#287=CYLINDRICAL_SURFACE('',#4851,1.);
#288=CYLINDRICAL_SURFACE('',#4853,1.);
#289=CYLINDRICAL_SURFACE('',#4855,1.);
#290=CYLINDRICAL_SURFACE('',#4858,1.);
#291=CYLINDRICAL_SURFACE('',#4863,1.);
#292=CYLINDRICAL_SURFACE('',#4864,1.);
#293=CYLINDRICAL_SURFACE('',#4869,1.);
#294=CYLINDRICAL_SURFACE('',#4870,1.);
#295=CYLINDRICAL_SURFACE('',#4871,1.);
#296=CYLINDRICAL_SURFACE('',#4873,1.);
#297=CYLINDRICAL_SURFACE('',#4875,1.);
#298=CYLINDRICAL_SURFACE('',#4878,1.);
#299=CYLINDRICAL_SURFACE('',#4886,1.);
#300=CYLINDRICAL_SURFACE('',#4889,2.58);
#301=CYLINDRICAL_SURFACE('',#4910,0.5);
#302=CYLINDRICAL_SURFACE('',#4911,0.5);
#303=CYLINDRICAL_SURFACE('',#4913,0.5);
#304=CYLINDRICAL_SURFACE('',#4915,0.5);
#305=CYLINDRICAL_SURFACE('',#4916,0.5);
#306=FACE_OUTER_BOUND('',#567,.T.);
#307=FACE_OUTER_BOUND('',#568,.T.);
#308=FACE_OUTER_BOUND('',#569,.T.);
#309=FACE_OUTER_BOUND('',#574,.T.);
#310=FACE_OUTER_BOUND('',#575,.T.);
#311=FACE_OUTER_BOUND('',#577,.T.);
#312=FACE_OUTER_BOUND('',#578,.T.);
#313=FACE_OUTER_BOUND('',#579,.T.);
#314=FACE_OUTER_BOUND('',#580,.T.);
#315=FACE_OUTER_BOUND('',#581,.T.);
#316=FACE_OUTER_BOUND('',#582,.T.);
#317=FACE_OUTER_BOUND('',#583,.T.);
#318=FACE_OUTER_BOUND('',#584,.T.);
#319=FACE_OUTER_BOUND('',#585,.T.);
#320=FACE_OUTER_BOUND('',#586,.T.);
#321=FACE_OUTER_BOUND('',#587,.T.);
#322=FACE_OUTER_BOUND('',#588,.T.);
#323=FACE_OUTER_BOUND('',#589,.T.);
#324=FACE_OUTER_BOUND('',#590,.T.);
#325=FACE_OUTER_BOUND('',#591,.T.);
#326=FACE_OUTER_BOUND('',#592,.T.);
#327=FACE_OUTER_BOUND('',#593,.T.);
#328=FACE_OUTER_BOUND('',#594,.T.);
#329=FACE_OUTER_BOUND('',#595,.T.);
#330=FACE_OUTER_BOUND('',#596,.T.);
#331=FACE_OUTER_BOUND('',#597,.T.);
#332=FACE_OUTER_BOUND('',#598,.T.);
#333=FACE_OUTER_BOUND('',#599,.T.);
#334=FACE_OUTER_BOUND('',#600,.T.);
#335=FACE_OUTER_BOUND('',#601,.T.);
#336=FACE_OUTER_BOUND('',#602,.T.);
#337=FACE_OUTER_BOUND('',#603,.T.);
#338=FACE_OUTER_BOUND('',#604,.T.);
#339=FACE_OUTER_BOUND('',#605,.T.);
#340=FACE_OUTER_BOUND('',#606,.T.);
#341=FACE_OUTER_BOUND('',#607,.T.);
#342=FACE_OUTER_BOUND('',#608,.T.);
#343=FACE_OUTER_BOUND('',#609,.T.);
#344=FACE_OUTER_BOUND('',#610,.T.);
#345=FACE_OUTER_BOUND('',#611,.T.);
#346=FACE_OUTER_BOUND('',#612,.T.);
#347=FACE_OUTER_BOUND('',#613,.T.);
#348=FACE_OUTER_BOUND('',#614,.T.);
#349=FACE_OUTER_BOUND('',#615,.T.);
#350=FACE_OUTER_BOUND('',#616,.T.);
#351=FACE_OUTER_BOUND('',#617,.T.);
#352=FACE_OUTER_BOUND('',#618,.T.);
#353=FACE_OUTER_BOUND('',#619,.T.);
#354=FACE_OUTER_BOUND('',#620,.T.);
#355=FACE_OUTER_BOUND('',#621,.T.);
#356=FACE_OUTER_BOUND('',#622,.T.);
#357=FACE_OUTER_BOUND('',#623,.T.);
#358=FACE_OUTER_BOUND('',#624,.T.);
#359=FACE_OUTER_BOUND('',#625,.T.);
#360=FACE_OUTER_BOUND('',#626,.T.);
#361=FACE_OUTER_BOUND('',#627,.T.);
#362=FACE_OUTER_BOUND('',#628,.T.);
#363=FACE_OUTER_BOUND('',#629,.T.);
#364=FACE_OUTER_BOUND('',#630,.T.);
#365=FACE_OUTER_BOUND('',#631,.T.);
#366=FACE_OUTER_BOUND('',#632,.T.);
#367=FACE_OUTER_BOUND('',#633,.T.);
#368=FACE_OUTER_BOUND('',#634,.T.);
#369=FACE_OUTER_BOUND('',#635,.T.);
#370=FACE_OUTER_BOUND('',#636,.T.);
#371=FACE_OUTER_BOUND('',#637,.T.);
#372=FACE_OUTER_BOUND('',#638,.T.);
#373=FACE_OUTER_BOUND('',#639,.T.);
#374=FACE_OUTER_BOUND('',#640,.T.);
#375=FACE_OUTER_BOUND('',#641,.T.);
#376=FACE_OUTER_BOUND('',#642,.T.);
#377=FACE_OUTER_BOUND('',#643,.T.);
#378=FACE_OUTER_BOUND('',#644,.T.);
#379=FACE_OUTER_BOUND('',#645,.T.);
#380=FACE_OUTER_BOUND('',#646,.T.);
#381=FACE_OUTER_BOUND('',#647,.T.);
#382=FACE_OUTER_BOUND('',#648,.T.);
#383=FACE_OUTER_BOUND('',#649,.T.);
#384=FACE_OUTER_BOUND('',#650,.T.);
#385=FACE_OUTER_BOUND('',#651,.T.);
#386=FACE_OUTER_BOUND('',#652,.T.);
#387=FACE_OUTER_BOUND('',#653,.T.);
#388=FACE_OUTER_BOUND('',#654,.T.);
#389=FACE_OUTER_BOUND('',#655,.T.);
#390=FACE_OUTER_BOUND('',#656,.T.);
#391=FACE_OUTER_BOUND('',#657,.T.);
#392=FACE_OUTER_BOUND('',#658,.T.);
#393=FACE_OUTER_BOUND('',#659,.T.);
#394=FACE_OUTER_BOUND('',#660,.T.);
#395=FACE_OUTER_BOUND('',#661,.T.);
#396=FACE_OUTER_BOUND('',#662,.T.);
#397=FACE_OUTER_BOUND('',#663,.T.);
#398=FACE_OUTER_BOUND('',#664,.T.);
#399=FACE_OUTER_BOUND('',#665,.T.);
#400=FACE_OUTER_BOUND('',#666,.T.);
#401=FACE_OUTER_BOUND('',#667,.T.);
#402=FACE_OUTER_BOUND('',#668,.T.);
#403=FACE_OUTER_BOUND('',#669,.T.);
#404=FACE_OUTER_BOUND('',#670,.T.);
#405=FACE_OUTER_BOUND('',#671,.T.);
#406=FACE_OUTER_BOUND('',#672,.T.);
#407=FACE_OUTER_BOUND('',#673,.T.);
#408=FACE_OUTER_BOUND('',#674,.T.);
#409=FACE_OUTER_BOUND('',#675,.T.);
#410=FACE_OUTER_BOUND('',#676,.T.);
#411=FACE_OUTER_BOUND('',#677,.T.);
#412=FACE_OUTER_BOUND('',#678,.T.);
#413=FACE_OUTER_BOUND('',#679,.T.);
#414=FACE_OUTER_BOUND('',#680,.T.);
#415=FACE_OUTER_BOUND('',#681,.T.);
#416=FACE_OUTER_BOUND('',#682,.T.);
#417=FACE_OUTER_BOUND('',#683,.T.);
#418=FACE_OUTER_BOUND('',#684,.T.);
#419=FACE_OUTER_BOUND('',#685,.T.);
#420=FACE_OUTER_BOUND('',#686,.T.);
#421=FACE_OUTER_BOUND('',#687,.T.);
#422=FACE_OUTER_BOUND('',#688,.T.);
#423=FACE_OUTER_BOUND('',#689,.T.);
#424=FACE_OUTER_BOUND('',#690,.T.);
#425=FACE_OUTER_BOUND('',#691,.T.);
#426=FACE_OUTER_BOUND('',#692,.T.);
#427=FACE_OUTER_BOUND('',#693,.T.);
#428=FACE_OUTER_BOUND('',#694,.T.);
#429=FACE_OUTER_BOUND('',#695,.T.);
#430=FACE_OUTER_BOUND('',#696,.T.);
#431=FACE_OUTER_BOUND('',#697,.T.);
#432=FACE_OUTER_BOUND('',#698,.T.);
#433=FACE_OUTER_BOUND('',#699,.T.);
#434=FACE_OUTER_BOUND('',#700,.T.);
#435=FACE_OUTER_BOUND('',#701,.T.);
#436=FACE_OUTER_BOUND('',#702,.T.);
#437=FACE_OUTER_BOUND('',#703,.T.);
#438=FACE_OUTER_BOUND('',#704,.T.);
#439=FACE_OUTER_BOUND('',#705,.T.);
#440=FACE_OUTER_BOUND('',#706,.T.);
#441=FACE_OUTER_BOUND('',#707,.T.);
#442=FACE_OUTER_BOUND('',#708,.T.);
#443=FACE_OUTER_BOUND('',#709,.T.);
#444=FACE_OUTER_BOUND('',#710,.T.);
#445=FACE_OUTER_BOUND('',#711,.T.);
#446=FACE_OUTER_BOUND('',#712,.T.);
#447=FACE_OUTER_BOUND('',#713,.T.);
#448=FACE_OUTER_BOUND('',#714,.T.);
#449=FACE_OUTER_BOUND('',#715,.T.);
#450=FACE_OUTER_BOUND('',#716,.T.);
#451=FACE_OUTER_BOUND('',#717,.T.);
#452=FACE_OUTER_BOUND('',#718,.T.);
#453=FACE_OUTER_BOUND('',#719,.T.);
#454=FACE_OUTER_BOUND('',#720,.T.);
#455=FACE_OUTER_BOUND('',#721,.T.);
#456=FACE_OUTER_BOUND('',#722,.T.);
#457=FACE_OUTER_BOUND('',#723,.T.);
#458=FACE_OUTER_BOUND('',#724,.T.);
#459=FACE_OUTER_BOUND('',#725,.T.);
#460=FACE_OUTER_BOUND('',#726,.T.);
#461=FACE_OUTER_BOUND('',#727,.T.);
#462=FACE_OUTER_BOUND('',#728,.T.);
#463=FACE_OUTER_BOUND('',#729,.T.);
#464=FACE_OUTER_BOUND('',#730,.T.);
#465=FACE_OUTER_BOUND('',#731,.T.);
#466=FACE_OUTER_BOUND('',#732,.T.);
#467=FACE_OUTER_BOUND('',#733,.T.);
#468=FACE_OUTER_BOUND('',#734,.T.);
#469=FACE_OUTER_BOUND('',#735,.T.);
#470=FACE_OUTER_BOUND('',#736,.T.);
#471=FACE_OUTER_BOUND('',#737,.T.);
#472=FACE_OUTER_BOUND('',#738,.T.);
#473=FACE_OUTER_BOUND('',#739,.T.);
#474=FACE_OUTER_BOUND('',#740,.T.);
#475=FACE_OUTER_BOUND('',#741,.T.);
#476=FACE_OUTER_BOUND('',#745,.T.);
#477=FACE_OUTER_BOUND('',#746,.T.);
#478=FACE_OUTER_BOUND('',#747,.T.);
#479=FACE_OUTER_BOUND('',#748,.T.);
#480=FACE_OUTER_BOUND('',#749,.T.);
#481=FACE_OUTER_BOUND('',#750,.T.);
#482=FACE_OUTER_BOUND('',#751,.T.);
#483=FACE_OUTER_BOUND('',#752,.T.);
#484=FACE_OUTER_BOUND('',#753,.T.);
#485=FACE_OUTER_BOUND('',#754,.T.);
#486=FACE_OUTER_BOUND('',#755,.T.);
#487=FACE_OUTER_BOUND('',#756,.T.);
#488=FACE_OUTER_BOUND('',#757,.T.);
#489=FACE_OUTER_BOUND('',#758,.T.);
#490=FACE_OUTER_BOUND('',#759,.T.);
#491=FACE_OUTER_BOUND('',#760,.T.);
#492=FACE_OUTER_BOUND('',#761,.T.);
#493=FACE_OUTER_BOUND('',#762,.T.);
#494=FACE_OUTER_BOUND('',#763,.T.);
#495=FACE_OUTER_BOUND('',#764,.T.);
#496=FACE_OUTER_BOUND('',#765,.T.);
#497=FACE_OUTER_BOUND('',#766,.T.);
#498=FACE_OUTER_BOUND('',#767,.T.);
#499=FACE_OUTER_BOUND('',#768,.T.);
#500=FACE_OUTER_BOUND('',#769,.T.);
#501=FACE_OUTER_BOUND('',#770,.T.);
#502=FACE_OUTER_BOUND('',#771,.T.);
#503=FACE_OUTER_BOUND('',#772,.T.);
#504=FACE_OUTER_BOUND('',#773,.T.);
#505=FACE_OUTER_BOUND('',#774,.T.);
#506=FACE_OUTER_BOUND('',#775,.T.);
#507=FACE_OUTER_BOUND('',#776,.T.);
#508=FACE_OUTER_BOUND('',#777,.T.);
#509=FACE_OUTER_BOUND('',#778,.T.);
#510=FACE_OUTER_BOUND('',#779,.T.);
#511=FACE_OUTER_BOUND('',#780,.T.);
#512=FACE_OUTER_BOUND('',#781,.T.);
#513=FACE_OUTER_BOUND('',#782,.T.);
#514=FACE_OUTER_BOUND('',#783,.T.);
#515=FACE_OUTER_BOUND('',#784,.T.);
#516=FACE_OUTER_BOUND('',#785,.T.);
#517=FACE_OUTER_BOUND('',#786,.T.);
#518=FACE_OUTER_BOUND('',#787,.T.);
#519=FACE_OUTER_BOUND('',#788,.T.);
#520=FACE_OUTER_BOUND('',#789,.T.);
#521=FACE_OUTER_BOUND('',#790,.T.);
#522=FACE_OUTER_BOUND('',#791,.T.);
#523=FACE_OUTER_BOUND('',#792,.T.);
#524=FACE_OUTER_BOUND('',#793,.T.);
#525=FACE_OUTER_BOUND('',#794,.T.);
#526=FACE_OUTER_BOUND('',#795,.T.);
#527=FACE_OUTER_BOUND('',#796,.T.);
#528=FACE_OUTER_BOUND('',#797,.T.);
#529=FACE_OUTER_BOUND('',#798,.T.);
#530=FACE_OUTER_BOUND('',#799,.T.);
#531=FACE_OUTER_BOUND('',#800,.T.);
#532=FACE_OUTER_BOUND('',#801,.T.);
#533=FACE_OUTER_BOUND('',#802,.T.);
#534=FACE_OUTER_BOUND('',#803,.T.);
#535=FACE_OUTER_BOUND('',#804,.T.);
#536=FACE_OUTER_BOUND('',#805,.T.);
#537=FACE_OUTER_BOUND('',#806,.T.);
#538=FACE_OUTER_BOUND('',#807,.T.);
#539=FACE_OUTER_BOUND('',#808,.T.);
#540=FACE_OUTER_BOUND('',#809,.T.);
#541=FACE_OUTER_BOUND('',#810,.T.);
#542=FACE_OUTER_BOUND('',#811,.T.);
#543=FACE_OUTER_BOUND('',#812,.T.);
#544=FACE_OUTER_BOUND('',#813,.T.);
#545=FACE_OUTER_BOUND('',#814,.T.);
#546=FACE_OUTER_BOUND('',#815,.T.);
#547=FACE_OUTER_BOUND('',#816,.T.);
#548=FACE_OUTER_BOUND('',#817,.T.);
#549=FACE_OUTER_BOUND('',#818,.T.);
#550=FACE_OUTER_BOUND('',#819,.T.);
#551=FACE_OUTER_BOUND('',#820,.T.);
#552=FACE_OUTER_BOUND('',#821,.T.);
#553=FACE_OUTER_BOUND('',#822,.T.);
#554=FACE_OUTER_BOUND('',#823,.T.);
#555=FACE_OUTER_BOUND('',#824,.T.);
#556=FACE_OUTER_BOUND('',#825,.T.);
#557=FACE_OUTER_BOUND('',#826,.T.);
#558=FACE_OUTER_BOUND('',#827,.T.);
#559=FACE_OUTER_BOUND('',#828,.T.);
#560=FACE_OUTER_BOUND('',#829,.T.);
#561=FACE_OUTER_BOUND('',#830,.T.);
#562=FACE_OUTER_BOUND('',#831,.T.);
#563=FACE_OUTER_BOUND('',#832,.T.);
#564=FACE_OUTER_BOUND('',#833,.T.);
#565=FACE_OUTER_BOUND('',#834,.T.);
#566=FACE_OUTER_BOUND('',#835,.T.);
#567=EDGE_LOOP('',(#2840,#2841,#2842,#2843));
#568=EDGE_LOOP('',(#2844,#2845,#2846,#2847));
#569=EDGE_LOOP('',(#2848,#2849,#2850,#2851,#2852,#2853,#2854,#2855,#2856,
#2857,#2858,#2859,#2860,#2861,#2862,#2863,#2864,#2865,#2866,#2867,#2868));
#570=EDGE_LOOP('',(#2869));
#571=EDGE_LOOP('',(#2870,#2871,#2872,#2873,#2874,#2875,#2876,#2877));
#572=EDGE_LOOP('',(#2878,#2879,#2880,#2881,#2882,#2883,#2884,#2885));
#573=EDGE_LOOP('',(#2886));
#574=EDGE_LOOP('',(#2887,#2888,#2889,#2890));
#575=EDGE_LOOP('',(#2891,#2892,#2893,#2894,#2895,#2896));
#576=EDGE_LOOP('',(#2897));
#577=EDGE_LOOP('',(#2898,#2899,#2900,#2901,#2902));
#578=EDGE_LOOP('',(#2903,#2904,#2905,#2906));
#579=EDGE_LOOP('',(#2907,#2908,#2909,#2910));
#580=EDGE_LOOP('',(#2911,#2912,#2913,#2914,#2915,#2916,#2917,#2918,#2919));
#581=EDGE_LOOP('',(#2920,#2921,#2922,#2923,#2924,#2925,#2926,#2927,#2928,
#2929,#2930,#2931));
#582=EDGE_LOOP('',(#2932,#2933,#2934,#2935,#2936));
#583=EDGE_LOOP('',(#2937,#2938,#2939,#2940,#2941,#2942,#2943,#2944,#2945,
#2946,#2947,#2948,#2949,#2950,#2951,#2952,#2953,#2954,#2955,#2956));
#584=EDGE_LOOP('',(#2957,#2958,#2959,#2960,#2961,#2962,#2963,#2964));
#585=EDGE_LOOP('',(#2965,#2966,#2967,#2968,#2969,#2970));
#586=EDGE_LOOP('',(#2971,#2972,#2973,#2974));
#587=EDGE_LOOP('',(#2975,#2976,#2977,#2978));
#588=EDGE_LOOP('',(#2979,#2980,#2981,#2982));
#589=EDGE_LOOP('',(#2983,#2984,#2985,#2986));
#590=EDGE_LOOP('',(#2987,#2988,#2989,#2990,#2991,#2992,#2993,#2994,#2995,
#2996,#2997,#2998,#2999,#3000,#3001,#3002,#3003));
#591=EDGE_LOOP('',(#3004,#3005,#3006,#3007));
#592=EDGE_LOOP('',(#3008,#3009,#3010,#3011,#3012,#3013,#3014,#3015));
#593=EDGE_LOOP('',(#3016,#3017,#3018,#3019,#3020,#3021));
#594=EDGE_LOOP('',(#3022,#3023,#3024,#3025,#3026));
#595=EDGE_LOOP('',(#3027,#3028,#3029,#3030,#3031));
#596=EDGE_LOOP('',(#3032,#3033,#3034,#3035));
#597=EDGE_LOOP('',(#3036,#3037,#3038,#3039,#3040));
#598=EDGE_LOOP('',(#3041,#3042,#3043,#3044,#3045));
#599=EDGE_LOOP('',(#3046,#3047,#3048,#3049,#3050,#3051));
#600=EDGE_LOOP('',(#3052,#3053,#3054,#3055));
#601=EDGE_LOOP('',(#3056,#3057,#3058,#3059));
#602=EDGE_LOOP('',(#3060,#3061,#3062,#3063));
#603=EDGE_LOOP('',(#3064,#3065,#3066,#3067,#3068));
#604=EDGE_LOOP('',(#3069,#3070,#3071,#3072));
#605=EDGE_LOOP('',(#3073,#3074,#3075,#3076,#3077,#3078));
#606=EDGE_LOOP('',(#3079,#3080,#3081,#3082));
#607=EDGE_LOOP('',(#3083,#3084,#3085,#3086,#3087));
#608=EDGE_LOOP('',(#3088,#3089,#3090,#3091));
#609=EDGE_LOOP('',(#3092,#3093,#3094,#3095));
#610=EDGE_LOOP('',(#3096,#3097,#3098,#3099));
#611=EDGE_LOOP('',(#3100,#3101,#3102,#3103));
#612=EDGE_LOOP('',(#3104,#3105,#3106,#3107));
#613=EDGE_LOOP('',(#3108,#3109,#3110,#3111));
#614=EDGE_LOOP('',(#3112,#3113,#3114,#3115));
#615=EDGE_LOOP('',(#3116,#3117,#3118,#3119));
#616=EDGE_LOOP('',(#3120,#3121,#3122,#3123,#3124));
#617=EDGE_LOOP('',(#3125,#3126,#3127,#3128));
#618=EDGE_LOOP('',(#3129,#3130,#3131,#3132));
#619=EDGE_LOOP('',(#3133,#3134,#3135,#3136));
#620=EDGE_LOOP('',(#3137,#3138,#3139,#3140,#3141,#3142,#3143));
#621=EDGE_LOOP('',(#3144,#3145,#3146,#3147,#3148,#3149,#3150));
#622=EDGE_LOOP('',(#3151,#3152,#3153,#3154,#3155));
#623=EDGE_LOOP('',(#3156,#3157,#3158,#3159,#3160,#3161));
#624=EDGE_LOOP('',(#3162,#3163,#3164,#3165));
#625=EDGE_LOOP('',(#3166,#3167,#3168,#3169,#3170,#3171,#3172,#3173));
#626=EDGE_LOOP('',(#3174,#3175,#3176,#3177,#3178));
#627=EDGE_LOOP('',(#3179,#3180,#3181,#3182,#3183,#3184,#3185,#3186));
#628=EDGE_LOOP('',(#3187,#3188,#3189));
#629=EDGE_LOOP('',(#3190,#3191,#3192,#3193,#3194,#3195,#3196,#3197,#3198,
#3199,#3200,#3201,#3202,#3203,#3204,#3205));
#630=EDGE_LOOP('',(#3206,#3207,#3208,#3209));
#631=EDGE_LOOP('',(#3210,#3211,#3212,#3213));
#632=EDGE_LOOP('',(#3214,#3215,#3216,#3217));
#633=EDGE_LOOP('',(#3218,#3219,#3220,#3221));
#634=EDGE_LOOP('',(#3222,#3223,#3224,#3225,#3226));
#635=EDGE_LOOP('',(#3227,#3228,#3229));
#636=EDGE_LOOP('',(#3230,#3231,#3232,#3233));
#637=EDGE_LOOP('',(#3234,#3235,#3236,#3237));
#638=EDGE_LOOP('',(#3238,#3239,#3240,#3241,#3242,#3243,#3244));
#639=EDGE_LOOP('',(#3245,#3246,#3247,#3248));
#640=EDGE_LOOP('',(#3249,#3250,#3251,#3252));
#641=EDGE_LOOP('',(#3253,#3254,#3255,#3256,#3257));
#642=EDGE_LOOP('',(#3258,#3259,#3260,#3261));
#643=EDGE_LOOP('',(#3262,#3263,#3264,#3265,#3266));
#644=EDGE_LOOP('',(#3267,#3268,#3269,#3270));
#645=EDGE_LOOP('',(#3271,#3272,#3273,#3274));
#646=EDGE_LOOP('',(#3275,#3276,#3277));
#647=EDGE_LOOP('',(#3278,#3279,#3280));
#648=EDGE_LOOP('',(#3281,#3282,#3283,#3284,#3285));
#649=EDGE_LOOP('',(#3286,#3287,#3288,#3289));
#650=EDGE_LOOP('',(#3290,#3291,#3292,#3293));
#651=EDGE_LOOP('',(#3294,#3295,#3296,#3297));
#652=EDGE_LOOP('',(#3298,#3299,#3300,#3301));
#653=EDGE_LOOP('',(#3302,#3303,#3304,#3305));
#654=EDGE_LOOP('',(#3306,#3307,#3308,#3309,#3310,#3311));
#655=EDGE_LOOP('',(#3312,#3313,#3314,#3315));
#656=EDGE_LOOP('',(#3316,#3317,#3318,#3319,#3320));
#657=EDGE_LOOP('',(#3321,#3322,#3323,#3324,#3325));
#658=EDGE_LOOP('',(#3326,#3327,#3328,#3329,#3330));
#659=EDGE_LOOP('',(#3331,#3332,#3333,#3334));
#660=EDGE_LOOP('',(#3335,#3336,#3337,#3338));
#661=EDGE_LOOP('',(#3339,#3340,#3341,#3342));
#662=EDGE_LOOP('',(#3343,#3344,#3345,#3346));
#663=EDGE_LOOP('',(#3347,#3348,#3349,#3350));
#664=EDGE_LOOP('',(#3351,#3352,#3353,#3354));
#665=EDGE_LOOP('',(#3355,#3356,#3357,#3358));
#666=EDGE_LOOP('',(#3359,#3360,#3361,#3362));
#667=EDGE_LOOP('',(#3363,#3364,#3365,#3366));
#668=EDGE_LOOP('',(#3367,#3368,#3369,#3370));
#669=EDGE_LOOP('',(#3371,#3372,#3373,#3374));
#670=EDGE_LOOP('',(#3375,#3376,#3377,#3378));
#671=EDGE_LOOP('',(#3379,#3380,#3381,#3382));
#672=EDGE_LOOP('',(#3383,#3384,#3385,#3386));
#673=EDGE_LOOP('',(#3387,#3388,#3389,#3390));
#674=EDGE_LOOP('',(#3391,#3392,#3393,#3394));
#675=EDGE_LOOP('',(#3395,#3396,#3397,#3398));
#676=EDGE_LOOP('',(#3399,#3400,#3401,#3402));
#677=EDGE_LOOP('',(#3403,#3404,#3405,#3406));
#678=EDGE_LOOP('',(#3407,#3408,#3409,#3410));
#679=EDGE_LOOP('',(#3411,#3412,#3413,#3414));
#680=EDGE_LOOP('',(#3415,#3416,#3417,#3418));
#681=EDGE_LOOP('',(#3419,#3420,#3421,#3422));
#682=EDGE_LOOP('',(#3423,#3424,#3425,#3426));
#683=EDGE_LOOP('',(#3427,#3428,#3429,#3430));
#684=EDGE_LOOP('',(#3431,#3432,#3433,#3434));
#685=EDGE_LOOP('',(#3435,#3436,#3437,#3438));
#686=EDGE_LOOP('',(#3439,#3440,#3441,#3442));
#687=EDGE_LOOP('',(#3443,#3444,#3445,#3446));
#688=EDGE_LOOP('',(#3447,#3448,#3449,#3450));
#689=EDGE_LOOP('',(#3451,#3452,#3453,#3454));
#690=EDGE_LOOP('',(#3455,#3456,#3457,#3458));
#691=EDGE_LOOP('',(#3459,#3460,#3461,#3462));
#692=EDGE_LOOP('',(#3463,#3464,#3465,#3466));
#693=EDGE_LOOP('',(#3467,#3468,#3469,#3470));
#694=EDGE_LOOP('',(#3471,#3472,#3473,#3474));
#695=EDGE_LOOP('',(#3475,#3476,#3477,#3478));
#696=EDGE_LOOP('',(#3479,#3480,#3481,#3482));
#697=EDGE_LOOP('',(#3483,#3484,#3485,#3486));
#698=EDGE_LOOP('',(#3487,#3488,#3489,#3490));
#699=EDGE_LOOP('',(#3491,#3492,#3493,#3494));
#700=EDGE_LOOP('',(#3495,#3496,#3497,#3498));
#701=EDGE_LOOP('',(#3499,#3500,#3501,#3502));
#702=EDGE_LOOP('',(#3503,#3504,#3505,#3506));
#703=EDGE_LOOP('',(#3507,#3508,#3509,#3510));
#704=EDGE_LOOP('',(#3511,#3512,#3513,#3514));
#705=EDGE_LOOP('',(#3515,#3516,#3517,#3518));
#706=EDGE_LOOP('',(#3519,#3520,#3521,#3522));
#707=EDGE_LOOP('',(#3523,#3524,#3525,#3526,#3527));
#708=EDGE_LOOP('',(#3528,#3529,#3530,#3531));
#709=EDGE_LOOP('',(#3532,#3533,#3534,#3535));
#710=EDGE_LOOP('',(#3536,#3537,#3538,#3539,#3540));
#711=EDGE_LOOP('',(#3541,#3542,#3543,#3544,#3545));
#712=EDGE_LOOP('',(#3546,#3547,#3548,#3549,#3550));
#713=EDGE_LOOP('',(#3551,#3552,#3553,#3554));
#714=EDGE_LOOP('',(#3555,#3556,#3557,#3558,#3559,#3560));
#715=EDGE_LOOP('',(#3561,#3562,#3563,#3564,#3565));
#716=EDGE_LOOP('',(#3566,#3567,#3568,#3569));
#717=EDGE_LOOP('',(#3570,#3571,#3572,#3573));
#718=EDGE_LOOP('',(#3574,#3575,#3576,#3577));
#719=EDGE_LOOP('',(#3578,#3579,#3580,#3581));
#720=EDGE_LOOP('',(#3582,#3583,#3584,#3585));
#721=EDGE_LOOP('',(#3586,#3587,#3588,#3589));
#722=EDGE_LOOP('',(#3590,#3591,#3592,#3593));
#723=EDGE_LOOP('',(#3594,#3595,#3596,#3597));
#724=EDGE_LOOP('',(#3598,#3599,#3600,#3601));
#725=EDGE_LOOP('',(#3602,#3603,#3604,#3605,#3606,#3607,#3608,#3609,#3610,
#3611,#3612,#3613,#3614,#3615,#3616,#3617,#3618,#3619,#3620,#3621,#3622,
#3623));
#726=EDGE_LOOP('',(#3624,#3625,#3626,#3627));
#727=EDGE_LOOP('',(#3628,#3629,#3630,#3631));
#728=EDGE_LOOP('',(#3632,#3633,#3634,#3635));
#729=EDGE_LOOP('',(#3636,#3637,#3638,#3639));
#730=EDGE_LOOP('',(#3640,#3641,#3642,#3643));
#731=EDGE_LOOP('',(#3644,#3645,#3646,#3647));
#732=EDGE_LOOP('',(#3648,#3649,#3650,#3651));
#733=EDGE_LOOP('',(#3652,#3653,#3654));
#734=EDGE_LOOP('',(#3655,#3656,#3657));
#735=EDGE_LOOP('',(#3658,#3659,#3660,#3661,#3662));
#736=EDGE_LOOP('',(#3663,#3664,#3665,#3666));
#737=EDGE_LOOP('',(#3667,#3668,#3669,#3670));
#738=EDGE_LOOP('',(#3671,#3672,#3673,#3674));
#739=EDGE_LOOP('',(#3675,#3676,#3677,#3678));
#740=EDGE_LOOP('',(#3679,#3680,#3681,#3682));
#741=EDGE_LOOP('',(#3683,#3684,#3685,#3686,#3687,#3688,#3689,#3690,#3691,
#3692,#3693,#3694,#3695,#3696,#3697,#3698,#3699,#3700,#3701,#3702,#3703,
#3704,#3705,#3706,#3707,#3708,#3709,#3710));
#742=EDGE_LOOP('',(#3711,#3712,#3713,#3714,#3715,#3716,#3717,#3718));
#743=EDGE_LOOP('',(#3719,#3720,#3721,#3722,#3723,#3724,#3725,#3726));
#744=EDGE_LOOP('',(#3727));
#745=EDGE_LOOP('',(#3728,#3729,#3730,#3731));
#746=EDGE_LOOP('',(#3732,#3733,#3734,#3735));
#747=EDGE_LOOP('',(#3736,#3737,#3738,#3739));
#748=EDGE_LOOP('',(#3740,#3741,#3742,#3743));
#749=EDGE_LOOP('',(#3744,#3745,#3746,#3747));
#750=EDGE_LOOP('',(#3748,#3749,#3750,#3751));
#751=EDGE_LOOP('',(#3752,#3753,#3754,#3755));
#752=EDGE_LOOP('',(#3756,#3757,#3758,#3759));
#753=EDGE_LOOP('',(#3760,#3761,#3762,#3763));
#754=EDGE_LOOP('',(#3764,#3765,#3766,#3767));
#755=EDGE_LOOP('',(#3768,#3769,#3770,#3771));
#756=EDGE_LOOP('',(#3772,#3773,#3774,#3775));
#757=EDGE_LOOP('',(#3776,#3777,#3778,#3779));
#758=EDGE_LOOP('',(#3780,#3781,#3782,#3783));
#759=EDGE_LOOP('',(#3784,#3785,#3786,#3787));
#760=EDGE_LOOP('',(#3788,#3789,#3790,#3791));
#761=EDGE_LOOP('',(#3792,#3793,#3794,#3795));
#762=EDGE_LOOP('',(#3796,#3797,#3798,#3799));
#763=EDGE_LOOP('',(#3800,#3801,#3802,#3803));
#764=EDGE_LOOP('',(#3804,#3805,#3806,#3807));
#765=EDGE_LOOP('',(#3808,#3809,#3810,#3811));
#766=EDGE_LOOP('',(#3812,#3813,#3814,#3815));
#767=EDGE_LOOP('',(#3816,#3817,#3818,#3819));
#768=EDGE_LOOP('',(#3820,#3821,#3822,#3823));
#769=EDGE_LOOP('',(#3824,#3825,#3826,#3827));
#770=EDGE_LOOP('',(#3828,#3829,#3830,#3831));
#771=EDGE_LOOP('',(#3832,#3833,#3834,#3835));
#772=EDGE_LOOP('',(#3836,#3837,#3838,#3839));
#773=EDGE_LOOP('',(#3840,#3841,#3842,#3843));
#774=EDGE_LOOP('',(#3844,#3845,#3846,#3847));
#775=EDGE_LOOP('',(#3848,#3849,#3850,#3851));
#776=EDGE_LOOP('',(#3852,#3853,#3854,#3855));
#777=EDGE_LOOP('',(#3856,#3857,#3858,#3859,#3860,#3861,#3862,#3863,#3864,
#3865));
#778=EDGE_LOOP('',(#3866,#3867,#3868,#3869,#3870,#3871,#3872,#3873,#3874,
#3875));
#779=EDGE_LOOP('',(#3876,#3877,#3878,#3879,#3880));
#780=EDGE_LOOP('',(#3881,#3882,#3883,#3884));
#781=EDGE_LOOP('',(#3885,#3886,#3887,#3888));
#782=EDGE_LOOP('',(#3889,#3890,#3891,#3892));
#783=EDGE_LOOP('',(#3893,#3894,#3895,#3896,#3897,#3898));
#784=EDGE_LOOP('',(#3899,#3900,#3901,#3902));
#785=EDGE_LOOP('',(#3903,#3904,#3905,#3906));
#786=EDGE_LOOP('',(#3907,#3908,#3909,#3910));
#787=EDGE_LOOP('',(#3911,#3912,#3913,#3914,#3915,#3916,#3917,#3918,#3919,
#3920,#3921,#3922));
#788=EDGE_LOOP('',(#3923,#3924,#3925,#3926));
#789=EDGE_LOOP('',(#3927,#3928,#3929,#3930));
#790=EDGE_LOOP('',(#3931,#3932,#3933,#3934,#3935));
#791=EDGE_LOOP('',(#3936,#3937,#3938));
#792=EDGE_LOOP('',(#3939,#3940,#3941,#3942));
#793=EDGE_LOOP('',(#3943,#3944,#3945,#3946));
#794=EDGE_LOOP('',(#3947,#3948,#3949,#3950));
#795=EDGE_LOOP('',(#3951,#3952,#3953,#3954));
#796=EDGE_LOOP('',(#3955,#3956,#3957,#3958));
#797=EDGE_LOOP('',(#3959,#3960,#3961,#3962));
#798=EDGE_LOOP('',(#3963,#3964,#3965,#3966));
#799=EDGE_LOOP('',(#3967,#3968,#3969,#3970));
#800=EDGE_LOOP('',(#3971,#3972,#3973,#3974));
#801=EDGE_LOOP('',(#3975,#3976,#3977,#3978,#3979));
#802=EDGE_LOOP('',(#3980,#3981,#3982,#3983,#3984,#3985,#3986,#3987));
#803=EDGE_LOOP('',(#3988,#3989,#3990));
#804=EDGE_LOOP('',(#3991,#3992,#3993,#3994,#3995,#3996,#3997,#3998,#3999,
#4000,#4001,#4002,#4003));
#805=EDGE_LOOP('',(#4004,#4005,#4006,#4007));
#806=EDGE_LOOP('',(#4008,#4009,#4010,#4011,#4012));
#807=EDGE_LOOP('',(#4013,#4014,#4015,#4016,#4017));
#808=EDGE_LOOP('',(#4018,#4019,#4020,#4021));
#809=EDGE_LOOP('',(#4022,#4023,#4024,#4025));
#810=EDGE_LOOP('',(#4026,#4027,#4028,#4029,#4030));
#811=EDGE_LOOP('',(#4031,#4032,#4033,#4034));
#812=EDGE_LOOP('',(#4035,#4036,#4037,#4038,#4039,#4040,#4041,#4042));
#813=EDGE_LOOP('',(#4043,#4044,#4045,#4046,#4047));
#814=EDGE_LOOP('',(#4048,#4049,#4050,#4051,#4052,#4053,#4054,#4055));
#815=EDGE_LOOP('',(#4056,#4057,#4058));
#816=EDGE_LOOP('',(#4059,#4060,#4061));
#817=EDGE_LOOP('',(#4062,#4063,#4064,#4065,#4066,#4067));
#818=EDGE_LOOP('',(#4068,#4069,#4070,#4071,#4072,#4073,#4074,#4075));
#819=EDGE_LOOP('',(#4076));
#820=EDGE_LOOP('',(#4077));
#821=EDGE_LOOP('',(#4078));
#822=EDGE_LOOP('',(#4079));
#823=EDGE_LOOP('',(#4080,#4081,#4082,#4083,#4084,#4085,#4086,#4087,#4088));
#824=EDGE_LOOP('',(#4089,#4090,#4091,#4092));
#825=EDGE_LOOP('',(#4093,#4094,#4095,#4096));
#826=EDGE_LOOP('',(#4097,#4098,#4099,#4100));
#827=EDGE_LOOP('',(#4101,#4102,#4103,#4104));
#828=EDGE_LOOP('',(#4105,#4106,#4107,#4108));
#829=EDGE_LOOP('',(#4109,#4110,#4111,#4112));
#830=EDGE_LOOP('',(#4113,#4114,#4115));
#831=EDGE_LOOP('',(#4116,#4117,#4118,#4119,#4120,#4121));
#832=EDGE_LOOP('',(#4122,#4123,#4124,#4125,#4126,#4127));
#833=EDGE_LOOP('',(#4128));
#834=EDGE_LOOP('',(#4129));
#835=EDGE_LOOP('',(#4130,#4131,#4132,#4133,#4134,#4135));
#836=LINE('',#6225,#1238);
#837=LINE('',#6230,#1239);
#838=LINE('',#6236,#1240);
#839=LINE('',#6240,#1241);
#840=LINE('',#6244,#1242);
#841=LINE('',#6248,#1243);
#842=LINE('',#6252,#1244);
#843=LINE('',#6258,#1245);
#844=LINE('',#6262,#1246);
#845=LINE('',#6266,#1247);
#846=LINE('',#6270,#1248);
#847=LINE('',#6273,#1249);
#848=LINE('',#6280,#1250);
#849=LINE('',#6284,#1251);
#850=LINE('',#6288,#1252);
#851=LINE('',#6291,#1253);
#852=LINE('',#6294,#1254);
#853=LINE('',#6298,#1255);
#854=LINE('',#6302,#1256);
#855=LINE('',#6306,#1257);
#856=LINE('',#6311,#1258);
#857=LINE('',#6315,#1259);
#858=LINE('',#6317,#1260);
#859=LINE('',#6319,#1261);
#860=LINE('',#6323,#1262);
#861=LINE('',#6328,#1263);
#862=LINE('',#6334,#1264);
#863=LINE('',#6338,#1265);
#864=LINE('',#6341,#1266);
#865=LINE('',#6344,#1267);
#866=LINE('',#6346,#1268);
#867=LINE('',#6347,#1269);
#868=LINE('',#6350,#1270);
#869=LINE('',#6356,#1271);
#870=LINE('',#6358,#1272);
#871=LINE('',#6362,#1273);
#872=LINE('',#6363,#1274);
#873=LINE('',#6366,#1275);
#874=LINE('',#6370,#1276);
#875=LINE('',#6376,#1277);
#876=LINE('',#6377,#1278);
#877=LINE('',#6386,#1279);
#878=LINE('',#6390,#1280);
#879=LINE('',#6394,#1281);
#880=LINE('',#6396,#1282);
#881=LINE('',#6398,#1283);
#882=LINE('',#6400,#1284);
#883=LINE('',#6402,#1285);
#884=LINE('',#6404,#1286);
#885=LINE('',#6406,#1287);
#886=LINE('',#6408,#1288);
#887=LINE('',#6410,#1289);
#888=LINE('',#6412,#1290);
#889=LINE('',#6416,#1291);
#890=LINE('',#6418,#1292);
#891=LINE('',#6420,#1293);
#892=LINE('',#6422,#1294);
#893=LINE('',#6424,#1295);
#894=LINE('',#6428,#1296);
#895=LINE('',#6433,#1297);
#896=LINE('',#6436,#1298);
#897=LINE('',#6454,#1299);
#898=LINE('',#6496,#1300);
#899=LINE('',#6497,#1301);
#900=LINE('',#6508,#1302);
#901=LINE('',#6509,#1303);
#902=LINE('',#6512,#1304);
#903=LINE('',#6514,#1305);
#904=LINE('',#6559,#1306);
#905=LINE('',#6561,#1307);
#906=LINE('',#6563,#1308);
#907=LINE('',#6565,#1309);
#908=LINE('',#6569,#1310);
#909=LINE('',#6573,#1311);
#910=LINE('',#6575,#1312);
#911=LINE('',#6577,#1313);
#912=LINE('',#6578,#1314);
#913=LINE('',#6581,#1315);
#914=LINE('',#6582,#1316);
#915=LINE('',#6587,#1317);
#916=LINE('',#6589,#1318);
#917=LINE('',#6629,#1319);
#918=LINE('',#6632,#1320);
#919=LINE('',#6635,#1321);
#920=LINE('',#6639,#1322);
#921=LINE('',#6643,#1323);
#922=LINE('',#6649,#1324);
#923=LINE('',#6650,#1325);
#924=LINE('',#6651,#1326);
#925=LINE('',#6654,#1327);
#926=LINE('',#6655,#1328);
#927=LINE('',#6657,#1329);
#928=LINE('',#6658,#1330);
#929=LINE('',#6660,#1331);
#930=LINE('',#6662,#1332);
#931=LINE('',#6664,#1333);
#932=LINE('',#6691,#1334);
#933=LINE('',#6722,#1335);
#934=LINE('',#6734,#1336);
#935=LINE('',#6741,#1337);
#936=LINE('',#6743,#1338);
#937=LINE('',#6745,#1339);
#938=LINE('',#6819,#1340);
#939=LINE('',#6859,#1341);
#940=LINE('',#6861,#1342);
#941=LINE('',#6863,#1343);
#942=LINE('',#6864,#1344);
#943=LINE('',#6869,#1345);
#944=LINE('',#6873,#1346);
#945=LINE('',#6875,#1347);
#946=LINE('',#6876,#1348);
#947=LINE('',#6881,#1349);
#948=LINE('',#6885,#1350);
#949=LINE('',#6887,#1351);
#950=LINE('',#6888,#1352);
#951=LINE('',#6893,#1353);
#952=LINE('',#6897,#1354);
#953=LINE('',#6899,#1355);
#954=LINE('',#6900,#1356);
#955=LINE('',#6931,#1357);
#956=LINE('',#6940,#1358);
#957=LINE('',#6999,#1359);
#958=LINE('',#7003,#1360);
#959=LINE('',#7024,#1361);
#960=LINE('',#7041,#1362);
#961=LINE('',#7043,#1363);
#962=LINE('',#7049,#1364);
#963=LINE('',#7050,#1365);
#964=LINE('',#7053,#1366);
#965=LINE('',#7059,#1367);
#966=LINE('',#7061,#1368);
#967=LINE('',#7063,#1369);
#968=LINE('',#7064,#1370);
#969=LINE('',#7067,#1371);
#970=LINE('',#7071,#1372);
#971=LINE('',#7073,#1373);
#972=LINE('',#7075,#1374);
#973=LINE('',#7077,#1375);
#974=LINE('',#7079,#1376);
#975=LINE('',#7080,#1377);
#976=LINE('',#7083,#1378);
#977=LINE('',#7093,#1379);
#978=LINE('',#7095,#1380);
#979=LINE('',#7096,#1381);
#980=LINE('',#7110,#1382);
#981=LINE('',#7111,#1383);
#982=LINE('',#7113,#1384);
#983=LINE('',#7116,#1385);
#984=LINE('',#7118,#1386);
#985=LINE('',#7121,#1387);
#986=LINE('',#7158,#1388);
#987=LINE('',#7160,#1389);
#988=LINE('',#7168,#1390);
#989=LINE('',#7191,#1391);
#990=LINE('',#7193,#1392);
#991=LINE('',#7195,#1393);
#992=LINE('',#7196,#1394);
#993=LINE('',#7201,#1395);
#994=LINE('',#7206,#1396);
#995=LINE('',#7207,#1397);
#996=LINE('',#7209,#1398);
#997=LINE('',#7215,#1399);
#998=LINE('',#7217,#1400);
#999=LINE('',#7219,#1401);
#1000=LINE('',#7220,#1402);
#1001=LINE('',#7223,#1403);
#1002=LINE('',#7225,#1404);
#1003=LINE('',#7226,#1405);
#1004=LINE('',#7231,#1406);
#1005=LINE('',#7235,#1407);
#1006=LINE('',#7236,#1408);
#1007=LINE('',#7237,#1409);
#1008=LINE('',#7244,#1410);
#1009=LINE('',#7246,#1411);
#1010=LINE('',#7248,#1412);
#1011=LINE('',#7254,#1413);
#1012=LINE('',#7258,#1414);
#1013=LINE('',#7259,#1415);
#1014=LINE('',#7262,#1416);
#1015=LINE('',#7266,#1417);
#1016=LINE('',#7267,#1418);
#1017=LINE('',#7270,#1419);
#1018=LINE('',#7274,#1420);
#1019=LINE('',#7276,#1421);
#1020=LINE('',#7278,#1422);
#1021=LINE('',#7279,#1423);
#1022=LINE('',#7282,#1424);
#1023=LINE('',#7286,#1425);
#1024=LINE('',#7287,#1426);
#1025=LINE('',#7292,#1427);
#1026=LINE('',#7296,#1428);
#1027=LINE('',#7300,#1429);
#1028=LINE('',#7302,#1430);
#1029=LINE('',#7303,#1431);
#1030=LINE('',#7307,#1432);
#1031=LINE('',#7310,#1433);
#1032=LINE('',#7311,#1434);
#1033=LINE('',#7315,#1435);
#1034=LINE('',#7318,#1436);
#1035=LINE('',#7319,#1437);
#1036=LINE('',#7323,#1438);
#1037=LINE('',#7326,#1439);
#1038=LINE('',#7327,#1440);
#1039=LINE('',#7332,#1441);
#1040=LINE('',#7335,#1442);
#1041=LINE('',#7338,#1443);
#1042=LINE('',#7339,#1444);
#1043=LINE('',#7342,#1445);
#1044=LINE('',#7346,#1446);
#1045=LINE('',#7347,#1447);
#1046=LINE('',#7350,#1448);
#1047=LINE('',#7353,#1449);
#1048=LINE('',#7356,#1450);
#1049=LINE('',#7357,#1451);
#1050=LINE('',#7360,#1452);
#1051=LINE('',#7364,#1453);
#1052=LINE('',#7365,#1454);
#1053=LINE('',#7368,#1455);
#1054=LINE('',#7372,#1456);
#1055=LINE('',#7373,#1457);
#1056=LINE('',#7376,#1458);
#1057=LINE('',#7379,#1459);
#1058=LINE('',#7382,#1460);
#1059=LINE('',#7384,#1461);
#1060=LINE('',#7385,#1462);
#1061=LINE('',#7388,#1463);
#1062=LINE('',#7392,#1464);
#1063=LINE('',#7393,#1465);
#1064=LINE('',#7396,#1466);
#1065=LINE('',#7399,#1467);
#1066=LINE('',#7402,#1468);
#1067=LINE('',#7404,#1469);
#1068=LINE('',#7406,#1470);
#1069=LINE('',#7408,#1471);
#1070=LINE('',#7411,#1472);
#1071=LINE('',#7415,#1473);
#1072=LINE('',#7416,#1474);
#1073=LINE('',#7419,#1475);
#1074=LINE('',#7423,#1476);
#1075=LINE('',#7424,#1477);
#1076=LINE('',#7427,#1478);
#1077=LINE('',#7431,#1479);
#1078=LINE('',#7432,#1480);
#1079=LINE('',#7435,#1481);
#1080=LINE('',#7438,#1482);
#1081=LINE('',#7441,#1483);
#1082=LINE('',#7443,#1484);
#1083=LINE('',#7445,#1485);
#1084=LINE('',#7448,#1486);
#1085=LINE('',#7452,#1487);
#1086=LINE('',#7453,#1488);
#1087=LINE('',#7455,#1489);
#1088=LINE('',#7458,#1490);
#1089=LINE('',#7461,#1491);
#1090=LINE('',#7464,#1492);
#1091=LINE('',#7468,#1493);
#1092=LINE('',#7471,#1494);
#1093=LINE('',#7475,#1495);
#1094=LINE('',#7476,#1496);
#1095=LINE('',#7482,#1497);
#1096=LINE('',#7484,#1498);
#1097=LINE('',#7488,#1499);
#1098=LINE('',#7490,#1500);
#1099=LINE('',#7491,#1501);
#1100=LINE('',#7495,#1502);
#1101=LINE('',#7497,#1503);
#1102=LINE('',#7498,#1504);
#1103=LINE('',#7502,#1505);
#1104=LINE('',#7504,#1506);
#1105=LINE('',#7510,#1507);
#1106=LINE('',#7514,#1508);
#1107=LINE('',#7516,#1509);
#1108=LINE('',#7517,#1510);
#1109=LINE('',#7521,#1511);
#1110=LINE('',#7526,#1512);
#1111=LINE('',#7528,#1513);
#1112=LINE('',#7529,#1514);
#1113=LINE('',#7533,#1515);
#1114=LINE('',#7539,#1516);
#1115=LINE('',#7540,#1517);
#1116=LINE('',#7541,#1518);
#1117=LINE('',#7544,#1519);
#1118=LINE('',#7547,#1520);
#1119=LINE('',#7551,#1521);
#1120=LINE('',#7553,#1522);
#1121=LINE('',#7557,#1523);
#1122=LINE('',#7561,#1524);
#1123=LINE('',#7564,#1525);
#1124=LINE('',#7566,#1526);
#1125=LINE('',#7572,#1527);
#1126=LINE('',#7573,#1528);
#1127=LINE('',#7576,#1529);
#1128=LINE('',#7580,#1530);
#1129=LINE('',#7581,#1531);
#1130=LINE('',#7584,#1532);
#1131=LINE('',#7586,#1533);
#1132=LINE('',#7587,#1534);
#1133=LINE('',#7590,#1535);
#1134=LINE('',#7595,#1536);
#1135=LINE('',#7600,#1537);
#1136=LINE('',#7602,#1538);
#1137=LINE('',#7604,#1539);
#1138=LINE('',#7605,#1540);
#1139=LINE('',#7608,#1541);
#1140=LINE('',#7612,#1542);
#1141=LINE('',#7613,#1543);
#1142=LINE('',#7616,#1544);
#1143=LINE('',#7620,#1545);
#1144=LINE('',#7621,#1546);
#1145=LINE('',#7624,#1547);
#1146=LINE('',#7628,#1548);
#1147=LINE('',#7632,#1549);
#1148=LINE('',#7636,#1550);
#1149=LINE('',#7640,#1551);
#1150=LINE('',#7646,#1552);
#1151=LINE('',#7650,#1553);
#1152=LINE('',#7658,#1554);
#1153=LINE('',#7663,#1555);
#1154=LINE('',#7667,#1556);
#1155=LINE('',#7671,#1557);
#1156=LINE('',#7674,#1558);
#1157=LINE('',#7679,#1559);
#1158=LINE('',#7683,#1560);
#1159=LINE('',#7687,#1561);
#1160=LINE('',#7690,#1562);
#1161=LINE('',#7692,#1563);
#1162=LINE('',#7693,#1564);
#1163=LINE('',#7695,#1565);
#1164=LINE('',#7697,#1566);
#1165=LINE('',#7700,#1567);
#1166=LINE('',#7701,#1568);
#1167=LINE('',#7704,#1569);
#1168=LINE('',#7708,#1570);
#1169=LINE('',#7709,#1571);
#1170=LINE('',#7711,#1572);
#1171=LINE('',#7715,#1573);
#1172=LINE('',#7716,#1574);
#1173=LINE('',#7720,#1575);
#1174=LINE('',#7723,#1576);
#1175=LINE('',#7725,#1577);
#1176=LINE('',#7726,#1578);
#1177=LINE('',#7728,#1579);
#1178=LINE('',#7730,#1580);
#1179=LINE('',#7732,#1581);
#1180=LINE('',#7734,#1582);
#1181=LINE('',#7737,#1583);
#1182=LINE('',#7740,#1584);
#1183=LINE('',#7742,#1585);
#1184=LINE('',#7744,#1586);
#1185=LINE('',#7746,#1587);
#1186=LINE('',#7749,#1588);
#1187=LINE('',#7751,#1589);
#1188=LINE('',#7754,#1590);
#1189=LINE('',#7758,#1591);
#1190=LINE('',#7759,#1592);
#1191=LINE('',#7762,#1593);
#1192=LINE('',#7766,#1594);
#1193=LINE('',#7767,#1595);
#1194=LINE('',#7770,#1596);
#1195=LINE('',#7774,#1597);
#1196=LINE('',#7775,#1598);
#1197=LINE('',#7777,#1599);
#1198=LINE('',#7781,#1600);
#1199=LINE('',#7786,#1601);
#1200=LINE('',#7795,#1602);
#1201=LINE('',#7799,#1603);
#1202=LINE('',#7807,#1604);
#1203=LINE('',#7811,#1605);
#1204=LINE('',#7814,#1606);
#1205=LINE('',#7815,#1607);
#1206=LINE('',#7818,#1608);
#1207=LINE('',#7819,#1609);
#1208=LINE('',#7822,#1610);
#1209=LINE('',#7825,#1611);
#1210=LINE('',#7828,#1612);
#1211=LINE('',#7829,#1613);
#1212=LINE('',#7832,#1614);
#1213=LINE('',#7836,#1615);
#1214=LINE('',#7839,#1616);
#1215=LINE('',#7847,#1617);
#1216=LINE('',#7849,#1618);
#1217=LINE('',#7858,#1619);
#1218=LINE('',#7860,#1620);
#1219=LINE('',#7861,#1621);
#1220=LINE('',#7863,#1622);
#1221=LINE('',#7865,#1623);
#1222=LINE('',#7868,#1624);
#1223=LINE('',#8082,#1625);
#1224=LINE('',#8151,#1626);
#1225=LINE('',#8154,#1627);
#1226=LINE('',#8155,#1628);
#1227=LINE('',#8157,#1629);
#1228=LINE('',#8158,#1630);
#1229=LINE('',#8163,#1631);
#1230=LINE('',#8171,#1632);
#1231=LINE('',#8175,#1633);
#1232=LINE('',#8183,#1634);
#1233=LINE('',#8187,#1635);
#1234=LINE('',#8191,#1636);
#1235=LINE('',#8192,#1637);
#1236=LINE('',#8197,#1638);
#1237=LINE('',#8201,#1639);
#1238=VECTOR('',#4932,3.);
#1239=VECTOR('',#4939,2.75);
#1240=VECTOR('',#4944,10.);
#1241=VECTOR('',#4947,10.);
#1242=VECTOR('',#4950,10.);
#1243=VECTOR('',#4953,10.);
#1244=VECTOR('',#4956,10.);
#1245=VECTOR('',#4961,10.);
#1246=VECTOR('',#4964,10.);
#1247=VECTOR('',#4967,10.);
#1248=VECTOR('',#4970,10.);
#1249=VECTOR('',#4973,10.);
#1250=VECTOR('',#4978,10.);
#1251=VECTOR('',#4981,10.);
#1252=VECTOR('',#4984,10.);
#1253=VECTOR('',#4987,10.);
#1254=VECTOR('',#4988,10.);
#1255=VECTOR('',#4991,10.);
#1256=VECTOR('',#4994,10.);
#1257=VECTOR('',#4997,10.);
#1258=VECTOR('',#5004,3.);
#1259=VECTOR('',#5007,10.);
#1260=VECTOR('',#5008,10.);
#1261=VECTOR('',#5009,10.);
#1262=VECTOR('',#5012,10.);
#1263=VECTOR('',#5017,9.99999999999999);
#1264=VECTOR('',#5022,9.99999999999999);
#1265=VECTOR('',#5027,10.);
#1266=VECTOR('',#5030,10.);
#1267=VECTOR('',#5033,10.);
#1268=VECTOR('',#5034,10.);
#1269=VECTOR('',#5035,10.);
#1270=VECTOR('',#5038,10.);
#1271=VECTOR('',#5039,10.);
#1272=VECTOR('',#5040,10.);
#1273=VECTOR('',#5043,10.);
#1274=VECTOR('',#5044,9.99999999999999);
#1275=VECTOR('',#5047,10.);
#1276=VECTOR('',#5050,10.);
#1277=VECTOR('',#5055,10.);
#1278=VECTOR('',#5056,10.);
#1279=VECTOR('',#5065,10.);
#1280=VECTOR('',#5068,10.);
#1281=VECTOR('',#5073,10.);
#1282=VECTOR('',#5074,10.);
#1283=VECTOR('',#5075,10.);
#1284=VECTOR('',#5076,9.99999999999999);
#1285=VECTOR('',#5077,10.);
#1286=VECTOR('',#5078,10.);
#1287=VECTOR('',#5079,10.);
#1288=VECTOR('',#5080,10.);
#1289=VECTOR('',#5081,10.);
#1290=VECTOR('',#5082,10.);
#1291=VECTOR('',#5085,10.);
#1292=VECTOR('',#5086,10.);
#1293=VECTOR('',#5087,9.99999999999999);
#1294=VECTOR('',#5088,10.);
#1295=VECTOR('',#5089,10.);
#1296=VECTOR('',#5092,10.);
#1297=VECTOR('',#5099,10.);
#1298=VECTOR('',#5102,10.);
#1299=VECTOR('',#5105,10.);
#1300=VECTOR('',#5118,10.);
#1301=VECTOR('',#5119,10.);
#1302=VECTOR('',#5132,10.);
#1303=VECTOR('',#5133,10.);
#1304=VECTOR('',#5136,10.);
#1305=VECTOR('',#5137,10.);
#1306=VECTOR('',#5138,10.);
#1307=VECTOR('',#5139,10.);
#1308=VECTOR('',#5140,10.);
#1309=VECTOR('',#5141,10.);
#1310=VECTOR('',#5144,10.);
#1311=VECTOR('',#5147,10.);
#1312=VECTOR('',#5148,10.);
#1313=VECTOR('',#5149,10.);
#1314=VECTOR('',#5150,10.);
#1315=VECTOR('',#5153,10.);
#1316=VECTOR('',#5154,10.);
#1317=VECTOR('',#5159,10.);
#1318=VECTOR('',#5160,10.);
#1319=VECTOR('',#5161,10.);
#1320=VECTOR('',#5164,10.);
#1321=VECTOR('',#5169,10.);
#1322=VECTOR('',#5172,10.);
#1323=VECTOR('',#5177,10.);
#1324=VECTOR('',#5184,10.);
#1325=VECTOR('',#5185,10.);
#1326=VECTOR('',#5186,10.);
#1327=VECTOR('',#5189,10.);
#1328=VECTOR('',#5190,10.);
#1329=VECTOR('',#5193,10.);
#1330=VECTOR('',#5194,10.);
#1331=VECTOR('',#5197,10.);
#1332=VECTOR('',#5200,10.);
#1333=VECTOR('',#5203,10.);
#1334=VECTOR('',#5204,10.);
#1335=VECTOR('',#5207,10.);
#1336=VECTOR('',#5208,10.);
#1337=VECTOR('',#5211,10.);
#1338=VECTOR('',#5212,9.99999999999999);
#1339=VECTOR('',#5213,10.);
#1340=VECTOR('',#5214,10.);
#1341=VECTOR('',#5217,10.);
#1342=VECTOR('',#5218,10.);
#1343=VECTOR('',#5219,10.);
#1344=VECTOR('',#5220,10.);
#1345=VECTOR('',#5225,10.);
#1346=VECTOR('',#5230,10.);
#1347=VECTOR('',#5231,10.);
#1348=VECTOR('',#5232,10.);
#1349=VECTOR('',#5237,9.99999999999999);
#1350=VECTOR('',#5242,10.);
#1351=VECTOR('',#5243,9.99999999999999);
#1352=VECTOR('',#5244,10.);
#1353=VECTOR('',#5249,10.);
#1354=VECTOR('',#5254,10.);
#1355=VECTOR('',#5255,10.);
#1356=VECTOR('',#5256,10.);
#1357=VECTOR('',#5263,10.);
#1358=VECTOR('',#5264,10.);
#1359=VECTOR('',#5269,10.);
#1360=VECTOR('',#5272,10.);
#1361=VECTOR('',#5273,10.);
#1362=VECTOR('',#5276,10.);
#1363=VECTOR('',#5277,10.);
#1364=VECTOR('',#5278,10.);
#1365=VECTOR('',#5279,10.);
#1366=VECTOR('',#5282,10.);
#1367=VECTOR('',#5289,10.);
#1368=VECTOR('',#5290,10.);
#1369=VECTOR('',#5291,10.);
#1370=VECTOR('',#5292,10.);
#1371=VECTOR('',#5295,10.);
#1372=VECTOR('',#5300,10.);
#1373=VECTOR('',#5301,10.);
#1374=VECTOR('',#5302,10.);
#1375=VECTOR('',#5303,10.);
#1376=VECTOR('',#5304,1.);
#1377=VECTOR('',#5305,10.);
#1378=VECTOR('',#5308,10.);
#1379=VECTOR('',#5319,10.);
#1380=VECTOR('',#5320,10.);
#1381=VECTOR('',#5321,10.);
#1382=VECTOR('',#5328,10.);
#1383=VECTOR('',#5329,10.);
#1384=VECTOR('',#5332,10.);
#1385=VECTOR('',#5337,10.);
#1386=VECTOR('',#5340,10.);
#1387=VECTOR('',#5345,10.);
#1388=VECTOR('',#5346,10.);
#1389=VECTOR('',#5349,10.);
#1390=VECTOR('',#5358,10.);
#1391=VECTOR('',#5361,10.);
#1392=VECTOR('',#5362,10.);
#1393=VECTOR('',#5363,10.);
#1394=VECTOR('',#5364,10.);
#1395=VECTOR('',#5369,10.);
#1396=VECTOR('',#5374,10.);
#1397=VECTOR('',#5375,10.);
#1398=VECTOR('',#5376,10.);
#1399=VECTOR('',#5379,10.);
#1400=VECTOR('',#5380,10.);
#1401=VECTOR('',#5381,10.);
#1402=VECTOR('',#5382,10.);
#1403=VECTOR('',#5385,10.);
#1404=VECTOR('',#5386,10.);
#1405=VECTOR('',#5387,10.);
#1406=VECTOR('',#5392,10.);
#1407=VECTOR('',#5397,10.);
#1408=VECTOR('',#5398,10.);
#1409=VECTOR('',#5399,10.);
#1410=VECTOR('',#5410,10.);
#1411=VECTOR('',#5411,10.);
#1412=VECTOR('',#5412,10.);
#1413=VECTOR('',#5415,10.);
#1414=VECTOR('',#5420,10.);
#1415=VECTOR('',#5421,10.);
#1416=VECTOR('',#5424,10.);
#1417=VECTOR('',#5429,10.);
#1418=VECTOR('',#5430,10.);
#1419=VECTOR('',#5433,10.);
#1420=VECTOR('',#5438,10.);
#1421=VECTOR('',#5439,10.);
#1422=VECTOR('',#5440,10.);
#1423=VECTOR('',#5441,10.);
#1424=VECTOR('',#5444,10.);
#1425=VECTOR('',#5449,10.);
#1426=VECTOR('',#5450,10.);
#1427=VECTOR('',#5455,3.75);
#1428=VECTOR('',#5460,3.5);
#1429=VECTOR('',#5465,10.);
#1430=VECTOR('',#5466,10.);
#1431=VECTOR('',#5467,10.);
#1432=VECTOR('',#5472,10.);
#1433=VECTOR('',#5475,10.);
#1434=VECTOR('',#5476,10.);
#1435=VECTOR('',#5481,10.);
#1436=VECTOR('',#5484,10.);
#1437=VECTOR('',#5485,10.);
#1438=VECTOR('',#5490,10.);
#1439=VECTOR('',#5493,10.);
#1440=VECTOR('',#5494,10.);
#1441=VECTOR('',#5501,10.);
#1442=VECTOR('',#5504,10.);
#1443=VECTOR('',#5507,10.);
#1444=VECTOR('',#5508,10.);
#1445=VECTOR('',#5511,10.);
#1446=VECTOR('',#5516,10.);
#1447=VECTOR('',#5517,10.);
#1448=VECTOR('',#5520,10.);
#1449=VECTOR('',#5523,10.);
#1450=VECTOR('',#5526,10.);
#1451=VECTOR('',#5527,10.);
#1452=VECTOR('',#5530,10.);
#1453=VECTOR('',#5535,10.);
#1454=VECTOR('',#5536,10.);
#1455=VECTOR('',#5539,10.);
#1456=VECTOR('',#5544,10.);
#1457=VECTOR('',#5545,10.);
#1458=VECTOR('',#5548,10.);
#1459=VECTOR('',#5553,10.);
#1460=VECTOR('',#5556,10.);
#1461=VECTOR('',#5557,10.);
#1462=VECTOR('',#5558,10.);
#1463=VECTOR('',#5561,10.);
#1464=VECTOR('',#5566,10.);
#1465=VECTOR('',#5567,10.);
#1466=VECTOR('',#5570,10.);
#1467=VECTOR('',#5575,10.);
#1468=VECTOR('',#5578,10.);
#1469=VECTOR('',#5581,10.);
#1470=VECTOR('',#5584,10.);
#1471=VECTOR('',#5587,10.);
#1472=VECTOR('',#5590,10.);
#1473=VECTOR('',#5595,10.);
#1474=VECTOR('',#5596,10.);
#1475=VECTOR('',#5599,10.);
#1476=VECTOR('',#5604,10.);
#1477=VECTOR('',#5605,10.);
#1478=VECTOR('',#5608,10.);
#1479=VECTOR('',#5613,10.);
#1480=VECTOR('',#5614,10.);
#1481=VECTOR('',#5617,10.);
#1482=VECTOR('',#5622,10.);
#1483=VECTOR('',#5627,10.);
#1484=VECTOR('',#5630,10.);
#1485=VECTOR('',#5633,10.);
#1486=VECTOR('',#5636,10.);
#1487=VECTOR('',#5641,10.);
#1488=VECTOR('',#5642,10.);
#1489=VECTOR('',#5645,10.);
#1490=VECTOR('',#5650,10.);
#1491=VECTOR('',#5653,10.);
#1492=VECTOR('',#5658,10.);
#1493=VECTOR('',#5663,10.);
#1494=VECTOR('',#5666,10.);
#1495=VECTOR('',#5671,10.);
#1496=VECTOR('',#5672,10.);
#1497=VECTOR('',#5681,10.);
#1498=VECTOR('',#5684,10.);
#1499=VECTOR('',#5689,10.);
#1500=VECTOR('',#5690,10.);
#1501=VECTOR('',#5691,10.);
#1502=VECTOR('',#5696,10.);
#1503=VECTOR('',#5699,10.);
#1504=VECTOR('',#5700,10.);
#1505=VECTOR('',#5707,10.);
#1506=VECTOR('',#5710,10.);
#1507=VECTOR('',#5717,10.);
#1508=VECTOR('',#5722,10.);
#1509=VECTOR('',#5723,10.);
#1510=VECTOR('',#5724,10.);
#1511=VECTOR('',#5727,10.);
#1512=VECTOR('',#5734,10.);
#1513=VECTOR('',#5735,10.);
#1514=VECTOR('',#5736,10.);
#1515=VECTOR('',#5739,10.);
#1516=VECTOR('',#5746,10.);
#1517=VECTOR('',#5747,10.);
#1518=VECTOR('',#5748,10.);
#1519=VECTOR('',#5751,10.);
#1520=VECTOR('',#5754,10.);
#1521=VECTOR('',#5757,10.);
#1522=VECTOR('',#5758,10.);
#1523=VECTOR('',#5761,10.);
#1524=VECTOR('',#5764,10.);
#1525=VECTOR('',#5767,10.);
#1526=VECTOR('',#5770,10.);
#1527=VECTOR('',#5777,10.);
#1528=VECTOR('',#5778,10.);
#1529=VECTOR('',#5781,10.);
#1530=VECTOR('',#5786,10.);
#1531=VECTOR('',#5787,10.);
#1532=VECTOR('',#5790,10.);
#1533=VECTOR('',#5791,10.);
#1534=VECTOR('',#5792,10.);
#1535=VECTOR('',#5795,10.);
#1536=VECTOR('',#5802,10.);
#1537=VECTOR('',#5809,10.);
#1538=VECTOR('',#5810,10.);
#1539=VECTOR('',#5811,10.);
#1540=VECTOR('',#5812,10.);
#1541=VECTOR('',#5815,10.);
#1542=VECTOR('',#5820,10.);
#1543=VECTOR('',#5821,10.);
#1544=VECTOR('',#5824,10.);
#1545=VECTOR('',#5829,10.);
#1546=VECTOR('',#5830,10.);
#1547=VECTOR('',#5833,3.75);
#1548=VECTOR('',#5838,10.);
#1549=VECTOR('',#5841,10.);
#1550=VECTOR('',#5844,10.);
#1551=VECTOR('',#5847,10.);
#1552=VECTOR('',#5852,10.);
#1553=VECTOR('',#5857,10.);
#1554=VECTOR('',#5858,10.);
#1555=VECTOR('',#5861,10.);
#1556=VECTOR('',#5864,10.);
#1557=VECTOR('',#5867,10.);
#1558=VECTOR('',#5870,10.);
#1559=VECTOR('',#5873,10.);
#1560=VECTOR('',#5876,10.);
#1561=VECTOR('',#5879,10.);
#1562=VECTOR('',#5882,10.);
#1563=VECTOR('',#5885,10.);
#1564=VECTOR('',#5886,10.);
#1565=VECTOR('',#5889,10.);
#1566=VECTOR('',#5892,10.);
#1567=VECTOR('',#5895,10.);
#1568=VECTOR('',#5896,10.);
#1569=VECTOR('',#5899,10.);
#1570=VECTOR('',#5904,10.);
#1571=VECTOR('',#5905,10.);
#1572=VECTOR('',#5908,10.);
#1573=VECTOR('',#5915,10.);
#1574=VECTOR('',#5916,10.);
#1575=VECTOR('',#5921,10.);
#1576=VECTOR('',#5924,10.);
#1577=VECTOR('',#5927,10.);
#1578=VECTOR('',#5928,10.);
#1579=VECTOR('',#5931,10.);
#1580=VECTOR('',#5934,10.);
#1581=VECTOR('',#5937,10.);
#1582=VECTOR('',#5940,10.);
#1583=VECTOR('',#5943,10.);
#1584=VECTOR('',#5948,10.);
#1585=VECTOR('',#5951,10.);
#1586=VECTOR('',#5954,10.);
#1587=VECTOR('',#5957,10.);
#1588=VECTOR('',#5962,10.);
#1589=VECTOR('',#5965,10.);
#1590=VECTOR('',#5968,10.);
#1591=VECTOR('',#5973,10.);
#1592=VECTOR('',#5974,10.);
#1593=VECTOR('',#5977,10.);
#1594=VECTOR('',#5982,10.);
#1595=VECTOR('',#5983,10.);
#1596=VECTOR('',#5986,10.);
#1597=VECTOR('',#5991,10.);
#1598=VECTOR('',#5992,10.);
#1599=VECTOR('',#5995,10.);
#1600=VECTOR('',#6002,10.);
#1601=VECTOR('',#6007,2.04);
#1602=VECTOR('',#6018,10.);
#1603=VECTOR('',#6021,10.);
#1604=VECTOR('',#6032,10.);
#1605=VECTOR('',#6037,10.);
#1606=VECTOR('',#6042,9.99999999999999);
#1607=VECTOR('',#6043,9.99999999999999);
#1608=VECTOR('',#6046,10.);
#1609=VECTOR('',#6047,10.);
#1610=VECTOR('',#6050,10.);
#1611=VECTOR('',#6053,10.);
#1612=VECTOR('',#6056,10.);
#1613=VECTOR('',#6057,10.);
#1614=VECTOR('',#6060,10.);
#1615=VECTOR('',#6065,10.);
#1616=VECTOR('',#6068,10.);
#1617=VECTOR('',#6069,10.);
#1618=VECTOR('',#6072,10.);
#1619=VECTOR('',#6089,10.);
#1620=VECTOR('',#6092,10.);
#1621=VECTOR('',#6093,10.);
#1622=VECTOR('',#6096,10.);
#1623=VECTOR('',#6099,10.);
#1624=VECTOR('',#6104,10.);
#1625=VECTOR('',#6125,10.);
#1626=VECTOR('',#6136,10.);
#1627=VECTOR('',#6139,10.);
#1628=VECTOR('',#6140,10.);
#1629=VECTOR('',#6143,10.);
#1630=VECTOR('',#6144,10.);
#1631=VECTOR('',#6151,2.04);
#1632=VECTOR('',#6164,2.04);
#1633=VECTOR('',#6169,2.04);
#1634=VECTOR('',#6184,10.);
#1635=VECTOR('',#6191,10.);
#1636=VECTOR('',#6198,10.);
#1637=VECTOR('',#6199,10.);
#1638=VECTOR('',#6206,3.5);
#1639=VECTOR('',#6211,3.5);
#1640=CIRCLE('',#4482,3.25);
#1641=CIRCLE('',#4483,2.75);
#1642=CIRCLE('',#4485,2.75);
#1643=CIRCLE('',#4487,1.5);
#1644=CIRCLE('',#4488,1.5);
#1645=CIRCLE('',#4489,1.5);
#1646=CIRCLE('',#4490,0.500000000000001);
#1647=CIRCLE('',#4491,0.5);
#1648=CIRCLE('',#4492,1.5);
#1649=CIRCLE('',#4493,0.5);
#1650=CIRCLE('',#4494,1.5);
#1651=CIRCLE('',#4495,1.5);
#1652=CIRCLE('',#4496,0.5);
#1653=CIRCLE('',#4497,1.5);
#1654=CIRCLE('',#4498,4.);
#1655=CIRCLE('',#4499,1.5);
#1656=CIRCLE('',#4500,1.5);
#1657=CIRCLE('',#4501,1.5);
#1658=CIRCLE('',#4502,1.5);
#1659=CIRCLE('',#4503,1.5);
#1660=CIRCLE('',#4504,1.5);
#1661=CIRCLE('',#4505,1.5);
#1662=CIRCLE('',#4506,1.5);
#1663=CIRCLE('',#4508,3.25);
#1664=CIRCLE('',#4510,1.5);
#1665=CIRCLE('',#4511,1.5);
#1666=CIRCLE('',#4522,4.5);
#1667=CIRCLE('',#4523,4.5);
#1668=CIRCLE('',#4524,4.5);
#1669=CIRCLE('',#4525,4.5);
#1670=CIRCLE('',#4526,4.5);
#1671=CIRCLE('',#4528,1.);
#1672=CIRCLE('',#4529,1.);
#1673=CIRCLE('',#4532,2.7);
#1674=CIRCLE('',#4533,0.632411609999999);
#1675=CIRCLE('',#4534,0.5);
#1676=CIRCLE('',#4536,0.5);
#1677=CIRCLE('',#4537,1.);
#1678=CIRCLE('',#4539,1.00000000000001);
#1679=CIRCLE('',#4540,1.);
#1680=CIRCLE('',#4544,1.00000000000058);
#1681=CIRCLE('',#4546,1.);
#1682=CIRCLE('',#4547,1.5);
#1683=CIRCLE('',#4548,2.5);
#1684=CIRCLE('',#4558,2.);
#1685=CIRCLE('',#4575,1.);
#1686=CIRCLE('',#4576,0.5);
#1687=CIRCLE('',#4579,1.);
#1688=CIRCLE('',#4580,0.5);
#1689=CIRCLE('',#4583,1.);
#1690=CIRCLE('',#4584,0.500000000000001);
#1691=CIRCLE('',#4587,1.5);
#1692=CIRCLE('',#4588,1.);
#1693=CIRCLE('',#4591,1.);
#1694=CIRCLE('',#4595,1.);
#1695=CIRCLE('',#4598,1.);
#1696=CIRCLE('',#4604,1.);
#1697=CIRCLE('',#4605,1.58);
#1698=CIRCLE('',#4606,0.999999999999988);
#1699=CIRCLE('',#4610,2.);
#1700=CIRCLE('',#4613,2.2);
#1701=CIRCLE('',#4622,0.5);
#1702=CIRCLE('',#4623,0.999999999999996);
#1703=CIRCLE('',#4628,2.);
#1704=CIRCLE('',#4629,1.5);
#1705=CIRCLE('',#4632,0.500000000000002);
#1706=CIRCLE('',#4634,0.500000000000002);
#1707=CIRCLE('',#4637,0.5);
#1708=CIRCLE('',#4640,0.5);
#1709=CIRCLE('',#4646,2.);
#1710=CIRCLE('',#4649,3.5);
#1711=CIRCLE('',#4650,3.5);
#1712=CIRCLE('',#4652,3.5);
#1713=CIRCLE('',#4655,1.);
#1714=CIRCLE('',#4658,1.);
#1715=CIRCLE('',#4661,1.);
#1716=CIRCLE('',#4664,1.);
#1717=CIRCLE('',#4666,1.);
#1718=CIRCLE('',#4669,1.);
#1719=CIRCLE('',#4672,1.);
#1720=CIRCLE('',#4675,1.);
#1721=CIRCLE('',#4678,1.);
#1722=CIRCLE('',#4681,1.);
#1723=CIRCLE('',#4685,1.);
#1724=CIRCLE('',#4688,1.);
#1725=CIRCLE('',#4690,2.);
#1726=CIRCLE('',#4695,1.);
#1727=CIRCLE('',#4698,1.);
#1728=CIRCLE('',#4701,1.);
#1729=CIRCLE('',#4704,1.);
#1730=CIRCLE('',#4706,1.);
#1731=CIRCLE('',#4711,1.);
#1732=CIRCLE('',#4714,2.);
#1733=CIRCLE('',#4717,2.);
#1734=CIRCLE('',#4720,1.);
#1735=CIRCLE('',#4722,1.);
#1736=CIRCLE('',#4740,1.5);
#1737=CIRCLE('',#4741,1.);
#1738=CIRCLE('',#4744,1.);
#1739=CIRCLE('',#4745,1.5);
#1740=CIRCLE('',#4748,1.);
#1741=CIRCLE('',#4749,1.5);
#1742=CIRCLE('',#4752,0.5);
#1743=CIRCLE('',#4753,0.999999999999999);
#1744=CIRCLE('',#4754,1.5);
#1745=CIRCLE('',#4762,1.);
#1746=CIRCLE('',#4766,0.5);
#1747=CIRCLE('',#4770,0.500000000000001);
#1748=CIRCLE('',#4773,1.);
#1749=CIRCLE('',#4776,0.5);
#1750=CIRCLE('',#4779,4.);
#1751=CIRCLE('',#4781,0.5);
#1752=CIRCLE('',#4782,1.5);
#1753=CIRCLE('',#4783,1.5);
#1754=CIRCLE('',#4784,0.5);
#1755=CIRCLE('',#4785,1.5);
#1756=CIRCLE('',#4786,1.);
#1757=CIRCLE('',#4787,0.5);
#1758=CIRCLE('',#4788,1.5);
#1759=CIRCLE('',#4789,1.5);
#1760=CIRCLE('',#4790,1.5);
#1761=CIRCLE('',#4791,1.5);
#1762=CIRCLE('',#4792,1.5);
#1763=CIRCLE('',#4793,1.5);
#1764=CIRCLE('',#4794,1.5);
#1765=CIRCLE('',#4795,1.5);
#1766=CIRCLE('',#4801,1.);
#1767=CIRCLE('',#4804,1.);
#1768=CIRCLE('',#4809,1.);
#1769=CIRCLE('',#4816,1.);
#1770=CIRCLE('',#4825,1.);
#1771=CIRCLE('',#4828,1.);
#1772=CIRCLE('',#4831,1.);
#1773=CIRCLE('',#4834,1.);
#1774=CIRCLE('',#4838,2.58);
#1775=CIRCLE('',#4839,1.5);
#1776=CIRCLE('',#4840,2.58);
#1777=CIRCLE('',#4842,2.58);
#1778=CIRCLE('',#4843,2.58);
#1779=CIRCLE('',#4844,2.58);
#1780=CIRCLE('',#4845,2.58);
#1781=CIRCLE('',#4847,2.58);
#1782=CIRCLE('',#4848,1.);
#1783=CIRCLE('',#4856,1.);
#1784=CIRCLE('',#4859,1.);
#1785=CIRCLE('',#4861,1.);
#1786=CIRCLE('',#4865,1.);
#1787=CIRCLE('',#4867,1.00000000000001);
#1788=CIRCLE('',#4868,0.999999999999995);
#1789=CIRCLE('',#4880,2.5);
#1790=CIRCLE('',#4881,2.5);
#1791=CIRCLE('',#4883,4.5);
#1792=CIRCLE('',#4884,4.5);
#1793=CIRCLE('',#4887,0.999999999999998);
#1794=CIRCLE('',#4890,2.58);
#1795=CIRCLE('',#4894,2.58);
#1796=CIRCLE('',#4896,1.5);
#1797=CIRCLE('',#4897,2.58);
#1798=CIRCLE('',#4899,2.58);
#1799=CIRCLE('',#4902,1.5);
#1800=CIRCLE('',#4904,1.5);
#1801=CIRCLE('',#4920,2.5);
#1802=CIRCLE('',#4922,2.5);
#1803=VERTEX_POINT('',#6222);
#1804=VERTEX_POINT('',#6224);
#1805=VERTEX_POINT('',#6228);
#1806=VERTEX_POINT('',#6232);
#1807=VERTEX_POINT('',#6233);
#1808=VERTEX_POINT('',#6235);
#1809=VERTEX_POINT('',#6237);
#1810=VERTEX_POINT('',#6239);
#1811=VERTEX_POINT('',#6241);
#1812=VERTEX_POINT('',#6243);
#1813=VERTEX_POINT('',#6245);
#1814=VERTEX_POINT('',#6247);
#1815=VERTEX_POINT('',#6249);
#1816=VERTEX_POINT('',#6251);
#1817=VERTEX_POINT('',#6253);
#1818=VERTEX_POINT('',#6255);
#1819=VERTEX_POINT('',#6257);
#1820=VERTEX_POINT('',#6259);
#1821=VERTEX_POINT('',#6261);
#1822=VERTEX_POINT('',#6263);
#1823=VERTEX_POINT('',#6265);
#1824=VERTEX_POINT('',#6267);
#1825=VERTEX_POINT('',#6269);
#1826=VERTEX_POINT('',#6271);
#1827=VERTEX_POINT('',#6274);
#1828=VERTEX_POINT('',#6276);
#1829=VERTEX_POINT('',#6277);
#1830=VERTEX_POINT('',#6279);
#1831=VERTEX_POINT('',#6281);
#1832=VERTEX_POINT('',#6283);
#1833=VERTEX_POINT('',#6285);
#1834=VERTEX_POINT('',#6287);
#1835=VERTEX_POINT('',#6289);
#1836=VERTEX_POINT('',#6292);
#1837=VERTEX_POINT('',#6293);
#1838=VERTEX_POINT('',#6295);
#1839=VERTEX_POINT('',#6297);
#1840=VERTEX_POINT('',#6299);
#1841=VERTEX_POINT('',#6301);
#1842=VERTEX_POINT('',#6303);
#1843=VERTEX_POINT('',#6305);
#1844=VERTEX_POINT('',#6309);
#1845=VERTEX_POINT('',#6313);
#1846=VERTEX_POINT('',#6314);
#1847=VERTEX_POINT('',#6316);
#1848=VERTEX_POINT('',#6318);
#1849=VERTEX_POINT('',#6320);
#1850=VERTEX_POINT('',#6322);
#1851=VERTEX_POINT('',#6326);
#1852=VERTEX_POINT('',#6327);
#1853=VERTEX_POINT('',#6329);
#1854=VERTEX_POINT('',#6331);
#1855=VERTEX_POINT('',#6333);
#1856=VERTEX_POINT('',#6337);
#1857=VERTEX_POINT('',#6339);
#1858=VERTEX_POINT('',#6343);
#1859=VERTEX_POINT('',#6345);
#1860=VERTEX_POINT('',#6349);
#1861=VERTEX_POINT('',#6351);
#1862=VERTEX_POINT('',#6355);
#1863=VERTEX_POINT('',#6357);
#1864=VERTEX_POINT('',#6359);
#1865=VERTEX_POINT('',#6361);
#1866=VERTEX_POINT('',#6365);
#1867=VERTEX_POINT('',#6367);
#1868=VERTEX_POINT('',#6369);
#1869=VERTEX_POINT('',#6371);
#1870=VERTEX_POINT('',#6373);
#1871=VERTEX_POINT('',#6375);
#1872=VERTEX_POINT('',#6378);
#1873=VERTEX_POINT('',#6382);
#1874=VERTEX_POINT('',#6383);
#1875=VERTEX_POINT('',#6385);
#1876=VERTEX_POINT('',#6387);
#1877=VERTEX_POINT('',#6389);
#1878=VERTEX_POINT('',#6393);
#1879=VERTEX_POINT('',#6395);
#1880=VERTEX_POINT('',#6397);
#1881=VERTEX_POINT('',#6399);
#1882=VERTEX_POINT('',#6401);
#1883=VERTEX_POINT('',#6403);
#1884=VERTEX_POINT('',#6405);
#1885=VERTEX_POINT('',#6407);
#1886=VERTEX_POINT('',#6409);
#1887=VERTEX_POINT('',#6411);
#1888=VERTEX_POINT('',#6413);
#1889=VERTEX_POINT('',#6415);
#1890=VERTEX_POINT('',#6417);
#1891=VERTEX_POINT('',#6419);
#1892=VERTEX_POINT('',#6421);
#1893=VERTEX_POINT('',#6423);
#1894=VERTEX_POINT('',#6425);
#1895=VERTEX_POINT('',#6427);
#1896=VERTEX_POINT('',#6432);
#1897=VERTEX_POINT('',#6434);
#1898=VERTEX_POINT('',#6438);
#1899=VERTEX_POINT('',#6439);
#1900=VERTEX_POINT('',#6446);
#1901=VERTEX_POINT('',#6453);
#1902=VERTEX_POINT('',#6487);
#1903=VERTEX_POINT('',#6488);
#1904=VERTEX_POINT('',#6493);
#1905=VERTEX_POINT('',#6494);
#1906=VERTEX_POINT('',#6499);
#1907=VERTEX_POINT('',#6500);
#1908=VERTEX_POINT('',#6505);
#1909=VERTEX_POINT('',#6506);
#1910=VERTEX_POINT('',#6511);
#1911=VERTEX_POINT('',#6513);
#1912=VERTEX_POINT('',#6515);
#1913=VERTEX_POINT('',#6547);
#1914=VERTEX_POINT('',#6552);
#1915=VERTEX_POINT('',#6560);
#1916=VERTEX_POINT('',#6562);
#1917=VERTEX_POINT('',#6564);
#1918=VERTEX_POINT('',#6566);
#1919=VERTEX_POINT('',#6568);
#1920=VERTEX_POINT('',#6570);
#1921=VERTEX_POINT('',#6572);
#1922=VERTEX_POINT('',#6574);
#1923=VERTEX_POINT('',#6576);
#1924=VERTEX_POINT('',#6580);
#1925=VERTEX_POINT('',#6584);
#1926=VERTEX_POINT('',#6586);
#1927=VERTEX_POINT('',#6588);
#1928=VERTEX_POINT('',#6617);
#1929=VERTEX_POINT('',#6624);
#1930=VERTEX_POINT('',#6631);
#1931=VERTEX_POINT('',#6636);
#1932=VERTEX_POINT('',#6638);
#1933=VERTEX_POINT('',#6642);
#1934=VERTEX_POINT('',#6647);
#1935=VERTEX_POINT('',#6648);
#1936=VERTEX_POINT('',#6653);
#1937=VERTEX_POINT('',#6689);
#1938=VERTEX_POINT('',#6690);
#1939=VERTEX_POINT('',#6692);
#1940=VERTEX_POINT('',#6705);
#1941=VERTEX_POINT('',#6720);
#1942=VERTEX_POINT('',#6721);
#1943=VERTEX_POINT('',#6723);
#1944=VERTEX_POINT('',#6727);
#1945=VERTEX_POINT('',#6739);
#1946=VERTEX_POINT('',#6740);
#1947=VERTEX_POINT('',#6742);
#1948=VERTEX_POINT('',#6744);
#1949=VERTEX_POINT('',#6776);
#1950=VERTEX_POINT('',#6818);
#1951=VERTEX_POINT('',#6820);
#1952=VERTEX_POINT('',#6857);
#1953=VERTEX_POINT('',#6858);
#1954=VERTEX_POINT('',#6860);
#1955=VERTEX_POINT('',#6862);
#1956=VERTEX_POINT('',#6866);
#1957=VERTEX_POINT('',#6868);
#1958=VERTEX_POINT('',#6872);
#1959=VERTEX_POINT('',#6874);
#1960=VERTEX_POINT('',#6878);
#1961=VERTEX_POINT('',#6880);
#1962=VERTEX_POINT('',#6884);
#1963=VERTEX_POINT('',#6886);
#1964=VERTEX_POINT('',#6890);
#1965=VERTEX_POINT('',#6892);
#1966=VERTEX_POINT('',#6896);
#1967=VERTEX_POINT('',#6898);
#1968=VERTEX_POINT('',#6903);
#1969=VERTEX_POINT('',#6929);
#1970=VERTEX_POINT('',#6930);
#1971=VERTEX_POINT('',#6932);
#1972=VERTEX_POINT('',#6939);
#1973=VERTEX_POINT('',#6998);
#1974=VERTEX_POINT('',#7000);
#1975=VERTEX_POINT('',#7002);
#1976=VERTEX_POINT('',#7004);
#1977=VERTEX_POINT('',#7023);
#1978=VERTEX_POINT('',#7040);
#1979=VERTEX_POINT('',#7042);
#1980=VERTEX_POINT('',#7044);
#1981=VERTEX_POINT('',#7048);
#1982=VERTEX_POINT('',#7052);
#1983=VERTEX_POINT('',#7054);
#1984=VERTEX_POINT('',#7058);
#1985=VERTEX_POINT('',#7060);
#1986=VERTEX_POINT('',#7062);
#1987=VERTEX_POINT('',#7066);
#1988=VERTEX_POINT('',#7070);
#1989=VERTEX_POINT('',#7072);
#1990=VERTEX_POINT('',#7074);
#1991=VERTEX_POINT('',#7076);
#1992=VERTEX_POINT('',#7078);
#1993=VERTEX_POINT('',#7082);
#1994=VERTEX_POINT('',#7084);
#1995=VERTEX_POINT('',#7088);
#1996=VERTEX_POINT('',#7090);
#1997=VERTEX_POINT('',#7092);
#1998=VERTEX_POINT('',#7094);
#1999=VERTEX_POINT('',#7109);
#2000=VERTEX_POINT('',#7138);
#2001=VERTEX_POINT('',#7139);
#2002=VERTEX_POINT('',#7163);
#2003=VERTEX_POINT('',#7165);
#2004=VERTEX_POINT('',#7167);
#2005=VERTEX_POINT('',#7169);
#2006=VERTEX_POINT('',#7189);
#2007=VERTEX_POINT('',#7190);
#2008=VERTEX_POINT('',#7192);
#2009=VERTEX_POINT('',#7194);
#2010=VERTEX_POINT('',#7198);
#2011=VERTEX_POINT('',#7200);
#2012=VERTEX_POINT('',#7204);
#2013=VERTEX_POINT('',#7205);
#2014=VERTEX_POINT('',#7208);
#2015=VERTEX_POINT('',#7214);
#2016=VERTEX_POINT('',#7216);
#2017=VERTEX_POINT('',#7218);
#2018=VERTEX_POINT('',#7222);
#2019=VERTEX_POINT('',#7224);
#2020=VERTEX_POINT('',#7228);
#2021=VERTEX_POINT('',#7230);
#2022=VERTEX_POINT('',#7234);
#2023=VERTEX_POINT('',#7243);
#2024=VERTEX_POINT('',#7245);
#2025=VERTEX_POINT('',#7247);
#2026=VERTEX_POINT('',#7253);
#2027=VERTEX_POINT('',#7257);
#2028=VERTEX_POINT('',#7261);
#2029=VERTEX_POINT('',#7265);
#2030=VERTEX_POINT('',#7269);
#2031=VERTEX_POINT('',#7273);
#2032=VERTEX_POINT('',#7275);
#2033=VERTEX_POINT('',#7277);
#2034=VERTEX_POINT('',#7281);
#2035=VERTEX_POINT('',#7285);
#2036=VERTEX_POINT('',#7289);
#2037=VERTEX_POINT('',#7290);
#2038=VERTEX_POINT('',#7295);
#2039=VERTEX_POINT('',#7299);
#2040=VERTEX_POINT('',#7301);
#2041=VERTEX_POINT('',#7305);
#2042=VERTEX_POINT('',#7309);
#2043=VERTEX_POINT('',#7313);
#2044=VERTEX_POINT('',#7317);
#2045=VERTEX_POINT('',#7321);
#2046=VERTEX_POINT('',#7325);
#2047=VERTEX_POINT('',#7331);
#2048=VERTEX_POINT('',#7333);
#2049=VERTEX_POINT('',#7337);
#2050=VERTEX_POINT('',#7341);
#2051=VERTEX_POINT('',#7345);
#2052=VERTEX_POINT('',#7349);
#2053=VERTEX_POINT('',#7351);
#2054=VERTEX_POINT('',#7355);
#2055=VERTEX_POINT('',#7359);
#2056=VERTEX_POINT('',#7363);
#2057=VERTEX_POINT('',#7367);
#2058=VERTEX_POINT('',#7371);
#2059=VERTEX_POINT('',#7375);
#2060=VERTEX_POINT('',#7381);
#2061=VERTEX_POINT('',#7383);
#2062=VERTEX_POINT('',#7387);
#2063=VERTEX_POINT('',#7391);
#2064=VERTEX_POINT('',#7395);
#2065=VERTEX_POINT('',#7400);
#2066=VERTEX_POINT('',#7410);
#2067=VERTEX_POINT('',#7414);
#2068=VERTEX_POINT('',#7418);
#2069=VERTEX_POINT('',#7422);
#2070=VERTEX_POINT('',#7426);
#2071=VERTEX_POINT('',#7430);
#2072=VERTEX_POINT('',#7434);
#2073=VERTEX_POINT('',#7447);
#2074=VERTEX_POINT('',#7451);
#2075=VERTEX_POINT('',#7460);
#2076=VERTEX_POINT('',#7466);
#2077=VERTEX_POINT('',#7470);
#2078=VERTEX_POINT('',#7474);
#2079=VERTEX_POINT('',#7478);
#2080=VERTEX_POINT('',#7487);
#2081=VERTEX_POINT('',#7489);
#2082=VERTEX_POINT('',#7493);
#2083=VERTEX_POINT('',#7507);
#2084=VERTEX_POINT('',#7509);
#2085=VERTEX_POINT('',#7513);
#2086=VERTEX_POINT('',#7515);
#2087=VERTEX_POINT('',#7519);
#2088=VERTEX_POINT('',#7520);
#2089=VERTEX_POINT('',#7525);
#2090=VERTEX_POINT('',#7527);
#2091=VERTEX_POINT('',#7531);
#2092=VERTEX_POINT('',#7532);
#2093=VERTEX_POINT('',#7537);
#2094=VERTEX_POINT('',#7538);
#2095=VERTEX_POINT('',#7543);
#2096=VERTEX_POINT('',#7546);
#2097=VERTEX_POINT('',#7548);
#2098=VERTEX_POINT('',#7550);
#2099=VERTEX_POINT('',#7552);
#2100=VERTEX_POINT('',#7554);
#2101=VERTEX_POINT('',#7556);
#2102=VERTEX_POINT('',#7558);
#2103=VERTEX_POINT('',#7560);
#2104=VERTEX_POINT('',#7562);
#2105=VERTEX_POINT('',#7569);
#2106=VERTEX_POINT('',#7571);
#2107=VERTEX_POINT('',#7575);
#2108=VERTEX_POINT('',#7579);
#2109=VERTEX_POINT('',#7583);
#2110=VERTEX_POINT('',#7585);
#2111=VERTEX_POINT('',#7589);
#2112=VERTEX_POINT('',#7593);
#2113=VERTEX_POINT('',#7599);
#2114=VERTEX_POINT('',#7601);
#2115=VERTEX_POINT('',#7603);
#2116=VERTEX_POINT('',#7607);
#2117=VERTEX_POINT('',#7611);
#2118=VERTEX_POINT('',#7615);
#2119=VERTEX_POINT('',#7619);
#2120=VERTEX_POINT('',#7623);
#2121=VERTEX_POINT('',#7627);
#2122=VERTEX_POINT('',#7629);
#2123=VERTEX_POINT('',#7631);
#2124=VERTEX_POINT('',#7633);
#2125=VERTEX_POINT('',#7635);
#2126=VERTEX_POINT('',#7637);
#2127=VERTEX_POINT('',#7639);
#2128=VERTEX_POINT('',#7641);
#2129=VERTEX_POINT('',#7643);
#2130=VERTEX_POINT('',#7645);
#2131=VERTEX_POINT('',#7648);
#2132=VERTEX_POINT('',#7654);
#2133=VERTEX_POINT('',#7659);
#2134=VERTEX_POINT('',#7660);
#2135=VERTEX_POINT('',#7662);
#2136=VERTEX_POINT('',#7664);
#2137=VERTEX_POINT('',#7666);
#2138=VERTEX_POINT('',#7668);
#2139=VERTEX_POINT('',#7670);
#2140=VERTEX_POINT('',#7672);
#2141=VERTEX_POINT('',#7675);
#2142=VERTEX_POINT('',#7676);
#2143=VERTEX_POINT('',#7678);
#2144=VERTEX_POINT('',#7680);
#2145=VERTEX_POINT('',#7682);
#2146=VERTEX_POINT('',#7684);
#2147=VERTEX_POINT('',#7686);
#2148=VERTEX_POINT('',#7688);
#2149=VERTEX_POINT('',#7699);
#2150=VERTEX_POINT('',#7703);
#2151=VERTEX_POINT('',#7707);
#2152=VERTEX_POINT('',#7719);
#2153=VERTEX_POINT('',#7721);
#2154=VERTEX_POINT('',#7736);
#2155=VERTEX_POINT('',#7753);
#2156=VERTEX_POINT('',#7757);
#2157=VERTEX_POINT('',#7761);
#2158=VERTEX_POINT('',#7765);
#2159=VERTEX_POINT('',#7769);
#2160=VERTEX_POINT('',#7773);
#2161=VERTEX_POINT('',#7783);
#2162=VERTEX_POINT('',#7785);
#2163=VERTEX_POINT('',#7790);
#2164=VERTEX_POINT('',#7792);
#2165=VERTEX_POINT('',#7794);
#2166=VERTEX_POINT('',#7796);
#2167=VERTEX_POINT('',#7798);
#2168=VERTEX_POINT('',#7802);
#2169=VERTEX_POINT('',#7806);
#2170=VERTEX_POINT('',#7810);
#2171=VERTEX_POINT('',#7817);
#2172=VERTEX_POINT('',#7821);
#2173=VERTEX_POINT('',#7823);
#2174=VERTEX_POINT('',#7827);
#2175=VERTEX_POINT('',#7831);
#2176=VERTEX_POINT('',#7835);
#2177=VERTEX_POINT('',#7838);
#2178=VERTEX_POINT('',#7843);
#2179=VERTEX_POINT('',#7937);
#2180=VERTEX_POINT('',#7938);
#2181=VERTEX_POINT('',#7946);
#2182=VERTEX_POINT('',#8057);
#2183=VERTEX_POINT('',#8063);
#2184=VERTEX_POINT('',#8070);
#2185=VERTEX_POINT('',#8149);
#2186=VERTEX_POINT('',#8153);
#2187=VERTEX_POINT('',#8162);
#2188=VERTEX_POINT('',#8170);
#2189=VERTEX_POINT('',#8174);
#2190=VERTEX_POINT('',#8196);
#2191=VERTEX_POINT('',#8200);
#2192=EDGE_CURVE('',#1803,#1803,#1640,.T.);
#2193=EDGE_CURVE('',#1803,#1804,#836,.T.);
#2194=EDGE_CURVE('',#1804,#1804,#1641,.T.);
#2195=EDGE_CURVE('',#1805,#1805,#1642,.T.);
#2196=EDGE_CURVE('',#1805,#1804,#837,.T.);
#2197=EDGE_CURVE('',#1806,#1807,#1643,.T.);
#2198=EDGE_CURVE('',#1808,#1806,#838,.T.);
#2199=EDGE_CURVE('',#1809,#1808,#1644,.T.);
#2200=EDGE_CURVE('',#1810,#1809,#839,.T.);
#2201=EDGE_CURVE('',#1811,#1810,#1645,.T.);
#2202=EDGE_CURVE('',#1812,#1811,#840,.T.);
#2203=EDGE_CURVE('',#1813,#1812,#1646,.T.);
#2204=EDGE_CURVE('',#1814,#1813,#841,.T.);
#2205=EDGE_CURVE('',#1815,#1814,#1647,.T.);
#2206=EDGE_CURVE('',#1816,#1815,#842,.T.);
#2207=EDGE_CURVE('',#1817,#1816,#1648,.T.);
#2208=EDGE_CURVE('',#1818,#1817,#1649,.T.);
#2209=EDGE_CURVE('',#1819,#1818,#843,.T.);
#2210=EDGE_CURVE('',#1820,#1819,#1650,.T.);
#2211=EDGE_CURVE('',#1821,#1820,#844,.T.);
#2212=EDGE_CURVE('',#1822,#1821,#1651,.T.);
#2213=EDGE_CURVE('',#1823,#1822,#845,.T.);
#2214=EDGE_CURVE('',#1824,#1823,#1652,.T.);
#2215=EDGE_CURVE('',#1825,#1824,#846,.T.);
#2216=EDGE_CURVE('',#1826,#1825,#1653,.T.);
#2217=EDGE_CURVE('',#1807,#1826,#847,.T.);
#2218=EDGE_CURVE('',#1827,#1827,#1654,.T.);
#2219=EDGE_CURVE('',#1828,#1829,#1655,.T.);
#2220=EDGE_CURVE('',#1830,#1828,#848,.T.);
#2221=EDGE_CURVE('',#1831,#1830,#1656,.T.);
#2222=EDGE_CURVE('',#1832,#1831,#849,.T.);
#2223=EDGE_CURVE('',#1833,#1832,#1657,.T.);
#2224=EDGE_CURVE('',#1834,#1833,#850,.T.);
#2225=EDGE_CURVE('',#1835,#1834,#1658,.T.);
#2226=EDGE_CURVE('',#1829,#1835,#851,.T.);
#2227=EDGE_CURVE('',#1836,#1837,#852,.T.);
#2228=EDGE_CURVE('',#1838,#1836,#1659,.T.);
#2229=EDGE_CURVE('',#1839,#1838,#853,.T.);
#2230=EDGE_CURVE('',#1840,#1839,#1660,.T.);
#2231=EDGE_CURVE('',#1841,#1840,#854,.T.);
#2232=EDGE_CURVE('',#1842,#1841,#1661,.T.);
#2233=EDGE_CURVE('',#1843,#1842,#855,.T.);
#2234=EDGE_CURVE('',#1837,#1843,#1662,.T.);
#2235=EDGE_CURVE('',#1844,#1844,#1663,.T.);
#2236=EDGE_CURVE('',#1844,#1805,#856,.T.);
#2237=EDGE_CURVE('',#1845,#1846,#857,.T.);
#2238=EDGE_CURVE('',#1847,#1845,#858,.T.);
#2239=EDGE_CURVE('',#1848,#1847,#859,.T.);
#2240=EDGE_CURVE('',#1849,#1848,#1664,.T.);
#2241=EDGE_CURVE('',#1850,#1849,#860,.T.);
#2242=EDGE_CURVE('',#1846,#1850,#1665,.T.);
#2243=EDGE_CURVE('',#1851,#1852,#861,.T.);
#2244=EDGE_CURVE('',#1852,#1853,#80,.T.);
#2245=EDGE_CURVE('',#1853,#1854,#81,.T.);
#2246=EDGE_CURVE('',#1854,#1855,#862,.T.);
#2247=EDGE_CURVE('',#1855,#1851,#82,.T.);
#2248=EDGE_CURVE('',#1855,#1856,#863,.T.);
#2249=EDGE_CURVE('',#1856,#1857,#83,.F.);
#2250=EDGE_CURVE('',#1857,#1851,#864,.T.);
#2251=EDGE_CURVE('',#1858,#1852,#865,.T.);
#2252=EDGE_CURVE('',#1859,#1858,#866,.T.);
#2253=EDGE_CURVE('',#1853,#1859,#867,.T.);
#2254=EDGE_CURVE('',#1851,#1860,#868,.T.);
#2255=EDGE_CURVE('',#1860,#1861,#38,.T.);
#2256=EDGE_CURVE('',#1861,#1862,#869,.T.);
#2257=EDGE_CURVE('',#1863,#1862,#870,.T.);
#2258=EDGE_CURVE('',#1864,#1863,#84,.F.);
#2259=EDGE_CURVE('',#1864,#1865,#871,.F.);
#2260=EDGE_CURVE('',#1858,#1865,#872,.T.);
#2261=EDGE_CURVE('',#1866,#1857,#873,.T.);
#2262=EDGE_CURVE('',#1867,#1866,#1666,.T.);
#2263=EDGE_CURVE('',#1868,#1867,#874,.T.);
#2264=EDGE_CURVE('',#1869,#1868,#1667,.T.);
#2265=EDGE_CURVE('',#1870,#1869,#1668,.T.);
#2266=EDGE_CURVE('',#1871,#1870,#875,.T.);
#2267=EDGE_CURVE('',#1871,#1862,#876,.T.);
#2268=EDGE_CURVE('',#1872,#1861,#1669,.T.);
#2269=EDGE_CURVE('',#1860,#1872,#1670,.T.);
#2270=EDGE_CURVE('',#1873,#1874,#1671,.T.);
#2271=EDGE_CURVE('',#1874,#1875,#877,.T.);
#2272=EDGE_CURVE('',#1875,#1876,#1672,.F.);
#2273=EDGE_CURVE('',#1876,#1877,#878,.T.);
#2274=EDGE_CURVE('',#1877,#1873,#85,.T.);
#2275=EDGE_CURVE('',#1878,#1875,#879,.T.);
#2276=EDGE_CURVE('',#1879,#1874,#880,.T.);
#2277=EDGE_CURVE('',#1880,#1879,#881,.T.);
#2278=EDGE_CURVE('',#1881,#1880,#882,.T.);
#2279=EDGE_CURVE('',#1882,#1881,#883,.T.);
#2280=EDGE_CURVE('',#1883,#1882,#884,.T.);
#2281=EDGE_CURVE('',#1884,#1883,#885,.T.);
#2282=EDGE_CURVE('',#1885,#1884,#886,.T.);
#2283=EDGE_CURVE('',#1886,#1885,#887,.T.);
#2284=EDGE_CURVE('',#1887,#1886,#888,.T.);
#2285=EDGE_CURVE('',#1888,#1887,#1673,.T.);
#2286=EDGE_CURVE('',#1889,#1888,#889,.T.);
#2287=EDGE_CURVE('',#1889,#1890,#890,.T.);
#2288=EDGE_CURVE('',#1891,#1890,#891,.T.);
#2289=EDGE_CURVE('',#1891,#1892,#892,.T.);
#2290=EDGE_CURVE('',#1892,#1893,#893,.T.);
#2291=EDGE_CURVE('',#1893,#1894,#1674,.T.);
#2292=EDGE_CURVE('',#1894,#1895,#894,.T.);
#2293=EDGE_CURVE('',#1895,#1878,#1675,.T.);
#2294=EDGE_CURVE('',#1879,#1859,#1676,.T.);
#2295=EDGE_CURVE('',#1896,#1873,#895,.T.);
#2296=EDGE_CURVE('',#1897,#1896,#1677,.T.);
#2297=EDGE_CURVE('',#1897,#1854,#896,.T.);
#2298=EDGE_CURVE('',#1898,#1899,#39,.T.);
#2299=EDGE_CURVE('',#1899,#1900,#40,.T.);
#2300=EDGE_CURVE('',#1900,#1901,#897,.T.);
#2301=EDGE_CURVE('',#1901,#1845,#1678,.T.);
#2302=EDGE_CURVE('',#1846,#1898,#41,.T.);
#2303=EDGE_CURVE('',#1902,#1903,#1679,.T.);
#2304=EDGE_CURVE('',#1903,#1845,#86,.T.);
#2305=EDGE_CURVE('',#1901,#1902,#87,.T.);
#2306=EDGE_CURVE('',#1904,#1905,#1680,.T.);
#2307=EDGE_CURVE('',#1905,#1903,#898,.T.);
#2308=EDGE_CURVE('',#1902,#1904,#899,.T.);
#2309=EDGE_CURVE('',#1906,#1907,#1681,.T.);
#2310=EDGE_CURVE('',#1907,#1905,#1682,.T.);
#2311=EDGE_CURVE('',#1904,#1906,#1683,.T.);
#2312=EDGE_CURVE('',#1908,#1909,#88,.F.);
#2313=EDGE_CURVE('',#1909,#1907,#900,.T.);
#2314=EDGE_CURVE('',#1906,#1908,#901,.T.);
#2315=EDGE_CURVE('',#1908,#1910,#902,.T.);
#2316=EDGE_CURVE('',#1906,#1911,#903,.T.);
#2317=EDGE_CURVE('',#1912,#1911,#42,.T.);
#2318=EDGE_CURVE('',#1913,#1912,#43,.T.);
#2319=EDGE_CURVE('',#1914,#1913,#44,.T.);
#2320=EDGE_CURVE('',#1856,#1914,#904,.T.);
#2321=EDGE_CURVE('',#1915,#1856,#905,.T.);
#2322=EDGE_CURVE('',#1916,#1915,#906,.T.);
#2323=EDGE_CURVE('',#1917,#1916,#907,.T.);
#2324=EDGE_CURVE('',#1918,#1917,#89,.T.);
#2325=EDGE_CURVE('',#1919,#1918,#908,.T.);
#2326=EDGE_CURVE('',#1920,#1919,#90,.T.);
#2327=EDGE_CURVE('',#1921,#1920,#909,.T.);
#2328=EDGE_CURVE('',#1922,#1921,#910,.T.);
#2329=EDGE_CURVE('',#1923,#1922,#911,.T.);
#2330=EDGE_CURVE('',#1910,#1923,#912,.T.);
#2331=EDGE_CURVE('',#1904,#1924,#913,.T.);
#2332=EDGE_CURVE('',#1911,#1924,#914,.T.);
#2333=EDGE_CURVE('',#1925,#1900,#91,.T.);
#2334=EDGE_CURVE('',#1926,#1925,#915,.T.);
#2335=EDGE_CURVE('',#1927,#1926,#916,.T.);
#2336=EDGE_CURVE('',#1924,#1927,#45,.T.);
#2337=EDGE_CURVE('',#1928,#1898,#46,.T.);
#2338=EDGE_CURVE('',#1928,#1929,#47,.T.);
#2339=EDGE_CURVE('',#1925,#1929,#917,.T.);
#2340=EDGE_CURVE('',#1850,#1930,#918,.T.);
#2341=EDGE_CURVE('',#1930,#1928,#1684,.T.);
#2342=EDGE_CURVE('',#1915,#1897,#919,.T.);
#2343=EDGE_CURVE('',#1896,#1931,#92,.T.);
#2344=EDGE_CURVE('',#1931,#1932,#920,.T.);
#2345=EDGE_CURVE('',#1932,#1915,#93,.T.);
#2346=EDGE_CURVE('',#1932,#1933,#921,.T.);
#2347=EDGE_CURVE('',#1933,#1916,#94,.F.);
#2348=EDGE_CURVE('',#1934,#1935,#922,.T.);
#2349=EDGE_CURVE('',#1935,#1909,#923,.T.);
#2350=EDGE_CURVE('',#1910,#1934,#924,.T.);
#2351=EDGE_CURVE('',#1936,#1935,#925,.T.);
#2352=EDGE_CURVE('',#1936,#1903,#926,.T.);
#2353=EDGE_CURVE('',#1922,#1891,#927,.T.);
#2354=EDGE_CURVE('',#1890,#1923,#928,.T.);
#2355=EDGE_CURVE('',#1892,#1921,#929,.T.);
#2356=EDGE_CURVE('',#1877,#1931,#930,.T.);
#2357=EDGE_CURVE('',#1876,#1933,#931,.T.);
#2358=EDGE_CURVE('',#1937,#1938,#932,.T.);
#2359=EDGE_CURVE('',#1937,#1939,#48,.T.);
#2360=EDGE_CURVE('',#1940,#1939,#49,.T.);
#2361=EDGE_CURVE('',#1940,#1938,#50,.T.);
#2362=EDGE_CURVE('',#1941,#1942,#933,.T.);
#2363=EDGE_CURVE('',#1942,#1943,#51,.T.);
#2364=EDGE_CURVE('',#1943,#1944,#52,.T.);
#2365=EDGE_CURVE('',#1944,#1940,#934,.T.);
#2366=EDGE_CURVE('',#1939,#1941,#53,.T.);
#2367=EDGE_CURVE('',#1945,#1946,#935,.T.);
#2368=EDGE_CURVE('',#1946,#1947,#936,.T.);
#2369=EDGE_CURVE('',#1947,#1948,#937,.T.);
#2370=EDGE_CURVE('',#1948,#1945,#54,.T.);
#2371=EDGE_CURVE('',#1943,#1949,#55,.F.);
#2372=EDGE_CURVE('',#1949,#1945,#56,.T.);
#2373=EDGE_CURVE('',#1948,#1944,#57,.T.);
#2374=EDGE_CURVE('',#1938,#1950,#938,.T.);
#2375=EDGE_CURVE('',#1950,#1951,#58,.T.);
#2376=EDGE_CURVE('',#1951,#1937,#59,.T.);
#2377=EDGE_CURVE('',#1952,#1953,#939,.T.);
#2378=EDGE_CURVE('',#1953,#1954,#940,.T.);
#2379=EDGE_CURVE('',#1954,#1955,#941,.T.);
#2380=EDGE_CURVE('',#1955,#1952,#942,.T.);
#2381=EDGE_CURVE('',#1954,#1956,#1685,.T.);
#2382=EDGE_CURVE('',#1956,#1957,#943,.T.);
#2383=EDGE_CURVE('',#1957,#1955,#1686,.T.);
#2384=EDGE_CURVE('',#1956,#1958,#944,.T.);
#2385=EDGE_CURVE('',#1958,#1959,#945,.T.);
#2386=EDGE_CURVE('',#1959,#1957,#946,.T.);
#2387=EDGE_CURVE('',#1958,#1960,#1687,.T.);
#2388=EDGE_CURVE('',#1960,#1961,#947,.T.);
#2389=EDGE_CURVE('',#1961,#1959,#1688,.T.);
#2390=EDGE_CURVE('',#1960,#1962,#948,.T.);
#2391=EDGE_CURVE('',#1962,#1963,#949,.T.);
#2392=EDGE_CURVE('',#1963,#1961,#950,.T.);
#2393=EDGE_CURVE('',#1962,#1964,#1689,.T.);
#2394=EDGE_CURVE('',#1964,#1965,#951,.T.);
#2395=EDGE_CURVE('',#1965,#1963,#1690,.T.);
#2396=EDGE_CURVE('',#1964,#1966,#952,.T.);
#2397=EDGE_CURVE('',#1966,#1967,#953,.T.);
#2398=EDGE_CURVE('',#1967,#1965,#954,.T.);
#2399=EDGE_CURVE('',#1950,#1967,#1691,.T.);
#2400=EDGE_CURVE('',#1966,#1968,#1692,.T.);
#2401=EDGE_CURVE('',#1968,#1951,#60,.T.);
#2402=EDGE_CURVE('',#1969,#1970,#955,.T.);
#2403=EDGE_CURVE('',#1970,#1971,#61,.T.);
#2404=EDGE_CURVE('',#1971,#1972,#956,.T.);
#2405=EDGE_CURVE('',#1972,#1969,#62,.T.);
#2406=EDGE_CURVE('',#1969,#1953,#63,.T.);
#2407=EDGE_CURVE('',#1952,#1970,#95,.T.);
#2408=EDGE_CURVE('',#1946,#1972,#64,.T.);
#2409=EDGE_CURVE('',#1971,#1947,#65,.T.);
#2410=EDGE_CURVE('',#1966,#1973,#957,.T.);
#2411=EDGE_CURVE('',#1974,#1973,#1693,.T.);
#2412=EDGE_CURVE('',#1975,#1974,#958,.T.);
#2413=EDGE_CURVE('',#1976,#1975,#66,.T.);
#2414=EDGE_CURVE('',#1976,#1977,#959,.T.);
#2415=EDGE_CURVE('',#1968,#1977,#67,.T.);
#2416=EDGE_CURVE('',#1978,#1964,#960,.T.);
#2417=EDGE_CURVE('',#1979,#1978,#961,.T.);
#2418=EDGE_CURVE('',#1980,#1979,#17,.F.);
#2419=EDGE_CURVE('',#1981,#1980,#962,.T.);
#2420=EDGE_CURVE('',#1973,#1981,#963,.T.);
#2421=EDGE_CURVE('',#1962,#1982,#964,.T.);
#2422=EDGE_CURVE('',#1983,#1982,#96,.F.);
#2423=EDGE_CURVE('',#1983,#1978,#1694,.F.);
#2424=EDGE_CURVE('',#1984,#1960,#965,.T.);
#2425=EDGE_CURVE('',#1985,#1984,#966,.T.);
#2426=EDGE_CURVE('',#1986,#1985,#967,.T.);
#2427=EDGE_CURVE('',#1982,#1986,#968,.T.);
#2428=EDGE_CURVE('',#1958,#1987,#969,.T.);
#2429=EDGE_CURVE('',#1984,#1987,#1695,.T.);
#2430=EDGE_CURVE('',#1988,#1956,#970,.T.);
#2431=EDGE_CURVE('',#1989,#1988,#971,.T.);
#2432=EDGE_CURVE('',#1990,#1989,#972,.T.);
#2433=EDGE_CURVE('',#1991,#1990,#973,.T.);
#2434=EDGE_CURVE('',#1992,#1991,#974,.T.);
#2435=EDGE_CURVE('',#1987,#1992,#975,.T.);
#2436=EDGE_CURVE('',#1954,#1993,#976,.T.);
#2437=EDGE_CURVE('',#1993,#1994,#97,.T.);
#2438=EDGE_CURVE('',#1994,#1988,#98,.T.);
#2439=EDGE_CURVE('',#1995,#1969,#1696,.T.);
#2440=EDGE_CURVE('',#1996,#1995,#1697,.T.);
#2441=EDGE_CURVE('',#1997,#1996,#977,.T.);
#2442=EDGE_CURVE('',#1998,#1997,#978,.T.);
#2443=EDGE_CURVE('',#1993,#1998,#979,.T.);
#2444=EDGE_CURVE('',#1995,#1972,#1698,.T.);
#2445=EDGE_CURVE('',#1849,#1999,#980,.T.);
#2446=EDGE_CURVE('',#1999,#1930,#981,.T.);
#2447=EDGE_CURVE('',#1848,#1886,#982,.T.);
#2448=EDGE_CURVE('',#1886,#1999,#1699,.T.);
#2449=EDGE_CURVE('',#1847,#1887,#983,.T.);
#2450=EDGE_CURVE('',#1936,#1888,#984,.T.);
#2451=EDGE_CURVE('',#1847,#1936,#1700,.T.);
#2452=EDGE_CURVE('',#1934,#1889,#985,.T.);
#2453=EDGE_CURVE('',#2000,#2001,#68,.F.);
#2454=EDGE_CURVE('',#2001,#1926,#69,.T.);
#2455=EDGE_CURVE('',#1926,#2000,#986,.T.);
#2456=EDGE_CURVE('',#1929,#2000,#987,.T.);
#2457=EDGE_CURVE('',#2001,#2002,#99,.T.);
#2458=EDGE_CURVE('',#2002,#2003,#100,.F.);
#2459=EDGE_CURVE('',#2003,#2004,#988,.T.);
#2460=EDGE_CURVE('',#2004,#2005,#70,.T.);
#2461=EDGE_CURVE('',#1927,#2005,#71,.T.);
#2462=EDGE_CURVE('',#2006,#2007,#989,.T.);
#2463=EDGE_CURVE('',#2007,#2008,#990,.T.);
#2464=EDGE_CURVE('',#2008,#2009,#991,.T.);
#2465=EDGE_CURVE('',#2009,#2006,#992,.T.);
#2466=EDGE_CURVE('',#2006,#2010,#1701,.T.);
#2467=EDGE_CURVE('',#2010,#2011,#993,.T.);
#2468=EDGE_CURVE('',#2011,#2007,#1702,.T.);
#2469=EDGE_CURVE('',#2012,#2013,#994,.T.);
#2470=EDGE_CURVE('',#2012,#2011,#995,.T.);
#2471=EDGE_CURVE('',#2010,#2014,#996,.T.);
#2472=EDGE_CURVE('',#2014,#2013,#18,.F.);
#2473=EDGE_CURVE('',#2015,#2008,#997,.T.);
#2474=EDGE_CURVE('',#2008,#2016,#998,.T.);
#2475=EDGE_CURVE('',#2016,#2017,#999,.T.);
#2476=EDGE_CURVE('',#2017,#2015,#1000,.T.);
#2477=EDGE_CURVE('',#2000,#2018,#1001,.T.);
#2478=EDGE_CURVE('',#2018,#2019,#1002,.T.);
#2479=EDGE_CURVE('',#2019,#2002,#1003,.T.);
#2480=EDGE_CURVE('',#2018,#2020,#1703,.T.);
#2481=EDGE_CURVE('',#2020,#2021,#1004,.T.);
#2482=EDGE_CURVE('',#2021,#2019,#1704,.T.);
#2483=EDGE_CURVE('',#2022,#2016,#1005,.T.);
#2484=EDGE_CURVE('',#2016,#2021,#1006,.T.);
#2485=EDGE_CURVE('',#2020,#2022,#1007,.T.);
#2486=EDGE_CURVE('',#2022,#2017,#1705,.T.);
#2487=EDGE_CURVE('',#2015,#2009,#1706,.T.);
#2488=EDGE_CURVE('',#2023,#2010,#1008,.T.);
#2489=EDGE_CURVE('',#2024,#2023,#1009,.T.);
#2490=EDGE_CURVE('',#2024,#2025,#1010,.T.);
#2491=EDGE_CURVE('',#2025,#2014,#19,.T.);
#2492=EDGE_CURVE('',#2006,#2026,#1011,.T.);
#2493=EDGE_CURVE('',#2023,#2026,#1707,.T.);
#2494=EDGE_CURVE('',#2027,#2009,#1012,.T.);
#2495=EDGE_CURVE('',#2026,#2027,#1013,.T.);
#2496=EDGE_CURVE('',#2015,#2028,#1014,.T.);
#2497=EDGE_CURVE('',#2028,#2027,#1708,.F.);
#2498=EDGE_CURVE('',#2029,#2017,#1015,.T.);
#2499=EDGE_CURVE('',#2028,#2029,#1016,.T.);
#2500=EDGE_CURVE('',#2022,#2030,#1017,.T.);
#2501=EDGE_CURVE('',#2029,#2030,#101,.F.);
#2502=EDGE_CURVE('',#2031,#2020,#1018,.T.);
#2503=EDGE_CURVE('',#2032,#2031,#1019,.T.);
#2504=EDGE_CURVE('',#2033,#2032,#1020,.T.);
#2505=EDGE_CURVE('',#2030,#2033,#1021,.T.);
#2506=EDGE_CURVE('',#2018,#2034,#1022,.T.);
#2507=EDGE_CURVE('',#2031,#2034,#1709,.T.);
#2508=EDGE_CURVE('',#2035,#1929,#1023,.T.);
#2509=EDGE_CURVE('',#2034,#2035,#1024,.T.);
#2510=EDGE_CURVE('',#2036,#2037,#1710,.T.);
#2511=EDGE_CURVE('',#2037,#1827,#1025,.T.);
#2512=EDGE_CURVE('',#2037,#2036,#1711,.T.);
#2513=EDGE_CURVE('',#2036,#2038,#1026,.T.);
#2514=EDGE_CURVE('',#2038,#2038,#1712,.T.);
#2515=EDGE_CURVE('',#2039,#1836,#1027,.T.);
#2516=EDGE_CURVE('',#1837,#2040,#1028,.T.);
#2517=EDGE_CURVE('',#2040,#2039,#1029,.T.);
#2518=EDGE_CURVE('',#2039,#2041,#1713,.T.);
#2519=EDGE_CURVE('',#2041,#1838,#1030,.T.);
#2520=EDGE_CURVE('',#2042,#1839,#1031,.T.);
#2521=EDGE_CURVE('',#2041,#2042,#1032,.T.);
#2522=EDGE_CURVE('',#2042,#2043,#1714,.T.);
#2523=EDGE_CURVE('',#2043,#1840,#1033,.T.);
#2524=EDGE_CURVE('',#2044,#1841,#1034,.T.);
#2525=EDGE_CURVE('',#2043,#2044,#1035,.T.);
#2526=EDGE_CURVE('',#2044,#2045,#1715,.T.);
#2527=EDGE_CURVE('',#2045,#1842,#1036,.T.);
#2528=EDGE_CURVE('',#2046,#1843,#1037,.T.);
#2529=EDGE_CURVE('',#2045,#2046,#1038,.T.);
#2530=EDGE_CURVE('',#2046,#2040,#1716,.T.);
#2531=EDGE_CURVE('',#2042,#2047,#1039,.T.);
#2532=EDGE_CURVE('',#2048,#2047,#1717,.T.);
#2533=EDGE_CURVE('',#2048,#2043,#1040,.T.);
#2534=EDGE_CURVE('',#2049,#2041,#1041,.T.);
#2535=EDGE_CURVE('',#2047,#2049,#1042,.T.);
#2536=EDGE_CURVE('',#2039,#2050,#1043,.T.);
#2537=EDGE_CURVE('',#2049,#2050,#1718,.T.);
#2538=EDGE_CURVE('',#2051,#2040,#1044,.T.);
#2539=EDGE_CURVE('',#2050,#2051,#1045,.T.);
#2540=EDGE_CURVE('',#1829,#2052,#1046,.T.);
#2541=EDGE_CURVE('',#2052,#2053,#1719,.T.);
#2542=EDGE_CURVE('',#2053,#1828,#1047,.T.);
#2543=EDGE_CURVE('',#1835,#2054,#1048,.T.);
#2544=EDGE_CURVE('',#2054,#2052,#1049,.T.);
#2545=EDGE_CURVE('',#1834,#2055,#1050,.T.);
#2546=EDGE_CURVE('',#2055,#2054,#1720,.T.);
#2547=EDGE_CURVE('',#1833,#2056,#1051,.T.);
#2548=EDGE_CURVE('',#2056,#2055,#1052,.T.);
#2549=EDGE_CURVE('',#1832,#2057,#1053,.T.);
#2550=EDGE_CURVE('',#2057,#2056,#1721,.T.);
#2551=EDGE_CURVE('',#1831,#2058,#1054,.T.);
#2552=EDGE_CURVE('',#2058,#2057,#1055,.T.);
#2553=EDGE_CURVE('',#1830,#2059,#1056,.T.);
#2554=EDGE_CURVE('',#2059,#2058,#1722,.T.);
#2555=EDGE_CURVE('',#2053,#2059,#1057,.T.);
#2556=EDGE_CURVE('',#2060,#2058,#1058,.T.);
#2557=EDGE_CURVE('',#2061,#2060,#1059,.T.);
#2558=EDGE_CURVE('',#2057,#2061,#1060,.T.);
#2559=EDGE_CURVE('',#2059,#2062,#1061,.T.);
#2560=EDGE_CURVE('',#2060,#2062,#1723,.T.);
#2561=EDGE_CURVE('',#2063,#2053,#1062,.T.);
#2562=EDGE_CURVE('',#2062,#2063,#1063,.T.);
#2563=EDGE_CURVE('',#2052,#2064,#1064,.T.);
#2564=EDGE_CURVE('',#2063,#2064,#1724,.T.);
#2565=EDGE_CURVE('',#1807,#2035,#1065,.T.);
#2566=EDGE_CURVE('',#2035,#2065,#1725,.T.);
#2567=EDGE_CURVE('',#2065,#1806,#1066,.T.);
#2568=EDGE_CURVE('',#1826,#2034,#1067,.T.);
#2569=EDGE_CURVE('',#1825,#2031,#1068,.T.);
#2570=EDGE_CURVE('',#1824,#2032,#1069,.T.);
#2571=EDGE_CURVE('',#1823,#2066,#1070,.T.);
#2572=EDGE_CURVE('',#2066,#2032,#1726,.T.);
#2573=EDGE_CURVE('',#1822,#2067,#1071,.T.);
#2574=EDGE_CURVE('',#2067,#2066,#1072,.T.);
#2575=EDGE_CURVE('',#1821,#2068,#1073,.T.);
#2576=EDGE_CURVE('',#2068,#2067,#1727,.T.);
#2577=EDGE_CURVE('',#1820,#2069,#1074,.T.);
#2578=EDGE_CURVE('',#2069,#2068,#1075,.T.);
#2579=EDGE_CURVE('',#1819,#2070,#1076,.T.);
#2580=EDGE_CURVE('',#2070,#2069,#1728,.T.);
#2581=EDGE_CURVE('',#1818,#2071,#1077,.T.);
#2582=EDGE_CURVE('',#2071,#2070,#1078,.T.);
#2583=EDGE_CURVE('',#1817,#2072,#1079,.T.);
#2584=EDGE_CURVE('',#2072,#2071,#1729,.T.);
#2585=EDGE_CURVE('',#1816,#1992,#1080,.T.);
#2586=EDGE_CURVE('',#1992,#2072,#1730,.T.);
#2587=EDGE_CURVE('',#1815,#1987,#1081,.T.);
#2588=EDGE_CURVE('',#1814,#1984,#1082,.T.);
#2589=EDGE_CURVE('',#1813,#1985,#1083,.T.);
#2590=EDGE_CURVE('',#1812,#2073,#1084,.T.);
#2591=EDGE_CURVE('',#2073,#1985,#1731,.T.);
#2592=EDGE_CURVE('',#1811,#2074,#1085,.T.);
#2593=EDGE_CURVE('',#2074,#2073,#1086,.T.);
#2594=EDGE_CURVE('',#1810,#1884,#1087,.T.);
#2595=EDGE_CURVE('',#1884,#2074,#1732,.T.);
#2596=EDGE_CURVE('',#1809,#1885,#1088,.T.);
#2597=EDGE_CURVE('',#1808,#2075,#1089,.T.);
#2598=EDGE_CURVE('',#2075,#1885,#1733,.T.);
#2599=EDGE_CURVE('',#2065,#2075,#1090,.T.);
#2600=EDGE_CURVE('',#2076,#1991,#1734,.T.);
#2601=EDGE_CURVE('',#2072,#2076,#1091,.T.);
#2602=EDGE_CURVE('',#2073,#2077,#1092,.T.);
#2603=EDGE_CURVE('',#1986,#2077,#1735,.T.);
#2604=EDGE_CURVE('',#2078,#2074,#1093,.T.);
#2605=EDGE_CURVE('',#2077,#2078,#1094,.T.);
#2606=EDGE_CURVE('',#1883,#2079,#102,.T.);
#2607=EDGE_CURVE('',#2079,#2078,#103,.T.);
#2608=EDGE_CURVE('',#2075,#1999,#1095,.T.);
#2609=EDGE_CURVE('',#1930,#2065,#1096,.T.);
#2610=EDGE_CURVE('',#2080,#2079,#1097,.T.);
#2611=EDGE_CURVE('',#2080,#2081,#1098,.T.);
#2612=EDGE_CURVE('',#2077,#2081,#1099,.T.);
#2613=EDGE_CURVE('',#1882,#2082,#104,.F.);
#2614=EDGE_CURVE('',#2082,#2080,#1100,.T.);
#2615=EDGE_CURVE('',#1878,#1917,#1101,.T.);
#2616=EDGE_CURVE('',#1895,#1918,#1102,.T.);
#2617=EDGE_CURVE('',#1893,#1920,#1103,.T.);
#2618=EDGE_CURVE('',#1894,#1919,#1104,.T.);
#2619=EDGE_CURVE('',#1979,#2083,#1736,.T.);
#2620=EDGE_CURVE('',#2083,#2084,#1105,.T.);
#2621=EDGE_CURVE('',#2084,#1980,#1737,.T.);
#2622=EDGE_CURVE('',#2083,#2085,#1106,.T.);
#2623=EDGE_CURVE('',#2085,#2086,#1107,.T.);
#2624=EDGE_CURVE('',#2086,#2084,#1108,.T.);
#2625=EDGE_CURVE('',#2087,#2088,#1109,.T.);
#2626=EDGE_CURVE('',#2088,#2086,#1738,.T.);
#2627=EDGE_CURVE('',#2085,#2087,#1739,.T.);
#2628=EDGE_CURVE('',#2087,#2089,#1110,.T.);
#2629=EDGE_CURVE('',#2089,#2090,#1111,.T.);
#2630=EDGE_CURVE('',#2090,#2088,#1112,.T.);
#2631=EDGE_CURVE('',#2091,#2092,#1113,.T.);
#2632=EDGE_CURVE('',#2092,#2090,#1740,.T.);
#2633=EDGE_CURVE('',#2089,#2091,#1741,.T.);
#2634=EDGE_CURVE('',#2093,#2094,#1114,.F.);
#2635=EDGE_CURVE('',#2094,#2092,#1115,.T.);
#2636=EDGE_CURVE('',#2091,#2093,#1116,.T.);
#2637=EDGE_CURVE('',#2095,#1983,#1117,.T.);
#2638=EDGE_CURVE('',#2081,#2095,#1742,.T.);
#2639=EDGE_CURVE('',#2082,#2096,#1118,.T.);
#2640=EDGE_CURVE('',#2097,#2096,#1743,.T.);
#2641=EDGE_CURVE('',#2098,#2097,#1119,.T.);
#2642=EDGE_CURVE('',#2099,#2098,#1120,.T.);
#2643=EDGE_CURVE('',#2100,#2099,#1744,.T.);
#2644=EDGE_CURVE('',#2101,#2100,#1121,.T.);
#2645=EDGE_CURVE('',#2102,#2101,#105,.F.);
#2646=EDGE_CURVE('',#2103,#2102,#1122,.T.);
#2647=EDGE_CURVE('',#2104,#2103,#106,.F.);
#2648=EDGE_CURVE('',#2093,#2104,#1123,.T.);
#2649=EDGE_CURVE('',#1986,#2095,#1124,.T.);
#2650=EDGE_CURVE('',#2105,#2101,#107,.F.);
#2651=EDGE_CURVE('',#2100,#2106,#1125,.T.);
#2652=EDGE_CURVE('',#2106,#2105,#1126,.T.);
#2653=EDGE_CURVE('',#2099,#2107,#1127,.T.);
#2654=EDGE_CURVE('',#2107,#2106,#1745,.T.);
#2655=EDGE_CURVE('',#2098,#2108,#1128,.T.);
#2656=EDGE_CURVE('',#2108,#2107,#1129,.T.);
#2657=EDGE_CURVE('',#2109,#2098,#1130,.T.);
#2658=EDGE_CURVE('',#2097,#2110,#1131,.T.);
#2659=EDGE_CURVE('',#2110,#2109,#1132,.T.);
#2660=EDGE_CURVE('',#2096,#2111,#1133,.T.);
#2661=EDGE_CURVE('',#2111,#2110,#1746,.T.);
#2662=EDGE_CURVE('',#2112,#2096,#108,.T.);
#2663=EDGE_CURVE('',#2112,#2111,#1134,.T.);
#2664=EDGE_CURVE('',#2109,#2108,#1747,.T.);
#2665=EDGE_CURVE('',#2105,#2113,#1135,.T.);
#2666=EDGE_CURVE('',#2114,#2106,#1136,.T.);
#2667=EDGE_CURVE('',#2115,#2114,#1137,.T.);
#2668=EDGE_CURVE('',#2113,#2115,#1138,.T.);
#2669=EDGE_CURVE('',#2107,#2116,#1139,.T.);
#2670=EDGE_CURVE('',#2114,#2116,#1748,.T.);
#2671=EDGE_CURVE('',#2117,#2108,#1140,.T.);
#2672=EDGE_CURVE('',#2116,#2117,#1141,.T.);
#2673=EDGE_CURVE('',#2109,#2118,#1142,.T.);
#2674=EDGE_CURVE('',#2118,#2117,#1749,.F.);
#2675=EDGE_CURVE('',#2119,#2110,#1143,.T.);
#2676=EDGE_CURVE('',#2118,#2119,#1144,.T.);
#2677=EDGE_CURVE('',#2038,#2120,#1145,.T.);
#2678=EDGE_CURVE('',#2120,#2120,#1750,.T.);
#2679=EDGE_CURVE('',#2121,#2029,#1146,.T.);
#2680=EDGE_CURVE('',#2122,#2121,#1751,.T.);
#2681=EDGE_CURVE('',#2123,#2122,#1147,.T.);
#2682=EDGE_CURVE('',#2124,#2123,#1752,.T.);
#2683=EDGE_CURVE('',#2125,#2124,#1148,.T.);
#2684=EDGE_CURVE('',#2126,#2125,#1753,.T.);
#2685=EDGE_CURVE('',#2127,#2126,#1149,.T.);
#2686=EDGE_CURVE('',#2128,#2127,#1754,.T.);
#2687=EDGE_CURVE('',#2129,#2128,#1755,.T.);
#2688=EDGE_CURVE('',#2130,#2129,#1150,.T.);
#2689=EDGE_CURVE('',#2115,#2130,#1756,.F.);
#2690=EDGE_CURVE('',#2119,#2131,#1757,.T.);
#2691=EDGE_CURVE('',#2131,#1871,#1151,.T.);
#2692=EDGE_CURVE('',#1870,#1868,#20,.T.);
#2693=EDGE_CURVE('',#1867,#2132,#21,.T.);
#2694=EDGE_CURVE('',#2132,#2024,#1152,.T.);
#2695=EDGE_CURVE('',#2133,#2134,#1758,.T.);
#2696=EDGE_CURVE('',#2135,#2133,#1153,.T.);
#2697=EDGE_CURVE('',#2136,#2135,#1759,.T.);
#2698=EDGE_CURVE('',#2137,#2136,#1154,.T.);
#2699=EDGE_CURVE('',#2138,#2137,#1760,.T.);
#2700=EDGE_CURVE('',#2139,#2138,#1155,.T.);
#2701=EDGE_CURVE('',#2140,#2139,#1761,.T.);
#2702=EDGE_CURVE('',#2134,#2140,#1156,.T.);
#2703=EDGE_CURVE('',#2141,#2142,#1762,.T.);
#2704=EDGE_CURVE('',#2143,#2141,#1157,.T.);
#2705=EDGE_CURVE('',#2144,#2143,#1763,.T.);
#2706=EDGE_CURVE('',#2145,#2144,#1158,.T.);
#2707=EDGE_CURVE('',#2146,#2145,#1764,.T.);
#2708=EDGE_CURVE('',#2147,#2146,#1159,.T.);
#2709=EDGE_CURVE('',#2148,#2147,#1765,.T.);
#2710=EDGE_CURVE('',#2142,#2148,#1160,.T.);
#2711=EDGE_CURVE('',#2134,#2049,#1161,.T.);
#2712=EDGE_CURVE('',#2050,#2133,#1162,.T.);
#2713=EDGE_CURVE('',#2140,#2047,#1163,.T.);
#2714=EDGE_CURVE('',#2139,#2048,#1164,.T.);
#2715=EDGE_CURVE('',#2138,#2149,#1165,.T.);
#2716=EDGE_CURVE('',#2149,#2048,#1166,.T.);
#2717=EDGE_CURVE('',#2137,#2150,#1167,.T.);
#2718=EDGE_CURVE('',#2150,#2149,#1766,.T.);
#2719=EDGE_CURVE('',#2136,#2151,#1168,.T.);
#2720=EDGE_CURVE('',#2151,#2150,#1169,.T.);
#2721=EDGE_CURVE('',#2135,#2051,#1170,.T.);
#2722=EDGE_CURVE('',#2051,#2151,#1767,.T.);
#2723=EDGE_CURVE('',#2150,#2045,#1171,.T.);
#2724=EDGE_CURVE('',#2046,#2151,#1172,.T.);
#2725=EDGE_CURVE('',#2142,#2152,#1173,.T.);
#2726=EDGE_CURVE('',#2152,#2153,#1768,.T.);
#2727=EDGE_CURVE('',#2153,#2141,#1174,.T.);
#2728=EDGE_CURVE('',#2148,#2064,#1175,.T.);
#2729=EDGE_CURVE('',#2064,#2152,#1176,.T.);
#2730=EDGE_CURVE('',#2147,#2063,#1177,.T.);
#2731=EDGE_CURVE('',#2146,#2062,#1178,.T.);
#2732=EDGE_CURVE('',#2145,#2060,#1179,.T.);
#2733=EDGE_CURVE('',#2144,#2061,#1180,.T.);
#2734=EDGE_CURVE('',#2143,#2154,#1181,.T.);
#2735=EDGE_CURVE('',#2154,#2061,#1769,.T.);
#2736=EDGE_CURVE('',#2153,#2154,#1182,.T.);
#2737=EDGE_CURVE('',#2154,#2056,#1183,.T.);
#2738=EDGE_CURVE('',#2055,#2153,#1184,.T.);
#2739=EDGE_CURVE('',#2152,#2054,#1185,.T.);
#2740=EDGE_CURVE('',#1990,#2130,#109,.F.);
#2741=EDGE_CURVE('',#2129,#1991,#1186,.T.);
#2742=EDGE_CURVE('',#2128,#2076,#1187,.T.);
#2743=EDGE_CURVE('',#2127,#2155,#1188,.T.);
#2744=EDGE_CURVE('',#2155,#2076,#1770,.T.);
#2745=EDGE_CURVE('',#2126,#2156,#1189,.T.);
#2746=EDGE_CURVE('',#2156,#2155,#1190,.T.);
#2747=EDGE_CURVE('',#2125,#2157,#1191,.T.);
#2748=EDGE_CURVE('',#2157,#2156,#1771,.T.);
#2749=EDGE_CURVE('',#2124,#2158,#1192,.T.);
#2750=EDGE_CURVE('',#2158,#2157,#1193,.T.);
#2751=EDGE_CURVE('',#2123,#2159,#1194,.T.);
#2752=EDGE_CURVE('',#2159,#2158,#1772,.T.);
#2753=EDGE_CURVE('',#2122,#2160,#1195,.T.);
#2754=EDGE_CURVE('',#2160,#2159,#1196,.T.);
#2755=EDGE_CURVE('',#2121,#2033,#1197,.T.);
#2756=EDGE_CURVE('',#2033,#2160,#1773,.T.);
#2757=EDGE_CURVE('',#2155,#2071,#1198,.T.);
#2758=EDGE_CURVE('',#1977,#2161,#1774,.T.);
#2759=EDGE_CURVE('',#2161,#2162,#1199,.T.);
#2760=EDGE_CURVE('',#2162,#2162,#1775,.T.);
#2761=EDGE_CURVE('',#2161,#1941,#1776,.T.);
#2762=EDGE_CURVE('',#2163,#1976,#1777,.T.);
#2763=EDGE_CURVE('',#2164,#2163,#1778,.T.);
#2764=EDGE_CURVE('',#2165,#2164,#1200,.T.);
#2765=EDGE_CURVE('',#2166,#2165,#1779,.T.);
#2766=EDGE_CURVE('',#2166,#2167,#1201,.T.);
#2767=EDGE_CURVE('',#1942,#2167,#1780,.T.);
#2768=EDGE_CURVE('',#1946,#2168,#1781,.T.);
#2769=EDGE_CURVE('',#2168,#1996,#1782,.T.);
#2770=EDGE_CURVE('',#2168,#2169,#1202,.T.);
#2771=EDGE_CURVE('',#2169,#1997,#110,.T.);
#2772=EDGE_CURVE('',#2169,#2170,#1203,.T.);
#2773=EDGE_CURVE('',#2170,#1998,#111,.T.);
#2774=EDGE_CURVE('',#2170,#2104,#1204,.T.);
#2775=EDGE_CURVE('',#2103,#1998,#1205,.T.);
#2776=EDGE_CURVE('',#2171,#2102,#1206,.T.);
#2777=EDGE_CURVE('',#2171,#1994,#1207,.T.);
#2778=EDGE_CURVE('',#2092,#2172,#1208,.T.);
#2779=EDGE_CURVE('',#2173,#2172,#1783,.T.);
#2780=EDGE_CURVE('',#2173,#2090,#1209,.T.);
#2781=EDGE_CURVE('',#2174,#2173,#1210,.T.);
#2782=EDGE_CURVE('',#2088,#2174,#1211,.T.);
#2783=EDGE_CURVE('',#2084,#2175,#1212,.T.);
#2784=EDGE_CURVE('',#1981,#2175,#1784,.T.);
#2785=EDGE_CURVE('',#2175,#2176,#1213,.T.);
#2786=EDGE_CURVE('',#2176,#2174,#1785,.T.);
#2787=EDGE_CURVE('',#2172,#2177,#1214,.T.);
#2788=EDGE_CURVE('',#2177,#2165,#22,.T.);
#2789=EDGE_CURVE('',#2164,#2178,#23,.T.);
#2790=EDGE_CURVE('',#2178,#1974,#1215,.T.);
#2791=EDGE_CURVE('',#2176,#2086,#1216,.T.);
#2792=EDGE_CURVE('',#1989,#2113,#1786,.T.);
#2793=EDGE_CURVE('',#1989,#2171,#1787,.T.);
#2794=EDGE_CURVE('',#2171,#2113,#1788,.T.);
#2795=EDGE_CURVE('',#2066,#2160,#1217,.T.);
#2796=EDGE_CURVE('',#2068,#2158,#1218,.T.);
#2797=EDGE_CURVE('',#2159,#2067,#1219,.T.);
#2798=EDGE_CURVE('',#2157,#2069,#1220,.T.);
#2799=EDGE_CURVE('',#2070,#2156,#1221,.T.);
#2800=EDGE_CURVE('',#2044,#2149,#1222,.T.);
#2801=EDGE_CURVE('',#2179,#2180,#72,.T.);
#2802=EDGE_CURVE('',#2180,#2181,#73,.T.);
#2803=EDGE_CURVE('',#2181,#1912,#74,.T.);
#2804=EDGE_CURVE('',#2005,#2179,#75,.T.);
#2805=EDGE_CURVE('',#2180,#2182,#1789,.T.);
#2806=EDGE_CURVE('',#2182,#2181,#1790,.T.);
#2807=EDGE_CURVE('',#2004,#2013,#1791,.T.);
#2808=EDGE_CURVE('',#2025,#2132,#1792,.T.);
#2809=EDGE_CURVE('',#2183,#1866,#76,.T.);
#2810=EDGE_CURVE('',#2183,#2184,#77,.T.);
#2811=EDGE_CURVE('',#2182,#2184,#78,.T.);
#2812=EDGE_CURVE('',#2012,#2003,#1223,.T.);
#2813=EDGE_CURVE('',#1914,#2183,#79,.T.);
#2814=EDGE_CURVE('',#1913,#2182,#1793,.T.);
#2815=EDGE_CURVE('',#2185,#1949,#1794,.T.);
#2816=EDGE_CURVE('',#2185,#2168,#1224,.T.);
#2817=EDGE_CURVE('',#2186,#2185,#1225,.T.);
#2818=EDGE_CURVE('',#2186,#2169,#1226,.T.);
#2819=EDGE_CURVE('',#2167,#2186,#1227,.T.);
#2820=EDGE_CURVE('',#2094,#2166,#1228,.T.);
#2821=EDGE_CURVE('',#2177,#2166,#1795,.T.);
#2822=EDGE_CURVE('',#2163,#2187,#1229,.T.);
#2823=EDGE_CURVE('',#2187,#2187,#1796,.T.);
#2824=EDGE_CURVE('',#1975,#2178,#1797,.T.);
#2825=EDGE_CURVE('',#2167,#2185,#1798,.T.);
#2826=EDGE_CURVE('',#2166,#2188,#1230,.T.);
#2827=EDGE_CURVE('',#2188,#2188,#1799,.T.);
#2828=EDGE_CURVE('',#2167,#2189,#1231,.T.);
#2829=EDGE_CURVE('',#2189,#2189,#1800,.T.);
#2830=EDGE_CURVE('',#2111,#2131,#1232,.T.);
#2831=EDGE_CURVE('',#1858,#1880,#112,.T.);
#2832=EDGE_CURVE('',#1865,#2082,#1233,.T.);
#2833=EDGE_CURVE('',#1881,#1865,#113,.T.);
#2834=EDGE_CURVE('',#2096,#1864,#1234,.T.);
#2835=EDGE_CURVE('',#2112,#1863,#1235,.T.);
#2836=EDGE_CURVE('',#1872,#2190,#1236,.T.);
#2837=EDGE_CURVE('',#2190,#2190,#1801,.T.);
#2838=EDGE_CURVE('',#1869,#2191,#1237,.T.);
#2839=EDGE_CURVE('',#2191,#2191,#1802,.T.);
#2840=ORIENTED_EDGE('',*,*,#2192,.T.);
#2841=ORIENTED_EDGE('',*,*,#2193,.T.);
#2842=ORIENTED_EDGE('',*,*,#2194,.T.);
#2843=ORIENTED_EDGE('',*,*,#2193,.F.);
#2844=ORIENTED_EDGE('',*,*,#2195,.F.);
#2845=ORIENTED_EDGE('',*,*,#2196,.T.);
#2846=ORIENTED_EDGE('',*,*,#2194,.F.);
#2847=ORIENTED_EDGE('',*,*,#2196,.F.);
#2848=ORIENTED_EDGE('',*,*,#2197,.F.);
#2849=ORIENTED_EDGE('',*,*,#2198,.F.);
#2850=ORIENTED_EDGE('',*,*,#2199,.F.);
#2851=ORIENTED_EDGE('',*,*,#2200,.F.);
#2852=ORIENTED_EDGE('',*,*,#2201,.F.);
#2853=ORIENTED_EDGE('',*,*,#2202,.F.);
#2854=ORIENTED_EDGE('',*,*,#2203,.F.);
#2855=ORIENTED_EDGE('',*,*,#2204,.F.);
#2856=ORIENTED_EDGE('',*,*,#2205,.F.);
#2857=ORIENTED_EDGE('',*,*,#2206,.F.);
#2858=ORIENTED_EDGE('',*,*,#2207,.F.);
#2859=ORIENTED_EDGE('',*,*,#2208,.F.);
#2860=ORIENTED_EDGE('',*,*,#2209,.F.);
#2861=ORIENTED_EDGE('',*,*,#2210,.F.);
#2862=ORIENTED_EDGE('',*,*,#2211,.F.);
#2863=ORIENTED_EDGE('',*,*,#2212,.F.);
#2864=ORIENTED_EDGE('',*,*,#2213,.F.);
#2865=ORIENTED_EDGE('',*,*,#2214,.F.);
#2866=ORIENTED_EDGE('',*,*,#2215,.F.);
#2867=ORIENTED_EDGE('',*,*,#2216,.F.);
#2868=ORIENTED_EDGE('',*,*,#2217,.F.);
#2869=ORIENTED_EDGE('',*,*,#2218,.F.);
#2870=ORIENTED_EDGE('',*,*,#2219,.F.);
#2871=ORIENTED_EDGE('',*,*,#2220,.F.);
#2872=ORIENTED_EDGE('',*,*,#2221,.F.);
#2873=ORIENTED_EDGE('',*,*,#2222,.F.);
#2874=ORIENTED_EDGE('',*,*,#2223,.F.);
#2875=ORIENTED_EDGE('',*,*,#2224,.F.);
#2876=ORIENTED_EDGE('',*,*,#2225,.F.);
#2877=ORIENTED_EDGE('',*,*,#2226,.F.);
#2878=ORIENTED_EDGE('',*,*,#2227,.F.);
#2879=ORIENTED_EDGE('',*,*,#2228,.F.);
#2880=ORIENTED_EDGE('',*,*,#2229,.F.);
#2881=ORIENTED_EDGE('',*,*,#2230,.F.);
#2882=ORIENTED_EDGE('',*,*,#2231,.F.);
#2883=ORIENTED_EDGE('',*,*,#2232,.F.);
#2884=ORIENTED_EDGE('',*,*,#2233,.F.);
#2885=ORIENTED_EDGE('',*,*,#2234,.F.);
#2886=ORIENTED_EDGE('',*,*,#2192,.F.);
#2887=ORIENTED_EDGE('',*,*,#2235,.T.);
#2888=ORIENTED_EDGE('',*,*,#2236,.T.);
#2889=ORIENTED_EDGE('',*,*,#2195,.T.);
#2890=ORIENTED_EDGE('',*,*,#2236,.F.);
#2891=ORIENTED_EDGE('',*,*,#2237,.F.);
#2892=ORIENTED_EDGE('',*,*,#2238,.F.);
#2893=ORIENTED_EDGE('',*,*,#2239,.F.);
#2894=ORIENTED_EDGE('',*,*,#2240,.F.);
#2895=ORIENTED_EDGE('',*,*,#2241,.F.);
#2896=ORIENTED_EDGE('',*,*,#2242,.F.);
#2897=ORIENTED_EDGE('',*,*,#2235,.F.);
#2898=ORIENTED_EDGE('',*,*,#2243,.T.);
#2899=ORIENTED_EDGE('',*,*,#2244,.T.);
#2900=ORIENTED_EDGE('',*,*,#2245,.T.);
#2901=ORIENTED_EDGE('',*,*,#2246,.T.);
#2902=ORIENTED_EDGE('',*,*,#2247,.T.);
#2903=ORIENTED_EDGE('',*,*,#2248,.T.);
#2904=ORIENTED_EDGE('',*,*,#2249,.T.);
#2905=ORIENTED_EDGE('',*,*,#2250,.T.);
#2906=ORIENTED_EDGE('',*,*,#2247,.F.);
#2907=ORIENTED_EDGE('',*,*,#2244,.F.);
#2908=ORIENTED_EDGE('',*,*,#2251,.F.);
#2909=ORIENTED_EDGE('',*,*,#2252,.F.);
#2910=ORIENTED_EDGE('',*,*,#2253,.F.);
#2911=ORIENTED_EDGE('',*,*,#2243,.F.);
#2912=ORIENTED_EDGE('',*,*,#2254,.T.);
#2913=ORIENTED_EDGE('',*,*,#2255,.T.);
#2914=ORIENTED_EDGE('',*,*,#2256,.T.);
#2915=ORIENTED_EDGE('',*,*,#2257,.F.);
#2916=ORIENTED_EDGE('',*,*,#2258,.F.);
#2917=ORIENTED_EDGE('',*,*,#2259,.T.);
#2918=ORIENTED_EDGE('',*,*,#2260,.F.);
#2919=ORIENTED_EDGE('',*,*,#2251,.T.);
#2920=ORIENTED_EDGE('',*,*,#2250,.F.);
#2921=ORIENTED_EDGE('',*,*,#2261,.F.);
#2922=ORIENTED_EDGE('',*,*,#2262,.F.);
#2923=ORIENTED_EDGE('',*,*,#2263,.F.);
#2924=ORIENTED_EDGE('',*,*,#2264,.F.);
#2925=ORIENTED_EDGE('',*,*,#2265,.F.);
#2926=ORIENTED_EDGE('',*,*,#2266,.F.);
#2927=ORIENTED_EDGE('',*,*,#2267,.T.);
#2928=ORIENTED_EDGE('',*,*,#2256,.F.);
#2929=ORIENTED_EDGE('',*,*,#2268,.F.);
#2930=ORIENTED_EDGE('',*,*,#2269,.F.);
#2931=ORIENTED_EDGE('',*,*,#2254,.F.);
#2932=ORIENTED_EDGE('',*,*,#2270,.T.);
#2933=ORIENTED_EDGE('',*,*,#2271,.T.);
#2934=ORIENTED_EDGE('',*,*,#2272,.T.);
#2935=ORIENTED_EDGE('',*,*,#2273,.T.);
#2936=ORIENTED_EDGE('',*,*,#2274,.T.);
#2937=ORIENTED_EDGE('',*,*,#2275,.T.);
#2938=ORIENTED_EDGE('',*,*,#2271,.F.);
#2939=ORIENTED_EDGE('',*,*,#2276,.F.);
#2940=ORIENTED_EDGE('',*,*,#2277,.F.);
#2941=ORIENTED_EDGE('',*,*,#2278,.F.);
#2942=ORIENTED_EDGE('',*,*,#2279,.F.);
#2943=ORIENTED_EDGE('',*,*,#2280,.F.);
#2944=ORIENTED_EDGE('',*,*,#2281,.F.);
#2945=ORIENTED_EDGE('',*,*,#2282,.F.);
#2946=ORIENTED_EDGE('',*,*,#2283,.F.);
#2947=ORIENTED_EDGE('',*,*,#2284,.F.);
#2948=ORIENTED_EDGE('',*,*,#2285,.F.);
#2949=ORIENTED_EDGE('',*,*,#2286,.F.);
#2950=ORIENTED_EDGE('',*,*,#2287,.T.);
#2951=ORIENTED_EDGE('',*,*,#2288,.F.);
#2952=ORIENTED_EDGE('',*,*,#2289,.T.);
#2953=ORIENTED_EDGE('',*,*,#2290,.T.);
#2954=ORIENTED_EDGE('',*,*,#2291,.T.);
#2955=ORIENTED_EDGE('',*,*,#2292,.T.);
#2956=ORIENTED_EDGE('',*,*,#2293,.T.);
#2957=ORIENTED_EDGE('',*,*,#2245,.F.);
#2958=ORIENTED_EDGE('',*,*,#2253,.T.);
#2959=ORIENTED_EDGE('',*,*,#2294,.F.);
#2960=ORIENTED_EDGE('',*,*,#2276,.T.);
#2961=ORIENTED_EDGE('',*,*,#2270,.F.);
#2962=ORIENTED_EDGE('',*,*,#2295,.F.);
#2963=ORIENTED_EDGE('',*,*,#2296,.F.);
#2964=ORIENTED_EDGE('',*,*,#2297,.T.);
#2965=ORIENTED_EDGE('',*,*,#2298,.T.);
#2966=ORIENTED_EDGE('',*,*,#2299,.T.);
#2967=ORIENTED_EDGE('',*,*,#2300,.T.);
#2968=ORIENTED_EDGE('',*,*,#2301,.T.);
#2969=ORIENTED_EDGE('',*,*,#2237,.T.);
#2970=ORIENTED_EDGE('',*,*,#2302,.T.);
#2971=ORIENTED_EDGE('',*,*,#2303,.T.);
#2972=ORIENTED_EDGE('',*,*,#2304,.T.);
#2973=ORIENTED_EDGE('',*,*,#2301,.F.);
#2974=ORIENTED_EDGE('',*,*,#2305,.T.);
#2975=ORIENTED_EDGE('',*,*,#2306,.T.);
#2976=ORIENTED_EDGE('',*,*,#2307,.T.);
#2977=ORIENTED_EDGE('',*,*,#2303,.F.);
#2978=ORIENTED_EDGE('',*,*,#2308,.T.);
#2979=ORIENTED_EDGE('',*,*,#2309,.T.);
#2980=ORIENTED_EDGE('',*,*,#2310,.T.);
#2981=ORIENTED_EDGE('',*,*,#2306,.F.);
#2982=ORIENTED_EDGE('',*,*,#2311,.T.);
#2983=ORIENTED_EDGE('',*,*,#2312,.T.);
#2984=ORIENTED_EDGE('',*,*,#2313,.T.);
#2985=ORIENTED_EDGE('',*,*,#2309,.F.);
#2986=ORIENTED_EDGE('',*,*,#2314,.T.);
#2987=ORIENTED_EDGE('',*,*,#2315,.F.);
#2988=ORIENTED_EDGE('',*,*,#2314,.F.);
#2989=ORIENTED_EDGE('',*,*,#2316,.T.);
#2990=ORIENTED_EDGE('',*,*,#2317,.F.);
#2991=ORIENTED_EDGE('',*,*,#2318,.F.);
#2992=ORIENTED_EDGE('',*,*,#2319,.F.);
#2993=ORIENTED_EDGE('',*,*,#2320,.F.);
#2994=ORIENTED_EDGE('',*,*,#2321,.F.);
#2995=ORIENTED_EDGE('',*,*,#2322,.F.);
#2996=ORIENTED_EDGE('',*,*,#2323,.F.);
#2997=ORIENTED_EDGE('',*,*,#2324,.F.);
#2998=ORIENTED_EDGE('',*,*,#2325,.F.);
#2999=ORIENTED_EDGE('',*,*,#2326,.F.);
#3000=ORIENTED_EDGE('',*,*,#2327,.F.);
#3001=ORIENTED_EDGE('',*,*,#2328,.F.);
#3002=ORIENTED_EDGE('',*,*,#2329,.F.);
#3003=ORIENTED_EDGE('',*,*,#2330,.F.);
#3004=ORIENTED_EDGE('',*,*,#2311,.F.);
#3005=ORIENTED_EDGE('',*,*,#2331,.T.);
#3006=ORIENTED_EDGE('',*,*,#2332,.F.);
#3007=ORIENTED_EDGE('',*,*,#2316,.F.);
#3008=ORIENTED_EDGE('',*,*,#2300,.F.);
#3009=ORIENTED_EDGE('',*,*,#2333,.F.);
#3010=ORIENTED_EDGE('',*,*,#2334,.F.);
#3011=ORIENTED_EDGE('',*,*,#2335,.F.);
#3012=ORIENTED_EDGE('',*,*,#2336,.F.);
#3013=ORIENTED_EDGE('',*,*,#2331,.F.);
#3014=ORIENTED_EDGE('',*,*,#2308,.F.);
#3015=ORIENTED_EDGE('',*,*,#2305,.F.);
#3016=ORIENTED_EDGE('',*,*,#2298,.F.);
#3017=ORIENTED_EDGE('',*,*,#2337,.F.);
#3018=ORIENTED_EDGE('',*,*,#2338,.T.);
#3019=ORIENTED_EDGE('',*,*,#2339,.F.);
#3020=ORIENTED_EDGE('',*,*,#2333,.T.);
#3021=ORIENTED_EDGE('',*,*,#2299,.F.);
#3022=ORIENTED_EDGE('',*,*,#2302,.F.);
#3023=ORIENTED_EDGE('',*,*,#2242,.T.);
#3024=ORIENTED_EDGE('',*,*,#2340,.T.);
#3025=ORIENTED_EDGE('',*,*,#2341,.T.);
#3026=ORIENTED_EDGE('',*,*,#2337,.T.);
#3027=ORIENTED_EDGE('',*,*,#2342,.T.);
#3028=ORIENTED_EDGE('',*,*,#2296,.T.);
#3029=ORIENTED_EDGE('',*,*,#2343,.T.);
#3030=ORIENTED_EDGE('',*,*,#2344,.T.);
#3031=ORIENTED_EDGE('',*,*,#2345,.T.);
#3032=ORIENTED_EDGE('',*,*,#2346,.T.);
#3033=ORIENTED_EDGE('',*,*,#2347,.T.);
#3034=ORIENTED_EDGE('',*,*,#2322,.T.);
#3035=ORIENTED_EDGE('',*,*,#2345,.F.);
#3036=ORIENTED_EDGE('',*,*,#2246,.F.);
#3037=ORIENTED_EDGE('',*,*,#2297,.F.);
#3038=ORIENTED_EDGE('',*,*,#2342,.F.);
#3039=ORIENTED_EDGE('',*,*,#2321,.T.);
#3040=ORIENTED_EDGE('',*,*,#2248,.F.);
#3041=ORIENTED_EDGE('',*,*,#2348,.T.);
#3042=ORIENTED_EDGE('',*,*,#2349,.T.);
#3043=ORIENTED_EDGE('',*,*,#2312,.F.);
#3044=ORIENTED_EDGE('',*,*,#2315,.T.);
#3045=ORIENTED_EDGE('',*,*,#2350,.T.);
#3046=ORIENTED_EDGE('',*,*,#2313,.F.);
#3047=ORIENTED_EDGE('',*,*,#2349,.F.);
#3048=ORIENTED_EDGE('',*,*,#2351,.F.);
#3049=ORIENTED_EDGE('',*,*,#2352,.T.);
#3050=ORIENTED_EDGE('',*,*,#2307,.F.);
#3051=ORIENTED_EDGE('',*,*,#2310,.F.);
#3052=ORIENTED_EDGE('',*,*,#2329,.T.);
#3053=ORIENTED_EDGE('',*,*,#2353,.T.);
#3054=ORIENTED_EDGE('',*,*,#2288,.T.);
#3055=ORIENTED_EDGE('',*,*,#2354,.T.);
#3056=ORIENTED_EDGE('',*,*,#2353,.F.);
#3057=ORIENTED_EDGE('',*,*,#2328,.T.);
#3058=ORIENTED_EDGE('',*,*,#2355,.F.);
#3059=ORIENTED_EDGE('',*,*,#2289,.F.);
#3060=ORIENTED_EDGE('',*,*,#2274,.F.);
#3061=ORIENTED_EDGE('',*,*,#2356,.T.);
#3062=ORIENTED_EDGE('',*,*,#2343,.F.);
#3063=ORIENTED_EDGE('',*,*,#2295,.T.);
#3064=ORIENTED_EDGE('',*,*,#2273,.F.);
#3065=ORIENTED_EDGE('',*,*,#2357,.T.);
#3066=ORIENTED_EDGE('',*,*,#2346,.F.);
#3067=ORIENTED_EDGE('',*,*,#2344,.F.);
#3068=ORIENTED_EDGE('',*,*,#2356,.F.);
#3069=ORIENTED_EDGE('',*,*,#2358,.F.);
#3070=ORIENTED_EDGE('',*,*,#2359,.T.);
#3071=ORIENTED_EDGE('',*,*,#2360,.F.);
#3072=ORIENTED_EDGE('',*,*,#2361,.T.);
#3073=ORIENTED_EDGE('',*,*,#2362,.T.);
#3074=ORIENTED_EDGE('',*,*,#2363,.T.);
#3075=ORIENTED_EDGE('',*,*,#2364,.T.);
#3076=ORIENTED_EDGE('',*,*,#2365,.T.);
#3077=ORIENTED_EDGE('',*,*,#2360,.T.);
#3078=ORIENTED_EDGE('',*,*,#2366,.T.);
#3079=ORIENTED_EDGE('',*,*,#2367,.T.);
#3080=ORIENTED_EDGE('',*,*,#2368,.T.);
#3081=ORIENTED_EDGE('',*,*,#2369,.T.);
#3082=ORIENTED_EDGE('',*,*,#2370,.T.);
#3083=ORIENTED_EDGE('',*,*,#2371,.T.);
#3084=ORIENTED_EDGE('',*,*,#2372,.T.);
#3085=ORIENTED_EDGE('',*,*,#2370,.F.);
#3086=ORIENTED_EDGE('',*,*,#2373,.T.);
#3087=ORIENTED_EDGE('',*,*,#2364,.F.);
#3088=ORIENTED_EDGE('',*,*,#2358,.T.);
#3089=ORIENTED_EDGE('',*,*,#2374,.T.);
#3090=ORIENTED_EDGE('',*,*,#2375,.T.);
#3091=ORIENTED_EDGE('',*,*,#2376,.T.);
#3092=ORIENTED_EDGE('',*,*,#2377,.T.);
#3093=ORIENTED_EDGE('',*,*,#2378,.T.);
#3094=ORIENTED_EDGE('',*,*,#2379,.T.);
#3095=ORIENTED_EDGE('',*,*,#2380,.T.);
#3096=ORIENTED_EDGE('',*,*,#2379,.F.);
#3097=ORIENTED_EDGE('',*,*,#2381,.T.);
#3098=ORIENTED_EDGE('',*,*,#2382,.T.);
#3099=ORIENTED_EDGE('',*,*,#2383,.T.);
#3100=ORIENTED_EDGE('',*,*,#2382,.F.);
#3101=ORIENTED_EDGE('',*,*,#2384,.T.);
#3102=ORIENTED_EDGE('',*,*,#2385,.T.);
#3103=ORIENTED_EDGE('',*,*,#2386,.T.);
#3104=ORIENTED_EDGE('',*,*,#2385,.F.);
#3105=ORIENTED_EDGE('',*,*,#2387,.T.);
#3106=ORIENTED_EDGE('',*,*,#2388,.T.);
#3107=ORIENTED_EDGE('',*,*,#2389,.T.);
#3108=ORIENTED_EDGE('',*,*,#2388,.F.);
#3109=ORIENTED_EDGE('',*,*,#2390,.T.);
#3110=ORIENTED_EDGE('',*,*,#2391,.T.);
#3111=ORIENTED_EDGE('',*,*,#2392,.T.);
#3112=ORIENTED_EDGE('',*,*,#2391,.F.);
#3113=ORIENTED_EDGE('',*,*,#2393,.T.);
#3114=ORIENTED_EDGE('',*,*,#2394,.T.);
#3115=ORIENTED_EDGE('',*,*,#2395,.T.);
#3116=ORIENTED_EDGE('',*,*,#2394,.F.);
#3117=ORIENTED_EDGE('',*,*,#2396,.T.);
#3118=ORIENTED_EDGE('',*,*,#2397,.T.);
#3119=ORIENTED_EDGE('',*,*,#2398,.T.);
#3120=ORIENTED_EDGE('',*,*,#2399,.T.);
#3121=ORIENTED_EDGE('',*,*,#2397,.F.);
#3122=ORIENTED_EDGE('',*,*,#2400,.T.);
#3123=ORIENTED_EDGE('',*,*,#2401,.T.);
#3124=ORIENTED_EDGE('',*,*,#2375,.F.);
#3125=ORIENTED_EDGE('',*,*,#2402,.T.);
#3126=ORIENTED_EDGE('',*,*,#2403,.T.);
#3127=ORIENTED_EDGE('',*,*,#2404,.T.);
#3128=ORIENTED_EDGE('',*,*,#2405,.T.);
#3129=ORIENTED_EDGE('',*,*,#2402,.F.);
#3130=ORIENTED_EDGE('',*,*,#2406,.T.);
#3131=ORIENTED_EDGE('',*,*,#2377,.F.);
#3132=ORIENTED_EDGE('',*,*,#2407,.T.);
#3133=ORIENTED_EDGE('',*,*,#2368,.F.);
#3134=ORIENTED_EDGE('',*,*,#2408,.T.);
#3135=ORIENTED_EDGE('',*,*,#2404,.F.);
#3136=ORIENTED_EDGE('',*,*,#2409,.T.);
#3137=ORIENTED_EDGE('',*,*,#2400,.F.);
#3138=ORIENTED_EDGE('',*,*,#2410,.T.);
#3139=ORIENTED_EDGE('',*,*,#2411,.F.);
#3140=ORIENTED_EDGE('',*,*,#2412,.F.);
#3141=ORIENTED_EDGE('',*,*,#2413,.F.);
#3142=ORIENTED_EDGE('',*,*,#2414,.T.);
#3143=ORIENTED_EDGE('',*,*,#2415,.F.);
#3144=ORIENTED_EDGE('',*,*,#2396,.F.);
#3145=ORIENTED_EDGE('',*,*,#2416,.F.);
#3146=ORIENTED_EDGE('',*,*,#2417,.F.);
#3147=ORIENTED_EDGE('',*,*,#2418,.F.);
#3148=ORIENTED_EDGE('',*,*,#2419,.F.);
#3149=ORIENTED_EDGE('',*,*,#2420,.F.);
#3150=ORIENTED_EDGE('',*,*,#2410,.F.);
#3151=ORIENTED_EDGE('',*,*,#2393,.F.);
#3152=ORIENTED_EDGE('',*,*,#2421,.T.);
#3153=ORIENTED_EDGE('',*,*,#2422,.F.);
#3154=ORIENTED_EDGE('',*,*,#2423,.T.);
#3155=ORIENTED_EDGE('',*,*,#2416,.T.);
#3156=ORIENTED_EDGE('',*,*,#2390,.F.);
#3157=ORIENTED_EDGE('',*,*,#2424,.F.);
#3158=ORIENTED_EDGE('',*,*,#2425,.F.);
#3159=ORIENTED_EDGE('',*,*,#2426,.F.);
#3160=ORIENTED_EDGE('',*,*,#2427,.F.);
#3161=ORIENTED_EDGE('',*,*,#2421,.F.);
#3162=ORIENTED_EDGE('',*,*,#2387,.F.);
#3163=ORIENTED_EDGE('',*,*,#2428,.T.);
#3164=ORIENTED_EDGE('',*,*,#2429,.F.);
#3165=ORIENTED_EDGE('',*,*,#2424,.T.);
#3166=ORIENTED_EDGE('',*,*,#2384,.F.);
#3167=ORIENTED_EDGE('',*,*,#2430,.F.);
#3168=ORIENTED_EDGE('',*,*,#2431,.F.);
#3169=ORIENTED_EDGE('',*,*,#2432,.F.);
#3170=ORIENTED_EDGE('',*,*,#2433,.F.);
#3171=ORIENTED_EDGE('',*,*,#2434,.F.);
#3172=ORIENTED_EDGE('',*,*,#2435,.F.);
#3173=ORIENTED_EDGE('',*,*,#2428,.F.);
#3174=ORIENTED_EDGE('',*,*,#2381,.F.);
#3175=ORIENTED_EDGE('',*,*,#2436,.T.);
#3176=ORIENTED_EDGE('',*,*,#2437,.T.);
#3177=ORIENTED_EDGE('',*,*,#2438,.T.);
#3178=ORIENTED_EDGE('',*,*,#2430,.T.);
#3179=ORIENTED_EDGE('',*,*,#2378,.F.);
#3180=ORIENTED_EDGE('',*,*,#2406,.F.);
#3181=ORIENTED_EDGE('',*,*,#2439,.F.);
#3182=ORIENTED_EDGE('',*,*,#2440,.F.);
#3183=ORIENTED_EDGE('',*,*,#2441,.F.);
#3184=ORIENTED_EDGE('',*,*,#2442,.F.);
#3185=ORIENTED_EDGE('',*,*,#2443,.F.);
#3186=ORIENTED_EDGE('',*,*,#2436,.F.);
#3187=ORIENTED_EDGE('',*,*,#2405,.F.);
#3188=ORIENTED_EDGE('',*,*,#2444,.F.);
#3189=ORIENTED_EDGE('',*,*,#2439,.T.);
#3190=ORIENTED_EDGE('',*,*,#2403,.F.);
#3191=ORIENTED_EDGE('',*,*,#2407,.F.);
#3192=ORIENTED_EDGE('',*,*,#2380,.F.);
#3193=ORIENTED_EDGE('',*,*,#2383,.F.);
#3194=ORIENTED_EDGE('',*,*,#2386,.F.);
#3195=ORIENTED_EDGE('',*,*,#2389,.F.);
#3196=ORIENTED_EDGE('',*,*,#2392,.F.);
#3197=ORIENTED_EDGE('',*,*,#2395,.F.);
#3198=ORIENTED_EDGE('',*,*,#2398,.F.);
#3199=ORIENTED_EDGE('',*,*,#2399,.F.);
#3200=ORIENTED_EDGE('',*,*,#2374,.F.);
#3201=ORIENTED_EDGE('',*,*,#2361,.F.);
#3202=ORIENTED_EDGE('',*,*,#2365,.F.);
#3203=ORIENTED_EDGE('',*,*,#2373,.F.);
#3204=ORIENTED_EDGE('',*,*,#2369,.F.);
#3205=ORIENTED_EDGE('',*,*,#2409,.F.);
#3206=ORIENTED_EDGE('',*,*,#2340,.F.);
#3207=ORIENTED_EDGE('',*,*,#2241,.T.);
#3208=ORIENTED_EDGE('',*,*,#2445,.T.);
#3209=ORIENTED_EDGE('',*,*,#2446,.T.);
#3210=ORIENTED_EDGE('',*,*,#2447,.T.);
#3211=ORIENTED_EDGE('',*,*,#2448,.T.);
#3212=ORIENTED_EDGE('',*,*,#2445,.F.);
#3213=ORIENTED_EDGE('',*,*,#2240,.T.);
#3214=ORIENTED_EDGE('',*,*,#2449,.T.);
#3215=ORIENTED_EDGE('',*,*,#2284,.T.);
#3216=ORIENTED_EDGE('',*,*,#2447,.F.);
#3217=ORIENTED_EDGE('',*,*,#2239,.T.);
#3218=ORIENTED_EDGE('',*,*,#2450,.T.);
#3219=ORIENTED_EDGE('',*,*,#2285,.T.);
#3220=ORIENTED_EDGE('',*,*,#2449,.F.);
#3221=ORIENTED_EDGE('',*,*,#2451,.T.);
#3222=ORIENTED_EDGE('',*,*,#2452,.T.);
#3223=ORIENTED_EDGE('',*,*,#2286,.T.);
#3224=ORIENTED_EDGE('',*,*,#2450,.F.);
#3225=ORIENTED_EDGE('',*,*,#2351,.T.);
#3226=ORIENTED_EDGE('',*,*,#2348,.F.);
#3227=ORIENTED_EDGE('',*,*,#2453,.T.);
#3228=ORIENTED_EDGE('',*,*,#2454,.T.);
#3229=ORIENTED_EDGE('',*,*,#2455,.T.);
#3230=ORIENTED_EDGE('',*,*,#2339,.T.);
#3231=ORIENTED_EDGE('',*,*,#2456,.T.);
#3232=ORIENTED_EDGE('',*,*,#2455,.F.);
#3233=ORIENTED_EDGE('',*,*,#2334,.T.);
#3234=ORIENTED_EDGE('',*,*,#2304,.F.);
#3235=ORIENTED_EDGE('',*,*,#2352,.F.);
#3236=ORIENTED_EDGE('',*,*,#2451,.F.);
#3237=ORIENTED_EDGE('',*,*,#2238,.T.);
#3238=ORIENTED_EDGE('',*,*,#2454,.F.);
#3239=ORIENTED_EDGE('',*,*,#2457,.T.);
#3240=ORIENTED_EDGE('',*,*,#2458,.T.);
#3241=ORIENTED_EDGE('',*,*,#2459,.T.);
#3242=ORIENTED_EDGE('',*,*,#2460,.T.);
#3243=ORIENTED_EDGE('',*,*,#2461,.F.);
#3244=ORIENTED_EDGE('',*,*,#2335,.T.);
#3245=ORIENTED_EDGE('',*,*,#2462,.T.);
#3246=ORIENTED_EDGE('',*,*,#2463,.T.);
#3247=ORIENTED_EDGE('',*,*,#2464,.T.);
#3248=ORIENTED_EDGE('',*,*,#2465,.T.);
#3249=ORIENTED_EDGE('',*,*,#2462,.F.);
#3250=ORIENTED_EDGE('',*,*,#2466,.T.);
#3251=ORIENTED_EDGE('',*,*,#2467,.T.);
#3252=ORIENTED_EDGE('',*,*,#2468,.T.);
#3253=ORIENTED_EDGE('',*,*,#2469,.F.);
#3254=ORIENTED_EDGE('',*,*,#2470,.T.);
#3255=ORIENTED_EDGE('',*,*,#2467,.F.);
#3256=ORIENTED_EDGE('',*,*,#2471,.T.);
#3257=ORIENTED_EDGE('',*,*,#2472,.T.);
#3258=ORIENTED_EDGE('',*,*,#2473,.T.);
#3259=ORIENTED_EDGE('',*,*,#2474,.T.);
#3260=ORIENTED_EDGE('',*,*,#2475,.T.);
#3261=ORIENTED_EDGE('',*,*,#2476,.T.);
#3262=ORIENTED_EDGE('',*,*,#2477,.T.);
#3263=ORIENTED_EDGE('',*,*,#2478,.T.);
#3264=ORIENTED_EDGE('',*,*,#2479,.T.);
#3265=ORIENTED_EDGE('',*,*,#2457,.F.);
#3266=ORIENTED_EDGE('',*,*,#2453,.F.);
#3267=ORIENTED_EDGE('',*,*,#2478,.F.);
#3268=ORIENTED_EDGE('',*,*,#2480,.T.);
#3269=ORIENTED_EDGE('',*,*,#2481,.T.);
#3270=ORIENTED_EDGE('',*,*,#2482,.T.);
#3271=ORIENTED_EDGE('',*,*,#2483,.T.);
#3272=ORIENTED_EDGE('',*,*,#2484,.T.);
#3273=ORIENTED_EDGE('',*,*,#2481,.F.);
#3274=ORIENTED_EDGE('',*,*,#2485,.T.);
#3275=ORIENTED_EDGE('',*,*,#2483,.F.);
#3276=ORIENTED_EDGE('',*,*,#2486,.T.);
#3277=ORIENTED_EDGE('',*,*,#2475,.F.);
#3278=ORIENTED_EDGE('',*,*,#2473,.F.);
#3279=ORIENTED_EDGE('',*,*,#2487,.T.);
#3280=ORIENTED_EDGE('',*,*,#2464,.F.);
#3281=ORIENTED_EDGE('',*,*,#2471,.F.);
#3282=ORIENTED_EDGE('',*,*,#2488,.F.);
#3283=ORIENTED_EDGE('',*,*,#2489,.F.);
#3284=ORIENTED_EDGE('',*,*,#2490,.T.);
#3285=ORIENTED_EDGE('',*,*,#2491,.T.);
#3286=ORIENTED_EDGE('',*,*,#2466,.F.);
#3287=ORIENTED_EDGE('',*,*,#2492,.T.);
#3288=ORIENTED_EDGE('',*,*,#2493,.F.);
#3289=ORIENTED_EDGE('',*,*,#2488,.T.);
#3290=ORIENTED_EDGE('',*,*,#2465,.F.);
#3291=ORIENTED_EDGE('',*,*,#2494,.F.);
#3292=ORIENTED_EDGE('',*,*,#2495,.F.);
#3293=ORIENTED_EDGE('',*,*,#2492,.F.);
#3294=ORIENTED_EDGE('',*,*,#2487,.F.);
#3295=ORIENTED_EDGE('',*,*,#2496,.T.);
#3296=ORIENTED_EDGE('',*,*,#2497,.T.);
#3297=ORIENTED_EDGE('',*,*,#2494,.T.);
#3298=ORIENTED_EDGE('',*,*,#2476,.F.);
#3299=ORIENTED_EDGE('',*,*,#2498,.F.);
#3300=ORIENTED_EDGE('',*,*,#2499,.F.);
#3301=ORIENTED_EDGE('',*,*,#2496,.F.);
#3302=ORIENTED_EDGE('',*,*,#2486,.F.);
#3303=ORIENTED_EDGE('',*,*,#2500,.T.);
#3304=ORIENTED_EDGE('',*,*,#2501,.F.);
#3305=ORIENTED_EDGE('',*,*,#2498,.T.);
#3306=ORIENTED_EDGE('',*,*,#2485,.F.);
#3307=ORIENTED_EDGE('',*,*,#2502,.F.);
#3308=ORIENTED_EDGE('',*,*,#2503,.F.);
#3309=ORIENTED_EDGE('',*,*,#2504,.F.);
#3310=ORIENTED_EDGE('',*,*,#2505,.F.);
#3311=ORIENTED_EDGE('',*,*,#2500,.F.);
#3312=ORIENTED_EDGE('',*,*,#2480,.F.);
#3313=ORIENTED_EDGE('',*,*,#2506,.T.);
#3314=ORIENTED_EDGE('',*,*,#2507,.F.);
#3315=ORIENTED_EDGE('',*,*,#2502,.T.);
#3316=ORIENTED_EDGE('',*,*,#2456,.F.);
#3317=ORIENTED_EDGE('',*,*,#2508,.F.);
#3318=ORIENTED_EDGE('',*,*,#2509,.F.);
#3319=ORIENTED_EDGE('',*,*,#2506,.F.);
#3320=ORIENTED_EDGE('',*,*,#2477,.F.);
#3321=ORIENTED_EDGE('',*,*,#2510,.T.);
#3322=ORIENTED_EDGE('',*,*,#2511,.T.);
#3323=ORIENTED_EDGE('',*,*,#2218,.T.);
#3324=ORIENTED_EDGE('',*,*,#2511,.F.);
#3325=ORIENTED_EDGE('',*,*,#2512,.T.);
#3326=ORIENTED_EDGE('',*,*,#2510,.F.);
#3327=ORIENTED_EDGE('',*,*,#2513,.T.);
#3328=ORIENTED_EDGE('',*,*,#2514,.F.);
#3329=ORIENTED_EDGE('',*,*,#2513,.F.);
#3330=ORIENTED_EDGE('',*,*,#2512,.F.);
#3331=ORIENTED_EDGE('',*,*,#2515,.T.);
#3332=ORIENTED_EDGE('',*,*,#2227,.T.);
#3333=ORIENTED_EDGE('',*,*,#2516,.T.);
#3334=ORIENTED_EDGE('',*,*,#2517,.T.);
#3335=ORIENTED_EDGE('',*,*,#2515,.F.);
#3336=ORIENTED_EDGE('',*,*,#2518,.T.);
#3337=ORIENTED_EDGE('',*,*,#2519,.T.);
#3338=ORIENTED_EDGE('',*,*,#2228,.T.);
#3339=ORIENTED_EDGE('',*,*,#2520,.T.);
#3340=ORIENTED_EDGE('',*,*,#2229,.T.);
#3341=ORIENTED_EDGE('',*,*,#2519,.F.);
#3342=ORIENTED_EDGE('',*,*,#2521,.T.);
#3343=ORIENTED_EDGE('',*,*,#2520,.F.);
#3344=ORIENTED_EDGE('',*,*,#2522,.T.);
#3345=ORIENTED_EDGE('',*,*,#2523,.T.);
#3346=ORIENTED_EDGE('',*,*,#2230,.T.);
#3347=ORIENTED_EDGE('',*,*,#2524,.T.);
#3348=ORIENTED_EDGE('',*,*,#2231,.T.);
#3349=ORIENTED_EDGE('',*,*,#2523,.F.);
#3350=ORIENTED_EDGE('',*,*,#2525,.T.);
#3351=ORIENTED_EDGE('',*,*,#2524,.F.);
#3352=ORIENTED_EDGE('',*,*,#2526,.T.);
#3353=ORIENTED_EDGE('',*,*,#2527,.T.);
#3354=ORIENTED_EDGE('',*,*,#2232,.T.);
#3355=ORIENTED_EDGE('',*,*,#2528,.T.);
#3356=ORIENTED_EDGE('',*,*,#2233,.T.);
#3357=ORIENTED_EDGE('',*,*,#2527,.F.);
#3358=ORIENTED_EDGE('',*,*,#2529,.T.);
#3359=ORIENTED_EDGE('',*,*,#2528,.F.);
#3360=ORIENTED_EDGE('',*,*,#2530,.T.);
#3361=ORIENTED_EDGE('',*,*,#2516,.F.);
#3362=ORIENTED_EDGE('',*,*,#2234,.T.);
#3363=ORIENTED_EDGE('',*,*,#2522,.F.);
#3364=ORIENTED_EDGE('',*,*,#2531,.T.);
#3365=ORIENTED_EDGE('',*,*,#2532,.F.);
#3366=ORIENTED_EDGE('',*,*,#2533,.T.);
#3367=ORIENTED_EDGE('',*,*,#2521,.F.);
#3368=ORIENTED_EDGE('',*,*,#2534,.F.);
#3369=ORIENTED_EDGE('',*,*,#2535,.F.);
#3370=ORIENTED_EDGE('',*,*,#2531,.F.);
#3371=ORIENTED_EDGE('',*,*,#2518,.F.);
#3372=ORIENTED_EDGE('',*,*,#2536,.T.);
#3373=ORIENTED_EDGE('',*,*,#2537,.F.);
#3374=ORIENTED_EDGE('',*,*,#2534,.T.);
#3375=ORIENTED_EDGE('',*,*,#2517,.F.);
#3376=ORIENTED_EDGE('',*,*,#2538,.F.);
#3377=ORIENTED_EDGE('',*,*,#2539,.F.);
#3378=ORIENTED_EDGE('',*,*,#2536,.F.);
#3379=ORIENTED_EDGE('',*,*,#2540,.T.);
#3380=ORIENTED_EDGE('',*,*,#2541,.T.);
#3381=ORIENTED_EDGE('',*,*,#2542,.T.);
#3382=ORIENTED_EDGE('',*,*,#2219,.T.);
#3383=ORIENTED_EDGE('',*,*,#2540,.F.);
#3384=ORIENTED_EDGE('',*,*,#2226,.T.);
#3385=ORIENTED_EDGE('',*,*,#2543,.T.);
#3386=ORIENTED_EDGE('',*,*,#2544,.T.);
#3387=ORIENTED_EDGE('',*,*,#2545,.T.);
#3388=ORIENTED_EDGE('',*,*,#2546,.T.);
#3389=ORIENTED_EDGE('',*,*,#2543,.F.);
#3390=ORIENTED_EDGE('',*,*,#2225,.T.);
#3391=ORIENTED_EDGE('',*,*,#2545,.F.);
#3392=ORIENTED_EDGE('',*,*,#2224,.T.);
#3393=ORIENTED_EDGE('',*,*,#2547,.T.);
#3394=ORIENTED_EDGE('',*,*,#2548,.T.);
#3395=ORIENTED_EDGE('',*,*,#2549,.T.);
#3396=ORIENTED_EDGE('',*,*,#2550,.T.);
#3397=ORIENTED_EDGE('',*,*,#2547,.F.);
#3398=ORIENTED_EDGE('',*,*,#2223,.T.);
#3399=ORIENTED_EDGE('',*,*,#2549,.F.);
#3400=ORIENTED_EDGE('',*,*,#2222,.T.);
#3401=ORIENTED_EDGE('',*,*,#2551,.T.);
#3402=ORIENTED_EDGE('',*,*,#2552,.T.);
#3403=ORIENTED_EDGE('',*,*,#2553,.T.);
#3404=ORIENTED_EDGE('',*,*,#2554,.T.);
#3405=ORIENTED_EDGE('',*,*,#2551,.F.);
#3406=ORIENTED_EDGE('',*,*,#2221,.T.);
#3407=ORIENTED_EDGE('',*,*,#2553,.F.);
#3408=ORIENTED_EDGE('',*,*,#2220,.T.);
#3409=ORIENTED_EDGE('',*,*,#2542,.F.);
#3410=ORIENTED_EDGE('',*,*,#2555,.T.);
#3411=ORIENTED_EDGE('',*,*,#2552,.F.);
#3412=ORIENTED_EDGE('',*,*,#2556,.F.);
#3413=ORIENTED_EDGE('',*,*,#2557,.F.);
#3414=ORIENTED_EDGE('',*,*,#2558,.F.);
#3415=ORIENTED_EDGE('',*,*,#2554,.F.);
#3416=ORIENTED_EDGE('',*,*,#2559,.T.);
#3417=ORIENTED_EDGE('',*,*,#2560,.F.);
#3418=ORIENTED_EDGE('',*,*,#2556,.T.);
#3419=ORIENTED_EDGE('',*,*,#2555,.F.);
#3420=ORIENTED_EDGE('',*,*,#2561,.F.);
#3421=ORIENTED_EDGE('',*,*,#2562,.F.);
#3422=ORIENTED_EDGE('',*,*,#2559,.F.);
#3423=ORIENTED_EDGE('',*,*,#2541,.F.);
#3424=ORIENTED_EDGE('',*,*,#2563,.T.);
#3425=ORIENTED_EDGE('',*,*,#2564,.F.);
#3426=ORIENTED_EDGE('',*,*,#2561,.T.);
#3427=ORIENTED_EDGE('',*,*,#2565,.T.);
#3428=ORIENTED_EDGE('',*,*,#2566,.T.);
#3429=ORIENTED_EDGE('',*,*,#2567,.T.);
#3430=ORIENTED_EDGE('',*,*,#2197,.T.);
#3431=ORIENTED_EDGE('',*,*,#2565,.F.);
#3432=ORIENTED_EDGE('',*,*,#2217,.T.);
#3433=ORIENTED_EDGE('',*,*,#2568,.T.);
#3434=ORIENTED_EDGE('',*,*,#2509,.T.);
#3435=ORIENTED_EDGE('',*,*,#2569,.T.);
#3436=ORIENTED_EDGE('',*,*,#2507,.T.);
#3437=ORIENTED_EDGE('',*,*,#2568,.F.);
#3438=ORIENTED_EDGE('',*,*,#2216,.T.);
#3439=ORIENTED_EDGE('',*,*,#2569,.F.);
#3440=ORIENTED_EDGE('',*,*,#2215,.T.);
#3441=ORIENTED_EDGE('',*,*,#2570,.T.);
#3442=ORIENTED_EDGE('',*,*,#2503,.T.);
#3443=ORIENTED_EDGE('',*,*,#2571,.T.);
#3444=ORIENTED_EDGE('',*,*,#2572,.T.);
#3445=ORIENTED_EDGE('',*,*,#2570,.F.);
#3446=ORIENTED_EDGE('',*,*,#2214,.T.);
#3447=ORIENTED_EDGE('',*,*,#2571,.F.);
#3448=ORIENTED_EDGE('',*,*,#2213,.T.);
#3449=ORIENTED_EDGE('',*,*,#2573,.T.);
#3450=ORIENTED_EDGE('',*,*,#2574,.T.);
#3451=ORIENTED_EDGE('',*,*,#2575,.T.);
#3452=ORIENTED_EDGE('',*,*,#2576,.T.);
#3453=ORIENTED_EDGE('',*,*,#2573,.F.);
#3454=ORIENTED_EDGE('',*,*,#2212,.T.);
#3455=ORIENTED_EDGE('',*,*,#2575,.F.);
#3456=ORIENTED_EDGE('',*,*,#2211,.T.);
#3457=ORIENTED_EDGE('',*,*,#2577,.T.);
#3458=ORIENTED_EDGE('',*,*,#2578,.T.);
#3459=ORIENTED_EDGE('',*,*,#2579,.T.);
#3460=ORIENTED_EDGE('',*,*,#2580,.T.);
#3461=ORIENTED_EDGE('',*,*,#2577,.F.);
#3462=ORIENTED_EDGE('',*,*,#2210,.T.);
#3463=ORIENTED_EDGE('',*,*,#2579,.F.);
#3464=ORIENTED_EDGE('',*,*,#2209,.T.);
#3465=ORIENTED_EDGE('',*,*,#2581,.T.);
#3466=ORIENTED_EDGE('',*,*,#2582,.T.);
#3467=ORIENTED_EDGE('',*,*,#2583,.T.);
#3468=ORIENTED_EDGE('',*,*,#2584,.T.);
#3469=ORIENTED_EDGE('',*,*,#2581,.F.);
#3470=ORIENTED_EDGE('',*,*,#2208,.T.);
#3471=ORIENTED_EDGE('',*,*,#2583,.F.);
#3472=ORIENTED_EDGE('',*,*,#2207,.T.);
#3473=ORIENTED_EDGE('',*,*,#2585,.T.);
#3474=ORIENTED_EDGE('',*,*,#2586,.T.);
#3475=ORIENTED_EDGE('',*,*,#2585,.F.);
#3476=ORIENTED_EDGE('',*,*,#2206,.T.);
#3477=ORIENTED_EDGE('',*,*,#2587,.T.);
#3478=ORIENTED_EDGE('',*,*,#2435,.T.);
#3479=ORIENTED_EDGE('',*,*,#2588,.T.);
#3480=ORIENTED_EDGE('',*,*,#2429,.T.);
#3481=ORIENTED_EDGE('',*,*,#2587,.F.);
#3482=ORIENTED_EDGE('',*,*,#2205,.T.);
#3483=ORIENTED_EDGE('',*,*,#2588,.F.);
#3484=ORIENTED_EDGE('',*,*,#2204,.T.);
#3485=ORIENTED_EDGE('',*,*,#2589,.T.);
#3486=ORIENTED_EDGE('',*,*,#2425,.T.);
#3487=ORIENTED_EDGE('',*,*,#2590,.T.);
#3488=ORIENTED_EDGE('',*,*,#2591,.T.);
#3489=ORIENTED_EDGE('',*,*,#2589,.F.);
#3490=ORIENTED_EDGE('',*,*,#2203,.T.);
#3491=ORIENTED_EDGE('',*,*,#2590,.F.);
#3492=ORIENTED_EDGE('',*,*,#2202,.T.);
#3493=ORIENTED_EDGE('',*,*,#2592,.T.);
#3494=ORIENTED_EDGE('',*,*,#2593,.T.);
#3495=ORIENTED_EDGE('',*,*,#2594,.T.);
#3496=ORIENTED_EDGE('',*,*,#2595,.T.);
#3497=ORIENTED_EDGE('',*,*,#2592,.F.);
#3498=ORIENTED_EDGE('',*,*,#2201,.T.);
#3499=ORIENTED_EDGE('',*,*,#2594,.F.);
#3500=ORIENTED_EDGE('',*,*,#2200,.T.);
#3501=ORIENTED_EDGE('',*,*,#2596,.T.);
#3502=ORIENTED_EDGE('',*,*,#2282,.T.);
#3503=ORIENTED_EDGE('',*,*,#2597,.T.);
#3504=ORIENTED_EDGE('',*,*,#2598,.T.);
#3505=ORIENTED_EDGE('',*,*,#2596,.F.);
#3506=ORIENTED_EDGE('',*,*,#2199,.T.);
#3507=ORIENTED_EDGE('',*,*,#2567,.F.);
#3508=ORIENTED_EDGE('',*,*,#2599,.T.);
#3509=ORIENTED_EDGE('',*,*,#2597,.F.);
#3510=ORIENTED_EDGE('',*,*,#2198,.T.);
#3511=ORIENTED_EDGE('',*,*,#2586,.F.);
#3512=ORIENTED_EDGE('',*,*,#2434,.T.);
#3513=ORIENTED_EDGE('',*,*,#2600,.F.);
#3514=ORIENTED_EDGE('',*,*,#2601,.F.);
#3515=ORIENTED_EDGE('',*,*,#2591,.F.);
#3516=ORIENTED_EDGE('',*,*,#2602,.T.);
#3517=ORIENTED_EDGE('',*,*,#2603,.F.);
#3518=ORIENTED_EDGE('',*,*,#2426,.T.);
#3519=ORIENTED_EDGE('',*,*,#2593,.F.);
#3520=ORIENTED_EDGE('',*,*,#2604,.F.);
#3521=ORIENTED_EDGE('',*,*,#2605,.F.);
#3522=ORIENTED_EDGE('',*,*,#2602,.F.);
#3523=ORIENTED_EDGE('',*,*,#2595,.F.);
#3524=ORIENTED_EDGE('',*,*,#2281,.T.);
#3525=ORIENTED_EDGE('',*,*,#2606,.T.);
#3526=ORIENTED_EDGE('',*,*,#2607,.T.);
#3527=ORIENTED_EDGE('',*,*,#2604,.T.);
#3528=ORIENTED_EDGE('',*,*,#2448,.F.);
#3529=ORIENTED_EDGE('',*,*,#2283,.T.);
#3530=ORIENTED_EDGE('',*,*,#2598,.F.);
#3531=ORIENTED_EDGE('',*,*,#2608,.T.);
#3532=ORIENTED_EDGE('',*,*,#2446,.F.);
#3533=ORIENTED_EDGE('',*,*,#2608,.F.);
#3534=ORIENTED_EDGE('',*,*,#2599,.F.);
#3535=ORIENTED_EDGE('',*,*,#2609,.F.);
#3536=ORIENTED_EDGE('',*,*,#2341,.F.);
#3537=ORIENTED_EDGE('',*,*,#2609,.T.);
#3538=ORIENTED_EDGE('',*,*,#2566,.F.);
#3539=ORIENTED_EDGE('',*,*,#2508,.T.);
#3540=ORIENTED_EDGE('',*,*,#2338,.F.);
#3541=ORIENTED_EDGE('',*,*,#2607,.F.);
#3542=ORIENTED_EDGE('',*,*,#2610,.F.);
#3543=ORIENTED_EDGE('',*,*,#2611,.T.);
#3544=ORIENTED_EDGE('',*,*,#2612,.F.);
#3545=ORIENTED_EDGE('',*,*,#2605,.T.);
#3546=ORIENTED_EDGE('',*,*,#2606,.F.);
#3547=ORIENTED_EDGE('',*,*,#2280,.T.);
#3548=ORIENTED_EDGE('',*,*,#2613,.T.);
#3549=ORIENTED_EDGE('',*,*,#2614,.T.);
#3550=ORIENTED_EDGE('',*,*,#2610,.T.);
#3551=ORIENTED_EDGE('',*,*,#2324,.T.);
#3552=ORIENTED_EDGE('',*,*,#2615,.F.);
#3553=ORIENTED_EDGE('',*,*,#2293,.F.);
#3554=ORIENTED_EDGE('',*,*,#2616,.T.);
#3555=ORIENTED_EDGE('',*,*,#2323,.T.);
#3556=ORIENTED_EDGE('',*,*,#2347,.F.);
#3557=ORIENTED_EDGE('',*,*,#2357,.F.);
#3558=ORIENTED_EDGE('',*,*,#2272,.F.);
#3559=ORIENTED_EDGE('',*,*,#2275,.F.);
#3560=ORIENTED_EDGE('',*,*,#2615,.T.);
#3561=ORIENTED_EDGE('',*,*,#2350,.F.);
#3562=ORIENTED_EDGE('',*,*,#2330,.T.);
#3563=ORIENTED_EDGE('',*,*,#2354,.F.);
#3564=ORIENTED_EDGE('',*,*,#2287,.F.);
#3565=ORIENTED_EDGE('',*,*,#2452,.F.);
#3566=ORIENTED_EDGE('',*,*,#2327,.T.);
#3567=ORIENTED_EDGE('',*,*,#2617,.F.);
#3568=ORIENTED_EDGE('',*,*,#2290,.F.);
#3569=ORIENTED_EDGE('',*,*,#2355,.T.);
#3570=ORIENTED_EDGE('',*,*,#2326,.T.);
#3571=ORIENTED_EDGE('',*,*,#2618,.F.);
#3572=ORIENTED_EDGE('',*,*,#2291,.F.);
#3573=ORIENTED_EDGE('',*,*,#2617,.T.);
#3574=ORIENTED_EDGE('',*,*,#2325,.T.);
#3575=ORIENTED_EDGE('',*,*,#2616,.F.);
#3576=ORIENTED_EDGE('',*,*,#2292,.F.);
#3577=ORIENTED_EDGE('',*,*,#2618,.T.);
#3578=ORIENTED_EDGE('',*,*,#2418,.T.);
#3579=ORIENTED_EDGE('',*,*,#2619,.T.);
#3580=ORIENTED_EDGE('',*,*,#2620,.T.);
#3581=ORIENTED_EDGE('',*,*,#2621,.T.);
#3582=ORIENTED_EDGE('',*,*,#2620,.F.);
#3583=ORIENTED_EDGE('',*,*,#2622,.T.);
#3584=ORIENTED_EDGE('',*,*,#2623,.T.);
#3585=ORIENTED_EDGE('',*,*,#2624,.T.);
#3586=ORIENTED_EDGE('',*,*,#2625,.T.);
#3587=ORIENTED_EDGE('',*,*,#2626,.T.);
#3588=ORIENTED_EDGE('',*,*,#2623,.F.);
#3589=ORIENTED_EDGE('',*,*,#2627,.T.);
#3590=ORIENTED_EDGE('',*,*,#2625,.F.);
#3591=ORIENTED_EDGE('',*,*,#2628,.T.);
#3592=ORIENTED_EDGE('',*,*,#2629,.T.);
#3593=ORIENTED_EDGE('',*,*,#2630,.T.);
#3594=ORIENTED_EDGE('',*,*,#2631,.T.);
#3595=ORIENTED_EDGE('',*,*,#2632,.T.);
#3596=ORIENTED_EDGE('',*,*,#2629,.F.);
#3597=ORIENTED_EDGE('',*,*,#2633,.T.);
#3598=ORIENTED_EDGE('',*,*,#2634,.T.);
#3599=ORIENTED_EDGE('',*,*,#2635,.T.);
#3600=ORIENTED_EDGE('',*,*,#2631,.F.);
#3601=ORIENTED_EDGE('',*,*,#2636,.T.);
#3602=ORIENTED_EDGE('',*,*,#2636,.F.);
#3603=ORIENTED_EDGE('',*,*,#2633,.F.);
#3604=ORIENTED_EDGE('',*,*,#2628,.F.);
#3605=ORIENTED_EDGE('',*,*,#2627,.F.);
#3606=ORIENTED_EDGE('',*,*,#2622,.F.);
#3607=ORIENTED_EDGE('',*,*,#2619,.F.);
#3608=ORIENTED_EDGE('',*,*,#2417,.T.);
#3609=ORIENTED_EDGE('',*,*,#2423,.F.);
#3610=ORIENTED_EDGE('',*,*,#2637,.F.);
#3611=ORIENTED_EDGE('',*,*,#2638,.F.);
#3612=ORIENTED_EDGE('',*,*,#2611,.F.);
#3613=ORIENTED_EDGE('',*,*,#2614,.F.);
#3614=ORIENTED_EDGE('',*,*,#2639,.T.);
#3615=ORIENTED_EDGE('',*,*,#2640,.F.);
#3616=ORIENTED_EDGE('',*,*,#2641,.F.);
#3617=ORIENTED_EDGE('',*,*,#2642,.F.);
#3618=ORIENTED_EDGE('',*,*,#2643,.F.);
#3619=ORIENTED_EDGE('',*,*,#2644,.F.);
#3620=ORIENTED_EDGE('',*,*,#2645,.F.);
#3621=ORIENTED_EDGE('',*,*,#2646,.F.);
#3622=ORIENTED_EDGE('',*,*,#2647,.F.);
#3623=ORIENTED_EDGE('',*,*,#2648,.F.);
#3624=ORIENTED_EDGE('',*,*,#2422,.T.);
#3625=ORIENTED_EDGE('',*,*,#2427,.T.);
#3626=ORIENTED_EDGE('',*,*,#2649,.T.);
#3627=ORIENTED_EDGE('',*,*,#2637,.T.);
#3628=ORIENTED_EDGE('',*,*,#2649,.F.);
#3629=ORIENTED_EDGE('',*,*,#2603,.T.);
#3630=ORIENTED_EDGE('',*,*,#2612,.T.);
#3631=ORIENTED_EDGE('',*,*,#2638,.T.);
#3632=ORIENTED_EDGE('',*,*,#2650,.T.);
#3633=ORIENTED_EDGE('',*,*,#2644,.T.);
#3634=ORIENTED_EDGE('',*,*,#2651,.T.);
#3635=ORIENTED_EDGE('',*,*,#2652,.T.);
#3636=ORIENTED_EDGE('',*,*,#2653,.T.);
#3637=ORIENTED_EDGE('',*,*,#2654,.T.);
#3638=ORIENTED_EDGE('',*,*,#2651,.F.);
#3639=ORIENTED_EDGE('',*,*,#2643,.T.);
#3640=ORIENTED_EDGE('',*,*,#2653,.F.);
#3641=ORIENTED_EDGE('',*,*,#2642,.T.);
#3642=ORIENTED_EDGE('',*,*,#2655,.T.);
#3643=ORIENTED_EDGE('',*,*,#2656,.T.);
#3644=ORIENTED_EDGE('',*,*,#2657,.T.);
#3645=ORIENTED_EDGE('',*,*,#2641,.T.);
#3646=ORIENTED_EDGE('',*,*,#2658,.T.);
#3647=ORIENTED_EDGE('',*,*,#2659,.T.);
#3648=ORIENTED_EDGE('',*,*,#2660,.T.);
#3649=ORIENTED_EDGE('',*,*,#2661,.T.);
#3650=ORIENTED_EDGE('',*,*,#2658,.F.);
#3651=ORIENTED_EDGE('',*,*,#2640,.T.);
#3652=ORIENTED_EDGE('',*,*,#2662,.F.);
#3653=ORIENTED_EDGE('',*,*,#2663,.T.);
#3654=ORIENTED_EDGE('',*,*,#2660,.F.);
#3655=ORIENTED_EDGE('',*,*,#2657,.F.);
#3656=ORIENTED_EDGE('',*,*,#2664,.T.);
#3657=ORIENTED_EDGE('',*,*,#2655,.F.);
#3658=ORIENTED_EDGE('',*,*,#2665,.F.);
#3659=ORIENTED_EDGE('',*,*,#2652,.F.);
#3660=ORIENTED_EDGE('',*,*,#2666,.F.);
#3661=ORIENTED_EDGE('',*,*,#2667,.F.);
#3662=ORIENTED_EDGE('',*,*,#2668,.F.);
#3663=ORIENTED_EDGE('',*,*,#2654,.F.);
#3664=ORIENTED_EDGE('',*,*,#2669,.T.);
#3665=ORIENTED_EDGE('',*,*,#2670,.F.);
#3666=ORIENTED_EDGE('',*,*,#2666,.T.);
#3667=ORIENTED_EDGE('',*,*,#2656,.F.);
#3668=ORIENTED_EDGE('',*,*,#2671,.F.);
#3669=ORIENTED_EDGE('',*,*,#2672,.F.);
#3670=ORIENTED_EDGE('',*,*,#2669,.F.);
#3671=ORIENTED_EDGE('',*,*,#2664,.F.);
#3672=ORIENTED_EDGE('',*,*,#2673,.T.);
#3673=ORIENTED_EDGE('',*,*,#2674,.T.);
#3674=ORIENTED_EDGE('',*,*,#2671,.T.);
#3675=ORIENTED_EDGE('',*,*,#2659,.F.);
#3676=ORIENTED_EDGE('',*,*,#2675,.F.);
#3677=ORIENTED_EDGE('',*,*,#2676,.F.);
#3678=ORIENTED_EDGE('',*,*,#2673,.F.);
#3679=ORIENTED_EDGE('',*,*,#2514,.T.);
#3680=ORIENTED_EDGE('',*,*,#2677,.T.);
#3681=ORIENTED_EDGE('',*,*,#2678,.T.);
#3682=ORIENTED_EDGE('',*,*,#2677,.F.);
#3683=ORIENTED_EDGE('',*,*,#2679,.F.);
#3684=ORIENTED_EDGE('',*,*,#2680,.F.);
#3685=ORIENTED_EDGE('',*,*,#2681,.F.);
#3686=ORIENTED_EDGE('',*,*,#2682,.F.);
#3687=ORIENTED_EDGE('',*,*,#2683,.F.);
#3688=ORIENTED_EDGE('',*,*,#2684,.F.);
#3689=ORIENTED_EDGE('',*,*,#2685,.F.);
#3690=ORIENTED_EDGE('',*,*,#2686,.F.);
#3691=ORIENTED_EDGE('',*,*,#2687,.F.);
#3692=ORIENTED_EDGE('',*,*,#2688,.F.);
#3693=ORIENTED_EDGE('',*,*,#2689,.F.);
#3694=ORIENTED_EDGE('',*,*,#2667,.T.);
#3695=ORIENTED_EDGE('',*,*,#2670,.T.);
#3696=ORIENTED_EDGE('',*,*,#2672,.T.);
#3697=ORIENTED_EDGE('',*,*,#2674,.F.);
#3698=ORIENTED_EDGE('',*,*,#2676,.T.);
#3699=ORIENTED_EDGE('',*,*,#2690,.T.);
#3700=ORIENTED_EDGE('',*,*,#2691,.T.);
#3701=ORIENTED_EDGE('',*,*,#2266,.T.);
#3702=ORIENTED_EDGE('',*,*,#2692,.T.);
#3703=ORIENTED_EDGE('',*,*,#2263,.T.);
#3704=ORIENTED_EDGE('',*,*,#2693,.T.);
#3705=ORIENTED_EDGE('',*,*,#2694,.T.);
#3706=ORIENTED_EDGE('',*,*,#2489,.T.);
#3707=ORIENTED_EDGE('',*,*,#2493,.T.);
#3708=ORIENTED_EDGE('',*,*,#2495,.T.);
#3709=ORIENTED_EDGE('',*,*,#2497,.F.);
#3710=ORIENTED_EDGE('',*,*,#2499,.T.);
#3711=ORIENTED_EDGE('',*,*,#2695,.F.);
#3712=ORIENTED_EDGE('',*,*,#2696,.F.);
#3713=ORIENTED_EDGE('',*,*,#2697,.F.);
#3714=ORIENTED_EDGE('',*,*,#2698,.F.);
#3715=ORIENTED_EDGE('',*,*,#2699,.F.);
#3716=ORIENTED_EDGE('',*,*,#2700,.F.);
#3717=ORIENTED_EDGE('',*,*,#2701,.F.);
#3718=ORIENTED_EDGE('',*,*,#2702,.F.);
#3719=ORIENTED_EDGE('',*,*,#2703,.F.);
#3720=ORIENTED_EDGE('',*,*,#2704,.F.);
#3721=ORIENTED_EDGE('',*,*,#2705,.F.);
#3722=ORIENTED_EDGE('',*,*,#2706,.F.);
#3723=ORIENTED_EDGE('',*,*,#2707,.F.);
#3724=ORIENTED_EDGE('',*,*,#2708,.F.);
#3725=ORIENTED_EDGE('',*,*,#2709,.F.);
#3726=ORIENTED_EDGE('',*,*,#2710,.F.);
#3727=ORIENTED_EDGE('',*,*,#2678,.F.);
#3728=ORIENTED_EDGE('',*,*,#2711,.T.);
#3729=ORIENTED_EDGE('',*,*,#2537,.T.);
#3730=ORIENTED_EDGE('',*,*,#2712,.T.);
#3731=ORIENTED_EDGE('',*,*,#2695,.T.);
#3732=ORIENTED_EDGE('',*,*,#2711,.F.);
#3733=ORIENTED_EDGE('',*,*,#2702,.T.);
#3734=ORIENTED_EDGE('',*,*,#2713,.T.);
#3735=ORIENTED_EDGE('',*,*,#2535,.T.);
#3736=ORIENTED_EDGE('',*,*,#2714,.T.);
#3737=ORIENTED_EDGE('',*,*,#2532,.T.);
#3738=ORIENTED_EDGE('',*,*,#2713,.F.);
#3739=ORIENTED_EDGE('',*,*,#2701,.T.);
#3740=ORIENTED_EDGE('',*,*,#2714,.F.);
#3741=ORIENTED_EDGE('',*,*,#2700,.T.);
#3742=ORIENTED_EDGE('',*,*,#2715,.T.);
#3743=ORIENTED_EDGE('',*,*,#2716,.T.);
#3744=ORIENTED_EDGE('',*,*,#2717,.T.);
#3745=ORIENTED_EDGE('',*,*,#2718,.T.);
#3746=ORIENTED_EDGE('',*,*,#2715,.F.);
#3747=ORIENTED_EDGE('',*,*,#2699,.T.);
#3748=ORIENTED_EDGE('',*,*,#2717,.F.);
#3749=ORIENTED_EDGE('',*,*,#2698,.T.);
#3750=ORIENTED_EDGE('',*,*,#2719,.T.);
#3751=ORIENTED_EDGE('',*,*,#2720,.T.);
#3752=ORIENTED_EDGE('',*,*,#2721,.T.);
#3753=ORIENTED_EDGE('',*,*,#2722,.T.);
#3754=ORIENTED_EDGE('',*,*,#2719,.F.);
#3755=ORIENTED_EDGE('',*,*,#2697,.T.);
#3756=ORIENTED_EDGE('',*,*,#2721,.F.);
#3757=ORIENTED_EDGE('',*,*,#2696,.T.);
#3758=ORIENTED_EDGE('',*,*,#2712,.F.);
#3759=ORIENTED_EDGE('',*,*,#2539,.T.);
#3760=ORIENTED_EDGE('',*,*,#2529,.F.);
#3761=ORIENTED_EDGE('',*,*,#2723,.F.);
#3762=ORIENTED_EDGE('',*,*,#2720,.F.);
#3763=ORIENTED_EDGE('',*,*,#2724,.F.);
#3764=ORIENTED_EDGE('',*,*,#2530,.F.);
#3765=ORIENTED_EDGE('',*,*,#2724,.T.);
#3766=ORIENTED_EDGE('',*,*,#2722,.F.);
#3767=ORIENTED_EDGE('',*,*,#2538,.T.);
#3768=ORIENTED_EDGE('',*,*,#2725,.T.);
#3769=ORIENTED_EDGE('',*,*,#2726,.T.);
#3770=ORIENTED_EDGE('',*,*,#2727,.T.);
#3771=ORIENTED_EDGE('',*,*,#2703,.T.);
#3772=ORIENTED_EDGE('',*,*,#2725,.F.);
#3773=ORIENTED_EDGE('',*,*,#2710,.T.);
#3774=ORIENTED_EDGE('',*,*,#2728,.T.);
#3775=ORIENTED_EDGE('',*,*,#2729,.T.);
#3776=ORIENTED_EDGE('',*,*,#2730,.T.);
#3777=ORIENTED_EDGE('',*,*,#2564,.T.);
#3778=ORIENTED_EDGE('',*,*,#2728,.F.);
#3779=ORIENTED_EDGE('',*,*,#2709,.T.);
#3780=ORIENTED_EDGE('',*,*,#2730,.F.);
#3781=ORIENTED_EDGE('',*,*,#2708,.T.);
#3782=ORIENTED_EDGE('',*,*,#2731,.T.);
#3783=ORIENTED_EDGE('',*,*,#2562,.T.);
#3784=ORIENTED_EDGE('',*,*,#2732,.T.);
#3785=ORIENTED_EDGE('',*,*,#2560,.T.);
#3786=ORIENTED_EDGE('',*,*,#2731,.F.);
#3787=ORIENTED_EDGE('',*,*,#2707,.T.);
#3788=ORIENTED_EDGE('',*,*,#2732,.F.);
#3789=ORIENTED_EDGE('',*,*,#2706,.T.);
#3790=ORIENTED_EDGE('',*,*,#2733,.T.);
#3791=ORIENTED_EDGE('',*,*,#2557,.T.);
#3792=ORIENTED_EDGE('',*,*,#2734,.T.);
#3793=ORIENTED_EDGE('',*,*,#2735,.T.);
#3794=ORIENTED_EDGE('',*,*,#2733,.F.);
#3795=ORIENTED_EDGE('',*,*,#2705,.T.);
#3796=ORIENTED_EDGE('',*,*,#2734,.F.);
#3797=ORIENTED_EDGE('',*,*,#2704,.T.);
#3798=ORIENTED_EDGE('',*,*,#2727,.F.);
#3799=ORIENTED_EDGE('',*,*,#2736,.T.);
#3800=ORIENTED_EDGE('',*,*,#2550,.F.);
#3801=ORIENTED_EDGE('',*,*,#2558,.T.);
#3802=ORIENTED_EDGE('',*,*,#2735,.F.);
#3803=ORIENTED_EDGE('',*,*,#2737,.T.);
#3804=ORIENTED_EDGE('',*,*,#2548,.F.);
#3805=ORIENTED_EDGE('',*,*,#2737,.F.);
#3806=ORIENTED_EDGE('',*,*,#2736,.F.);
#3807=ORIENTED_EDGE('',*,*,#2738,.F.);
#3808=ORIENTED_EDGE('',*,*,#2546,.F.);
#3809=ORIENTED_EDGE('',*,*,#2738,.T.);
#3810=ORIENTED_EDGE('',*,*,#2726,.F.);
#3811=ORIENTED_EDGE('',*,*,#2739,.T.);
#3812=ORIENTED_EDGE('',*,*,#2740,.T.);
#3813=ORIENTED_EDGE('',*,*,#2688,.T.);
#3814=ORIENTED_EDGE('',*,*,#2741,.T.);
#3815=ORIENTED_EDGE('',*,*,#2433,.T.);
#3816=ORIENTED_EDGE('',*,*,#2742,.T.);
#3817=ORIENTED_EDGE('',*,*,#2600,.T.);
#3818=ORIENTED_EDGE('',*,*,#2741,.F.);
#3819=ORIENTED_EDGE('',*,*,#2687,.T.);
#3820=ORIENTED_EDGE('',*,*,#2743,.T.);
#3821=ORIENTED_EDGE('',*,*,#2744,.T.);
#3822=ORIENTED_EDGE('',*,*,#2742,.F.);
#3823=ORIENTED_EDGE('',*,*,#2686,.T.);
#3824=ORIENTED_EDGE('',*,*,#2743,.F.);
#3825=ORIENTED_EDGE('',*,*,#2685,.T.);
#3826=ORIENTED_EDGE('',*,*,#2745,.T.);
#3827=ORIENTED_EDGE('',*,*,#2746,.T.);
#3828=ORIENTED_EDGE('',*,*,#2747,.T.);
#3829=ORIENTED_EDGE('',*,*,#2748,.T.);
#3830=ORIENTED_EDGE('',*,*,#2745,.F.);
#3831=ORIENTED_EDGE('',*,*,#2684,.T.);
#3832=ORIENTED_EDGE('',*,*,#2747,.F.);
#3833=ORIENTED_EDGE('',*,*,#2683,.T.);
#3834=ORIENTED_EDGE('',*,*,#2749,.T.);
#3835=ORIENTED_EDGE('',*,*,#2750,.T.);
#3836=ORIENTED_EDGE('',*,*,#2751,.T.);
#3837=ORIENTED_EDGE('',*,*,#2752,.T.);
#3838=ORIENTED_EDGE('',*,*,#2749,.F.);
#3839=ORIENTED_EDGE('',*,*,#2682,.T.);
#3840=ORIENTED_EDGE('',*,*,#2751,.F.);
#3841=ORIENTED_EDGE('',*,*,#2681,.T.);
#3842=ORIENTED_EDGE('',*,*,#2753,.T.);
#3843=ORIENTED_EDGE('',*,*,#2754,.T.);
#3844=ORIENTED_EDGE('',*,*,#2755,.T.);
#3845=ORIENTED_EDGE('',*,*,#2756,.T.);
#3846=ORIENTED_EDGE('',*,*,#2753,.F.);
#3847=ORIENTED_EDGE('',*,*,#2680,.T.);
#3848=ORIENTED_EDGE('',*,*,#2501,.T.);
#3849=ORIENTED_EDGE('',*,*,#2505,.T.);
#3850=ORIENTED_EDGE('',*,*,#2755,.F.);
#3851=ORIENTED_EDGE('',*,*,#2679,.T.);
#3852=ORIENTED_EDGE('',*,*,#2584,.F.);
#3853=ORIENTED_EDGE('',*,*,#2601,.T.);
#3854=ORIENTED_EDGE('',*,*,#2744,.F.);
#3855=ORIENTED_EDGE('',*,*,#2757,.T.);
#3856=ORIENTED_EDGE('',*,*,#2758,.T.);
#3857=ORIENTED_EDGE('',*,*,#2759,.T.);
#3858=ORIENTED_EDGE('',*,*,#2760,.F.);
#3859=ORIENTED_EDGE('',*,*,#2759,.F.);
#3860=ORIENTED_EDGE('',*,*,#2761,.T.);
#3861=ORIENTED_EDGE('',*,*,#2366,.F.);
#3862=ORIENTED_EDGE('',*,*,#2359,.F.);
#3863=ORIENTED_EDGE('',*,*,#2376,.F.);
#3864=ORIENTED_EDGE('',*,*,#2401,.F.);
#3865=ORIENTED_EDGE('',*,*,#2415,.T.);
#3866=ORIENTED_EDGE('',*,*,#2362,.F.);
#3867=ORIENTED_EDGE('',*,*,#2761,.F.);
#3868=ORIENTED_EDGE('',*,*,#2758,.F.);
#3869=ORIENTED_EDGE('',*,*,#2414,.F.);
#3870=ORIENTED_EDGE('',*,*,#2762,.F.);
#3871=ORIENTED_EDGE('',*,*,#2763,.F.);
#3872=ORIENTED_EDGE('',*,*,#2764,.F.);
#3873=ORIENTED_EDGE('',*,*,#2765,.F.);
#3874=ORIENTED_EDGE('',*,*,#2766,.T.);
#3875=ORIENTED_EDGE('',*,*,#2767,.F.);
#3876=ORIENTED_EDGE('',*,*,#2408,.F.);
#3877=ORIENTED_EDGE('',*,*,#2768,.T.);
#3878=ORIENTED_EDGE('',*,*,#2769,.T.);
#3879=ORIENTED_EDGE('',*,*,#2440,.T.);
#3880=ORIENTED_EDGE('',*,*,#2444,.T.);
#3881=ORIENTED_EDGE('',*,*,#2441,.T.);
#3882=ORIENTED_EDGE('',*,*,#2769,.F.);
#3883=ORIENTED_EDGE('',*,*,#2770,.T.);
#3884=ORIENTED_EDGE('',*,*,#2771,.T.);
#3885=ORIENTED_EDGE('',*,*,#2442,.T.);
#3886=ORIENTED_EDGE('',*,*,#2771,.F.);
#3887=ORIENTED_EDGE('',*,*,#2772,.T.);
#3888=ORIENTED_EDGE('',*,*,#2773,.T.);
#3889=ORIENTED_EDGE('',*,*,#2774,.T.);
#3890=ORIENTED_EDGE('',*,*,#2647,.T.);
#3891=ORIENTED_EDGE('',*,*,#2775,.T.);
#3892=ORIENTED_EDGE('',*,*,#2773,.F.);
#3893=ORIENTED_EDGE('',*,*,#2775,.F.);
#3894=ORIENTED_EDGE('',*,*,#2646,.T.);
#3895=ORIENTED_EDGE('',*,*,#2776,.F.);
#3896=ORIENTED_EDGE('',*,*,#2777,.T.);
#3897=ORIENTED_EDGE('',*,*,#2437,.F.);
#3898=ORIENTED_EDGE('',*,*,#2443,.T.);
#3899=ORIENTED_EDGE('',*,*,#2632,.F.);
#3900=ORIENTED_EDGE('',*,*,#2778,.T.);
#3901=ORIENTED_EDGE('',*,*,#2779,.F.);
#3902=ORIENTED_EDGE('',*,*,#2780,.T.);
#3903=ORIENTED_EDGE('',*,*,#2630,.F.);
#3904=ORIENTED_EDGE('',*,*,#2780,.F.);
#3905=ORIENTED_EDGE('',*,*,#2781,.F.);
#3906=ORIENTED_EDGE('',*,*,#2782,.F.);
#3907=ORIENTED_EDGE('',*,*,#2621,.F.);
#3908=ORIENTED_EDGE('',*,*,#2783,.T.);
#3909=ORIENTED_EDGE('',*,*,#2784,.F.);
#3910=ORIENTED_EDGE('',*,*,#2419,.T.);
#3911=ORIENTED_EDGE('',*,*,#2411,.T.);
#3912=ORIENTED_EDGE('',*,*,#2420,.T.);
#3913=ORIENTED_EDGE('',*,*,#2784,.T.);
#3914=ORIENTED_EDGE('',*,*,#2785,.T.);
#3915=ORIENTED_EDGE('',*,*,#2786,.T.);
#3916=ORIENTED_EDGE('',*,*,#2781,.T.);
#3917=ORIENTED_EDGE('',*,*,#2779,.T.);
#3918=ORIENTED_EDGE('',*,*,#2787,.T.);
#3919=ORIENTED_EDGE('',*,*,#2788,.T.);
#3920=ORIENTED_EDGE('',*,*,#2764,.T.);
#3921=ORIENTED_EDGE('',*,*,#2789,.T.);
#3922=ORIENTED_EDGE('',*,*,#2790,.T.);
#3923=ORIENTED_EDGE('',*,*,#2624,.F.);
#3924=ORIENTED_EDGE('',*,*,#2791,.F.);
#3925=ORIENTED_EDGE('',*,*,#2785,.F.);
#3926=ORIENTED_EDGE('',*,*,#2783,.F.);
#3927=ORIENTED_EDGE('',*,*,#2626,.F.);
#3928=ORIENTED_EDGE('',*,*,#2782,.T.);
#3929=ORIENTED_EDGE('',*,*,#2786,.F.);
#3930=ORIENTED_EDGE('',*,*,#2791,.T.);
#3931=ORIENTED_EDGE('',*,*,#2689,.T.);
#3932=ORIENTED_EDGE('',*,*,#2740,.F.);
#3933=ORIENTED_EDGE('',*,*,#2432,.T.);
#3934=ORIENTED_EDGE('',*,*,#2792,.T.);
#3935=ORIENTED_EDGE('',*,*,#2668,.T.);
#3936=ORIENTED_EDGE('',*,*,#2793,.T.);
#3937=ORIENTED_EDGE('',*,*,#2794,.T.);
#3938=ORIENTED_EDGE('',*,*,#2792,.F.);
#3939=ORIENTED_EDGE('',*,*,#2777,.F.);
#3940=ORIENTED_EDGE('',*,*,#2793,.F.);
#3941=ORIENTED_EDGE('',*,*,#2431,.T.);
#3942=ORIENTED_EDGE('',*,*,#2438,.F.);
#3943=ORIENTED_EDGE('',*,*,#2572,.F.);
#3944=ORIENTED_EDGE('',*,*,#2795,.T.);
#3945=ORIENTED_EDGE('',*,*,#2756,.F.);
#3946=ORIENTED_EDGE('',*,*,#2504,.T.);
#3947=ORIENTED_EDGE('',*,*,#2576,.F.);
#3948=ORIENTED_EDGE('',*,*,#2796,.T.);
#3949=ORIENTED_EDGE('',*,*,#2752,.F.);
#3950=ORIENTED_EDGE('',*,*,#2797,.T.);
#3951=ORIENTED_EDGE('',*,*,#2578,.F.);
#3952=ORIENTED_EDGE('',*,*,#2798,.F.);
#3953=ORIENTED_EDGE('',*,*,#2750,.F.);
#3954=ORIENTED_EDGE('',*,*,#2796,.F.);
#3955=ORIENTED_EDGE('',*,*,#2580,.F.);
#3956=ORIENTED_EDGE('',*,*,#2799,.T.);
#3957=ORIENTED_EDGE('',*,*,#2748,.F.);
#3958=ORIENTED_EDGE('',*,*,#2798,.T.);
#3959=ORIENTED_EDGE('',*,*,#2582,.F.);
#3960=ORIENTED_EDGE('',*,*,#2757,.F.);
#3961=ORIENTED_EDGE('',*,*,#2746,.F.);
#3962=ORIENTED_EDGE('',*,*,#2799,.F.);
#3963=ORIENTED_EDGE('',*,*,#2526,.F.);
#3964=ORIENTED_EDGE('',*,*,#2800,.T.);
#3965=ORIENTED_EDGE('',*,*,#2718,.F.);
#3966=ORIENTED_EDGE('',*,*,#2723,.T.);
#3967=ORIENTED_EDGE('',*,*,#2525,.F.);
#3968=ORIENTED_EDGE('',*,*,#2533,.F.);
#3969=ORIENTED_EDGE('',*,*,#2716,.F.);
#3970=ORIENTED_EDGE('',*,*,#2800,.F.);
#3971=ORIENTED_EDGE('',*,*,#2544,.F.);
#3972=ORIENTED_EDGE('',*,*,#2739,.F.);
#3973=ORIENTED_EDGE('',*,*,#2729,.F.);
#3974=ORIENTED_EDGE('',*,*,#2563,.F.);
#3975=ORIENTED_EDGE('',*,*,#2794,.F.);
#3976=ORIENTED_EDGE('',*,*,#2776,.T.);
#3977=ORIENTED_EDGE('',*,*,#2645,.T.);
#3978=ORIENTED_EDGE('',*,*,#2650,.F.);
#3979=ORIENTED_EDGE('',*,*,#2665,.T.);
#3980=ORIENTED_EDGE('',*,*,#2801,.T.);
#3981=ORIENTED_EDGE('',*,*,#2802,.T.);
#3982=ORIENTED_EDGE('',*,*,#2803,.T.);
#3983=ORIENTED_EDGE('',*,*,#2317,.T.);
#3984=ORIENTED_EDGE('',*,*,#2332,.T.);
#3985=ORIENTED_EDGE('',*,*,#2336,.T.);
#3986=ORIENTED_EDGE('',*,*,#2461,.T.);
#3987=ORIENTED_EDGE('',*,*,#2804,.T.);
#3988=ORIENTED_EDGE('',*,*,#2802,.F.);
#3989=ORIENTED_EDGE('',*,*,#2805,.T.);
#3990=ORIENTED_EDGE('',*,*,#2806,.T.);
#3991=ORIENTED_EDGE('',*,*,#2801,.F.);
#3992=ORIENTED_EDGE('',*,*,#2804,.F.);
#3993=ORIENTED_EDGE('',*,*,#2460,.F.);
#3994=ORIENTED_EDGE('',*,*,#2807,.T.);
#3995=ORIENTED_EDGE('',*,*,#2472,.F.);
#3996=ORIENTED_EDGE('',*,*,#2491,.F.);
#3997=ORIENTED_EDGE('',*,*,#2808,.T.);
#3998=ORIENTED_EDGE('',*,*,#2693,.F.);
#3999=ORIENTED_EDGE('',*,*,#2262,.T.);
#4000=ORIENTED_EDGE('',*,*,#2809,.F.);
#4001=ORIENTED_EDGE('',*,*,#2810,.T.);
#4002=ORIENTED_EDGE('',*,*,#2811,.F.);
#4003=ORIENTED_EDGE('',*,*,#2805,.F.);
#4004=ORIENTED_EDGE('',*,*,#2459,.F.);
#4005=ORIENTED_EDGE('',*,*,#2812,.F.);
#4006=ORIENTED_EDGE('',*,*,#2469,.T.);
#4007=ORIENTED_EDGE('',*,*,#2807,.F.);
#4008=ORIENTED_EDGE('',*,*,#2261,.T.);
#4009=ORIENTED_EDGE('',*,*,#2249,.F.);
#4010=ORIENTED_EDGE('',*,*,#2320,.T.);
#4011=ORIENTED_EDGE('',*,*,#2813,.T.);
#4012=ORIENTED_EDGE('',*,*,#2809,.T.);
#4013=ORIENTED_EDGE('',*,*,#2319,.T.);
#4014=ORIENTED_EDGE('',*,*,#2814,.T.);
#4015=ORIENTED_EDGE('',*,*,#2811,.T.);
#4016=ORIENTED_EDGE('',*,*,#2810,.F.);
#4017=ORIENTED_EDGE('',*,*,#2813,.F.);
#4018=ORIENTED_EDGE('',*,*,#2803,.F.);
#4019=ORIENTED_EDGE('',*,*,#2806,.F.);
#4020=ORIENTED_EDGE('',*,*,#2814,.F.);
#4021=ORIENTED_EDGE('',*,*,#2318,.T.);
#4022=ORIENTED_EDGE('',*,*,#2574,.F.);
#4023=ORIENTED_EDGE('',*,*,#2797,.F.);
#4024=ORIENTED_EDGE('',*,*,#2754,.F.);
#4025=ORIENTED_EDGE('',*,*,#2795,.F.);
#4026=ORIENTED_EDGE('',*,*,#2372,.F.);
#4027=ORIENTED_EDGE('',*,*,#2815,.F.);
#4028=ORIENTED_EDGE('',*,*,#2816,.T.);
#4029=ORIENTED_EDGE('',*,*,#2768,.F.);
#4030=ORIENTED_EDGE('',*,*,#2367,.F.);
#4031=ORIENTED_EDGE('',*,*,#2770,.F.);
#4032=ORIENTED_EDGE('',*,*,#2816,.F.);
#4033=ORIENTED_EDGE('',*,*,#2817,.F.);
#4034=ORIENTED_EDGE('',*,*,#2818,.T.);
#4035=ORIENTED_EDGE('',*,*,#2772,.F.);
#4036=ORIENTED_EDGE('',*,*,#2818,.F.);
#4037=ORIENTED_EDGE('',*,*,#2819,.F.);
#4038=ORIENTED_EDGE('',*,*,#2766,.F.);
#4039=ORIENTED_EDGE('',*,*,#2820,.F.);
#4040=ORIENTED_EDGE('',*,*,#2634,.F.);
#4041=ORIENTED_EDGE('',*,*,#2648,.T.);
#4042=ORIENTED_EDGE('',*,*,#2774,.F.);
#4043=ORIENTED_EDGE('',*,*,#2820,.T.);
#4044=ORIENTED_EDGE('',*,*,#2821,.F.);
#4045=ORIENTED_EDGE('',*,*,#2787,.F.);
#4046=ORIENTED_EDGE('',*,*,#2778,.F.);
#4047=ORIENTED_EDGE('',*,*,#2635,.F.);
#4048=ORIENTED_EDGE('',*,*,#2763,.T.);
#4049=ORIENTED_EDGE('',*,*,#2822,.T.);
#4050=ORIENTED_EDGE('',*,*,#2823,.F.);
#4051=ORIENTED_EDGE('',*,*,#2822,.F.);
#4052=ORIENTED_EDGE('',*,*,#2762,.T.);
#4053=ORIENTED_EDGE('',*,*,#2413,.T.);
#4054=ORIENTED_EDGE('',*,*,#2824,.T.);
#4055=ORIENTED_EDGE('',*,*,#2789,.F.);
#4056=ORIENTED_EDGE('',*,*,#2817,.T.);
#4057=ORIENTED_EDGE('',*,*,#2825,.F.);
#4058=ORIENTED_EDGE('',*,*,#2819,.T.);
#4059=ORIENTED_EDGE('',*,*,#2412,.T.);
#4060=ORIENTED_EDGE('',*,*,#2790,.F.);
#4061=ORIENTED_EDGE('',*,*,#2824,.F.);
#4062=ORIENTED_EDGE('',*,*,#2765,.T.);
#4063=ORIENTED_EDGE('',*,*,#2788,.F.);
#4064=ORIENTED_EDGE('',*,*,#2821,.T.);
#4065=ORIENTED_EDGE('',*,*,#2826,.T.);
#4066=ORIENTED_EDGE('',*,*,#2827,.F.);
#4067=ORIENTED_EDGE('',*,*,#2826,.F.);
#4068=ORIENTED_EDGE('',*,*,#2825,.T.);
#4069=ORIENTED_EDGE('',*,*,#2815,.T.);
#4070=ORIENTED_EDGE('',*,*,#2371,.F.);
#4071=ORIENTED_EDGE('',*,*,#2363,.F.);
#4072=ORIENTED_EDGE('',*,*,#2767,.T.);
#4073=ORIENTED_EDGE('',*,*,#2828,.T.);
#4074=ORIENTED_EDGE('',*,*,#2829,.F.);
#4075=ORIENTED_EDGE('',*,*,#2828,.F.);
#4076=ORIENTED_EDGE('',*,*,#2827,.T.);
#4077=ORIENTED_EDGE('',*,*,#2829,.T.);
#4078=ORIENTED_EDGE('',*,*,#2823,.T.);
#4079=ORIENTED_EDGE('',*,*,#2760,.T.);
#4080=ORIENTED_EDGE('',*,*,#2470,.F.);
#4081=ORIENTED_EDGE('',*,*,#2812,.T.);
#4082=ORIENTED_EDGE('',*,*,#2458,.F.);
#4083=ORIENTED_EDGE('',*,*,#2479,.F.);
#4084=ORIENTED_EDGE('',*,*,#2482,.F.);
#4085=ORIENTED_EDGE('',*,*,#2484,.F.);
#4086=ORIENTED_EDGE('',*,*,#2474,.F.);
#4087=ORIENTED_EDGE('',*,*,#2463,.F.);
#4088=ORIENTED_EDGE('',*,*,#2468,.F.);
#4089=ORIENTED_EDGE('',*,*,#2661,.F.);
#4090=ORIENTED_EDGE('',*,*,#2830,.T.);
#4091=ORIENTED_EDGE('',*,*,#2690,.F.);
#4092=ORIENTED_EDGE('',*,*,#2675,.T.);
#4093=ORIENTED_EDGE('',*,*,#2277,.T.);
#4094=ORIENTED_EDGE('',*,*,#2294,.T.);
#4095=ORIENTED_EDGE('',*,*,#2252,.T.);
#4096=ORIENTED_EDGE('',*,*,#2831,.T.);
#4097=ORIENTED_EDGE('',*,*,#2832,.T.);
#4098=ORIENTED_EDGE('',*,*,#2613,.F.);
#4099=ORIENTED_EDGE('',*,*,#2279,.T.);
#4100=ORIENTED_EDGE('',*,*,#2833,.T.);
#4101=ORIENTED_EDGE('',*,*,#2260,.T.);
#4102=ORIENTED_EDGE('',*,*,#2833,.F.);
#4103=ORIENTED_EDGE('',*,*,#2278,.T.);
#4104=ORIENTED_EDGE('',*,*,#2831,.F.);
#4105=ORIENTED_EDGE('',*,*,#2834,.T.);
#4106=ORIENTED_EDGE('',*,*,#2258,.T.);
#4107=ORIENTED_EDGE('',*,*,#2835,.F.);
#4108=ORIENTED_EDGE('',*,*,#2662,.T.);
#4109=ORIENTED_EDGE('',*,*,#2832,.F.);
#4110=ORIENTED_EDGE('',*,*,#2259,.F.);
#4111=ORIENTED_EDGE('',*,*,#2834,.F.);
#4112=ORIENTED_EDGE('',*,*,#2639,.F.);
#4113=ORIENTED_EDGE('',*,*,#2808,.F.);
#4114=ORIENTED_EDGE('',*,*,#2490,.F.);
#4115=ORIENTED_EDGE('',*,*,#2694,.F.);
#4116=ORIENTED_EDGE('',*,*,#2269,.T.);
#4117=ORIENTED_EDGE('',*,*,#2836,.T.);
#4118=ORIENTED_EDGE('',*,*,#2837,.F.);
#4119=ORIENTED_EDGE('',*,*,#2836,.F.);
#4120=ORIENTED_EDGE('',*,*,#2268,.T.);
#4121=ORIENTED_EDGE('',*,*,#2255,.F.);
#4122=ORIENTED_EDGE('',*,*,#2265,.T.);
#4123=ORIENTED_EDGE('',*,*,#2838,.T.);
#4124=ORIENTED_EDGE('',*,*,#2839,.F.);
#4125=ORIENTED_EDGE('',*,*,#2838,.F.);
#4126=ORIENTED_EDGE('',*,*,#2264,.T.);
#4127=ORIENTED_EDGE('',*,*,#2692,.F.);
#4128=ORIENTED_EDGE('',*,*,#2837,.T.);
#4129=ORIENTED_EDGE('',*,*,#2839,.T.);
#4130=ORIENTED_EDGE('',*,*,#2835,.T.);
#4131=ORIENTED_EDGE('',*,*,#2257,.T.);
#4132=ORIENTED_EDGE('',*,*,#2267,.F.);
#4133=ORIENTED_EDGE('',*,*,#2691,.F.);
#4134=ORIENTED_EDGE('',*,*,#2830,.F.);
#4135=ORIENTED_EDGE('',*,*,#2663,.F.);
#4136=CONICAL_SURFACE('',#4481,3.,0.785398163397442);
#4137=CONICAL_SURFACE('',#4507,3.,0.785398163397444);
#4138=CONICAL_SURFACE('',#4557,1.75,0.785398163397453);
#4139=CONICAL_SURFACE('',#4574,0.75,0.78539816339745);
#4140=CONICAL_SURFACE('',#4578,0.75,0.78539816339745);
#4141=CONICAL_SURFACE('',#4582,0.750000000000001,0.785398163397449);
#4142=CONICAL_SURFACE('',#4586,1.25,0.785398163397453);
#4143=CONICAL_SURFACE('',#4609,1.75,0.785398163397453);
#4144=CONICAL_SURFACE('',#4612,2.45,0.785398163397451);
#4145=CONICAL_SURFACE('',#4621,0.749999999999998,0.785398163397444);
#4146=CONICAL_SURFACE('',#4627,1.75,0.785398163397448);
#4147=CONICAL_SURFACE('',#4631,0.500000000000002,0.785398163397451);
#4148=CONICAL_SURFACE('',#4633,0.500000000000002,0.785398163397451);
#4149=CONICAL_SURFACE('',#4648,3.75,0.785398163397447);
#4150=CONICAL_SURFACE('',#4654,1.25,0.785398163397447);
#4151=CONICAL_SURFACE('',#4657,1.25,0.785398163397447);
#4152=CONICAL_SURFACE('',#4660,1.25,0.785398163397448);
#4153=CONICAL_SURFACE('',#4663,1.25,0.785398163397447);
#4154=CONICAL_SURFACE('',#4671,1.25,0.785398163397447);
#4155=CONICAL_SURFACE('',#4674,1.25,0.785398163397447);
#4156=CONICAL_SURFACE('',#4677,1.25,0.785398163397447);
#4157=CONICAL_SURFACE('',#4680,1.25,0.785398163397449);
#4158=CONICAL_SURFACE('',#4689,1.75,0.785398163397447);
#4159=CONICAL_SURFACE('',#4692,1.75,0.785398163397447);
#4160=CONICAL_SURFACE('',#4694,0.75,0.785398163397449);
#4161=CONICAL_SURFACE('',#4697,1.25,0.785398163397447);
#4162=CONICAL_SURFACE('',#4700,1.25,0.785398163397449);
#4163=CONICAL_SURFACE('',#4703,0.75,0.785398163397449);
#4164=CONICAL_SURFACE('',#4705,1.25,0.785398163397448);
#4165=CONICAL_SURFACE('',#4708,0.75,0.785398163397448);
#4166=CONICAL_SURFACE('',#4710,0.750000000000001,0.785398163397447);
#4167=CONICAL_SURFACE('',#4713,1.75,0.785398163397447);
#4168=CONICAL_SURFACE('',#4716,1.75,0.785398163397448);
#4169=CONICAL_SURFACE('',#4739,1.25,0.785398163397448);
#4170=CONICAL_SURFACE('',#4743,1.25,0.785398163397448);
#4171=CONICAL_SURFACE('',#4747,1.25,0.785398163397448);
#4172=CONICAL_SURFACE('',#4758,0.75,0.785398163397448);
#4173=CONICAL_SURFACE('',#4761,1.25,0.785398163397448);
#4174=CONICAL_SURFACE('',#4765,0.749999999999999,0.785398163397447);
#4175=CONICAL_SURFACE('',#4769,0.500000000000001,0.785398163397449);
#4176=CONICAL_SURFACE('',#4778,3.75,0.785398163397449);
#4177=CONICAL_SURFACE('',#4796,1.25,0.785398163397447);
#4178=CONICAL_SURFACE('',#4798,1.25,0.785398163397447);
#4179=CONICAL_SURFACE('',#4800,1.25,0.785398163397448);
#4180=CONICAL_SURFACE('',#4803,1.25,0.785398163397447);
#4181=CONICAL_SURFACE('',#4808,1.25,0.785398163397447);
#4182=CONICAL_SURFACE('',#4811,1.25,0.785398163397447);
#4183=CONICAL_SURFACE('',#4813,1.25,0.785398163397449);
#4184=CONICAL_SURFACE('',#4815,1.25,0.785398163397447);
#4185=CONICAL_SURFACE('',#4823,1.25,0.785398163397444);
#4186=CONICAL_SURFACE('',#4824,0.75,0.785398163397449);
#4187=CONICAL_SURFACE('',#4827,1.25,0.785398163397449);
#4188=CONICAL_SURFACE('',#4830,1.25,0.785398163397447);
#4189=CONICAL_SURFACE('',#4833,0.75,0.785398163397449);
#4190=CONICAL_SURFACE('',#4837,2.04,0.78539816339745);
#4191=CONICAL_SURFACE('',#4882,3.5,0.785398163397475);
#4192=CONICAL_SURFACE('',#4895,2.04,0.78539816339745);
#4193=CONICAL_SURFACE('',#4901,2.04,0.78539816339745);
#4194=CONICAL_SURFACE('',#4903,2.04,0.78539816339745);
#4195=CONICAL_SURFACE('',#4919,3.5,0.785398163397451);
#4196=CONICAL_SURFACE('',#4921,3.5,0.785398163397451);
#4197=ADVANCED_FACE('',(#306),#4136,.F.);
#4198=ADVANCED_FACE('',(#307),#248,.F.);
#4199=ADVANCED_FACE('',(#308,#114,#115,#116,#117),#122,.F.);
#4200=ADVANCED_FACE('',(#309),#4137,.F.);
#4201=ADVANCED_FACE('',(#310,#118),#123,.T.);
#4202=ADVANCED_FACE('',(#311),#249,.T.);
#4203=ADVANCED_FACE('',(#312),#250,.T.);
#4204=ADVANCED_FACE('',(#313),#124,.T.);
#4205=ADVANCED_FACE('',(#314),#125,.T.);
#4206=ADVANCED_FACE('',(#315),#126,.T.);
#4207=ADVANCED_FACE('',(#316),#251,.T.);
#4208=ADVANCED_FACE('',(#317),#127,.T.);
#4209=ADVANCED_FACE('',(#318),#128,.T.);
#4210=ADVANCED_FACE('',(#319),#252,.T.);
#4211=ADVANCED_FACE('',(#320),#26,.F.);
#4212=ADVANCED_FACE('',(#321),#253,.T.);
#4213=ADVANCED_FACE('',(#322),#24,.T.);
#4214=ADVANCED_FACE('',(#323),#254,.T.);
#4215=ADVANCED_FACE('',(#324),#129,.T.);
#4216=ADVANCED_FACE('',(#325),#255,.T.);
#4217=ADVANCED_FACE('',(#326),#130,.T.);
#4218=ADVANCED_FACE('',(#327),#27,.T.);
#4219=ADVANCED_FACE('',(#328),#4138,.T.);
#4220=ADVANCED_FACE('',(#329),#256,.T.);
#4221=ADVANCED_FACE('',(#330),#257,.T.);
#4222=ADVANCED_FACE('',(#331),#131,.T.);
#4223=ADVANCED_FACE('',(#332),#132,.T.);
#4224=ADVANCED_FACE('',(#333),#133,.T.);
#4225=ADVANCED_FACE('',(#334),#134,.T.);
#4226=ADVANCED_FACE('',(#335),#135,.T.);
#4227=ADVANCED_FACE('',(#336),#136,.T.);
#4228=ADVANCED_FACE('',(#337),#137,.T.);
#4229=ADVANCED_FACE('',(#338),#28,.T.);
#4230=ADVANCED_FACE('',(#339),#138,.T.);
#4231=ADVANCED_FACE('',(#340),#139,.T.);
#4232=ADVANCED_FACE('',(#341),#29,.T.);
#4233=ADVANCED_FACE('',(#342),#30,.T.);
#4234=ADVANCED_FACE('',(#343),#140,.T.);
#4235=ADVANCED_FACE('',(#344),#4139,.T.);
#4236=ADVANCED_FACE('',(#345),#141,.T.);
#4237=ADVANCED_FACE('',(#346),#4140,.T.);
#4238=ADVANCED_FACE('',(#347),#142,.T.);
#4239=ADVANCED_FACE('',(#348),#4141,.T.);
#4240=ADVANCED_FACE('',(#349),#143,.T.);
#4241=ADVANCED_FACE('',(#350),#4142,.F.);
#4242=ADVANCED_FACE('',(#351),#31,.T.);
#4243=ADVANCED_FACE('',(#352),#32,.T.);
#4244=ADVANCED_FACE('',(#353),#33,.T.);
#4245=ADVANCED_FACE('',(#354),#258,.F.);
#4246=ADVANCED_FACE('',(#355),#144,.T.);
#4247=ADVANCED_FACE('',(#356),#259,.T.);
#4248=ADVANCED_FACE('',(#357),#145,.T.);
#4249=ADVANCED_FACE('',(#358),#260,.T.);
#4250=ADVANCED_FACE('',(#359),#146,.T.);
#4251=ADVANCED_FACE('',(#360),#261,.T.);
#4252=ADVANCED_FACE('',(#361),#147,.T.);
#4253=ADVANCED_FACE('',(#362),#16,.F.);
#4254=ADVANCED_FACE('',(#363),#148,.T.);
#4255=ADVANCED_FACE('',(#364),#149,.T.);
#4256=ADVANCED_FACE('',(#365),#4143,.T.);
#4257=ADVANCED_FACE('',(#366),#150,.T.);
#4258=ADVANCED_FACE('',(#367),#4144,.F.);
#4259=ADVANCED_FACE('',(#368),#151,.T.);
#4260=ADVANCED_FACE('',(#369),#34,.T.);
#4261=ADVANCED_FACE('',(#370),#152,.T.);
#4262=ADVANCED_FACE('',(#371),#262,.F.);
#4263=ADVANCED_FACE('',(#372),#263,.T.);
#4264=ADVANCED_FACE('',(#373),#153,.T.);
#4265=ADVANCED_FACE('',(#374),#4145,.F.);
#4266=ADVANCED_FACE('',(#375),#154,.T.);
#4267=ADVANCED_FACE('',(#376),#155,.T.);
#4268=ADVANCED_FACE('',(#377),#156,.T.);
#4269=ADVANCED_FACE('',(#378),#4146,.T.);
#4270=ADVANCED_FACE('',(#379),#157,.T.);
#4271=ADVANCED_FACE('',(#380),#4147,.T.);
#4272=ADVANCED_FACE('',(#381),#4148,.T.);
#4273=ADVANCED_FACE('',(#382),#158,.T.);
#4274=ADVANCED_FACE('',(#383),#264,.F.);
#4275=ADVANCED_FACE('',(#384),#159,.T.);
#4276=ADVANCED_FACE('',(#385),#265,.T.);
#4277=ADVANCED_FACE('',(#386),#160,.T.);
#4278=ADVANCED_FACE('',(#387),#266,.T.);
#4279=ADVANCED_FACE('',(#388),#161,.T.);
#4280=ADVANCED_FACE('',(#389),#267,.T.);
#4281=ADVANCED_FACE('',(#390),#162,.T.);
#4282=ADVANCED_FACE('',(#391),#4149,.F.);
#4283=ADVANCED_FACE('',(#392),#268,.F.);
#4284=ADVANCED_FACE('',(#393),#163,.T.);
#4285=ADVANCED_FACE('',(#394),#4150,.F.);
#4286=ADVANCED_FACE('',(#395),#164,.T.);
#4287=ADVANCED_FACE('',(#396),#4151,.F.);
#4288=ADVANCED_FACE('',(#397),#165,.T.);
#4289=ADVANCED_FACE('',(#398),#4152,.F.);
#4290=ADVANCED_FACE('',(#399),#166,.T.);
#4291=ADVANCED_FACE('',(#400),#4153,.F.);
#4292=ADVANCED_FACE('',(#401),#269,.F.);
#4293=ADVANCED_FACE('',(#402),#167,.F.);
#4294=ADVANCED_FACE('',(#403),#270,.F.);
#4295=ADVANCED_FACE('',(#404),#168,.F.);
#4296=ADVANCED_FACE('',(#405),#4154,.F.);
#4297=ADVANCED_FACE('',(#406),#169,.T.);
#4298=ADVANCED_FACE('',(#407),#4155,.F.);
#4299=ADVANCED_FACE('',(#408),#170,.T.);
#4300=ADVANCED_FACE('',(#409),#4156,.F.);
#4301=ADVANCED_FACE('',(#410),#171,.T.);
#4302=ADVANCED_FACE('',(#411),#4157,.F.);
#4303=ADVANCED_FACE('',(#412),#172,.T.);
#4304=ADVANCED_FACE('',(#413),#173,.F.);
#4305=ADVANCED_FACE('',(#414),#271,.F.);
#4306=ADVANCED_FACE('',(#415),#174,.F.);
#4307=ADVANCED_FACE('',(#416),#272,.F.);
#4308=ADVANCED_FACE('',(#417),#4158,.T.);
#4309=ADVANCED_FACE('',(#418),#175,.T.);
#4310=ADVANCED_FACE('',(#419),#4159,.T.);
#4311=ADVANCED_FACE('',(#420),#176,.T.);
#4312=ADVANCED_FACE('',(#421),#4160,.T.);
#4313=ADVANCED_FACE('',(#422),#177,.T.);
#4314=ADVANCED_FACE('',(#423),#4161,.F.);
#4315=ADVANCED_FACE('',(#424),#178,.T.);
#4316=ADVANCED_FACE('',(#425),#4162,.F.);
#4317=ADVANCED_FACE('',(#426),#179,.T.);
#4318=ADVANCED_FACE('',(#427),#4163,.T.);
#4319=ADVANCED_FACE('',(#428),#4164,.F.);
#4320=ADVANCED_FACE('',(#429),#180,.T.);
#4321=ADVANCED_FACE('',(#430),#4165,.T.);
#4322=ADVANCED_FACE('',(#431),#181,.T.);
#4323=ADVANCED_FACE('',(#432),#4166,.T.);
#4324=ADVANCED_FACE('',(#433),#182,.T.);
#4325=ADVANCED_FACE('',(#434),#4167,.T.);
#4326=ADVANCED_FACE('',(#435),#183,.T.);
#4327=ADVANCED_FACE('',(#436),#4168,.T.);
#4328=ADVANCED_FACE('',(#437),#184,.T.);
#4329=ADVANCED_FACE('',(#438),#273,.F.);
#4330=ADVANCED_FACE('',(#439),#274,.T.);
#4331=ADVANCED_FACE('',(#440),#185,.T.);
#4332=ADVANCED_FACE('',(#441),#275,.T.);
#4333=ADVANCED_FACE('',(#442),#276,.T.);
#4334=ADVANCED_FACE('',(#443),#186,.T.);
#4335=ADVANCED_FACE('',(#444),#277,.T.);
#4336=ADVANCED_FACE('',(#445),#187,.T.);
#4337=ADVANCED_FACE('',(#446),#188,.T.);
#4338=ADVANCED_FACE('',(#447),#278,.F.);
#4339=ADVANCED_FACE('',(#448),#189,.T.);
#4340=ADVANCED_FACE('',(#449),#190,.T.);
#4341=ADVANCED_FACE('',(#450),#191,.T.);
#4342=ADVANCED_FACE('',(#451),#279,.T.);
#4343=ADVANCED_FACE('',(#452),#192,.T.);
#4344=ADVANCED_FACE('',(#453),#4169,.F.);
#4345=ADVANCED_FACE('',(#454),#193,.T.);
#4346=ADVANCED_FACE('',(#455),#4170,.F.);
#4347=ADVANCED_FACE('',(#456),#194,.T.);
#4348=ADVANCED_FACE('',(#457),#4171,.F.);
#4349=ADVANCED_FACE('',(#458),#195,.T.);
#4350=ADVANCED_FACE('',(#459),#196,.T.);
#4351=ADVANCED_FACE('',(#460),#197,.T.);
#4352=ADVANCED_FACE('',(#461),#4172,.T.);
#4353=ADVANCED_FACE('',(#462),#198,.T.);
#4354=ADVANCED_FACE('',(#463),#4173,.F.);
#4355=ADVANCED_FACE('',(#464),#199,.T.);
#4356=ADVANCED_FACE('',(#465),#200,.T.);
#4357=ADVANCED_FACE('',(#466),#4174,.F.);
#4358=ADVANCED_FACE('',(#467),#201,.T.);
#4359=ADVANCED_FACE('',(#468),#4175,.T.);
#4360=ADVANCED_FACE('',(#469),#202,.T.);
#4361=ADVANCED_FACE('',(#470),#280,.F.);
#4362=ADVANCED_FACE('',(#471),#203,.T.);
#4363=ADVANCED_FACE('',(#472),#281,.T.);
#4364=ADVANCED_FACE('',(#473),#204,.T.);
#4365=ADVANCED_FACE('',(#474),#4176,.F.);
#4366=ADVANCED_FACE('',(#475,#119,#120,#121),#205,.T.);
#4367=ADVANCED_FACE('',(#476),#4177,.F.);
#4368=ADVANCED_FACE('',(#477),#206,.T.);
#4369=ADVANCED_FACE('',(#478),#4178,.F.);
#4370=ADVANCED_FACE('',(#479),#207,.T.);
#4371=ADVANCED_FACE('',(#480),#4179,.F.);
#4372=ADVANCED_FACE('',(#481),#208,.T.);
#4373=ADVANCED_FACE('',(#482),#4180,.F.);
#4374=ADVANCED_FACE('',(#483),#209,.T.);
#4375=ADVANCED_FACE('',(#484),#210,.F.);
#4376=ADVANCED_FACE('',(#485),#282,.F.);
#4377=ADVANCED_FACE('',(#486),#4181,.F.);
#4378=ADVANCED_FACE('',(#487),#211,.T.);
#4379=ADVANCED_FACE('',(#488),#4182,.F.);
#4380=ADVANCED_FACE('',(#489),#212,.T.);
#4381=ADVANCED_FACE('',(#490),#4183,.F.);
#4382=ADVANCED_FACE('',(#491),#213,.T.);
#4383=ADVANCED_FACE('',(#492),#4184,.F.);
#4384=ADVANCED_FACE('',(#493),#214,.T.);
#4385=ADVANCED_FACE('',(#494),#283,.F.);
#4386=ADVANCED_FACE('',(#495),#215,.F.);
#4387=ADVANCED_FACE('',(#496),#284,.F.);
#4388=ADVANCED_FACE('',(#497),#216,.T.);
#4389=ADVANCED_FACE('',(#498),#4185,.F.);
#4390=ADVANCED_FACE('',(#499),#4186,.T.);
#4391=ADVANCED_FACE('',(#500),#217,.T.);
#4392=ADVANCED_FACE('',(#501),#4187,.F.);
#4393=ADVANCED_FACE('',(#502),#218,.T.);
#4394=ADVANCED_FACE('',(#503),#4188,.F.);
#4395=ADVANCED_FACE('',(#504),#219,.T.);
#4396=ADVANCED_FACE('',(#505),#4189,.T.);
#4397=ADVANCED_FACE('',(#506),#220,.T.);
#4398=ADVANCED_FACE('',(#507),#285,.T.);
#4399=ADVANCED_FACE('',(#508),#4190,.T.);
#4400=ADVANCED_FACE('',(#509),#221,.T.);
#4401=ADVANCED_FACE('',(#510),#25,.T.);
#4402=ADVANCED_FACE('',(#511),#286,.T.);
#4403=ADVANCED_FACE('',(#512),#287,.T.);
#4404=ADVANCED_FACE('',(#513),#288,.T.);
#4405=ADVANCED_FACE('',(#514),#222,.T.);
#4406=ADVANCED_FACE('',(#515),#289,.F.);
#4407=ADVANCED_FACE('',(#516),#223,.T.);
#4408=ADVANCED_FACE('',(#517),#290,.F.);
#4409=ADVANCED_FACE('',(#518),#224,.T.);
#4410=ADVANCED_FACE('',(#519),#225,.T.);
#4411=ADVANCED_FACE('',(#520),#291,.F.);
#4412=ADVANCED_FACE('',(#521),#292,.T.);
#4413=ADVANCED_FACE('',(#522),#15,.T.);
#4414=ADVANCED_FACE('',(#523),#293,.T.);
#4415=ADVANCED_FACE('',(#524),#294,.T.);
#4416=ADVANCED_FACE('',(#525),#295,.F.);
#4417=ADVANCED_FACE('',(#526),#226,.F.);
#4418=ADVANCED_FACE('',(#527),#296,.F.);
#4419=ADVANCED_FACE('',(#528),#227,.F.);
#4420=ADVANCED_FACE('',(#529),#297,.F.);
#4421=ADVANCED_FACE('',(#530),#228,.F.);
#4422=ADVANCED_FACE('',(#531),#229,.F.);
#4423=ADVANCED_FACE('',(#532),#298,.T.);
#4424=ADVANCED_FACE('',(#533),#35,.F.);
#4425=ADVANCED_FACE('',(#534),#230,.T.);
#4426=ADVANCED_FACE('',(#535),#4191,.T.);
#4427=ADVANCED_FACE('',(#536),#231,.T.);
#4428=ADVANCED_FACE('',(#537),#299,.T.);
#4429=ADVANCED_FACE('',(#538),#36,.F.);
#4430=ADVANCED_FACE('',(#539),#37,.F.);
#4431=ADVANCED_FACE('',(#540),#232,.F.);
#4432=ADVANCED_FACE('',(#541),#300,.T.);
#4433=ADVANCED_FACE('',(#542),#233,.F.);
#4434=ADVANCED_FACE('',(#543),#234,.F.);
#4435=ADVANCED_FACE('',(#544),#235,.T.);
#4436=ADVANCED_FACE('',(#545),#4192,.T.);
#4437=ADVANCED_FACE('',(#546),#236,.T.);
#4438=ADVANCED_FACE('',(#547),#237,.T.);
#4439=ADVANCED_FACE('',(#548),#4193,.T.);
#4440=ADVANCED_FACE('',(#549),#4194,.T.);
#4441=ADVANCED_FACE('',(#550),#238,.T.);
#4442=ADVANCED_FACE('',(#551),#239,.T.);
#4443=ADVANCED_FACE('',(#552),#240,.T.);
#4444=ADVANCED_FACE('',(#553),#241,.T.);
#4445=ADVANCED_FACE('',(#554),#242,.T.);
#4446=ADVANCED_FACE('',(#555),#301,.F.);
#4447=ADVANCED_FACE('',(#556),#302,.T.);
#4448=ADVANCED_FACE('',(#557),#303,.T.);
#4449=ADVANCED_FACE('',(#558),#304,.T.);
#4450=ADVANCED_FACE('',(#559),#305,.T.);
#4451=ADVANCED_FACE('',(#560),#243,.T.);
#4452=ADVANCED_FACE('',(#561),#244,.T.);
#4453=ADVANCED_FACE('',(#562),#4195,.T.);
#4454=ADVANCED_FACE('',(#563),#4196,.T.);
#4455=ADVANCED_FACE('',(#564),#245,.T.);
#4456=ADVANCED_FACE('',(#565),#246,.T.);
#4457=ADVANCED_FACE('',(#566),#247,.T.);
#4458=CLOSED_SHELL('',(#4197,#4198,#4199,#4200,#4201,#4202,#4203,#4204,
#4205,#4206,#4207,#4208,#4209,#4210,#4211,#4212,#4213,#4214,#4215,#4216,
#4217,#4218,#4219,#4220,#4221,#4222,#4223,#4224,#4225,#4226,#4227,#4228,
#4229,#4230,#4231,#4232,#4233,#4234,#4235,#4236,#4237,#4238,#4239,#4240,
#4241,#4242,#4243,#4244,#4245,#4246,#4247,#4248,#4249,#4250,#4251,#4252,
#4253,#4254,#4255,#4256,#4257,#4258,#4259,#4260,#4261,#4262,#4263,#4264,
#4265,#4266,#4267,#4268,#4269,#4270,#4271,#4272,#4273,#4274,#4275,#4276,
#4277,#4278,#4279,#4280,#4281,#4282,#4283,#4284,#4285,#4286,#4287,#4288,
#4289,#4290,#4291,#4292,#4293,#4294,#4295,#4296,#4297,#4298,#4299,#4300,
#4301,#4302,#4303,#4304,#4305,#4306,#4307,#4308,#4309,#4310,#4311,#4312,
#4313,#4314,#4315,#4316,#4317,#4318,#4319,#4320,#4321,#4322,#4323,#4324,
#4325,#4326,#4327,#4328,#4329,#4330,#4331,#4332,#4333,#4334,#4335,#4336,
#4337,#4338,#4339,#4340,#4341,#4342,#4343,#4344,#4345,#4346,#4347,#4348,
#4349,#4350,#4351,#4352,#4353,#4354,#4355,#4356,#4357,#4358,#4359,#4360,
#4361,#4362,#4363,#4364,#4365,#4366,#4367,#4368,#4369,#4370,#4371,#4372,
#4373,#4374,#4375,#4376,#4377,#4378,#4379,#4380,#4381,#4382,#4383,#4384,
#4385,#4386,#4387,#4388,#4389,#4390,#4391,#4392,#4393,#4394,#4395,#4396,
#4397,#4398,#4399,#4400,#4401,#4402,#4403,#4404,#4405,#4406,#4407,#4408,
#4409,#4410,#4411,#4412,#4413,#4414,#4415,#4416,#4417,#4418,#4419,#4420,
#4421,#4422,#4423,#4424,#4425,#4426,#4427,#4428,#4429,#4430,#4431,#4432,
#4433,#4434,#4435,#4436,#4437,#4438,#4439,#4440,#4441,#4442,#4443,#4444,
#4445,#4446,#4447,#4448,#4449,#4450,#4451,#4452,#4453,#4454,#4455,#4456,
#4457));
#4459=DERIVED_UNIT_ELEMENT(#4462,1.);
#4460=DERIVED_UNIT_ELEMENT(#8211,-3.);
#4461=DIMENSIONAL_EXPONENTS(0.,1.,0.,0.,0.,0.,0.);
#4462=(
CONVERSION_BASED_UNIT('gram',#4464)
MASS_UNIT()
NAMED_UNIT(#4461)
);
#4463=(
MASS_UNIT()
NAMED_UNIT(*)
SI_UNIT(.KILO.,.GRAM.)
);
#4464=MASS_MEASURE_WITH_UNIT(MASS_MEASURE(0.001),#4463);
#4465=DERIVED_UNIT((#4459,#4460));
#4466=MEASURE_REPRESENTATION_ITEM('density measure',
POSITIVE_RATIO_MEASURE(1.),#4465);
#4467=PROPERTY_DEFINITION_REPRESENTATION(#4472,#4469);
#4468=PROPERTY_DEFINITION_REPRESENTATION(#4473,#4470);
#4469=REPRESENTATION('material name',(#4471),#8208);
#4470=REPRESENTATION('density',(#4466),#8208);
#4471=DESCRIPTIVE_REPRESENTATION_ITEM('Generisch','Generisch');
#4472=PROPERTY_DEFINITION('material property','material name',#8218);
#4473=PROPERTY_DEFINITION('material property','density of part',#8218);
#4474=DATE_TIME_ROLE('creation_date');
#4475=APPLIED_DATE_AND_TIME_ASSIGNMENT(#4476,#4474,(#8218));
#4476=DATE_AND_TIME(#4477,#4478);
#4477=CALENDAR_DATE(2025,13,2);
#4478=LOCAL_TIME(16,53,43.,#4479);
#4479=COORDINATED_UNIVERSAL_TIME_OFFSET(0,0,.BEHIND.);
#4480=AXIS2_PLACEMENT_3D('',#6220,#4926,#4927);
#4481=AXIS2_PLACEMENT_3D('',#6221,#4928,#4929);
#4482=AXIS2_PLACEMENT_3D('',#6223,#4930,#4931);
#4483=AXIS2_PLACEMENT_3D('',#6226,#4933,#4934);
#4484=AXIS2_PLACEMENT_3D('',#6227,#4935,#4936);
#4485=AXIS2_PLACEMENT_3D('',#6229,#4937,#4938);
#4486=AXIS2_PLACEMENT_3D('',#6231,#4940,#4941);
#4487=AXIS2_PLACEMENT_3D('',#6234,#4942,#4943);
#4488=AXIS2_PLACEMENT_3D('',#6238,#4945,#4946);
#4489=AXIS2_PLACEMENT_3D('',#6242,#4948,#4949);
#4490=AXIS2_PLACEMENT_3D('',#6246,#4951,#4952);
#4491=AXIS2_PLACEMENT_3D('',#6250,#4954,#4955);
#4492=AXIS2_PLACEMENT_3D('',#6254,#4957,#4958);
#4493=AXIS2_PLACEMENT_3D('',#6256,#4959,#4960);
#4494=AXIS2_PLACEMENT_3D('',#6260,#4962,#4963);
#4495=AXIS2_PLACEMENT_3D('',#6264,#4965,#4966);
#4496=AXIS2_PLACEMENT_3D('',#6268,#4968,#4969);
#4497=AXIS2_PLACEMENT_3D('',#6272,#4971,#4972);
#4498=AXIS2_PLACEMENT_3D('',#6275,#4974,#4975);
#4499=AXIS2_PLACEMENT_3D('',#6278,#4976,#4977);
#4500=AXIS2_PLACEMENT_3D('',#6282,#4979,#4980);
#4501=AXIS2_PLACEMENT_3D('',#6286,#4982,#4983);
#4502=AXIS2_PLACEMENT_3D('',#6290,#4985,#4986);
#4503=AXIS2_PLACEMENT_3D('',#6296,#4989,#4990);
#4504=AXIS2_PLACEMENT_3D('',#6300,#4992,#4993);
#4505=AXIS2_PLACEMENT_3D('',#6304,#4995,#4996);
#4506=AXIS2_PLACEMENT_3D('',#6307,#4998,#4999);
#4507=AXIS2_PLACEMENT_3D('',#6308,#5000,#5001);
#4508=AXIS2_PLACEMENT_3D('',#6310,#5002,#5003);
#4509=AXIS2_PLACEMENT_3D('',#6312,#5005,#5006);
#4510=AXIS2_PLACEMENT_3D('',#6321,#5010,#5011);
#4511=AXIS2_PLACEMENT_3D('',#6324,#5013,#5014);
#4512=AXIS2_PLACEMENT_3D('',#6325,#5015,#5016);
#4513=AXIS2_PLACEMENT_3D('',#6330,#5018,#5019);
#4514=AXIS2_PLACEMENT_3D('',#6332,#5020,#5021);
#4515=AXIS2_PLACEMENT_3D('',#6335,#5023,#5024);
#4516=AXIS2_PLACEMENT_3D('',#6336,#5025,#5026);
#4517=AXIS2_PLACEMENT_3D('',#6340,#5028,#5029);
#4518=AXIS2_PLACEMENT_3D('',#6342,#5031,#5032);
#4519=AXIS2_PLACEMENT_3D('',#6348,#5036,#5037);
#4520=AXIS2_PLACEMENT_3D('',#6360,#5041,#5042);
#4521=AXIS2_PLACEMENT_3D('',#6364,#5045,#5046);
#4522=AXIS2_PLACEMENT_3D('',#6368,#5048,#5049);
#4523=AXIS2_PLACEMENT_3D('',#6372,#5051,#5052);
#4524=AXIS2_PLACEMENT_3D('',#6374,#5053,#5054);
#4525=AXIS2_PLACEMENT_3D('',#6379,#5057,#5058);
#4526=AXIS2_PLACEMENT_3D('',#6380,#5059,#5060);
#4527=AXIS2_PLACEMENT_3D('',#6381,#5061,#5062);
#4528=AXIS2_PLACEMENT_3D('',#6384,#5063,#5064);
#4529=AXIS2_PLACEMENT_3D('',#6388,#5066,#5067);
#4530=AXIS2_PLACEMENT_3D('',#6391,#5069,#5070);
#4531=AXIS2_PLACEMENT_3D('',#6392,#5071,#5072);
#4532=AXIS2_PLACEMENT_3D('',#6414,#5083,#5084);
#4533=AXIS2_PLACEMENT_3D('',#6426,#5090,#5091);
#4534=AXIS2_PLACEMENT_3D('',#6429,#5093,#5094);
#4535=AXIS2_PLACEMENT_3D('',#6430,#5095,#5096);
#4536=AXIS2_PLACEMENT_3D('',#6431,#5097,#5098);
#4537=AXIS2_PLACEMENT_3D('',#6435,#5100,#5101);
#4538=AXIS2_PLACEMENT_3D('',#6437,#5103,#5104);
#4539=AXIS2_PLACEMENT_3D('',#6455,#5106,#5107);
#4540=AXIS2_PLACEMENT_3D('',#6489,#5108,#5109);
#4541=AXIS2_PLACEMENT_3D('',#6490,#5110,#5111);
#4542=AXIS2_PLACEMENT_3D('',#6491,#5112,#5113);
#4543=AXIS2_PLACEMENT_3D('',#6492,#5114,#5115);
#4544=AXIS2_PLACEMENT_3D('',#6495,#5116,#5117);
#4545=AXIS2_PLACEMENT_3D('',#6498,#5120,#5121);
#4546=AXIS2_PLACEMENT_3D('',#6501,#5122,#5123);
#4547=AXIS2_PLACEMENT_3D('',#6502,#5124,#5125);
#4548=AXIS2_PLACEMENT_3D('',#6503,#5126,#5127);
#4549=AXIS2_PLACEMENT_3D('',#6504,#5128,#5129);
#4550=AXIS2_PLACEMENT_3D('',#6507,#5130,#5131);
#4551=AXIS2_PLACEMENT_3D('',#6510,#5134,#5135);
#4552=AXIS2_PLACEMENT_3D('',#6567,#5142,#5143);
#4553=AXIS2_PLACEMENT_3D('',#6571,#5145,#5146);
#4554=AXIS2_PLACEMENT_3D('',#6579,#5151,#5152);
#4555=AXIS2_PLACEMENT_3D('',#6583,#5155,#5156);
#4556=AXIS2_PLACEMENT_3D('',#6585,#5157,#5158);
#4557=AXIS2_PLACEMENT_3D('',#6630,#5162,#5163);
#4558=AXIS2_PLACEMENT_3D('',#6633,#5165,#5166);
#4559=AXIS2_PLACEMENT_3D('',#6634,#5167,#5168);
#4560=AXIS2_PLACEMENT_3D('',#6637,#5170,#5171);
#4561=AXIS2_PLACEMENT_3D('',#6640,#5173,#5174);
#4562=AXIS2_PLACEMENT_3D('',#6641,#5175,#5176);
#4563=AXIS2_PLACEMENT_3D('',#6644,#5178,#5179);
#4564=AXIS2_PLACEMENT_3D('',#6645,#5180,#5181);
#4565=AXIS2_PLACEMENT_3D('',#6646,#5182,#5183);
#4566=AXIS2_PLACEMENT_3D('',#6652,#5187,#5188);
#4567=AXIS2_PLACEMENT_3D('',#6656,#5191,#5192);
#4568=AXIS2_PLACEMENT_3D('',#6659,#5195,#5196);
#4569=AXIS2_PLACEMENT_3D('',#6661,#5198,#5199);
#4570=AXIS2_PLACEMENT_3D('',#6663,#5201,#5202);
#4571=AXIS2_PLACEMENT_3D('',#6719,#5205,#5206);
#4572=AXIS2_PLACEMENT_3D('',#6738,#5209,#5210);
#4573=AXIS2_PLACEMENT_3D('',#6856,#5215,#5216);
#4574=AXIS2_PLACEMENT_3D('',#6865,#5221,#5222);
#4575=AXIS2_PLACEMENT_3D('',#6867,#5223,#5224);
#4576=AXIS2_PLACEMENT_3D('',#6870,#5226,#5227);
#4577=AXIS2_PLACEMENT_3D('',#6871,#5228,#5229);
#4578=AXIS2_PLACEMENT_3D('',#6877,#5233,#5234);
#4579=AXIS2_PLACEMENT_3D('',#6879,#5235,#5236);
#4580=AXIS2_PLACEMENT_3D('',#6882,#5238,#5239);
#4581=AXIS2_PLACEMENT_3D('',#6883,#5240,#5241);
#4582=AXIS2_PLACEMENT_3D('',#6889,#5245,#5246);
#4583=AXIS2_PLACEMENT_3D('',#6891,#5247,#5248);
#4584=AXIS2_PLACEMENT_3D('',#6894,#5250,#5251);
#4585=AXIS2_PLACEMENT_3D('',#6895,#5252,#5253);
#4586=AXIS2_PLACEMENT_3D('',#6901,#5257,#5258);
#4587=AXIS2_PLACEMENT_3D('',#6902,#5259,#5260);
#4588=AXIS2_PLACEMENT_3D('',#6904,#5261,#5262);
#4589=AXIS2_PLACEMENT_3D('',#6966,#5265,#5266);
#4590=AXIS2_PLACEMENT_3D('',#6997,#5267,#5268);
#4591=AXIS2_PLACEMENT_3D('',#7001,#5270,#5271);
#4592=AXIS2_PLACEMENT_3D('',#7039,#5274,#5275);
#4593=AXIS2_PLACEMENT_3D('',#7051,#5280,#5281);
#4594=AXIS2_PLACEMENT_3D('',#7055,#5283,#5284);
#4595=AXIS2_PLACEMENT_3D('',#7056,#5285,#5286);
#4596=AXIS2_PLACEMENT_3D('',#7057,#5287,#5288);
#4597=AXIS2_PLACEMENT_3D('',#7065,#5293,#5294);
#4598=AXIS2_PLACEMENT_3D('',#7068,#5296,#5297);
#4599=AXIS2_PLACEMENT_3D('',#7069,#5298,#5299);
#4600=AXIS2_PLACEMENT_3D('',#7081,#5306,#5307);
#4601=AXIS2_PLACEMENT_3D('',#7085,#5309,#5310);
#4602=AXIS2_PLACEMENT_3D('',#7086,#5311,#5312);
#4603=AXIS2_PLACEMENT_3D('',#7087,#5313,#5314);
#4604=AXIS2_PLACEMENT_3D('',#7089,#5315,#5316);
#4605=AXIS2_PLACEMENT_3D('',#7091,#5317,#5318);
#4606=AXIS2_PLACEMENT_3D('',#7106,#5322,#5323);
#4607=AXIS2_PLACEMENT_3D('',#7107,#5324,#5325);
#4608=AXIS2_PLACEMENT_3D('',#7108,#5326,#5327);
#4609=AXIS2_PLACEMENT_3D('',#7112,#5330,#5331);
#4610=AXIS2_PLACEMENT_3D('',#7114,#5333,#5334);
#4611=AXIS2_PLACEMENT_3D('',#7115,#5335,#5336);
#4612=AXIS2_PLACEMENT_3D('',#7117,#5338,#5339);
#4613=AXIS2_PLACEMENT_3D('',#7119,#5341,#5342);
#4614=AXIS2_PLACEMENT_3D('',#7120,#5343,#5344);
#4615=AXIS2_PLACEMENT_3D('',#7159,#5347,#5348);
#4616=AXIS2_PLACEMENT_3D('',#7161,#5350,#5351);
#4617=AXIS2_PLACEMENT_3D('',#7162,#5352,#5353);
#4618=AXIS2_PLACEMENT_3D('',#7164,#5354,#5355);
#4619=AXIS2_PLACEMENT_3D('',#7166,#5356,#5357);
#4620=AXIS2_PLACEMENT_3D('',#7188,#5359,#5360);
#4621=AXIS2_PLACEMENT_3D('',#7197,#5365,#5366);
#4622=AXIS2_PLACEMENT_3D('',#7199,#5367,#5368);
#4623=AXIS2_PLACEMENT_3D('',#7202,#5370,#5371);
#4624=AXIS2_PLACEMENT_3D('',#7203,#5372,#5373);
#4625=AXIS2_PLACEMENT_3D('',#7213,#5377,#5378);
#4626=AXIS2_PLACEMENT_3D('',#7221,#5383,#5384);
#4627=AXIS2_PLACEMENT_3D('',#7227,#5388,#5389);
#4628=AXIS2_PLACEMENT_3D('',#7229,#5390,#5391);
#4629=AXIS2_PLACEMENT_3D('',#7232,#5393,#5394);
#4630=AXIS2_PLACEMENT_3D('',#7233,#5395,#5396);
#4631=AXIS2_PLACEMENT_3D('',#7238,#5400,#5401);
#4632=AXIS2_PLACEMENT_3D('',#7239,#5402,#5403);
#4633=AXIS2_PLACEMENT_3D('',#7240,#5404,#5405);
#4634=AXIS2_PLACEMENT_3D('',#7241,#5406,#5407);
#4635=AXIS2_PLACEMENT_3D('',#7242,#5408,#5409);
#4636=AXIS2_PLACEMENT_3D('',#7252,#5413,#5414);
#4637=AXIS2_PLACEMENT_3D('',#7255,#5416,#5417);
#4638=AXIS2_PLACEMENT_3D('',#7256,#5418,#5419);
#4639=AXIS2_PLACEMENT_3D('',#7260,#5422,#5423);
#4640=AXIS2_PLACEMENT_3D('',#7263,#5425,#5426);
#4641=AXIS2_PLACEMENT_3D('',#7264,#5427,#5428);
#4642=AXIS2_PLACEMENT_3D('',#7268,#5431,#5432);
#4643=AXIS2_PLACEMENT_3D('',#7271,#5434,#5435);
#4644=AXIS2_PLACEMENT_3D('',#7272,#5436,#5437);
#4645=AXIS2_PLACEMENT_3D('',#7280,#5442,#5443);
#4646=AXIS2_PLACEMENT_3D('',#7283,#5445,#5446);
#4647=AXIS2_PLACEMENT_3D('',#7284,#5447,#5448);
#4648=AXIS2_PLACEMENT_3D('',#7288,#5451,#5452);
#4649=AXIS2_PLACEMENT_3D('',#7291,#5453,#5454);
#4650=AXIS2_PLACEMENT_3D('',#7293,#5456,#5457);
#4651=AXIS2_PLACEMENT_3D('',#7294,#5458,#5459);
#4652=AXIS2_PLACEMENT_3D('',#7297,#5461,#5462);
#4653=AXIS2_PLACEMENT_3D('',#7298,#5463,#5464);
#4654=AXIS2_PLACEMENT_3D('',#7304,#5468,#5469);
#4655=AXIS2_PLACEMENT_3D('',#7306,#5470,#5471);
#4656=AXIS2_PLACEMENT_3D('',#7308,#5473,#5474);
#4657=AXIS2_PLACEMENT_3D('',#7312,#5477,#5478);
#4658=AXIS2_PLACEMENT_3D('',#7314,#5479,#5480);
#4659=AXIS2_PLACEMENT_3D('',#7316,#5482,#5483);
#4660=AXIS2_PLACEMENT_3D('',#7320,#5486,#5487);
#4661=AXIS2_PLACEMENT_3D('',#7322,#5488,#5489);
#4662=AXIS2_PLACEMENT_3D('',#7324,#5491,#5492);
#4663=AXIS2_PLACEMENT_3D('',#7328,#5495,#5496);
#4664=AXIS2_PLACEMENT_3D('',#7329,#5497,#5498);
#4665=AXIS2_PLACEMENT_3D('',#7330,#5499,#5500);
#4666=AXIS2_PLACEMENT_3D('',#7334,#5502,#5503);
#4667=AXIS2_PLACEMENT_3D('',#7336,#5505,#5506);
#4668=AXIS2_PLACEMENT_3D('',#7340,#5509,#5510);
#4669=AXIS2_PLACEMENT_3D('',#7343,#5512,#5513);
#4670=AXIS2_PLACEMENT_3D('',#7344,#5514,#5515);
#4671=AXIS2_PLACEMENT_3D('',#7348,#5518,#5519);
#4672=AXIS2_PLACEMENT_3D('',#7352,#5521,#5522);
#4673=AXIS2_PLACEMENT_3D('',#7354,#5524,#5525);
#4674=AXIS2_PLACEMENT_3D('',#7358,#5528,#5529);
#4675=AXIS2_PLACEMENT_3D('',#7361,#5531,#5532);
#4676=AXIS2_PLACEMENT_3D('',#7362,#5533,#5534);
#4677=AXIS2_PLACEMENT_3D('',#7366,#5537,#5538);
#4678=AXIS2_PLACEMENT_3D('',#7369,#5540,#5541);
#4679=AXIS2_PLACEMENT_3D('',#7370,#5542,#5543);
#4680=AXIS2_PLACEMENT_3D('',#7374,#5546,#5547);
#4681=AXIS2_PLACEMENT_3D('',#7377,#5549,#5550);
#4682=AXIS2_PLACEMENT_3D('',#7378,#5551,#5552);
#4683=AXIS2_PLACEMENT_3D('',#7380,#5554,#5555);
#4684=AXIS2_PLACEMENT_3D('',#7386,#5559,#5560);
#4685=AXIS2_PLACEMENT_3D('',#7389,#5562,#5563);
#4686=AXIS2_PLACEMENT_3D('',#7390,#5564,#5565);
#4687=AXIS2_PLACEMENT_3D('',#7394,#5568,#5569);
#4688=AXIS2_PLACEMENT_3D('',#7397,#5571,#5572);
#4689=AXIS2_PLACEMENT_3D('',#7398,#5573,#5574);
#4690=AXIS2_PLACEMENT_3D('',#7401,#5576,#5577);
#4691=AXIS2_PLACEMENT_3D('',#7403,#5579,#5580);
#4692=AXIS2_PLACEMENT_3D('',#7405,#5582,#5583);
#4693=AXIS2_PLACEMENT_3D('',#7407,#5585,#5586);
#4694=AXIS2_PLACEMENT_3D('',#7409,#5588,#5589);
#4695=AXIS2_PLACEMENT_3D('',#7412,#5591,#5592);
#4696=AXIS2_PLACEMENT_3D('',#7413,#5593,#5594);
#4697=AXIS2_PLACEMENT_3D('',#7417,#5597,#5598);
#4698=AXIS2_PLACEMENT_3D('',#7420,#5600,#5601);
#4699=AXIS2_PLACEMENT_3D('',#7421,#5602,#5603);
#4700=AXIS2_PLACEMENT_3D('',#7425,#5606,#5607);
#4701=AXIS2_PLACEMENT_3D('',#7428,#5609,#5610);
#4702=AXIS2_PLACEMENT_3D('',#7429,#5611,#5612);
#4703=AXIS2_PLACEMENT_3D('',#7433,#5615,#5616);
#4704=AXIS2_PLACEMENT_3D('',#7436,#5618,#5619);
#4705=AXIS2_PLACEMENT_3D('',#7437,#5620,#5621);
#4706=AXIS2_PLACEMENT_3D('',#7439,#5623,#5624);
#4707=AXIS2_PLACEMENT_3D('',#7440,#5625,#5626);
#4708=AXIS2_PLACEMENT_3D('',#7442,#5628,#5629);
#4709=AXIS2_PLACEMENT_3D('',#7444,#5631,#5632);
#4710=AXIS2_PLACEMENT_3D('',#7446,#5634,#5635);
#4711=AXIS2_PLACEMENT_3D('',#7449,#5637,#5638);
#4712=AXIS2_PLACEMENT_3D('',#7450,#5639,#5640);
#4713=AXIS2_PLACEMENT_3D('',#7454,#5643,#5644);
#4714=AXIS2_PLACEMENT_3D('',#7456,#5646,#5647);
#4715=AXIS2_PLACEMENT_3D('',#7457,#5648,#5649);
#4716=AXIS2_PLACEMENT_3D('',#7459,#5651,#5652);
#4717=AXIS2_PLACEMENT_3D('',#7462,#5654,#5655);
#4718=AXIS2_PLACEMENT_3D('',#7463,#5656,#5657);
#4719=AXIS2_PLACEMENT_3D('',#7465,#5659,#5660);
#4720=AXIS2_PLACEMENT_3D('',#7467,#5661,#5662);
#4721=AXIS2_PLACEMENT_3D('',#7469,#5664,#5665);
#4722=AXIS2_PLACEMENT_3D('',#7472,#5667,#5668);
#4723=AXIS2_PLACEMENT_3D('',#7473,#5669,#5670);
#4724=AXIS2_PLACEMENT_3D('',#7477,#5673,#5674);
#4725=AXIS2_PLACEMENT_3D('',#7479,#5675,#5676);
#4726=AXIS2_PLACEMENT_3D('',#7480,#5677,#5678);
#4727=AXIS2_PLACEMENT_3D('',#7481,#5679,#5680);
#4728=AXIS2_PLACEMENT_3D('',#7483,#5682,#5683);
#4729=AXIS2_PLACEMENT_3D('',#7485,#5685,#5686);
#4730=AXIS2_PLACEMENT_3D('',#7486,#5687,#5688);
#4731=AXIS2_PLACEMENT_3D('',#7492,#5692,#5693);
#4732=AXIS2_PLACEMENT_3D('',#7494,#5694,#5695);
#4733=AXIS2_PLACEMENT_3D('',#7496,#5697,#5698);
#4734=AXIS2_PLACEMENT_3D('',#7499,#5701,#5702);
#4735=AXIS2_PLACEMENT_3D('',#7500,#5703,#5704);
#4736=AXIS2_PLACEMENT_3D('',#7501,#5705,#5706);
#4737=AXIS2_PLACEMENT_3D('',#7503,#5708,#5709);
#4738=AXIS2_PLACEMENT_3D('',#7505,#5711,#5712);
#4739=AXIS2_PLACEMENT_3D('',#7506,#5713,#5714);
#4740=AXIS2_PLACEMENT_3D('',#7508,#5715,#5716);
#4741=AXIS2_PLACEMENT_3D('',#7511,#5718,#5719);
#4742=AXIS2_PLACEMENT_3D('',#7512,#5720,#5721);
#4743=AXIS2_PLACEMENT_3D('',#7518,#5725,#5726);
#4744=AXIS2_PLACEMENT_3D('',#7522,#5728,#5729);
#4745=AXIS2_PLACEMENT_3D('',#7523,#5730,#5731);
#4746=AXIS2_PLACEMENT_3D('',#7524,#5732,#5733);
#4747=AXIS2_PLACEMENT_3D('',#7530,#5737,#5738);
#4748=AXIS2_PLACEMENT_3D('',#7534,#5740,#5741);
#4749=AXIS2_PLACEMENT_3D('',#7535,#5742,#5743);
#4750=AXIS2_PLACEMENT_3D('',#7536,#5744,#5745);
#4751=AXIS2_PLACEMENT_3D('',#7542,#5749,#5750);
#4752=AXIS2_PLACEMENT_3D('',#7545,#5752,#5753);
#4753=AXIS2_PLACEMENT_3D('',#7549,#5755,#5756);
#4754=AXIS2_PLACEMENT_3D('',#7555,#5759,#5760);
#4755=AXIS2_PLACEMENT_3D('',#7559,#5762,#5763);
#4756=AXIS2_PLACEMENT_3D('',#7563,#5765,#5766);
#4757=AXIS2_PLACEMENT_3D('',#7565,#5768,#5769);
#4758=AXIS2_PLACEMENT_3D('',#7567,#5771,#5772);
#4759=AXIS2_PLACEMENT_3D('',#7568,#5773,#5774);
#4760=AXIS2_PLACEMENT_3D('',#7570,#5775,#5776);
#4761=AXIS2_PLACEMENT_3D('',#7574,#5779,#5780);
#4762=AXIS2_PLACEMENT_3D('',#7577,#5782,#5783);
#4763=AXIS2_PLACEMENT_3D('',#7578,#5784,#5785);
#4764=AXIS2_PLACEMENT_3D('',#7582,#5788,#5789);
#4765=AXIS2_PLACEMENT_3D('',#7588,#5793,#5794);
#4766=AXIS2_PLACEMENT_3D('',#7591,#5796,#5797);
#4767=AXIS2_PLACEMENT_3D('',#7592,#5798,#5799);
#4768=AXIS2_PLACEMENT_3D('',#7594,#5800,#5801);
#4769=AXIS2_PLACEMENT_3D('',#7596,#5803,#5804);
#4770=AXIS2_PLACEMENT_3D('',#7597,#5805,#5806);
#4771=AXIS2_PLACEMENT_3D('',#7598,#5807,#5808);
#4772=AXIS2_PLACEMENT_3D('',#7606,#5813,#5814);
#4773=AXIS2_PLACEMENT_3D('',#7609,#5816,#5817);
#4774=AXIS2_PLACEMENT_3D('',#7610,#5818,#5819);
#4775=AXIS2_PLACEMENT_3D('',#7614,#5822,#5823);
#4776=AXIS2_PLACEMENT_3D('',#7617,#5825,#5826);
#4777=AXIS2_PLACEMENT_3D('',#7618,#5827,#5828);
#4778=AXIS2_PLACEMENT_3D('',#7622,#5831,#5832);
#4779=AXIS2_PLACEMENT_3D('',#7625,#5834,#5835);
#4780=AXIS2_PLACEMENT_3D('',#7626,#5836,#5837);
#4781=AXIS2_PLACEMENT_3D('',#7630,#5839,#5840);
#4782=AXIS2_PLACEMENT_3D('',#7634,#5842,#5843);
#4783=AXIS2_PLACEMENT_3D('',#7638,#5845,#5846);
#4784=AXIS2_PLACEMENT_3D('',#7642,#5848,#5849);
#4785=AXIS2_PLACEMENT_3D('',#7644,#5850,#5851);
#4786=AXIS2_PLACEMENT_3D('',#7647,#5853,#5854);
#4787=AXIS2_PLACEMENT_3D('',#7649,#5855,#5856);
#4788=AXIS2_PLACEMENT_3D('',#7661,#5859,#5860);
#4789=AXIS2_PLACEMENT_3D('',#7665,#5862,#5863);
#4790=AXIS2_PLACEMENT_3D('',#7669,#5865,#5866);
#4791=AXIS2_PLACEMENT_3D('',#7673,#5868,#5869);
#4792=AXIS2_PLACEMENT_3D('',#7677,#5871,#5872);
#4793=AXIS2_PLACEMENT_3D('',#7681,#5874,#5875);
#4794=AXIS2_PLACEMENT_3D('',#7685,#5877,#5878);
#4795=AXIS2_PLACEMENT_3D('',#7689,#5880,#5881);
#4796=AXIS2_PLACEMENT_3D('',#7691,#5883,#5884);
#4797=AXIS2_PLACEMENT_3D('',#7694,#5887,#5888);
#4798=AXIS2_PLACEMENT_3D('',#7696,#5890,#5891);
#4799=AXIS2_PLACEMENT_3D('',#7698,#5893,#5894);
#4800=AXIS2_PLACEMENT_3D('',#7702,#5897,#5898);
#4801=AXIS2_PLACEMENT_3D('',#7705,#5900,#5901);
#4802=AXIS2_PLACEMENT_3D('',#7706,#5902,#5903);
#4803=AXIS2_PLACEMENT_3D('',#7710,#5906,#5907);
#4804=AXIS2_PLACEMENT_3D('',#7712,#5909,#5910);
#4805=AXIS2_PLACEMENT_3D('',#7713,#5911,#5912);
#4806=AXIS2_PLACEMENT_3D('',#7714,#5913,#5914);
#4807=AXIS2_PLACEMENT_3D('',#7717,#5917,#5918);
#4808=AXIS2_PLACEMENT_3D('',#7718,#5919,#5920);
#4809=AXIS2_PLACEMENT_3D('',#7722,#5922,#5923);
#4810=AXIS2_PLACEMENT_3D('',#7724,#5925,#5926);
#4811=AXIS2_PLACEMENT_3D('',#7727,#5929,#5930);
#4812=AXIS2_PLACEMENT_3D('',#7729,#5932,#5933);
#4813=AXIS2_PLACEMENT_3D('',#7731,#5935,#5936);
#4814=AXIS2_PLACEMENT_3D('',#7733,#5938,#5939);
#4815=AXIS2_PLACEMENT_3D('',#7735,#5941,#5942);
#4816=AXIS2_PLACEMENT_3D('',#7738,#5944,#5945);
#4817=AXIS2_PLACEMENT_3D('',#7739,#5946,#5947);
#4818=AXIS2_PLACEMENT_3D('',#7741,#5949,#5950);
#4819=AXIS2_PLACEMENT_3D('',#7743,#5952,#5953);
#4820=AXIS2_PLACEMENT_3D('',#7745,#5955,#5956);
#4821=AXIS2_PLACEMENT_3D('',#7747,#5958,#5959);
#4822=AXIS2_PLACEMENT_3D('',#7748,#5960,#5961);
#4823=AXIS2_PLACEMENT_3D('',#7750,#5963,#5964);
#4824=AXIS2_PLACEMENT_3D('',#7752,#5966,#5967);
#4825=AXIS2_PLACEMENT_3D('',#7755,#5969,#5970);
#4826=AXIS2_PLACEMENT_3D('',#7756,#5971,#5972);
#4827=AXIS2_PLACEMENT_3D('',#7760,#5975,#5976);
#4828=AXIS2_PLACEMENT_3D('',#7763,#5978,#5979);
#4829=AXIS2_PLACEMENT_3D('',#7764,#5980,#5981);
#4830=AXIS2_PLACEMENT_3D('',#7768,#5984,#5985);
#4831=AXIS2_PLACEMENT_3D('',#7771,#5987,#5988);
#4832=AXIS2_PLACEMENT_3D('',#7772,#5989,#5990);
#4833=AXIS2_PLACEMENT_3D('',#7776,#5993,#5994);
#4834=AXIS2_PLACEMENT_3D('',#7778,#5996,#5997);
#4835=AXIS2_PLACEMENT_3D('',#7779,#5998,#5999);
#4836=AXIS2_PLACEMENT_3D('',#7780,#6000,#6001);
#4837=AXIS2_PLACEMENT_3D('',#7782,#6003,#6004);
#4838=AXIS2_PLACEMENT_3D('',#7784,#6005,#6006);
#4839=AXIS2_PLACEMENT_3D('',#7787,#6008,#6009);
#4840=AXIS2_PLACEMENT_3D('',#7788,#6010,#6011);
#4841=AXIS2_PLACEMENT_3D('',#7789,#6012,#6013);
#4842=AXIS2_PLACEMENT_3D('',#7791,#6014,#6015);
#4843=AXIS2_PLACEMENT_3D('',#7793,#6016,#6017);
#4844=AXIS2_PLACEMENT_3D('',#7797,#6019,#6020);
#4845=AXIS2_PLACEMENT_3D('',#7800,#6022,#6023);
#4846=AXIS2_PLACEMENT_3D('',#7801,#6024,#6025);
#4847=AXIS2_PLACEMENT_3D('',#7803,#6026,#6027);
#4848=AXIS2_PLACEMENT_3D('',#7804,#6028,#6029);
#4849=AXIS2_PLACEMENT_3D('',#7805,#6030,#6031);
#4850=AXIS2_PLACEMENT_3D('',#7808,#6033,#6034);
#4851=AXIS2_PLACEMENT_3D('',#7809,#6035,#6036);
#4852=AXIS2_PLACEMENT_3D('',#7812,#6038,#6039);
#4853=AXIS2_PLACEMENT_3D('',#7813,#6040,#6041);
#4854=AXIS2_PLACEMENT_3D('',#7816,#6044,#6045);
#4855=AXIS2_PLACEMENT_3D('',#7820,#6048,#6049);
#4856=AXIS2_PLACEMENT_3D('',#7824,#6051,#6052);
#4857=AXIS2_PLACEMENT_3D('',#7826,#6054,#6055);
#4858=AXIS2_PLACEMENT_3D('',#7830,#6058,#6059);
#4859=AXIS2_PLACEMENT_3D('',#7833,#6061,#6062);
#4860=AXIS2_PLACEMENT_3D('',#7834,#6063,#6064);
#4861=AXIS2_PLACEMENT_3D('',#7837,#6066,#6067);
#4862=AXIS2_PLACEMENT_3D('',#7848,#6070,#6071);
#4863=AXIS2_PLACEMENT_3D('',#7850,#6073,#6074);
#4864=AXIS2_PLACEMENT_3D('',#7851,#6075,#6076);
#4865=AXIS2_PLACEMENT_3D('',#7852,#6077,#6078);
#4866=AXIS2_PLACEMENT_3D('',#7853,#6079,#6080);
#4867=AXIS2_PLACEMENT_3D('',#7854,#6081,#6082);
#4868=AXIS2_PLACEMENT_3D('',#7855,#6083,#6084);
#4869=AXIS2_PLACEMENT_3D('',#7856,#6085,#6086);
#4870=AXIS2_PLACEMENT_3D('',#7857,#6087,#6088);
#4871=AXIS2_PLACEMENT_3D('',#7859,#6090,#6091);
#4872=AXIS2_PLACEMENT_3D('',#7862,#6094,#6095);
#4873=AXIS2_PLACEMENT_3D('',#7864,#6097,#6098);
#4874=AXIS2_PLACEMENT_3D('',#7866,#6100,#6101);
#4875=AXIS2_PLACEMENT_3D('',#7867,#6102,#6103);
#4876=AXIS2_PLACEMENT_3D('',#7869,#6105,#6106);
#4877=AXIS2_PLACEMENT_3D('',#7870,#6107,#6108);
#4878=AXIS2_PLACEMENT_3D('',#7871,#6109,#6110);
#4879=AXIS2_PLACEMENT_3D('',#8056,#6111,#6112);
#4880=AXIS2_PLACEMENT_3D('',#8058,#6113,#6114);
#4881=AXIS2_PLACEMENT_3D('',#8059,#6115,#6116);
#4882=AXIS2_PLACEMENT_3D('',#8060,#6117,#6118);
#4883=AXIS2_PLACEMENT_3D('',#8061,#6119,#6120);
#4884=AXIS2_PLACEMENT_3D('',#8062,#6121,#6122);
#4885=AXIS2_PLACEMENT_3D('',#8081,#6123,#6124);
#4886=AXIS2_PLACEMENT_3D('',#8083,#6126,#6127);
#4887=AXIS2_PLACEMENT_3D('',#8126,#6128,#6129);
#4888=AXIS2_PLACEMENT_3D('',#8147,#6130,#6131);
#4889=AXIS2_PLACEMENT_3D('',#8148,#6132,#6133);
#4890=AXIS2_PLACEMENT_3D('',#8150,#6134,#6135);
#4891=AXIS2_PLACEMENT_3D('',#8152,#6137,#6138);
#4892=AXIS2_PLACEMENT_3D('',#8156,#6141,#6142);
#4893=AXIS2_PLACEMENT_3D('',#8159,#6145,#6146);
#4894=AXIS2_PLACEMENT_3D('',#8160,#6147,#6148);
#4895=AXIS2_PLACEMENT_3D('',#8161,#6149,#6150);
#4896=AXIS2_PLACEMENT_3D('',#8164,#6152,#6153);
#4897=AXIS2_PLACEMENT_3D('',#8165,#6154,#6155);
#4898=AXIS2_PLACEMENT_3D('',#8166,#6156,#6157);
#4899=AXIS2_PLACEMENT_3D('',#8167,#6158,#6159);
#4900=AXIS2_PLACEMENT_3D('',#8168,#6160,#6161);
#4901=AXIS2_PLACEMENT_3D('',#8169,#6162,#6163);
#4902=AXIS2_PLACEMENT_3D('',#8172,#6165,#6166);
#4903=AXIS2_PLACEMENT_3D('',#8173,#6167,#6168);
#4904=AXIS2_PLACEMENT_3D('',#8176,#6170,#6171);
#4905=AXIS2_PLACEMENT_3D('',#8177,#6172,#6173);
#4906=AXIS2_PLACEMENT_3D('',#8178,#6174,#6175);
#4907=AXIS2_PLACEMENT_3D('',#8179,#6176,#6177);
#4908=AXIS2_PLACEMENT_3D('',#8180,#6178,#6179);
#4909=AXIS2_PLACEMENT_3D('',#8181,#6180,#6181);
#4910=AXIS2_PLACEMENT_3D('',#8182,#6182,#6183);
#4911=AXIS2_PLACEMENT_3D('',#8184,#6185,#6186);
#4912=AXIS2_PLACEMENT_3D('',#8185,#6187,#6188);
#4913=AXIS2_PLACEMENT_3D('',#8186,#6189,#6190);
#4914=AXIS2_PLACEMENT_3D('',#8188,#6192,#6193);
#4915=AXIS2_PLACEMENT_3D('',#8189,#6194,#6195);
#4916=AXIS2_PLACEMENT_3D('',#8190,#6196,#6197);
#4917=AXIS2_PLACEMENT_3D('',#8193,#6200,#6201);
#4918=AXIS2_PLACEMENT_3D('',#8194,#6202,#6203);
#4919=AXIS2_PLACEMENT_3D('',#8195,#6204,#6205);
#4920=AXIS2_PLACEMENT_3D('',#8198,#6207,#6208);
#4921=AXIS2_PLACEMENT_3D('',#8199,#6209,#6210);
#4922=AXIS2_PLACEMENT_3D('',#8202,#6212,#6213);
#4923=AXIS2_PLACEMENT_3D('',#8203,#6214,#6215);
#4924=AXIS2_PLACEMENT_3D('',#8204,#6216,#6217);
#4925=AXIS2_PLACEMENT_3D('',#8205,#6218,#6219);
#4926=DIRECTION('axis',(0.,0.,1.));
#4927=DIRECTION('refdir',(1.,0.,0.));
#4928=DIRECTION('center_axis',(0.,-1.,0.));
#4929=DIRECTION('ref_axis',(1.,0.,0.));
#4930=DIRECTION('center_axis',(0.,-1.,0.));
#4931=DIRECTION('ref_axis',(1.,0.,0.));
#4932=DIRECTION('',(0.707106781186543,0.707106781186552,8.65956056235488E-17));
#4933=DIRECTION('center_axis',(0.,1.,0.));
#4934=DIRECTION('ref_axis',(1.,0.,0.));
#4935=DIRECTION('center_axis',(0.,-1.,0.));
#4936=DIRECTION('ref_axis',(1.,0.,0.));
#4937=DIRECTION('center_axis',(-1.85037170770859E-16,-1.,0.));
#4938=DIRECTION('ref_axis',(1.,0.,0.));
#4939=DIRECTION('',(0.,-1.,0.));
#4940=DIRECTION('center_axis',(0.,1.,0.));
#4941=DIRECTION('ref_axis',(0.,0.,1.));
#4942=DIRECTION('center_axis',(0.,1.,0.));
#4943=DIRECTION('ref_axis',(0.707106781186549,0.,-0.707106781186546));
#4944=DIRECTION('',(0.,0.,-1.));
#4945=DIRECTION('center_axis',(0.,1.,0.));
#4946=DIRECTION('ref_axis',(0.707106781186547,0.,0.707106781186547));
#4947=DIRECTION('',(1.,0.,0.));
#4948=DIRECTION('center_axis',(0.,1.,0.));
#4949=DIRECTION('ref_axis',(-0.266933581895812,0.,0.963714928210761));
#4950=DIRECTION('',(0.857492925712544,0.,0.514495755427527));
#4951=DIRECTION('center_axis',(0.,1.,0.));
#4952=DIRECTION('ref_axis',(-0.870199906753478,0.,0.492698814983594));
#4953=DIRECTION('',(3.0626842058625E-16,0.,1.));
#4954=DIRECTION('center_axis',(0.,1.,0.));
#4955=DIRECTION('ref_axis',(-0.870199906753479,0.,-0.492698814983592));
#4956=DIRECTION('',(-0.857492925712545,0.,0.514495755427526));
#4957=DIRECTION('center_axis',(0.,-1.,0.));
#4958=DIRECTION('ref_axis',(0.956291342917712,0.,0.292415573218388));
#4959=DIRECTION('center_axis',(0.,1.,0.));
#4960=DIRECTION('ref_axis',(-0.420590188539156,0.,-0.907250733427423));
#4961=DIRECTION('',(-1.,0.,0.));
#4962=DIRECTION('center_axis',(0.,-1.,0.));
#4963=DIRECTION('ref_axis',(0.707106781186546,0.,0.707106781186549));
#4964=DIRECTION('',(0.,0.,1.));
#4965=DIRECTION('center_axis',(0.,-1.,0.));
#4966=DIRECTION('ref_axis',(0.707106781186549,0.,-0.707106781186546));
#4967=DIRECTION('',(1.,0.,0.));
#4968=DIRECTION('center_axis',(0.,1.,0.));
#4969=DIRECTION('ref_axis',(-0.707106781186548,0.,0.707106781186548));
#4970=DIRECTION('',(-3.20731096002823E-16,0.,1.));
#4971=DIRECTION('center_axis',(0.,1.,0.));
#4972=DIRECTION('ref_axis',(-0.707106781186548,0.,-0.707106781186547));
#4973=DIRECTION('',(-1.,0.,0.));
#4974=DIRECTION('center_axis',(0.,-1.,0.));
#4975=DIRECTION('ref_axis',(-1.,0.,0.));
#4976=DIRECTION('center_axis',(0.,-1.,0.));
#4977=DIRECTION('ref_axis',(0.707106781186549,0.,-0.707106781186546));
#4978=DIRECTION('',(1.,0.,0.));
#4979=DIRECTION('center_axis',(0.,-1.,0.));
#4980=DIRECTION('ref_axis',(-0.707106781186551,0.,-0.707106781186544));
#4981=DIRECTION('',(0.,0.,-1.));
#4982=DIRECTION('center_axis',(0.,-1.,0.));
#4983=DIRECTION('ref_axis',(-0.707106781186549,0.,0.707106781186546));
#4984=DIRECTION('',(-1.,0.,0.));
#4985=DIRECTION('center_axis',(0.,-1.,0.));
#4986=DIRECTION('ref_axis',(0.707106781186549,0.,0.707106781186546));
#4987=DIRECTION('',(0.,0.,1.));
#4988=DIRECTION('',(0.,0.,1.));
#4989=DIRECTION('center_axis',(0.,-1.,0.));
#4990=DIRECTION('ref_axis',(0.707106781186547,0.,-0.707106781186547));
#4991=DIRECTION('',(1.,0.,0.));
#4992=DIRECTION('center_axis',(0.,-1.,0.));
#4993=DIRECTION('ref_axis',(-0.707106781186547,0.,-0.707106781186547));
#4994=DIRECTION('',(0.,0.,-1.));
#4995=DIRECTION('center_axis',(0.,-1.,0.));
#4996=DIRECTION('ref_axis',(-0.707106781186547,0.,0.707106781186547));
#4997=DIRECTION('',(-1.,0.,0.));
#4998=DIRECTION('center_axis',(0.,-1.,0.));
#4999=DIRECTION('ref_axis',(0.70710678118655,0.,0.707106781186545));
#5000=DIRECTION('center_axis',(0.,1.,0.));
#5001=DIRECTION('ref_axis',(1.,-1.00228467500882E-16,0.));
#5002=DIRECTION('center_axis',(1.85037170770859E-16,1.,0.));
#5003=DIRECTION('ref_axis',(1.,-1.85037170770859E-16,0.));
#5004=DIRECTION('',(0.707106781186545,-0.70710678118655,-8.6595605623549E-17));
#5005=DIRECTION('center_axis',(1.85037170770859E-16,1.,0.));
#5006=DIRECTION('ref_axis',(1.,-1.85037170770859E-16,0.));
#5007=DIRECTION('',(1.,-1.85037170770859E-16,-2.18800643948138E-16));
#5008=DIRECTION('',(0.,0.,-1.));
#5009=DIRECTION('',(-1.,1.85037170770859E-16,0.));
#5010=DIRECTION('center_axis',(-1.85037170770859E-16,-1.,0.));
#5011=DIRECTION('ref_axis',(0.707106781186547,-1.30841038223648E-16,0.707106781186547));
#5012=DIRECTION('',(0.,0.,1.));
#5013=DIRECTION('center_axis',(-1.85037170770859E-16,-1.,0.));
#5014=DIRECTION('ref_axis',(0.707106781186549,-1.30841038223648E-16,-0.707106781186546));
#5015=DIRECTION('center_axis',(0.707106781186548,-0.707106781186548,-2.07501205993976E-16));
#5016=DIRECTION('ref_axis',(-0.500000000000038,-0.500000000000038,-0.707106781186494));
#5017=DIRECTION('',(-0.707106781186547,0.707106781186547,2.07501205993976E-16));
#5018=DIRECTION('center_axis',(1.,0.,-2.22044604925031E-16));
#5019=DIRECTION('ref_axis',(3.26841149703946E-32,-1.,1.47196168001604E-16));
#5020=DIRECTION('center_axis',(0.,-1.,0.));
#5021=DIRECTION('ref_axis',(-1.,0.,1.96261557335472E-16));
#5022=DIRECTION('',(0.707106781186547,-0.707106781186547,-2.07501205993976E-16));
#5023=DIRECTION('center_axis',(-0.382683432365091,0.923879532511286,-9.05542654730026E-15));
#5024=DIRECTION('ref_axis',(-0.923879532511286,-0.382683432365091,2.24039603654036E-14));
#5025=DIRECTION('center_axis',(0.,1.,0.));
#5026=DIRECTION('ref_axis',(-0.707106781186628,0.,-0.707106781186467));
#5027=DIRECTION('',(0.,-1.,0.));
#5028=DIRECTION('center_axis',(-9.4778506011943E-14,-0.906307787036644,
-0.422618261740712));
#5029=DIRECTION('ref_axis',(-2.03441825265517E-13,0.422618261740712,-0.906307787036644));
#5030=DIRECTION('',(0.,1.,0.));
#5031=DIRECTION('center_axis',(-1.,0.,2.22044604925031E-16));
#5032=DIRECTION('ref_axis',(2.22044604925031E-16,0.,1.));
#5033=DIRECTION('',(-2.22044604925031E-16,0.,-1.));
#5034=DIRECTION('',(0.,-1.,0.));
#5035=DIRECTION('',(2.22044604925031E-16,0.,1.));
#5036=DIRECTION('center_axis',(-0.707106781186548,-0.707106781186548,1.58474665523113E-13));
#5037=DIRECTION('ref_axis',(2.24117021275326E-13,1.13595970351826E-28,1.));
#5038=DIRECTION('',(2.24117021275326E-13,0.,1.));
#5039=DIRECTION('',(2.24117021275326E-13,0.,1.));
#5040=DIRECTION('',(0.707106781186548,-0.707106781186547,0.));
#5041=DIRECTION('center_axis',(0.707106781186548,0.707106781186548,-1.58474665523113E-13));
#5042=DIRECTION('ref_axis',(-0.707106781186547,0.707106781186547,1.58481207548394E-13));
#5043=DIRECTION('',(0.,-2.22044604925031E-16,-1.));
#5044=DIRECTION('',(0.707106781186547,-0.707106781186547,0.));
#5045=DIRECTION('center_axis',(-1.,0.,2.24117021275326E-13));
#5046=DIRECTION('ref_axis',(2.24117021275326E-13,0.,1.));
#5047=DIRECTION('',(1.71683598756341E-13,0.642787609686539,0.766044443118978));
#5048=DIRECTION('center_axis',(-1.,0.,2.24117021275326E-13));
#5049=DIRECTION('ref_axis',(2.24117021275326E-13,0.,1.));
#5050=DIRECTION('',(0.,0.,-1.));
#5051=DIRECTION('center_axis',(-1.,0.,2.24117021275326E-13));
#5052=DIRECTION('ref_axis',(2.24117021275326E-13,0.,1.));
#5053=DIRECTION('center_axis',(-1.,0.,2.24117021275326E-13));
#5054=DIRECTION('ref_axis',(2.24117021275326E-13,0.,1.));
#5055=DIRECTION('',(0.,0.,-1.));
#5056=DIRECTION('',(0.,1.,0.));
#5057=DIRECTION('center_axis',(-1.,0.,2.24117021275326E-13));
#5058=DIRECTION('ref_axis',(2.24117021275326E-13,0.,1.));
#5059=DIRECTION('center_axis',(-1.,0.,2.24117021275326E-13));
#5060=DIRECTION('ref_axis',(2.24117021275326E-13,0.,1.));
#5061=DIRECTION('center_axis',(0.,1.,0.));
#5062=DIRECTION('ref_axis',(0.707106781186549,0.,0.707106781186546));
#5063=DIRECTION('center_axis',(0.,-1.,0.));
#5064=DIRECTION('ref_axis',(0.707106781186549,0.,0.707106781186546));
#5065=DIRECTION('',(0.,-1.,0.));
#5066=DIRECTION('center_axis',(5.28677630773885E-16,-1.,0.));
#5067=DIRECTION('ref_axis',(0.707106781186549,3.73831537781853E-16,0.707106781186546));
#5068=DIRECTION('',(0.,1.,0.));
#5069=DIRECTION('center_axis',(-0.707106781662965,-0.70710678071013,-1.39563774199256E-16));
#5070=DIRECTION('ref_axis',(0.70710678071013,-0.707106781662965,9.81307786016197E-17));
#5071=DIRECTION('center_axis',(0.,0.,1.));
#5072=DIRECTION('ref_axis',(1.,0.,0.));
#5073=DIRECTION('',(-1.,-5.28677630773885E-16,0.));
#5074=DIRECTION('',(1.,0.,0.));
#5075=DIRECTION('',(0.,1.,0.));
#5076=DIRECTION('',(-0.707106781186547,0.707106781186547,0.));
#5077=DIRECTION('',(0.,1.,0.));
#5078=DIRECTION('',(1.,0.,0.));
#5079=DIRECTION('',(0.,1.,0.));
#5080=DIRECTION('',(-1.,0.,0.));
#5081=DIRECTION('',(0.,-1.,0.));
#5082=DIRECTION('',(1.,-1.85037170770859E-16,0.));
#5083=DIRECTION('center_axis',(0.,0.,1.));
#5084=DIRECTION('ref_axis',(-1.,0.,0.));
#5085=DIRECTION('',(1.07009448156642E-15,-1.,0.));
#5086=DIRECTION('',(1.,0.,0.));
#5087=DIRECTION('',(-0.707106781186547,-0.707106781186547,0.));
#5088=DIRECTION('',(0.,1.,0.));
#5089=DIRECTION('',(-0.707106780458682,0.707106781914413,0.));
#5090=DIRECTION('center_axis',(0.,0.,1.));
#5091=DIRECTION('ref_axis',(0.707106781914411,0.707106780458684,0.));
#5092=DIRECTION('',(-4.19429206003679E-15,-1.,0.));
#5093=DIRECTION('center_axis',(0.,0.,-1.));
#5094=DIRECTION('ref_axis',(0.,1.,0.));
#5095=DIRECTION('center_axis',(0.,1.,0.));
#5096=DIRECTION('ref_axis',(0.,0.,1.));
#5097=DIRECTION('center_axis',(0.,-1.,0.));
#5098=DIRECTION('ref_axis',(-0.707106781186551,0.,0.707106781186544));
#5099=DIRECTION('',(-1.97372982155583E-16,0.,1.));
#5100=DIRECTION('center_axis',(0.,-1.,0.));
#5101=DIRECTION('ref_axis',(0.707106781186546,0.,-0.707106781186549));
#5102=DIRECTION('',(-1.,0.,2.93451019725454E-16));
#5103=DIRECTION('center_axis',(-1.,1.85037170770859E-16,2.18800643948138E-16));
#5104=DIRECTION('ref_axis',(9.85255067576852E-17,0.939031814502329,-0.34383026532355));
#5105=DIRECTION('',(-1.,1.85037170770859E-16,2.18800643948138E-16));
#5106=DIRECTION('center_axis',(1.,0.,0.));
#5107=DIRECTION('ref_axis',(0.,0.763561497295071,-0.645735115855186));
#5108=DIRECTION('center_axis',(0.,-0.645735115855188,-0.763561497295068));
#5109=DIRECTION('ref_axis',(1.11022302462515E-15,0.763561497295068,-0.645735115855188));
#5110=DIRECTION('center_axis',(0.,-0.864501386866145,0.502630432929117));
#5111=DIRECTION('ref_axis',(0.,-0.502630432929117,-0.864501386866145));
#5112=DIRECTION('center_axis',(0.,0.763561497295069,-0.645735115855188));
#5113=DIRECTION('ref_axis',(0.,-0.645735115855188,-0.763561497295069));
#5114=DIRECTION('center_axis',(-6.90997584030287E-16,0.645735115855188,
0.763561497295069));
#5115=DIRECTION('ref_axis',(0.707106781186545,0.539919512590299,-0.456603679271486));
#5116=DIRECTION('center_axis',(0.,-0.645735115855188,-0.763561497295069));
#5117=DIRECTION('ref_axis',(-1.11022302462451E-15,0.763561497295069,-0.645735115855188));
#5118=DIRECTION('',(6.90997584030287E-16,-0.645735115855188,-0.763561497295069));
#5119=DIRECTION('',(-6.90997584030287E-16,0.645735115855188,0.763561497295069));
#5120=DIRECTION('center_axis',(1.,1.07009448156642E-15,0.));
#5121=DIRECTION('ref_axis',(0.,0.,-1.));
#5122=DIRECTION('center_axis',(7.13637604204447E-16,-0.64278760968654,-0.766044443118978));
#5123=DIRECTION('ref_axis',(-1.11022302462515E-15,0.766044443118978,-0.64278760968654));
#5124=DIRECTION('center_axis',(-1.,-1.07009448156642E-15,0.));
#5125=DIRECTION('ref_axis',(-8.18412957372465E-16,0.764804390145494,-0.644262558910712));
#5126=DIRECTION('center_axis',(1.,1.07009448156642E-15,0.));
#5127=DIRECTION('ref_axis',(-8.18412957372464E-16,0.764804390145494,-0.644262558910712));
#5128=DIRECTION('center_axis',(-6.87843473944833E-16,0.642787609686539,
0.766044443118978));
#5129=DIRECTION('ref_axis',(0.707106781186496,0.541675220419742,-0.454519477672077));
#5130=DIRECTION('center_axis',(-0.707106781186546,0.707106781186549,0.));
#5131=DIRECTION('ref_axis',(0.360817926620985,0.360817926620983,0.860012120645906));
#5132=DIRECTION('',(6.87843473944833E-16,-0.642787609686539,-0.766044443118978));
#5133=DIRECTION('',(-6.87843473944833E-16,0.642787609686539,0.766044443118978));
#5134=DIRECTION('center_axis',(-1.44249947748322E-13,0.766044443118978,
-0.642787609686539));
#5135=DIRECTION('ref_axis',(1.71683598756341E-13,0.642787609686539,0.766044443118978));
#5136=DIRECTION('',(0.540716203060981,0.540716203060978,0.6444004775717));
#5137=DIRECTION('',(-1.,0.,2.22044604925031E-13));
#5138=DIRECTION('',(-1.71683598756341E-13,-0.642787609686539,-0.766044443118978));
#5139=DIRECTION('',(-1.,-1.8805869863404E-13,2.93451019725454E-16));
#5140=DIRECTION('',(-1.51196476202106E-16,0.642787609686539,0.766044443118978));
#5141=DIRECTION('',(-1.,-5.28677630773885E-16,2.23783027269636E-13));
#5142=DIRECTION('center_axis',(-1.44249947748322E-13,0.766044443118978,
-0.642787609686539));
#5143=DIRECTION('ref_axis',(0.,0.642787609686539,0.766044443118978));
#5144=DIRECTION('',(-2.69603896759828E-15,-0.642787609686539,-0.766044443118978));
#5145=DIRECTION('center_axis',(1.44249947748322E-13,-0.766044443118978,
0.642787609686539));
#5146=DIRECTION('ref_axis',(-1.21025028386742E-13,0.642787609686539,0.766044443118978));
#5147=DIRECTION('',(-0.540716202273179,0.54071620338636,0.644400477959717));
#5148=DIRECTION('',(0.,0.642787609686539,0.766044443118978));
#5149=DIRECTION('',(0.540716203060979,0.540716203060979,0.644400477571701));
#5150=DIRECTION('',(1.,0.,-2.24413080735434E-13));
#5151=DIRECTION('center_axis',(-1.,0.,2.22044604925031E-13));
#5152=DIRECTION('ref_axis',(2.22044604925031E-13,0.,1.));
#5153=DIRECTION('',(-1.,0.,2.22044604925031E-13));
#5154=DIRECTION('',(0.532575883014655,-0.544340000849303,-0.648117961721893));
#5155=DIRECTION('center_axis',(0.,0.763561497295069,-0.645735115855188));
#5156=DIRECTION('ref_axis',(1.5070640978031E-16,-0.645735115855188,-0.763561497295069));
#5157=DIRECTION('center_axis',(-1.69955467145184E-13,-0.763561497294825,
0.645735115855476));
#5158=DIRECTION('ref_axis',(-0.230081942092765,-0.628410855869707,-0.743076103873569));
#5159=DIRECTION('',(1.,0.,0.));
#5160=DIRECTION('',(-1.71127128334299E-13,-0.645735115855188,-0.763561497295069));
#5161=DIRECTION('',(0.,-0.907120475971954,-0.42087105159706));
#5162=DIRECTION('center_axis',(0.,-1.,0.));
#5163=DIRECTION('ref_axis',(0.707106781186549,0.,-0.707106781186546));
#5164=DIRECTION('',(0.70710678118655,-0.707106781186545,0.));
#5165=DIRECTION('center_axis',(1.85037170770859E-16,1.,0.));
#5166=DIRECTION('ref_axis',(0.707106781186549,-1.30841038223648E-16,-0.707106781186546));
#5167=DIRECTION('center_axis',(0.,-1.,0.));
#5168=DIRECTION('ref_axis',(0.707106781186546,0.,-0.707106781186549));
#5169=DIRECTION('',(0.,1.,0.));
#5170=DIRECTION('center_axis',(-0.707106781662965,-0.70710678071013,-1.39563774199256E-16));
#5171=DIRECTION('ref_axis',(0.70710678071013,-0.707106781662965,9.81307786016197E-17));
#5172=DIRECTION('',(0.,-1.,0.));
#5173=DIRECTION('center_axis',(1.87680209924636E-15,0.906307787036648,0.422618261740703));
#5174=DIRECTION('ref_axis',(-4.02481509026064E-15,0.422618261740703,-0.906307787036648));
#5175=DIRECTION('center_axis',(1.51196476202106E-16,-0.642787609686539,
-0.766044443118978));
#5176=DIRECTION('ref_axis',(0.707106781186495,0.541675220419742,-0.454519477672077));
#5177=DIRECTION('',(1.51196476202106E-16,-0.642787609686539,-0.766044443118978));
#5178=DIRECTION('center_axis',(5.28677630773885E-16,-1.,0.));
#5179=DIRECTION('ref_axis',(-2.23011751318051E-16,-1.17901324321562E-31,
-1.));
#5180=DIRECTION('center_axis',(-2.93451019725454E-16,0.,-1.));
#5181=DIRECTION('ref_axis',(-1.,0.,2.93451019725454E-16));
#5182=DIRECTION('center_axis',(0.707106781186546,-0.707106781186549,0.));
#5183=DIRECTION('ref_axis',(0.,0.,-1.));
#5184=DIRECTION('',(-0.577350269189627,-0.577350269189625,0.577350269189625));
#5185=DIRECTION('',(0.,0.,-1.));
#5186=DIRECTION('',(0.,0.,1.));
#5187=DIRECTION('center_axis',(1.,1.07009448156642E-15,0.));
#5188=DIRECTION('ref_axis',(1.07009448156642E-15,-1.,0.));
#5189=DIRECTION('',(-1.07009448156642E-15,1.,0.));
#5190=DIRECTION('',(0.,0.,-1.));
#5191=DIRECTION('center_axis',(0.707106781186548,-0.707106781186548,0.));
#5192=DIRECTION('ref_axis',(0.,0.,-1.));
#5193=DIRECTION('',(0.,0.,1.));
#5194=DIRECTION('',(0.,0.,-1.));
#5195=DIRECTION('center_axis',(1.,0.,0.));
#5196=DIRECTION('ref_axis',(0.,-1.,0.));
#5197=DIRECTION('',(0.,0.,-1.));
#5198=DIRECTION('center_axis',(0.707106781662965,0.70710678071013,1.39563774199256E-16));
#5199=DIRECTION('ref_axis',(1.97372982155583E-16,-1.60237371373018E-31,
-1.));
#5200=DIRECTION('',(1.97372982155583E-16,0.,-1.));
#5201=DIRECTION('center_axis',(1.,0.,1.97372982155583E-16));
#5202=DIRECTION('ref_axis',(1.97372982155583E-16,0.,-1.));
#5203=DIRECTION('',(1.97372982155583E-16,1.0434668058479E-31,-1.));
#5204=DIRECTION('',(0.820861043228793,0.439584587268037,0.364626573833733));
#5205=DIRECTION('center_axis',(-0.707106781186535,0.70710678118656,0.));
#5206=DIRECTION('ref_axis',(0.,0.,1.));
#5207=DIRECTION('',(0.,0.,1.));
#5208=DIRECTION('',(0.,0.,-1.));
#5209=DIRECTION('center_axis',(0.,0.960045635836504,0.279843486812332));
#5210=DIRECTION('ref_axis',(0.,-0.279843486812332,0.960045635836503));
#5211=DIRECTION('',(1.,0.,0.));
#5212=DIRECTION('',(0.,0.279843486812332,-0.960045635836503));
#5213=DIRECTION('',(-1.,0.,0.));
#5214=DIRECTION('',(0.405952001594808,0.,-0.913894398933033));
#5215=DIRECTION('center_axis',(0.707106781186541,0.707106781186554,-3.41324447539948E-16));
#5216=DIRECTION('ref_axis',(-4.82705662880503E-16,9.86076131526265E-32,
-1.));
#5217=DIRECTION('',(0.707106781186554,-0.707106781186541,0.));
#5218=DIRECTION('',(-4.82705662880503E-16,0.,-1.));
#5219=DIRECTION('',(-0.707106781186554,0.707106781186541,0.));
#5220=DIRECTION('',(4.82705662880503E-16,0.,1.));
#5221=DIRECTION('center_axis',(0.,-1.,0.));
#5222=DIRECTION('ref_axis',(0.492698814983588,0.,-0.870199906753482));
#5223=DIRECTION('center_axis',(0.,1.,0.));
#5224=DIRECTION('ref_axis',(0.492698814983588,0.,-0.870199906753482));
#5225=DIRECTION('',(0.363803437554501,0.707106781186545,0.606339062590834));
#5226=DIRECTION('center_axis',(0.,-1.,0.));
#5227=DIRECTION('ref_axis',(0.492698814983588,0.,-0.870199906753482));
#5228=DIRECTION('center_axis',(-0.363803437554498,0.707106781186548,-0.606339062590832));
#5229=DIRECTION('ref_axis',(-0.857492925712545,2.77555756156289E-17,0.514495755427525));
#5230=DIRECTION('',(-0.857492925712545,0.,0.514495755427526));
#5231=DIRECTION('',(0.363803437554501,0.707106781186545,0.606339062590834));
#5232=DIRECTION('',(0.857492925712545,0.,-0.514495755427526));
#5233=DIRECTION('center_axis',(0.,-1.,0.));
#5234=DIRECTION('ref_axis',(-0.870199906753479,0.,-0.492698814983592));
#5235=DIRECTION('center_axis',(0.,1.,0.));
#5236=DIRECTION('ref_axis',(-0.870199906753479,0.,-0.492698814983592));
#5237=DIRECTION('',(0.707106781186547,0.707106781186547,0.));
#5238=DIRECTION('center_axis',(0.,-1.,0.));
#5239=DIRECTION('ref_axis',(-0.870199906753479,0.,-0.492698814983592));
#5240=DIRECTION('center_axis',(-0.707106781186548,0.707106781186548,2.16564477059831E-16));
#5241=DIRECTION('ref_axis',(3.0626842058625E-16,1.72563323017096E-31,1.));
#5242=DIRECTION('',(3.0626842058625E-16,0.,1.));
#5243=DIRECTION('',(0.707106781186547,0.707106781186547,0.));
#5244=DIRECTION('',(-3.0626842058625E-16,0.,-1.));
#5245=DIRECTION('center_axis',(0.,-1.,0.));
#5246=DIRECTION('ref_axis',(-0.707106781186546,0.,0.707106781186549));
#5247=DIRECTION('center_axis',(0.,1.,0.));
#5248=DIRECTION('ref_axis',(-0.707106781186546,0.,0.707106781186549));
#5249=DIRECTION('',(0.,0.707106781186546,-0.707106781186549));
#5250=DIRECTION('center_axis',(0.,-1.,0.));
#5251=DIRECTION('ref_axis',(-0.707106781186546,0.,0.707106781186549));
#5252=DIRECTION('center_axis',(0.,0.707106781186551,0.707106781186544));
#5253=DIRECTION('ref_axis',(1.,0.,0.));
#5254=DIRECTION('',(1.,0.,0.));
#5255=DIRECTION('',(0.,0.707106781186544,-0.707106781186551));
#5256=DIRECTION('',(-1.,0.,0.));
#5257=DIRECTION('center_axis',(0.,1.,0.));
#5258=DIRECTION('ref_axis',(0.707106781186546,0.,-0.707106781186549));
#5259=DIRECTION('center_axis',(0.,1.,0.));
#5260=DIRECTION('ref_axis',(0.707106781186546,0.,-0.707106781186549));
#5261=DIRECTION('center_axis',(0.,-1.,0.));
#5262=DIRECTION('ref_axis',(0.707106781186546,0.,-0.707106781186549));
#5263=DIRECTION('',(-0.707079092227891,0.700764888226744,-0.0946980927090905));
#5264=DIRECTION('',(0.617717747816221,-0.579097675109931,0.532043857886855));
#5265=DIRECTION('center_axis',(0.,-1.,0.));
#5266=DIRECTION('ref_axis',(0.0665190104019215,0.,-0.997785157864733));
#5267=DIRECTION('center_axis',(0.,1.,0.));
#5268=DIRECTION('ref_axis',(0.707106781186546,0.,-0.707106781186549));
#5269=DIRECTION('',(0.,-1.,0.));
#5270=DIRECTION('center_axis',(0.,1.,0.));
#5271=DIRECTION('ref_axis',(0.707106781186546,0.,-0.707106781186549));
#5272=DIRECTION('',(0.,-1.,0.));
#5273=DIRECTION('',(0.,1.,0.));
#5274=DIRECTION('center_axis',(0.,0.,1.));
#5275=DIRECTION('ref_axis',(1.,0.,0.));
#5276=DIRECTION('',(0.,1.,0.));
#5277=DIRECTION('',(-1.,0.,0.));
#5278=DIRECTION('',(0.,1.,0.));
#5279=DIRECTION('',(-1.,0.,0.));
#5280=DIRECTION('center_axis',(0.,1.,0.));
#5281=DIRECTION('ref_axis',(-0.707106781186546,0.,0.707106781186549));
#5282=DIRECTION('',(0.,-1.,0.));
#5283=DIRECTION('center_axis',(-0.707106781186549,0.707106781186546,2.16564477059831E-16));
#5284=DIRECTION('ref_axis',(-0.707106781186546,-0.707106781186549,1.96261557335472E-16));
#5285=DIRECTION('center_axis',(0.,-1.,0.));
#5286=DIRECTION('ref_axis',(-0.707106781186546,0.,0.707106781186549));
#5287=DIRECTION('center_axis',(-1.,0.,3.0626842058625E-16));
#5288=DIRECTION('ref_axis',(3.0626842058625E-16,0.,1.));
#5289=DIRECTION('',(0.,1.,0.));
#5290=DIRECTION('',(-3.0626842058625E-16,0.,-1.));
#5291=DIRECTION('',(0.,-1.,0.));
#5292=DIRECTION('',(3.0626842058625E-16,0.,1.));
#5293=DIRECTION('center_axis',(0.,1.,0.));
#5294=DIRECTION('ref_axis',(-0.870199906753479,0.,-0.492698814983592));
#5295=DIRECTION('',(0.,-1.,0.));
#5296=DIRECTION('center_axis',(0.,-1.,0.));
#5297=DIRECTION('ref_axis',(-0.870199906753479,0.,-0.492698814983592));
#5298=DIRECTION('center_axis',(-0.514495755427526,0.,-0.857492925712545));
#5299=DIRECTION('ref_axis',(-0.857492925712545,0.,0.514495755427526));
#5300=DIRECTION('',(0.,1.,0.));
#5301=DIRECTION('',(-0.650944554904119,0.65094455490412,0.390566732942471));
#5302=DIRECTION('',(0.,1.,0.));
#5303=DIRECTION('',(-0.857492925712545,0.,0.514495755427526));
#5304=DIRECTION('',(0.,1.,0.));
#5305=DIRECTION('',(0.857492925712545,0.,-0.514495755427526));
#5306=DIRECTION('center_axis',(0.,1.,0.));
#5307=DIRECTION('ref_axis',(0.492698814983588,0.,-0.870199906753482));
#5308=DIRECTION('',(0.,-1.,0.));
#5309=DIRECTION('center_axis',(0.707106781186548,0.707106781186548,-3.41324447539951E-16));
#5310=DIRECTION('ref_axis',(0.707106781186548,-0.707106781186548,-2.94392336003208E-16));
#5311=DIRECTION('center_axis',(-0.35823066278006,0.908555049213891,0.214938397668036));
#5312=DIRECTION('ref_axis',(-0.779079527321324,-0.417765152385816,0.467447716392795));
#5313=DIRECTION('center_axis',(1.,0.,-4.82705662880503E-16));
#5314=DIRECTION('ref_axis',(-4.82705662880503E-16,0.,-1.));
#5315=DIRECTION('center_axis',(1.,0.,-4.82705662880503E-16));
#5316=DIRECTION('ref_axis',(2.18701425859647E-16,0.891472868217055,0.453074083603176));
#5317=DIRECTION('center_axis',(-1.,0.,4.82705662880503E-16));
#5318=DIRECTION('ref_axis',(3.79535614878485E-16,0.617886671965005,0.786267168720665));
#5319=DIRECTION('',(-1.10759570458184E-16,0.973319103521873,-0.229455709711868));
#5320=DIRECTION('',(0.,1.,0.));
#5321=DIRECTION('',(4.82705662880503E-16,0.,1.));
#5322=DIRECTION('center_axis',(0.,-0.453074083603177,0.891472868217054));
#5323=DIRECTION('ref_axis',(1.,0.,0.));
#5324=DIRECTION('center_axis',(0.,1.,0.));
#5325=DIRECTION('ref_axis',(0.,0.,1.));
#5326=DIRECTION('center_axis',(0.707106781186547,0.707106781186548,0.));
#5327=DIRECTION('ref_axis',(0.,0.,-1.));
#5328=DIRECTION('',(0.707106781186548,-0.707106781186547,0.));
#5329=DIRECTION('',(0.,0.,-1.));
#5330=DIRECTION('center_axis',(0.,-1.,0.));
#5331=DIRECTION('ref_axis',(0.707106781186548,0.,0.707106781186548));
#5332=DIRECTION('',(0.,-0.707106781186544,0.707106781186551));
#5333=DIRECTION('center_axis',(1.85037170770859E-16,1.,0.));
#5334=DIRECTION('ref_axis',(0.707106781186548,-1.30841038223648E-16,0.707106781186548));
#5335=DIRECTION('center_axis',(1.30841038223648E-16,0.707106781186546,0.707106781186549));
#5336=DIRECTION('ref_axis',(1.,-1.10933564796705E-31,-1.85037170770859E-16));
#5337=DIRECTION('',(0.,-0.707106781186549,0.707106781186546));
#5338=DIRECTION('center_axis',(0.,0.,1.));
#5339=DIRECTION('ref_axis',(-1.,0.,0.));
#5340=DIRECTION('',(-0.707106781186557,0.,0.707106781186538));
#5341=DIRECTION('center_axis',(0.,0.,-1.));
#5342=DIRECTION('ref_axis',(-1.,0.,0.));
#5343=DIRECTION('center_axis',(0.707106781186546,7.56671064425914E-16,0.707106781186549));
#5344=DIRECTION('ref_axis',(0.707106781186549,0.,-0.707106781186546));
#5345=DIRECTION('',(-0.707106781186549,0.,0.707106781186546));
#5346=DIRECTION('',(-6.60904972578432E-14,-0.907120475971958,-0.420871051597051));
#5347=DIRECTION('center_axis',(0.,0.42087105159706,-0.907120475971954));
#5348=DIRECTION('ref_axis',(-1.,0.,0.));
#5349=DIRECTION('',(-1.,0.,0.));
#5350=DIRECTION('center_axis',(0.,0.,-1.));
#5351=DIRECTION('ref_axis',(1.,0.,0.));
#5352=DIRECTION('center_axis',(1.71127128334299E-13,0.645735115855188,0.763561497295069));
#5353=DIRECTION('ref_axis',(-0.707106781186597,0.539919512590337,-0.45660367927136));
#5354=DIRECTION('center_axis',(0.,0.707106781186546,-0.707106781186549));
#5355=DIRECTION('ref_axis',(1.71724683979833E-13,0.707106781186549,0.707106781186546));
#5356=DIRECTION('center_axis',(0.,-1.,0.));
#5357=DIRECTION('ref_axis',(-2.2398956607273E-13,0.,-1.));
#5358=DIRECTION('',(1.71127128334299E-13,0.645735115855188,0.763561497295069));
#5359=DIRECTION('center_axis',(0.707106781186546,0.707106781186549,-3.11817427542338E-16));
#5360=DIRECTION('ref_axis',(-4.40976435014665E-16,-1.23259516440783E-31,
-1.));
#5361=DIRECTION('',(-0.707106781186551,0.707106781186544,0.));
#5362=DIRECTION('',(4.40976435014665E-16,0.,1.));
#5363=DIRECTION('',(0.707106781186551,-0.707106781186544,0.));
#5364=DIRECTION('',(-4.40976435014665E-16,0.,-1.));
#5365=DIRECTION('center_axis',(0.,1.,0.));
#5366=DIRECTION('ref_axis',(-0.707106781186541,0.,-0.707106781186554));
#5367=DIRECTION('center_axis',(0.,-1.,0.));
#5368=DIRECTION('ref_axis',(-0.707106781186541,0.,-0.707106781186554));
#5369=DIRECTION('',(0.,0.707106781186549,-0.707106781186546));
#5370=DIRECTION('center_axis',(0.,1.,0.));
#5371=DIRECTION('ref_axis',(-0.707106781186541,0.,-0.707106781186554));
#5372=DIRECTION('center_axis',(0.,0.707106781186546,0.707106781186549));
#5373=DIRECTION('ref_axis',(1.,0.,0.));
#5374=DIRECTION('',(1.58474665523113E-13,-0.707106781186549,0.707106781186546));
#5375=DIRECTION('',(-1.,0.,0.));
#5376=DIRECTION('',(1.,0.,0.));
#5377=DIRECTION('center_axis',(0.,0.707106781186546,0.707106781186549));
#5378=DIRECTION('ref_axis',(1.,0.,0.));
#5379=DIRECTION('',(0.,0.707106781186549,-0.707106781186546));
#5380=DIRECTION('',(-1.,0.,0.));
#5381=DIRECTION('',(0.,-0.707106781186549,0.707106781186546));
#5382=DIRECTION('',(1.,0.,0.));
#5383=DIRECTION('center_axis',(0.,0.707106781186546,-0.707106781186549));
#5384=DIRECTION('ref_axis',(-1.,0.,0.));
#5385=DIRECTION('',(-1.,0.,0.));
#5386=DIRECTION('',(0.,0.707106781186549,0.707106781186546));
#5387=DIRECTION('',(1.,0.,0.));
#5388=DIRECTION('center_axis',(0.,-1.,0.));
#5389=DIRECTION('ref_axis',(-0.707106781186548,0.,-0.707106781186547));
#5390=DIRECTION('center_axis',(0.,1.,0.));
#5391=DIRECTION('ref_axis',(-0.707106781186548,0.,-0.707106781186547));
#5392=DIRECTION('',(0.707106781186546,0.707106781186549,0.));
#5393=DIRECTION('center_axis',(0.,-1.,0.));
#5394=DIRECTION('ref_axis',(-0.707106781186548,0.,-0.707106781186547));
#5395=DIRECTION('center_axis',(-0.707106781186547,0.707106781186548,-2.2679113292099E-16));
#5396=DIRECTION('ref_axis',(-3.20731096002823E-16,4.19082355898663E-31,
1.));
#5397=DIRECTION('',(0.707106781186549,0.707106781186546,0.));
#5398=DIRECTION('',(3.20731096002823E-16,0.,-1.));
#5399=DIRECTION('',(-3.20731096002823E-16,0.,1.));
#5400=DIRECTION('center_axis',(0.,-1.,0.));
#5401=DIRECTION('ref_axis',(-0.707106781186552,0.,0.707106781186543));
#5402=DIRECTION('center_axis',(0.,1.,0.));
#5403=DIRECTION('ref_axis',(-0.707106781186552,0.,0.707106781186543));
#5404=DIRECTION('center_axis',(0.,-1.,0.));
#5405=DIRECTION('ref_axis',(0.707106781186552,0.,0.707106781186543));
#5406=DIRECTION('center_axis',(0.,1.,0.));
#5407=DIRECTION('ref_axis',(0.707106781186552,0.,0.707106781186543));
#5408=DIRECTION('center_axis',(0.,0.,1.));
#5409=DIRECTION('ref_axis',(1.,0.,0.));
#5410=DIRECTION('',(0.,1.,0.));
#5411=DIRECTION('',(-1.,0.,0.));
#5412=DIRECTION('',(0.,1.,0.));
#5413=DIRECTION('center_axis',(0.,1.,0.));
#5414=DIRECTION('ref_axis',(-0.707106781186541,0.,-0.707106781186554));
#5415=DIRECTION('',(0.,-1.,0.));
#5416=DIRECTION('center_axis',(0.,1.,0.));
#5417=DIRECTION('ref_axis',(-0.707106781186541,0.,-0.707106781186554));
#5418=DIRECTION('center_axis',(1.,0.,-4.40976435014665E-16));
#5419=DIRECTION('ref_axis',(-4.40976435014665E-16,0.,-1.));
#5420=DIRECTION('',(0.,1.,0.));
#5421=DIRECTION('',(4.40976435014665E-16,0.,1.));
#5422=DIRECTION('center_axis',(0.,1.,0.));
#5423=DIRECTION('ref_axis',(0.707106781186554,0.,0.707106781186541));
#5424=DIRECTION('',(0.,-1.,0.));
#5425=DIRECTION('center_axis',(0.,-1.,0.));
#5426=DIRECTION('ref_axis',(0.707106781186554,0.,0.707106781186541));
#5427=DIRECTION('center_axis',(0.,0.,1.));
#5428=DIRECTION('ref_axis',(1.,0.,0.));
#5429=DIRECTION('',(0.,1.,0.));
#5430=DIRECTION('',(-1.,0.,0.));
#5431=DIRECTION('center_axis',(0.,1.,0.));
#5432=DIRECTION('ref_axis',(-0.707106781186557,0.,0.707106781186538));
#5433=DIRECTION('',(0.,-1.,0.));
#5434=DIRECTION('center_axis',(-0.707106781186547,0.707106781186548,-2.2679113292099E-16));
#5435=DIRECTION('ref_axis',(-0.707106781186548,-0.707106781186547,-2.4532694666934E-16));
#5436=DIRECTION('center_axis',(-1.,0.,-3.20731096002823E-16));
#5437=DIRECTION('ref_axis',(-3.20731096002823E-16,0.,1.));
#5438=DIRECTION('',(0.,1.,0.));
#5439=DIRECTION('',(3.20731096002823E-16,0.,-1.));
#5440=DIRECTION('',(0.,-1.,0.));
#5441=DIRECTION('',(-3.20731096002823E-16,0.,1.));
#5442=DIRECTION('center_axis',(0.,1.,0.));
#5443=DIRECTION('ref_axis',(-0.707106781186548,0.,-0.707106781186547));
#5444=DIRECTION('',(0.,-1.,0.));
#5445=DIRECTION('center_axis',(0.,-1.,0.));
#5446=DIRECTION('ref_axis',(-0.707106781186548,0.,-0.707106781186547));
#5447=DIRECTION('center_axis',(0.,0.,-1.));
#5448=DIRECTION('ref_axis',(-1.,0.,0.));
#5449=DIRECTION('',(0.,1.,0.));
#5450=DIRECTION('',(1.,0.,0.));
#5451=DIRECTION('center_axis',(0.,-1.,0.));
#5452=DIRECTION('ref_axis',(-1.,0.,0.));
#5453=DIRECTION('center_axis',(0.,1.,0.));
#5454=DIRECTION('ref_axis',(-1.,0.,0.));
#5455=DIRECTION('',(0.707106781186547,-0.707106781186548,8.65956056235492E-17));
#5456=DIRECTION('center_axis',(0.,1.,0.));
#5457=DIRECTION('ref_axis',(-1.,0.,0.));
#5458=DIRECTION('center_axis',(0.,1.,0.));
#5459=DIRECTION('ref_axis',(1.,0.,0.));
#5460=DIRECTION('',(0.,1.,0.));
#5461=DIRECTION('center_axis',(0.,-1.,0.));
#5462=DIRECTION('ref_axis',(1.,0.,0.));
#5463=DIRECTION('center_axis',(-0.707106781186547,-0.707106781186548,0.));
#5464=DIRECTION('ref_axis',(0.,0.,1.));
#5465=DIRECTION('',(0.707106781186548,-0.707106781186547,0.));
#5466=DIRECTION('',(-0.707106781186548,0.707106781186547,0.));
#5467=DIRECTION('',(0.,0.,-1.));
#5468=DIRECTION('center_axis',(0.,-1.,0.));
#5469=DIRECTION('ref_axis',(0.707106781186548,0.,-0.707106781186548));
#5470=DIRECTION('center_axis',(0.,1.,0.));
#5471=DIRECTION('ref_axis',(0.707106781186548,0.,-0.707106781186548));
#5472=DIRECTION('',(0.,-0.707106781186549,-0.707106781186546));
#5473=DIRECTION('center_axis',(0.,-0.707106781186548,0.707106781186547));
#5474=DIRECTION('ref_axis',(1.,0.,0.));
#5475=DIRECTION('',(0.,-0.707106781186547,-0.707106781186548));
#5476=DIRECTION('',(-1.,0.,0.));
#5477=DIRECTION('center_axis',(0.,-1.,0.));
#5478=DIRECTION('ref_axis',(-0.707106781186548,0.,-0.707106781186548));
#5479=DIRECTION('center_axis',(0.,1.,0.));
#5480=DIRECTION('ref_axis',(-0.707106781186548,0.,-0.707106781186548));
#5481=DIRECTION('',(-0.707106781186546,-0.707106781186549,0.));
#5482=DIRECTION('center_axis',(0.707106781186549,-0.707106781186546,0.));
#5483=DIRECTION('ref_axis',(0.,0.,-1.));
#5484=DIRECTION('',(-0.707106781186546,-0.707106781186549,0.));
#5485=DIRECTION('',(0.,0.,1.));
#5486=DIRECTION('center_axis',(0.,-1.,0.));
#5487=DIRECTION('ref_axis',(-0.707106781186548,0.,0.707106781186548));
#5488=DIRECTION('center_axis',(0.,1.,0.));
#5489=DIRECTION('ref_axis',(-0.707106781186548,0.,0.707106781186548));
#5490=DIRECTION('',(0.,-0.707106781186549,0.707106781186546));
#5491=DIRECTION('center_axis',(0.,-0.707106781186548,-0.707106781186547));
#5492=DIRECTION('ref_axis',(-1.,0.,0.));
#5493=DIRECTION('',(0.,-0.707106781186547,0.707106781186548));
#5494=DIRECTION('',(1.,0.,0.));
#5495=DIRECTION('center_axis',(0.,-1.,0.));
#5496=DIRECTION('ref_axis',(0.70710678118655,0.,0.707106781186545));
#5497=DIRECTION('center_axis',(0.,1.,0.));
#5498=DIRECTION('ref_axis',(0.70710678118655,0.,0.707106781186545));
#5499=DIRECTION('center_axis',(0.,1.,0.));
#5500=DIRECTION('ref_axis',(-0.707106781186548,0.,-0.707106781186548));
#5501=DIRECTION('',(0.,1.,0.));
#5502=DIRECTION('center_axis',(0.,-1.,0.));
#5503=DIRECTION('ref_axis',(-0.707106781186548,0.,-0.707106781186548));
#5504=DIRECTION('',(0.,-1.,0.));
#5505=DIRECTION('center_axis',(0.,0.,-1.));
#5506=DIRECTION('ref_axis',(-1.,0.,0.));
#5507=DIRECTION('',(0.,-1.,0.));
#5508=DIRECTION('',(1.,0.,0.));
#5509=DIRECTION('center_axis',(0.,1.,0.));
#5510=DIRECTION('ref_axis',(0.707106781186548,0.,-0.707106781186548));
#5511=DIRECTION('',(0.,1.,0.));
#5512=DIRECTION('center_axis',(0.,-1.,0.));
#5513=DIRECTION('ref_axis',(0.707106781186548,0.,-0.707106781186548));
#5514=DIRECTION('center_axis',(1.,0.,0.));
#5515=DIRECTION('ref_axis',(0.,0.,-1.));
#5516=DIRECTION('',(0.,-1.,0.));
#5517=DIRECTION('',(0.,0.,1.));
#5518=DIRECTION('center_axis',(0.,-1.,0.));
#5519=DIRECTION('ref_axis',(0.707106781186549,0.,-0.707106781186546));
#5520=DIRECTION('',(-0.707106781186546,0.707106781186549,0.));
#5521=DIRECTION('center_axis',(0.,1.,0.));
#5522=DIRECTION('ref_axis',(0.707106781186549,0.,-0.707106781186546));
#5523=DIRECTION('',(0.,-0.707106781186549,-0.707106781186546));
#5524=DIRECTION('center_axis',(-0.707106781186547,-0.707106781186548,0.));
#5525=DIRECTION('ref_axis',(0.,0.,1.));
#5526=DIRECTION('',(-0.707106781186548,0.707106781186547,0.));
#5527=DIRECTION('',(0.,0.,-1.));
#5528=DIRECTION('center_axis',(0.,-1.,0.));
#5529=DIRECTION('ref_axis',(0.707106781186549,0.,0.707106781186546));
#5530=DIRECTION('',(0.,0.707106781186547,-0.707106781186548));
#5531=DIRECTION('center_axis',(0.,1.,0.));
#5532=DIRECTION('ref_axis',(0.707106781186549,0.,0.707106781186546));
#5533=DIRECTION('center_axis',(0.,-0.707106781186548,-0.707106781186547));
#5534=DIRECTION('ref_axis',(-1.,0.,0.));
#5535=DIRECTION('',(0.,0.707106781186547,-0.707106781186548));
#5536=DIRECTION('',(1.,0.,0.));
#5537=DIRECTION('center_axis',(0.,-1.,0.));
#5538=DIRECTION('ref_axis',(-0.707106781186549,0.,0.707106781186546));
#5539=DIRECTION('',(0.707106781186548,0.707106781186547,0.));
#5540=DIRECTION('center_axis',(0.,1.,0.));
#5541=DIRECTION('ref_axis',(-0.707106781186549,0.,0.707106781186546));
#5542=DIRECTION('center_axis',(0.707106781186547,-0.707106781186548,0.));
#5543=DIRECTION('ref_axis',(0.,0.,-1.));
#5544=DIRECTION('',(0.707106781186548,0.707106781186547,0.));
#5545=DIRECTION('',(0.,0.,1.));
#5546=DIRECTION('center_axis',(0.,-1.,0.));
#5547=DIRECTION('ref_axis',(-0.707106781186551,0.,-0.707106781186544));
#5548=DIRECTION('',(0.,0.707106781186549,0.707106781186546));
#5549=DIRECTION('center_axis',(0.,1.,0.));
#5550=DIRECTION('ref_axis',(-0.707106781186551,0.,-0.707106781186544));
#5551=DIRECTION('center_axis',(0.,-0.707106781186546,0.707106781186549));
#5552=DIRECTION('ref_axis',(1.,0.,0.));
#5553=DIRECTION('',(-1.,0.,0.));
#5554=DIRECTION('center_axis',(-1.,0.,0.));
#5555=DIRECTION('ref_axis',(0.,0.,1.));
#5556=DIRECTION('',(0.,-1.,0.));
#5557=DIRECTION('',(0.,0.,-1.));
#5558=DIRECTION('',(0.,1.,0.));
#5559=DIRECTION('center_axis',(0.,1.,0.));
#5560=DIRECTION('ref_axis',(-0.707106781186551,0.,-0.707106781186544));
#5561=DIRECTION('',(0.,1.,0.));
#5562=DIRECTION('center_axis',(0.,-1.,0.));
#5563=DIRECTION('ref_axis',(-0.707106781186551,0.,-0.707106781186544));
#5564=DIRECTION('center_axis',(0.,0.,-1.));
#5565=DIRECTION('ref_axis',(-1.,0.,0.));
#5566=DIRECTION('',(0.,-1.,0.));
#5567=DIRECTION('',(1.,0.,0.));
#5568=DIRECTION('center_axis',(0.,1.,0.));
#5569=DIRECTION('ref_axis',(0.707106781186549,0.,-0.707106781186546));
#5570=DIRECTION('',(0.,1.,0.));
#5571=DIRECTION('center_axis',(0.,-1.,0.));
#5572=DIRECTION('ref_axis',(0.707106781186549,0.,-0.707106781186546));
#5573=DIRECTION('center_axis',(0.,1.,0.));
#5574=DIRECTION('ref_axis',(0.707106781186549,0.,-0.707106781186546));
#5575=DIRECTION('',(0.,0.707106781186549,-0.707106781186546));
#5576=DIRECTION('center_axis',(0.,-1.,0.));
#5577=DIRECTION('ref_axis',(0.707106781186549,0.,-0.707106781186546));
#5578=DIRECTION('',(-0.707106781186546,-0.707106781186549,0.));
#5579=DIRECTION('center_axis',(0.,-0.707106781186546,-0.707106781186549));
#5580=DIRECTION('ref_axis',(-1.,0.,0.));
#5581=DIRECTION('',(0.,0.707106781186549,-0.707106781186546));
#5582=DIRECTION('center_axis',(0.,1.,0.));
#5583=DIRECTION('ref_axis',(-0.707106781186548,0.,-0.707106781186547));
#5584=DIRECTION('',(-0.707106781186546,0.707106781186549,0.));
#5585=DIRECTION('center_axis',(-0.707106781186546,-0.707106781186549,-2.26791132920989E-16));
#5586=DIRECTION('ref_axis',(-3.20731096002823E-16,2.2186712959341E-31,1.));
#5587=DIRECTION('',(-0.707106781186548,0.707106781186547,0.));
#5588=DIRECTION('center_axis',(0.,1.,0.));
#5589=DIRECTION('ref_axis',(-0.707106781186547,0.,0.707106781186547));
#5590=DIRECTION('',(0.,0.707106781186555,0.70710678118654));
#5591=DIRECTION('center_axis',(0.,-1.,0.));
#5592=DIRECTION('ref_axis',(-0.707106781186548,0.,0.707106781186548));
#5593=DIRECTION('center_axis',(0.,-0.707106781186546,0.707106781186549));
#5594=DIRECTION('ref_axis',(1.,0.,0.));
#5595=DIRECTION('',(0.,0.707106781186549,0.707106781186546));
#5596=DIRECTION('',(-1.,0.,0.));
#5597=DIRECTION('center_axis',(0.,-1.,0.));
#5598=DIRECTION('ref_axis',(0.707106781186549,0.,-0.707106781186546));
#5599=DIRECTION('',(-0.707106781186546,0.707106781186549,0.));
#5600=DIRECTION('center_axis',(0.,1.,0.));
#5601=DIRECTION('ref_axis',(0.707106781186549,0.,-0.707106781186546));
#5602=DIRECTION('center_axis',(-0.707106781186547,-0.707106781186548,0.));
#5603=DIRECTION('ref_axis',(0.,0.,1.));
#5604=DIRECTION('',(-0.707106781186548,0.707106781186547,0.));
#5605=DIRECTION('',(0.,0.,-1.));
#5606=DIRECTION('center_axis',(0.,-1.,0.));
#5607=DIRECTION('ref_axis',(0.707106781186546,0.,0.707106781186549));
#5608=DIRECTION('',(0.,0.707106781186549,-0.707106781186546));
#5609=DIRECTION('center_axis',(0.,1.,0.));
#5610=DIRECTION('ref_axis',(0.707106781186546,0.,0.707106781186549));
#5611=DIRECTION('center_axis',(0.,-0.707106781186546,-0.707106781186549));
#5612=DIRECTION('ref_axis',(-1.,0.,0.));
#5613=DIRECTION('',(0.,0.707106781186549,-0.707106781186546));
#5614=DIRECTION('',(1.,0.,0.));
#5615=DIRECTION('center_axis',(0.,1.,0.));
#5616=DIRECTION('ref_axis',(-0.420590188539156,0.,-0.907250733427423));
#5617=DIRECTION('',(-0.539636681724679,0.707106781186548,-0.456937907966911));
#5618=DIRECTION('center_axis',(0.,-1.,0.));
#5619=DIRECTION('ref_axis',(-0.420590188539156,0.,-0.907250733427423));
#5620=DIRECTION('center_axis',(0.,-1.,0.));
#5621=DIRECTION('ref_axis',(0.956291342917712,0.,0.292415573218388));
#5622=DIRECTION('',(-0.363803437554498,0.707106781186549,-0.606339062590832));
#5623=DIRECTION('center_axis',(0.,1.,0.));
#5624=DIRECTION('ref_axis',(0.956291342917712,0.,0.292415573218388));
#5625=DIRECTION('center_axis',(-0.363803437554502,-0.707106781186542,-0.606339062590837));
#5626=DIRECTION('ref_axis',(-0.857492925712544,1.94289029309402E-16,0.514495755427526));
#5627=DIRECTION('',(-0.363803437554491,0.707106781186552,-0.606339062590832));
#5628=DIRECTION('center_axis',(0.,1.,0.));
#5629=DIRECTION('ref_axis',(-0.870199906753479,0.,-0.492698814983592));
#5630=DIRECTION('',(-0.707106781186546,0.707106781186549,0.));
#5631=DIRECTION('center_axis',(-0.707106781186549,-0.707106781186546,2.16564477059831E-16));
#5632=DIRECTION('ref_axis',(3.0626842058625E-16,-4.68386162474976E-31,1.));
#5633=DIRECTION('',(-0.707106781186546,0.707106781186549,0.));
#5634=DIRECTION('center_axis',(0.,1.,0.));
#5635=DIRECTION('ref_axis',(-0.870199906753478,0.,0.492698814983594));
#5636=DIRECTION('',(-0.3638034375545,0.707106781186546,0.606339062590833));
#5637=DIRECTION('center_axis',(0.,-1.,0.));
#5638=DIRECTION('ref_axis',(-0.870199906753478,0.,0.492698814983594));
#5639=DIRECTION('center_axis',(-0.363803437554501,-0.707106781186546,0.606339062590834));
#5640=DIRECTION('ref_axis',(0.857492925712544,-1.11022302462516E-16,0.514495755427527));
#5641=DIRECTION('',(-0.363803437554498,0.707106781186549,0.606339062590832));
#5642=DIRECTION('',(-0.857492925712544,0.,-0.514495755427527));
#5643=DIRECTION('center_axis',(0.,1.,0.));
#5644=DIRECTION('ref_axis',(-0.266933581895812,0.,0.963714928210761));
#5645=DIRECTION('',(0.,0.707106781186546,0.707106781186549));
#5646=DIRECTION('center_axis',(0.,-1.,0.));
#5647=DIRECTION('ref_axis',(-0.266933581895812,0.,0.963714928210761));
#5648=DIRECTION('center_axis',(0.,-0.707106781186546,0.707106781186549));
#5649=DIRECTION('ref_axis',(1.,0.,0.));
#5650=DIRECTION('',(0.,0.707106781186549,0.707106781186546));
#5651=DIRECTION('center_axis',(0.,1.,0.));
#5652=DIRECTION('ref_axis',(0.707106781186548,0.,0.707106781186548));
#5653=DIRECTION('',(0.707106781186548,0.707106781186547,0.));
#5654=DIRECTION('center_axis',(0.,-1.,0.));
#5655=DIRECTION('ref_axis',(0.707106781186548,0.,0.707106781186548));
#5656=DIRECTION('center_axis',(0.707106781186547,-0.707106781186548,0.));
#5657=DIRECTION('ref_axis',(0.,0.,-1.));
#5658=DIRECTION('',(0.,0.,1.));
#5659=DIRECTION('center_axis',(0.,-1.,0.));
#5660=DIRECTION('ref_axis',(0.956291342917712,0.,0.292415573218388));
#5661=DIRECTION('center_axis',(0.,-1.,0.));
#5662=DIRECTION('ref_axis',(0.956291342917712,0.,0.292415573218388));
#5663=DIRECTION('',(0.,1.,0.));
#5664=DIRECTION('center_axis',(0.,1.,0.));
#5665=DIRECTION('ref_axis',(-0.870199906753478,0.,0.492698814983594));
#5666=DIRECTION('',(0.,1.,0.));
#5667=DIRECTION('center_axis',(0.,1.,0.));
#5668=DIRECTION('ref_axis',(-0.870199906753478,0.,0.492698814983594));
#5669=DIRECTION('center_axis',(-0.514495755427527,0.,0.857492925712544));
#5670=DIRECTION('ref_axis',(0.857492925712544,0.,0.514495755427527));
#5671=DIRECTION('',(0.,-1.,0.));
#5672=DIRECTION('',(0.857492925712544,0.,0.514495755427527));
#5673=DIRECTION('center_axis',(0.,1.,0.));
#5674=DIRECTION('ref_axis',(-0.266933581895812,0.,0.963714928210761));
#5675=DIRECTION('center_axis',(0.,-0.707106781186546,-0.707106781186549));
#5676=DIRECTION('ref_axis',(0.,-0.707106781186549,0.707106781186546));
#5677=DIRECTION('center_axis',(0.3638034375545,-0.707106781186547,-0.606339062590833));
#5678=DIRECTION('ref_axis',(-0.363803437554499,-0.707106781186548,0.606339062590832));
#5679=DIRECTION('center_axis',(0.,1.,0.));
#5680=DIRECTION('ref_axis',(0.707106781186548,0.,0.707106781186548));
#5681=DIRECTION('',(0.,1.,0.));
#5682=DIRECTION('center_axis',(1.,0.,0.));
#5683=DIRECTION('ref_axis',(0.,-1.,0.));
#5684=DIRECTION('',(0.,-1.,0.));
#5685=DIRECTION('center_axis',(0.,1.,0.));
#5686=DIRECTION('ref_axis',(0.707106781186549,0.,-0.707106781186546));
#5687=DIRECTION('center_axis',(-0.3638034375545,0.707106781186547,0.606339062590833));
#5688=DIRECTION('ref_axis',(0.857492925712544,-1.94289029309402E-16,0.514495755427527));
#5689=DIRECTION('',(-0.192205425609649,-0.693922572902128,0.693922572902125));
#5690=DIRECTION('',(-0.857492925712544,0.,-0.514495755427527));
#5691=DIRECTION('',(0.363803437554501,0.707106781186546,-0.606339062590833));
#5692=DIRECTION('center_axis',(0.,0.707106781186546,0.707106781186549));
#5693=DIRECTION('ref_axis',(1.,0.,0.));
#5694=DIRECTION('center_axis',(0.,0.707106781186546,0.707106781186549));
#5695=DIRECTION('ref_axis',(0.,-0.707106781186549,0.707106781186546));
#5696=DIRECTION('',(-1.,0.,0.));
#5697=DIRECTION('center_axis',(0.,0.,-1.));
#5698=DIRECTION('ref_axis',(0.,1.,0.));
#5699=DIRECTION('',(0.,0.,-1.));
#5700=DIRECTION('',(0.,0.,-1.));
#5701=DIRECTION('center_axis',(-5.28677630773885E-16,1.,0.));
#5702=DIRECTION('ref_axis',(1.,5.28677630773885E-16,0.));
#5703=DIRECTION('center_axis',(0.,-1.,0.));
#5704=DIRECTION('ref_axis',(-1.,0.,0.));
#5705=DIRECTION('center_axis',(0.707106781914413,0.707106780458682,0.));
#5706=DIRECTION('ref_axis',(0.707106780458682,-0.707106781914413,0.));
#5707=DIRECTION('',(0.,0.,-1.));
#5708=DIRECTION('center_axis',(0.,0.,-1.));
#5709=DIRECTION('ref_axis',(0.707106781914411,0.707106780458684,0.));
#5710=DIRECTION('',(0.,0.,-1.));
#5711=DIRECTION('center_axis',(-1.,4.19429206003679E-15,0.));
#5712=DIRECTION('ref_axis',(4.19429206003679E-15,1.,0.));
#5713=DIRECTION('center_axis',(0.,1.,0.));
#5714=DIRECTION('ref_axis',(-0.707106781186546,0.,-0.707106781186549));
#5715=DIRECTION('center_axis',(0.,1.,0.));
#5716=DIRECTION('ref_axis',(-0.707106781186546,0.,-0.707106781186549));
#5717=DIRECTION('',(0.707106781186546,-0.707106781186549,0.));
#5718=DIRECTION('center_axis',(0.,-1.,0.));
#5719=DIRECTION('ref_axis',(-0.707106781186546,0.,-0.707106781186549));
#5720=DIRECTION('center_axis',(0.707106781186549,0.707106781186546,0.));
#5721=DIRECTION('ref_axis',(0.,0.,-1.));
#5722=DIRECTION('',(0.,0.,1.));
#5723=DIRECTION('',(0.707106781186546,-0.707106781186549,0.));
#5724=DIRECTION('',(0.,0.,-1.));
#5725=DIRECTION('center_axis',(0.,1.,0.));
#5726=DIRECTION('ref_axis',(-0.707106781186546,0.,0.707106781186549));
#5727=DIRECTION('',(0.,-0.707106781186549,-0.707106781186546));
#5728=DIRECTION('center_axis',(0.,-1.,0.));
#5729=DIRECTION('ref_axis',(-0.707106781186546,0.,0.707106781186549));
#5730=DIRECTION('center_axis',(0.,1.,0.));
#5731=DIRECTION('ref_axis',(-0.707106781186546,0.,0.707106781186549));
#5732=DIRECTION('center_axis',(0.,0.707106781186548,-0.707106781186547));
#5733=DIRECTION('ref_axis',(-1.,0.,0.));
#5734=DIRECTION('',(1.,0.,0.));
#5735=DIRECTION('',(0.,-0.707106781186547,-0.707106781186548));
#5736=DIRECTION('',(-1.,0.,0.));
#5737=DIRECTION('center_axis',(0.,1.,0.));
#5738=DIRECTION('ref_axis',(0.707106781186546,0.,0.707106781186549));
#5739=DIRECTION('',(-0.707106781186546,-0.707106781186549,0.));
#5740=DIRECTION('center_axis',(0.,-1.,0.));
#5741=DIRECTION('ref_axis',(0.707106781186546,0.,0.707106781186549));
#5742=DIRECTION('center_axis',(0.,1.,0.));
#5743=DIRECTION('ref_axis',(0.707106781186546,0.,0.707106781186549));
#5744=DIRECTION('center_axis',(-0.707106781186549,0.707106781186546,0.));
#5745=DIRECTION('ref_axis',(0.,0.,1.));
#5746=DIRECTION('',(0.707106781186546,0.707106781186549,0.));
#5747=DIRECTION('',(0.,0.,1.));
#5748=DIRECTION('',(0.,0.,-1.));
#5749=DIRECTION('center_axis',(0.,1.,0.));
#5750=DIRECTION('ref_axis',(0.,0.,1.));
#5751=DIRECTION('',(-3.0626842058625E-16,0.,-1.));
#5752=DIRECTION('center_axis',(0.,-1.,0.));
#5753=DIRECTION('ref_axis',(-0.870199906753478,0.,0.492698814983594));
#5754=DIRECTION('',(0.,0.,-1.));
#5755=DIRECTION('center_axis',(0.,1.,0.));
#5756=DIRECTION('ref_axis',(-0.707106781186548,0.,0.707106781186548));
#5757=DIRECTION('',(4.40976435014665E-16,0.,1.));
#5758=DIRECTION('',(1.,0.,0.));
#5759=DIRECTION('center_axis',(0.,1.,0.));
#5760=DIRECTION('ref_axis',(-0.381885467137657,0.,0.924209656944274));
#5761=DIRECTION('',(0.708326979978107,0.,0.705884473150596));
#5762=DIRECTION('center_axis',(0.,-1.,0.));
#5763=DIRECTION('ref_axis',(0.708326979978107,0.,0.705884473150596));
#5764=DIRECTION('',(-4.82705662880503E-16,0.,-1.));
#5765=DIRECTION('center_axis',(0.,-1.,0.));
#5766=DIRECTION('ref_axis',(1.,0.,-4.9065389333868E-17));
#5767=DIRECTION('',(1.,0.,0.));
#5768=DIRECTION('center_axis',(-0.707106781186549,0.707106781186546,2.16564477059831E-16));
#5769=DIRECTION('ref_axis',(3.0626842058625E-16,4.68386162474976E-31,1.));
#5770=DIRECTION('',(0.707106781186546,0.707106781186549,0.));
#5771=DIRECTION('center_axis',(0.,-1.,0.));
#5772=DIRECTION('ref_axis',(-0.870199906753478,0.,0.492698814983594));
#5773=DIRECTION('center_axis',(0.49913569769908,0.707106781186548,-0.500862810839907));
#5774=DIRECTION('ref_axis',(-0.708326979978107,3.33066907387547E-16,-0.705884473150596));
#5775=DIRECTION('center_axis',(0.49913569769908,0.707106781186548,-0.500862810839907));
#5776=DIRECTION('ref_axis',(0.856856448694811,-0.316664091611098,0.406842573256825));
#5777=DIRECTION('',(0.49913569769908,-0.707106781186548,-0.500862810839906));
#5778=DIRECTION('',(-0.708326979978107,0.,-0.705884473150596));
#5779=DIRECTION('center_axis',(0.,1.,0.));
#5780=DIRECTION('ref_axis',(-0.381885467137657,0.,0.924209656944274));
#5781=DIRECTION('',(0.,-0.707106781186549,-0.707106781186546));
#5782=DIRECTION('center_axis',(0.,-1.,0.));
#5783=DIRECTION('ref_axis',(-0.381885467137657,0.,0.924209656944275));
#5784=DIRECTION('center_axis',(0.,0.707106781186548,-0.707106781186547));
#5785=DIRECTION('ref_axis',(-1.,0.,0.));
#5786=DIRECTION('',(0.,-0.707106781186547,-0.707106781186548));
#5787=DIRECTION('',(-1.,0.,0.));
#5788=DIRECTION('center_axis',(0.707106781186547,0.707106781186548,-3.11817427542338E-16));
#5789=DIRECTION('ref_axis',(-4.40976435014665E-16,3.20474742746036E-31,
-1.));
#5790=DIRECTION('',(-0.707106781186549,0.707106781186546,0.));
#5791=DIRECTION('',(0.707106781186549,-0.707106781186546,0.));
#5792=DIRECTION('',(-4.40976435014665E-16,0.,-1.));
#5793=DIRECTION('center_axis',(0.,1.,0.));
#5794=DIRECTION('ref_axis',(-0.707106781186547,0.,0.707106781186547));
#5795=DIRECTION('',(5.02429586778809E-14,-0.707106781186549,-0.707106781186546));
#5796=DIRECTION('center_axis',(0.,-1.,0.));
#5797=DIRECTION('ref_axis',(-0.707106781186548,0.,0.707106781186548));
#5798=DIRECTION('center_axis',(0.,0.707106781186546,-0.707106781186549));
#5799=DIRECTION('ref_axis',(-1.,0.,0.));
#5800=DIRECTION('center_axis',(0.,0.707106781186546,-0.707106781186549));
#5801=DIRECTION('ref_axis',(0.,-0.707106781186549,-0.707106781186546));
#5802=DIRECTION('',(-1.,0.,0.));
#5803=DIRECTION('center_axis',(0.,-1.,0.));
#5804=DIRECTION('ref_axis',(0.707106781186545,0.,-0.70710678118655));
#5805=DIRECTION('center_axis',(0.,1.,0.));
#5806=DIRECTION('ref_axis',(0.707106781186545,0.,-0.70710678118655));
#5807=DIRECTION('center_axis',(0.705884473150596,0.,-0.708326979978107));
#5808=DIRECTION('ref_axis',(-0.708326979978107,0.,-0.705884473150596));
#5809=DIRECTION('',(-0.578013888431642,0.578013888431642,-0.576020737092222));
#5810=DIRECTION('',(0.,1.,0.));
#5811=DIRECTION('',(0.708326979978107,0.,0.705884473150596));
#5812=DIRECTION('',(0.,-1.,0.));
#5813=DIRECTION('center_axis',(0.,-1.,0.));
#5814=DIRECTION('ref_axis',(-0.381885467137657,0.,0.924209656944275));
#5815=DIRECTION('',(0.,-1.,0.));
#5816=DIRECTION('center_axis',(0.,1.,0.));
#5817=DIRECTION('ref_axis',(-0.381885467137657,0.,0.924209656944275));
#5818=DIRECTION('center_axis',(0.,0.,-1.));
#5819=DIRECTION('ref_axis',(-1.,0.,0.));
#5820=DIRECTION('',(0.,1.,0.));
#5821=DIRECTION('',(1.,0.,0.));
#5822=DIRECTION('center_axis',(0.,1.,0.));
#5823=DIRECTION('ref_axis',(0.707106781186544,0.,-0.707106781186551));
#5824=DIRECTION('',(0.,-1.,0.));
#5825=DIRECTION('center_axis',(0.,-1.,0.));
#5826=DIRECTION('ref_axis',(0.707106781186544,0.,-0.707106781186551));
#5827=DIRECTION('center_axis',(1.,0.,-4.40976435014665E-16));
#5828=DIRECTION('ref_axis',(-4.40976435014665E-16,0.,-1.));
#5829=DIRECTION('',(0.,1.,0.));
#5830=DIRECTION('',(4.40976435014665E-16,0.,1.));
#5831=DIRECTION('center_axis',(0.,1.,0.));
#5832=DIRECTION('ref_axis',(1.,0.,0.));
#5833=DIRECTION('',(-0.707106781186548,0.707106781186547,8.65956056235494E-17));
#5834=DIRECTION('center_axis',(0.,1.,0.));
#5835=DIRECTION('ref_axis',(1.,0.,0.));
#5836=DIRECTION('center_axis',(0.,1.,0.));
#5837=DIRECTION('ref_axis',(0.,0.,1.));
#5838=DIRECTION('',(3.20731096002823E-16,0.,-1.));
#5839=DIRECTION('center_axis',(0.,-1.,0.));
#5840=DIRECTION('ref_axis',(-0.707106781186548,0.,0.707106781186548));
#5841=DIRECTION('',(-1.,0.,0.));
#5842=DIRECTION('center_axis',(0.,1.,0.));
#5843=DIRECTION('ref_axis',(0.707106781186549,0.,-0.707106781186546));
#5844=DIRECTION('',(0.,0.,-1.));
#5845=DIRECTION('center_axis',(0.,1.,0.));
#5846=DIRECTION('ref_axis',(0.707106781186546,0.,0.707106781186549));
#5847=DIRECTION('',(1.,0.,0.));
#5848=DIRECTION('center_axis',(0.,-1.,0.));
#5849=DIRECTION('ref_axis',(-0.420590188539156,0.,-0.907250733427423));
#5850=DIRECTION('center_axis',(0.,1.,0.));
#5851=DIRECTION('ref_axis',(0.956291342917712,0.,0.292415573218388));
#5852=DIRECTION('',(0.857492925712545,0.,-0.514495755427526));
#5853=DIRECTION('center_axis',(0.,-1.,0.));
#5854=DIRECTION('ref_axis',(0.121326131396469,0.,-0.992612698810753));
#5855=DIRECTION('center_axis',(0.,1.,0.));
#5856=DIRECTION('ref_axis',(-0.707106781186548,0.,0.707106781186548));
#5857=DIRECTION('',(1.,0.,0.));
#5858=DIRECTION('',(0.,0.,-1.));
#5859=DIRECTION('center_axis',(0.,1.,0.));
#5860=DIRECTION('ref_axis',(0.707106781186547,0.,-0.707106781186547));
#5861=DIRECTION('',(0.,0.,-1.));
#5862=DIRECTION('center_axis',(0.,1.,0.));
#5863=DIRECTION('ref_axis',(0.70710678118655,0.,0.707106781186545));
#5864=DIRECTION('',(1.,0.,0.));
#5865=DIRECTION('center_axis',(0.,1.,0.));
#5866=DIRECTION('ref_axis',(-0.707106781186547,0.,0.707106781186547));
#5867=DIRECTION('',(0.,0.,1.));
#5868=DIRECTION('center_axis',(0.,1.,0.));
#5869=DIRECTION('ref_axis',(-0.707106781186547,0.,-0.707106781186547));
#5870=DIRECTION('',(-1.,0.,0.));
#5871=DIRECTION('center_axis',(0.,1.,0.));
#5872=DIRECTION('ref_axis',(0.707106781186549,0.,0.707106781186546));
#5873=DIRECTION('',(1.,0.,0.));
#5874=DIRECTION('center_axis',(0.,1.,0.));
#5875=DIRECTION('ref_axis',(-0.707106781186549,0.,0.707106781186546));
#5876=DIRECTION('',(0.,0.,1.));
#5877=DIRECTION('center_axis',(0.,1.,0.));
#5878=DIRECTION('ref_axis',(-0.707106781186551,0.,-0.707106781186544));
#5879=DIRECTION('',(-1.,0.,0.));
#5880=DIRECTION('center_axis',(0.,1.,0.));
#5881=DIRECTION('ref_axis',(0.707106781186549,0.,-0.707106781186546));
#5882=DIRECTION('',(0.,0.,-1.));
#5883=DIRECTION('center_axis',(0.,1.,0.));
#5884=DIRECTION('ref_axis',(0.707106781186548,0.,-0.707106781186548));
#5885=DIRECTION('',(0.,-0.707106781186549,0.707106781186546));
#5886=DIRECTION('',(0.707106781186546,0.707106781186549,0.));
#5887=DIRECTION('center_axis',(0.,0.707106781186549,0.707106781186546));
#5888=DIRECTION('ref_axis',(1.,0.,0.));
#5889=DIRECTION('',(0.,-0.707106781186546,0.707106781186549));
#5890=DIRECTION('center_axis',(0.,1.,0.));
#5891=DIRECTION('ref_axis',(-0.707106781186548,0.,-0.707106781186548));
#5892=DIRECTION('',(0.707106781186546,-0.707106781186549,0.));
#5893=DIRECTION('center_axis',(0.707106781186549,0.707106781186546,0.));
#5894=DIRECTION('ref_axis',(0.,0.,-1.));
#5895=DIRECTION('',(0.707106781186546,-0.707106781186549,0.));
#5896=DIRECTION('',(0.,0.,-1.));
#5897=DIRECTION('center_axis',(0.,1.,0.));
#5898=DIRECTION('ref_axis',(-0.707106781186548,0.,0.707106781186548));
#5899=DIRECTION('',(0.,-0.707106781186549,-0.707106781186546));
#5900=DIRECTION('center_axis',(0.,-1.,0.));
#5901=DIRECTION('ref_axis',(-0.707106781186548,0.,0.707106781186548));
#5902=DIRECTION('center_axis',(0.,0.707106781186548,-0.707106781186547));
#5903=DIRECTION('ref_axis',(-1.,0.,0.));
#5904=DIRECTION('',(0.,-0.707106781186547,-0.707106781186548));
#5905=DIRECTION('',(-1.,0.,0.));
#5906=DIRECTION('center_axis',(0.,1.,0.));
#5907=DIRECTION('ref_axis',(0.70710678118655,0.,0.707106781186545));
#5908=DIRECTION('',(-0.707106781186545,-0.70710678118655,0.));
#5909=DIRECTION('center_axis',(0.,-1.,0.));
#5910=DIRECTION('ref_axis',(0.70710678118655,0.,0.707106781186545));
#5911=DIRECTION('center_axis',(-0.707106781186546,0.707106781186549,0.));
#5912=DIRECTION('ref_axis',(0.,0.,1.));
#5913=DIRECTION('center_axis',(0.,0.,1.));
#5914=DIRECTION('ref_axis',(1.,0.,0.));
#5915=DIRECTION('',(0.,-1.,0.));
#5916=DIRECTION('',(0.,1.,0.));
#5917=DIRECTION('center_axis',(0.,1.,0.));
#5918=DIRECTION('ref_axis',(0.70710678118655,0.,0.707106781186545));
#5919=DIRECTION('center_axis',(0.,1.,0.));
#5920=DIRECTION('ref_axis',(0.707106781186549,0.,0.707106781186546));
#5921=DIRECTION('',(-0.707106781186546,-0.707106781186549,0.));
#5922=DIRECTION('center_axis',(0.,-1.,0.));
#5923=DIRECTION('ref_axis',(0.707106781186549,0.,0.707106781186546));
#5924=DIRECTION('',(0.,0.707106781186547,0.707106781186548));
#5925=DIRECTION('center_axis',(-0.707106781186547,0.707106781186548,0.));
#5926=DIRECTION('ref_axis',(0.,0.,1.));
#5927=DIRECTION('',(-0.707106781186548,-0.707106781186547,0.));
#5928=DIRECTION('',(0.,0.,1.));
#5929=DIRECTION('center_axis',(0.,1.,0.));
#5930=DIRECTION('ref_axis',(0.707106781186549,0.,-0.707106781186546));
#5931=DIRECTION('',(0.,-0.707106781186549,0.707106781186546));
#5932=DIRECTION('center_axis',(0.,0.707106781186546,0.707106781186549));
#5933=DIRECTION('ref_axis',(1.,0.,0.));
#5934=DIRECTION('',(0.,-0.707106781186549,0.707106781186546));
#5935=DIRECTION('center_axis',(0.,1.,0.));
#5936=DIRECTION('ref_axis',(-0.707106781186551,0.,-0.707106781186544));
#5937=DIRECTION('',(0.707106781186545,-0.70710678118655,0.));
#5938=DIRECTION('center_axis',(0.70710678118655,0.707106781186545,0.));
#5939=DIRECTION('ref_axis',(0.,0.,-1.));
#5940=DIRECTION('',(0.707106781186545,-0.70710678118655,0.));
#5941=DIRECTION('center_axis',(0.,1.,0.));
#5942=DIRECTION('ref_axis',(-0.707106781186549,0.,0.707106781186546));
#5943=DIRECTION('',(0.,-0.707106781186547,-0.707106781186548));
#5944=DIRECTION('center_axis',(0.,-1.,0.));
#5945=DIRECTION('ref_axis',(-0.707106781186549,0.,0.707106781186546));
#5946=DIRECTION('center_axis',(0.,0.707106781186548,-0.707106781186547));
#5947=DIRECTION('ref_axis',(-1.,0.,0.));
#5948=DIRECTION('',(-1.,0.,0.));
#5949=DIRECTION('center_axis',(0.,1.,0.));
#5950=DIRECTION('ref_axis',(-0.707106781186549,0.,0.707106781186546));
#5951=DIRECTION('',(0.,-1.,0.));
#5952=DIRECTION('center_axis',(0.,0.,1.));
#5953=DIRECTION('ref_axis',(1.,0.,0.));
#5954=DIRECTION('',(0.,1.,0.));
#5955=DIRECTION('center_axis',(0.,1.,0.));
#5956=DIRECTION('ref_axis',(0.707106781186549,0.,0.707106781186546));
#5957=DIRECTION('',(0.,-1.,0.));
#5958=DIRECTION('center_axis',(-0.363803437554501,0.707106781186543,-0.606339062590837));
#5959=DIRECTION('ref_axis',(-0.857492925712545,0.,0.514495755427525));
#5960=DIRECTION('center_axis',(-0.363803437554501,0.707106781186543,-0.606339062590837));
#5961=DIRECTION('ref_axis',(-0.363803437554497,-0.707106781186552,-0.606339062590829));
#5962=DIRECTION('',(-0.363803437554497,-0.707106781186552,-0.606339062590828));
#5963=DIRECTION('center_axis',(0.,1.,0.));
#5964=DIRECTION('ref_axis',(0.956291342917712,0.,0.292415573218388));
#5965=DIRECTION('',(-0.539636681724678,-0.707106781186551,-0.456937907966907));
#5966=DIRECTION('center_axis',(0.,-1.,0.));
#5967=DIRECTION('ref_axis',(-0.420590188539156,0.,-0.907250733427423));
#5968=DIRECTION('',(0.,-0.707106781186549,-0.707106781186546));
#5969=DIRECTION('center_axis',(0.,1.,0.));
#5970=DIRECTION('ref_axis',(-0.420590188539156,0.,-0.907250733427423));
#5971=DIRECTION('center_axis',(0.,0.707106781186546,-0.707106781186549));
#5972=DIRECTION('ref_axis',(-1.,0.,0.));
#5973=DIRECTION('',(0.,-0.707106781186549,-0.707106781186546));
#5974=DIRECTION('',(-1.,0.,0.));
#5975=DIRECTION('center_axis',(0.,1.,0.));
#5976=DIRECTION('ref_axis',(0.707106781186546,0.,0.707106781186549));
#5977=DIRECTION('',(-0.707106781186548,-0.707106781186547,0.));
#5978=DIRECTION('center_axis',(0.,-1.,0.));
#5979=DIRECTION('ref_axis',(0.707106781186546,0.,0.707106781186549));
#5980=DIRECTION('center_axis',(-0.707106781186547,0.707106781186548,0.));
#5981=DIRECTION('ref_axis',(0.,0.,1.));
#5982=DIRECTION('',(-0.707106781186548,-0.707106781186547,0.));
#5983=DIRECTION('',(0.,0.,1.));
#5984=DIRECTION('center_axis',(0.,1.,0.));
#5985=DIRECTION('ref_axis',(0.707106781186549,0.,-0.707106781186546));
#5986=DIRECTION('',(0.,-0.707106781186549,0.707106781186546));
#5987=DIRECTION('center_axis',(0.,-1.,0.));
#5988=DIRECTION('ref_axis',(0.707106781186549,0.,-0.707106781186546));
#5989=DIRECTION('center_axis',(0.,0.707106781186546,0.707106781186549));
#5990=DIRECTION('ref_axis',(1.,0.,0.));
#5991=DIRECTION('',(0.,-0.707106781186549,0.707106781186546));
#5992=DIRECTION('',(1.,0.,0.));
#5993=DIRECTION('center_axis',(0.,-1.,0.));
#5994=DIRECTION('ref_axis',(-0.707106781186547,0.,0.707106781186547));
#5995=DIRECTION('',(-0.707106781186548,-0.707106781186547,0.));
#5996=DIRECTION('center_axis',(0.,1.,0.));
#5997=DIRECTION('ref_axis',(-0.707106781186548,0.,0.707106781186548));
#5998=DIRECTION('center_axis',(-0.707106781186547,0.707106781186548,-2.2679113292099E-16));
#5999=DIRECTION('ref_axis',(-3.20731096002823E-16,4.19082355898663E-31,
1.));
#6000=DIRECTION('center_axis',(0.,-1.,0.));
#6001=DIRECTION('ref_axis',(-0.420590188539156,0.,-0.907250733427423));
#6002=DIRECTION('',(0.,-1.,0.));
#6003=DIRECTION('center_axis',(1.,0.,0.));
#6004=DIRECTION('ref_axis',(0.,0.,-1.));
#6005=DIRECTION('center_axis',(-1.,0.,0.));
#6006=DIRECTION('ref_axis',(0.,0.,-1.));
#6007=DIRECTION('',(-0.707106781186546,8.65956056235495E-17,-0.707106781186549));
#6008=DIRECTION('center_axis',(-1.,0.,0.));
#6009=DIRECTION('ref_axis',(0.,0.,1.));
#6010=DIRECTION('center_axis',(-1.,0.,0.));
#6011=DIRECTION('ref_axis',(0.,0.,-1.));
#6012=DIRECTION('center_axis',(-1.,0.,0.));
#6013=DIRECTION('ref_axis',(0.,0.,1.));
#6014=DIRECTION('center_axis',(-1.,0.,0.));
#6015=DIRECTION('ref_axis',(0.,0.,-1.));
#6016=DIRECTION('center_axis',(-1.,0.,0.));
#6017=DIRECTION('ref_axis',(0.,0.,-1.));
#6018=DIRECTION('',(0.,0.,-1.));
#6019=DIRECTION('center_axis',(-1.,0.,0.));
#6020=DIRECTION('ref_axis',(0.,0.,-1.));
#6021=DIRECTION('',(0.,1.,0.));
#6022=DIRECTION('center_axis',(-1.,0.,0.));
#6023=DIRECTION('ref_axis',(0.,0.,-1.));
#6024=DIRECTION('center_axis',(1.,0.,-4.82705662880503E-16));
#6025=DIRECTION('ref_axis',(0.,0.,-1.));
#6026=DIRECTION('center_axis',(1.,0.,-4.82705662880503E-16));
#6027=DIRECTION('ref_axis',(3.79535614878485E-16,0.617886671965005,0.786267168720665));
#6028=DIRECTION('center_axis',(-2.54747012053829E-16,0.973319103521872,
-0.229455709711872));
#6029=DIRECTION('ref_axis',(2.46519032881566E-32,0.229455709711872,0.973319103521872));
#6030=DIRECTION('center_axis',(1.10759570458184E-16,-0.973319103521873,
0.229455709711868));
#6031=DIRECTION('ref_axis',(0.707106781186546,0.162249688319234,0.68824053835873));
#6032=DIRECTION('',(1.10759570458184E-16,-0.973319103521873,0.229455709711868));
#6033=DIRECTION('center_axis',(0.,0.993307380301252,-0.115500858174578));
#6034=DIRECTION('ref_axis',(-9.58950194904841E-16,-0.115500858174578,-0.993307380301252));
#6035=DIRECTION('center_axis',(0.,-1.,0.));
#6036=DIRECTION('ref_axis',(0.707106781186547,0.,0.707106781186548));
#6037=DIRECTION('',(0.,-1.,0.));
#6038=DIRECTION('center_axis',(-0.382683432365105,0.923879532511281,-2.0514246579479E-15));
#6039=DIRECTION('ref_axis',(0.923879532511281,0.382683432365105,4.95257723140418E-15));
#6040=DIRECTION('center_axis',(0.707106781186548,-0.707106781186548,0.));
#6041=DIRECTION('ref_axis',(0.5,0.5,0.707106781186547));
#6042=DIRECTION('',(0.707106781186547,-0.707106781186547,0.));
#6043=DIRECTION('',(-0.707106781186547,0.707106781186547,0.));
#6044=DIRECTION('center_axis',(0.707106781186548,0.707106781186548,-3.41324447539951E-16));
#6045=DIRECTION('ref_axis',(-4.82705662880503E-16,4.93038065763132E-31,
-1.));
#6046=DIRECTION('',(0.578013888431642,-0.578013888431642,0.576020737092222));
#6047=DIRECTION('',(-0.650944554904119,0.65094455490412,0.390566732942471));
#6048=DIRECTION('center_axis',(0.,1.,0.));
#6049=DIRECTION('ref_axis',(0.707106781186546,0.,0.707106781186549));
#6050=DIRECTION('',(0.,-1.,0.));
#6051=DIRECTION('center_axis',(0.,1.,0.));
#6052=DIRECTION('ref_axis',(0.707106781186546,0.,0.707106781186549));
#6053=DIRECTION('',(0.,1.,0.));
#6054=DIRECTION('center_axis',(0.,0.,-1.));
#6055=DIRECTION('ref_axis',(-1.,0.,0.));
#6056=DIRECTION('',(1.,0.,0.));
#6057=DIRECTION('',(0.,-1.,0.));
#6058=DIRECTION('center_axis',(0.,1.,0.));
#6059=DIRECTION('ref_axis',(-0.707106781186546,0.,-0.707106781186549));
#6060=DIRECTION('',(0.,-1.,0.));
#6061=DIRECTION('center_axis',(0.,1.,0.));
#6062=DIRECTION('ref_axis',(-0.707106781186546,0.,-0.707106781186549));
#6063=DIRECTION('center_axis',(0.,1.,0.));
#6064=DIRECTION('ref_axis',(0.,0.,1.));
#6065=DIRECTION('',(0.,0.,1.));
#6066=DIRECTION('center_axis',(0.,1.,0.));
#6067=DIRECTION('ref_axis',(-0.707106781186546,0.,0.707106781186549));
#6068=DIRECTION('',(0.,0.,-1.));
#6069=DIRECTION('',(0.,0.,-1.));
#6070=DIRECTION('center_axis',(1.,0.,0.));
#6071=DIRECTION('ref_axis',(0.,0.,-1.));
#6072=DIRECTION('',(0.,1.,0.));
#6073=DIRECTION('center_axis',(0.,1.,0.));
#6074=DIRECTION('ref_axis',(-0.707106781186546,0.,0.707106781186549));
#6075=DIRECTION('center_axis',(0.,1.,0.));
#6076=DIRECTION('ref_axis',(0.121326131396469,0.,-0.992612698810753));
#6077=DIRECTION('center_axis',(0.,-1.,0.));
#6078=DIRECTION('ref_axis',(-0.514495755427527,0.,-0.857492925712544));
#6079=DIRECTION('center_axis',(0.181514719811908,-0.93112241327002,-0.316328086008527));
#6080=DIRECTION('ref_axis',(0.463419993750876,0.364706802111249,-0.80760810910102));
#6081=DIRECTION('center_axis',(0.650944554904124,-0.650944554904114,-0.390566732942473));
#6082=DIRECTION('ref_axis',(-0.514495755427525,1.38777878078145E-16,-0.857492925712545));
#6083=DIRECTION('center_axis',(-0.578013888431642,0.578013888431642,-0.576020737092222));
#6084=DIRECTION('ref_axis',(0.816026012649928,0.408365957962049,-0.409070643112405));
#6085=DIRECTION('center_axis',(-0.65094455490412,0.65094455490412,0.390566732942471));
#6086=DIRECTION('ref_axis',(0.170753843181354,0.626865466041717,-0.760186038100608));
#6087=DIRECTION('center_axis',(0.,1.,0.));
#6088=DIRECTION('ref_axis',(-0.707106781186548,0.,0.707106781186548));
#6089=DIRECTION('',(0.,1.,0.));
#6090=DIRECTION('center_axis',(0.,1.,0.));
#6091=DIRECTION('ref_axis',(0.707106781186549,0.,-0.707106781186546));
#6092=DIRECTION('',(0.,1.,0.));
#6093=DIRECTION('',(0.,-1.,0.));
#6094=DIRECTION('center_axis',(1.,0.,0.));
#6095=DIRECTION('ref_axis',(0.,0.,-1.));
#6096=DIRECTION('',(0.,-1.,0.));
#6097=DIRECTION('center_axis',(0.,1.,0.));
#6098=DIRECTION('ref_axis',(0.707106781186546,0.,0.707106781186549));
#6099=DIRECTION('',(0.,1.,0.));
#6100=DIRECTION('center_axis',(0.,0.,1.));
#6101=DIRECTION('ref_axis',(1.,0.,0.));
#6102=DIRECTION('center_axis',(0.,1.,0.));
#6103=DIRECTION('ref_axis',(-0.707106781186548,0.,0.707106781186548));
#6104=DIRECTION('',(0.,1.,0.));
#6105=DIRECTION('center_axis',(-1.,0.,0.));
#6106=DIRECTION('ref_axis',(0.,0.,1.));
#6107=DIRECTION('center_axis',(1.,0.,0.));
#6108=DIRECTION('ref_axis',(0.,0.,-1.));
#6109=DIRECTION('center_axis',(0.578013888431642,-0.578013888431642,0.576020737092222));
#6110=DIRECTION('ref_axis',(0.816026012649928,0.408365957962048,-0.409070643112406));
#6111=DIRECTION('center_axis',(-1.,0.,2.24117021275326E-13));
#6112=DIRECTION('ref_axis',(2.24117021275326E-13,0.,1.));
#6113=DIRECTION('center_axis',(-1.,0.,2.24117021275326E-13));
#6114=DIRECTION('ref_axis',(2.24117021275326E-13,0.,1.));
#6115=DIRECTION('center_axis',(-1.,0.,2.24117021275326E-13));
#6116=DIRECTION('ref_axis',(2.24117021275326E-13,0.,1.));
#6117=DIRECTION('center_axis',(1.,0.,-2.22044604925042E-13));
#6118=DIRECTION('ref_axis',(1.43055025355167E-13,-0.764804390168858,0.644262558882977));
#6119=DIRECTION('center_axis',(-1.,0.,2.24117021275326E-13));
#6120=DIRECTION('ref_axis',(2.24117021275326E-13,0.,1.));
#6121=DIRECTION('center_axis',(-1.,0.,2.24117021275326E-13));
#6122=DIRECTION('ref_axis',(2.24117021275326E-13,0.,1.));
#6123=DIRECTION('center_axis',(-1.,0.,2.24117021275326E-13));
#6124=DIRECTION('ref_axis',(2.24117021275326E-13,0.,1.));
#6125=DIRECTION('',(-2.24117021275326E-13,0.,-1.));
#6126=DIRECTION('center_axis',(-1.71683598756341E-13,-0.642787609686539,
-0.766044443118978));
#6127=DIRECTION('ref_axis',(-0.707106781186649,0.541675220419702,-0.454519477671885));
#6128=DIRECTION('center_axis',(0.480408652090606,0.563753510714563,0.671855271731563));
#6129=DIRECTION('ref_axis',(-1.46493928099289E-13,0.766044443118975,-0.642787609686543));
#6130=DIRECTION('center_axis',(0.,0.,-1.));
#6131=DIRECTION('ref_axis',(-1.,0.,0.));
#6132=DIRECTION('center_axis',(1.,0.,0.));
#6133=DIRECTION('ref_axis',(0.,-0.891472868217054,0.453074083603178));
#6134=DIRECTION('center_axis',(-1.,0.,0.));
#6135=DIRECTION('ref_axis',(0.,0.,-1.));
#6136=DIRECTION('',(1.,0.,0.));
#6137=DIRECTION('center_axis',(0.,-0.229455709711868,-0.973319103521873));
#6138=DIRECTION('ref_axis',(0.,0.973319103521873,-0.229455709711868));
#6139=DIRECTION('',(0.,0.973319103521873,-0.229455709711868));
#6140=DIRECTION('',(1.,0.,0.));
#6141=DIRECTION('center_axis',(0.,0.,-1.));
#6142=DIRECTION('ref_axis',(0.,1.,0.));
#6143=DIRECTION('',(0.,1.,0.));
#6144=DIRECTION('',(0.,1.,0.));
#6145=DIRECTION('center_axis',(-1.,0.,0.));
#6146=DIRECTION('ref_axis',(0.,0.,1.));
#6147=DIRECTION('center_axis',(-1.,0.,0.));
#6148=DIRECTION('ref_axis',(0.,0.,-1.));
#6149=DIRECTION('center_axis',(1.,0.,0.));
#6150=DIRECTION('ref_axis',(0.,0.,-1.));
#6151=DIRECTION('',(-0.707106781186546,8.65956056235495E-17,-0.707106781186549));
#6152=DIRECTION('center_axis',(-1.,0.,0.));
#6153=DIRECTION('ref_axis',(0.,0.,1.));
#6154=DIRECTION('center_axis',(-1.,0.,0.));
#6155=DIRECTION('ref_axis',(0.,0.,-1.));
#6156=DIRECTION('center_axis',(-1.,0.,0.));
#6157=DIRECTION('ref_axis',(0.,0.,1.));
#6158=DIRECTION('center_axis',(-1.,0.,0.));
#6159=DIRECTION('ref_axis',(0.,0.,-1.));
#6160=DIRECTION('center_axis',(-1.,0.,0.));
#6161=DIRECTION('ref_axis',(0.,0.,1.));
#6162=DIRECTION('center_axis',(1.,0.,0.));
#6163=DIRECTION('ref_axis',(0.,0.,-1.));
#6164=DIRECTION('',(-0.707106781186546,8.65956056235495E-17,-0.707106781186549));
#6165=DIRECTION('center_axis',(-1.,0.,0.));
#6166=DIRECTION('ref_axis',(0.,0.,1.));
#6167=DIRECTION('center_axis',(1.,0.,0.));
#6168=DIRECTION('ref_axis',(0.,0.,-1.));
#6169=DIRECTION('',(-0.707106781186546,8.65956056235495E-17,-0.707106781186549));
#6170=DIRECTION('center_axis',(-1.,0.,0.));
#6171=DIRECTION('ref_axis',(0.,0.,1.));
#6172=DIRECTION('center_axis',(-1.,0.,0.));
#6173=DIRECTION('ref_axis',(0.,0.,1.));
#6174=DIRECTION('center_axis',(-1.,0.,0.));
#6175=DIRECTION('ref_axis',(0.,0.,1.));
#6176=DIRECTION('center_axis',(-1.,0.,0.));
#6177=DIRECTION('ref_axis',(0.,0.,1.));
#6178=DIRECTION('center_axis',(-1.,0.,0.));
#6179=DIRECTION('ref_axis',(0.,0.,1.));
#6180=DIRECTION('center_axis',(0.,1.,0.));
#6181=DIRECTION('ref_axis',(0.,0.,1.));
#6182=DIRECTION('center_axis',(0.,1.,0.));
#6183=DIRECTION('ref_axis',(-0.707106781186548,0.,0.707106781186548));
#6184=DIRECTION('',(0.,-1.,0.));
#6185=DIRECTION('center_axis',(0.,1.,0.));
#6186=DIRECTION('ref_axis',(-0.707106781186551,0.,0.707106781186544));
#6187=DIRECTION('center_axis',(-0.382683432382544,0.923879532504057,0.));
#6188=DIRECTION('ref_axis',(-0.923879532504057,-0.382683432382544,0.));
#6189=DIRECTION('center_axis',(0.,1.,0.));
#6190=DIRECTION('ref_axis',(-0.707106781186548,0.,0.707106781186548));
#6191=DIRECTION('',(0.,-1.,0.));
#6192=DIRECTION('center_axis',(0.382683432382543,-0.923879532504058,-1.81108530945497E-14));
#6193=DIRECTION('ref_axis',(-0.923879532504057,-0.382683432382543,4.37234671646724E-14));
#6194=DIRECTION('center_axis',(-0.707106781186548,0.707106781186548,0.));
#6195=DIRECTION('ref_axis',(-0.49999999999996,-0.49999999999996,0.707106781186604));
#6196=DIRECTION('center_axis',(0.,1.,0.));
#6197=DIRECTION('ref_axis',(-0.707106781186548,0.,-0.707106781186548));
#6198=DIRECTION('',(0.,1.,0.));
#6199=DIRECTION('',(0.,1.,0.));
#6200=DIRECTION('center_axis',(-1.,0.,0.));
#6201=DIRECTION('ref_axis',(0.,0.,1.));
#6202=DIRECTION('center_axis',(-1.,0.,2.24117021275326E-13));
#6203=DIRECTION('ref_axis',(2.24117021275326E-13,0.,1.));
#6204=DIRECTION('center_axis',(1.,0.,-2.24265050974283E-13));
#6205=DIRECTION('ref_axis',(2.24265050974283E-13,0.,1.));
#6206=DIRECTION('',(-0.707106781186387,-8.65956056235496E-17,0.707106781186708));
#6207=DIRECTION('center_axis',(-1.,0.,2.24117021275326E-13));
#6208=DIRECTION('ref_axis',(2.24117021275326E-13,0.,1.));
#6209=DIRECTION('center_axis',(1.,0.,-2.24265050974283E-13));
#6210=DIRECTION('ref_axis',(2.24265050974283E-13,0.,1.));
#6211=DIRECTION('',(-0.707106781186387,-8.65956056235496E-17,0.707106781186708));
#6212=DIRECTION('center_axis',(-1.,0.,2.24117021275326E-13));
#6213=DIRECTION('ref_axis',(2.24117021275326E-13,0.,1.));
#6214=DIRECTION('center_axis',(-1.,0.,2.24117021275326E-13));
#6215=DIRECTION('ref_axis',(2.24117021275326E-13,0.,1.));
#6216=DIRECTION('center_axis',(-1.,0.,2.24117021275326E-13));
#6217=DIRECTION('ref_axis',(2.24117021275326E-13,0.,1.));
#6218=DIRECTION('center_axis',(0.,0.,-1.));
#6219=DIRECTION('ref_axis',(-1.,0.,0.));
#6220=CARTESIAN_POINT('',(0.,0.,0.));
#6221=CARTESIAN_POINT('Origin',(2.29999999975818,0.250000000000004,-7.7));
#6222=CARTESIAN_POINT('',(-0.950000000241821,0.,-7.7));
#6223=CARTESIAN_POINT('Origin',(2.29999999975818,0.,-7.7));
#6224=CARTESIAN_POINT('',(-0.45000000024182,0.500000000000007,-7.7));
#6225=CARTESIAN_POINT('',(-0.700000000241821,0.250000000000004,-7.7));
#6226=CARTESIAN_POINT('Origin',(2.29999999975818,0.500000000000007,-7.7));
#6227=CARTESIAN_POINT('Origin',(2.29999999975818,126.608248400824,-7.7));
#6228=CARTESIAN_POINT('',(-0.45000000024182,3.59999999999999,-7.7));
#6229=CARTESIAN_POINT('Origin',(2.29999999975818,3.59999999999999,-7.7));
#6230=CARTESIAN_POINT('',(-0.45000000024182,126.608248400824,-7.7));
#6231=CARTESIAN_POINT('Origin',(-1.34999999997128,0.,-3.85000000126032));
#6232=CARTESIAN_POINT('',(11.9999999997582,0.,-50.7));
#6233=CARTESIAN_POINT('',(10.4999999997582,0.,-52.2));
#6234=CARTESIAN_POINT('Origin',(10.4999999997582,0.,-50.7));
#6235=CARTESIAN_POINT('',(11.9999999997582,0.,35.3));
#6236=CARTESIAN_POINT('',(11.9999999997582,0.,16.7249999993698));
#6237=CARTESIAN_POINT('',(10.4999999997582,0.,36.8));
#6238=CARTESIAN_POINT('Origin',(10.4999999997582,0.,35.3));
#6239=CARTESIAN_POINT('',(-17.6460320700457,0.,36.8));
#6240=CARTESIAN_POINT('',(-9.77499999995692,0.,36.8));
#6241=CARTESIAN_POINT('',(-18.417775703187,0.,36.5862393885688));
#6242=CARTESIAN_POINT('Origin',(-17.6460320700457,0.,35.3));
#6243=CARTESIAN_POINT('',(-52.4572478776563,0.,16.1625560838872));
#6244=CARTESIAN_POINT('',(-38.3251050636938,0.,24.6418417722647));
#6245=CARTESIAN_POINT('',(-52.6999999999425,0.,15.7338096210309));
#6246=CARTESIAN_POINT('Origin',(-52.1999999999426,0.,15.7338096210309));
#6247=CARTESIAN_POINT('',(-52.6999999999426,0.,-12.1338096210309));
#6248=CARTESIAN_POINT('',(-52.6999999999426,0.,-8.27500000063015));
#6249=CARTESIAN_POINT('',(-52.4572478776563,0.,-12.5625560838872));
#6250=CARTESIAN_POINT('Origin',(-52.1999999999426,0.,-12.1338096210309));
#6251=CARTESIAN_POINT('',(-18.384547709719,0.,-33.0061761846496));
#6252=CARTESIAN_POINT('',(-18.3324580043143,0.,-33.0374300078924));
#6253=CARTESIAN_POINT('',(-18.0115490717867,0.,-33.3231038933046));
#6254=CARTESIAN_POINT('Origin',(-19.1562913428603,0.,-34.2924155732184));
#6255=CARTESIAN_POINT('',(-17.6299683147622,0.,-33.5));
#6256=CARTESIAN_POINT('Origin',(-17.6299683147622,0.,-33.));
#6257=CARTESIAN_POINT('',(-16.6999999999426,0.,-33.5));
#6258=CARTESIAN_POINT('',(-10.6749999999569,0.,-33.5));
#6259=CARTESIAN_POINT('',(-15.1999999999426,0.,-35.));
#6260=CARTESIAN_POINT('Origin',(-16.6999999999426,0.,-35.));
#6261=CARTESIAN_POINT('',(-15.1999999999426,0.,-43.));
#6262=CARTESIAN_POINT('',(-15.1999999999426,0.,-18.9250000006302));
#6263=CARTESIAN_POINT('',(-16.6999999999426,0.,-44.5));
#6264=CARTESIAN_POINT('Origin',(-16.6999999999426,0.,-43.));
#6265=CARTESIAN_POINT('',(-17.1999999999425,0.,-44.5));
#6266=CARTESIAN_POINT('',(-8.52499999995692,0.,-44.5));
#6267=CARTESIAN_POINT('',(-17.6999999999425,0.,-45.));
#6268=CARTESIAN_POINT('Origin',(-17.1999999999425,0.,-45.));
#6269=CARTESIAN_POINT('',(-17.6999999999425,0.,-50.7));
#6270=CARTESIAN_POINT('',(-17.6999999999425,0.,-28.2750000006302));
#6271=CARTESIAN_POINT('',(-16.1999999999425,0.,-52.2));
#6272=CARTESIAN_POINT('Origin',(-16.1999999999425,0.,-50.7));
#6273=CARTESIAN_POINT('',(-5.77500000010655,0.,-52.2));
#6274=CARTESIAN_POINT('',(-15.1999999999425,0.,3.8));
#6275=CARTESIAN_POINT('Origin',(-19.1999999999425,0.,3.8));
#6276=CARTESIAN_POINT('',(-16.6999999999426,0.,-28.5));
#6277=CARTESIAN_POINT('',(-15.1999999999426,0.,-27.));
#6278=CARTESIAN_POINT('Origin',(-16.6999999999426,0.,-27.));
#6279=CARTESIAN_POINT('',(-18.6999999999425,0.,-28.5));
#6280=CARTESIAN_POINT('',(-8.52499999995692,0.,-28.5));
#6281=CARTESIAN_POINT('',(-20.1999999999425,0.,-27.));
#6282=CARTESIAN_POINT('Origin',(-18.6999999999425,0.,-27.));
#6283=CARTESIAN_POINT('',(-20.1999999999425,0.,-21.4));
#6284=CARTESIAN_POINT('',(-20.1999999999425,0.,-15.9250000006302));
#6285=CARTESIAN_POINT('',(-18.6999999999425,0.,-19.9));
#6286=CARTESIAN_POINT('Origin',(-18.6999999999425,0.,-21.4));
#6287=CARTESIAN_POINT('',(-16.6999999999426,0.,-19.9));
#6288=CARTESIAN_POINT('',(-10.5249999999569,0.,-19.9));
#6289=CARTESIAN_POINT('',(-15.1999999999426,0.,-21.4));
#6290=CARTESIAN_POINT('Origin',(-16.6999999999426,0.,-21.4));
#6291=CARTESIAN_POINT('',(-15.1999999999426,0.,-12.1250000006302));
#6292=CARTESIAN_POINT('',(-15.1999999999425,0.,-13.5));
#6293=CARTESIAN_POINT('',(-15.1999999999425,0.,-7.9));
#6294=CARTESIAN_POINT('',(-15.1999999999425,0.,-5.37500000063016));
#6295=CARTESIAN_POINT('',(-16.6999999999425,0.,-15.));
#6296=CARTESIAN_POINT('Origin',(-16.6999999999425,0.,-13.5));
#6297=CARTESIAN_POINT('',(-18.6999999999425,0.,-15.));
#6298=CARTESIAN_POINT('',(-8.52499999995691,0.,-15.));
#6299=CARTESIAN_POINT('',(-20.1999999999425,0.,-13.5));
#6300=CARTESIAN_POINT('Origin',(-18.6999999999425,0.,-13.5));
#6301=CARTESIAN_POINT('',(-20.1999999999425,0.,-7.9));
#6302=CARTESIAN_POINT('',(-20.1999999999425,0.,-9.17500000063016));
#6303=CARTESIAN_POINT('',(-18.6999999999425,0.,-6.4));
#6304=CARTESIAN_POINT('Origin',(-18.6999999999425,0.,-7.9));
#6305=CARTESIAN_POINT('',(-16.6999999999426,0.,-6.4));
#6306=CARTESIAN_POINT('',(-10.5249999999569,0.,-6.4));
#6307=CARTESIAN_POINT('Origin',(-16.6999999999426,0.,-7.9));
#6308=CARTESIAN_POINT('Origin',(2.29999999975818,3.85,-7.7));
#6309=CARTESIAN_POINT('',(-0.950000000241821,4.1,-7.7));
#6310=CARTESIAN_POINT('Origin',(2.29999999975818,4.1,-7.7));
#6311=CARTESIAN_POINT('',(-0.700000000241821,3.85,-7.7));
#6312=CARTESIAN_POINT('Origin',(-5.50000000024183,4.1,37.3));
#6313=CARTESIAN_POINT('',(-5.50000000024183,4.1,-51.6243648300556));
#6314=CARTESIAN_POINT('',(11.6813338479807,4.09999999999999,-51.6243648300556));
#6315=CARTESIAN_POINT('',(-7.85000000024183,4.1,-51.6243648300556));
#6316=CARTESIAN_POINT('',(-5.50000000024183,4.1,36.8));
#6317=CARTESIAN_POINT('',(-5.50000000024183,4.1,37.3));
#6318=CARTESIAN_POINT('',(10.4999999997582,4.09999999999999,36.8));
#6319=CARTESIAN_POINT('',(-11.8500000000922,4.1,36.8));
#6320=CARTESIAN_POINT('',(11.9999999997582,4.09999999999999,35.3));
#6321=CARTESIAN_POINT('Origin',(10.4999999997582,4.09999999999999,35.3));
#6322=CARTESIAN_POINT('',(11.9999999997582,4.09999999999999,-50.7));
#6323=CARTESIAN_POINT('',(11.9999999997582,4.09999999999999,37.3));
#6324=CARTESIAN_POINT('Origin',(10.4999999997582,4.09999999999999,-50.7));
#6325=CARTESIAN_POINT('Origin',(7.33210678123045,37.7321067812003,-11.7));
#6326=CARTESIAN_POINT('',(-12.6999999999423,56.35,-11.6999999999998));
#6327=CARTESIAN_POINT('',(-16.1999999999425,59.85,-11.6999999999998));
#6328=CARTESIAN_POINT('',(6.6250000000439,37.0250000000138,-11.6999999999998));
#6329=CARTESIAN_POINT('',(-16.1999999999425,60.1,-12.2677177032584));
#6330=CARTESIAN_POINT('Origin',(-16.1999999999425,61.2642135623733,-11.7));
#6331=CARTESIAN_POINT('',(-15.0357864375692,60.1,-12.7));
#6332=CARTESIAN_POINT('Origin',(-15.0357864375692,60.1,-11.7));
#6333=CARTESIAN_POINT('',(-11.6999999999423,56.7642135623731,-12.7));
#6334=CARTESIAN_POINT('',(7.33210678123045,37.7321067812003,-12.7));
#6335=CARTESIAN_POINT('Origin',(-11.6999999999423,56.7642135623731,-11.7));
#6336=CARTESIAN_POINT('Origin',(-11.6999999999423,0.,-11.7));
#6337=CARTESIAN_POINT('',(-11.6999999999426,37.0929056833584,-12.7));
#6338=CARTESIAN_POINT('',(-11.6999999999423,0.,-12.7));
#6339=CARTESIAN_POINT('',(-12.6999999999423,36.6265980252034,-11.6999999999998));
#6340=CARTESIAN_POINT('Origin',(-11.6999999999423,36.6265980252034,-11.7));
#6341=CARTESIAN_POINT('',(-12.6999999999423,0.,-11.6999999999998));
#6342=CARTESIAN_POINT('Origin',(-16.1999999999425,58.1,-12.7));
#6343=CARTESIAN_POINT('',(-16.1999999999425,59.85,36.8000000000001));
#6344=CARTESIAN_POINT('',(-16.1999999999425,59.85,-0.199999999999996));
#6345=CARTESIAN_POINT('',(-16.1999999999425,60.1,36.8));
#6346=CARTESIAN_POINT('',(-16.1999999999425,29.05,36.8));
#6347=CARTESIAN_POINT('',(-16.1999999999425,60.1,-12.7));
#6348=CARTESIAN_POINT('Origin',(-13.5749999999397,57.225,-0.199999999999856));
#6349=CARTESIAN_POINT('',(-12.6999999999381,56.35,7.29406690020913));
#6350=CARTESIAN_POINT('',(-12.6999999999398,56.35,-0.200000000000052));
#6351=CARTESIAN_POINT('',(-12.6999999999363,56.35,15.3059330997908));
#6352=CARTESIAN_POINT('Ctrl Pts',(-12.6999999999274,56.3499999999893,7.2940669001916));
#6353=CARTESIAN_POINT('Ctrl Pts',(-15.1499999999479,58.8000000000107,11.3000000000005));
#6354=CARTESIAN_POINT('Ctrl Pts',(-12.6999999999256,56.3499999999893,15.3059330998084));
#6355=CARTESIAN_POINT('',(-12.6999999999426,56.35,35.1));
#6356=CARTESIAN_POINT('',(-12.6999999999398,56.35,-0.200000000000052));
#6357=CARTESIAN_POINT('',(-15.1999999999426,58.85,35.1));
#6358=CARTESIAN_POINT('',(-0.299999999942542,43.95,35.1));
#6359=CARTESIAN_POINT('',(-15.6999999999426,59.35,35.6));
#6360=CARTESIAN_POINT('Origin',(-15.1999999999426,58.8500000000108,35.6));
#6361=CARTESIAN_POINT('',(-15.6999999999426,59.35,36.8));
#6362=CARTESIAN_POINT('',(-15.6999999999426,59.35,17.45));
#6363=CARTESIAN_POINT('',(-0.424999999936305,44.0750000000048,36.8000000000001));
#6364=CARTESIAN_POINT('Origin',(-12.6999999999426,0.,-12.7));
#6365=CARTESIAN_POINT('',(-12.6999999999497,9.17618353071073,-44.4141300920116));
#6366=CARTESIAN_POINT('',(-12.6999999999484,13.7250164006909,-38.9930421771021));
#6367=CARTESIAN_POINT('',(-12.6999999999426,1.5,-44.2896058413612));
#6368=CARTESIAN_POINT('Origin',(-12.6999999999502,5.3,-46.7));
#6369=CARTESIAN_POINT('',(-12.6999999999426,1.5,8.88960584136122));
#6370=CARTESIAN_POINT('',(-12.6999999999426,1.5,-2.70000000126032));
#6371=CARTESIAN_POINT('',(-12.6999999999297,5.3,6.79999999999148));
#6372=CARTESIAN_POINT('Origin',(-12.6999999999372,5.3,11.3));
#6373=CARTESIAN_POINT('',(-12.6999999999426,1.5,13.7103941586388));
#6374=CARTESIAN_POINT('Origin',(-12.6999999999372,5.3,11.3));
#6375=CARTESIAN_POINT('',(-12.6999999999426,1.5,35.1));
#6376=CARTESIAN_POINT('',(-12.6999999999426,1.5,-2.70000000126032));
#6377=CARTESIAN_POINT('',(-12.6999999999426,1.5,35.1));
#6378=CARTESIAN_POINT('',(-12.6999999999275,54.3,6.79999999998924));
#6379=CARTESIAN_POINT('Origin',(-12.6999999999372,54.3,11.3));
#6380=CARTESIAN_POINT('Origin',(-12.6999999999372,54.3,11.3));
#6381=CARTESIAN_POINT('Origin',(-11.2000000002418,0.,36.3));
#6382=CARTESIAN_POINT('',(-10.6999999995681,60.1,37.1660254033955));
#6383=CARTESIAN_POINT('',(-11.2000000002418,60.1,37.3));
#6384=CARTESIAN_POINT('Origin',(-11.2000000002418,60.1,36.3));
#6385=CARTESIAN_POINT('',(-11.2000000002418,16.6,37.3));
#6386=CARTESIAN_POINT('',(-11.2000000002418,0.,37.3));
#6387=CARTESIAN_POINT('',(-10.2000000002418,16.6,36.3));
#6388=CARTESIAN_POINT('Origin',(-11.2000000002418,16.6,36.3));
#6389=CARTESIAN_POINT('',(-10.2000000002418,59.6,36.3));
#6390=CARTESIAN_POINT('',(-10.2000000002418,0.,36.3));
#6391=CARTESIAN_POINT('Origin',(-11.2000000002418,60.6000000013475,36.3));
#6392=CARTESIAN_POINT('Origin',(-18.1999999999426,0.,37.3));
#6393=CARTESIAN_POINT('',(-6.00000000024183,16.6,37.3));
#6394=CARTESIAN_POINT('',(-6.00000000024183,16.6,37.3));
#6395=CARTESIAN_POINT('',(-15.6999999999425,60.1,37.3));
#6396=CARTESIAN_POINT('',(-16.1999999999425,60.1,37.3));
#6397=CARTESIAN_POINT('',(-15.6999999999425,60.0571067811976,37.3));
#6398=CARTESIAN_POINT('',(-15.6999999999425,29.05,37.3));
#6399=CARTESIAN_POINT('',(-15.1999999999426,59.5571067811976,37.3));
#6400=CARTESIAN_POINT('',(-0.0714466093430341,44.4285533905981,37.3));
#6401=CARTESIAN_POINT('',(-15.1999999999426,3.,37.3));
#6402=CARTESIAN_POINT('',(-15.1999999999426,1.75,37.3));
#6403=CARTESIAN_POINT('',(-17.6460320700457,3.,37.3));
#6404=CARTESIAN_POINT('',(-16.2000000000174,3.,37.3));
#6405=CARTESIAN_POINT('',(-17.6460320700457,0.5,37.3));
#6406=CARTESIAN_POINT('',(-17.6460320700457,0.,37.3));
#6407=CARTESIAN_POINT('',(10.4999999997582,0.5,37.3));
#6408=CARTESIAN_POINT('',(-9.77499999995692,0.5,37.3));
#6409=CARTESIAN_POINT('',(10.4999999997582,3.6,37.3));
#6410=CARTESIAN_POINT('',(10.4999999997582,2.05,37.3));
#6411=CARTESIAN_POINT('',(-5.50000000024183,3.6,37.3));
#6412=CARTESIAN_POINT('',(-11.8500000000922,3.6,37.3));
#6413=CARTESIAN_POINT('',(-8.20000000024183,6.3,37.3));
#6414=CARTESIAN_POINT('Origin',(-5.50000000024183,6.3,37.3));
#6415=CARTESIAN_POINT('',(-8.20000000024183,14.6,37.3));
#6416=CARTESIAN_POINT('',(-8.20000000024182,7.3,37.3));
#6417=CARTESIAN_POINT('',(-4.00000000024183,14.6,37.3));
#6418=CARTESIAN_POINT('',(-7.70000000024183,14.6,37.3));
#6419=CARTESIAN_POINT('',(-3.50000000024183,15.1,37.3));
#6420=CARTESIAN_POINT('',(-11.075000000167,7.52500000007481,37.3));
#6421=CARTESIAN_POINT('',(-3.50000000024183,18.7443650802632,37.3));
#6422=CARTESIAN_POINT('',(-3.50000000024183,14.6,37.3));
#6423=CARTESIAN_POINT('',(-4.42040585184943,19.6647709337656,37.3));
#6424=CARTESIAN_POINT('',(-3.50000000024183,18.7443650802632,37.3));
#6425=CARTESIAN_POINT('',(-5.50000000024183,19.2175883962938,37.3));
#6426=CARTESIAN_POINT('Origin',(-4.86758839024184,19.2175883962938,37.3));
#6427=CARTESIAN_POINT('',(-5.50000000024184,17.1,37.3));
#6428=CARTESIAN_POINT('',(-5.50000000024183,19.2175883962938,37.3));
#6429=CARTESIAN_POINT('Origin',(-6.00000000024183,17.1,37.3));
#6430=CARTESIAN_POINT('Origin',(-1.34999999997128,60.1,-3.85000000126032));
#6431=CARTESIAN_POINT('Origin',(-15.6999999999425,60.1,36.8));
#6432=CARTESIAN_POINT('',(-10.6999999995681,60.1,-12.5660254033954));
#6433=CARTESIAN_POINT('',(-10.6999999995681,60.1,16.7249999993698));
#6434=CARTESIAN_POINT('',(-11.2000000002418,60.1,-12.7));
#6435=CARTESIAN_POINT('Origin',(-11.2000000002418,60.1,-11.7));
#6436=CARTESIAN_POINT('',(10.,60.1,-12.7));
#6437=CARTESIAN_POINT('Origin',(-7.85000000024183,3.1,-51.6243648300556));
#6438=CARTESIAN_POINT('',(11.3342589062373,3.99416357829262,-52.0721159400582));
#6439=CARTESIAN_POINT('',(10.8574141429393,3.86390892376245,-52.269688900734));
#6440=CARTESIAN_POINT('Ctrl Pts',(11.3342393791171,3.99415440628433,-52.0721235795204));
#6441=CARTESIAN_POINT('Ctrl Pts',(11.2577955118582,3.97339050886604,-52.1135881637198));
#6442=CARTESIAN_POINT('Ctrl Pts',(11.1803613278268,3.95080441530097,-52.1513825773503));
#6443=CARTESIAN_POINT('Ctrl Pts',(11.0221204046924,3.90577693752878,-52.2179443443255));
#6444=CARTESIAN_POINT('Ctrl Pts',(10.9404013493563,3.88302761750698,-52.2470569528087));
#6445=CARTESIAN_POINT('Ctrl Pts',(10.8574141429394,3.86390892376197,-52.2696889007339));
#6446=CARTESIAN_POINT('',(10.855904187788,3.86356149995248,-52.2700999427685));
#6447=CARTESIAN_POINT('Ctrl Pts',(10.8574141429398,3.86390892376307,-52.269688900734));
#6448=CARTESIAN_POINT('Ctrl Pts',(10.8571672703358,3.86385204895468,-52.2697562268697));
#6449=CARTESIAN_POINT('Ctrl Pts',(10.8569204095503,3.86379521268149,-52.269823489339));
#6450=CARTESIAN_POINT('Ctrl Pts',(10.8564171530815,3.86367941803443,-52.2699604889914));
#6451=CARTESIAN_POINT('Ctrl Pts',(10.8561606814204,3.86362044499972,-52.2700302420996));
#6452=CARTESIAN_POINT('Ctrl Pts',(10.8559041853994,3.86356150526734,-52.2700999364838));
#6453=CARTESIAN_POINT('',(-5.50000000024183,3.86356149729507,-52.2700999459108));
#6454=CARTESIAN_POINT('',(-7.85000000024183,3.86356149729507,-52.2700999459108));
#6455=CARTESIAN_POINT('Origin',(-5.50000000024183,3.1,-51.6243648300556));
#6456=CARTESIAN_POINT('Ctrl Pts',(11.6813338479807,4.1,-51.6243648300556));
#6457=CARTESIAN_POINT('Ctrl Pts',(11.592745892752,4.09999999999999,-51.7375798147172));
#6458=CARTESIAN_POINT('Ctrl Pts',(11.5022443696027,4.08034987772454,-51.8489424255549));
#6459=CARTESIAN_POINT('Ctrl Pts',(11.3933818783993,4.03178671303656,-51.9897479659886));
#6460=CARTESIAN_POINT('Ctrl Pts',(11.362311557349,4.01477265479209,-52.0309461983127));
#6461=CARTESIAN_POINT('Ctrl Pts',(11.3342979264681,3.99417030879015,-52.0720918215115));
#6462=CARTESIAN_POINT('Ctrl Pts',(-5.48038283285434,3.8613198991675,-52.2727406080684));
#6463=CARTESIAN_POINT('Ctrl Pts',(-6.20620095983108,3.85671533074325,-52.2781852942288));
#6464=CARTESIAN_POINT('Ctrl Pts',(-7.90410249988359,4.4420892753189,-51.5860080375355));
#6465=CARTESIAN_POINT('Ctrl Pts',(-8.71305032107224,6.11808688695873,-49.6042334931675));
#6466=CARTESIAN_POINT('Ctrl Pts',(-8.70792706608483,7.0831402759819,-48.4629946665373));
#6467=CARTESIAN_POINT('Ctrl Pts',(-5.48166162838421,3.94879954439981,-52.1700534173941));
#6468=CARTESIAN_POINT('Ctrl Pts',(-6.16016160395373,3.94428146484602,-52.1753968461534));
#6469=CARTESIAN_POINT('Ctrl Pts',(-7.74843081025479,4.51867503104777,-51.4960755354466));
#6470=CARTESIAN_POINT('Ctrl Pts',(-8.45527830963718,6.15555336964827,-49.559793051353));
#6471=CARTESIAN_POINT('Ctrl Pts',(-8.40510539625746,7.0843722176051,-48.4656105273002));
#6472=CARTESIAN_POINT('Ctrl Pts',(-5.48390448366632,4.06516483268723,-51.958502348945));
#6473=CARTESIAN_POINT('Ctrl Pts',(-6.07941629733983,4.06096311720853,-51.9638110438575));
#6474=CARTESIAN_POINT('Ctrl Pts',(-7.47482699397147,4.59519333880428,-51.288893254139));
#6475=CARTESIAN_POINT('Ctrl Pts',(-8.00071847235611,6.08829581381561,-49.3715018799443));
#6476=CARTESIAN_POINT('Ctrl Pts',(-7.87821990573567,6.88887833107719,-48.3030011688205));
#6477=CARTESIAN_POINT('Ctrl Pts',(-5.48583435295018,4.10047802533038,-51.7217102022397));
#6478=CARTESIAN_POINT('Ctrl Pts',(-6.00994716067531,4.09696187822734,-51.7271134775579));
#6479=CARTESIAN_POINT('Ctrl Pts',(-7.2370813881653,4.54402252013577,-51.0401921256112));
#6480=CARTESIAN_POINT('Ctrl Pts',(-7.75273934690868,5.79478009827111,-49.0779172061225));
#6481=CARTESIAN_POINT('Ctrl Pts',(-7.69668317572812,6.48036625858983,-47.9584742228827));
#6482=CARTESIAN_POINT('Ctrl Pts',(-5.48656741938874,4.1000332472104,-51.6199951889167));
#6483=CARTESIAN_POINT('Ctrl Pts',(-5.98356131982695,4.09688467232773,-51.6254389308887));
#6484=CARTESIAN_POINT('Ctrl Pts',(-7.14614856124065,4.49715751100828,-50.9333816272213));
#6485=CARTESIAN_POINT('Ctrl Pts',(-7.70212386263398,5.64431318168284,-48.951992211236));
#6486=CARTESIAN_POINT('Ctrl Pts',(-7.70004977945026,6.30610386535412,-47.8110807609974));
#6487=CARTESIAN_POINT('',(-8.70000000024183,7.06356149729507,-48.4862004314663));
#6488=CARTESIAN_POINT('',(-7.70000000024182,6.3,-47.8404653156111));
#6489=CARTESIAN_POINT('Origin',(-8.70000000024183,6.3,-47.8404653156111));
#6490=CARTESIAN_POINT('Origin',(-5.50000000024183,6.3,-47.8404653156111));
#6491=CARTESIAN_POINT('Origin',(-5.50000000024183,7.06356149729507,-48.4862004314663));
#6492=CARTESIAN_POINT('Origin',(-8.70000000024184,29.0927264218106,-20.8887820529998));
#6493=CARTESIAN_POINT('',(-8.70000000024182,7.20890374323768,-48.3143377896389));
#6494=CARTESIAN_POINT('',(-7.70000000024182,6.44534224594216,-47.6686026737833));
#6495=CARTESIAN_POINT('Origin',(-8.70000000024182,6.44534224594216,-47.6686026737833));
#6496=CARTESIAN_POINT('',(-7.70000000024184,29.0927264218106,-20.8887820529998));
#6497=CARTESIAN_POINT('',(-8.70000000024184,29.8562879191057,-21.534517168855));
#6498=CARTESIAN_POINT('Origin',(-8.70000000026048,5.3,-46.7000000000009));
#6499=CARTESIAN_POINT('',(-8.70000000026048,7.21511110779745,-48.3069690242172));
#6500=CARTESIAN_POINT('',(-7.70000000024182,6.44906666467847,-47.6641814145307));
#6501=CARTESIAN_POINT('Origin',(-8.70000000026048,6.44906666467847,-47.6641814145307));
#6502=CARTESIAN_POINT('Origin',(-7.70000000024182,5.3,-46.7000000000009));
#6503=CARTESIAN_POINT('Origin',(-8.70000000026048,5.3,-46.7000000000009));
#6504=CARTESIAN_POINT('Origin',(-8.70000000024184,29.0512974648597,-20.7278916577713));
#6505=CARTESIAN_POINT('',(-8.70000000024197,13.0999999999999,-41.2936315449173));
#6506=CARTESIAN_POINT('',(-7.70000000024183,14.1,-38.5461541254625));
#6507=CARTESIAN_POINT('Origin',(-8.70000000024183,13.1,-39.7379077180567));
#6508=CARTESIAN_POINT('',(-7.70000000024184,29.0512974648597,-20.7278916577713));
#6509=CARTESIAN_POINT('',(-8.70000000024199,29.8173419079786,-21.3706792674578));
#6510=CARTESIAN_POINT('Origin',(-12.6999999999505,7.21511110779744,-48.3069690242164));
#6511=CARTESIAN_POINT('',(-7.20000000024183,14.6,-39.5060011560261));
#6512=CARTESIAN_POINT('',(2.69106456156504,24.4910645618068,-27.7182894299138));
#6513=CARTESIAN_POINT('',(-14.291849062293,7.21510706335443,-48.3069655501702));
#6514=CARTESIAN_POINT('',(-12.6999999999505,7.21511110779745,-48.3069690242164));
#6515=CARTESIAN_POINT('',(-14.243849006607,7.59124584486811,-47.8587091000126));
#6516=CARTESIAN_POINT('Ctrl Pts',(-14.2438471260738,7.59124105187332,-47.8587148120814));
#6517=CARTESIAN_POINT('Ctrl Pts',(-14.2618103309348,7.55221099426289,-47.9052290234577));
#6518=CARTESIAN_POINT('Ctrl Pts',(-14.2769130027636,7.51268743818299,-47.9523313634081));
#6519=CARTESIAN_POINT('Ctrl Pts',(-14.2883434427408,7.4729124099538,-47.9997333961957));
#6520=CARTESIAN_POINT('Ctrl Pts',(-14.2897610873501,7.46797936674058,-48.0056123681675));
#6521=CARTESIAN_POINT('Ctrl Pts',(-14.2911222230387,7.46304249545314,-48.0114959022605));
#6522=CARTESIAN_POINT('Ctrl Pts',(-14.2924252762409,7.45810229218009,-48.0173834072593));
#6523=CARTESIAN_POINT('Ctrl Pts',(-14.29793569897,7.43721089008183,-48.0422808107642));
#6524=CARTESIAN_POINT('Ctrl Pts',(-14.30208468134,7.41752648439022,-48.0657397719653));
#6525=CARTESIAN_POINT('Ctrl Pts',(-14.3051029728378,7.39915571435789,-48.08763320315));
#6526=CARTESIAN_POINT('Ctrl Pts',(-14.307773663067,7.38290061240272,-48.1070052793031));
#6527=CARTESIAN_POINT('Ctrl Pts',(-14.3095606771679,7.36767342988727,-48.125152328771));
#6528=CARTESIAN_POINT('Ctrl Pts',(-14.3106468750108,7.35353220986676,-48.1420051785341));
#6529=CARTESIAN_POINT('Ctrl Pts',(-14.3118214550089,7.33824034173042,-48.160229317323));
#6530=CARTESIAN_POINT('Ctrl Pts',(-14.312181503087,7.32421866314583,-48.1769397031504));
#6531=CARTESIAN_POINT('Ctrl Pts',(-14.3119982546044,7.31152763372249,-48.1920642830594));
#6532=CARTESIAN_POINT('Ctrl Pts',(-14.3118126176582,7.29867118922466,-48.2073859969777));
#6533=CARTESIAN_POINT('Ctrl Pts',(-14.311069629094,7.287179933338,-48.221080742464));
#6534=CARTESIAN_POINT('Ctrl Pts',(-14.3100039131281,7.27710060271609,-48.2330928209436));
#6535=CARTESIAN_POINT('Ctrl Pts',(-14.3090699533607,7.26826739613517,-48.2436198266206));
#6536=CARTESIAN_POINT('Ctrl Pts',(-14.307887491833,7.26051818629914,-48.2528549752824));
#6537=CARTESIAN_POINT('Ctrl Pts',(-14.3065832322679,7.25387777980407,-48.2607687035792));
#6538=CARTESIAN_POINT('Ctrl Pts',(-14.3044253335693,7.24289122090352,-48.2738619746192));
#6539=CARTESIAN_POINT('Ctrl Pts',(-14.3017445668769,7.23362528277388,-48.284904689674));
#6540=CARTESIAN_POINT('Ctrl Pts',(-14.2987715554164,7.22662546530377,-48.2932467472915));
#6541=CARTESIAN_POINT('Ctrl Pts',(-14.2981754975113,7.22522207463657,-48.2949192431609));
#6542=CARTESIAN_POINT('Ctrl Pts',(-14.2975676129477,7.2239096809709,-48.2964832930269));
#6543=CARTESIAN_POINT('Ctrl Pts',(-14.2969495519554,7.22269254281704,-48.2979338217944));
#6544=CARTESIAN_POINT('Ctrl Pts',(-14.2956463243822,7.22012611648968,-48.3009923695902));
#6545=CARTESIAN_POINT('Ctrl Pts',(-14.2939198370164,7.21723733289439,-48.3044350878181));
#6546=CARTESIAN_POINT('Ctrl Pts',(-14.291849062293,7.21511114736451,-48.3069689770618));
#6547=CARTESIAN_POINT('',(-13.9928932186784,7.84637504414416,-47.5546579601997));
#6548=CARTESIAN_POINT('Ctrl Pts',(-13.9928932186784,7.84637504414421,-47.5546579601996));
#6549=CARTESIAN_POINT('Ctrl Pts',(-14.0681338568237,7.75808110162685,-47.659882583399));
#6550=CARTESIAN_POINT('Ctrl Pts',(-14.1531367877378,7.67348444892581,-47.7607009481768));
#6551=CARTESIAN_POINT('Ctrl Pts',(-14.2438492076403,7.59124566261377,-47.8587093172149));
#6552=CARTESIAN_POINT('',(-11.6999999999497,9.65801278113662,-45.3956321786602));
#6553=CARTESIAN_POINT('Ctrl Pts',(-11.6999999999497,9.65801278113662,-45.3956321786602));
#6554=CARTESIAN_POINT('Ctrl Pts',(-12.1723829730887,9.33157613721113,-45.7846642218127));
#6555=CARTESIAN_POINT('Ctrl Pts',(-12.8172048621489,8.87872844115108,-46.3243470904901));
#6556=CARTESIAN_POINT('Ctrl Pts',(-13.5754106992518,8.27038026872146,-47.0493482105311));
#6557=CARTESIAN_POINT('Ctrl Pts',(-13.8679393527044,7.99300683421059,-47.3799089975995));
#6558=CARTESIAN_POINT('Ctrl Pts',(-13.9928932186801,7.84637504414213,-47.5546579602021));
#6559=CARTESIAN_POINT('',(-11.6999999999486,14.4910608438099,-39.6358297867888));
#6560=CARTESIAN_POINT('',(-11.2000000002418,37.0929056833585,-12.7));
#6561=CARTESIAN_POINT('',(-1.34999999998156,37.0929056833604,-12.7));
#6562=CARTESIAN_POINT('',(-11.200000000242,16.6,-37.1224939708368));
#6563=CARTESIAN_POINT('',(-11.200000000242,26.8011577564627,-24.9652275659521));
#6564=CARTESIAN_POINT('',(-6.00000000024183,16.6,-37.122493970838));
#6565=CARTESIAN_POINT('',(-4.52500000024927,16.6,-37.1224939708383));
#6566=CARTESIAN_POINT('',(-5.50000000024184,17.1,-36.526617174541));
#6567=CARTESIAN_POINT('Origin',(-6.00000000024183,17.1,-36.5266171745409));
#6568=CARTESIAN_POINT('',(-5.50000000024183,19.2175883962938,-34.002973595622));
#6569=CARTESIAN_POINT('',(-5.50000000024178,31.6887562446111,-19.1404145085444));
#6570=CARTESIAN_POINT('',(-4.42040585184943,19.6647709337656,-33.4700422000448));
#6571=CARTESIAN_POINT('Origin',(-4.86758839024184,19.2175883962938,-34.0029735956221));
#6572=CARTESIAN_POINT('',(-3.50000000024183,18.7443650802632,-34.5669391826013));
#6573=CARTESIAN_POINT('',(-12.4895055587273,27.7338706572555,-23.8536636155731));
#6574=CARTESIAN_POINT('',(-3.50000000024183,15.1,-38.9101243597299));
#6575=CARTESIAN_POINT('',(-3.50000000024183,32.0284622647754,-18.7355686385882));
#6576=CARTESIAN_POINT('',(-4.00000000024183,14.6,-39.5060011560268));
#6577=CARTESIAN_POINT('',(5.56945314808732,24.1694531483291,-28.1015709873458));
#6578=CARTESIAN_POINT('',(-1.17500000024982,14.6,-39.5060011560275));
#6579=CARTESIAN_POINT('Origin',(-12.6999999999502,5.3,-46.7));
#6580=CARTESIAN_POINT('',(-14.2857864330102,7.20890281300593,-48.3143370034537));
#6581=CARTESIAN_POINT('',(-12.6999999999505,7.20890374323768,-48.314337789638));
#6582=CARTESIAN_POINT('',(-14.2918490622931,7.21509889533392,-48.3069586963874));
#6583=CARTESIAN_POINT('Origin',(-10.2000000002418,7.20890374323767,-48.314337789638));
#6584=CARTESIAN_POINT('',(10.4999999997582,3.82286755792761,-52.3182192513524));
#6585=CARTESIAN_POINT('Origin',(10.6361807380724,4.82376388699801,-51.13469077211));
#6586=CARTESIAN_POINT('',(-11.6999999999513,3.82286755792759,-52.3182192513525));
#6587=CARTESIAN_POINT('',(-10.2000000002418,3.82286755792761,-52.3182192513524));
#6588=CARTESIAN_POINT('',(-11.7008103199651,4.75443450959069,-51.2166695669755));
#6589=CARTESIAN_POINT('',(-11.6999999999485,14.4859170902518,-39.7094980176464));
#6590=CARTESIAN_POINT('Ctrl Pts',(-14.285786433207,7.20890234827456,-48.3143366099039));
#6591=CARTESIAN_POINT('Ctrl Pts',(-14.2848201922943,7.08081533121704,-48.4657952737236));
#6592=CARTESIAN_POINT('Ctrl Pts',(-14.2398455346746,6.93052184369203,-48.6435124545602));
#6593=CARTESIAN_POINT('Ctrl Pts',(-14.1418674254422,6.7704076762585,-48.8328426617536));
#6594=CARTESIAN_POINT('Ctrl Pts',(-14.0877584250165,6.68975762258134,-48.9282090353907));
#6595=CARTESIAN_POINT('Ctrl Pts',(-13.9807930562514,6.55229799039924,-49.0907509804747));
#6596=CARTESIAN_POINT('Ctrl Pts',(-13.7326310472941,6.28953149997793,-49.4014650802229));
#6597=CARTESIAN_POINT('Ctrl Pts',(-13.240858733634,5.86803583703562,-49.899870650228));
#6598=CARTESIAN_POINT('Ctrl Pts',(-12.5310158639849,5.33593440524091,-50.5290654174582));
#6599=CARTESIAN_POINT('Ctrl Pts',(-11.9793352437211,4.94723268453776,-50.988690185638));
#6600=CARTESIAN_POINT('Ctrl Pts',(-11.7016206399792,4.75441614079255,-51.2166902706475));
#6601=CARTESIAN_POINT('Ctrl Pts',(10.4999999997582,3.,-52.7));
#6602=CARTESIAN_POINT('Ctrl Pts',(11.1547409372036,2.99999999999999,-52.7));
#6603=CARTESIAN_POINT('Ctrl Pts',(11.7701449262062,3.2386490125428,-52.3535694562736));
#6604=CARTESIAN_POINT('Ctrl Pts',(12.1170628433858,3.60000000000043,-51.8769060114381));
#6605=CARTESIAN_POINT('Ctrl Pts',(10.4999999997582,3.27428918618727,-52.5727397503527));
#6606=CARTESIAN_POINT('Ctrl Pts',(11.0576656528725,3.27428918618727,-52.5727397503527));
#6607=CARTESIAN_POINT('Ctrl Pts',(11.596128371473,3.47631594045928,-52.2910257371749));
#6608=CARTESIAN_POINT('Ctrl Pts',(11.926345729896,3.80523456533973,-51.8691716257387));
#6609=CARTESIAN_POINT('Ctrl Pts',(10.4999999997582,3.54857837237455,-52.4454795007054));
#6610=CARTESIAN_POINT('Ctrl Pts',(10.9605903685415,3.54857837237454,-52.4454795007054));
#6611=CARTESIAN_POINT('Ctrl Pts',(11.4221118167397,3.71398286837577,-52.2284820180761));
#6612=CARTESIAN_POINT('Ctrl Pts',(11.7356286164061,4.01046913067903,-51.8614372400395));
#6613=CARTESIAN_POINT('Ctrl Pts',(10.4999999997582,3.82286755856182,-52.3182192510582));
#6614=CARTESIAN_POINT('Ctrl Pts',(10.8635150842104,3.82286755856182,-52.3182192510582));
#6615=CARTESIAN_POINT('Ctrl Pts',(11.2480952620063,3.95164979629225,-52.1659382989773));
#6616=CARTESIAN_POINT('Ctrl Pts',(11.5449115029163,4.21570369601833,-51.8537028543402));
#6617=CARTESIAN_POINT('',(12.1170628433854,3.6,-51.8769060114386));
#6618=CARTESIAN_POINT('Ctrl Pts',(12.1170628433854,3.59999999999997,-51.8769060114387));
#6619=CARTESIAN_POINT('Ctrl Pts',(11.9942407495083,3.68285042460683,-51.9048693278391));
#6620=CARTESIAN_POINT('Ctrl Pts',(11.8672962842912,3.76066349395776,-51.9358770200971));
#6621=CARTESIAN_POINT('Ctrl Pts',(11.6052531632023,3.89558527688787,-52.0027588343789));
#6622=CARTESIAN_POINT('Ctrl Pts',(11.4740419381071,3.95078516745152,-52.0378965946863));
#6623=CARTESIAN_POINT('Ctrl Pts',(11.3342979264681,3.99417030879015,-52.0720918215115));
#6624=CARTESIAN_POINT('',(10.4999999997582,3.00000000000001,-52.7));
#6625=CARTESIAN_POINT('Ctrl Pts',(12.1170628433858,3.60000000000043,-51.8769060114381));
#6626=CARTESIAN_POINT('Ctrl Pts',(11.7701449262062,3.2386490125428,-52.3535694562736));
#6627=CARTESIAN_POINT('Ctrl Pts',(11.1547409372036,2.99999999999999,-52.7));
#6628=CARTESIAN_POINT('Ctrl Pts',(10.4999999997582,3.,-52.7));
#6629=CARTESIAN_POINT('',(10.4999999997582,3.82286755792761,-52.3182192513524));
#6630=CARTESIAN_POINT('Origin',(10.4999999997582,3.85,-50.7));
#6631=CARTESIAN_POINT('',(12.4999999997582,3.6,-50.7));
#6632=CARTESIAN_POINT('',(11.9999999997582,4.09999999999999,-50.7));
#6633=CARTESIAN_POINT('Origin',(10.4999999997582,3.6,-50.7));
#6634=CARTESIAN_POINT('Origin',(-11.2000000002418,0.,-11.7));
#6635=CARTESIAN_POINT('',(-11.2000000002418,0.,-12.7));
#6636=CARTESIAN_POINT('',(-10.2000000002418,59.6,-11.7));
#6637=CARTESIAN_POINT('Origin',(-11.2000000002418,60.6000000013475,-11.7));
#6638=CARTESIAN_POINT('',(-10.2000000002418,36.6265980252035,-11.7));
#6639=CARTESIAN_POINT('',(-10.2000000002418,0.,-11.7));
#6640=CARTESIAN_POINT('Origin',(-11.2000000002418,36.6265980252035,-11.7));
#6641=CARTESIAN_POINT('Origin',(-11.2000000002418,26.0351133133437,-24.3224399562656));
#6642=CARTESIAN_POINT('',(-10.2000000002418,16.6,-35.5667701439764));
#6643=CARTESIAN_POINT('',(-10.2000000002418,26.0351133133437,-24.3224399562656));
#6644=CARTESIAN_POINT('Origin',(-11.2000000002418,16.6,-35.5667701439764));
#6645=CARTESIAN_POINT('Origin',(10.,0.,-12.7));
#6646=CARTESIAN_POINT('Origin',(-7.45000000024183,14.35,37.3));
#6647=CARTESIAN_POINT('',(-7.20000000024183,14.6,36.3));
#6648=CARTESIAN_POINT('',(-7.70000000024183,14.1,36.8));
#6649=CARTESIAN_POINT('',(-8.91666666690849,12.8833333333333,38.0166666666667));
#6650=CARTESIAN_POINT('',(-7.70000000024183,14.1,37.3));
#6651=CARTESIAN_POINT('',(-7.20000000024183,14.6,37.3));
#6652=CARTESIAN_POINT('Origin',(-7.70000000024183,14.6,37.3));
#6653=CARTESIAN_POINT('',(-7.70000000024182,6.3,36.8));
#6654=CARTESIAN_POINT('',(-7.70000000024182,7.3,36.8));
#6655=CARTESIAN_POINT('',(-7.70000000024182,6.3,37.3));
#6656=CARTESIAN_POINT('Origin',(-3.75000000024183,14.85,37.3));
#6657=CARTESIAN_POINT('',(-3.50000000024183,15.1,37.3));
#6658=CARTESIAN_POINT('',(-4.00000000024183,14.6,37.3));
#6659=CARTESIAN_POINT('Origin',(-3.50000000024183,18.7443650802632,37.3));
#6660=CARTESIAN_POINT('',(-3.50000000024183,18.7443650802632,37.3));
#6661=CARTESIAN_POINT('Origin',(-10.4499999999049,59.85,16.7249999993698));
#6662=CARTESIAN_POINT('',(-10.2000000002418,59.6,16.7249999993698));
#6663=CARTESIAN_POINT('Origin',(-10.2000000002418,0.,37.3));
#6664=CARTESIAN_POINT('',(-10.2000000002418,16.6,37.3));
#6665=CARTESIAN_POINT('Ctrl Pts',(-48.2558810605724,27.1,-9.13736199390419));
#6666=CARTESIAN_POINT('Ctrl Pts',(-48.4290374825548,27.1,-8.74754575068352));
#6667=CARTESIAN_POINT('Ctrl Pts',(-48.5259547625909,27.1,-8.26522221308627));
#6668=CARTESIAN_POINT('Ctrl Pts',(-48.4094693689864,27.1,-7.57206994309363));
#6669=CARTESIAN_POINT('Ctrl Pts',(-48.1650428368535,27.1,-7.04480507120102));
#6670=CARTESIAN_POINT('Ctrl Pts',(-47.9663555112441,27.1,-6.71580488898108));
#6671=CARTESIAN_POINT('Ctrl Pts',(-48.5017709670808,26.9683219115373,-9.24658631986046));
#6672=CARTESIAN_POINT('Ctrl Pts',(-48.6963835756295,26.9758292884265,-8.83226964073523));
#6673=CARTESIAN_POINT('Ctrl Pts',(-48.8242535005549,26.987019107913,-8.2737694106748));
#6674=CARTESIAN_POINT('Ctrl Pts',(-48.6737655611945,26.9747322314551,-7.4751029421009));
#6675=CARTESIAN_POINT('Ctrl Pts',(-48.3980242476774,26.9637930027961,-6.92113818726631));
#6676=CARTESIAN_POINT('Ctrl Pts',(-48.1852859667271,26.9589902665516,-6.58359004824491));
#6677=CARTESIAN_POINT('Ctrl Pts',(-48.7476608735891,26.8366438230747,-9.35581064581674));
#6678=CARTESIAN_POINT('Ctrl Pts',(-48.9637296687042,26.8516585768529,-8.91699353078696));
#6679=CARTESIAN_POINT('Ctrl Pts',(-49.1225522385189,26.8740382158261,-8.28231660826333));
#6680=CARTESIAN_POINT('Ctrl Pts',(-48.9380617534024,26.8494644629102,-7.37813594110818));
#6681=CARTESIAN_POINT('Ctrl Pts',(-48.6310056585013,26.8275860055921,-6.7974713033316));
#6682=CARTESIAN_POINT('Ctrl Pts',(-48.4042164222101,26.8179805331033,-6.45137520750875));
#6683=CARTESIAN_POINT('Ctrl Pts',(-48.9935507800974,26.704965734612,-9.46503497177301));
#6684=CARTESIAN_POINT('Ctrl Pts',(-49.2310757617789,26.7274878652794,-9.00171742083867));
#6685=CARTESIAN_POINT('Ctrl Pts',(-49.4208509764828,26.761057323739,-8.29086380585186));
#6686=CARTESIAN_POINT('Ctrl Pts',(-49.2023579456104,26.7241966943653,-7.28116894011546));
#6687=CARTESIAN_POINT('Ctrl Pts',(-48.8639870693251,26.6913790083883,-6.6738044193969));
#6688=CARTESIAN_POINT('Ctrl Pts',(-48.6231468776931,26.6769707996549,-6.31916036677258));
#6689=CARTESIAN_POINT('',(-48.9931794323284,26.7051645974489,-9.4648700190495));
#6690=CARTESIAN_POINT('',(-48.2558810605724,27.1,-9.13736199390419));
#6691=CARTESIAN_POINT('',(-48.9931794323284,26.7051645974489,-9.4648700190495));
#6692=CARTESIAN_POINT('',(-48.6228162446171,26.6771837553255,-6.31936004022354));
#6693=CARTESIAN_POINT('Ctrl Pts',(-48.9931794323284,26.7051645974489,-9.46487001904948));
#6694=CARTESIAN_POINT('Ctrl Pts',(-49.0950056744179,26.7148162230426,-9.26623594887767));
#6695=CARTESIAN_POINT('Ctrl Pts',(-49.182905687748,26.7248332146776,-9.05782907464922));
#6696=CARTESIAN_POINT('Ctrl Pts',(-49.2983183946206,26.7403502144084,-8.64489916706478));
#6697=CARTESIAN_POINT('Ctrl Pts',(-49.3290614088778,26.7460311699083,-8.4470494866024));
#6698=CARTESIAN_POINT('Ctrl Pts',(-49.3347525419331,26.7476757605117,-8.10937155269013));
#6699=CARTESIAN_POINT('Ctrl Pts',(-49.3256840215066,26.745974691984,-7.97694392259482));
#6700=CARTESIAN_POINT('Ctrl Pts',(-49.2682781148149,26.7371959035755,-7.61042302135196));
#6701=CARTESIAN_POINT('Ctrl Pts',(-49.1952515975661,26.7275253199246,-7.37370711255115));
#6702=CARTESIAN_POINT('Ctrl Pts',(-48.9555931934629,26.7022836594129,-6.84143167523468));
#6703=CARTESIAN_POINT('Ctrl Pts',(-48.7942721443913,26.6874368046365,-6.57184679973109));
#6704=CARTESIAN_POINT('Ctrl Pts',(-48.622816244617,26.6771837553255,-6.31936004022359));
#6705=CARTESIAN_POINT('',(-48.2004328639711,27.1,-7.14239640309771));
#6706=CARTESIAN_POINT('Ctrl Pts',(-48.1999999999425,27.1,-7.14150644585076));
#6707=CARTESIAN_POINT('Ctrl Pts',(-48.2589419770779,27.0410580228646,-6.99483992858957));
#6708=CARTESIAN_POINT('Ctrl Pts',(-48.32767974649,26.9723202534525,-6.85096441109881));
#6709=CARTESIAN_POINT('Ctrl Pts',(-48.3984729324504,26.9015270674921,-6.71568590904102));
#6710=CARTESIAN_POINT('Ctrl Pts',(-48.4692252850544,26.8307747148882,-6.58048543533031));
#6711=CARTESIAN_POINT('Ctrl Pts',(-48.5456003018528,26.7543996980897,-6.44706688701383));
#6712=CARTESIAN_POINT('Ctrl Pts',(-48.6228162446171,26.6771837553254,-6.31936004022359));
#6713=CARTESIAN_POINT('Ctrl Pts',(-48.2008657279997,27.1,-7.14328636034465));
#6714=CARTESIAN_POINT('Ctrl Pts',(-48.2709680997546,27.1,-7.28750154203564));
#6715=CARTESIAN_POINT('Ctrl Pts',(-48.4252542807526,27.1,-7.66599886485611));
#6716=CARTESIAN_POINT('Ctrl Pts',(-48.5259547625909,27.1,-8.26522221308627));
#6717=CARTESIAN_POINT('Ctrl Pts',(-48.4290374825548,27.1,-8.74754575068352));
#6718=CARTESIAN_POINT('Ctrl Pts',(-48.2558810605724,27.1,-9.13736199390419));
#6719=CARTESIAN_POINT('Origin',(-48.4499999999425,26.85,-4.34999999999999));
#6720=CARTESIAN_POINT('',(-48.6999999999426,26.6,-6.35164938391008));
#6721=CARTESIAN_POINT('',(-48.6999999999426,26.6,2.45164938391008));
#6722=CARTESIAN_POINT('',(-48.6999999999426,26.6,-4.34999999999999));
#6723=CARTESIAN_POINT('',(-48.6228162446171,26.6771837553255,2.41936004022354));
#6724=CARTESIAN_POINT('Ctrl Pts',(-48.7000000000361,26.5999999999069,2.45164938402848));
#6725=CARTESIAN_POINT('Ctrl Pts',(-48.6617422895648,26.6382577103781,2.43550471217353));
#6726=CARTESIAN_POINT('Ctrl Pts',(-48.6228162446594,26.6771837552835,2.41936004031857));
#6727=CARTESIAN_POINT('',(-48.2011064750974,27.1,3.24118928507321));
#6728=CARTESIAN_POINT('Ctrl Pts',(-48.6228162446171,26.6771837553254,2.41936004022358));
#6729=CARTESIAN_POINT('Ctrl Pts',(-48.5456027515253,26.7543972484172,2.54706283551957));
#6730=CARTESIAN_POINT('Ctrl Pts',(-48.4691984843751,26.8308015155674,2.68048855168703));
#6731=CARTESIAN_POINT('Ctrl Pts',(-48.3278554048665,26.9721445950761,2.94993454795432));
#6732=CARTESIAN_POINT('Ctrl Pts',(-48.2589556147632,27.0410443851793,3.09338785906684));
#6733=CARTESIAN_POINT('Ctrl Pts',(-48.1999999999425,27.1,3.23893901395798));
#6734=CARTESIAN_POINT('',(-48.1999999999425,27.1,-4.34999999999999));
#6735=CARTESIAN_POINT('Ctrl Pts',(-48.6228162446595,26.6771837552834,-6.31936004031815));
#6736=CARTESIAN_POINT('Ctrl Pts',(-48.6617422895649,26.638257710378,-6.33550471217312));
#6737=CARTESIAN_POINT('Ctrl Pts',(-48.7000000000362,26.5999999999067,-6.35164938402809));
#6738=CARTESIAN_POINT('Origin',(-48.6999999999425,26.9656687408843,5.42977494714056));
#6739=CARTESIAN_POINT('',(-48.4850744535238,26.8313374817686,5.8906187585849));
#6740=CARTESIAN_POINT('',(-47.6999999999425,26.8313374817686,5.89061875858491));
#6741=CARTESIAN_POINT('',(-48.6999999999425,26.8313374817686,5.89061875858491));
#6742=CARTESIAN_POINT('',(-47.6999999999425,27.1,4.9689311356962));
#6743=CARTESIAN_POINT('',(-47.6999999999425,26.8313374817686,5.89061875858491));
#6744=CARTESIAN_POINT('',(-48.3626720561396,27.1,4.96869632074408));
#6745=CARTESIAN_POINT('',(-48.6999999999425,27.1,4.9689311356962));
#6746=CARTESIAN_POINT('Ctrl Pts',(-48.3625922851678,27.1,4.96893113569629));
#6747=CARTESIAN_POINT('Ctrl Pts',(-48.4127522441015,27.0564615466332,5.11829642063454));
#6748=CARTESIAN_POINT('Ctrl Pts',(-48.445845333386,27.0122158589319,5.27008798050285));
#6749=CARTESIAN_POINT('Ctrl Pts',(-48.4842663032345,26.9218977312363,5.57993805176527));
#6750=CARTESIAN_POINT('Ctrl Pts',(-48.4894729360914,26.8765930689056,5.73536258513238));
#6751=CARTESIAN_POINT('Ctrl Pts',(-48.4850744535238,26.8313374817686,5.8906187585849));
#6752=CARTESIAN_POINT('Ctrl Pts',(-47.966355511244,27.1,2.81580488898105));
#6753=CARTESIAN_POINT('Ctrl Pts',(-48.3081411696717,27.1,3.38175716378232));
#6754=CARTESIAN_POINT('Ctrl Pts',(-48.5154636965748,27.1,4.00440737912077));
#6755=CARTESIAN_POINT('Ctrl Pts',(-48.4670449305466,27.1,4.7559691206629));
#6756=CARTESIAN_POINT('Ctrl Pts',(-48.2377089785021,27.1,5.31688606320764));
#6757=CARTESIAN_POINT('Ctrl Pts',(-48.0294429637438,27.1,5.67743848102749));
#6758=CARTESIAN_POINT('Ctrl Pts',(-48.1851757557017,26.9590612517751,2.6836566060618));
#6759=CARTESIAN_POINT('Ctrl Pts',(-48.5511199629486,26.9673188495835,3.26430583396586));
#6760=CARTESIAN_POINT('Ctrl Pts',(-48.8106464670025,26.9859964119593,3.94840454850891));
#6761=CARTESIAN_POINT('Ctrl Pts',(-48.7455434930441,26.9799691743737,4.83680710614567));
#6762=CARTESIAN_POINT('Ctrl Pts',(-48.4775781193208,26.966288022572,5.43479771552387));
#6763=CARTESIAN_POINT('Ctrl Pts',(-48.2529619758101,26.9606714295683,5.80654984338426));
#6764=CARTESIAN_POINT('Ctrl Pts',(-48.4039960001593,26.8181225035503,2.55150832314254));
#6765=CARTESIAN_POINT('Ctrl Pts',(-48.7940987562256,26.8346376991671,3.1468545041494));
#6766=CARTESIAN_POINT('Ctrl Pts',(-49.1058292374301,26.8719928239186,3.89240171789704));
#6767=CARTESIAN_POINT('Ctrl Pts',(-49.0240420555416,26.8599383487474,4.91764509162844));
#6768=CARTESIAN_POINT('Ctrl Pts',(-48.7174472601395,26.8325760451439,5.5527093678401));
#6769=CARTESIAN_POINT('Ctrl Pts',(-48.4764809878763,26.8213428591366,5.93566120574103));
#6770=CARTESIAN_POINT('Ctrl Pts',(-48.6228162446169,26.6771837553254,2.41936004022329));
#6771=CARTESIAN_POINT('Ctrl Pts',(-49.0370775495026,26.7019565487506,3.02940317433294));
#6772=CARTESIAN_POINT('Ctrl Pts',(-49.4010120078578,26.7579892358779,3.83639888728517));
#6773=CARTESIAN_POINT('Ctrl Pts',(-49.302540618039,26.7399075231212,4.99848307711122));
#6774=CARTESIAN_POINT('Ctrl Pts',(-48.9573164009581,26.6988640677159,5.67062102015633));
#6775=CARTESIAN_POINT('Ctrl Pts',(-48.6999999999426,26.6820142887049,6.0647725680978));
#6776=CARTESIAN_POINT('',(-48.6999999999426,26.6820142887049,6.0647725680978));
#6777=CARTESIAN_POINT('Ctrl Pts',(-48.6999999999425,26.6820142887049,6.06477256809775));
#6778=CARTESIAN_POINT('Ctrl Pts',(-48.9271041355292,26.6968856862607,5.71689949730972));
#6779=CARTESIAN_POINT('Ctrl Pts',(-49.0733002694544,26.7176819994702,5.41994341615323));
#6780=CARTESIAN_POINT('Ctrl Pts',(-49.2994673146003,26.7458357280965,4.79652530312708));
#6781=CARTESIAN_POINT('Ctrl Pts',(-49.3297529277142,26.7478335494465,4.52285728317405));
#6782=CARTESIAN_POINT('Ctrl Pts',(-49.3325060068218,26.7490699433736,4.17283773032946));
#6783=CARTESIAN_POINT('Ctrl Pts',(-49.3177953252433,26.7480873394097,4.0250482801565));
#6784=CARTESIAN_POINT('Ctrl Pts',(-49.2453283467197,26.7393435977088,3.6415766933274));
#6785=CARTESIAN_POINT('Ctrl Pts',(-49.1665166238311,26.7280372475511,3.41217840351696));
#6786=CARTESIAN_POINT('Ctrl Pts',(-48.9442027213422,26.7018044339936,2.92281237443868));
#6787=CARTESIAN_POINT('Ctrl Pts',(-48.7884602213115,26.6870892520938,2.66328813463493));
#6788=CARTESIAN_POINT('Ctrl Pts',(-48.622816244617,26.6771837553255,2.41936004022359));
#6789=CARTESIAN_POINT('Ctrl Pts',(-48.6999999999426,26.6820142887049,6.06477256809783));
#6790=CARTESIAN_POINT('Ctrl Pts',(-48.662457945375,26.7070545213786,6.03806880097435));
#6791=CARTESIAN_POINT('Ctrl Pts',(-48.6256925141299,26.7320776441935,6.01024525570245));
#6792=CARTESIAN_POINT('Ctrl Pts',(-48.5898227645621,26.7570011664979,5.98123360492405));
#6793=CARTESIAN_POINT('Ctrl Pts',(-48.5539718548853,26.7819115982051,5.95223719195318));
#6794=CARTESIAN_POINT('Ctrl Pts',(-48.5190192994624,26.8067202170739,5.92205682141615));
#6795=CARTESIAN_POINT('Ctrl Pts',(-48.4850744535238,26.8313374817686,5.89061875858486));
#6796=CARTESIAN_POINT('Ctrl Pts',(-48.3627518271113,27.1,4.96846150579187));
#6797=CARTESIAN_POINT('Ctrl Pts',(-48.3838333865344,27.1,4.90638703446309));
#6798=CARTESIAN_POINT('Ctrl Pts',(-48.4776449578098,27.1,4.59143425941356));
#6799=CARTESIAN_POINT('Ctrl Pts',(-48.5097424325258,27.1,4.09321350792578));
#6800=CARTESIAN_POINT('Ctrl Pts',(-48.3701145872081,27.1,3.58541487045542));
#6801=CARTESIAN_POINT('Ctrl Pts',(-48.2022129502522,27.1,3.24343955618844));
#6802=CARTESIAN_POINT('Ctrl Pts',(-48.0351036521777,27.1,-9.63438439101255));
#6803=CARTESIAN_POINT('Ctrl Pts',(-48.1086961216426,27.1,-9.46871025864309));
#6804=CARTESIAN_POINT('Ctrl Pts',(-48.1822885911075,27.1,-9.30303612627364));
#6805=CARTESIAN_POINT('Ctrl Pts',(-48.2558810605724,27.1,-9.13736199390419));
#6806=CARTESIAN_POINT('Ctrl Pts',(-48.2651119489147,26.9566450871375,-9.73655410400399));
#6807=CARTESIAN_POINT('Ctrl Pts',(-48.3460735102323,26.9614268585289,-9.57415332311915));
#6808=CARTESIAN_POINT('Ctrl Pts',(-48.4249765094553,26.9657712705191,-9.41083812870507));
#6809=CARTESIAN_POINT('Ctrl Pts',(-48.5016471844911,26.9683881991496,-9.24653133561929));
#6810=CARTESIAN_POINT('Ctrl Pts',(-48.4951202456517,26.8132901742749,-9.83872381699543));
#6811=CARTESIAN_POINT('Ctrl Pts',(-48.583450898822,26.8228537170579,-9.6795963875952));
#6812=CARTESIAN_POINT('Ctrl Pts',(-48.6676644278032,26.8315425410382,-9.51864013113651));
#6813=CARTESIAN_POINT('Ctrl Pts',(-48.7474133084097,26.8367763982993,-9.35570067733439));
#6814=CARTESIAN_POINT('Ctrl Pts',(-48.7251285423887,26.6699352614124,-9.94089352998687));
#6815=CARTESIAN_POINT('Ctrl Pts',(-48.8208282874117,26.6842805755869,-9.78503945207126));
#6816=CARTESIAN_POINT('Ctrl Pts',(-48.9103523461511,26.6973138115573,-9.62644213356794));
#6817=CARTESIAN_POINT('Ctrl Pts',(-48.9931794323284,26.7051645974489,-9.4648700190495));
#6818=CARTESIAN_POINT('',(-48.2322775466503,27.1,-9.19049911130672));
#6819=CARTESIAN_POINT('',(-48.2558810605724,27.1,-9.13736199390419));
#6820=CARTESIAN_POINT('',(-48.7251285494344,26.669935258557,-9.9408935177561));
#6821=CARTESIAN_POINT('Ctrl Pts',(-48.2322775466504,27.1,-9.19049911130673));
#6822=CARTESIAN_POINT('Ctrl Pts',(-48.2318054398605,27.0910315437541,-9.23620363449843));
#6823=CARTESIAN_POINT('Ctrl Pts',(-48.2355898842402,27.0800749391153,-9.28105811497952));
#6824=CARTESIAN_POINT('Ctrl Pts',(-48.2433744400558,27.0671187896194,-9.3248422925519));
#6825=CARTESIAN_POINT('Ctrl Pts',(-48.2467215944083,27.0615479859403,-9.34366833786591));
#6826=CARTESIAN_POINT('Ctrl Pts',(-48.2508086058683,27.0556079385767,-9.36229665359464));
#6827=CARTESIAN_POINT('Ctrl Pts',(-48.2556171691829,27.0492999922791,-9.38071065455286));
#6828=CARTESIAN_POINT('Ctrl Pts',(-48.2653355456838,27.0365512785664,-9.41792638459349));
#6829=CARTESIAN_POINT('Ctrl Pts',(-48.2778583708467,27.0224813612356,-9.45373007413352));
#6830=CARTESIAN_POINT('Ctrl Pts',(-48.2928020348659,27.0072474359703,-9.4881074559867));
#6831=CARTESIAN_POINT('Ctrl Pts',(-48.2961752304058,27.0038087204923,-9.49586737557495));
#6832=CARTESIAN_POINT('Ctrl Pts',(-48.2996719346018,27.0003108140784,-9.50355469169405));
#6833=CARTESIAN_POINT('Ctrl Pts',(-48.3032880120005,26.9967557237732,-9.51116936312628));
#6834=CARTESIAN_POINT('Ctrl Pts',(-48.3208787069906,26.9794617053313,-9.54821153558141));
#6835=CARTESIAN_POINT('Ctrl Pts',(-48.3411813333182,26.9609203971674,-9.58329753662771));
#6836=CARTESIAN_POINT('Ctrl Pts',(-48.3635957795853,26.9414690747098,-9.61645727797068));
#6837=CARTESIAN_POINT('Ctrl Pts',(-48.383120653511,26.9245253316369,-9.64534221054563));
#6838=CARTESIAN_POINT('Ctrl Pts',(-48.4042493695731,26.9068920553249,-9.67276615050584));
#6839=CARTESIAN_POINT('Ctrl Pts',(-48.4266112036448,26.8888066915935,-9.69876038688273));
#6840=CARTESIAN_POINT('Ctrl Pts',(-48.4587524230698,26.8628121491867,-9.73612254834483));
#6841=CARTESIAN_POINT('Ctrl Pts',(-48.4937917092279,26.8355976334507,-9.77094189702629));
#6842=CARTESIAN_POINT('Ctrl Pts',(-48.5308954615082,26.8077874502852,-9.80322713675699));
#6843=CARTESIAN_POINT('Ctrl Pts',(-48.5851139316564,26.767149361329,-9.85040447594744));
#6844=CARTESIAN_POINT('Ctrl Pts',(-48.6437482167681,26.7252442011317,-9.89217409141727));
#6845=CARTESIAN_POINT('Ctrl Pts',(-48.7042796850197,26.6840464546495,-9.92859974501628));
#6846=CARTESIAN_POINT('Ctrl Pts',(-48.71120579997,26.6793325374743,-9.93276763109695));
#6847=CARTESIAN_POINT('Ctrl Pts',(-48.7181567040367,26.6746278373954,-9.93686553030225));
#6848=CARTESIAN_POINT('Ctrl Pts',(-48.7251285559806,26.6699352634498,-9.94089350785143));
#6849=CARTESIAN_POINT('Ctrl Pts',(-48.7251285520737,26.6699352628643,-9.94089351421387));
#6850=CARTESIAN_POINT('Ctrl Pts',(-48.7728569921156,26.6770897173098,-9.86316423653909));
#6851=CARTESIAN_POINT('Ctrl Pts',(-48.8191728801458,26.6839376492966,-9.78455108114133));
#6852=CARTESIAN_POINT('Ctrl Pts',(-48.863980895609,26.689985582922,-9.70502584989487));
#6853=CARTESIAN_POINT('Ctrl Pts',(-48.9085790160694,26.6960051861017,-9.62587314013724));
#6854=CARTESIAN_POINT('Ctrl Pts',(-48.951684223082,26.7012314637561,-9.54581538378164));
#6855=CARTESIAN_POINT('Ctrl Pts',(-48.9931794323284,26.7051645974489,-9.4648700190495));
#6856=CARTESIAN_POINT('Origin',(-46.9499999999426,26.85,11.));
#6857=CARTESIAN_POINT('',(-47.1999999999426,27.1,4.4689311356962));
#6858=CARTESIAN_POINT('',(-46.6999999999425,26.6,4.4689311356962));
#6859=CARTESIAN_POINT('',(-47.1999999999426,27.1,4.4689311356962));
#6860=CARTESIAN_POINT('',(-46.6999999999426,26.6,-14.8338096210309));
#6861=CARTESIAN_POINT('',(-46.6999999999425,26.6,11.));
#6862=CARTESIAN_POINT('',(-47.1999999999426,27.1,-14.8338096210309));
#6863=CARTESIAN_POINT('',(-46.6999999999426,26.6,-14.8338096210309));
#6864=CARTESIAN_POINT('',(-47.1999999999426,27.1,11.));
#6865=CARTESIAN_POINT('Origin',(-47.6999999999425,26.85,-14.8338096210309));
#6866=CARTESIAN_POINT('',(-48.2144957553701,26.6,-15.6913025467435));
#6867=CARTESIAN_POINT('Origin',(-47.6999999999425,26.6,-14.8338096210309));
#6868=CARTESIAN_POINT('',(-47.9572478776563,27.1,-15.2625560838872));
#6869=CARTESIAN_POINT('',(-48.2144957553701,26.6,-15.6913025467435));
#6870=CARTESIAN_POINT('Origin',(-47.6999999999425,27.1,-14.8338096210309));
#6871=CARTESIAN_POINT('Origin',(-37.5750525316739,26.85,-21.7834208862189));
#6872=CARTESIAN_POINT('',(-52.7144957553701,26.6,-12.9913025467435));
#6873=CARTESIAN_POINT('',(-37.7036764705308,26.6,-21.997794117647));
#6874=CARTESIAN_POINT('',(-52.4572478776563,27.1,-12.5625560838872));
#6875=CARTESIAN_POINT('',(-52.7144957553701,26.6,-12.9913025467435));
#6876=CARTESIAN_POINT('',(-37.446428592817,27.1,-21.5690476547908));
#6877=CARTESIAN_POINT('Origin',(-52.1999999999426,26.85,-12.1338096210309));
#6878=CARTESIAN_POINT('',(-53.1999999999426,26.6,-12.1338096210309));
#6879=CARTESIAN_POINT('Origin',(-52.1999999999426,26.6,-12.1338096210309));
#6880=CARTESIAN_POINT('',(-52.6999999999426,27.1,-12.1338096210309));
#6881=CARTESIAN_POINT('',(-53.1999999999426,26.6,-12.1338096210309));
#6882=CARTESIAN_POINT('Origin',(-52.1999999999426,27.1,-12.1338096210309));
#6883=CARTESIAN_POINT('Origin',(-52.9499999999425,26.85,-5.44999999999999));
#6884=CARTESIAN_POINT('',(-53.1999999999426,26.6,-11.5));
#6885=CARTESIAN_POINT('',(-53.1999999999426,26.6,-5.44999999999999));
#6886=CARTESIAN_POINT('',(-52.6999999999426,27.1,-11.5));
#6887=CARTESIAN_POINT('',(-53.1999999999426,26.6,-11.5));
#6888=CARTESIAN_POINT('',(-52.6999999999426,27.1,-5.44999999999999));
#6889=CARTESIAN_POINT('Origin',(-52.1999999999426,26.85,-11.5));
#6890=CARTESIAN_POINT('',(-52.1999999999426,26.6,-10.5));
#6891=CARTESIAN_POINT('Origin',(-52.1999999999426,26.6,-11.5));
#6892=CARTESIAN_POINT('',(-52.1999999999426,27.1,-11.));
#6893=CARTESIAN_POINT('',(-52.1999999999426,26.6,-10.5));
#6894=CARTESIAN_POINT('Origin',(-52.1999999999426,27.1,-11.5));
#6895=CARTESIAN_POINT('Origin',(-50.5749999999425,26.85,-10.75));
#6896=CARTESIAN_POINT('',(-49.6999999999425,26.6,-10.5));
#6897=CARTESIAN_POINT('',(-50.5749999999425,26.6,-10.5));
#6898=CARTESIAN_POINT('',(-49.6999999999425,27.1,-11.));
#6899=CARTESIAN_POINT('',(-49.6999999999425,26.6,-10.5));
#6900=CARTESIAN_POINT('',(-50.5749999999425,27.1,-11.));
#6901=CARTESIAN_POINT('Origin',(-49.6999999999425,26.85,-9.5));
#6902=CARTESIAN_POINT('Origin',(-49.6999999999425,27.1,-9.5));
#6903=CARTESIAN_POINT('',(-48.791620855115,26.5999999947576,-9.91814748902619));
#6904=CARTESIAN_POINT('Origin',(-49.6999999999425,26.6,-9.5));
#6905=CARTESIAN_POINT('Ctrl Pts',(-48.7916208603482,26.5999999900046,-9.91814748445866));
#6906=CARTESIAN_POINT('Ctrl Pts',(-48.7694773226482,26.6233124103276,-9.92579476797772));
#6907=CARTESIAN_POINT('Ctrl Pts',(-48.7473131162397,26.6466238431006,-9.93337561389615));
#6908=CARTESIAN_POINT('Ctrl Pts',(-48.7251285517872,26.6699352515118,-9.94089352682836));
#6909=CARTESIAN_POINT('Ctrl Pts',(-46.6999999999425,26.6000797257439,4.60285970712477));
#6910=CARTESIAN_POINT('Ctrl Pts',(-46.6999999999425,26.6003121625569,4.70090141523484));
#6911=CARTESIAN_POINT('Ctrl Pts',(-46.7219117578002,26.6017803360405,4.90116491986874));
#6912=CARTESIAN_POINT('Ctrl Pts',(-46.7812690592096,26.6108925584174,5.11219600880735));
#6913=CARTESIAN_POINT('Ctrl Pts',(-46.8175526255009,26.6278858892256,5.22898814765894));
#6914=CARTESIAN_POINT('Ctrl Pts',(-46.8681415928629,26.7667198171626,4.58034074378722));
#6915=CARTESIAN_POINT('Ctrl Pts',(-46.8702724365519,26.7668747750379,4.66161218207183));
#6916=CARTESIAN_POINT('Ctrl Pts',(-46.8937734999072,26.7678535573603,4.82631842767225));
#6917=CARTESIAN_POINT('Ctrl Pts',(-46.9507541682103,26.7739283722783,4.99437955103193));
#6918=CARTESIAN_POINT('Ctrl Pts',(-46.9854191053495,26.7852572594837,5.08440378061587));
#6919=CARTESIAN_POINT('Ctrl Pts',(-47.0362831857833,26.9333599085813,4.55782178044967));
#6920=CARTESIAN_POINT('Ctrl Pts',(-47.0405448731613,26.933437387519,4.62232294890882));
#6921=CARTESIAN_POINT('Ctrl Pts',(-47.0656352420142,26.9339267786802,4.75147193547576));
#6922=CARTESIAN_POINT('Ctrl Pts',(-47.120239277211,26.9369641861391,4.87656309325651));
#6923=CARTESIAN_POINT('Ctrl Pts',(-47.1532855851982,26.9426286297419,4.93981941357279));
#6924=CARTESIAN_POINT('Ctrl Pts',(-47.2044247787036,27.1,4.53530281711213));
#6925=CARTESIAN_POINT('Ctrl Pts',(-47.2108173097706,27.1,4.5830337157458));
#6926=CARTESIAN_POINT('Ctrl Pts',(-47.2374969841213,27.1,4.67662544327927));
#6927=CARTESIAN_POINT('Ctrl Pts',(-47.2897243862117,27.1,4.75874663548108));
#6928=CARTESIAN_POINT('Ctrl Pts',(-47.3211520650468,27.1,4.79523504652972));
#6929=CARTESIAN_POINT('',(-46.6999999999425,26.6000797257439,4.60285970712477));
#6930=CARTESIAN_POINT('',(-47.2044247787036,27.1,4.53530281711213));
#6931=CARTESIAN_POINT('',(-46.6999999999425,26.6000797257439,4.60285970712477));
#6932=CARTESIAN_POINT('',(-47.3211520649431,27.1,4.79523504640931));
#6933=CARTESIAN_POINT('Ctrl Pts',(-47.2044247787036,27.1,4.53530281711213));
#6934=CARTESIAN_POINT('Ctrl Pts',(-47.2108171500616,27.1,4.58303252325217));
#6935=CARTESIAN_POINT('Ctrl Pts',(-47.2241566860831,27.0999999999998,4.62982866846901));
#6936=CARTESIAN_POINT('Ctrl Pts',(-47.2636114086854,27.0999999999998,4.71768753531562));
#6937=CARTESIAN_POINT('Ctrl Pts',(-47.2897253820953,27.1,4.75874779170608));
#6938=CARTESIAN_POINT('Ctrl Pts',(-47.3211520649431,27.1,4.79523504640932));
#6939=CARTESIAN_POINT('',(-46.8175526257131,26.6278858903083,5.22898814640747));
#6940=CARTESIAN_POINT('',(-47.3211520649431,27.1,4.79523504640931));
#6941=CARTESIAN_POINT('Ctrl Pts',(-46.8175526253811,26.6278858891695,5.22898814727354));
#6942=CARTESIAN_POINT('Ctrl Pts',(-46.7812690591443,26.6108925584074,5.11219600857523));
#6943=CARTESIAN_POINT('Ctrl Pts',(-46.7219117577881,26.6017803360397,4.9011649197586));
#6944=CARTESIAN_POINT('Ctrl Pts',(-46.6999999999425,26.6003121625569,4.70090141523484));
#6945=CARTESIAN_POINT('Ctrl Pts',(-46.6999999999425,26.6000797257439,4.60285970712477));
#6946=CARTESIAN_POINT('Ctrl Pts',(-46.6999999999425,26.6,4.4689311356962));
#6947=CARTESIAN_POINT('Ctrl Pts',(-46.6999999999425,26.6,4.51330991154675));
#6948=CARTESIAN_POINT('Ctrl Pts',(-46.6999999999425,26.5999726255634,4.55768491528519));
#6949=CARTESIAN_POINT('Ctrl Pts',(-46.6999999999425,26.6000797257439,4.60285970712477));
#6950=CARTESIAN_POINT('Ctrl Pts',(-46.8666666666092,26.7666666666667,4.4689311356962));
#6951=CARTESIAN_POINT('Ctrl Pts',(-46.8666666666092,26.7666666666667,4.50591344890499));
#6952=CARTESIAN_POINT('Ctrl Pts',(-46.8671597615388,26.7666484170423,4.54289320867402));
#6953=CARTESIAN_POINT('Ctrl Pts',(-46.8681415928629,26.7667198171626,4.58034074378722));
#6954=CARTESIAN_POINT('Ctrl Pts',(-47.0333333332759,26.9333333333333,4.4689311356962));
#6955=CARTESIAN_POINT('Ctrl Pts',(-47.0333333332759,26.9333333333333,4.49851698626323));
#6956=CARTESIAN_POINT('Ctrl Pts',(-47.034319523135,26.9333242085211,4.52810150206285));
#6957=CARTESIAN_POINT('Ctrl Pts',(-47.0362831857833,26.9333599085813,4.55782178044968));
#6958=CARTESIAN_POINT('Ctrl Pts',(-47.1999999999425,27.1,4.4689311356962));
#6959=CARTESIAN_POINT('Ctrl Pts',(-47.1999999999425,27.1,4.49112052362147));
#6960=CARTESIAN_POINT('Ctrl Pts',(-47.2014792847312,27.1,4.51330979545168));
#6961=CARTESIAN_POINT('Ctrl Pts',(-47.2044247787036,27.1,4.53530281711213));
#6962=CARTESIAN_POINT('Ctrl Pts',(-46.6999999999425,26.6000797257439,4.60285970712477));
#6963=CARTESIAN_POINT('Ctrl Pts',(-46.6999999999425,26.5999726255634,4.55768491528519));
#6964=CARTESIAN_POINT('Ctrl Pts',(-46.6999999999425,26.6,4.51330991154675));
#6965=CARTESIAN_POINT('Ctrl Pts',(-46.6999999999425,26.6,4.4689311356962));
#6966=CARTESIAN_POINT('Origin',(-47.5753392612243,27.1,4.47724185159518));
#6967=CARTESIAN_POINT('Ctrl Pts',(-46.8175526253811,26.6278858891695,5.22898814727353));
#6968=CARTESIAN_POINT('Ctrl Pts',(-46.8792469976241,26.6567803161042,5.42757440381525));
#6969=CARTESIAN_POINT('Ctrl Pts',(-47.1107815246434,26.7724795295391,5.78355436268321));
#6970=CARTESIAN_POINT('Ctrl Pts',(-47.5253811788484,26.8313374817685,5.89061875858491));
#6971=CARTESIAN_POINT('Ctrl Pts',(-47.6999999999425,26.8313374817685,5.89061875858492));
#6972=CARTESIAN_POINT('Ctrl Pts',(-46.9854191052351,26.7852572594464,5.08440378031879));
#6973=CARTESIAN_POINT('Ctrl Pts',(-47.0443612586156,26.8045202107361,5.23747551043951));
#6974=CARTESIAN_POINT('Ctrl Pts',(-47.2389416596657,26.8816530196927,5.50312779979852));
#6975=CARTESIAN_POINT('Ctrl Pts',(-47.5631166146631,26.9208916545124,5.58338955095534));
#6976=CARTESIAN_POINT('Ctrl Pts',(-47.6999999999425,26.9208916545124,5.58338955095534));
#6977=CARTESIAN_POINT('Ctrl Pts',(-47.1532855850891,26.9426286297232,4.93981941336405));
#6978=CARTESIAN_POINT('Ctrl Pts',(-47.2094755196071,26.9522601053681,5.04737661706376));
#6979=CARTESIAN_POINT('Ctrl Pts',(-47.367101794688,26.9908265098463,5.22270123691383));
#6980=CARTESIAN_POINT('Ctrl Pts',(-47.6008520504777,27.0104458272562,5.27616034332577));
#6981=CARTESIAN_POINT('Ctrl Pts',(-47.6999999999425,27.0104458272562,5.27616034332577));
#6982=CARTESIAN_POINT('Ctrl Pts',(-47.3211520649431,27.1,4.79523504640931));
#6983=CARTESIAN_POINT('Ctrl Pts',(-47.3745897805986,27.1,4.85727772368802));
#6984=CARTESIAN_POINT('Ctrl Pts',(-47.4952619297103,27.1,4.94227467402915));
#6985=CARTESIAN_POINT('Ctrl Pts',(-47.6385874862923,27.1,4.9689311356962));
#6986=CARTESIAN_POINT('Ctrl Pts',(-47.6999999999425,27.1,4.9689311356962));
#6987=CARTESIAN_POINT('Ctrl Pts',(-47.6999999999425,26.8313374817685,5.89061875858492));
#6988=CARTESIAN_POINT('Ctrl Pts',(-47.5253811788484,26.8313374817685,5.89061875858491));
#6989=CARTESIAN_POINT('Ctrl Pts',(-47.1107815246434,26.7724795295391,5.78355436268321));
#6990=CARTESIAN_POINT('Ctrl Pts',(-46.8792469976241,26.6567803161042,5.42757440381525));
#6991=CARTESIAN_POINT('Ctrl Pts',(-46.8175526253811,26.6278858891695,5.22898814727353));
#6992=CARTESIAN_POINT('Ctrl Pts',(-47.3211520649431,27.1,4.79523504640931));
#6993=CARTESIAN_POINT('Ctrl Pts',(-47.3745897805986,27.1,4.85727772368802));
#6994=CARTESIAN_POINT('Ctrl Pts',(-47.4952619297103,27.1,4.94227467402915));
#6995=CARTESIAN_POINT('Ctrl Pts',(-47.6385874862923,27.1,4.9689311356962));
#6996=CARTESIAN_POINT('Ctrl Pts',(-47.6999999999425,27.1,4.9689311356962));
#6997=CARTESIAN_POINT('Origin',(-49.6999999999425,1.5,-9.5));
#6998=CARTESIAN_POINT('',(-49.6999999999425,1.5,-10.5));
#6999=CARTESIAN_POINT('',(-49.6999999999425,1.5,-10.5));
#7000=CARTESIAN_POINT('',(-48.6999999999426,1.5,-9.5));
#7001=CARTESIAN_POINT('Origin',(-49.6999999999425,1.5,-9.5));
#7002=CARTESIAN_POINT('',(-48.6999999999426,1.57145787565054,-9.5));
#7003=CARTESIAN_POINT('',(-48.6999999999426,1.5,-9.5));
#7004=CARTESIAN_POINT('',(-48.6999999999426,6.02854212434946,-9.5));
#7005=CARTESIAN_POINT('Ctrl Pts',(-48.6999999999425,6.02854212434946,-9.5));
#7006=CARTESIAN_POINT('Ctrl Pts',(-48.6999999999425,6.01608027950631,-9.52136288167696));
#7007=CARTESIAN_POINT('Ctrl Pts',(-48.7006862097996,6.00264011031997,-9.54233233615608));
#7008=CARTESIAN_POINT('Ctrl Pts',(-48.7071939375921,5.9305565779493,-9.64577437582113));
#7009=CARTESIAN_POINT('Ctrl Pts',(-48.7224640209842,5.85883455783202,-9.72006926368132));
#7010=CARTESIAN_POINT('Ctrl Pts',(-48.8050140537773,5.5289976917724,-10.0021973625144));
#7011=CARTESIAN_POINT('Ctrl Pts',(-48.9157350564207,5.20562770621801,-10.1320088403572));
#7012=CARTESIAN_POINT('Ctrl Pts',(-49.0882264894512,4.5155012341448,-10.3001491938479));
#7013=CARTESIAN_POINT('Ctrl Pts',(-49.146891061896,4.14667583269352,-10.3331089380465));
#7014=CARTESIAN_POINT('Ctrl Pts',(-49.146891061896,3.45332416730648,-10.3331089380465));
#7015=CARTESIAN_POINT('Ctrl Pts',(-49.0882264894512,3.0844987658552,-10.3001491938479));
#7016=CARTESIAN_POINT('Ctrl Pts',(-48.9157350564207,2.39437229378199,-10.1320088403572));
#7017=CARTESIAN_POINT('Ctrl Pts',(-48.8050140537773,2.0710023082276,-10.0021973625144));
#7018=CARTESIAN_POINT('Ctrl Pts',(-48.7224640209842,1.74116544216798,-9.72006926368132));
#7019=CARTESIAN_POINT('Ctrl Pts',(-48.7071939375921,1.6694434220507,-9.64577437582113));
#7020=CARTESIAN_POINT('Ctrl Pts',(-48.7006862097996,1.59735988968003,-9.54233233615608));
#7021=CARTESIAN_POINT('Ctrl Pts',(-48.6999999999425,1.58391972049369,-9.52136288167696));
#7022=CARTESIAN_POINT('Ctrl Pts',(-48.6999999999425,1.57145787565055,-9.5));
#7023=CARTESIAN_POINT('',(-48.6999999999426,22.5714578756505,-9.5));
#7024=CARTESIAN_POINT('',(-48.6999999999426,1.5,-9.5));
#7025=CARTESIAN_POINT('Ctrl Pts',(-48.7916208522794,26.5999999950735,-9.91814749083416));
#7026=CARTESIAN_POINT('Ctrl Pts',(-48.8556175064624,26.378825267066,-10.0571731395688));
#7027=CARTESIAN_POINT('Ctrl Pts',(-48.9354806207476,26.1266270485699,-10.1512563247538));
#7028=CARTESIAN_POINT('Ctrl Pts',(-49.0882264894512,25.5155012341448,-10.3001491938479));
#7029=CARTESIAN_POINT('Ctrl Pts',(-49.146891061896,25.1466758326935,-10.3331089380465));
#7030=CARTESIAN_POINT('Ctrl Pts',(-49.146891061896,24.4533241673065,-10.3331089380465));
#7031=CARTESIAN_POINT('Ctrl Pts',(-49.0882264894512,24.0844987658552,-10.3001491938479));
#7032=CARTESIAN_POINT('Ctrl Pts',(-48.9157350564207,23.394372293782,-10.1320088403571));
#7033=CARTESIAN_POINT('Ctrl Pts',(-48.8050140537773,23.0710023082276,-10.0021973625144));
#7034=CARTESIAN_POINT('Ctrl Pts',(-48.7224640209842,22.741165442168,-9.72006926368132));
#7035=CARTESIAN_POINT('Ctrl Pts',(-48.7071939375921,22.6694434220507,-9.64577437582114));
#7036=CARTESIAN_POINT('Ctrl Pts',(-48.7006862097996,22.59735988968,-9.54233233615607));
#7037=CARTESIAN_POINT('Ctrl Pts',(-48.6999999999425,22.5839197204937,-9.52136288167695));
#7038=CARTESIAN_POINT('Ctrl Pts',(-48.6999999999425,22.5714578756505,-9.49999999999998));
#7039=CARTESIAN_POINT('Origin',(-51.1999999999425,1.5,-10.5));
#7040=CARTESIAN_POINT('',(-52.1999999999426,3.5,-10.5));
#7041=CARTESIAN_POINT('',(-52.1999999999426,0.75,-10.5));
#7042=CARTESIAN_POINT('',(-51.3180339886924,3.5,-10.5));
#7043=CARTESIAN_POINT('',(-51.5749999999425,3.5,-10.5));
#7044=CARTESIAN_POINT('',(-50.1999999999425,3.,-10.5));
#7045=CARTESIAN_POINT('Ctrl Pts',(-51.3180339886924,3.5,-10.5));
#7046=CARTESIAN_POINT('Ctrl Pts',(-50.6472135954425,3.,-10.5));
#7047=CARTESIAN_POINT('Ctrl Pts',(-50.1999999999425,3.,-10.5));
#7048=CARTESIAN_POINT('',(-50.1999999999425,1.5,-10.5));
#7049=CARTESIAN_POINT('',(-50.1999999999425,1.5,-10.5));
#7050=CARTESIAN_POINT('',(-32.6999999999234,1.5,-10.5));
#7051=CARTESIAN_POINT('Origin',(-52.1999999999426,0.75,-11.5));
#7052=CARTESIAN_POINT('',(-53.1999999999426,3.,-11.5));
#7053=CARTESIAN_POINT('',(-53.1999999999426,0.75,-11.5));
#7054=CARTESIAN_POINT('',(-52.6999999999425,3.5,-10.6339745962156));
#7055=CARTESIAN_POINT('Origin',(-52.1999999999426,4.,-11.5));
#7056=CARTESIAN_POINT('Origin',(-52.1999999999426,3.5,-11.5));
#7057=CARTESIAN_POINT('Origin',(-53.1999999999426,0.,-12.7));
#7058=CARTESIAN_POINT('',(-53.1999999999426,0.5,-12.1338096210309));
#7059=CARTESIAN_POINT('',(-53.1999999999426,0.,-12.1338096210309));
#7060=CARTESIAN_POINT('',(-53.1999999999425,0.5,15.7338096210309));
#7061=CARTESIAN_POINT('',(-53.1999999999426,0.5,-8.27500000063015));
#7062=CARTESIAN_POINT('',(-53.1999999999425,3.,15.7338096210309));
#7063=CARTESIAN_POINT('',(-53.1999999999425,0.,15.7338096210309));
#7064=CARTESIAN_POINT('',(-53.1999999999425,3.,3.54999999936985));
#7065=CARTESIAN_POINT('Origin',(-52.1999999999426,0.,-12.1338096210309));
#7066=CARTESIAN_POINT('',(-52.7144957553701,0.5,-12.9913025467435));
#7067=CARTESIAN_POINT('',(-52.7144957553701,0.,-12.9913025467435));
#7068=CARTESIAN_POINT('Origin',(-52.1999999999426,0.5,-12.1338096210309));
#7069=CARTESIAN_POINT('Origin',(-18.1999999999425,0.,-33.7));
#7070=CARTESIAN_POINT('',(-48.2144957553701,13.0857864376269,-15.6913025467435));
#7071=CARTESIAN_POINT('',(-48.2144957553701,0.75,-15.6913025467435));
#7072=CARTESIAN_POINT('',(-47.3683191398909,12.2396098221477,-16.199008516031));
#7073=CARTESIAN_POINT('',(-38.9791141175746,3.85040479983139,-21.2325315294208));
#7074=CARTESIAN_POINT('',(-47.3683191398909,1.,-16.199008516031));
#7075=CARTESIAN_POINT('',(-47.3683191398909,0.75,-16.199008516031));
#7076=CARTESIAN_POINT('',(-18.6417955874327,1.,-33.4349226475058));
#7077=CARTESIAN_POINT('',(-22.4647058822814,1.,-31.1411764705967));
#7078=CARTESIAN_POINT('',(-18.6417955874327,0.5,-33.4349226475058));
#7079=CARTESIAN_POINT('',(-18.6417955874327,0.,-33.4349226475058));
#7080=CARTESIAN_POINT('',(-18.589705882028,0.5,-33.4661764707487));
#7081=CARTESIAN_POINT('Origin',(-47.6999999999425,0.75,-14.8338096210309));
#7082=CARTESIAN_POINT('',(-46.6999999999426,13.5,-14.8338096210309));
#7083=CARTESIAN_POINT('',(-46.6999999999426,0.75,-14.8338096210309));
#7084=CARTESIAN_POINT('',(-46.7140908158637,13.5140908159212,-15.0010910627663));
#7085=CARTESIAN_POINT('Origin',(-47.6999999999425,14.5,-14.8338096210309));
#7086=CARTESIAN_POINT('Origin',(-47.6999999999425,13.0857864376269,-14.8338096210309));
#7087=CARTESIAN_POINT('Origin',(-46.6999999999425,1.5,20.2));
#7088=CARTESIAN_POINT('',(-46.6999999999425,26.2085271317829,5.01585705209302));
#7089=CARTESIAN_POINT('Origin',(-46.6999999999425,27.1,5.4689311356962));
#7090=CARTESIAN_POINT('',(-46.6999999999425,25.1625400213447,5.83784418356456));
#7091=CARTESIAN_POINT('Origin',(-46.6999999999425,24.8,4.3));
#7092=CARTESIAN_POINT('',(-46.6999999999425,24.9837209302325,5.88000000000001));
#7093=CARTESIAN_POINT('',(-46.6999999999425,12.2044114313831,8.89266616475101));
#7094=CARTESIAN_POINT('',(-46.6999999999425,13.5,5.88000000000001));
#7095=CARTESIAN_POINT('',(-46.6999999999425,2.5,5.88000000000001));
#7096=CARTESIAN_POINT('',(-46.6999999999425,13.5,19.9999999993699));
#7097=CARTESIAN_POINT('Ctrl Pts',(-46.6999999999425,26.2085271283418,5.01585705886318));
#7098=CARTESIAN_POINT('Ctrl Pts',(-46.6999999999425,26.3430098907613,4.75124749382247));
#7099=CARTESIAN_POINT('Ctrl Pts',(-46.6999999999425,26.6000797257437,4.60285970712443));
#7100=CARTESIAN_POINT('Ctrl Pts',(-46.6999999999425,26.4313002943404,5.12907726974945));
#7101=CARTESIAN_POINT('Ctrl Pts',(-46.6999999999424,26.5321767051718,4.93059188238291));
#7102=CARTESIAN_POINT('Ctrl Pts',(-46.6999999999424,26.7250064910825,4.81928522074091));
#7103=CARTESIAN_POINT('Ctrl Pts',(-46.8175526257132,26.6278858897247,5.2289881475557));
#7104=CARTESIAN_POINT('Ctrl Pts',(-46.8175526257131,26.6991064638397,5.08885386715083));
#7105=CARTESIAN_POINT('Ctrl Pts',(-46.8175526257132,26.8352477871267,5.010269346948));
#7106=CARTESIAN_POINT('Origin',(-47.6999999999425,26.2085271317829,5.01585705209302));
#7107=CARTESIAN_POINT('Origin',(-49.9499999999425,27.1,1.80000000000001));
#7108=CARTESIAN_POINT('Origin',(12.2499999997582,3.84999999999999,37.3));
#7109=CARTESIAN_POINT('',(12.4999999997582,3.59999999999999,35.3));
#7110=CARTESIAN_POINT('',(11.9999999997582,4.09999999999999,35.3));
#7111=CARTESIAN_POINT('',(12.4999999997582,3.59999999999999,37.3));
#7112=CARTESIAN_POINT('Origin',(10.4999999997582,3.85,35.3));
#7113=CARTESIAN_POINT('',(10.4999999997582,4.09999999999999,36.8));
#7114=CARTESIAN_POINT('Origin',(10.4999999997582,3.6,35.3));
#7115=CARTESIAN_POINT('Origin',(-11.8500000000922,3.85,37.05));
#7116=CARTESIAN_POINT('',(-5.50000000024183,4.1,36.8));
#7117=CARTESIAN_POINT('Origin',(-5.50000000024183,6.3,37.05));
#7118=CARTESIAN_POINT('',(-7.70000000024182,6.3,36.8));
#7119=CARTESIAN_POINT('Origin',(-5.50000000024183,6.3,36.8));
#7120=CARTESIAN_POINT('Origin',(-7.95000000024182,7.3,37.05));
#7121=CARTESIAN_POINT('',(-6.90000000024182,14.6,36.));
#7122=CARTESIAN_POINT('Ctrl Pts',(-11.699999999951,3.82286755792759,-52.3182192513525));
#7123=CARTESIAN_POINT('Ctrl Pts',(-11.9921197636259,3.8228675579277,-52.3182192513525));
#7124=CARTESIAN_POINT('Ctrl Pts',(-12.2700256818742,3.66462525165775,-52.2902080848168));
#7125=CARTESIAN_POINT('Ctrl Pts',(-12.4425991029739,3.43722758847637,-52.2627724115236));
#7126=CARTESIAN_POINT('Ctrl Pts',(-11.6999999999511,3.54857837195173,-52.4454795009016));
#7127=CARTESIAN_POINT('Ctrl Pts',(-11.9183687056985,3.54857837195181,-52.4454795009016));
#7128=CARTESIAN_POINT('Ctrl Pts',(-12.1299591087604,3.43448262861251,-52.4268053898778));
#7129=CARTESIAN_POINT('Ctrl Pts',(-12.2743354015258,3.25569977065834,-52.4085149410157));
#7130=CARTESIAN_POINT('Ctrl Pts',(-11.6999999999512,3.27428918597586,-52.5727397504508));
#7131=CARTESIAN_POINT('Ctrl Pts',(-11.8446176477711,3.27428918597591,-52.5727397504508));
#7132=CARTESIAN_POINT('Ctrl Pts',(-11.9898925356466,3.20434000556728,-52.5634026949389));
#7133=CARTESIAN_POINT('Ctrl Pts',(-12.1060717000778,3.0741719528403,-52.5542574705079));
#7134=CARTESIAN_POINT('Ctrl Pts',(-11.6999999999513,3.,-52.7));
#7135=CARTESIAN_POINT('Ctrl Pts',(-11.7708665898437,3.00000000000002,-52.7));
#7136=CARTESIAN_POINT('Ctrl Pts',(-11.8498259625328,2.97419738252204,-52.7));
#7137=CARTESIAN_POINT('Ctrl Pts',(-11.9378079986297,2.89264413502226,-52.7));
#7138=CARTESIAN_POINT('',(-11.6999999999514,3.,-52.7));
#7139=CARTESIAN_POINT('',(-12.4425991029739,3.43722758847639,-52.2627724115236));
#7140=CARTESIAN_POINT('Ctrl Pts',(-12.4425991029739,3.43722758847641,-52.2627724115236));
#7141=CARTESIAN_POINT('Ctrl Pts',(-12.4212615952881,3.4206456148339,-52.2793543851661));
#7142=CARTESIAN_POINT('Ctrl Pts',(-12.3997659985924,3.40402650221024,-52.2959734977898));
#7143=CARTESIAN_POINT('Ctrl Pts',(-12.2617853835479,3.29803373680374,-52.4019662631963));
#7144=CARTESIAN_POINT('Ctrl Pts',(-12.1421139520241,3.20915162563613,-52.490848374355));
#7145=CARTESIAN_POINT('Ctrl Pts',(-12.0001851289854,3.11559973516234,-52.5844002648288));
#7146=CARTESIAN_POINT('Ctrl Pts',(-11.9540461002625,3.08674104835414,-52.6132589516459));
#7147=CARTESIAN_POINT('Ctrl Pts',(-11.868383911186,3.0410575646259,-52.6589424353741));
#7148=CARTESIAN_POINT('Ctrl Pts',(-11.8342454786205,3.02643219328564,-52.6735678067123));
#7149=CARTESIAN_POINT('Ctrl Pts',(-11.7857668974828,3.01094743837022,-52.6890525616278));
#7150=CARTESIAN_POINT('Ctrl Pts',(-11.766814561369,3.00628198473333,-52.6937180152667));
#7151=CARTESIAN_POINT('Ctrl Pts',(-11.7314248543051,3.00111354542928,-52.6988864545707));
#7152=CARTESIAN_POINT('Ctrl Pts',(-11.7158240863443,3.00000000000001,-52.7));
#7153=CARTESIAN_POINT('Ctrl Pts',(-11.6999999999514,3.,-52.7));
#7154=CARTESIAN_POINT('Ctrl Pts',(-12.4425991029739,3.43722758847637,-52.2627724115236));
#7155=CARTESIAN_POINT('Ctrl Pts',(-12.2700256818742,3.66462525165775,-52.2902080848168));
#7156=CARTESIAN_POINT('Ctrl Pts',(-11.9921197636259,3.8228675579277,-52.3182192513525));
#7157=CARTESIAN_POINT('Ctrl Pts',(-11.699999999951,3.82286755792759,-52.3182192513525));
#7158=CARTESIAN_POINT('',(-11.6999999999513,3.82286755792759,-52.3182192513525));
#7159=CARTESIAN_POINT('Origin',(-10.2000000002418,3.41143377896381,-52.5091096256762));
#7160=CARTESIAN_POINT('',(-10.2000000002418,3.00000000000001,-52.7));
#7161=CARTESIAN_POINT('Origin',(-5.50000000024183,6.3,37.3));
#7162=CARTESIAN_POINT('Origin',(-11.6999999999485,13.7223555929567,-39.0637629017912));
#7163=CARTESIAN_POINT('',(-12.4358611661322,3.5,-52.2));
#7164=CARTESIAN_POINT('Origin',(-11.6999999999527,-2.24686614150068,-57.9468661415007));
#7165=CARTESIAN_POINT('',(-12.6999999999512,3.5,-51.1513773907498));
#7166=CARTESIAN_POINT('Origin',(-11.6999999999512,3.5,-51.15137739075));
#7167=CARTESIAN_POINT('',(-12.6999999999511,3.70572017031355,-50.9081197493245));
#7168=CARTESIAN_POINT('',(-12.6999999999485,13.7223555929567,-39.063762901791));
#7169=CARTESIAN_POINT('',(-12.6609681378536,3.95955057205989,-51.0366810354537));
#7170=CARTESIAN_POINT('Ctrl Pts',(-12.6999999999512,3.70572017031356,-50.9081197493245));
#7171=CARTESIAN_POINT('Ctrl Pts',(-12.6999999999512,3.72874999360544,-50.9168447821046));
#7172=CARTESIAN_POINT('Ctrl Pts',(-12.6991895433421,3.75156232767915,-50.926136962157));
#7173=CARTESIAN_POINT('Ctrl Pts',(-12.6926731730689,3.84011180911863,-50.9649627549393));
#7174=CARTESIAN_POINT('Ctrl Pts',(-12.6803633181019,3.90314050628366,-50.9988525193015));
#7175=CARTESIAN_POINT('Ctrl Pts',(-12.6609228449058,3.95956447784176,-51.0366408694278));
#7176=CARTESIAN_POINT('Ctrl Pts',(-11.7009101140469,4.75458476764249,-51.2164922670341));
#7177=CARTESIAN_POINT('Ctrl Pts',(-11.7021314554917,4.7542952820813,-51.2168328532316));
#7178=CARTESIAN_POINT('Ctrl Pts',(-11.703352691564,4.75400390567441,-51.2171722103765));
#7179=CARTESIAN_POINT('Ctrl Pts',(-11.8110261301235,4.72814518447277,-51.2469866649807));
#7180=CARTESIAN_POINT('Ctrl Pts',(-11.9164911131087,4.68821062801841,-51.2671327293176));
#7181=CARTESIAN_POINT('Ctrl Pts',(-12.115116713081,4.58633071942696,-51.2847929943808));
#7182=CARTESIAN_POINT('Ctrl Pts',(-12.2084903320446,4.52496994384842,-51.2828018960006));
#7183=CARTESIAN_POINT('Ctrl Pts',(-12.3804402417696,4.38453213459009,-51.2525912838045));
#7184=CARTESIAN_POINT('Ctrl Pts',(-12.4577688838288,4.30537981646302,-51.2239528382848));
#7185=CARTESIAN_POINT('Ctrl Pts',(-12.5827597763019,4.13654642698351,-51.1453494971525));
#7186=CARTESIAN_POINT('Ctrl Pts',(-12.6304039186752,4.048085978529,-51.0960227847152));
#7187=CARTESIAN_POINT('Ctrl Pts',(-12.6609194493297,3.95951275614952,-51.036720282192));
#7188=CARTESIAN_POINT('Origin',(-16.4499999999426,3.25,-40.2));
#7189=CARTESIAN_POINT('',(-16.1999999999426,3.,-50.));
#7190=CARTESIAN_POINT('',(-16.6999999999426,3.5,-50.));
#7191=CARTESIAN_POINT('',(-16.1999999999426,3.,-50.));
#7192=CARTESIAN_POINT('',(-16.6999999999426,3.5,-48.2));
#7193=CARTESIAN_POINT('',(-16.6999999999426,3.5,-40.2));
#7194=CARTESIAN_POINT('',(-16.1999999999426,3.,-48.2));
#7195=CARTESIAN_POINT('',(-16.6999999999426,3.5,-48.2));
#7196=CARTESIAN_POINT('',(-16.1999999999426,3.,-40.2));
#7197=CARTESIAN_POINT('Origin',(-15.6999999999426,3.25,-50.));
#7198=CARTESIAN_POINT('',(-15.6999999999426,3.,-50.5));
#7199=CARTESIAN_POINT('Origin',(-15.6999999999426,3.,-50.));
#7200=CARTESIAN_POINT('',(-15.6999999999426,3.5,-51.));
#7201=CARTESIAN_POINT('',(-15.6999999999426,3.,-50.5));
#7202=CARTESIAN_POINT('Origin',(-15.6999999999426,3.5,-50.));
#7203=CARTESIAN_POINT('Origin',(-15.2000000000174,3.25,-50.75));
#7204=CARTESIAN_POINT('',(-12.6999999999511,3.5,-51.));
#7205=CARTESIAN_POINT('',(-12.6999999999511,3.15691785736083,-50.6569178573608));
#7206=CARTESIAN_POINT('',(-12.6999999999488,-7.07499999999986,-40.4250000000002));
#7207=CARTESIAN_POINT('',(-15.2000000000174,3.5,-51.));
#7208=CARTESIAN_POINT('',(-12.7581535370485,3.,-50.5));
#7209=CARTESIAN_POINT('',(-15.2000000000174,3.,-50.5));
#7210=CARTESIAN_POINT('Ctrl Pts',(-12.6999999999511,3.15691785736081,-50.6569178573608));
#7211=CARTESIAN_POINT('Ctrl Pts',(-12.7318304742424,3.07794866894497,-50.577948668945));
#7212=CARTESIAN_POINT('Ctrl Pts',(-12.7581535370477,3.00000000000204,-50.500000000002));
#7213=CARTESIAN_POINT('Origin',(-16.2000000000174,3.25,-47.95));
#7214=CARTESIAN_POINT('',(-16.6999999999426,3.,-47.7));
#7215=CARTESIAN_POINT('',(-16.6999999999426,3.,-47.7));
#7216=CARTESIAN_POINT('',(-17.6999999999425,3.5,-48.2));
#7217=CARTESIAN_POINT('',(-16.2000000000174,3.5,-48.2));
#7218=CARTESIAN_POINT('',(-17.6999999999425,3.,-47.7));
#7219=CARTESIAN_POINT('',(-17.6999999999425,3.5,-48.2));
#7220=CARTESIAN_POINT('',(-16.2000000000174,3.,-47.7));
#7221=CARTESIAN_POINT('Origin',(-12.200000000167,3.25,-52.45));
#7222=CARTESIAN_POINT('',(-16.1999999999425,3.,-52.7));
#7223=CARTESIAN_POINT('',(-11.2000000002044,3.,-52.7));
#7224=CARTESIAN_POINT('',(-16.1999999999425,3.5,-52.2));
#7225=CARTESIAN_POINT('',(-16.1999999999425,3.,-52.7));
#7226=CARTESIAN_POINT('',(-12.200000000167,3.5,-52.2));
#7227=CARTESIAN_POINT('Origin',(-16.1999999999425,3.25,-50.7));
#7228=CARTESIAN_POINT('',(-18.1999999999425,3.,-50.7));
#7229=CARTESIAN_POINT('Origin',(-16.1999999999425,3.,-50.7));
#7230=CARTESIAN_POINT('',(-17.6999999999425,3.5,-50.7));
#7231=CARTESIAN_POINT('',(-18.1999999999425,3.,-50.7));
#7232=CARTESIAN_POINT('Origin',(-16.1999999999425,3.5,-50.7));
#7233=CARTESIAN_POINT('Origin',(-17.9499999999425,3.25,-42.7));
#7234=CARTESIAN_POINT('',(-18.1999999999425,3.,-48.2));
#7235=CARTESIAN_POINT('',(-18.1999999999425,3.,-48.2));
#7236=CARTESIAN_POINT('',(-17.6999999999425,3.5,-42.7));
#7237=CARTESIAN_POINT('',(-18.1999999999425,3.,-42.7));
#7238=CARTESIAN_POINT('Origin',(-17.6999999999425,3.,-48.2));
#7239=CARTESIAN_POINT('Origin',(-17.6999999999425,3.,-48.2));
#7240=CARTESIAN_POINT('Origin',(-16.6999999999426,3.,-48.2));
#7241=CARTESIAN_POINT('Origin',(-16.6999999999426,3.,-48.2));
#7242=CARTESIAN_POINT('Origin',(-16.1999999999426,1.5,-50.5));
#7243=CARTESIAN_POINT('',(-15.6999999999426,1.5,-50.5));
#7244=CARTESIAN_POINT('',(-15.6999999999426,1.5,-50.5));
#7245=CARTESIAN_POINT('',(-12.6999999999426,1.5,-50.5));
#7246=CARTESIAN_POINT('',(-15.1999999999234,1.5,-50.5));
#7247=CARTESIAN_POINT('',(-12.6999999999426,2.88960584136121,-50.5));
#7248=CARTESIAN_POINT('',(-12.6999999999426,1.5,-50.5));
#7249=CARTESIAN_POINT('Ctrl Pts',(-12.6999999999426,2.88960584134542,-50.5));
#7250=CARTESIAN_POINT('Ctrl Pts',(-12.7297582200457,2.94516189635133,-50.5));
#7251=CARTESIAN_POINT('Ctrl Pts',(-12.7581535370487,3.00000000000038,-50.5));
#7252=CARTESIAN_POINT('Origin',(-15.6999999999426,1.5,-50.));
#7253=CARTESIAN_POINT('',(-16.1999999999426,1.5,-50.));
#7254=CARTESIAN_POINT('',(-16.1999999999426,1.5,-50.));
#7255=CARTESIAN_POINT('Origin',(-15.6999999999426,1.5,-50.));
#7256=CARTESIAN_POINT('Origin',(-16.1999999999426,1.5,-47.7));
#7257=CARTESIAN_POINT('',(-16.1999999999426,1.5,-48.2));
#7258=CARTESIAN_POINT('',(-16.1999999999426,1.5,-48.2));
#7259=CARTESIAN_POINT('',(-16.1999999999426,1.5,-27.7));
#7260=CARTESIAN_POINT('Origin',(-16.6999999999426,1.5,-48.2));
#7261=CARTESIAN_POINT('',(-16.6999999999426,1.5,-47.7));
#7262=CARTESIAN_POINT('',(-16.6999999999426,1.5,-47.7));
#7263=CARTESIAN_POINT('Origin',(-16.6999999999426,1.5,-48.2));
#7264=CARTESIAN_POINT('Origin',(-18.1999999999425,1.5,-47.7));
#7265=CARTESIAN_POINT('',(-17.6999999999425,1.5,-47.7));
#7266=CARTESIAN_POINT('',(-17.6999999999425,0.75,-47.7));
#7267=CARTESIAN_POINT('',(-16.1999999999234,1.5,-47.7));
#7268=CARTESIAN_POINT('Origin',(-17.6999999999425,0.75,-48.2));
#7269=CARTESIAN_POINT('',(-18.1999999999425,1.,-48.2));
#7270=CARTESIAN_POINT('',(-18.1999999999425,0.75,-48.2));
#7271=CARTESIAN_POINT('Origin',(-17.6999999999425,1.5,-48.2));
#7272=CARTESIAN_POINT('Origin',(-18.1999999999425,0.,-52.7));
#7273=CARTESIAN_POINT('',(-18.1999999999425,0.5,-50.7));
#7274=CARTESIAN_POINT('',(-18.1999999999425,0.,-50.7));
#7275=CARTESIAN_POINT('',(-18.1999999999425,0.5,-45.));
#7276=CARTESIAN_POINT('',(-18.1999999999426,0.5,-28.2750000006302));
#7277=CARTESIAN_POINT('',(-18.1999999999425,1.,-45.));
#7278=CARTESIAN_POINT('',(-18.1999999999425,0.,-45.));
#7279=CARTESIAN_POINT('',(-18.1999999999425,1.,-30.2));
#7280=CARTESIAN_POINT('Origin',(-16.1999999999425,0.,-50.7));
#7281=CARTESIAN_POINT('',(-16.1999999999425,0.5,-52.7));
#7282=CARTESIAN_POINT('',(-16.1999999999425,0.,-52.7));
#7283=CARTESIAN_POINT('Origin',(-16.1999999999425,0.5,-50.7));
#7284=CARTESIAN_POINT('Origin',(-10.2000000002418,0.,-52.7));
#7285=CARTESIAN_POINT('',(10.4999999997582,0.5,-52.7));
#7286=CARTESIAN_POINT('',(10.4999999997582,2.05,-52.7));
#7287=CARTESIAN_POINT('',(-5.77500000010655,0.5,-52.7));
#7288=CARTESIAN_POINT('Origin',(-19.1999999999425,0.25,3.8));
#7289=CARTESIAN_POINT('',(-22.6999999999425,0.5,3.8));
#7290=CARTESIAN_POINT('',(-15.6999999999425,0.500000000000001,3.8));
#7291=CARTESIAN_POINT('Origin',(-19.1999999999425,0.5,3.8));
#7292=CARTESIAN_POINT('',(-15.4499999999425,0.25,3.8));
#7293=CARTESIAN_POINT('Origin',(-19.1999999999425,0.5,3.8));
#7294=CARTESIAN_POINT('Origin',(-19.1999999999425,0.,3.8));
#7295=CARTESIAN_POINT('',(-22.6999999999425,1.,3.8));
#7296=CARTESIAN_POINT('',(-22.6999999999425,0.,3.8));
#7297=CARTESIAN_POINT('Origin',(-19.1999999999425,1.,3.8));
#7298=CARTESIAN_POINT('Origin',(-15.4499999999425,0.25,-5.37500000063016));
#7299=CARTESIAN_POINT('',(-15.6999999999425,0.5,-13.5));
#7300=CARTESIAN_POINT('',(-15.6999999999425,0.5,-13.5));
#7301=CARTESIAN_POINT('',(-15.6999999999425,0.5,-7.9));
#7302=CARTESIAN_POINT('',(-15.1999999999425,0.,-7.9));
#7303=CARTESIAN_POINT('',(-15.6999999999425,0.5,-5.37500000063016));
#7304=CARTESIAN_POINT('Origin',(-16.6999999999425,0.25,-13.5));
#7305=CARTESIAN_POINT('',(-16.6999999999425,0.5,-14.5));
#7306=CARTESIAN_POINT('Origin',(-16.6999999999425,0.5,-13.5));
#7307=CARTESIAN_POINT('',(-16.6999999999425,0.5,-14.5));
#7308=CARTESIAN_POINT('Origin',(-8.52499999995691,0.25,-14.75));
#7309=CARTESIAN_POINT('',(-18.6999999999425,0.5,-14.5));
#7310=CARTESIAN_POINT('',(-18.6999999999425,0.5,-14.5));
#7311=CARTESIAN_POINT('',(-8.52499999995691,0.5,-14.5));
#7312=CARTESIAN_POINT('Origin',(-18.6999999999425,0.25,-13.5));
#7313=CARTESIAN_POINT('',(-19.6999999999425,0.5,-13.5));
#7314=CARTESIAN_POINT('Origin',(-18.6999999999425,0.5,-13.5));
#7315=CARTESIAN_POINT('',(-19.6999999999425,0.5,-13.5));
#7316=CARTESIAN_POINT('Origin',(-19.9499999999425,0.25,-9.17500000063016));
#7317=CARTESIAN_POINT('',(-19.6999999999425,0.5,-7.9));
#7318=CARTESIAN_POINT('',(-19.6999999999425,0.5,-7.9));
#7319=CARTESIAN_POINT('',(-19.6999999999425,0.5,-9.17500000063016));
#7320=CARTESIAN_POINT('Origin',(-18.6999999999425,0.25,-7.9));
#7321=CARTESIAN_POINT('',(-18.6999999999425,0.5,-6.9));
#7322=CARTESIAN_POINT('Origin',(-18.6999999999425,0.5,-7.9));
#7323=CARTESIAN_POINT('',(-18.6999999999425,0.5,-6.9));
#7324=CARTESIAN_POINT('Origin',(-10.5249999999569,0.25,-6.65));
#7325=CARTESIAN_POINT('',(-16.6999999999426,0.5,-6.9));
#7326=CARTESIAN_POINT('',(-16.6999999999426,0.5,-6.9));
#7327=CARTESIAN_POINT('',(-10.5249999999569,0.5,-6.9));
#7328=CARTESIAN_POINT('Origin',(-16.6999999999426,0.25,-7.9));
#7329=CARTESIAN_POINT('Origin',(-16.6999999999426,0.5,-7.9));
#7330=CARTESIAN_POINT('Origin',(-18.6999999999425,0.,-13.5));
#7331=CARTESIAN_POINT('',(-18.6999999999425,1.,-14.5));
#7332=CARTESIAN_POINT('',(-18.6999999999425,0.,-14.5));
#7333=CARTESIAN_POINT('',(-19.6999999999425,1.,-13.5));
#7334=CARTESIAN_POINT('Origin',(-18.6999999999425,1.,-13.5));
#7335=CARTESIAN_POINT('',(-19.6999999999425,0.,-13.5));
#7336=CARTESIAN_POINT('Origin',(-15.6999999999425,0.,-14.5));
#7337=CARTESIAN_POINT('',(-16.6999999999425,1.,-14.5));
#7338=CARTESIAN_POINT('',(-16.6999999999425,0.,-14.5));
#7339=CARTESIAN_POINT('',(-14.9499999999234,1.,-14.5));
#7340=CARTESIAN_POINT('Origin',(-16.6999999999425,0.,-13.5));
#7341=CARTESIAN_POINT('',(-15.6999999999425,1.,-13.5));
#7342=CARTESIAN_POINT('',(-15.6999999999425,0.,-13.5));
#7343=CARTESIAN_POINT('Origin',(-16.6999999999425,1.,-13.5));
#7344=CARTESIAN_POINT('Origin',(-15.6999999999425,0.,-6.9));
#7345=CARTESIAN_POINT('',(-15.6999999999425,1.,-7.9));
#7346=CARTESIAN_POINT('',(-15.6999999999425,0.,-7.9));
#7347=CARTESIAN_POINT('',(-15.6999999999425,1.,-7.3));
#7348=CARTESIAN_POINT('Origin',(-16.6999999999426,0.25,-27.));
#7349=CARTESIAN_POINT('',(-15.6999999999426,0.5,-27.));
#7350=CARTESIAN_POINT('',(-15.1999999999426,0.,-27.));
#7351=CARTESIAN_POINT('',(-16.6999999999426,0.5,-28.));
#7352=CARTESIAN_POINT('Origin',(-16.6999999999426,0.5,-27.));
#7353=CARTESIAN_POINT('',(-16.6999999999426,0.5,-28.));
#7354=CARTESIAN_POINT('Origin',(-15.4499999999426,0.25,-12.1250000006302));
#7355=CARTESIAN_POINT('',(-15.6999999999426,0.5,-21.4));
#7356=CARTESIAN_POINT('',(-15.1999999999426,0.,-21.4));
#7357=CARTESIAN_POINT('',(-15.6999999999426,0.5,-12.1250000006302));
#7358=CARTESIAN_POINT('Origin',(-16.6999999999426,0.25,-21.4));
#7359=CARTESIAN_POINT('',(-16.6999999999426,0.5,-20.4));
#7360=CARTESIAN_POINT('',(-16.6999999999426,0.,-19.9));
#7361=CARTESIAN_POINT('Origin',(-16.6999999999426,0.5,-21.4));
#7362=CARTESIAN_POINT('Origin',(-10.5249999999569,0.25,-20.15));
#7363=CARTESIAN_POINT('',(-18.6999999999425,0.5,-20.4));
#7364=CARTESIAN_POINT('',(-18.6999999999425,0.,-19.9));
#7365=CARTESIAN_POINT('',(-10.5249999999569,0.5,-20.4));
#7366=CARTESIAN_POINT('Origin',(-18.6999999999425,0.25,-21.4));
#7367=CARTESIAN_POINT('',(-19.6999999999425,0.5,-21.4));
#7368=CARTESIAN_POINT('',(-20.1999999999425,0.,-21.4));
#7369=CARTESIAN_POINT('Origin',(-18.6999999999425,0.5,-21.4));
#7370=CARTESIAN_POINT('Origin',(-19.9499999999425,0.25,-15.9250000006302));
#7371=CARTESIAN_POINT('',(-19.6999999999425,0.5,-27.));
#7372=CARTESIAN_POINT('',(-20.1999999999425,0.,-27.));
#7373=CARTESIAN_POINT('',(-19.6999999999425,0.5,-15.9250000006302));
#7374=CARTESIAN_POINT('Origin',(-18.6999999999425,0.25,-27.));
#7375=CARTESIAN_POINT('',(-18.6999999999425,0.5,-28.));
#7376=CARTESIAN_POINT('',(-18.6999999999425,0.,-28.5));
#7377=CARTESIAN_POINT('Origin',(-18.6999999999425,0.5,-27.));
#7378=CARTESIAN_POINT('Origin',(-8.52499999995692,0.25,-28.25));
#7379=CARTESIAN_POINT('',(-8.52499999995692,0.5,-28.));
#7380=CARTESIAN_POINT('Origin',(-19.6999999999425,0.,-28.));
#7381=CARTESIAN_POINT('',(-19.6999999999425,1.,-27.));
#7382=CARTESIAN_POINT('',(-19.6999999999425,0.,-27.));
#7383=CARTESIAN_POINT('',(-19.6999999999425,1.,-21.4));
#7384=CARTESIAN_POINT('',(-19.6999999999425,1.,-17.85));
#7385=CARTESIAN_POINT('',(-19.6999999999425,0.,-21.4));
#7386=CARTESIAN_POINT('Origin',(-18.6999999999425,0.,-27.));
#7387=CARTESIAN_POINT('',(-18.6999999999425,1.,-28.));
#7388=CARTESIAN_POINT('',(-18.6999999999425,0.,-28.));
#7389=CARTESIAN_POINT('Origin',(-18.6999999999425,1.,-27.));
#7390=CARTESIAN_POINT('Origin',(-15.6999999999426,0.,-28.));
#7391=CARTESIAN_POINT('',(-16.6999999999426,1.,-28.));
#7392=CARTESIAN_POINT('',(-16.6999999999426,0.,-28.));
#7393=CARTESIAN_POINT('',(-14.9499999999234,1.,-28.));
#7394=CARTESIAN_POINT('Origin',(-16.6999999999426,0.,-27.));
#7395=CARTESIAN_POINT('',(-15.6999999999426,1.,-27.));
#7396=CARTESIAN_POINT('',(-15.6999999999426,0.,-27.));
#7397=CARTESIAN_POINT('Origin',(-16.6999999999426,1.,-27.));
#7398=CARTESIAN_POINT('Origin',(10.4999999997582,0.25,-50.7));
#7399=CARTESIAN_POINT('',(10.4999999997582,0.,-52.2));
#7400=CARTESIAN_POINT('',(12.4999999997582,0.5,-50.7));
#7401=CARTESIAN_POINT('Origin',(10.4999999997582,0.5,-50.7));
#7402=CARTESIAN_POINT('',(12.4999999997582,0.5,-50.7));
#7403=CARTESIAN_POINT('Origin',(-5.77500000010655,0.25,-52.45));
#7404=CARTESIAN_POINT('',(-16.1999999999425,0.,-52.2));
#7405=CARTESIAN_POINT('Origin',(-16.1999999999425,0.25,-50.7));
#7406=CARTESIAN_POINT('',(-17.6999999999425,0.,-50.7));
#7407=CARTESIAN_POINT('Origin',(-17.9499999999425,0.25,-28.2750000006302));
#7408=CARTESIAN_POINT('',(-17.6999999999425,0.,-45.));
#7409=CARTESIAN_POINT('Origin',(-17.1999999999425,0.25,-45.));
#7410=CARTESIAN_POINT('',(-17.1999999999425,0.5,-44.));
#7411=CARTESIAN_POINT('',(-17.1999999999425,0.,-44.5));
#7412=CARTESIAN_POINT('Origin',(-17.1999999999425,0.5,-45.));
#7413=CARTESIAN_POINT('Origin',(-8.52499999995692,0.25,-44.25));
#7414=CARTESIAN_POINT('',(-16.6999999999426,0.5,-44.));
#7415=CARTESIAN_POINT('',(-16.6999999999426,0.,-44.5));
#7416=CARTESIAN_POINT('',(-8.52499999995692,0.5,-44.));
#7417=CARTESIAN_POINT('Origin',(-16.6999999999426,0.25,-43.));
#7418=CARTESIAN_POINT('',(-15.6999999999426,0.5,-43.));
#7419=CARTESIAN_POINT('',(-15.1999999999426,0.,-43.));
#7420=CARTESIAN_POINT('Origin',(-16.6999999999426,0.5,-43.));
#7421=CARTESIAN_POINT('Origin',(-15.4499999999426,0.25,-18.9250000006302));
#7422=CARTESIAN_POINT('',(-15.6999999999426,0.5,-35.));
#7423=CARTESIAN_POINT('',(-15.1999999999426,0.,-35.));
#7424=CARTESIAN_POINT('',(-15.6999999999426,0.5,-18.9250000006302));
#7425=CARTESIAN_POINT('Origin',(-16.6999999999426,0.25,-35.));
#7426=CARTESIAN_POINT('',(-16.6999999999426,0.5,-34.));
#7427=CARTESIAN_POINT('',(-16.6999999999426,0.,-33.5));
#7428=CARTESIAN_POINT('Origin',(-16.6999999999426,0.5,-35.));
#7429=CARTESIAN_POINT('Origin',(-10.6749999999569,0.25,-33.75));
#7430=CARTESIAN_POINT('',(-17.6299683147622,0.5,-34.));
#7431=CARTESIAN_POINT('',(-17.6299683147622,0.,-33.5));
#7432=CARTESIAN_POINT('',(-10.6749999999569,0.5,-34.));
#7433=CARTESIAN_POINT('Origin',(-17.6299683147622,0.25,-33.));
#7434=CARTESIAN_POINT('',(-18.3931298288112,0.5,-33.6462077866092));
#7435=CARTESIAN_POINT('',(-18.0115490717867,0.,-33.3231038933046));
#7436=CARTESIAN_POINT('Origin',(-17.6299683147622,0.5,-33.));
#7437=CARTESIAN_POINT('Origin',(-19.1562913428603,0.25,-34.2924155732184));
#7438=CARTESIAN_POINT('',(-18.384547709719,0.,-33.0061761846496));
#7439=CARTESIAN_POINT('Origin',(-19.1562913428603,0.5,-34.2924155732184));
#7440=CARTESIAN_POINT('Origin',(-18.4610819431711,0.25,-33.2518032393206));
#7441=CARTESIAN_POINT('',(-52.4572478776563,0.,-12.5625560838872));
#7442=CARTESIAN_POINT('Origin',(-52.1999999999426,0.25,-12.1338096210309));
#7443=CARTESIAN_POINT('',(-52.6999999999426,0.,-12.1338096210309));
#7444=CARTESIAN_POINT('Origin',(-52.9499999999425,0.25,-8.27500000063015));
#7445=CARTESIAN_POINT('',(-52.6999999999425,0.,15.7338096210309));
#7446=CARTESIAN_POINT('Origin',(-52.1999999999426,0.25,15.7338096210309));
#7447=CARTESIAN_POINT('',(-52.7144957553701,0.5,16.5913025467435));
#7448=CARTESIAN_POINT('',(-52.4572478776563,0.,16.1625560838872));
#7449=CARTESIAN_POINT('Origin',(-52.1999999999426,0.5,15.7338096210309));
#7450=CARTESIAN_POINT('Origin',(-38.4537290025507,0.25,24.8562150036928));
#7451=CARTESIAN_POINT('',(-18.6750235809008,0.5,37.0149858514251));
#7452=CARTESIAN_POINT('',(-18.417775703187,0.,36.5862393885688));
#7453=CARTESIAN_POINT('',(-38.5823529414076,0.5,25.070588235121));
#7454=CARTESIAN_POINT('Origin',(-17.6460320700457,0.25,35.3));
#7455=CARTESIAN_POINT('',(-17.6460320700457,0.,36.8));
#7456=CARTESIAN_POINT('Origin',(-17.6460320700457,0.5,35.3));
#7457=CARTESIAN_POINT('Origin',(-9.77499999995692,0.25,37.05));
#7458=CARTESIAN_POINT('',(10.4999999997582,0.,36.8));
#7459=CARTESIAN_POINT('Origin',(10.4999999997582,0.25,35.3));
#7460=CARTESIAN_POINT('',(12.4999999997582,0.5,35.3));
#7461=CARTESIAN_POINT('',(11.9999999997582,0.,35.3));
#7462=CARTESIAN_POINT('Origin',(10.4999999997582,0.5,35.3));
#7463=CARTESIAN_POINT('Origin',(12.2499999997582,0.25,16.7249999993698));
#7464=CARTESIAN_POINT('',(12.4999999997582,0.5,16.7249999993698));
#7465=CARTESIAN_POINT('Origin',(-19.1562913428603,0.,-34.2924155732184));
#7466=CARTESIAN_POINT('',(-18.3931298288112,1.,-33.6462077866092));
#7467=CARTESIAN_POINT('Origin',(-19.1562913428603,1.,-34.2924155732184));
#7468=CARTESIAN_POINT('',(-18.3931298288112,0.,-33.6462077866092));
#7469=CARTESIAN_POINT('Origin',(-52.1999999999426,0.,15.7338096210309));
#7470=CARTESIAN_POINT('',(-52.7144957553701,3.,16.5913025467435));
#7471=CARTESIAN_POINT('',(-52.7144957553701,0.,16.5913025467435));
#7472=CARTESIAN_POINT('Origin',(-52.1999999999426,3.,15.7338096210309));
#7473=CARTESIAN_POINT('Origin',(-53.1999999999425,0.,16.3));
#7474=CARTESIAN_POINT('',(-18.6750235809008,3.,37.0149858514251));
#7475=CARTESIAN_POINT('',(-18.6750235809008,0.,37.0149858514251));
#7476=CARTESIAN_POINT('',(-38.0897058826285,3.,25.3661764703884));
#7477=CARTESIAN_POINT('Origin',(-17.6460320700457,0.,35.3));
#7478=CARTESIAN_POINT('',(-18.1798992338373,3.07257014357848,37.2274298564215));
#7479=CARTESIAN_POINT('Origin',(-17.6460320700457,5.00000000000001,35.3));
#7480=CARTESIAN_POINT('Origin',(-17.6460320700457,5.00000000000001,35.3));
#7481=CARTESIAN_POINT('Origin',(10.4999999997582,2.05,35.3));
#7482=CARTESIAN_POINT('',(12.4999999997582,2.05,35.3));
#7483=CARTESIAN_POINT('Origin',(12.4999999997582,4.09999999999999,37.3));
#7484=CARTESIAN_POINT('',(12.4999999997582,2.05,-50.7));
#7485=CARTESIAN_POINT('Origin',(10.4999999997582,2.05,-50.7));
#7486=CARTESIAN_POINT('Origin',(-37.9610819437716,3.25,25.1518032389603));
#7487=CARTESIAN_POINT('',(-18.0615080174684,3.5,36.8));
#7488=CARTESIAN_POINT('',(-18.0615080174684,3.5,36.8));
#7489=CARTESIAN_POINT('',(-52.4572478776563,3.5,16.1625560838872));
#7490=CARTESIAN_POINT('',(-37.8324580049148,3.5,24.9374300075322));
#7491=CARTESIAN_POINT('',(-52.7144957553701,3.,16.5913025467435));
#7492=CARTESIAN_POINT('Origin',(-16.2000000000174,3.25,37.05));
#7493=CARTESIAN_POINT('',(-15.6999999999426,3.5,36.8));
#7494=CARTESIAN_POINT('Origin',(-15.1999999999426,3.5,36.8));
#7495=CARTESIAN_POINT('',(-16.2000000000174,3.5,36.8));
#7496=CARTESIAN_POINT('Origin',(-6.00000000024183,17.1,37.3));
#7497=CARTESIAN_POINT('',(-6.00000000024183,16.6,37.3));
#7498=CARTESIAN_POINT('',(-5.50000000024184,17.1,37.3));
#7499=CARTESIAN_POINT('Origin',(-10.2000000002418,16.6,37.3));
#7500=CARTESIAN_POINT('Origin',(-3.50000000024183,14.6,37.3));
#7501=CARTESIAN_POINT('Origin',(-4.42040585184943,19.6647709337656,37.3));
#7502=CARTESIAN_POINT('',(-4.42040585184943,19.6647709337656,37.3));
#7503=CARTESIAN_POINT('Origin',(-4.86758839024184,19.2175883962938,37.3));
#7504=CARTESIAN_POINT('',(-5.50000000024183,19.2175883962938,37.3));
#7505=CARTESIAN_POINT('Origin',(-5.50000000024184,17.1,37.3));
#7506=CARTESIAN_POINT('Origin',(-50.1999999999425,3.25,-9.5));
#7507=CARTESIAN_POINT('',(-51.6999999999425,3.5,-9.5));
#7508=CARTESIAN_POINT('Origin',(-50.1999999999425,3.5,-9.5));
#7509=CARTESIAN_POINT('',(-51.1999999999425,3.,-9.5));
#7510=CARTESIAN_POINT('',(-51.6999999999425,3.5,-9.5));
#7511=CARTESIAN_POINT('Origin',(-50.1999999999425,3.,-9.5));
#7512=CARTESIAN_POINT('Origin',(-51.4499999999425,3.25,16.9499999993698));
#7513=CARTESIAN_POINT('',(-51.6999999999425,3.5,13.1));
#7514=CARTESIAN_POINT('',(-51.6999999999425,3.5,16.9499999993698));
#7515=CARTESIAN_POINT('',(-51.1999999999425,3.,13.1));
#7516=CARTESIAN_POINT('',(-51.6999999999425,3.5,13.1));
#7517=CARTESIAN_POINT('',(-51.1999999999425,3.,16.9499999993698));
#7518=CARTESIAN_POINT('Origin',(-50.1999999999425,3.25,13.1));
#7519=CARTESIAN_POINT('',(-50.1999999999425,3.5,14.6));
#7520=CARTESIAN_POINT('',(-50.1999999999425,3.,14.1));
#7521=CARTESIAN_POINT('',(-50.1999999999425,3.5,14.6));
#7522=CARTESIAN_POINT('Origin',(-50.1999999999425,3.,13.1));
#7523=CARTESIAN_POINT('Origin',(-50.1999999999425,3.5,13.1));
#7524=CARTESIAN_POINT('Origin',(-31.4500000000174,3.25,14.35));
#7525=CARTESIAN_POINT('',(-49.6999999999425,3.5,14.6));
#7526=CARTESIAN_POINT('',(-31.4500000000174,3.5,14.6));
#7527=CARTESIAN_POINT('',(-49.6999999999425,3.,14.1));
#7528=CARTESIAN_POINT('',(-49.6999999999425,3.5,14.6));
#7529=CARTESIAN_POINT('',(-31.4500000000174,3.,14.1));
#7530=CARTESIAN_POINT('Origin',(-49.6999999999425,3.25,13.1));
#7531=CARTESIAN_POINT('',(-48.1999999999426,3.5,13.1));
#7532=CARTESIAN_POINT('',(-48.6999999999426,3.,13.1));
#7533=CARTESIAN_POINT('',(-48.1999999999426,3.5,13.1));
#7534=CARTESIAN_POINT('Origin',(-49.6999999999425,3.,13.1));
#7535=CARTESIAN_POINT('Origin',(-49.6999999999425,3.5,13.1));
#7536=CARTESIAN_POINT('Origin',(-48.4499999999426,3.25,4.64999999936984));
#7537=CARTESIAN_POINT('',(-48.1999999999426,3.5,6.88000000000001));
#7538=CARTESIAN_POINT('',(-48.6999999999426,3.,6.88000000000001));
#7539=CARTESIAN_POINT('',(-48.4499999999425,3.25,6.88000000000001));
#7540=CARTESIAN_POINT('',(-48.6999999999426,3.,4.64999999936984));
#7541=CARTESIAN_POINT('',(-48.1999999999426,3.5,4.64999999936984));
#7542=CARTESIAN_POINT('Origin',(-14.2000000000922,3.5,19.7999999987397));
#7543=CARTESIAN_POINT('',(-52.6999999999425,3.5,15.7338096210309));
#7544=CARTESIAN_POINT('',(-52.6999999999425,3.5,3.54999999936985));
#7545=CARTESIAN_POINT('Origin',(-52.1999999999426,3.5,15.7338096210309));
#7546=CARTESIAN_POINT('',(-15.6999999999426,3.5,35.6));
#7547=CARTESIAN_POINT('',(-15.6999999999426,3.5,27.4499999993698));
#7548=CARTESIAN_POINT('',(-16.6999999999425,3.5,34.6));
#7549=CARTESIAN_POINT('Origin',(-15.6999999999425,3.5,34.6));
#7550=CARTESIAN_POINT('',(-16.6999999999425,3.5,12.8));
#7551=CARTESIAN_POINT('',(-16.6999999999425,3.5,27.4499999993698));
#7552=CARTESIAN_POINT('',(-17.2867977960181,3.5,12.8));
#7553=CARTESIAN_POINT('',(-15.2000000000174,3.5,12.8));
#7554=CARTESIAN_POINT('',(-18.345624505744,3.5,12.3624904699672));
#7555=CARTESIAN_POINT('Origin',(-17.2867977960181,3.5,11.3));
#7556=CARTESIAN_POINT('',(-36.700000703833,3.5,-5.92859477571461));
#7557=CARTESIAN_POINT('',(-15.2999309793311,3.5,15.3976816049096));
#7558=CARTESIAN_POINT('',(-36.6999999999426,3.5,-5.92737387182323));
#7559=CARTESIAN_POINT('Origin',(-38.1142135623156,3.5,-6.6320423537643));
#7560=CARTESIAN_POINT('',(-36.6999999999425,3.5,5.88000000000001));
#7561=CARTESIAN_POINT('',(-36.6999999999425,3.5,19.9999999993699));
#7562=CARTESIAN_POINT('',(-38.1142135623156,3.5,6.88000000000001));
#7563=CARTESIAN_POINT('Origin',(-38.1142135623156,3.5,5.88000000000001));
#7564=CARTESIAN_POINT('',(-48.6999999999426,3.5,6.88000000000001));
#7565=CARTESIAN_POINT('Origin',(-52.9499999999425,3.25,3.54999999936985));
#7566=CARTESIAN_POINT('',(-53.1999999999425,3.,15.7338096210309));
#7567=CARTESIAN_POINT('Origin',(-52.1999999999426,3.25,15.7338096210309));
#7568=CARTESIAN_POINT('Origin',(-15.1234598610435,3.25,15.2205998599151));
#7569=CARTESIAN_POINT('',(-36.9083290891651,3.,-6.84209347167344));
#7570=CARTESIAN_POINT('Origin',(-38.6142135623156,4.,-7.13031821583326));
#7571=CARTESIAN_POINT('',(-17.9926822691687,3.,12.0083269799781));
#7572=CARTESIAN_POINT('',(-18.345624505744,3.5,12.3624904699672));
#7573=CARTESIAN_POINT('',(-14.9469887427558,3.,15.0435181149206));
#7574=CARTESIAN_POINT('Origin',(-17.2867977960181,3.25,11.3));
#7575=CARTESIAN_POINT('',(-17.2867977960181,3.,12.3));
#7576=CARTESIAN_POINT('',(-17.2867977960181,3.5,12.8));
#7577=CARTESIAN_POINT('Origin',(-17.2867977960181,3.,11.3));
#7578=CARTESIAN_POINT('Origin',(-15.2000000000174,3.25,12.55));
#7579=CARTESIAN_POINT('',(-16.6999999999425,3.,12.3));
#7580=CARTESIAN_POINT('',(-16.6999999999425,3.5,12.8));
#7581=CARTESIAN_POINT('',(-15.2000000000174,3.,12.3));
#7582=CARTESIAN_POINT('Origin',(-16.4499999999425,3.25,27.4499999993698));
#7583=CARTESIAN_POINT('',(-16.1999999999425,3.,12.8));
#7584=CARTESIAN_POINT('',(-16.1999999999425,3.,12.8));
#7585=CARTESIAN_POINT('',(-16.1999999999425,3.,34.6));
#7586=CARTESIAN_POINT('',(-16.6999999999425,3.5,34.6));
#7587=CARTESIAN_POINT('',(-16.1999999999425,3.,27.4499999993698));
#7588=CARTESIAN_POINT('Origin',(-15.6999999999425,3.25,34.6));
#7589=CARTESIAN_POINT('',(-15.6999999999425,3.,35.1));
#7590=CARTESIAN_POINT('',(-15.6999999999426,3.5,35.6));
#7591=CARTESIAN_POINT('Origin',(-15.6999999999425,3.,34.6));
#7592=CARTESIAN_POINT('Origin',(-13.4500000000174,3.25,35.35));
#7593=CARTESIAN_POINT('',(-15.1999999999426,3.,35.1));
#7594=CARTESIAN_POINT('Origin',(-15.1999999999426,3.5,35.6));
#7595=CARTESIAN_POINT('',(-13.4500000000174,3.,35.1));
#7596=CARTESIAN_POINT('Origin',(-16.6999999999425,3.,12.8));
#7597=CARTESIAN_POINT('Origin',(-16.6999999999425,3.,12.8));
#7598=CARTESIAN_POINT('Origin',(-17.6999999999426,1.5,12.3));
#7599=CARTESIAN_POINT('',(-46.1479389113128,12.2396098221477,-16.0498425702965));
#7600=CARTESIAN_POINT('',(-27.51305483617,-6.39527425299501,2.52078328389745));
#7601=CARTESIAN_POINT('',(-17.9926822691687,1.5,12.0083269799781));
#7602=CARTESIAN_POINT('',(-17.9926822691687,1.5,12.0083269799781));
#7603=CARTESIAN_POINT('',(-46.1479389113128,1.5,-16.0498425702965));
#7604=CARTESIAN_POINT('',(-21.8219477272464,1.5,8.19226588554898));
#7605=CARTESIAN_POINT('',(-46.1479389113128,0.75,-16.0498425702965));
#7606=CARTESIAN_POINT('Origin',(-17.2867977960181,1.5,11.3));
#7607=CARTESIAN_POINT('',(-17.2867977960181,1.5,12.3));
#7608=CARTESIAN_POINT('',(-17.2867977960181,1.5,12.3));
#7609=CARTESIAN_POINT('Origin',(-17.2867977960181,1.5,11.3));
#7610=CARTESIAN_POINT('Origin',(-16.1999999999425,1.5,12.3));
#7611=CARTESIAN_POINT('',(-16.6999999999425,1.5,12.3));
#7612=CARTESIAN_POINT('',(-16.6999999999425,1.5,12.3));
#7613=CARTESIAN_POINT('',(-15.1999999999234,1.5,12.3));
#7614=CARTESIAN_POINT('Origin',(-16.6999999999425,1.5,12.8));
#7615=CARTESIAN_POINT('',(-16.1999999999425,1.5,12.8));
#7616=CARTESIAN_POINT('',(-16.1999999999425,1.5,12.8));
#7617=CARTESIAN_POINT('Origin',(-16.6999999999425,1.5,12.8));
#7618=CARTESIAN_POINT('Origin',(-16.1999999999425,1.5,35.1));
#7619=CARTESIAN_POINT('',(-16.1999999999425,1.5,34.6));
#7620=CARTESIAN_POINT('',(-16.1999999999425,1.5,34.6));
#7621=CARTESIAN_POINT('',(-16.1999999999425,1.5,13.7));
#7622=CARTESIAN_POINT('Origin',(-19.1999999999425,1.25,3.8));
#7623=CARTESIAN_POINT('',(-23.1999999999425,1.5,3.8));
#7624=CARTESIAN_POINT('',(-22.9499999999425,1.25,3.8));
#7625=CARTESIAN_POINT('Origin',(-19.1999999999425,1.5,3.8));
#7626=CARTESIAN_POINT('Origin',(-14.1999999999043,1.5,-7.7));
#7627=CARTESIAN_POINT('',(-17.6999999999425,1.5,-45.));
#7628=CARTESIAN_POINT('',(-17.6999999999425,1.5,-30.2));
#7629=CARTESIAN_POINT('',(-17.1999999999425,1.5,-44.5));
#7630=CARTESIAN_POINT('Origin',(-17.1999999999425,1.5,-45.));
#7631=CARTESIAN_POINT('',(-16.6999999999426,1.5,-44.5));
#7632=CARTESIAN_POINT('',(-14.9499999999234,1.5,-44.5));
#7633=CARTESIAN_POINT('',(-15.1999999999426,1.5,-43.));
#7634=CARTESIAN_POINT('Origin',(-16.6999999999426,1.5,-43.));
#7635=CARTESIAN_POINT('',(-15.1999999999426,1.5,-35.));
#7636=CARTESIAN_POINT('',(-15.1999999999426,1.5,-20.85));
#7637=CARTESIAN_POINT('',(-16.6999999999426,1.5,-33.5));
#7638=CARTESIAN_POINT('Origin',(-16.6999999999426,1.5,-35.));
#7639=CARTESIAN_POINT('',(-17.6299683147622,1.5,-33.5));
#7640=CARTESIAN_POINT('',(-17.0999999999234,1.5,-33.5));
#7641=CARTESIAN_POINT('',(-18.0115490717867,1.5,-33.3231038933046));
#7642=CARTESIAN_POINT('Origin',(-17.6299683147622,1.5,-33.));
#7643=CARTESIAN_POINT('',(-18.384547709719,1.5,-33.0061761846496));
#7644=CARTESIAN_POINT('Origin',(-19.1562913428603,1.5,-34.2924155732184));
#7645=CARTESIAN_POINT('',(-46.3684606049447,1.5,-16.2158284475142));
#7646=CARTESIAN_POINT('',(-22.2074580045676,1.5,-30.7124300077404));
#7647=CARTESIAN_POINT('Origin',(-46.8538233844634,1.5,-15.3415155903184));
#7648=CARTESIAN_POINT('',(-15.6999999999425,1.5,35.1));
#7649=CARTESIAN_POINT('Origin',(-15.6999999999425,1.5,34.6));
#7650=CARTESIAN_POINT('',(-13.4499999999234,1.5,35.1));
#7651=CARTESIAN_POINT('Ctrl Pts',(-12.6999999999282,1.5,13.7103941586546));
#7652=CARTESIAN_POINT('Ctrl Pts',(-13.9911111110543,1.5,11.3000000000003));
#7653=CARTESIAN_POINT('Ctrl Pts',(-12.6999999999292,1.5,8.88960584134542));
#7654=CARTESIAN_POINT('',(-12.6999999999426,1.5,-49.1103941586388));
#7655=CARTESIAN_POINT('Ctrl Pts',(-12.6999999999268,1.5,-44.2896058413185));
#7656=CARTESIAN_POINT('Ctrl Pts',(-13.9911111110775,1.5,-46.6999999999997));
#7657=CARTESIAN_POINT('Ctrl Pts',(-12.6999999999279,1.5,-49.1103941586815));
#7658=CARTESIAN_POINT('',(-12.6999999999426,1.5,-2.70000000126032));
#7659=CARTESIAN_POINT('',(-15.1999999999426,1.5,-13.5));
#7660=CARTESIAN_POINT('',(-16.6999999999425,1.5,-15.));
#7661=CARTESIAN_POINT('Origin',(-16.6999999999425,1.5,-13.5));
#7662=CARTESIAN_POINT('',(-15.1999999999426,1.5,-7.9));
#7663=CARTESIAN_POINT('',(-15.1999999999425,1.5,-7.3));
#7664=CARTESIAN_POINT('',(-16.6999999999426,1.5,-6.4));
#7665=CARTESIAN_POINT('Origin',(-16.6999999999426,1.5,-7.9));
#7666=CARTESIAN_POINT('',(-18.6999999999425,1.5,-6.4));
#7667=CARTESIAN_POINT('',(-16.9499999999234,1.5,-6.4));
#7668=CARTESIAN_POINT('',(-20.1999999999425,1.5,-7.9));
#7669=CARTESIAN_POINT('Origin',(-18.6999999999425,1.5,-7.9));
#7670=CARTESIAN_POINT('',(-20.1999999999425,1.5,-13.5));
#7671=CARTESIAN_POINT('',(-20.1999999999425,1.5,-11.1));
#7672=CARTESIAN_POINT('',(-18.6999999999425,1.5,-15.));
#7673=CARTESIAN_POINT('Origin',(-18.6999999999425,1.5,-13.5));
#7674=CARTESIAN_POINT('',(-14.9499999999234,1.5,-15.));
#7675=CARTESIAN_POINT('',(-16.6999999999426,1.5,-19.9));
#7676=CARTESIAN_POINT('',(-15.1999999999426,1.5,-21.4));
#7677=CARTESIAN_POINT('Origin',(-16.6999999999426,1.5,-21.4));
#7678=CARTESIAN_POINT('',(-18.6999999999425,1.5,-19.9));
#7679=CARTESIAN_POINT('',(-16.9499999999234,1.5,-19.9));
#7680=CARTESIAN_POINT('',(-20.1999999999425,1.5,-21.4));
#7681=CARTESIAN_POINT('Origin',(-18.6999999999425,1.5,-21.4));
#7682=CARTESIAN_POINT('',(-20.1999999999425,1.5,-27.));
#7683=CARTESIAN_POINT('',(-20.1999999999425,1.5,-17.85));
#7684=CARTESIAN_POINT('',(-18.6999999999425,1.5,-28.5));
#7685=CARTESIAN_POINT('Origin',(-18.6999999999425,1.5,-27.));
#7686=CARTESIAN_POINT('',(-16.6999999999426,1.5,-28.5));
#7687=CARTESIAN_POINT('',(-14.9499999999234,1.5,-28.5));
#7688=CARTESIAN_POINT('',(-15.1999999999426,1.5,-27.));
#7689=CARTESIAN_POINT('Origin',(-16.6999999999426,1.5,-27.));
#7690=CARTESIAN_POINT('',(-15.1999999999426,1.5,-14.05));
#7691=CARTESIAN_POINT('Origin',(-16.6999999999425,1.25,-13.5));
#7692=CARTESIAN_POINT('',(-16.6999999999425,1.5,-15.));
#7693=CARTESIAN_POINT('',(-15.6999999999425,1.,-13.5));
#7694=CARTESIAN_POINT('Origin',(-14.9499999999234,1.25,-14.75));
#7695=CARTESIAN_POINT('',(-18.6999999999425,1.5,-15.));
#7696=CARTESIAN_POINT('Origin',(-18.6999999999425,1.25,-13.5));
#7697=CARTESIAN_POINT('',(-20.1999999999425,1.5,-13.5));
#7698=CARTESIAN_POINT('Origin',(-19.9499999999425,1.25,-11.1));
#7699=CARTESIAN_POINT('',(-19.6999999999425,1.,-7.9));
#7700=CARTESIAN_POINT('',(-20.1999999999425,1.5,-7.9));
#7701=CARTESIAN_POINT('',(-19.6999999999425,1.,-11.1));
#7702=CARTESIAN_POINT('Origin',(-18.6999999999425,1.25,-7.9));
#7703=CARTESIAN_POINT('',(-18.6999999999425,1.,-6.9));
#7704=CARTESIAN_POINT('',(-18.6999999999425,1.5,-6.4));
#7705=CARTESIAN_POINT('Origin',(-18.6999999999425,1.,-7.9));
#7706=CARTESIAN_POINT('Origin',(-16.9499999999234,1.25,-6.65));
#7707=CARTESIAN_POINT('',(-16.6999999999426,1.,-6.9));
#7708=CARTESIAN_POINT('',(-16.6999999999426,1.5,-6.4));
#7709=CARTESIAN_POINT('',(-16.9499999999234,1.,-6.9));
#7710=CARTESIAN_POINT('Origin',(-16.6999999999426,1.25,-7.9));
#7711=CARTESIAN_POINT('',(-15.1999999999426,1.5,-7.9));
#7712=CARTESIAN_POINT('Origin',(-16.6999999999426,1.,-7.9));
#7713=CARTESIAN_POINT('Origin',(-15.4499999999425,1.25,-7.3));
#7714=CARTESIAN_POINT('Origin',(-19.6999999999425,0.,-6.9));
#7715=CARTESIAN_POINT('',(-18.6999999999425,0.,-6.9));
#7716=CARTESIAN_POINT('',(-16.6999999999426,0.,-6.9));
#7717=CARTESIAN_POINT('Origin',(-16.6999999999426,0.,-7.9));
#7718=CARTESIAN_POINT('Origin',(-16.6999999999426,1.25,-21.4));
#7719=CARTESIAN_POINT('',(-15.6999999999426,1.,-21.4));
#7720=CARTESIAN_POINT('',(-15.1999999999426,1.5,-21.4));
#7721=CARTESIAN_POINT('',(-16.6999999999426,1.,-20.4));
#7722=CARTESIAN_POINT('Origin',(-16.6999999999426,1.,-21.4));
#7723=CARTESIAN_POINT('',(-16.6999999999426,1.,-20.4));
#7724=CARTESIAN_POINT('Origin',(-15.4499999999426,1.25,-14.05));
#7725=CARTESIAN_POINT('',(-15.1999999999426,1.5,-27.));
#7726=CARTESIAN_POINT('',(-15.6999999999426,1.,-14.05));
#7727=CARTESIAN_POINT('Origin',(-16.6999999999426,1.25,-27.));
#7728=CARTESIAN_POINT('',(-16.6999999999426,1.5,-28.5));
#7729=CARTESIAN_POINT('Origin',(-14.9499999999234,1.25,-28.25));
#7730=CARTESIAN_POINT('',(-18.6999999999425,1.5,-28.5));
#7731=CARTESIAN_POINT('Origin',(-18.6999999999425,1.25,-27.));
#7732=CARTESIAN_POINT('',(-20.1999999999425,1.5,-27.));
#7733=CARTESIAN_POINT('Origin',(-19.9499999999425,1.25,-17.85));
#7734=CARTESIAN_POINT('',(-20.1999999999425,1.5,-21.4));
#7735=CARTESIAN_POINT('Origin',(-18.6999999999425,1.25,-21.4));
#7736=CARTESIAN_POINT('',(-18.6999999999425,1.,-20.4));
#7737=CARTESIAN_POINT('',(-18.6999999999425,1.5,-19.9));
#7738=CARTESIAN_POINT('Origin',(-18.6999999999425,1.,-21.4));
#7739=CARTESIAN_POINT('Origin',(-16.9499999999234,1.25,-20.15));
#7740=CARTESIAN_POINT('',(-16.9499999999234,1.,-20.4));
#7741=CARTESIAN_POINT('Origin',(-18.6999999999425,0.,-21.4));
#7742=CARTESIAN_POINT('',(-18.6999999999425,0.,-20.4));
#7743=CARTESIAN_POINT('Origin',(-19.6999999999425,0.,-20.4));
#7744=CARTESIAN_POINT('',(-16.6999999999426,0.,-20.4));
#7745=CARTESIAN_POINT('Origin',(-16.6999999999426,0.,-21.4));
#7746=CARTESIAN_POINT('',(-15.6999999999426,0.,-21.4));
#7747=CARTESIAN_POINT('Origin',(-22.3360819434245,1.25,-30.9268032391685));
#7748=CARTESIAN_POINT('Origin',(-46.8538233844634,2.00000000000002,-15.3415155903184));
#7749=CARTESIAN_POINT('',(-18.384547709719,1.5,-33.0061761846496));
#7750=CARTESIAN_POINT('Origin',(-19.1562913428603,1.25,-34.2924155732184));
#7751=CARTESIAN_POINT('',(-18.0115490717867,1.5,-33.3231038933046));
#7752=CARTESIAN_POINT('Origin',(-17.6299683147622,1.25,-33.));
#7753=CARTESIAN_POINT('',(-17.6299683147622,1.,-34.));
#7754=CARTESIAN_POINT('',(-17.6299683147622,1.5,-33.5));
#7755=CARTESIAN_POINT('Origin',(-17.6299683147622,1.,-33.));
#7756=CARTESIAN_POINT('Origin',(-17.0999999999234,1.25,-33.75));
#7757=CARTESIAN_POINT('',(-16.6999999999426,1.,-34.));
#7758=CARTESIAN_POINT('',(-16.6999999999426,1.5,-33.5));
#7759=CARTESIAN_POINT('',(-17.0999999999234,1.,-34.));
#7760=CARTESIAN_POINT('Origin',(-16.6999999999426,1.25,-35.));
#7761=CARTESIAN_POINT('',(-15.6999999999426,1.,-35.));
#7762=CARTESIAN_POINT('',(-15.1999999999426,1.5,-35.));
#7763=CARTESIAN_POINT('Origin',(-16.6999999999426,1.,-35.));
#7764=CARTESIAN_POINT('Origin',(-15.4499999999426,1.25,-20.85));
#7765=CARTESIAN_POINT('',(-15.6999999999426,1.,-43.));
#7766=CARTESIAN_POINT('',(-15.1999999999426,1.5,-43.));
#7767=CARTESIAN_POINT('',(-15.6999999999426,1.,-20.85));
#7768=CARTESIAN_POINT('Origin',(-16.6999999999426,1.25,-43.));
#7769=CARTESIAN_POINT('',(-16.6999999999426,1.,-44.));
#7770=CARTESIAN_POINT('',(-16.6999999999426,1.5,-44.5));
#7771=CARTESIAN_POINT('Origin',(-16.6999999999426,1.,-43.));
#7772=CARTESIAN_POINT('Origin',(-14.9499999999234,1.25,-44.25));
#7773=CARTESIAN_POINT('',(-17.1999999999425,1.,-44.));
#7774=CARTESIAN_POINT('',(-17.1999999999425,1.5,-44.5));
#7775=CARTESIAN_POINT('',(-14.9499999999234,1.,-44.));
#7776=CARTESIAN_POINT('Origin',(-17.1999999999425,1.25,-45.));
#7777=CARTESIAN_POINT('',(-17.6999999999425,1.5,-45.));
#7778=CARTESIAN_POINT('Origin',(-17.1999999999425,1.,-45.));
#7779=CARTESIAN_POINT('Origin',(-17.9499999999425,1.25,-30.2));
#7780=CARTESIAN_POINT('Origin',(-17.6299683147622,0.,-33.));
#7781=CARTESIAN_POINT('',(-17.6299683147622,0.,-34.));
#7782=CARTESIAN_POINT('Origin',(-49.2399999999425,24.8,-8.2));
#7783=CARTESIAN_POINT('',(-48.6999999999426,24.8,-5.62));
#7784=CARTESIAN_POINT('Origin',(-48.6999999999426,24.8,-8.2));
#7785=CARTESIAN_POINT('',(-49.7799999999425,24.8,-6.7));
#7786=CARTESIAN_POINT('',(-49.2399999999425,24.8,-6.16));
#7787=CARTESIAN_POINT('Origin',(-49.7799999999425,24.8,-8.2));
#7788=CARTESIAN_POINT('Origin',(-48.6999999999426,24.8,-8.2));
#7789=CARTESIAN_POINT('Origin',(-48.6999999999426,1.5,-10.5));
#7790=CARTESIAN_POINT('',(-48.6999999999425,3.8,-5.62));
#7791=CARTESIAN_POINT('Origin',(-48.6999999999426,3.8,-8.2));
#7792=CARTESIAN_POINT('',(-48.6999999999426,1.5,-7.0310688643038));
#7793=CARTESIAN_POINT('Origin',(-48.6999999999426,3.8,-8.2));
#7794=CARTESIAN_POINT('',(-48.6999999999426,1.5,3.13106886430381));
#7795=CARTESIAN_POINT('',(-48.6999999999426,1.5,-9.1));
#7796=CARTESIAN_POINT('',(-48.6999999999426,3.8,6.88000000000001));
#7797=CARTESIAN_POINT('Origin',(-48.6999999999426,3.8,4.3));
#7798=CARTESIAN_POINT('',(-48.6999999999426,24.8,6.88000000000001));
#7799=CARTESIAN_POINT('',(-48.6999999999426,2.5,6.88000000000001));
#7800=CARTESIAN_POINT('Origin',(-48.6999999999426,24.8,4.3));
#7801=CARTESIAN_POINT('Origin',(-47.6999999999425,24.8,4.3));
#7802=CARTESIAN_POINT('',(-47.6999999999425,25.3919957310566,6.81116328708644));
#7803=CARTESIAN_POINT('Origin',(-47.6999999999425,24.8,4.3));
#7804=CARTESIAN_POINT('Origin',(-47.6999999999425,25.1625400213447,5.83784418356456));
#7805=CARTESIAN_POINT('Origin',(-47.6999999999425,12.2044114313831,8.89266616475101));
#7806=CARTESIAN_POINT('',(-47.6999999999425,25.1,6.88000000000001));
#7807=CARTESIAN_POINT('',(-47.6999999999425,12.4338671410949,9.86598526827289));
#7808=CARTESIAN_POINT('Origin',(-47.6999999999425,24.9837209302325,5.88000000000001));
#7809=CARTESIAN_POINT('Origin',(-47.6999999999425,2.5,5.88000000000001));
#7810=CARTESIAN_POINT('',(-47.6999999999425,13.0857864376269,6.88000000000001));
#7811=CARTESIAN_POINT('',(-47.6999999999425,2.5,6.88000000000001));
#7812=CARTESIAN_POINT('Origin',(-47.6999999999425,13.0857864376269,5.88000000000001));
#7813=CARTESIAN_POINT('Origin',(-42.9071067811291,8.29289321881345,5.88000000000001));
#7814=CARTESIAN_POINT('',(-42.9071067811291,8.29289321881345,6.88000000000001));
#7815=CARTESIAN_POINT('',(-42.1999999999425,9.,5.88000000000001));
#7816=CARTESIAN_POINT('Origin',(-41.6999999999425,8.5,19.9999999993699));
#7817=CARTESIAN_POINT('',(-46.1467166032768,12.9467166033343,-15.3415155903184));
#7818=CARTESIAN_POINT('',(-27.5118325281341,-5.68816747180846,3.22911026387556));
#7819=CARTESIAN_POINT('',(-37.7575115809605,4.55751158101793,-20.3750386037082));
#7820=CARTESIAN_POINT('Origin',(-49.6999999999425,1.5,13.1));
#7821=CARTESIAN_POINT('',(-48.6999999999426,1.5,13.1));
#7822=CARTESIAN_POINT('',(-48.6999999999426,1.5,13.1));
#7823=CARTESIAN_POINT('',(-49.6999999999425,1.5,14.1));
#7824=CARTESIAN_POINT('Origin',(-49.6999999999425,1.5,13.1));
#7825=CARTESIAN_POINT('',(-49.6999999999425,1.5,14.1));
#7826=CARTESIAN_POINT('Origin',(-48.6999999999426,1.5,14.1));
#7827=CARTESIAN_POINT('',(-50.1999999999425,1.5,14.1));
#7828=CARTESIAN_POINT('',(-31.4499999999234,1.5,14.1));
#7829=CARTESIAN_POINT('',(-50.1999999999425,1.5,14.1));
#7830=CARTESIAN_POINT('Origin',(-50.1999999999425,1.5,-9.5));
#7831=CARTESIAN_POINT('',(-51.1999999999425,1.5,-9.5));
#7832=CARTESIAN_POINT('',(-51.1999999999425,1.5,-9.5));
#7833=CARTESIAN_POINT('Origin',(-50.1999999999425,1.5,-9.5));
#7834=CARTESIAN_POINT('Origin',(-14.1999999999043,1.5,-7.7));
#7835=CARTESIAN_POINT('',(-51.1999999999425,1.5,13.1));
#7836=CARTESIAN_POINT('',(-51.1999999999425,1.5,3.20000000000001));
#7837=CARTESIAN_POINT('Origin',(-50.1999999999425,1.5,13.1));
#7838=CARTESIAN_POINT('',(-48.6999999999426,1.5,5.4689311356962));
#7839=CARTESIAN_POINT('',(-48.6999999999426,1.5,-9.1));
#7840=CARTESIAN_POINT('Ctrl Pts',(-48.6999999999426,1.5,5.46893113569619));
#7841=CARTESIAN_POINT('Ctrl Pts',(-49.2296124030433,1.5,4.3));
#7842=CARTESIAN_POINT('Ctrl Pts',(-48.6999999999426,1.5,3.13106886430382));
#7843=CARTESIAN_POINT('',(-48.6999999999426,1.5,-9.3689311356962));
#7844=CARTESIAN_POINT('Ctrl Pts',(-48.6999999999426,1.5,-7.03106886430381));
#7845=CARTESIAN_POINT('Ctrl Pts',(-49.2296124030433,1.5,-8.2));
#7846=CARTESIAN_POINT('Ctrl Pts',(-48.6999999999426,1.5,-9.36893113569619));
#7847=CARTESIAN_POINT('',(-48.6999999999426,1.5,-9.1));
#7848=CARTESIAN_POINT('Origin',(-51.1999999999425,1.5,14.1));
#7849=CARTESIAN_POINT('',(-51.1999999999425,1.5,13.1));
#7850=CARTESIAN_POINT('Origin',(-50.1999999999425,1.5,13.1));
#7851=CARTESIAN_POINT('Origin',(-46.8538233844634,0.75,-15.3415155903184));
#7852=CARTESIAN_POINT('Origin',(-46.8538233844634,12.2396098221477,-15.3415155903184));
#7853=CARTESIAN_POINT('Origin',(-46.8538233844634,12.2396098221477,-15.3415155903184));
#7854=CARTESIAN_POINT('Origin',(-46.8538233844634,12.2396098221477,-15.3415155903184));
#7855=CARTESIAN_POINT('Origin',(-46.8538233844634,12.2396098221477,-15.3415155903184));
#7856=CARTESIAN_POINT('Origin',(-38.464618362147,3.85040479983139,-20.3750386037082));
#7857=CARTESIAN_POINT('Origin',(-17.1999999999425,0.,-45.));
#7858=CARTESIAN_POINT('',(-17.1999999999425,0.,-44.));
#7859=CARTESIAN_POINT('Origin',(-16.6999999999426,0.,-43.));
#7860=CARTESIAN_POINT('',(-15.6999999999426,0.,-43.));
#7861=CARTESIAN_POINT('',(-16.6999999999426,0.,-44.));
#7862=CARTESIAN_POINT('Origin',(-15.6999999999426,0.,-34.));
#7863=CARTESIAN_POINT('',(-15.6999999999426,0.,-35.));
#7864=CARTESIAN_POINT('Origin',(-16.6999999999426,0.,-35.));
#7865=CARTESIAN_POINT('',(-16.6999999999426,0.,-34.));
#7866=CARTESIAN_POINT('Origin',(-19.9999999999425,0.,-34.));
#7867=CARTESIAN_POINT('Origin',(-18.6999999999425,0.,-7.9));
#7868=CARTESIAN_POINT('',(-19.6999999999425,0.,-7.9));
#7869=CARTESIAN_POINT('Origin',(-19.6999999999425,0.,-14.5));
#7870=CARTESIAN_POINT('Origin',(-15.6999999999426,0.,-20.4));
#7871=CARTESIAN_POINT('Origin',(-28.2189393093206,-6.39527425299501,3.22911026387556));
#7872=CARTESIAN_POINT('Ctrl Pts',(-13.9928932187562,7.84306234379275,-47.5644651581626));
#7873=CARTESIAN_POINT('Ctrl Pts',(-14.0582354409647,7.76603245922797,-47.6555505777884));
#7874=CARTESIAN_POINT('Ctrl Pts',(-14.1751594326966,7.60783717545907,-47.8426115332385));
#7875=CARTESIAN_POINT('Ctrl Pts',(-14.3270537863206,7.26656954158071,-48.2461497939036));
#7876=CARTESIAN_POINT('Ctrl Pts',(-14.2658735302857,6.97477770075896,-48.5911844829049));
#7877=CARTESIAN_POINT('Ctrl Pts',(-14.1408889973528,6.77067010574411,-48.8325353046772));
#7878=CARTESIAN_POINT('Ctrl Pts',(-14.0867718365746,6.69006087730675,-48.9278531860347));
#7879=CARTESIAN_POINT('Ctrl Pts',(-13.9797910783287,6.55266495003704,-49.0903195555604));
#7880=CARTESIAN_POINT('Ctrl Pts',(-13.7315972099933,6.28999923713936,-49.4009135129026));
#7881=CARTESIAN_POINT('Ctrl Pts',(-13.2397760221871,5.86861181119758,-49.8991909117819));
#7882=CARTESIAN_POINT('Ctrl Pts',(-12.5297405306444,5.3364775385933,-50.5284229791965));
#7883=CARTESIAN_POINT('Ctrl Pts',(-11.9778793437514,4.94770706591686,-50.9881318550685));
#7884=CARTESIAN_POINT('Ctrl Pts',(-11.6999999999498,4.75480013065197,-51.2162382484066));
#7885=CARTESIAN_POINT('Ctrl Pts',(-14.1299702116392,7.89154741421553,-47.5071330849031));
#7886=CARTESIAN_POINT('Ctrl Pts',(-14.194089586569,7.80993890720051,-47.6035861335198));
#7887=CARTESIAN_POINT('Ctrl Pts',(-14.3086491895667,7.64131778703919,-47.8028589000551));
#7888=CARTESIAN_POINT('Ctrl Pts',(-14.4569445354539,7.27213683575932,-48.2392781681116));
#7889=CARTESIAN_POINT('Ctrl Pts',(-14.3972851102716,6.9536307126618,-48.6158447050836));
#7890=CARTESIAN_POINT('Ctrl Pts',(-14.2750033898692,6.73475745582712,-48.8747149544339));
#7891=CARTESIAN_POINT('Ctrl Pts',(-14.2220048155738,6.64855608304125,-48.9766830116801));
#7892=CARTESIAN_POINT('Ctrl Pts',(-14.1171335720855,6.50243515371584,-49.1495146951811));
#7893=CARTESIAN_POINT('Ctrl Pts',(-13.8733068785025,6.2259701729047,-49.4765891408844));
#7894=CARTESIAN_POINT('Ctrl Pts',(-13.388185132739,5.78976737450039,-49.9924529490537));
#7895=CARTESIAN_POINT('Ctrl Pts',(-12.6845912223219,5.24719022488708,-50.6342825256049));
#7896=CARTESIAN_POINT('Ctrl Pts',(-12.1360685404672,4.85366511564686,-51.0992456660748));
#7897=CARTESIAN_POINT('Ctrl Pts',(-11.8596448972796,4.65891036126522,-51.3296248896012));
#7898=CARTESIAN_POINT('Ctrl Pts',(-14.4039865061363,7.93143796554559,-47.3442961665407));
#7899=CARTESIAN_POINT('Ctrl Pts',(-14.4656962051009,7.84408880778584,-47.4543304401743));
#7900=CARTESIAN_POINT('Ctrl Pts',(-14.5756055666779,7.6613261101938,-47.6836743082071));
#7901=CARTESIAN_POINT('Ctrl Pts',(-14.7167877003284,7.24683498040289,-48.194696867827));
#7902=CARTESIAN_POINT('Ctrl Pts',(-14.6601848784158,6.87054107627899,-48.6307145935839));
#7903=CARTESIAN_POINT('Ctrl Pts',(-14.543256147356,6.61448478243926,-48.918104658725));
#7904=CARTESIAN_POINT('Ctrl Pts',(-14.4924661234423,6.51395258581758,-49.0306791278367));
#7905=CARTESIAN_POINT('Ctrl Pts',(-14.3917681585132,6.3445291220854,-49.2192468946276));
#7906=CARTESIAN_POINT('Ctrl Pts',(-14.1565423710096,6.02858539995624,-49.5690756249062));
#7907=CARTESIAN_POINT('Ctrl Pts',(-13.6846635448374,5.54562411491743,-50.1054545832866));
#7908=CARTESIAN_POINT('Ctrl Pts',(-12.993672872532,4.96654712035371,-50.7588941623386));
#7909=CARTESIAN_POINT('Ctrl Pts',(-12.4518920805761,4.55632257404455,-51.2284155439836));
#7910=CARTESIAN_POINT('Ctrl Pts',(-12.1782921748981,4.35451037585601,-51.4603736498283));
#7911=CARTESIAN_POINT('Ctrl Pts',(-14.6189064326894,7.84885901664826,-47.1202823498097));
#7912=CARTESIAN_POINT('Ctrl Pts',(-14.6819947915291,7.76401915937857,-47.2445724714655));
#7913=CARTESIAN_POINT('Ctrl Pts',(-14.7945239515608,7.58365215024621,-47.505236591721));
#7914=CARTESIAN_POINT('Ctrl Pts',(-14.9396238697362,7.15145685198968,-48.0930444678483));
#7915=CARTESIAN_POINT('Ctrl Pts',(-14.8813006055059,6.71680172358862,-48.5737386898995));
#7916=CARTESIAN_POINT('Ctrl Pts',(-14.7613604311688,6.41857533494731,-48.8705184035267));
#7917=CARTESIAN_POINT('Ctrl Pts',(-14.7093240404709,6.30172077117679,-48.9859982196266));
#7918=CARTESIAN_POINT('Ctrl Pts',(-14.6062430983863,6.10524992481359,-49.1761414890742));
#7919=CARTESIAN_POINT('Ctrl Pts',(-14.3660462226269,5.74309702614625,-49.5206829065187));
#7920=CARTESIAN_POINT('Ctrl Pts',(-13.8861690395011,5.20628690036098,-50.0365867766891));
#7921=CARTESIAN_POINT('Ctrl Pts',(-13.1873501083036,4.58744903486733,-50.6655242739886));
#7922=CARTESIAN_POINT('Ctrl Pts',(-12.6410594969412,4.1594783194823,-51.120822383336));
#7923=CARTESIAN_POINT('Ctrl Pts',(-12.3656633560309,3.9504037700656,-51.3468810571659));
#7924=CARTESIAN_POINT('Ctrl Pts',(-14.6999999999427,7.78132575301008,-47.0049959138837));
#7925=CARTESIAN_POINT('Ctrl Pts',(-14.7653422221513,7.69949382298793,-47.1351488702143));
#7926=CARTESIAN_POINT('Ctrl Pts',(-14.8822662138832,7.52400807962554,-47.4090609985898));
#7927=CARTESIAN_POINT('Ctrl Pts',(-15.0341605675073,7.08996385558829,-48.0315333199401));
#7928=CARTESIAN_POINT('Ctrl Pts',(-14.9729803114724,6.62830159735886,-48.5299322709948));
#7929=CARTESIAN_POINT('Ctrl Pts',(-14.8479957785396,6.31092224631271,-48.8263964407896));
#7930=CARTESIAN_POINT('Ctrl Pts',(-14.7938786177614,6.18673991135841,-48.9413467935143));
#7931=CARTESIAN_POINT('Ctrl Pts',(-14.6868978595154,5.97830224155325,-49.1288075127022));
#7932=CARTESIAN_POINT('Ctrl Pts',(-14.43870399118,5.59666270391053,-49.4641973935909));
#7933=CARTESIAN_POINT('Ctrl Pts',(-13.9468828033738,5.0396410514122,-49.9617501112976));
#7934=CARTESIAN_POINT('Ctrl Pts',(-13.2368473118312,4.40845923653128,-50.5722843600325));
#7935=CARTESIAN_POINT('Ctrl Pts',(-12.6849861249381,3.9756255807359,-51.0183255016024));
#7936=CARTESIAN_POINT('Ctrl Pts',(-12.4071067811365,3.7647377989556,-51.2403519005694));
#7937=CARTESIAN_POINT('',(-12.7000460043045,3.98996356939923,-51.0051548683435));
#7938=CARTESIAN_POINT('',(-14.7006885442466,6.01264045792718,-49.0973511824005));
#7939=CARTESIAN_POINT('Ctrl Pts',(-12.7000460043045,3.98996356939923,-51.0051548683435));
#7940=CARTESIAN_POINT('Ctrl Pts',(-12.8788732925871,4.12942444770693,-50.8607629653878));
#7941=CARTESIAN_POINT('Ctrl Pts',(-13.3306841117053,4.49187490004759,-50.4915974355094));
#7942=CARTESIAN_POINT('Ctrl Pts',(-13.9468828033738,5.0396410514122,-49.9617501112976));
#7943=CARTESIAN_POINT('Ctrl Pts',(-14.4323271466429,5.58944048459624,-49.4706485518746));
#7944=CARTESIAN_POINT('Ctrl Pts',(-14.6403860511802,5.90684955318815,-49.1916037831551));
#7945=CARTESIAN_POINT('Ctrl Pts',(-14.7006885442466,6.01264045792718,-49.0973511824005));
#7946=CARTESIAN_POINT('',(-14.699999970544,7.78132570048537,-47.004995909509));
#7947=CARTESIAN_POINT('Ctrl Pts',(-14.6999999999507,6.01297930976019,-49.0979652730002));
#7948=CARTESIAN_POINT('Ctrl Pts',(-14.6999999999507,6.25135001161713,-49.0266545257321));
#7949=CARTESIAN_POINT('Ctrl Pts',(-14.6999999999507,6.45926132566074,-48.8879874411972));
#7950=CARTESIAN_POINT('Ctrl Pts',(-14.6999999999506,6.69812201712646,-48.7075488899864));
#7951=CARTESIAN_POINT('Ctrl Pts',(-14.6999999999488,6.80585349817677,-48.6102064794988));
#7952=CARTESIAN_POINT('Ctrl Pts',(-14.6999999999487,6.95272852918024,-48.4632347398399));
#7953=CARTESIAN_POINT('Ctrl Pts',(-14.6999999999505,7.00019616630301,-48.4132228406065));
#7954=CARTESIAN_POINT('Ctrl Pts',(-14.6999999999505,7.07332645509987,-48.3325587075467));
#7955=CARTESIAN_POINT('Ctrl Pts',(-14.6999999999506,7.10026815581122,-48.3020130543772));
#7956=CARTESIAN_POINT('Ctrl Pts',(-14.6999999999505,7.14998774756648,-48.2440689107728));
#7957=CARTESIAN_POINT('Ctrl Pts',(-14.6999999999505,7.17302202697884,-48.2165618189648));
#7958=CARTESIAN_POINT('Ctrl Pts',(-14.6999999999505,7.22370400327458,-48.1544659099202));
#7959=CARTESIAN_POINT('Ctrl Pts',(-14.6999999999505,7.25136653404896,-48.1194733248497));
#7960=CARTESIAN_POINT('Ctrl Pts',(-14.6999999999505,7.33114822118644,-48.0148253067895));
#7961=CARTESIAN_POINT('Ctrl Pts',(-14.6999999999505,7.37998198419706,-47.9457859030213));
#7962=CARTESIAN_POINT('Ctrl Pts',(-14.6999999999504,7.53768999171426,-47.7035578914854));
#7963=CARTESIAN_POINT('Ctrl Pts',(-14.6999999999504,7.63826294015841,-47.5143544505531));
#7964=CARTESIAN_POINT('Ctrl Pts',(-14.6999999999503,7.74081808201206,-47.2194680229173));
#7965=CARTESIAN_POINT('Ctrl Pts',(-14.6999999999503,7.76810748644418,-47.1125344849998));
#7966=CARTESIAN_POINT('Ctrl Pts',(-14.6999999999503,7.78132575275053,-47.0049959159333));
#7967=CARTESIAN_POINT('Ctrl Pts',(-14.6999999014452,7.78132565374321,-47.0049959037613));
#7968=CARTESIAN_POINT('Ctrl Pts',(-14.699999877121,7.78117750599483,-47.0062009730496));
#7969=CARTESIAN_POINT('Ctrl Pts',(-14.6999324906925,7.78109259916614,-47.0074289152222));
#7970=CARTESIAN_POINT('Ctrl Pts',(-14.699821802358,7.78105155101056,-47.0086369837502));
#7971=CARTESIAN_POINT('Ctrl Pts',(-14.6996791814012,7.78099866081894,-47.0101935695469));
#7972=CARTESIAN_POINT('Ctrl Pts',(-14.6994596529395,7.78101675897607,-47.0117714845128));
#7973=CARTESIAN_POINT('Ctrl Pts',(-14.699196969517,7.78107892837489,-47.0133115017724));
#7974=CARTESIAN_POINT('Ctrl Pts',(-14.6985174245467,7.78123975657594,-47.0172954265031));
#7975=CARTESIAN_POINT('Ctrl Pts',(-14.6974726228933,7.78171271017234,-47.0214633495925));
#7976=CARTESIAN_POINT('Ctrl Pts',(-14.6963617243068,7.78226435279589,-47.025305188291));
#7977=CARTESIAN_POINT('Ctrl Pts',(-14.6925740515278,7.78414521012567,-47.0384041588337));
#7978=CARTESIAN_POINT('Ctrl Pts',(-14.6859634138599,7.78799188582399,-47.0549255181292));
#7979=CARTESIAN_POINT('Ctrl Pts',(-14.6769034632356,7.79272986263248,-47.0738742303986));
#7980=CARTESIAN_POINT('Ctrl Pts',(-14.6760764278339,7.79316236769962,-47.0756039590156));
#7981=CARTESIAN_POINT('Ctrl Pts',(-14.6752290036687,7.79360228389078,-47.0773538891129));
#7982=CARTESIAN_POINT('Ctrl Pts',(-14.6743615009964,7.79404879633355,-47.0791232488992));
#7983=CARTESIAN_POINT('Ctrl Pts',(-14.6660766363145,7.79831310039288,-47.0960210716622));
#7984=CARTESIAN_POINT('Ctrl Pts',(-14.6562254751179,7.80304004886706,-47.1141746344559));
#7985=CARTESIAN_POINT('Ctrl Pts',(-14.6447973591205,7.80778552858827,-47.1335086292869));
#7986=CARTESIAN_POINT('Ctrl Pts',(-14.6341118964341,7.8122226244754,-47.1515862092127));
#7987=CARTESIAN_POINT('Ctrl Pts',(-14.6220469227491,7.81667496739202,-47.1706958590039));
#7988=CARTESIAN_POINT('Ctrl Pts',(-14.6086142441776,7.82076659767454,-47.1907381683199));
#7989=CARTESIAN_POINT('Ctrl Pts',(-14.596543816187,7.82444328273973,-47.2087479234166));
#7990=CARTESIAN_POINT('Ctrl Pts',(-14.5833691604045,7.82782795913138,-47.227510374835));
#7991=CARTESIAN_POINT('Ctrl Pts',(-14.569120860388,7.83064767287551,-47.2469246433505));
#7992=CARTESIAN_POINT('Ctrl Pts',(-14.5680359476686,7.8308623752121,-47.2484029100087));
#7993=CARTESIAN_POINT('Ctrl Pts',(-14.566944831285,7.83107379807817,-47.2498849422426));
#7994=CARTESIAN_POINT('Ctrl Pts',(-14.5658475356028,7.83128181931253,-47.2513706887806));
#7995=CARTESIAN_POINT('Ctrl Pts',(-14.5518598650884,7.83393354986576,-47.2703100989878));
#7996=CARTESIAN_POINT('Ctrl Pts',(-14.536864453704,7.83603268200709,-47.2898551111195));
#7997=CARTESIAN_POINT('Ctrl Pts',(-14.5209159950712,7.83733692959551,-47.3098862520363));
#7998=CARTESIAN_POINT('Ctrl Pts',(-14.519770601945,7.83743059859871,-47.3113248569602));
#7999=CARTESIAN_POINT('Ctrl Pts',(-14.518620312849,7.83752016774418,-47.3127659584506));
#8000=CARTESIAN_POINT('Ctrl Pts',(-14.5174651574453,7.83760554757488,-47.3142095072599));
#8001=CARTESIAN_POINT('Ctrl Pts',(-14.5074346875123,7.838346919534,-47.3267441609363));
#8002=CARTESIAN_POINT('Ctrl Pts',(-14.4970362243154,7.83877262488413,-47.3394636564745));
#8003=CARTESIAN_POINT('Ctrl Pts',(-14.4862890745526,7.83882671651341,-47.3523339125581));
#8004=CARTESIAN_POINT('Ctrl Pts',(-14.4688093852551,7.83891469378128,-47.3732667256748));
#8005=CARTESIAN_POINT('Ctrl Pts',(-14.4515746109088,7.83798007180536,-47.3932789026296));
#8006=CARTESIAN_POINT('Ctrl Pts',(-14.4348225209799,7.83611936708354,-47.4124449836891));
#8007=CARTESIAN_POINT('Ctrl Pts',(-14.4157339486346,7.833999142273,-47.4342842363693));
#8008=CARTESIAN_POINT('Ctrl Pts',(-14.3972721725869,7.83067660019165,-47.455025014618));
#8009=CARTESIAN_POINT('Ctrl Pts',(-14.3797567876263,7.8263052954749,-47.4748052222904));
#8010=CARTESIAN_POINT('Ctrl Pts',(-14.3762928994196,7.82544081485453,-47.478717007743));
#8011=CARTESIAN_POINT('Ctrl Pts',(-14.3728660256239,7.82453533582659,-47.4825912538952));
#8012=CARTESIAN_POINT('Ctrl Pts',(-14.3694783755952,7.82359009387496,-47.4864291993314));
#8013=CARTESIAN_POINT('Ctrl Pts',(-14.3556635784718,7.81973540827179,-47.5020802958505));
#8014=CARTESIAN_POINT('Ctrl Pts',(-14.3425016400047,7.81522005665439,-47.517127537584));
#8015=CARTESIAN_POINT('Ctrl Pts',(-14.3301427340895,7.81013446481731,-47.5316621422398));
#8016=CARTESIAN_POINT('Ctrl Pts',(-14.3262657485171,7.80853911598021,-47.5362216439415));
#8017=CARTESIAN_POINT('Ctrl Pts',(-14.3224675748877,7.80688760481856,-47.5407307906551));
#8018=CARTESIAN_POINT('Ctrl Pts',(-14.3187523909793,7.80518257036583,-47.5451925865121));
#8019=CARTESIAN_POINT('Ctrl Pts',(-14.3081769724072,7.80032912206775,-47.5578932656531));
#8020=CARTESIAN_POINT('Ctrl Pts',(-14.2978409890285,7.79484910615103,-47.5707123652908));
#8021=CARTESIAN_POINT('Ctrl Pts',(-14.2880856193455,7.78870080534907,-47.5836337194313));
#8022=CARTESIAN_POINT('Ctrl Pts',(-14.2780871962799,7.7823993206745,-47.5968770069206));
#8023=CARTESIAN_POINT('Ctrl Pts',(-14.2686994164171,7.77539649652739,-47.6102272030775));
#8024=CARTESIAN_POINT('Ctrl Pts',(-14.2602860404215,7.76768573016652,-47.6237045869045));
#8025=CARTESIAN_POINT('Ctrl Pts',(-14.2560791694658,7.7638301793072,-47.6304435718981));
#8026=CARTESIAN_POINT('Ctrl Pts',(-14.2521157950206,7.75979815988572,-47.6372149870324));
#8027=CARTESIAN_POINT('Ctrl Pts',(-14.2484401535412,7.75559127659881,-47.6440253318051));
#8028=CARTESIAN_POINT('Ctrl Pts',(-14.2418234606639,7.74801827067965,-47.6562849496165));
#8029=CARTESIAN_POINT('Ctrl Pts',(-14.2364950341409,7.74027158923974,-47.6680408050386));
#8030=CARTESIAN_POINT('Ctrl Pts',(-14.2323154478241,7.73240810820213,-47.6794622584013));
#8031=CARTESIAN_POINT('Ctrl Pts',(-14.2277706195737,7.72385746034894,-47.6918817994682));
#8032=CARTESIAN_POINT('Ctrl Pts',(-14.2245838557521,7.71516834636955,-47.7039060403001));
#8033=CARTESIAN_POINT('Ctrl Pts',(-14.2225590041127,7.70636260021093,-47.7157192629573));
#8034=CARTESIAN_POINT('Ctrl Pts',(-14.2215663476251,7.70204570069967,-47.7215105376768));
#8035=CARTESIAN_POINT('Ctrl Pts',(-14.2208527257192,7.69770006429635,-47.7272506030342));
#8036=CARTESIAN_POINT('Ctrl Pts',(-14.2203940507425,7.69332475711983,-47.7329585323984));
#8037=CARTESIAN_POINT('Ctrl Pts',(-14.2192809868927,7.68270722510456,-47.7468099307849));
#8038=CARTESIAN_POINT('Ctrl Pts',(-14.2196331414126,7.67165749466077,-47.760812288608));
#8039=CARTESIAN_POINT('Ctrl Pts',(-14.2213658685535,7.66010143073733,-47.7751877791677));
#8040=CARTESIAN_POINT('Ctrl Pts',(-14.2228211864472,7.65039549019376,-47.7872617567419));
#8041=CARTESIAN_POINT('Ctrl Pts',(-14.2252520194638,7.64033245210629,-47.7995975372448));
#8042=CARTESIAN_POINT('Ctrl Pts',(-14.2285878610838,7.62984186341784,-47.8123295859444));
#8043=CARTESIAN_POINT('Ctrl Pts',(-14.2292243853306,7.62784011548603,-47.8147590351307));
#8044=CARTESIAN_POINT('Ctrl Pts',(-14.2298939835733,7.62582280684078,-47.8172028231481));
#8045=CARTESIAN_POINT('Ctrl Pts',(-14.2305963473774,7.62378946606826,-47.8196617563418));
#8046=CARTESIAN_POINT('Ctrl Pts',(-14.2311188268937,7.62227688968383,-47.8214909255249));
#8047=CARTESIAN_POINT('Ctrl Pts',(-14.23165930318,7.62075538121954,-47.8233285519307));
#8048=CARTESIAN_POINT('Ctrl Pts',(-14.2322175578999,7.61922469769474,-47.8251750167269));
#8049=CARTESIAN_POINT('Ctrl Pts',(-14.235497602521,7.61023111450936,-47.8360239835283));
#8050=CARTESIAN_POINT('Ctrl Pts',(-14.2393923957047,7.60092156147802,-47.8471780299818));
#8051=CARTESIAN_POINT('Ctrl Pts',(-14.243849006607,7.59124584486811,-47.8587091000126));
#8052=CARTESIAN_POINT('Ctrl Pts',(-12.6609681378536,3.95955057205989,-51.0366810354537));
#8053=CARTESIAN_POINT('Ctrl Pts',(-12.6740004834336,3.96967265914574,-51.0261759290571));
#8054=CARTESIAN_POINT('Ctrl Pts',(-12.6870265396949,3.97981016391515,-51.0156672755298));
#8055=CARTESIAN_POINT('Ctrl Pts',(-12.7000460043045,3.98996356939923,-51.0051548683435));
#8056=CARTESIAN_POINT('Origin',(-14.6999999999502,5.3,-46.6999999999996));
#8057=CARTESIAN_POINT('',(-14.6999999998577,7.78248275788676,-46.9954307990473));
#8058=CARTESIAN_POINT('Origin',(-14.6999999999502,5.3,-46.6999999999996));
#8059=CARTESIAN_POINT('Origin',(-14.6999999999502,5.3,-46.6999999999996));
#8060=CARTESIAN_POINT('Origin',(-13.6999999999501,5.3,-46.6999999999998));
#8061=CARTESIAN_POINT('Origin',(-12.6999999999502,5.3,-46.7));
#8062=CARTESIAN_POINT('Origin',(-12.6999999999502,5.3,-46.7));
#8063=CARTESIAN_POINT('',(-12.6612675023055,9.34606747027459,-44.6421594226857));
#8064=CARTESIAN_POINT('Ctrl Pts',(-12.6609818655401,9.34581083868807,-44.6423070486458));
#8065=CARTESIAN_POINT('Ctrl Pts',(-12.6803885523817,9.29904063785301,-44.5931568185802));
#8066=CARTESIAN_POINT('Ctrl Pts',(-12.6926780955673,9.25498694681786,-44.5368531680006));
#8067=CARTESIAN_POINT('Ctrl Pts',(-12.6991895433406,9.20172530710698,-44.4562458967494));
#8068=CARTESIAN_POINT('Ctrl Pts',(-12.6999999999496,9.18869343612815,-44.4353433243046));
#8069=CARTESIAN_POINT('Ctrl Pts',(-12.6999999999496,9.17618353071075,-44.4141300920116));
#8070=CARTESIAN_POINT('',(-12.7004273864592,9.32018553184143,-44.6774103145951));
#8071=CARTESIAN_POINT('Ctrl Pts',(-12.6612675023055,9.34606747027459,-44.6421594226857));
#8072=CARTESIAN_POINT('Ctrl Pts',(-12.6743236329761,9.33744265759042,-44.6538921979489));
#8073=CARTESIAN_POINT('Ctrl Pts',(-12.6873740063133,9.32881750603132,-44.665639449144));
#8074=CARTESIAN_POINT('Ctrl Pts',(-12.7004181424141,9.32019171136742,-44.6774021109828));
#8075=CARTESIAN_POINT('Ctrl Pts',(-14.6999999998665,7.78248275792169,-46.9954307990704));
#8076=CARTESIAN_POINT('Ctrl Pts',(-14.5750461338908,7.9380095041533,-46.7459381896411));
#8077=CARTESIAN_POINT('Ctrl Pts',(-14.2825174804382,8.20805088231025,-46.3032522402965));
#8078=CARTESIAN_POINT('Ctrl Pts',(-13.614184175534,8.71021031841014,-45.5266691484418));
#8079=CARTESIAN_POINT('Ctrl Pts',(-13.072928704947,9.0738585408944,-45.0133165349672));
#8080=CARTESIAN_POINT('Ctrl Pts',(-12.7004273864592,9.32018553184143,-44.6774103145951));
#8081=CARTESIAN_POINT('Origin',(-12.6999999999426,0.,-12.7));
#8082=CARTESIAN_POINT('',(-12.6999999999486,3.5,-39.7000000000002));
#8083=CARTESIAN_POINT('Origin',(-11.6999999999484,13.7250164006909,-38.9930421771023));
#8084=CARTESIAN_POINT('Ctrl Pts',(-11.6999999999498,9.65801278113652,-45.3956321786603));
#8085=CARTESIAN_POINT('Ctrl Pts',(-11.7015598288647,9.6583796018271,-45.3951950187845));
#8086=CARTESIAN_POINT('Ctrl Pts',(-11.7031194867998,9.65874392586797,-45.3947551565312));
#8087=CARTESIAN_POINT('Ctrl Pts',(-11.8108920998074,9.68374895853894,-45.3641708151395));
#8088=CARTESIAN_POINT('Ctrl Pts',(-11.9161153602842,9.69681789105854,-45.3214998250063));
#8089=CARTESIAN_POINT('Ctrl Pts',(-12.114477155742,9.69705852796146,-45.2182830400663));
#8090=CARTESIAN_POINT('Ctrl Pts',(-12.207814252973,9.6847727317273,-45.1581965764785));
#8091=CARTESIAN_POINT('Ctrl Pts',(-12.3798581536051,9.6313711561768,-45.0249105191022));
#8092=CARTESIAN_POINT('Ctrl Pts',(-12.4572721213871,9.58978806764749,-44.9517245147582));
#8093=CARTESIAN_POINT('Ctrl Pts',(-12.5825773307466,9.48366526552441,-44.7983958757504));
#8094=CARTESIAN_POINT('Ctrl Pts',(-12.6303776119846,9.41991973072767,-44.7193451763354));
#8095=CARTESIAN_POINT('Ctrl Pts',(-12.6609589750895,9.34627123099935,-44.6418820729488));
#8096=CARTESIAN_POINT('Ctrl Pts',(-11.6999999999497,9.65801278113662,-45.3956321786602));
#8097=CARTESIAN_POINT('Ctrl Pts',(-12.1723829730887,9.33157613721113,-45.7846642218127));
#8098=CARTESIAN_POINT('Ctrl Pts',(-12.8172048621489,8.87872844115108,-46.3243470904901));
#8099=CARTESIAN_POINT('Ctrl Pts',(-13.5754106992518,8.27038026872146,-47.0493482105311));
#8100=CARTESIAN_POINT('Ctrl Pts',(-13.8679393527044,7.99300683421059,-47.3799089975995));
#8101=CARTESIAN_POINT('Ctrl Pts',(-13.9928932186801,7.84637504414213,-47.5546579602021));
#8102=CARTESIAN_POINT('Ctrl Pts',(-11.8596448972794,9.75346485450864,-45.2818768272985));
#8103=CARTESIAN_POINT('Ctrl Pts',(-12.3295532417734,9.42375417755981,-45.6746606985079));
#8104=CARTESIAN_POINT('Ctrl Pts',(-12.9701679515345,8.96582038167155,-46.2211471741314));
#8105=CARTESIAN_POINT('Ctrl Pts',(-13.7195243681483,8.33986670194888,-46.9666000492883));
#8106=CARTESIAN_POINT('Ctrl Pts',(-14.0073547952131,8.04998666232269,-47.3120923130386));
#8107=CARTESIAN_POINT('Ctrl Pts',(-14.1299702115646,7.89463880084471,-47.4971394547597));
#8108=CARTESIAN_POINT('Ctrl Pts',(-12.1782925868636,9.83061180289947,-44.9596921788254));
#8109=CARTESIAN_POINT('Ctrl Pts',(-12.6434006986309,9.50029386192101,-45.3647549634022));
#8110=CARTESIAN_POINT('Ctrl Pts',(-13.2753985934259,9.04061105034702,-45.9321783787118));
#8111=CARTESIAN_POINT('Ctrl Pts',(-14.0074842962009,8.40261418953411,-46.7373927870535));
#8112=CARTESIAN_POINT('Ctrl Pts',(-14.2859792108719,8.10012723122241,-47.1230894937169));
#8113=CARTESIAN_POINT('Ctrl Pts',(-14.403986606293,7.93390170236411,-47.3341501133365));
#8114=CARTESIAN_POINT('Ctrl Pts',(-12.3656633560305,9.65012936958789,-44.5807340867324));
#8115=CARTESIAN_POINT('Ctrl Pts',(-12.833824990697,9.33179142199616,-44.9962597664765));
#8116=CARTESIAN_POINT('Ctrl Pts',(-13.4717192691547,8.894335670146,-45.5817735891681));
#8117=CARTESIAN_POINT('Ctrl Pts',(-14.2142061194808,8.29632643575322,-46.4449653793033));
#8118=CARTESIAN_POINT('Ctrl Pts',(-14.498262627299,8.01178179365721,-46.8721527427014));
#8119=CARTESIAN_POINT('Ctrl Pts',(-14.6189064326159,7.85045982560348,-47.1104561105352));
#8120=CARTESIAN_POINT('Ctrl Pts',(-12.4071067811361,9.51361247150169,-44.4158600421702));
#8121=CARTESIAN_POINT('Ctrl Pts',(-12.8794897542751,9.20255317057277,-44.8332590704572));
#8122=CARTESIAN_POINT('Ctrl Pts',(-13.5243116433353,8.77773701468367,-45.4222399835094));
#8123=CARTESIAN_POINT('Ctrl Pts',(-14.2825174804382,8.20805088231025,-46.3032522402965));
#8124=CARTESIAN_POINT('Ctrl Pts',(-14.5750461338908,7.9380095041533,-46.7459381896411));
#8125=CARTESIAN_POINT('Ctrl Pts',(-14.6999999998665,7.78248275792169,-46.9954307990704));
#8126=CARTESIAN_POINT('Origin',(-13.9928932186782,7.08033060102518,-46.9118703505132));
#8127=CARTESIAN_POINT('Ctrl Pts',(-14.6999999999504,7.66817894808611,-47.5010795652375));
#8128=CARTESIAN_POINT('Ctrl Pts',(-14.6999999999503,7.7274822108173,-47.3257652213856));
#8129=CARTESIAN_POINT('Ctrl Pts',(-14.6999999999503,7.76354590891525,-47.1545557145744));
#8130=CARTESIAN_POINT('Ctrl Pts',(-14.6999999999502,7.78248275783911,-46.9954307990567));
#8131=CARTESIAN_POINT('Ctrl Pts',(-14.6235600365986,7.68175551671414,-47.5832214534235));
#8132=CARTESIAN_POINT('Ctrl Pts',(-14.612669031966,7.75666075821057,-47.4268090900448));
#8133=CARTESIAN_POINT('Ctrl Pts',(-14.6067599377497,7.81565105690594,-47.2726328784071));
#8134=CARTESIAN_POINT('Ctrl Pts',(-14.6073216373754,7.86017083521433,-47.1268882978804));
#8135=CARTESIAN_POINT('Ctrl Pts',(-14.4743651234274,7.67694789048088,-47.7172762627551));
#8136=CARTESIAN_POINT('Ctrl Pts',(-14.4350941189297,7.76829707957604,-47.592413689231));
#8137=CARTESIAN_POINT('Ctrl Pts',(-14.4039376769145,7.85492173148389,-47.4688722035845));
#8138=CARTESIAN_POINT('Ctrl Pts',(-14.3846226574332,7.93562369201368,-47.3494411838319));
#8139=CARTESIAN_POINT('Ctrl Pts',(-14.3130040873883,7.62275773576339,-47.8211546908287));
#8140=CARTESIAN_POINT('Ctrl Pts',(-14.2377175662061,7.71009882617751,-47.7170656325466));
#8141=CARTESIAN_POINT('Ctrl Pts',(-14.1688616773528,7.79830123376383,-47.6119500964301));
#8142=CARTESIAN_POINT('Ctrl Pts',(-14.1103877840257,7.88774397845704,-47.5053563841105));
#8143=CARTESIAN_POINT('Ctrl Pts',(-14.2438530443483,7.59124218430503,-47.8587134625018));
#8144=CARTESIAN_POINT('Ctrl Pts',(-14.1531391845533,7.67348206356875,-47.7607037909347));
#8145=CARTESIAN_POINT('Ctrl Pts',(-14.0681349175976,7.75807985682202,-47.6598840668996));
#8146=CARTESIAN_POINT('Ctrl Pts',(-13.9928932186784,7.84637504414421,-47.5546579601996));
#8147=CARTESIAN_POINT('Origin',(-15.6999999999426,0.,-44.));
#8148=CARTESIAN_POINT('Origin',(-48.6999999999426,24.8,4.3));
#8149=CARTESIAN_POINT('',(-48.6999999999426,25.3919957310566,6.81116328708644));
#8150=CARTESIAN_POINT('Origin',(-48.6999999999426,24.8,4.3));
#8151=CARTESIAN_POINT('',(-48.6999999999426,25.3919957310566,6.81116328708644));
#8152=CARTESIAN_POINT('Origin',(-48.6999999999426,25.1,6.88000000000001));
#8153=CARTESIAN_POINT('',(-48.6999999999426,25.1,6.88000000000001));
#8154=CARTESIAN_POINT('',(-48.6999999999426,15.8620382952021,9.05780895453045));
#8155=CARTESIAN_POINT('',(-48.6999999999426,25.1,6.88000000000001));
#8156=CARTESIAN_POINT('Origin',(-48.6999999999426,3.5,6.88000000000001));
#8157=CARTESIAN_POINT('',(-48.6999999999426,2.5,6.88000000000001));
#8158=CARTESIAN_POINT('',(-48.6999999999426,2.5,6.88000000000001));
#8159=CARTESIAN_POINT('Origin',(-48.6999999999426,1.5,-10.5));
#8160=CARTESIAN_POINT('Origin',(-48.6999999999426,3.8,4.3));
#8161=CARTESIAN_POINT('Origin',(-49.2399999999425,3.8,-8.2));
#8162=CARTESIAN_POINT('',(-49.7799999999425,3.8,-6.7));
#8163=CARTESIAN_POINT('',(-49.2399999999425,3.8,-6.16));
#8164=CARTESIAN_POINT('Origin',(-49.7799999999425,3.8,-8.2));
#8165=CARTESIAN_POINT('Origin',(-48.6999999999426,3.8,-8.2));
#8166=CARTESIAN_POINT('Origin',(-48.6999999999426,1.5,-10.5));
#8167=CARTESIAN_POINT('Origin',(-48.6999999999426,24.8,4.3));
#8168=CARTESIAN_POINT('Origin',(-48.6999999999426,1.5,-10.5));
#8169=CARTESIAN_POINT('Origin',(-49.2399999999425,3.8,4.3));
#8170=CARTESIAN_POINT('',(-49.7799999999425,3.8,5.8));
#8171=CARTESIAN_POINT('',(-49.2399999999425,3.8,6.34));
#8172=CARTESIAN_POINT('Origin',(-49.7799999999425,3.8,4.3));
#8173=CARTESIAN_POINT('Origin',(-49.2399999999425,24.8,4.3));
#8174=CARTESIAN_POINT('',(-49.7799999999425,24.8,5.8));
#8175=CARTESIAN_POINT('',(-49.2399999999425,24.8,6.34));
#8176=CARTESIAN_POINT('Origin',(-49.7799999999425,24.8,4.3));
#8177=CARTESIAN_POINT('Origin',(-49.7799999999425,3.8,4.3));
#8178=CARTESIAN_POINT('Origin',(-49.7799999999425,24.8,4.3));
#8179=CARTESIAN_POINT('Origin',(-49.7799999999425,3.8,-8.2));
#8180=CARTESIAN_POINT('Origin',(-49.7799999999425,24.8,-8.2));
#8181=CARTESIAN_POINT('Origin',(-14.2000000000922,3.5,-32.7));
#8182=CARTESIAN_POINT('Origin',(-15.6999999999425,1.5,34.6));
#8183=CARTESIAN_POINT('',(-15.6999999999425,1.5,35.1));
#8184=CARTESIAN_POINT('Origin',(-15.6999999999425,29.05,36.8));
#8185=CARTESIAN_POINT('Origin',(-15.6999999999425,60.0571067811976,36.8));
#8186=CARTESIAN_POINT('Origin',(-15.1999999999426,1.75,36.8));
#8187=CARTESIAN_POINT('',(-15.6999999999426,1.75,36.8));
#8188=CARTESIAN_POINT('Origin',(-15.1999999999426,59.5571067811977,36.8));
#8189=CARTESIAN_POINT('Origin',(-0.0714466093430341,44.4285533905981,36.8));
#8190=CARTESIAN_POINT('Origin',(-15.1999999999426,2.5,35.6));
#8191=CARTESIAN_POINT('',(-15.6999999999426,2.5,35.6));
#8192=CARTESIAN_POINT('',(-15.1999999999426,2.5,35.1));
#8193=CARTESIAN_POINT('Origin',(-15.6999999999426,3.5,35.1));
#8194=CARTESIAN_POINT('Origin',(-12.6999999999426,0.,-12.7));
#8195=CARTESIAN_POINT('Origin',(-13.6999999999372,54.3,11.3000000000002));
#8196=CARTESIAN_POINT('',(-14.6999999999377,54.3,8.80000000000044));
#8197=CARTESIAN_POINT('',(-13.699999999938,54.3,7.8000000000002));
#8198=CARTESIAN_POINT('Origin',(-14.6999999999372,54.3,11.3000000000004));
#8199=CARTESIAN_POINT('Origin',(-13.6999999999372,5.3,11.3000000000002));
#8200=CARTESIAN_POINT('',(-14.6999999999377,5.3,8.80000000000045));
#8201=CARTESIAN_POINT('',(-13.699999999938,5.3,7.8000000000002));
#8202=CARTESIAN_POINT('Origin',(-14.6999999999372,5.3,11.3000000000005));
#8203=CARTESIAN_POINT('Origin',(-14.6999999999372,54.3,11.3000000000004));
#8204=CARTESIAN_POINT('Origin',(-14.6999999999372,5.3,11.3000000000005));
#8205=CARTESIAN_POINT('Origin',(-12.6999999999426,1.5,35.1));
#8206=UNCERTAINTY_MEASURE_WITH_UNIT(LENGTH_MEASURE(0.01),#8210,
'DISTANCE_ACCURACY_VALUE',
'Maximum model space distance between geometric entities at asserted c
onnectivities');
#8207=UNCERTAINTY_MEASURE_WITH_UNIT(LENGTH_MEASURE(0.01),#8210,
'DISTANCE_ACCURACY_VALUE',
'Maximum model space distance between geometric entities at asserted c
onnectivities');
#8208=(
GEOMETRIC_REPRESENTATION_CONTEXT(3)
GLOBAL_UNCERTAINTY_ASSIGNED_CONTEXT((#8206))
GLOBAL_UNIT_ASSIGNED_CONTEXT((#8210,#8212,#8213))
REPRESENTATION_CONTEXT('','3D')
);
#8209=(
GEOMETRIC_REPRESENTATION_CONTEXT(3)
GLOBAL_UNCERTAINTY_ASSIGNED_CONTEXT((#8207))
GLOBAL_UNIT_ASSIGNED_CONTEXT((#8210,#8212,#8213))
REPRESENTATION_CONTEXT('','3D')
);
#8210=(
LENGTH_UNIT()
NAMED_UNIT(*)
SI_UNIT(.MILLI.,.METRE.)
);
#8211=(
LENGTH_UNIT()
NAMED_UNIT(*)
SI_UNIT(.CENTI.,.METRE.)
);
#8212=(
NAMED_UNIT(*)
PLANE_ANGLE_UNIT()
SI_UNIT($,.RADIAN.)
);
#8213=(
NAMED_UNIT(*)
SI_UNIT($,.STERADIAN.)
SOLID_ANGLE_UNIT()
);
#8214=SHAPE_DEFINITION_REPRESENTATION(#8215,#8216);
#8215=PRODUCT_DEFINITION_SHAPE('',$,#8218);
#8216=SHAPE_REPRESENTATION('',(#4480),#8208);
#8217=PRODUCT_DEFINITION_CONTEXT('part definition',#8222,'design');
#8218=PRODUCT_DEFINITION('Cameraholder_straight_90deg','Part1',#8219,#8217);
#8219=PRODUCT_DEFINITION_FORMATION('3',$,#8224);
#8220=PRODUCT_RELATED_PRODUCT_CATEGORY('Part1','Part1',(#8224));
#8221=APPLICATION_PROTOCOL_DEFINITION('international standard',
'automotive_design',2009,#8222);
#8222=APPLICATION_CONTEXT(
'Core Data for Automotive Mechanical Design Process');
#8223=PRODUCT_CONTEXT('part definition',#8222,'mechanical');
#8224=PRODUCT('Cameraholder_straight_90deg','Part1',$,(#8223));
#8225=PRESENTATION_STYLE_ASSIGNMENT((#8226));
#8226=SURFACE_STYLE_USAGE(.BOTH.,#8229);
#8227=SURFACE_STYLE_RENDERING_WITH_PROPERTIES($,#8233,(#8228));
#8228=SURFACE_STYLE_TRANSPARENT(0.);
#8229=SURFACE_SIDE_STYLE('',(#8230,#8227));
#8230=SURFACE_STYLE_FILL_AREA(#8231);
#8231=FILL_AREA_STYLE('',(#8232));
#8232=FILL_AREA_STYLE_COLOUR('',#8233);
#8233=COLOUR_RGB('',0.749019607843137,0.749019607843137,0.749019607843137);
ENDSEC;
END-ISO-10303-21;
