ISO-10303-21;
HEADER;
/* Generated by software containing ST-Developer
 * from STEP Tools, Inc. (www.steptools.com) 
 */

FILE_DESCRIPTION(
/* description */ (''),
/* implementation_level */ '2;1');

FILE_NAME(
/* name */ 'VolumanXR_Rig_Cameraholder_v05.stp',
/* time_stamp */ '2024-11-13T11:36:59+01:00',
/* author */ ('tallA'),
/* organization */ (''),
/* preprocessor_version */ 'ST-DEVELOPER v20',
/* originating_system */ 'Autodesk Inventor 2025',
/* authorisation */ '');

FILE_SCHEMA (('AUTOMOTIVE_DESIGN { 1 0 10303 214 3 1 1 }'));
ENDSEC;

DATA;
#10=MECHANICAL_DESIGN_GEOMETRIC_PRESENTATION_REPRESENTATION('',(#13),#7611);
#11=SHAPE_REPRESENTATION_RELATIONSHIP('SRR','None',#7618,#12);
#12=ADVANCED_BREP_SHAPE_REPRESENTATION('',(#14),#7610);
#13=STYLED_ITEM('',(#7627),#14);
#14=MANIFOLD_SOLID_BREP('Halter',#4055);
#15=(
BOUNDED_SURFACE()
B_SPLINE_SURFACE(2,2,((#7065,#7066,#7067),(#7068,#7069,#7070),(#7071,#7072,
#7073)),.UNSPECIFIED.,.F.,.F.,.F.)
B_SPLINE_SURFACE_WITH_KNOTS((3,3),(3,3),(-3.14159265358979,-1.5707963267949),
(-3.1415926535898,-2.04100697613717),.UNSPECIFIED.)
GEOMETRIC_REPRESENTATION_ITEM()
RATIONAL_B_SPLINE_SURFACE(((1.,0.852371422445397,1.),(0.707106781186543,
0.60271761290076,0.707106781186543),(1.,0.852371422445397,1.)))
REPRESENTATION_ITEM('')
SURFACE()
);
#16=SPHERICAL_SURFACE('',#4345,0.8);
#17=SPHERICAL_SURFACE('',#4346,0.8);
#18=SPHERICAL_SURFACE('',#4363,0.8);
#19=SPHERICAL_SURFACE('',#4370,0.8);
#20=SPHERICAL_SURFACE('',#4438,1.);
#21=TOROIDAL_SURFACE('',#4294,1.8,1.);
#22=TOROIDAL_SURFACE('',#4297,1.8,1.);
#23=TOROIDAL_SURFACE('',#4302,1.8,1.);
#24=TOROIDAL_SURFACE('',#4305,1.8,1.);
#25=TOROIDAL_SURFACE('',#4332,1.6,0.8);
#26=TOROIDAL_SURFACE('',#4341,1.6,0.8);
#27=TOROIDAL_SURFACE('',#4347,1.6,0.8);
#28=TOROIDAL_SURFACE('',#4353,1.7,0.8);
#29=TOROIDAL_SURFACE('',#4401,1.58,1.);
#30=B_SPLINE_CURVE_WITH_KNOTS('',3,(#6434,#6435,#6436,#6437,#6438,#6439,
#6440,#6441),.UNSPECIFIED.,.F.,.F.,(4,1,1,2,4),(5.82221678128028E-33,0.0136226656744256,
0.0204339985116384,0.0340566641860639,0.0342918223075127),.UNSPECIFIED.);
#31=B_SPLINE_CURVE_WITH_KNOTS('',3,(#6442,#6443,#6444,#6445,#6446,#6447,
#6448,#6449),.UNSPECIFIED.,.F.,.F.,(4,2,1,1,4),(-0.0342918223075127,-0.0340566641860639,
-0.0204339985116384,-0.0136226656744256,-5.82221678128028E-33),
 .UNSPECIFIED.);
#32=B_SPLINE_CURVE_WITH_KNOTS('',3,(#6485,#6486,#6487,#6488,#6489,#6490,
#6491,#6492),.UNSPECIFIED.,.F.,.F.,(4,1,1,2,4),(-0.0340566641860882,-0.0204339985116529,
-0.0136226656744353,0.,0.000235158121424848),.UNSPECIFIED.);
#33=B_SPLINE_CURVE_WITH_KNOTS('',3,(#6493,#6494,#6495,#6496,#6497,#6498,
#6499,#6500),.UNSPECIFIED.,.F.,.F.,(4,2,1,1,4),(-0.000235158121424848,0.,
0.0136226656744353,0.0204339985116529,0.0340566641860882),.UNSPECIFIED.);
#34=B_SPLINE_CURVE_WITH_KNOTS('',3,(#6536,#6537,#6538,#6539,#6540,#6541,
#6542,#6543),.UNSPECIFIED.,.F.,.F.,(4,1,1,2,4),(1.16444335625607E-32,0.0136226656744249,
0.0204339985116374,0.0340566641860623,0.0342918223075128),.UNSPECIFIED.);
#35=B_SPLINE_CURVE_WITH_KNOTS('',3,(#6544,#6545,#6546,#6547,#6548,#6549,
#6550,#6551),.UNSPECIFIED.,.F.,.F.,(4,2,1,1,4),(-0.0342918223075128,-0.0340566641860623,
-0.0204339985116374,-0.0136226656744249,-1.16444335625607E-32),
 .UNSPECIFIED.);
#36=B_SPLINE_CURVE_WITH_KNOTS('',3,(#6587,#6588,#6589,#6590,#6591,#6592,
#6593,#6594),.UNSPECIFIED.,.F.,.F.,(4,1,1,2,4),(-0.0340566641860357,-0.0204339985116214,
-0.0136226656744143,0.,0.000235158121476838),.UNSPECIFIED.);
#37=B_SPLINE_CURVE_WITH_KNOTS('',3,(#6595,#6596,#6597,#6598,#6599,#6600,
#6601,#6602),.UNSPECIFIED.,.F.,.F.,(4,2,1,1,4),(-0.000235158121476838,0.,
0.0136226656744143,0.0204339985116214,0.0340566641860357),.UNSPECIFIED.);
#38=B_SPLINE_CURVE_WITH_KNOTS('',3,(#6655,#6656,#6657,#6658,#6659,#6660,
#6661,#6662,#6663,#6664,#6665,#6666,#6667,#6668),.UNSPECIFIED.,.F.,.F.,
(4,2,2,2,2,2,4),(0.307214201248609,0.316064736607804,0.344901729559171,
0.410405785134888,0.475909840710609,0.50474683366198,0.513597369021178),
 .UNSPECIFIED.);
#39=B_SPLINE_CURVE_WITH_KNOTS('',3,(#6675,#6676,#6677,#6678,#6679,#6680,
#6681,#6682),.UNSPECIFIED.,.F.,.F.,(4,2,2,4),(0.434425326610488,0.478798926504133,
0.523172526397779,0.568796350509546),.UNSPECIFIED.);
#40=B_SPLINE_CURVE_WITH_KNOTS('',3,(#6690,#6691,#6692,#6693,#6694,#6695,
#6696,#6697),.UNSPECIFIED.,.F.,.F.,(4,2,2,4),(0.0344151863942069,0.0800390105059748,
0.124412610399621,0.168786210293266),.UNSPECIFIED.);
#41=B_SPLINE_CURVE_WITH_KNOTS('',3,(#6705,#6706,#6707,#6708,#6709,#6710,
#6711,#6712,#6713,#6714,#6715,#6716,#6717,#6718),.UNSPECIFIED.,.F.,.F.,
(4,2,2,2,2,2,4),(0.307214201248609,0.316064736607807,0.344901729559177,
0.410405785134896,0.475909840710612,0.504746833661978,0.513597369021173),
 .UNSPECIFIED.);
#42=B_SPLINE_CURVE_WITH_KNOTS('',3,(#6730,#6731,#6732,#6733,#6734,#6735,
#6736,#6737,#6738,#6739),.UNSPECIFIED.,.F.,.F.,(4,2,2,2,4),(0.510342868751447,
0.541827832315073,0.573312795878698,0.608797842139055,0.644282888399412),
 .UNSPECIFIED.);
#43=B_SPLINE_CURVE_WITH_KNOTS('',3,(#6747,#6748,#6749,#6750,#6751,#6752,
#6753,#6754),.UNSPECIFIED.,.F.,.F.,(4,2,2,4),(0.0476348458251113,0.0503920232277277,
0.0599182889187181,0.0656832575452066),.UNSPECIFIED.);
#44=B_SPLINE_CURVE_WITH_KNOTS('',3,(#6778,#6779,#6780,#6781,#6782,#6783,
#6784,#6785),.UNSPECIFIED.,.F.,.F.,(4,2,2,4),(0.0656832575452066,0.069872284042427,
0.0811150022684788,0.0932927907264097),.UNSPECIFIED.);
#45=B_SPLINE_CURVE_WITH_KNOTS('',3,(#6894,#6895,#6896,#6897,#6898,#6899,
#6900,#6901,#6902,#6903,#6904),.UNSPECIFIED.,.F.,.F.,(4,1,1,1,1,1,1,1,4),
(0.829320171493773,0.888898626489616,0.899099620797693,0.909300615105771,
0.929702603721926,0.970506580954235,1.05211453541886,1.17452646711578,1.29693839881271),
 .UNSPECIFIED.);
#46=B_SPLINE_CURVE_WITH_KNOTS('',3,(#6909,#6910,#6911,#6912,#6913,#6914,
#6915,#6916),.UNSPECIFIED.,.F.,.F.,(4,2,2,4),(0.434425326610468,0.478798926504118,
0.523172526397767,0.568796350509543),.UNSPECIFIED.);
#47=B_SPLINE_CURVE_WITH_KNOTS('',3,(#6924,#6925,#6926,#6927,#6928,#6929,
#6930,#6931),.UNSPECIFIED.,.F.,.F.,(4,2,2,4),(0.0344151863942129,0.0800390105059878,
0.124412610399637,0.168786210293287),.UNSPECIFIED.);
#48=B_SPLINE_CURVE_WITH_KNOTS('',3,(#6960,#6961,#6962,#6963),
 .UNSPECIFIED.,.F.,.F.,(4,4),(0.970824813115205,0.987818020373147),
 .UNSPECIFIED.);
#49=B_SPLINE_CURVE_WITH_KNOTS('',3,(#6973,#6974,#6975,#6976,#6977,#6978,
#6979,#6980,#6981,#6982,#6983,#6984,#6985,#6986,#6987,#6988,#6989,#6990,
#6991),.UNSPECIFIED.,.F.,.F.,(4,2,2,2,3,2,2,2,4),(-0.243583422525123,-0.236548144767524,
-0.20800549961611,-0.104002749808055,0.,0.104002749808055,0.208005499616111,
0.236548144767524,0.243583422525123),.UNSPECIFIED.);
#50=B_SPLINE_CURVE_WITH_KNOTS('',3,(#6994,#6995,#6996,#6997,#6998,#6999,
#7000,#7001,#7002,#7003,#7004,#7005,#7006,#7007,#7008,#7009,#7010,#7011,
#7012),.UNSPECIFIED.,.F.,.F.,(4,2,2,2,3,2,2,2,4),(0.987818020373147,0.994853298130746,
1.02339594328216,1.12739869309022,1.23140144289827,1.33540419270633,1.43940694251438,
1.46794958766579,1.47498486542339),.UNSPECIFIED.);
#51=B_SPLINE_CURVE_WITH_KNOTS('',3,(#7260,#7261,#7262,#7263,#7264,#7265,
#7266),.UNSPECIFIED.,.F.,.F.,(4,1,1,1,4),(-1.25379785518325,-1.17452646711578,
-1.05211453541886,-0.970506580954235,-0.932835409856059),.UNSPECIFIED.);
#52=B_SPLINE_CURVE_WITH_KNOTS('',3,(#7268,#7269,#7270,#7271,#7272,#7273,
#7274,#7275,#7276,#7277,#7278,#7279,#7280,#7281,#7282,#7283,#7284,#7285,
#7286,#7287,#7288,#7289,#7290,#7291),.UNSPECIFIED.,.F.,.F.,(4,2,2,2,2,2,
2,2,2,2,2,4),(0.,0.022575946395815,0.117229004818036,0.130735805885602,
0.136171824409396,0.139883891078124,0.143544551314982,0.148725568109485,
0.160208366942466,0.186242516063358,0.243116858946482,0.281714378862408),
 .UNSPECIFIED.);
#53=B_SPLINE_CURVE_WITH_KNOTS('',3,(#7293,#7294,#7295,#7296,#7297,#7298,
#7299,#7300,#7301,#7302,#7303,#7304,#7305,#7306,#7307,#7308,#7309,#7310,
#7311,#7312),.UNSPECIFIED.,.F.,.F.,(4,2,2,2,2,2,2,2,2,4),(-0.12155038403057,
-0.120712572892963,-0.119633061153097,-0.11684043432784,-0.106449633178671,
-0.0714047130638149,-0.0468784798230274,-0.0325820641099997,-0.018961286967722,
0.),.UNSPECIFIED.);
#54=B_SPLINE_CURVE_WITH_KNOTS('',3,(#7314,#7315,#7316,#7317,#7318,#7319,
#7320,#7321,#7322,#7323),.UNSPECIFIED.,.F.,.F.,(4,2,2,2,4),(1.4305984464278,
1.53043349522419,1.74753439653234,1.82613156939829,1.85380922551265),
 .UNSPECIFIED.);
#55=B_SPLINE_CURVE_WITH_KNOTS('',3,(#7324,#7325,#7326,#7327,#7328,#7329),
 .UNSPECIFIED.,.F.,.F.,(4,2,4),(0.,0.000910437741819939,0.00113838994390157),
 .UNSPECIFIED.);
#56=B_SPLINE_CURVE_WITH_KNOTS('',3,(#7331,#7332,#7333,#7334,#7335,#7336,
#7337,#7338,#7339,#7340,#7341,#7342,#7343,#7344,#7345,#7346,#7347,#7348,
#7349,#7350,#7351,#7352,#7353,#7354,#7355,#7356,#7357,#7358,#7359,#7360,
#7361,#7362,#7363,#7364,#7365,#7366,#7367,#7368,#7369,#7370),
 .UNSPECIFIED.,.F.,.F.,(4,3,3,3,3,3,3,3,3,3,3,3,3,4),(-0.13495724589477,
-0.134476266584708,-0.120415332301456,-0.106325696354307,-0.0972994635715367,
-0.0834170349849231,-0.070065825775136,-0.0659021718822586,-0.0609435821964955,
-0.0473575664802258,-0.0341844181533419,-0.0221278993644534,-0.00908765290347225,
0.),.UNSPECIFIED.);
#57=B_SPLINE_CURVE_WITH_KNOTS('',3,(#7371,#7372,#7373,#7374),
 .UNSPECIFIED.,.F.,.F.,(4,4),(-1.25956918369764,-1.25379785518325),
 .UNSPECIFIED.);
#58=B_SPLINE_CURVE_WITH_KNOTS('',3,(#7380,#7381,#7382,#7383,#7384,#7385),
 .UNSPECIFIED.,.F.,.F.,(4,2,4),(-0.116905867369349,-0.109911212947661,-0.0893172363315016),
 .UNSPECIFIED.);
#59=B_SPLINE_CURVE_WITH_KNOTS('',3,(#7396,#7397,#7398,#7399,#7400,#7401),
 .UNSPECIFIED.,.F.,.F.,(4,2,4),(-0.231084920741995,-0.210490944119389,-0.203496289697702),
 .UNSPECIFIED.);
#60=B_SPLINE_CURVE_WITH_KNOTS('',3,(#7403,#7404,#7405,#7406),
 .UNSPECIFIED.,.F.,.F.,(4,4),(0.398956330753288,0.40472899583935),
 .UNSPECIFIED.);
#61=B_SPLINE_CURVE_WITH_KNOTS('',3,(#7407,#7408,#7409,#7410,#7411,#7412),
 .UNSPECIFIED.,.F.,.F.,(4,1,1,4),(-0.725726607371382,-0.621685523387202,
-0.517644439403022,-0.404728995839349),.UNSPECIFIED.);
#62=B_SPLINE_CURVE_WITH_KNOTS('',3,(#7421,#7422,#7423,#7424,#7425,#7426,
#7427,#7428,#7429,#7430,#7431,#7432,#7433,#7434,#7435,#7436,#7437,#7438,
#7439,#7440,#7441,#7442,#7443,#7444,#7445,#7446,#7447,#7448,#7449,#7450,
#7451,#7452,#7453,#7454,#7455,#7456,#7457),.UNSPECIFIED.,.F.,.F.,(4,3,3,
3,3,3,3,3,3,3,3,3,4),(-0.000480910715649286,0.,0.0144203387711406,0.0288406775422811,
0.0430328479839263,0.0572250184255715,0.0686696588167675,0.0829967113126069,
0.0962728958505716,0.0973237638084463,0.110735382608661,0.123624759716691,
0.13477483328941),.UNSPECIFIED.);
#63=B_SPLINE_CURVE_WITH_KNOTS('',3,(#7489,#7490,#7491,#7492,#7493,#7494),
 .UNSPECIFIED.,.F.,.F.,(4,1,1,4),(0.361582813426752,0.517644439403022,0.621685523387202,
0.725726607371382),.UNSPECIFIED.);
#64=B_SPLINE_CURVE_WITH_KNOTS('',3,(#7516,#7517,#7518,#7519),
 .UNSPECIFIED.,.F.,.F.,(4,4),(0.672878652425405,0.719864712286886),
 .UNSPECIFIED.);
#65=B_SPLINE_SURFACE_WITH_KNOTS('',3,3,((#6399,#6400,#6401,#6402,#6403,
#6404,#6405,#6406),(#6407,#6408,#6409,#6410,#6411,#6412,#6413,#6414),(#6415,
#6416,#6417,#6418,#6419,#6420,#6421,#6422),(#6423,#6424,#6425,#6426,#6427,
#6428,#6429,#6430)),.UNSPECIFIED.,.F.,.F.,.F.,(4,4),(4,2,1,1,4),(0.,1.),
(-0.0342918223075127,-0.0340566641860639,-0.0204339985116384,-0.0136226656744256,
-5.82221678128028E-33),.UNSPECIFIED.);
#66=B_SPLINE_SURFACE_WITH_KNOTS('',3,3,((#6450,#6451,#6452,#6453,#6454,
#6455,#6456,#6457),(#6458,#6459,#6460,#6461,#6462,#6463,#6464,#6465),(#6466,
#6467,#6468,#6469,#6470,#6471,#6472,#6473),(#6474,#6475,#6476,#6477,#6478,
#6479,#6480,#6481)),.UNSPECIFIED.,.F.,.F.,.F.,(4,4),(4,2,1,1,4),(0.,1.),
(-0.000235158121424848,0.,0.0136226656744353,0.0204339985116529,0.0340566641860882),
 .UNSPECIFIED.);
#67=B_SPLINE_SURFACE_WITH_KNOTS('',3,3,((#6501,#6502,#6503,#6504,#6505,
#6506,#6507,#6508),(#6509,#6510,#6511,#6512,#6513,#6514,#6515,#6516),(#6517,
#6518,#6519,#6520,#6521,#6522,#6523,#6524),(#6525,#6526,#6527,#6528,#6529,
#6530,#6531,#6532)),.UNSPECIFIED.,.F.,.F.,.F.,(4,4),(4,2,1,1,4),(0.,1.),
(-0.0342918223075128,-0.0340566641860623,-0.0204339985116374,-0.0136226656744249,
-1.16444335625607E-32),.UNSPECIFIED.);
#68=B_SPLINE_SURFACE_WITH_KNOTS('',3,3,((#6552,#6553,#6554,#6555,#6556,
#6557,#6558,#6559),(#6560,#6561,#6562,#6563,#6564,#6565,#6566,#6567),(#6568,
#6569,#6570,#6571,#6572,#6573,#6574,#6575),(#6576,#6577,#6578,#6579,#6580,
#6581,#6582,#6583)),.UNSPECIFIED.,.F.,.F.,.F.,(4,4),(4,2,1,1,4),(0.,1.),
(-0.000235158121476838,0.,0.0136226656744143,0.0204339985116214,0.0340566641860357),
 .UNSPECIFIED.);
#69=B_SPLINE_SURFACE_WITH_KNOTS('',3,3,((#6800,#6801,#6802,#6803,#6804,
#6805),(#6806,#6807,#6808,#6809,#6810,#6811),(#6812,#6813,#6814,#6815,#6816,
#6817),(#6818,#6819,#6820,#6821,#6822,#6823),(#6824,#6825,#6826,#6827,#6828,
#6829),(#6830,#6831,#6832,#6833,#6834,#6835),(#6836,#6837,#6838,#6839,#6840,
#6841)),.UNSPECIFIED.,.F.,.F.,.F.,(4,1,1,1,4),(4,1,1,4),(0.,0.285714285714286,
0.571428571428571,0.785714285714286,1.),(1.57079632679508,2.07925327778048,
2.41822457843742,2.75719587909435),.UNSPECIFIED.);
#70=B_SPLINE_SURFACE_WITH_KNOTS('',3,3,((#6855,#6856,#6857,#6858,#6859),
(#6860,#6861,#6862,#6863,#6864),(#6865,#6866,#6867,#6868,#6869),(#6870,
#6871,#6872,#6873,#6874),(#6875,#6876,#6877,#6878,#6879)),.UNSPECIFIED.,
 .F.,.F.,.F.,(4,1,4),(4,1,4),(0.,0.571428571428571,1.),(0.384396774495823,
0.892853725481221,1.57079632679509),.UNSPECIFIED.);
#71=B_SPLINE_SURFACE_WITH_KNOTS('',3,3,((#7193,#7194,#7195,#7196,#7197,
#7198,#7199,#7200,#7201,#7202,#7203,#7204,#7205),(#7206,#7207,#7208,#7209,
#7210,#7211,#7212,#7213,#7214,#7215,#7216,#7217,#7218),(#7219,#7220,#7221,
#7222,#7223,#7224,#7225,#7226,#7227,#7228,#7229,#7230,#7231),(#7232,#7233,
#7234,#7235,#7236,#7237,#7238,#7239,#7240,#7241,#7242,#7243,#7244),(#7245,
#7246,#7247,#7248,#7249,#7250,#7251,#7252,#7253,#7254,#7255,#7256,#7257)),
 .UNSPECIFIED.,.F.,.F.,.F.,(4,1,4),(4,1,1,1,1,1,1,1,1,1,4),(0.,0.5,1.),
(0.725682717560376,0.766486694792686,0.807290672024996,0.888898626489616,
0.899099620797693,0.909300615105771,0.929702603721926,0.970506580954235,
1.05211453541886,1.17452646711578,1.29693839881271),.UNSPECIFIED.);
#72=B_SPLINE_SURFACE_WITH_KNOTS('',3,3,((#7458,#7459,#7460,#7461,#7462,
#7463),(#7464,#7465,#7466,#7467,#7468,#7469),(#7470,#7471,#7472,#7473,#7474,
#7475),(#7476,#7477,#7478,#7479,#7480,#7481),(#7482,#7483,#7484,#7485,#7486,
#7487)),.UNSPECIFIED.,.F.,.F.,.F.,(4,1,4),(4,1,1,4),(0.,0.5,1.),(0.361582813426752,
0.517644439403022,0.621685523387202,0.725726607371382),.UNSPECIFIED.);
#73=B_SPLINE_SURFACE_WITH_KNOTS('',3,3,((#7496,#7497,#7498,#7499),(#7500,
#7501,#7502,#7503),(#7504,#7505,#7506,#7507),(#7508,#7509,#7510,#7511),
(#7512,#7513,#7514,#7515)),.UNSPECIFIED.,.F.,.F.,.F.,(4,1,4),(4,4),(0.,
0.571428571428571,1.),(-0.719864712286886,-0.672878652425405),
 .UNSPECIFIED.);
#74=FACE_BOUND('',#706,.T.);
#75=FACE_BOUND('',#707,.T.);
#76=FACE_BOUND('',#766,.T.);
#77=FACE_BOUND('',#767,.T.);
#78=FACE_BOUND('',#816,.T.);
#79=FACE_BOUND('',#890,.T.);
#80=(
BOUNDED_CURVE()
B_SPLINE_CURVE(2,(#6065,#6066,#6067),.UNSPECIFIED.,.F.,.F.)
B_SPLINE_CURVE_WITH_KNOTS((3,3),(0.,0.501996015923952),.UNSPECIFIED.)
CURVE()
GEOMETRIC_REPRESENTATION_ITEM()
RATIONAL_B_SPLINE_CURVE((1.,1.18421052631802,1.))
REPRESENTATION_ITEM('')
);
#81=(
BOUNDED_CURVE()
B_SPLINE_CURVE(2,(#6071,#6072,#6073),.UNSPECIFIED.,.F.,.F.)
B_SPLINE_CURVE_WITH_KNOTS((3,3),(0.,0.501996015929911),.UNSPECIFIED.)
CURVE()
GEOMETRIC_REPRESENTATION_ITEM()
RATIONAL_B_SPLINE_CURVE((1.,1.1842105263218,1.))
REPRESENTATION_ITEM('')
);
#82=(
BOUNDED_CURVE()
B_SPLINE_CURVE(2,(#6125,#6126,#6127),.UNSPECIFIED.,.F.,.F.)
B_SPLINE_CURVE_WITH_KNOTS((3,3),(0.474671536368636,0.506518299899103),
 .UNSPECIFIED.)
CURVE()
GEOMETRIC_REPRESENTATION_ITEM()
RATIONAL_B_SPLINE_CURVE((1.32092526526313,1.3257132374401,1.32969907916479))
REPRESENTATION_ITEM('')
);
#83=(
BOUNDED_CURVE()
B_SPLINE_CURVE(2,(#6164,#6165,#6166),.UNSPECIFIED.,.F.,.F.)
B_SPLINE_CURVE_WITH_KNOTS((3,3),(0.,0.00980560901448151),.UNSPECIFIED.)
CURVE()
GEOMETRIC_REPRESENTATION_ITEM()
RATIONAL_B_SPLINE_CURVE((1.,1.00359822855188,1.00705588697488))
REPRESENTATION_ITEM('')
);
#84=(
BOUNDED_CURVE()
B_SPLINE_CURVE(2,(#7021,#7022,#7023),.UNSPECIFIED.,.F.,.F.)
B_SPLINE_CURVE_WITH_KNOTS((3,3),(0.57121846919245,1.13242569141035),
 .UNSPECIFIED.)
CURVE()
GEOMETRIC_REPRESENTATION_ITEM()
RATIONAL_B_SPLINE_CURVE((1.96796307152034,2.20491903456779,1.97314997337824))
REPRESENTATION_ITEM('')
);
#85=(
BOUNDED_CURVE()
B_SPLINE_CURVE(2,(#7085,#7086,#7087),.UNSPECIFIED.,.F.,.F.)
B_SPLINE_CURVE_WITH_KNOTS((3,3),(0.571218469192451,1.13863599944398),
 .UNSPECIFIED.)
CURVE()
GEOMETRIC_REPRESENTATION_ITEM()
RATIONAL_B_SPLINE_CURVE((1.96796307152031,2.20754118457344,1.96796307152031))
REPRESENTATION_ITEM('')
);
#86=(
BOUNDED_CURVE()
B_SPLINE_CURVE(2,(#7132,#7133,#7134),.UNSPECIFIED.,.F.,.F.)
B_SPLINE_CURVE_WITH_KNOTS((3,3),(0.918042037442647,1.70254974507875),
 .UNSPECIFIED.)
CURVE()
GEOMETRIC_REPRESENTATION_ITEM()
RATIONAL_B_SPLINE_CURVE((2.62014090146261,2.93911457641874,2.62014090147755))
REPRESENTATION_ITEM('')
);
#87=(
BOUNDED_CURVE()
B_SPLINE_CURVE(2,(#7136,#7137,#7138),.UNSPECIFIED.,.F.,.F.)
B_SPLINE_CURVE_WITH_KNOTS((3,3),(0.918042037442656,1.7025497450788),
 .UNSPECIFIED.)
CURVE()
GEOMETRIC_REPRESENTATION_ITEM()
RATIONAL_B_SPLINE_CURVE((2.62014090146263,2.93911457641879,2.62014090147754))
REPRESENTATION_ITEM('')
);
#88=(
BOUNDED_CURVE()
B_SPLINE_CURVE(2,(#7592,#7593,#7594),.UNSPECIFIED.,.F.,.F.)
B_SPLINE_CURVE_WITH_KNOTS((3,3),(0.,0.872897473938215),.UNSPECIFIED.)
CURVE()
GEOMETRIC_REPRESENTATION_ITEM()
RATIONAL_B_SPLINE_CURVE((1.,1.,1.))
REPRESENTATION_ITEM('')
);
#89=CYLINDRICAL_SURFACE('',#4090,1.);
#90=CYLINDRICAL_SURFACE('',#4097,0.5);
#91=CYLINDRICAL_SURFACE('',#4100,0.5);
#92=CYLINDRICAL_SURFACE('',#4113,1.);
#93=CYLINDRICAL_SURFACE('',#4116,1.);
#94=CYLINDRICAL_SURFACE('',#4133,1.);
#95=CYLINDRICAL_SURFACE('',#4136,0.5);
#96=CYLINDRICAL_SURFACE('',#4139,0.5);
#97=CYLINDRICAL_SURFACE('',#4207,0.5);
#98=CYLINDRICAL_SURFACE('',#4209,0.5);
#99=CYLINDRICAL_SURFACE('',#4211,0.5);
#100=CYLINDRICAL_SURFACE('',#4213,1.);
#101=CYLINDRICAL_SURFACE('',#4273,1.);
#102=CYLINDRICAL_SURFACE('',#4274,1.);
#103=CYLINDRICAL_SURFACE('',#4276,1.);
#104=CYLINDRICAL_SURFACE('',#4278,1.);
#105=CYLINDRICAL_SURFACE('',#4280,1.);
#106=CYLINDRICAL_SURFACE('',#4282,1.);
#107=CYLINDRICAL_SURFACE('',#4296,1.);
#108=CYLINDRICAL_SURFACE('',#4300,1.);
#109=CYLINDRICAL_SURFACE('',#4304,1.);
#110=CYLINDRICAL_SURFACE('',#4308,1.);
#111=CYLINDRICAL_SURFACE('',#4309,0.8);
#112=CYLINDRICAL_SURFACE('',#4312,0.8);
#113=CYLINDRICAL_SURFACE('',#4314,0.8);
#114=CYLINDRICAL_SURFACE('',#4318,0.8);
#115=CYLINDRICAL_SURFACE('',#4320,0.8);
#116=CYLINDRICAL_SURFACE('',#4323,0.8);
#117=CYLINDRICAL_SURFACE('',#4324,0.8);
#118=CYLINDRICAL_SURFACE('',#4328,1.);
#119=CYLINDRICAL_SURFACE('',#4330,0.8);
#120=CYLINDRICAL_SURFACE('',#4336,0.8);
#121=CYLINDRICAL_SURFACE('',#4339,0.8);
#122=CYLINDRICAL_SURFACE('',#4349,0.8);
#123=CYLINDRICAL_SURFACE('',#4351,0.8);
#124=CYLINDRICAL_SURFACE('',#4356,0.8);
#125=CYLINDRICAL_SURFACE('',#4360,0.8);
#126=CYLINDRICAL_SURFACE('',#4368,0.8);
#127=CYLINDRICAL_SURFACE('',#4373,0.8);
#128=CYLINDRICAL_SURFACE('',#4377,0.8);
#129=CYLINDRICAL_SURFACE('',#4381,5.);
#130=CYLINDRICAL_SURFACE('',#4383,2.75);
#131=CYLINDRICAL_SURFACE('',#4385,1.);
#132=CYLINDRICAL_SURFACE('',#4387,1.);
#133=CYLINDRICAL_SURFACE('',#4389,1.);
#134=CYLINDRICAL_SURFACE('',#4406,1.);
#135=CYLINDRICAL_SURFACE('',#4408,1.);
#136=CYLINDRICAL_SURFACE('',#4410,1.);
#137=CYLINDRICAL_SURFACE('',#4420,1.);
#138=CYLINDRICAL_SURFACE('',#4424,1.);
#139=CYLINDRICAL_SURFACE('',#4430,1.);
#140=CYLINDRICAL_SURFACE('',#4432,1.);
#141=CYLINDRICAL_SURFACE('',#4434,1.);
#142=CYLINDRICAL_SURFACE('',#4436,1.);
#143=CYLINDRICAL_SURFACE('',#4441,1.);
#144=CYLINDRICAL_SURFACE('',#4444,1.);
#145=CYLINDRICAL_SURFACE('',#4446,1.);
#146=CYLINDRICAL_SURFACE('',#4448,1.);
#147=CYLINDRICAL_SURFACE('',#4450,1.);
#148=CYLINDRICAL_SURFACE('',#4452,1.);
#149=CYLINDRICAL_SURFACE('',#4454,1.);
#150=CYLINDRICAL_SURFACE('',#4456,1.);
#151=CYLINDRICAL_SURFACE('',#4458,1.);
#152=CYLINDRICAL_SURFACE('',#4468,1.);
#153=CYLINDRICAL_SURFACE('',#4472,3.5);
#154=CYLINDRICAL_SURFACE('',#4473,2.58);
#155=CYLINDRICAL_SURFACE('',#4494,0.5);
#156=CYLINDRICAL_SURFACE('',#4495,0.5);
#157=CYLINDRICAL_SURFACE('',#4498,1.);
#158=CYLINDRICAL_SURFACE('',#4505,1.);
#159=CYLINDRICAL_SURFACE('',#4508,1.);
#160=CYLINDRICAL_SURFACE('',#4517,2.5);
#161=ELLIPSE('',#4086,2.,1.);
#162=ELLIPSE('',#4088,1.,0.5);
#163=ELLIPSE('',#4089,0.707106781186547,0.5);
#164=ELLIPSE('',#4098,0.541196100150432,0.5);
#165=ELLIPSE('',#4099,0.541196100150432,0.5);
#166=ELLIPSE('',#4103,1.41421356237309,1.);
#167=ELLIPSE('',#4112,0.707106781186549,0.5);
#168=ELLIPSE('',#4124,2.21262321975788,1.);
#169=ELLIPSE('',#4126,0.707106781186549,0.5);
#170=ELLIPSE('',#4143,1.4142135623731,1.);
#171=ELLIPSE('',#4179,0.707106781186547,0.5);
#172=ELLIPSE('',#4197,12.0025205314028,1.);
#173=ELLIPSE('',#4216,1.30965220685239,1.);
#174=ELLIPSE('',#4319,2.06782691760715,0.800000000000001);
#175=ELLIPSE('',#4325,2.06782691760715,0.8);
#176=ELLIPSE('',#4329,1.30965220685239,1.);
#177=ELLIPSE('',#4350,0.882702335169995,0.8);
#178=ELLIPSE('',#4359,2.48915812297666,1.6);
#179=ELLIPSE('',#4366,2.48915812297666,1.6);
#180=ELLIPSE('',#4369,1.04432583146582,0.8);
#181=ELLIPSE('',#4407,1.00673771264713,1.);
#182=ELLIPSE('',#4409,1.08239220029239,1.);
#183=ELLIPSE('',#4411,1.41421356237309,1.);
#184=ELLIPSE('',#4419,1.4142135623731,1.);
#185=ELLIPSE('',#4435,1.13703420500996,1.);
#186=ELLIPSE('',#4443,1.56456088290161,1.);
#187=ELLIPSE('',#4459,1.54862260924998,1.);
#188=ELLIPSE('',#4469,1.10337791896249,1.);
#189=ELLIPSE('',#4496,0.707106781186548,0.5);
#190=ELLIPSE('',#4499,1.4142135623731,1.);
#191=ELLIPSE('',#4506,1.08239220029239,1.);
#192=ELLIPSE('',#4507,1.41421356237309,1.);
#193=CIRCLE('',#4080,0.8);
#194=CIRCLE('',#4081,0.300000000000001);
#195=CIRCLE('',#4083,1.);
#196=CIRCLE('',#4084,0.500000000000001);
#197=CIRCLE('',#4091,0.999999999999996);
#198=CIRCLE('',#4093,1.8);
#199=CIRCLE('',#4094,1.8);
#200=CIRCLE('',#4095,1.8);
#201=CIRCLE('',#4096,1.8);
#202=CIRCLE('',#4105,1.);
#203=CIRCLE('',#4106,0.499999999999997);
#204=CIRCLE('',#4109,1.);
#205=CIRCLE('',#4110,0.500000000000001);
#206=CIRCLE('',#4114,1.);
#207=CIRCLE('',#4117,1.);
#208=CIRCLE('',#4121,1.);
#209=CIRCLE('',#4122,1.5);
#210=CIRCLE('',#4128,0.5);
#211=CIRCLE('',#4129,0.999999999999999);
#212=CIRCLE('',#4132,0.500000000000001);
#213=CIRCLE('',#4134,1.);
#214=CIRCLE('',#4137,0.5);
#215=CIRCLE('',#4140,0.5);
#216=CIRCLE('',#4145,1.);
#217=CIRCLE('',#4146,0.499999999999999);
#218=CIRCLE('',#4149,1.);
#219=CIRCLE('',#4150,1.5);
#220=CIRCLE('',#4153,1.);
#221=CIRCLE('',#4154,1.5);
#222=CIRCLE('',#4157,1.);
#223=CIRCLE('',#4158,0.5);
#224=CIRCLE('',#4160,1.);
#225=CIRCLE('',#4161,1.5);
#226=CIRCLE('',#4164,1.);
#227=CIRCLE('',#4165,0.500000000000001);
#228=CIRCLE('',#4168,1.);
#229=CIRCLE('',#4169,1.5);
#230=CIRCLE('',#4172,1.);
#231=CIRCLE('',#4173,1.5);
#232=CIRCLE('',#4176,1.);
#233=CIRCLE('',#4177,0.5);
#234=CIRCLE('',#4181,1.);
#235=CIRCLE('',#4182,1.);
#236=CIRCLE('',#4183,0.5);
#237=CIRCLE('',#4184,0.5);
#238=CIRCLE('',#4185,1.);
#239=CIRCLE('',#4186,1.);
#240=CIRCLE('',#4187,1.);
#241=CIRCLE('',#4188,1.);
#242=CIRCLE('',#4189,3.5);
#243=CIRCLE('',#4192,0.5);
#244=CIRCLE('',#4193,0.999999999999996);
#245=CIRCLE('',#4199,1.);
#246=CIRCLE('',#4200,0.500000000000001);
#247=CIRCLE('',#4203,0.500000000000002);
#248=CIRCLE('',#4205,0.500000000000002);
#249=CIRCLE('',#4214,1.);
#250=CIRCLE('',#4219,0.500000000000001);
#251=CIRCLE('',#4222,0.499999999999997);
#252=CIRCLE('',#4225,1.);
#253=CIRCLE('',#4226,0.500000000000001);
#254=CIRCLE('',#4229,1.);
#255=CIRCLE('',#4230,0.499999999999999);
#256=CIRCLE('',#4233,1.);
#257=CIRCLE('',#4234,1.5);
#258=CIRCLE('',#4237,1.);
#259=CIRCLE('',#4238,1.5);
#260=CIRCLE('',#4241,1.);
#261=CIRCLE('',#4242,0.5);
#262=CIRCLE('',#4244,1.);
#263=CIRCLE('',#4245,1.5);
#264=CIRCLE('',#4248,1.);
#265=CIRCLE('',#4249,0.500000000000001);
#266=CIRCLE('',#4252,1.);
#267=CIRCLE('',#4253,1.5);
#268=CIRCLE('',#4256,1.);
#269=CIRCLE('',#4257,1.5);
#270=CIRCLE('',#4260,1.);
#271=CIRCLE('',#4261,0.5);
#272=CIRCLE('',#4264,0.500000000000001);
#273=CIRCLE('',#4267,1.);
#274=CIRCLE('',#4268,0.500000000000001);
#275=CIRCLE('',#4271,1.);
#276=CIRCLE('',#4272,0.500000000000001);
#277=CIRCLE('',#4283,1.);
#278=CIRCLE('',#4285,1.);
#279=CIRCLE('',#4286,1.);
#280=CIRCLE('',#4287,1.);
#281=CIRCLE('',#4288,1.);
#282=CIRCLE('',#4289,3.5);
#283=CIRCLE('',#4290,0.8);
#284=CIRCLE('',#4291,0.8);
#285=CIRCLE('',#4292,0.800000000000001);
#286=CIRCLE('',#4293,0.8);
#287=CIRCLE('',#4295,0.8);
#288=CIRCLE('',#4298,1.);
#289=CIRCLE('',#4299,0.8);
#290=CIRCLE('',#4301,0.999999999999996);
#291=CIRCLE('',#4303,0.8);
#292=CIRCLE('',#4306,1.);
#293=CIRCLE('',#4307,0.8);
#294=CIRCLE('',#4310,0.8);
#295=CIRCLE('',#4313,0.8);
#296=CIRCLE('',#4315,0.8);
#297=CIRCLE('',#4316,0.8);
#298=CIRCLE('',#4322,2.75);
#299=CIRCLE('',#4327,1.7);
#300=CIRCLE('',#4331,0.800000000000811);
#301=CIRCLE('',#4333,1.6);
#302=CIRCLE('',#4334,0.799999999999992);
#303=CIRCLE('',#4335,0.799999999999999);
#304=CIRCLE('',#4337,0.8);
#305=CIRCLE('',#4338,0.800000000000001);
#306=CIRCLE('',#4340,0.800000000000001);
#307=CIRCLE('',#4342,0.799999999999999);
#308=CIRCLE('',#4343,1.6);
#309=CIRCLE('',#4344,0.8);
#310=CIRCLE('',#4348,0.800000000000001);
#311=CIRCLE('',#4354,0.800000000000004);
#312=CIRCLE('',#4355,2.5);
#313=CIRCLE('',#4357,0.799999999999995);
#314=CIRCLE('',#4358,0.800000000000001);
#315=CIRCLE('',#4361,0.8);
#316=CIRCLE('',#4362,0.800000000000001);
#317=CIRCLE('',#4364,0.8);
#318=CIRCLE('',#4365,0.799999999999998);
#319=CIRCLE('',#4367,0.799999999999998);
#320=CIRCLE('',#4371,0.8);
#321=CIRCLE('',#4375,2.75);
#322=CIRCLE('',#4376,2.75);
#323=CIRCLE('',#4379,5.);
#324=CIRCLE('',#4380,2.75);
#325=CIRCLE('',#4382,5.);
#326=CIRCLE('',#4390,1.);
#327=CIRCLE('',#4391,1.);
#328=CIRCLE('',#4393,2.58);
#329=CIRCLE('',#4394,1.5);
#330=CIRCLE('',#4395,2.58);
#331=CIRCLE('',#4397,2.58);
#332=CIRCLE('',#4398,2.58);
#333=CIRCLE('',#4399,2.58);
#334=CIRCLE('',#4400,2.58);
#335=CIRCLE('',#4402,0.999999999999995);
#336=CIRCLE('',#4403,2.58);
#337=CIRCLE('',#4404,0.999999999999974);
#338=CIRCLE('',#4405,1.58);
#339=CIRCLE('',#4412,1.);
#340=CIRCLE('',#4413,0.999999999999998);
#341=CIRCLE('',#4415,1.);
#342=CIRCLE('',#4416,1.);
#343=CIRCLE('',#4421,1.);
#344=CIRCLE('',#4422,1.);
#345=CIRCLE('',#4425,1.);
#346=CIRCLE('',#4426,1.);
#347=CIRCLE('',#4428,1.);
#348=CIRCLE('',#4431,1.);
#349=CIRCLE('',#4433,1.);
#350=CIRCLE('',#4437,0.999999999999994);
#351=CIRCLE('',#4439,0.999999999999991);
#352=CIRCLE('',#4440,1.);
#353=CIRCLE('',#4461,2.5);
#354=CIRCLE('',#4462,2.5);
#355=CIRCLE('',#4464,4.5);
#356=CIRCLE('',#4465,4.5);
#357=CIRCLE('',#4466,4.5);
#358=CIRCLE('',#4470,0.999999999999992);
#359=CIRCLE('',#4474,2.58);
#360=CIRCLE('',#4478,2.58);
#361=CIRCLE('',#4480,2.58);
#362=CIRCLE('',#4481,1.5);
#363=CIRCLE('',#4484,2.58);
#364=CIRCLE('',#4487,1.5);
#365=CIRCLE('',#4489,1.5);
#366=CIRCLE('',#4501,4.5);
#367=CIRCLE('',#4502,4.5);
#368=CIRCLE('',#4503,4.5);
#369=CIRCLE('',#4504,4.5);
#370=CIRCLE('',#4514,2.5);
#371=CIRCLE('',#4516,2.5);
#372=CONICAL_SURFACE('',#4079,0.550000000000001,0.785398163397449);
#373=CONICAL_SURFACE('',#4082,0.75,0.785398163397449);
#374=CONICAL_SURFACE('',#4104,0.749999999999998,0.785398163397451);
#375=CONICAL_SURFACE('',#4108,0.750000000000001,0.785398163397448);
#376=CONICAL_SURFACE('',#4120,1.25,0.785398163397449);
#377=CONICAL_SURFACE('',#4127,0.749999999999999,0.785398163397447);
#378=CONICAL_SURFACE('',#4131,0.500000000000001,0.785398163397449);
#379=CONICAL_SURFACE('',#4144,0.749999999999999,0.78539816339745);
#380=CONICAL_SURFACE('',#4148,1.25,0.785398163397449);
#381=CONICAL_SURFACE('',#4152,1.25,0.785398163397447);
#382=CONICAL_SURFACE('',#4156,0.750000000000001,0.785398163397449);
#383=CONICAL_SURFACE('',#4159,1.25,0.785398163397448);
#384=CONICAL_SURFACE('',#4163,0.75,0.785398163397447);
#385=CONICAL_SURFACE('',#4167,1.25,0.785398163397449);
#386=CONICAL_SURFACE('',#4171,1.25,0.785398163397447);
#387=CONICAL_SURFACE('',#4175,0.75,0.785398163397449);
#388=CONICAL_SURFACE('',#4191,0.749999999999998,0.785398163397444);
#389=CONICAL_SURFACE('',#4198,0.750000000000001,0.785398163397448);
#390=CONICAL_SURFACE('',#4202,0.500000000000002,0.785398163397451);
#391=CONICAL_SURFACE('',#4204,0.500000000000002,0.785398163397451);
#392=CONICAL_SURFACE('',#4218,0.750000000000001,0.785398163397447);
#393=CONICAL_SURFACE('',#4221,0.749999999999999,0.785398163397451);
#394=CONICAL_SURFACE('',#4224,0.75,0.785398163397448);
#395=CONICAL_SURFACE('',#4228,0.749999999999999,0.78539816339745);
#396=CONICAL_SURFACE('',#4232,1.25,0.785398163397449);
#397=CONICAL_SURFACE('',#4236,1.25,0.785398163397447);
#398=CONICAL_SURFACE('',#4240,0.750000000000001,0.785398163397449);
#399=CONICAL_SURFACE('',#4243,1.25,0.785398163397448);
#400=CONICAL_SURFACE('',#4247,0.75,0.785398163397447);
#401=CONICAL_SURFACE('',#4251,1.25,0.785398163397449);
#402=CONICAL_SURFACE('',#4255,1.25,0.785398163397447);
#403=CONICAL_SURFACE('',#4259,0.75,0.785398163397449);
#404=CONICAL_SURFACE('',#4263,0.750000000000001,0.785398163397447);
#405=CONICAL_SURFACE('',#4266,0.750000000000001,0.785398163397447);
#406=CONICAL_SURFACE('',#4270,0.75,0.785398163397447);
#407=CONICAL_SURFACE('',#4392,2.04,0.785398163397455);
#408=CONICAL_SURFACE('',#4463,3.5,0.785398163397475);
#409=CONICAL_SURFACE('',#4479,2.04,0.785398163397455);
#410=CONICAL_SURFACE('',#4486,2.04,0.785398163397444);
#411=CONICAL_SURFACE('',#4488,2.04,0.785398163397444);
#412=CONICAL_SURFACE('',#4513,3.5,0.785398163397451);
#413=CONICAL_SURFACE('',#4515,3.5,0.785398163397451);
#414=FACE_OUTER_BOUND('',#655,.T.);
#415=FACE_OUTER_BOUND('',#656,.T.);
#416=FACE_OUTER_BOUND('',#657,.T.);
#417=FACE_OUTER_BOUND('',#658,.T.);
#418=FACE_OUTER_BOUND('',#659,.T.);
#419=FACE_OUTER_BOUND('',#660,.T.);
#420=FACE_OUTER_BOUND('',#661,.T.);
#421=FACE_OUTER_BOUND('',#662,.T.);
#422=FACE_OUTER_BOUND('',#663,.T.);
#423=FACE_OUTER_BOUND('',#664,.T.);
#424=FACE_OUTER_BOUND('',#665,.T.);
#425=FACE_OUTER_BOUND('',#666,.T.);
#426=FACE_OUTER_BOUND('',#667,.T.);
#427=FACE_OUTER_BOUND('',#668,.T.);
#428=FACE_OUTER_BOUND('',#669,.T.);
#429=FACE_OUTER_BOUND('',#670,.T.);
#430=FACE_OUTER_BOUND('',#671,.T.);
#431=FACE_OUTER_BOUND('',#672,.T.);
#432=FACE_OUTER_BOUND('',#673,.T.);
#433=FACE_OUTER_BOUND('',#674,.T.);
#434=FACE_OUTER_BOUND('',#675,.T.);
#435=FACE_OUTER_BOUND('',#676,.T.);
#436=FACE_OUTER_BOUND('',#677,.T.);
#437=FACE_OUTER_BOUND('',#678,.T.);
#438=FACE_OUTER_BOUND('',#679,.T.);
#439=FACE_OUTER_BOUND('',#680,.T.);
#440=FACE_OUTER_BOUND('',#681,.T.);
#441=FACE_OUTER_BOUND('',#682,.T.);
#442=FACE_OUTER_BOUND('',#683,.T.);
#443=FACE_OUTER_BOUND('',#684,.T.);
#444=FACE_OUTER_BOUND('',#685,.T.);
#445=FACE_OUTER_BOUND('',#686,.T.);
#446=FACE_OUTER_BOUND('',#687,.T.);
#447=FACE_OUTER_BOUND('',#688,.T.);
#448=FACE_OUTER_BOUND('',#689,.T.);
#449=FACE_OUTER_BOUND('',#690,.T.);
#450=FACE_OUTER_BOUND('',#691,.T.);
#451=FACE_OUTER_BOUND('',#692,.T.);
#452=FACE_OUTER_BOUND('',#693,.T.);
#453=FACE_OUTER_BOUND('',#694,.T.);
#454=FACE_OUTER_BOUND('',#695,.T.);
#455=FACE_OUTER_BOUND('',#696,.T.);
#456=FACE_OUTER_BOUND('',#697,.T.);
#457=FACE_OUTER_BOUND('',#698,.T.);
#458=FACE_OUTER_BOUND('',#699,.T.);
#459=FACE_OUTER_BOUND('',#700,.T.);
#460=FACE_OUTER_BOUND('',#701,.T.);
#461=FACE_OUTER_BOUND('',#702,.T.);
#462=FACE_OUTER_BOUND('',#703,.T.);
#463=FACE_OUTER_BOUND('',#704,.T.);
#464=FACE_OUTER_BOUND('',#705,.T.);
#465=FACE_OUTER_BOUND('',#708,.T.);
#466=FACE_OUTER_BOUND('',#709,.T.);
#467=FACE_OUTER_BOUND('',#710,.T.);
#468=FACE_OUTER_BOUND('',#711,.T.);
#469=FACE_OUTER_BOUND('',#712,.T.);
#470=FACE_OUTER_BOUND('',#713,.T.);
#471=FACE_OUTER_BOUND('',#714,.T.);
#472=FACE_OUTER_BOUND('',#715,.T.);
#473=FACE_OUTER_BOUND('',#716,.T.);
#474=FACE_OUTER_BOUND('',#717,.T.);
#475=FACE_OUTER_BOUND('',#718,.T.);
#476=FACE_OUTER_BOUND('',#719,.T.);
#477=FACE_OUTER_BOUND('',#720,.T.);
#478=FACE_OUTER_BOUND('',#721,.T.);
#479=FACE_OUTER_BOUND('',#722,.T.);
#480=FACE_OUTER_BOUND('',#723,.T.);
#481=FACE_OUTER_BOUND('',#724,.T.);
#482=FACE_OUTER_BOUND('',#725,.T.);
#483=FACE_OUTER_BOUND('',#726,.T.);
#484=FACE_OUTER_BOUND('',#727,.T.);
#485=FACE_OUTER_BOUND('',#728,.T.);
#486=FACE_OUTER_BOUND('',#729,.T.);
#487=FACE_OUTER_BOUND('',#730,.T.);
#488=FACE_OUTER_BOUND('',#731,.T.);
#489=FACE_OUTER_BOUND('',#732,.T.);
#490=FACE_OUTER_BOUND('',#733,.T.);
#491=FACE_OUTER_BOUND('',#734,.T.);
#492=FACE_OUTER_BOUND('',#735,.T.);
#493=FACE_OUTER_BOUND('',#736,.T.);
#494=FACE_OUTER_BOUND('',#737,.T.);
#495=FACE_OUTER_BOUND('',#738,.T.);
#496=FACE_OUTER_BOUND('',#739,.T.);
#497=FACE_OUTER_BOUND('',#740,.T.);
#498=FACE_OUTER_BOUND('',#741,.T.);
#499=FACE_OUTER_BOUND('',#742,.T.);
#500=FACE_OUTER_BOUND('',#743,.T.);
#501=FACE_OUTER_BOUND('',#744,.T.);
#502=FACE_OUTER_BOUND('',#745,.T.);
#503=FACE_OUTER_BOUND('',#746,.T.);
#504=FACE_OUTER_BOUND('',#747,.T.);
#505=FACE_OUTER_BOUND('',#748,.T.);
#506=FACE_OUTER_BOUND('',#749,.T.);
#507=FACE_OUTER_BOUND('',#750,.T.);
#508=FACE_OUTER_BOUND('',#751,.T.);
#509=FACE_OUTER_BOUND('',#752,.T.);
#510=FACE_OUTER_BOUND('',#753,.T.);
#511=FACE_OUTER_BOUND('',#754,.T.);
#512=FACE_OUTER_BOUND('',#755,.T.);
#513=FACE_OUTER_BOUND('',#756,.T.);
#514=FACE_OUTER_BOUND('',#757,.T.);
#515=FACE_OUTER_BOUND('',#758,.T.);
#516=FACE_OUTER_BOUND('',#759,.T.);
#517=FACE_OUTER_BOUND('',#760,.T.);
#518=FACE_OUTER_BOUND('',#761,.T.);
#519=FACE_OUTER_BOUND('',#762,.T.);
#520=FACE_OUTER_BOUND('',#763,.T.);
#521=FACE_OUTER_BOUND('',#764,.T.);
#522=FACE_OUTER_BOUND('',#765,.T.);
#523=FACE_OUTER_BOUND('',#768,.T.);
#524=FACE_OUTER_BOUND('',#769,.T.);
#525=FACE_OUTER_BOUND('',#770,.T.);
#526=FACE_OUTER_BOUND('',#771,.T.);
#527=FACE_OUTER_BOUND('',#772,.T.);
#528=FACE_OUTER_BOUND('',#773,.T.);
#529=FACE_OUTER_BOUND('',#774,.T.);
#530=FACE_OUTER_BOUND('',#775,.T.);
#531=FACE_OUTER_BOUND('',#776,.T.);
#532=FACE_OUTER_BOUND('',#777,.T.);
#533=FACE_OUTER_BOUND('',#778,.T.);
#534=FACE_OUTER_BOUND('',#779,.T.);
#535=FACE_OUTER_BOUND('',#780,.T.);
#536=FACE_OUTER_BOUND('',#781,.T.);
#537=FACE_OUTER_BOUND('',#782,.T.);
#538=FACE_OUTER_BOUND('',#783,.T.);
#539=FACE_OUTER_BOUND('',#784,.T.);
#540=FACE_OUTER_BOUND('',#785,.T.);
#541=FACE_OUTER_BOUND('',#786,.T.);
#542=FACE_OUTER_BOUND('',#787,.T.);
#543=FACE_OUTER_BOUND('',#788,.T.);
#544=FACE_OUTER_BOUND('',#789,.T.);
#545=FACE_OUTER_BOUND('',#790,.T.);
#546=FACE_OUTER_BOUND('',#791,.T.);
#547=FACE_OUTER_BOUND('',#792,.T.);
#548=FACE_OUTER_BOUND('',#793,.T.);
#549=FACE_OUTER_BOUND('',#794,.T.);
#550=FACE_OUTER_BOUND('',#795,.T.);
#551=FACE_OUTER_BOUND('',#796,.T.);
#552=FACE_OUTER_BOUND('',#797,.T.);
#553=FACE_OUTER_BOUND('',#798,.T.);
#554=FACE_OUTER_BOUND('',#799,.T.);
#555=FACE_OUTER_BOUND('',#800,.T.);
#556=FACE_OUTER_BOUND('',#801,.T.);
#557=FACE_OUTER_BOUND('',#802,.T.);
#558=FACE_OUTER_BOUND('',#803,.T.);
#559=FACE_OUTER_BOUND('',#804,.T.);
#560=FACE_OUTER_BOUND('',#805,.T.);
#561=FACE_OUTER_BOUND('',#806,.T.);
#562=FACE_OUTER_BOUND('',#807,.T.);
#563=FACE_OUTER_BOUND('',#808,.T.);
#564=FACE_OUTER_BOUND('',#809,.T.);
#565=FACE_OUTER_BOUND('',#810,.T.);
#566=FACE_OUTER_BOUND('',#811,.T.);
#567=FACE_OUTER_BOUND('',#812,.T.);
#568=FACE_OUTER_BOUND('',#813,.T.);
#569=FACE_OUTER_BOUND('',#814,.T.);
#570=FACE_OUTER_BOUND('',#815,.T.);
#571=FACE_OUTER_BOUND('',#817,.T.);
#572=FACE_OUTER_BOUND('',#818,.T.);
#573=FACE_OUTER_BOUND('',#819,.T.);
#574=FACE_OUTER_BOUND('',#820,.T.);
#575=FACE_OUTER_BOUND('',#821,.T.);
#576=FACE_OUTER_BOUND('',#822,.T.);
#577=FACE_OUTER_BOUND('',#823,.T.);
#578=FACE_OUTER_BOUND('',#824,.T.);
#579=FACE_OUTER_BOUND('',#825,.T.);
#580=FACE_OUTER_BOUND('',#826,.T.);
#581=FACE_OUTER_BOUND('',#827,.T.);
#582=FACE_OUTER_BOUND('',#828,.T.);
#583=FACE_OUTER_BOUND('',#829,.T.);
#584=FACE_OUTER_BOUND('',#830,.T.);
#585=FACE_OUTER_BOUND('',#831,.T.);
#586=FACE_OUTER_BOUND('',#832,.T.);
#587=FACE_OUTER_BOUND('',#833,.T.);
#588=FACE_OUTER_BOUND('',#834,.T.);
#589=FACE_OUTER_BOUND('',#835,.T.);
#590=FACE_OUTER_BOUND('',#836,.T.);
#591=FACE_OUTER_BOUND('',#837,.T.);
#592=FACE_OUTER_BOUND('',#838,.T.);
#593=FACE_OUTER_BOUND('',#839,.T.);
#594=FACE_OUTER_BOUND('',#840,.T.);
#595=FACE_OUTER_BOUND('',#841,.T.);
#596=FACE_OUTER_BOUND('',#842,.T.);
#597=FACE_OUTER_BOUND('',#843,.T.);
#598=FACE_OUTER_BOUND('',#844,.T.);
#599=FACE_OUTER_BOUND('',#845,.T.);
#600=FACE_OUTER_BOUND('',#846,.T.);
#601=FACE_OUTER_BOUND('',#847,.T.);
#602=FACE_OUTER_BOUND('',#848,.T.);
#603=FACE_OUTER_BOUND('',#849,.T.);
#604=FACE_OUTER_BOUND('',#850,.T.);
#605=FACE_OUTER_BOUND('',#851,.T.);
#606=FACE_OUTER_BOUND('',#852,.T.);
#607=FACE_OUTER_BOUND('',#853,.T.);
#608=FACE_OUTER_BOUND('',#854,.T.);
#609=FACE_OUTER_BOUND('',#855,.T.);
#610=FACE_OUTER_BOUND('',#856,.T.);
#611=FACE_OUTER_BOUND('',#857,.T.);
#612=FACE_OUTER_BOUND('',#858,.T.);
#613=FACE_OUTER_BOUND('',#859,.T.);
#614=FACE_OUTER_BOUND('',#860,.T.);
#615=FACE_OUTER_BOUND('',#861,.T.);
#616=FACE_OUTER_BOUND('',#862,.T.);
#617=FACE_OUTER_BOUND('',#863,.T.);
#618=FACE_OUTER_BOUND('',#864,.T.);
#619=FACE_OUTER_BOUND('',#865,.T.);
#620=FACE_OUTER_BOUND('',#866,.T.);
#621=FACE_OUTER_BOUND('',#867,.T.);
#622=FACE_OUTER_BOUND('',#868,.T.);
#623=FACE_OUTER_BOUND('',#869,.T.);
#624=FACE_OUTER_BOUND('',#870,.T.);
#625=FACE_OUTER_BOUND('',#871,.T.);
#626=FACE_OUTER_BOUND('',#872,.T.);
#627=FACE_OUTER_BOUND('',#873,.T.);
#628=FACE_OUTER_BOUND('',#874,.T.);
#629=FACE_OUTER_BOUND('',#875,.T.);
#630=FACE_OUTER_BOUND('',#876,.T.);
#631=FACE_OUTER_BOUND('',#877,.T.);
#632=FACE_OUTER_BOUND('',#878,.T.);
#633=FACE_OUTER_BOUND('',#879,.T.);
#634=FACE_OUTER_BOUND('',#880,.T.);
#635=FACE_OUTER_BOUND('',#881,.T.);
#636=FACE_OUTER_BOUND('',#882,.T.);
#637=FACE_OUTER_BOUND('',#883,.T.);
#638=FACE_OUTER_BOUND('',#884,.T.);
#639=FACE_OUTER_BOUND('',#885,.T.);
#640=FACE_OUTER_BOUND('',#886,.T.);
#641=FACE_OUTER_BOUND('',#887,.T.);
#642=FACE_OUTER_BOUND('',#888,.T.);
#643=FACE_OUTER_BOUND('',#889,.T.);
#644=FACE_OUTER_BOUND('',#891,.T.);
#645=FACE_OUTER_BOUND('',#892,.T.);
#646=FACE_OUTER_BOUND('',#893,.T.);
#647=FACE_OUTER_BOUND('',#894,.T.);
#648=FACE_OUTER_BOUND('',#895,.T.);
#649=FACE_OUTER_BOUND('',#896,.T.);
#650=FACE_OUTER_BOUND('',#897,.T.);
#651=FACE_OUTER_BOUND('',#898,.T.);
#652=FACE_OUTER_BOUND('',#899,.T.);
#653=FACE_OUTER_BOUND('',#900,.T.);
#654=FACE_OUTER_BOUND('',#901,.T.);
#655=EDGE_LOOP('',(#2525,#2526,#2527,#2528));
#656=EDGE_LOOP('',(#2529,#2530,#2531,#2532));
#657=EDGE_LOOP('',(#2533,#2534,#2535,#2536));
#658=EDGE_LOOP('',(#2537,#2538,#2539,#2540,#2541));
#659=EDGE_LOOP('',(#2542,#2543,#2544,#2545,#2546));
#660=EDGE_LOOP('',(#2547,#2548,#2549,#2550));
#661=EDGE_LOOP('',(#2551,#2552,#2553,#2554,#2555,#2556,#2557,#2558,#2559,
#2560,#2561,#2562,#2563,#2564,#2565));
#662=EDGE_LOOP('',(#2566,#2567,#2568,#2569,#2570));
#663=EDGE_LOOP('',(#2571,#2572,#2573));
#664=EDGE_LOOP('',(#2574,#2575,#2576,#2577,#2578,#2579));
#665=EDGE_LOOP('',(#2580,#2581,#2582,#2583));
#666=EDGE_LOOP('',(#2584,#2585,#2586,#2587));
#667=EDGE_LOOP('',(#2588,#2589,#2590,#2591));
#668=EDGE_LOOP('',(#2592,#2593,#2594,#2595));
#669=EDGE_LOOP('',(#2596,#2597,#2598,#2599));
#670=EDGE_LOOP('',(#2600,#2601,#2602,#2603));
#671=EDGE_LOOP('',(#2604,#2605,#2606,#2607));
#672=EDGE_LOOP('',(#2608,#2609,#2610,#2611));
#673=EDGE_LOOP('',(#2612,#2613,#2614,#2615,#2616,#2617));
#674=EDGE_LOOP('',(#2618,#2619,#2620,#2621));
#675=EDGE_LOOP('',(#2622,#2623,#2624,#2625));
#676=EDGE_LOOP('',(#2626,#2627,#2628,#2629));
#677=EDGE_LOOP('',(#2630,#2631,#2632));
#678=EDGE_LOOP('',(#2633,#2634,#2635,#2636));
#679=EDGE_LOOP('',(#2637,#2638,#2639,#2640));
#680=EDGE_LOOP('',(#2641,#2642,#2643));
#681=EDGE_LOOP('',(#2644,#2645,#2646,#2647));
#682=EDGE_LOOP('',(#2648,#2649,#2650,#2651));
#683=EDGE_LOOP('',(#2652,#2653,#2654,#2655));
#684=EDGE_LOOP('',(#2656,#2657,#2658,#2659));
#685=EDGE_LOOP('',(#2660,#2661,#2662,#2663));
#686=EDGE_LOOP('',(#2664,#2665,#2666,#2667,#2668,#2669));
#687=EDGE_LOOP('',(#2670,#2671,#2672,#2673));
#688=EDGE_LOOP('',(#2674,#2675,#2676,#2677));
#689=EDGE_LOOP('',(#2678,#2679,#2680,#2681));
#690=EDGE_LOOP('',(#2682,#2683,#2684,#2685));
#691=EDGE_LOOP('',(#2686,#2687,#2688,#2689));
#692=EDGE_LOOP('',(#2690,#2691,#2692,#2693));
#693=EDGE_LOOP('',(#2694,#2695,#2696,#2697));
#694=EDGE_LOOP('',(#2698,#2699,#2700,#2701));
#695=EDGE_LOOP('',(#2702,#2703,#2704,#2705));
#696=EDGE_LOOP('',(#2706,#2707,#2708,#2709));
#697=EDGE_LOOP('',(#2710,#2711,#2712,#2713));
#698=EDGE_LOOP('',(#2714,#2715,#2716,#2717));
#699=EDGE_LOOP('',(#2718,#2719,#2720,#2721));
#700=EDGE_LOOP('',(#2722,#2723,#2724,#2725));
#701=EDGE_LOOP('',(#2726,#2727,#2728,#2729));
#702=EDGE_LOOP('',(#2730,#2731,#2732,#2733));
#703=EDGE_LOOP('',(#2734,#2735,#2736,#2737));
#704=EDGE_LOOP('',(#2738,#2739,#2740,#2741));
#705=EDGE_LOOP('',(#2742,#2743,#2744,#2745,#2746,#2747,#2748,#2749,#2750,
#2751,#2752,#2753,#2754,#2755,#2756,#2757,#2758,#2759,#2760,#2761,#2762,
#2763,#2764,#2765,#2766,#2767,#2768,#2769,#2770,#2771,#2772,#2773,#2774,
#2775,#2776,#2777,#2778));
#706=EDGE_LOOP('',(#2779,#2780,#2781,#2782,#2783,#2784,#2785,#2786));
#707=EDGE_LOOP('',(#2787));
#708=EDGE_LOOP('',(#2788,#2789,#2790,#2791));
#709=EDGE_LOOP('',(#2792,#2793,#2794,#2795));
#710=EDGE_LOOP('',(#2796,#2797,#2798,#2799,#2800));
#711=EDGE_LOOP('',(#2801,#2802,#2803,#2804));
#712=EDGE_LOOP('',(#2805,#2806,#2807,#2808));
#713=EDGE_LOOP('',(#2809,#2810,#2811,#2812));
#714=EDGE_LOOP('',(#2813,#2814,#2815,#2816));
#715=EDGE_LOOP('',(#2817,#2818,#2819));
#716=EDGE_LOOP('',(#2820,#2821,#2822));
#717=EDGE_LOOP('',(#2823,#2824,#2825,#2826,#2827));
#718=EDGE_LOOP('',(#2828,#2829,#2830,#2831));
#719=EDGE_LOOP('',(#2832,#2833,#2834,#2835));
#720=EDGE_LOOP('',(#2836,#2837,#2838,#2839));
#721=EDGE_LOOP('',(#2840,#2841,#2842,#2843));
#722=EDGE_LOOP('',(#2844,#2845,#2846,#2847));
#723=EDGE_LOOP('',(#2848,#2849,#2850,#2851,#2852,#2853));
#724=EDGE_LOOP('',(#2854,#2855,#2856,#2857));
#725=EDGE_LOOP('',(#2858,#2859,#2860,#2861,#2862,#2863));
#726=EDGE_LOOP('',(#2864,#2865,#2866,#2867));
#727=EDGE_LOOP('',(#2868,#2869,#2870,#2871));
#728=EDGE_LOOP('',(#2872,#2873,#2874,#2875));
#729=EDGE_LOOP('',(#2876,#2877,#2878,#2879));
#730=EDGE_LOOP('',(#2880,#2881,#2882,#2883));
#731=EDGE_LOOP('',(#2884,#2885,#2886,#2887));
#732=EDGE_LOOP('',(#2888,#2889,#2890,#2891));
#733=EDGE_LOOP('',(#2892,#2893,#2894,#2895));
#734=EDGE_LOOP('',(#2896,#2897,#2898,#2899));
#735=EDGE_LOOP('',(#2900,#2901,#2902,#2903));
#736=EDGE_LOOP('',(#2904,#2905,#2906,#2907));
#737=EDGE_LOOP('',(#2908,#2909,#2910,#2911));
#738=EDGE_LOOP('',(#2912,#2913,#2914,#2915));
#739=EDGE_LOOP('',(#2916,#2917,#2918,#2919));
#740=EDGE_LOOP('',(#2920,#2921,#2922,#2923));
#741=EDGE_LOOP('',(#2924,#2925,#2926,#2927));
#742=EDGE_LOOP('',(#2928,#2929,#2930,#2931));
#743=EDGE_LOOP('',(#2932,#2933,#2934,#2935));
#744=EDGE_LOOP('',(#2936,#2937,#2938,#2939));
#745=EDGE_LOOP('',(#2940,#2941,#2942,#2943));
#746=EDGE_LOOP('',(#2944,#2945,#2946,#2947));
#747=EDGE_LOOP('',(#2948,#2949,#2950,#2951));
#748=EDGE_LOOP('',(#2952,#2953,#2954,#2955));
#749=EDGE_LOOP('',(#2956,#2957,#2958,#2959));
#750=EDGE_LOOP('',(#2960,#2961,#2962,#2963));
#751=EDGE_LOOP('',(#2964,#2965,#2966,#2967));
#752=EDGE_LOOP('',(#2968,#2969,#2970,#2971));
#753=EDGE_LOOP('',(#2972,#2973,#2974,#2975));
#754=EDGE_LOOP('',(#2976,#2977,#2978,#2979));
#755=EDGE_LOOP('',(#2980,#2981,#2982,#2983));
#756=EDGE_LOOP('',(#2984,#2985,#2986,#2987));
#757=EDGE_LOOP('',(#2988,#2989,#2990,#2991));
#758=EDGE_LOOP('',(#2992,#2993,#2994,#2995));
#759=EDGE_LOOP('',(#2996,#2997,#2998,#2999));
#760=EDGE_LOOP('',(#3000,#3001,#3002,#3003));
#761=EDGE_LOOP('',(#3004,#3005,#3006,#3007));
#762=EDGE_LOOP('',(#3008,#3009,#3010,#3011));
#763=EDGE_LOOP('',(#3012,#3013,#3014,#3015,#3016,#3017,#3018,#3019));
#764=EDGE_LOOP('',(#3020,#3021,#3022,#3023));
#765=EDGE_LOOP('',(#3024,#3025,#3026,#3027,#3028,#3029,#3030,#3031,#3032,
#3033,#3034,#3035,#3036,#3037,#3038,#3039,#3040,#3041,#3042,#3043,#3044,
#3045,#3046,#3047,#3048,#3049,#3050,#3051,#3052));
#766=EDGE_LOOP('',(#3053,#3054,#3055,#3056,#3057,#3058,#3059,#3060));
#767=EDGE_LOOP('',(#3061));
#768=EDGE_LOOP('',(#3062,#3063,#3064));
#769=EDGE_LOOP('',(#3065,#3066,#3067));
#770=EDGE_LOOP('',(#3068,#3069,#3070));
#771=EDGE_LOOP('',(#3071,#3072,#3073));
#772=EDGE_LOOP('',(#3074,#3075,#3076,#3077));
#773=EDGE_LOOP('',(#3078,#3079,#3080,#3081));
#774=EDGE_LOOP('',(#3082,#3083,#3084,#3085));
#775=EDGE_LOOP('',(#3086,#3087,#3088,#3089));
#776=EDGE_LOOP('',(#3090,#3091,#3092,#3093));
#777=EDGE_LOOP('',(#3094,#3095,#3096,#3097));
#778=EDGE_LOOP('',(#3098,#3099,#3100,#3101));
#779=EDGE_LOOP('',(#3102,#3103,#3104,#3105));
#780=EDGE_LOOP('',(#3106,#3107,#3108,#3109));
#781=EDGE_LOOP('',(#3110,#3111,#3112,#3113));
#782=EDGE_LOOP('',(#3114,#3115,#3116,#3117));
#783=EDGE_LOOP('',(#3118,#3119,#3120,#3121,#3122));
#784=EDGE_LOOP('',(#3123,#3124,#3125,#3126,#3127));
#785=EDGE_LOOP('',(#3128,#3129,#3130,#3131,#3132,#3133));
#786=EDGE_LOOP('',(#3134,#3135,#3136,#3137));
#787=EDGE_LOOP('',(#3138,#3139,#3140,#3141));
#788=EDGE_LOOP('',(#3142,#3143,#3144,#3145));
#789=EDGE_LOOP('',(#3146,#3147,#3148,#3149,#3150,#3151));
#790=EDGE_LOOP('',(#3152,#3153,#3154,#3155,#3156,#3157,#3158));
#791=EDGE_LOOP('',(#3159,#3160,#3161,#3162,#3163));
#792=EDGE_LOOP('',(#3164,#3165,#3166,#3167));
#793=EDGE_LOOP('',(#3168,#3169,#3170,#3171,#3172));
#794=EDGE_LOOP('',(#3173,#3174,#3175,#3176));
#795=EDGE_LOOP('',(#3177,#3178,#3179,#3180));
#796=EDGE_LOOP('',(#3181,#3182,#3183,#3184));
#797=EDGE_LOOP('',(#3185,#3186,#3187));
#798=EDGE_LOOP('',(#3188,#3189,#3190));
#799=EDGE_LOOP('',(#3191,#3192,#3193,#3194));
#800=EDGE_LOOP('',(#3195,#3196,#3197));
#801=EDGE_LOOP('',(#3198,#3199,#3200,#3201));
#802=EDGE_LOOP('',(#3202,#3203,#3204,#3205));
#803=EDGE_LOOP('',(#3206,#3207,#3208,#3209));
#804=EDGE_LOOP('',(#3210,#3211,#3212,#3213));
#805=EDGE_LOOP('',(#3214,#3215,#3216,#3217));
#806=EDGE_LOOP('',(#3218,#3219,#3220,#3221));
#807=EDGE_LOOP('',(#3222,#3223,#3224));
#808=EDGE_LOOP('',(#3225,#3226,#3227,#3228));
#809=EDGE_LOOP('',(#3229,#3230,#3231,#3232,#3233,#3234,#3235));
#810=EDGE_LOOP('',(#3236,#3237,#3238));
#811=EDGE_LOOP('',(#3239,#3240,#3241,#3242,#3243,#3244));
#812=EDGE_LOOP('',(#3245,#3246,#3247,#3248));
#813=EDGE_LOOP('',(#3249,#3250,#3251,#3252,#3253));
#814=EDGE_LOOP('',(#3254,#3255,#3256,#3257));
#815=EDGE_LOOP('',(#3258));
#816=EDGE_LOOP('',(#3259));
#817=EDGE_LOOP('',(#3260,#3261,#3262,#3263));
#818=EDGE_LOOP('',(#3264,#3265,#3266,#3267,#3268,#3269,#3270,#3271,#3272,
#3273,#3274,#3275));
#819=EDGE_LOOP('',(#3276,#3277,#3278,#3279,#3280,#3281,#3282,#3283,#3284));
#820=EDGE_LOOP('',(#3285,#3286,#3287,#3288));
#821=EDGE_LOOP('',(#3289,#3290,#3291,#3292));
#822=EDGE_LOOP('',(#3293,#3294,#3295,#3296));
#823=EDGE_LOOP('',(#3297,#3298,#3299,#3300));
#824=EDGE_LOOP('',(#3301,#3302,#3303,#3304,#3305,#3306,#3307,#3308));
#825=EDGE_LOOP('',(#3309,#3310,#3311,#3312,#3313,#3314,#3315,#3316));
#826=EDGE_LOOP('',(#3317,#3318,#3319,#3320,#3321,#3322,#3323,#3324,#3325,
#3326));
#827=EDGE_LOOP('',(#3327,#3328,#3329,#3330));
#828=EDGE_LOOP('',(#3331,#3332,#3333,#3334));
#829=EDGE_LOOP('',(#3335,#3336,#3337,#3338));
#830=EDGE_LOOP('',(#3339,#3340,#3341,#3342));
#831=EDGE_LOOP('',(#3343,#3344,#3345));
#832=EDGE_LOOP('',(#3346,#3347,#3348,#3349,#3350,#3351,#3352,#3353,#3354,
#3355,#3356,#3357,#3358));
#833=EDGE_LOOP('',(#3359,#3360,#3361,#3362,#3363,#3364,#3365));
#834=EDGE_LOOP('',(#3366,#3367,#3368,#3369,#3370,#3371));
#835=EDGE_LOOP('',(#3372,#3373,#3374,#3375));
#836=EDGE_LOOP('',(#3376,#3377,#3378,#3379));
#837=EDGE_LOOP('',(#3380,#3381,#3382,#3383));
#838=EDGE_LOOP('',(#3384,#3385,#3386,#3387,#3388,#3389,#3390,#3391,#3392,
#3393,#3394,#3395));
#839=EDGE_LOOP('',(#3396,#3397,#3398,#3399));
#840=EDGE_LOOP('',(#3400,#3401,#3402,#3403));
#841=EDGE_LOOP('',(#3404,#3405,#3406,#3407,#3408));
#842=EDGE_LOOP('',(#3409,#3410,#3411,#3412,#3413));
#843=EDGE_LOOP('',(#3414,#3415,#3416,#3417,#3418));
#844=EDGE_LOOP('',(#3419,#3420,#3421));
#845=EDGE_LOOP('',(#3422,#3423,#3424,#3425));
#846=EDGE_LOOP('',(#3426,#3427,#3428,#3429,#3430,#3431,#3432,#3433,#3434,
#3435,#3436,#3437,#3438,#3439,#3440,#3441,#3442,#3443,#3444,#3445,#3446,
#3447,#3448));
#847=EDGE_LOOP('',(#3449,#3450,#3451,#3452));
#848=EDGE_LOOP('',(#3453,#3454,#3455,#3456));
#849=EDGE_LOOP('',(#3457,#3458,#3459,#3460));
#850=EDGE_LOOP('',(#3461,#3462,#3463,#3464));
#851=EDGE_LOOP('',(#3465,#3466,#3467,#3468));
#852=EDGE_LOOP('',(#3469,#3470,#3471,#3472));
#853=EDGE_LOOP('',(#3473,#3474,#3475,#3476));
#854=EDGE_LOOP('',(#3477,#3478,#3479,#3480));
#855=EDGE_LOOP('',(#3481,#3482,#3483,#3484));
#856=EDGE_LOOP('',(#3485,#3486,#3487,#3488));
#857=EDGE_LOOP('',(#3489,#3490,#3491,#3492));
#858=EDGE_LOOP('',(#3493,#3494,#3495,#3496));
#859=EDGE_LOOP('',(#3497,#3498,#3499,#3500,#3501));
#860=EDGE_LOOP('',(#3502,#3503,#3504,#3505,#3506));
#861=EDGE_LOOP('',(#3507,#3508,#3509,#3510,#3511,#3512,#3513,#3514));
#862=EDGE_LOOP('',(#3515,#3516,#3517,#3518,#3519,#3520,#3521));
#863=EDGE_LOOP('',(#3522,#3523,#3524));
#864=EDGE_LOOP('',(#3525,#3526,#3527,#3528,#3529,#3530,#3531,#3532,#3533,
#3534,#3535,#3536,#3537));
#865=EDGE_LOOP('',(#3538,#3539,#3540,#3541));
#866=EDGE_LOOP('',(#3542,#3543,#3544,#3545,#3546));
#867=EDGE_LOOP('',(#3547,#3548,#3549,#3550,#3551));
#868=EDGE_LOOP('',(#3552,#3553,#3554,#3555));
#869=EDGE_LOOP('',(#3556,#3557,#3558,#3559,#3560,#3561,#3562,#3563,#3564,
#3565,#3566));
#870=EDGE_LOOP('',(#3567,#3568,#3569,#3570));
#871=EDGE_LOOP('',(#3571,#3572,#3573,#3574));
#872=EDGE_LOOP('',(#3575,#3576,#3577,#3578));
#873=EDGE_LOOP('',(#3579,#3580,#3581,#3582,#3583,#3584,#3585));
#874=EDGE_LOOP('',(#3586,#3587,#3588,#3589,#3590));
#875=EDGE_LOOP('',(#3591,#3592,#3593,#3594,#3595,#3596,#3597,#3598));
#876=EDGE_LOOP('',(#3599,#3600,#3601,#3602,#3603,#3604));
#877=EDGE_LOOP('',(#3605,#3606,#3607));
#878=EDGE_LOOP('',(#3608,#3609,#3610));
#879=EDGE_LOOP('',(#3611,#3612,#3613,#3614,#3615,#3616));
#880=EDGE_LOOP('',(#3617,#3618,#3619,#3620,#3621,#3622,#3623));
#881=EDGE_LOOP('',(#3624));
#882=EDGE_LOOP('',(#3625));
#883=EDGE_LOOP('',(#3626));
#884=EDGE_LOOP('',(#3627));
#885=EDGE_LOOP('',(#3628,#3629,#3630,#3631));
#886=EDGE_LOOP('',(#3632,#3633,#3634,#3635));
#887=EDGE_LOOP('',(#3636,#3637,#3638,#3639));
#888=EDGE_LOOP('',(#3640,#3641,#3642,#3643));
#889=EDGE_LOOP('',(#3644,#3645,#3646,#3647,#3648,#3649,#3650,#3651,#3652,
#3653,#3654,#3655));
#890=EDGE_LOOP('',(#3656));
#891=EDGE_LOOP('',(#3657,#3658,#3659,#3660,#3661));
#892=EDGE_LOOP('',(#3662,#3663,#3664,#3665));
#893=EDGE_LOOP('',(#3666,#3667,#3668,#3669,#3670));
#894=EDGE_LOOP('',(#3671,#3672,#3673,#3674,#3675,#3676,#3677,#3678,#3679,
#3680));
#895=EDGE_LOOP('',(#3681,#3682,#3683,#3684,#3685,#3686,#3687,#3688,#3689));
#896=EDGE_LOOP('',(#3690,#3691,#3692));
#897=EDGE_LOOP('',(#3693,#3694,#3695,#3696,#3697,#3698));
#898=EDGE_LOOP('',(#3699,#3700,#3701,#3702,#3703,#3704));
#899=EDGE_LOOP('',(#3705,#3706,#3707,#3708));
#900=EDGE_LOOP('',(#3709));
#901=EDGE_LOOP('',(#3710));
#902=LINE('',#5748,#1240);
#903=LINE('',#5750,#1241);
#904=LINE('',#5752,#1242);
#905=LINE('',#5753,#1243);
#906=LINE('',#5758,#1244);
#907=LINE('',#5763,#1245);
#908=LINE('',#5769,#1246);
#909=LINE('',#5770,#1247);
#910=LINE('',#5772,#1248);
#911=LINE('',#5778,#1249);
#912=LINE('',#5780,#1250);
#913=LINE('',#5784,#1251);
#914=LINE('',#5787,#1252);
#915=LINE('',#5790,#1253);
#916=LINE('',#5792,#1254);
#917=LINE('',#5794,#1255);
#918=LINE('',#5796,#1256);
#919=LINE('',#5798,#1257);
#920=LINE('',#5800,#1258);
#921=LINE('',#5804,#1259);
#922=LINE('',#5808,#1260);
#923=LINE('',#5812,#1261);
#924=LINE('',#5818,#1262);
#925=LINE('',#5821,#1263);
#926=LINE('',#5823,#1264);
#927=LINE('',#5829,#1265);
#928=LINE('',#5831,#1266);
#929=LINE('',#5832,#1267);
#930=LINE('',#5837,#1268);
#931=LINE('',#5842,#1269);
#932=LINE('',#5843,#1270);
#933=LINE('',#5844,#1271);
#934=LINE('',#5848,#1272);
#935=LINE('',#5853,#1273);
#936=LINE('',#5856,#1274);
#937=LINE('',#5860,#1275);
#938=LINE('',#5861,#1276);
#939=LINE('',#5864,#1277);
#940=LINE('',#5868,#1278);
#941=LINE('',#5870,#1279);
#942=LINE('',#5872,#1280);
#943=LINE('',#5873,#1281);
#944=LINE('',#5877,#1282);
#945=LINE('',#5879,#1283);
#946=LINE('',#5881,#1284);
#947=LINE('',#5882,#1285);
#948=LINE('',#5887,#1286);
#949=LINE('',#5893,#1287);
#950=LINE('',#5894,#1288);
#951=LINE('',#5900,#1289);
#952=LINE('',#5901,#1290);
#953=LINE('',#5906,#1291);
#954=LINE('',#5910,#1292);
#955=LINE('',#5911,#1293);
#956=LINE('',#5912,#1294);
#957=LINE('',#5917,#1295);
#958=LINE('',#5920,#1296);
#959=LINE('',#5923,#1297);
#960=LINE('',#5924,#1298);
#961=LINE('',#5927,#1299);
#962=LINE('',#5931,#1300);
#963=LINE('',#5932,#1301);
#964=LINE('',#5935,#1302);
#965=LINE('',#5939,#1303);
#966=LINE('',#5941,#1304);
#967=LINE('',#5943,#1305);
#968=LINE('',#5944,#1306);
#969=LINE('',#5950,#1307);
#970=LINE('',#5952,#1308);
#971=LINE('',#5953,#1309);
#972=LINE('',#5957,#1310);
#973=LINE('',#5962,#1311);
#974=LINE('',#5964,#1312);
#975=LINE('',#5965,#1313);
#976=LINE('',#5969,#1314);
#977=LINE('',#5974,#1315);
#978=LINE('',#5976,#1316);
#979=LINE('',#5977,#1317);
#980=LINE('',#5981,#1318);
#981=LINE('',#5986,#1319);
#982=LINE('',#5988,#1320);
#983=LINE('',#5989,#1321);
#984=LINE('',#5993,#1322);
#985=LINE('',#5999,#1323);
#986=LINE('',#6004,#1324);
#987=LINE('',#6006,#1325);
#988=LINE('',#6007,#1326);
#989=LINE('',#6011,#1327);
#990=LINE('',#6016,#1328);
#991=LINE('',#6018,#1329);
#992=LINE('',#6019,#1330);
#993=LINE('',#6023,#1331);
#994=LINE('',#6028,#1332);
#995=LINE('',#6030,#1333);
#996=LINE('',#6031,#1334);
#997=LINE('',#6035,#1335);
#998=LINE('',#6040,#1336);
#999=LINE('',#6042,#1337);
#1000=LINE('',#6043,#1338);
#1001=LINE('',#6047,#1339);
#1002=LINE('',#6054,#1340);
#1003=LINE('',#6055,#1341);
#1004=LINE('',#6059,#1342);
#1005=LINE('',#6063,#1343);
#1006=LINE('',#6069,#1344);
#1007=LINE('',#6075,#1345);
#1008=LINE('',#6077,#1346);
#1009=LINE('',#6081,#1347);
#1010=LINE('',#6084,#1348);
#1011=LINE('',#6087,#1349);
#1012=LINE('',#6091,#1350);
#1013=LINE('',#6095,#1351);
#1014=LINE('',#6099,#1352);
#1015=LINE('',#6106,#1353);
#1016=LINE('',#6108,#1354);
#1017=LINE('',#6110,#1355);
#1018=LINE('',#6111,#1356);
#1019=LINE('',#6116,#1357);
#1020=LINE('',#6121,#1358);
#1021=LINE('',#6122,#1359);
#1022=LINE('',#6124,#1360);
#1023=LINE('',#6130,#1361);
#1024=LINE('',#6132,#1362);
#1025=LINE('',#6134,#1363);
#1026=LINE('',#6135,#1364);
#1027=LINE('',#6141,#1365);
#1028=LINE('',#6143,#1366);
#1029=LINE('',#6144,#1367);
#1030=LINE('',#6149,#1368);
#1031=LINE('',#6153,#1369);
#1032=LINE('',#6154,#1370);
#1033=LINE('',#6155,#1371);
#1034=LINE('',#6161,#1372);
#1035=LINE('',#6163,#1373);
#1036=LINE('',#6168,#1374);
#1037=LINE('',#6170,#1375);
#1038=LINE('',#6172,#1376);
#1039=LINE('',#6174,#1377);
#1040=LINE('',#6176,#1378);
#1041=LINE('',#6179,#1379);
#1042=LINE('',#6181,#1380);
#1043=LINE('',#6182,#1381);
#1044=LINE('',#6185,#1382);
#1045=LINE('',#6191,#1383);
#1046=LINE('',#6193,#1384);
#1047=LINE('',#6194,#1385);
#1048=LINE('',#6197,#1386);
#1049=LINE('',#6199,#1387);
#1050=LINE('',#6200,#1388);
#1051=LINE('',#6203,#1389);
#1052=LINE('',#6207,#1390);
#1053=LINE('',#6208,#1391);
#1054=LINE('',#6211,#1392);
#1055=LINE('',#6215,#1393);
#1056=LINE('',#6216,#1394);
#1057=LINE('',#6221,#1395);
#1058=LINE('',#6226,#1396);
#1059=LINE('',#6227,#1397);
#1060=LINE('',#6228,#1398);
#1061=LINE('',#6233,#1399);
#1062=LINE('',#6238,#1400);
#1063=LINE('',#6239,#1401);
#1064=LINE('',#6240,#1402);
#1065=LINE('',#6245,#1403);
#1066=LINE('',#6250,#1404);
#1067=LINE('',#6251,#1405);
#1068=LINE('',#6252,#1406);
#1069=LINE('',#6257,#1407);
#1070=LINE('',#6262,#1408);
#1071=LINE('',#6263,#1409);
#1072=LINE('',#6264,#1410);
#1073=LINE('',#6269,#1411);
#1074=LINE('',#6275,#1412);
#1075=LINE('',#6280,#1413);
#1076=LINE('',#6281,#1414);
#1077=LINE('',#6282,#1415);
#1078=LINE('',#6287,#1416);
#1079=LINE('',#6292,#1417);
#1080=LINE('',#6293,#1418);
#1081=LINE('',#6294,#1419);
#1082=LINE('',#6299,#1420);
#1083=LINE('',#6304,#1421);
#1084=LINE('',#6305,#1422);
#1085=LINE('',#6306,#1423);
#1086=LINE('',#6311,#1424);
#1087=LINE('',#6316,#1425);
#1088=LINE('',#6317,#1426);
#1089=LINE('',#6318,#1427);
#1090=LINE('',#6322,#1428);
#1091=LINE('',#6326,#1429);
#1092=LINE('',#6327,#1430);
#1093=LINE('',#6330,#1431);
#1094=LINE('',#6334,#1432);
#1095=LINE('',#6335,#1433);
#1096=LINE('',#6340,#1434);
#1097=LINE('',#6344,#1435);
#1098=LINE('',#6346,#1436);
#1099=LINE('',#6347,#1437);
#1100=LINE('',#6352,#1438);
#1101=LINE('',#6353,#1439);
#1102=LINE('',#6355,#1440);
#1103=LINE('',#6357,#1441);
#1104=LINE('',#6359,#1442);
#1105=LINE('',#6361,#1443);
#1106=LINE('',#6363,#1444);
#1107=LINE('',#6365,#1445);
#1108=LINE('',#6367,#1446);
#1109=LINE('',#6370,#1447);
#1110=LINE('',#6372,#1448);
#1111=LINE('',#6374,#1449);
#1112=LINE('',#6376,#1450);
#1113=LINE('',#6377,#1451);
#1114=LINE('',#6383,#1452);
#1115=LINE('',#6387,#1453);
#1116=LINE('',#6391,#1454);
#1117=LINE('',#6395,#1455);
#1118=LINE('',#6606,#1456);
#1119=LINE('',#6614,#1457);
#1120=LINE('',#6618,#1458);
#1121=LINE('',#6624,#1459);
#1122=LINE('',#6627,#1460);
#1123=LINE('',#6630,#1461);
#1124=LINE('',#6633,#1462);
#1125=LINE('',#6634,#1463);
#1126=LINE('',#6637,#1464);
#1127=LINE('',#6641,#1465);
#1128=LINE('',#6647,#1466);
#1129=LINE('',#6649,#1467);
#1130=LINE('',#6650,#1468);
#1131=LINE('',#6653,#1469);
#1132=LINE('',#6670,#1470);
#1133=LINE('',#6674,#1471);
#1134=LINE('',#6685,#1472);
#1135=LINE('',#6689,#1473);
#1136=LINE('',#6700,#1474);
#1137=LINE('',#6704,#1475);
#1138=LINE('',#6721,#1476);
#1139=LINE('',#6723,#1477);
#1140=LINE('',#6726,#1478);
#1141=LINE('',#6742,#1479);
#1142=LINE('',#6762,#1480);
#1143=LINE('',#6766,#1481);
#1144=LINE('',#6769,#1482);
#1145=LINE('',#6790,#1483);
#1146=LINE('',#6799,#1484);
#1147=LINE('',#6849,#1485);
#1148=LINE('',#6852,#1486);
#1149=LINE('',#6886,#1487);
#1150=LINE('',#6892,#1488);
#1151=LINE('',#6905,#1489);
#1152=LINE('',#6908,#1490);
#1153=LINE('',#6919,#1491);
#1154=LINE('',#6940,#1492);
#1155=LINE('',#6942,#1493);
#1156=LINE('',#6945,#1494);
#1157=LINE('',#6947,#1495);
#1158=LINE('',#6948,#1496);
#1159=LINE('',#6950,#1497);
#1160=LINE('',#6951,#1498);
#1161=LINE('',#6954,#1499);
#1162=LINE('',#6956,#1500);
#1163=LINE('',#6967,#1501);
#1164=LINE('',#6971,#1502);
#1165=LINE('',#6993,#1503);
#1166=LINE('',#7017,#1504);
#1167=LINE('',#7030,#1505);
#1168=LINE('',#7034,#1506);
#1169=LINE('',#7037,#1507);
#1170=LINE('',#7049,#1508);
#1171=LINE('',#7051,#1509);
#1172=LINE('',#7055,#1510);
#1173=LINE('',#7057,#1511);
#1174=LINE('',#7061,#1512);
#1175=LINE('',#7064,#1513);
#1176=LINE('',#7079,#1514);
#1177=LINE('',#7083,#1515);
#1178=LINE('',#7088,#1516);
#1179=LINE('',#7091,#1517);
#1180=LINE('',#7092,#1518);
#1181=LINE('',#7095,#1519);
#1182=LINE('',#7097,#1520);
#1183=LINE('',#7099,#1521);
#1184=LINE('',#7106,#1522);
#1185=LINE('',#7109,#1523);
#1186=LINE('',#7112,#1524);
#1187=LINE('',#7114,#1525);
#1188=LINE('',#7115,#1526);
#1189=LINE('',#7121,#1527);
#1190=LINE('',#7124,#1528);
#1191=LINE('',#7126,#1529);
#1192=LINE('',#7128,#1530);
#1193=LINE('',#7131,#1531);
#1194=LINE('',#7139,#1532);
#1195=LINE('',#7142,#1533);
#1196=LINE('',#7143,#1534);
#1197=LINE('',#7149,#1535);
#1198=LINE('',#7155,#1536);
#1199=LINE('',#7161,#1537);
#1200=LINE('',#7164,#1538);
#1201=LINE('',#7165,#1539);
#1202=LINE('',#7166,#1540);
#1203=LINE('',#7168,#1541);
#1204=LINE('',#7170,#1542);
#1205=LINE('',#7172,#1543);
#1206=LINE('',#7175,#1544);
#1207=LINE('',#7176,#1545);
#1208=LINE('',#7178,#1546);
#1209=LINE('',#7180,#1547);
#1210=LINE('',#7182,#1548);
#1211=LINE('',#7184,#1549);
#1212=LINE('',#7186,#1550);
#1213=LINE('',#7188,#1551);
#1214=LINE('',#7191,#1552);
#1215=LINE('',#7379,#1553);
#1216=LINE('',#7414,#1554);
#1217=LINE('',#7417,#1555);
#1218=LINE('',#7420,#1556);
#1219=LINE('',#7521,#1557);
#1220=LINE('',#7523,#1558);
#1221=LINE('',#7527,#1559);
#1222=LINE('',#7530,#1560);
#1223=LINE('',#7531,#1561);
#1224=LINE('',#7533,#1562);
#1225=LINE('',#7534,#1563);
#1226=LINE('',#7540,#1564);
#1227=LINE('',#7548,#1565);
#1228=LINE('',#7552,#1566);
#1229=LINE('',#7559,#1567);
#1230=LINE('',#7562,#1568);
#1231=LINE('',#7565,#1569);
#1232=LINE('',#7569,#1570);
#1233=LINE('',#7575,#1571);
#1234=LINE('',#7581,#1572);
#1235=LINE('',#7582,#1573);
#1236=LINE('',#7586,#1574);
#1237=LINE('',#7590,#1575);
#1238=LINE('',#7599,#1576);
#1239=LINE('',#7603,#1577);
#1240=VECTOR('',#4524,10.);
#1241=VECTOR('',#4525,10.);
#1242=VECTOR('',#4526,10.);
#1243=VECTOR('',#4527,10.);
#1244=VECTOR('',#4532,10.);
#1245=VECTOR('',#4537,10.);
#1246=VECTOR('',#4544,10.);
#1247=VECTOR('',#4545,10.);
#1248=VECTOR('',#4546,10.);
#1249=VECTOR('',#4553,10.);
#1250=VECTOR('',#4554,10.);
#1251=VECTOR('',#4559,10.);
#1252=VECTOR('',#4562,10.);
#1253=VECTOR('',#4565,10.);
#1254=VECTOR('',#4566,10.);
#1255=VECTOR('',#4567,10.);
#1256=VECTOR('',#4568,10.);
#1257=VECTOR('',#4569,10.);
#1258=VECTOR('',#4570,10.);
#1259=VECTOR('',#4573,10.);
#1260=VECTOR('',#4576,10.);
#1261=VECTOR('',#4579,10.);
#1262=VECTOR('',#4586,10.);
#1263=VECTOR('',#4591,10.);
#1264=VECTOR('',#4594,10.);
#1265=VECTOR('',#4599,10.);
#1266=VECTOR('',#4600,10.);
#1267=VECTOR('',#4601,10.);
#1268=VECTOR('',#4606,10.);
#1269=VECTOR('',#4611,10.);
#1270=VECTOR('',#4612,10.);
#1271=VECTOR('',#4613,10.);
#1272=VECTOR('',#4618,10.);
#1273=VECTOR('',#4625,10.);
#1274=VECTOR('',#4628,10.);
#1275=VECTOR('',#4633,10.);
#1276=VECTOR('',#4634,10.);
#1277=VECTOR('',#4637,10.);
#1278=VECTOR('',#4642,10.);
#1279=VECTOR('',#4643,10.);
#1280=VECTOR('',#4644,10.);
#1281=VECTOR('',#4645,10.);
#1282=VECTOR('',#4648,10.);
#1283=VECTOR('',#4649,10.);
#1284=VECTOR('',#4650,10.);
#1285=VECTOR('',#4651,10.);
#1286=VECTOR('',#4656,10.);
#1287=VECTOR('',#4663,10.);
#1288=VECTOR('',#4664,10.);
#1289=VECTOR('',#4669,10.);
#1290=VECTOR('',#4670,10.);
#1291=VECTOR('',#4675,10.);
#1292=VECTOR('',#4680,10.);
#1293=VECTOR('',#4681,10.);
#1294=VECTOR('',#4682,10.);
#1295=VECTOR('',#4689,10.);
#1296=VECTOR('',#4692,10.);
#1297=VECTOR('',#4695,10.);
#1298=VECTOR('',#4696,10.);
#1299=VECTOR('',#4699,10.);
#1300=VECTOR('',#4704,10.);
#1301=VECTOR('',#4705,10.);
#1302=VECTOR('',#4708,10.);
#1303=VECTOR('',#4713,10.);
#1304=VECTOR('',#4714,10.);
#1305=VECTOR('',#4715,10.);
#1306=VECTOR('',#4716,10.);
#1307=VECTOR('',#4721,10.);
#1308=VECTOR('',#4722,10.);
#1309=VECTOR('',#4723,10.);
#1310=VECTOR('',#4726,10.);
#1311=VECTOR('',#4733,10.);
#1312=VECTOR('',#4734,10.);
#1313=VECTOR('',#4735,10.);
#1314=VECTOR('',#4738,10.);
#1315=VECTOR('',#4745,10.);
#1316=VECTOR('',#4746,10.);
#1317=VECTOR('',#4747,10.);
#1318=VECTOR('',#4750,10.);
#1319=VECTOR('',#4757,10.);
#1320=VECTOR('',#4758,10.);
#1321=VECTOR('',#4759,10.);
#1322=VECTOR('',#4762,10.);
#1323=VECTOR('',#4769,10.);
#1324=VECTOR('',#4776,10.);
#1325=VECTOR('',#4777,10.);
#1326=VECTOR('',#4778,10.);
#1327=VECTOR('',#4781,10.);
#1328=VECTOR('',#4788,10.);
#1329=VECTOR('',#4789,10.);
#1330=VECTOR('',#4790,10.);
#1331=VECTOR('',#4793,10.);
#1332=VECTOR('',#4800,10.);
#1333=VECTOR('',#4801,10.);
#1334=VECTOR('',#4802,10.);
#1335=VECTOR('',#4805,10.);
#1336=VECTOR('',#4812,10.);
#1337=VECTOR('',#4813,10.);
#1338=VECTOR('',#4814,10.);
#1339=VECTOR('',#4817,10.);
#1340=VECTOR('',#4826,10.);
#1341=VECTOR('',#4827,10.);
#1342=VECTOR('',#4832,10.);
#1343=VECTOR('',#4835,10.);
#1344=VECTOR('',#4836,10.);
#1345=VECTOR('',#4837,10.);
#1346=VECTOR('',#4838,10.);
#1347=VECTOR('',#4841,10.);
#1348=VECTOR('',#4844,10.);
#1349=VECTOR('',#4845,10.);
#1350=VECTOR('',#4848,10.);
#1351=VECTOR('',#4851,10.);
#1352=VECTOR('',#4854,10.);
#1353=VECTOR('',#4861,10.);
#1354=VECTOR('',#4862,10.);
#1355=VECTOR('',#4863,10.);
#1356=VECTOR('',#4864,10.);
#1357=VECTOR('',#4869,10.);
#1358=VECTOR('',#4874,10.);
#1359=VECTOR('',#4875,10.);
#1360=VECTOR('',#4876,10.);
#1361=VECTOR('',#4879,10.);
#1362=VECTOR('',#4880,10.);
#1363=VECTOR('',#4881,10.);
#1364=VECTOR('',#4882,10.);
#1365=VECTOR('',#4887,10.);
#1366=VECTOR('',#4888,10.);
#1367=VECTOR('',#4889,10.);
#1368=VECTOR('',#4894,10.);
#1369=VECTOR('',#4899,10.);
#1370=VECTOR('',#4900,10.);
#1371=VECTOR('',#4901,10.);
#1372=VECTOR('',#4912,10.);
#1373=VECTOR('',#4913,10.);
#1374=VECTOR('',#4916,10.);
#1375=VECTOR('',#4919,10.);
#1376=VECTOR('',#4922,10.);
#1377=VECTOR('',#4925,10.);
#1378=VECTOR('',#4928,10.);
#1379=VECTOR('',#4931,10.);
#1380=VECTOR('',#4932,10.);
#1381=VECTOR('',#4933,10.);
#1382=VECTOR('',#4936,10.);
#1383=VECTOR('',#4943,10.);
#1384=VECTOR('',#4944,10.);
#1385=VECTOR('',#4945,10.);
#1386=VECTOR('',#4948,10.);
#1387=VECTOR('',#4949,10.);
#1388=VECTOR('',#4950,10.);
#1389=VECTOR('',#4953,10.);
#1390=VECTOR('',#4958,10.);
#1391=VECTOR('',#4959,10.);
#1392=VECTOR('',#4962,10.);
#1393=VECTOR('',#4967,10.);
#1394=VECTOR('',#4968,10.);
#1395=VECTOR('',#4973,10.);
#1396=VECTOR('',#4978,10.);
#1397=VECTOR('',#4979,10.);
#1398=VECTOR('',#4980,10.);
#1399=VECTOR('',#4985,10.);
#1400=VECTOR('',#4990,10.);
#1401=VECTOR('',#4991,10.);
#1402=VECTOR('',#4992,10.);
#1403=VECTOR('',#4997,10.);
#1404=VECTOR('',#5002,10.);
#1405=VECTOR('',#5003,10.);
#1406=VECTOR('',#5004,10.);
#1407=VECTOR('',#5009,10.);
#1408=VECTOR('',#5014,10.);
#1409=VECTOR('',#5015,10.);
#1410=VECTOR('',#5016,10.);
#1411=VECTOR('',#5021,10.);
#1412=VECTOR('',#5028,10.);
#1413=VECTOR('',#5033,10.);
#1414=VECTOR('',#5034,10.);
#1415=VECTOR('',#5035,10.);
#1416=VECTOR('',#5040,10.);
#1417=VECTOR('',#5045,10.);
#1418=VECTOR('',#5046,10.);
#1419=VECTOR('',#5047,10.);
#1420=VECTOR('',#5052,10.);
#1421=VECTOR('',#5057,10.);
#1422=VECTOR('',#5058,10.);
#1423=VECTOR('',#5059,10.);
#1424=VECTOR('',#5064,10.);
#1425=VECTOR('',#5069,10.);
#1426=VECTOR('',#5070,10.);
#1427=VECTOR('',#5071,10.);
#1428=VECTOR('',#5076,10.);
#1429=VECTOR('',#5081,10.);
#1430=VECTOR('',#5082,10.);
#1431=VECTOR('',#5085,10.);
#1432=VECTOR('',#5090,10.);
#1433=VECTOR('',#5091,10.);
#1434=VECTOR('',#5096,10.);
#1435=VECTOR('',#5101,10.);
#1436=VECTOR('',#5102,10.);
#1437=VECTOR('',#5103,10.);
#1438=VECTOR('',#5112,10.);
#1439=VECTOR('',#5113,10.);
#1440=VECTOR('',#5116,1.);
#1441=VECTOR('',#5119,10.);
#1442=VECTOR('',#5122,10.);
#1443=VECTOR('',#5125,10.);
#1444=VECTOR('',#5128,10.);
#1445=VECTOR('',#5131,10.);
#1446=VECTOR('',#5134,10.);
#1447=VECTOR('',#5137,10.);
#1448=VECTOR('',#5138,10.);
#1449=VECTOR('',#5139,10.);
#1450=VECTOR('',#5140,10.);
#1451=VECTOR('',#5141,10.);
#1452=VECTOR('',#5148,10.);
#1453=VECTOR('',#5151,10.);
#1454=VECTOR('',#5154,10.);
#1455=VECTOR('',#5157,10.);
#1456=VECTOR('',#5176,10.);
#1457=VECTOR('',#5187,10.);
#1458=VECTOR('',#5194,10.);
#1459=VECTOR('',#5203,10.);
#1460=VECTOR('',#5206,0.8);
#1461=VECTOR('',#5209,0.8);
#1462=VECTOR('',#5212,0.8);
#1463=VECTOR('',#5213,10.);
#1464=VECTOR('',#5216,0.8);
#1465=VECTOR('',#5221,10.);
#1466=VECTOR('',#5228,10.);
#1467=VECTOR('',#5229,10.);
#1468=VECTOR('',#5230,10.);
#1469=VECTOR('',#5233,0.799999999999999);
#1470=VECTOR('',#5234,0.8);
#1471=VECTOR('',#5239,0.8);
#1472=VECTOR('',#5242,0.8);
#1473=VECTOR('',#5247,0.8);
#1474=VECTOR('',#5250,10.);
#1475=VECTOR('',#5253,0.8);
#1476=VECTOR('',#5256,10.);
#1477=VECTOR('',#5257,10.);
#1478=VECTOR('',#5260,10.);
#1479=VECTOR('',#5267,10.);
#1480=VECTOR('',#5282,10.);
#1481=VECTOR('',#5287,10.);
#1482=VECTOR('',#5290,10.);
#1483=VECTOR('',#5313,10.);
#1484=VECTOR('',#5326,10.);
#1485=VECTOR('',#5335,10.);
#1486=VECTOR('',#5338,10.);
#1487=VECTOR('',#5351,10.);
#1488=VECTOR('',#5360,10.);
#1489=VECTOR('',#5361,10.);
#1490=VECTOR('',#5364,0.8);
#1491=VECTOR('',#5367,0.799999999999999);
#1492=VECTOR('',#5384,5.);
#1493=VECTOR('',#5387,2.75);
#1494=VECTOR('',#5390,10.);
#1495=VECTOR('',#5391,10.);
#1496=VECTOR('',#5392,10.);
#1497=VECTOR('',#5395,10.);
#1498=VECTOR('',#5396,10.);
#1499=VECTOR('',#5401,10.);
#1500=VECTOR('',#5404,10.);
#1501=VECTOR('',#5409,10.);
#1502=VECTOR('',#5412,10.);
#1503=VECTOR('',#5413,10.);
#1504=VECTOR('',#5418,2.04);
#1505=VECTOR('',#5429,10.);
#1506=VECTOR('',#5432,10.);
#1507=VECTOR('',#5435,10.);
#1508=VECTOR('',#5448,10.);
#1509=VECTOR('',#5449,10.);
#1510=VECTOR('',#5454,10.);
#1511=VECTOR('',#5455,10.);
#1512=VECTOR('',#5460,10.);
#1513=VECTOR('',#5463,10.);
#1514=VECTOR('',#5470,10.);
#1515=VECTOR('',#5475,10.);
#1516=VECTOR('',#5476,10.);
#1517=VECTOR('',#5479,10.);
#1518=VECTOR('',#5480,10.);
#1519=VECTOR('',#5483,10.);
#1520=VECTOR('',#5484,10.);
#1521=VECTOR('',#5485,10.);
#1522=VECTOR('',#5492,10.);
#1523=VECTOR('',#5495,10.);
#1524=VECTOR('',#5498,10.);
#1525=VECTOR('',#5499,10.);
#1526=VECTOR('',#5500,10.);
#1527=VECTOR('',#5505,10.);
#1528=VECTOR('',#5508,10.);
#1529=VECTOR('',#5511,10.);
#1530=VECTOR('',#5512,10.);
#1531=VECTOR('',#5515,10.);
#1532=VECTOR('',#5516,10.);
#1533=VECTOR('',#5519,10.);
#1534=VECTOR('',#5520,10.);
#1535=VECTOR('',#5529,10.);
#1536=VECTOR('',#5538,10.);
#1537=VECTOR('',#5549,10.);
#1538=VECTOR('',#5552,10.);
#1539=VECTOR('',#5553,10.);
#1540=VECTOR('',#5554,10.);
#1541=VECTOR('',#5557,10.);
#1542=VECTOR('',#5560,10.);
#1543=VECTOR('',#5563,10.);
#1544=VECTOR('',#5568,10.);
#1545=VECTOR('',#5569,10.);
#1546=VECTOR('',#5572,10.);
#1547=VECTOR('',#5575,10.);
#1548=VECTOR('',#5578,10.);
#1549=VECTOR('',#5581,10.);
#1550=VECTOR('',#5584,10.);
#1551=VECTOR('',#5587,10.);
#1552=VECTOR('',#5592,10.);
#1553=VECTOR('',#5599,10.);
#1554=VECTOR('',#5616,10.);
#1555=VECTOR('',#5619,10.);
#1556=VECTOR('',#5622,10.);
#1557=VECTOR('',#5627,10.);
#1558=VECTOR('',#5630,3.5);
#1559=VECTOR('',#5635,10.);
#1560=VECTOR('',#5638,10.);
#1561=VECTOR('',#5639,10.);
#1562=VECTOR('',#5642,10.);
#1563=VECTOR('',#5643,10.);
#1564=VECTOR('',#5652,2.04);
#1565=VECTOR('',#5665,2.04);
#1566=VECTOR('',#5670,2.04);
#1567=VECTOR('',#5683,10.);
#1568=VECTOR('',#5686,10.);
#1569=VECTOR('',#5691,10.);
#1570=VECTOR('',#5696,10.);
#1571=VECTOR('',#5703,10.);
#1572=VECTOR('',#5708,10.);
#1573=VECTOR('',#5709,10.);
#1574=VECTOR('',#5714,10.);
#1575=VECTOR('',#5721,10.);
#1576=VECTOR('',#5730,3.5);
#1577=VECTOR('',#5735,3.5);
#1578=VERTEX_POINT('',#5746);
#1579=VERTEX_POINT('',#5747);
#1580=VERTEX_POINT('',#5749);
#1581=VERTEX_POINT('',#5751);
#1582=VERTEX_POINT('',#5755);
#1583=VERTEX_POINT('',#5757);
#1584=VERTEX_POINT('',#5761);
#1585=VERTEX_POINT('',#5762);
#1586=VERTEX_POINT('',#5767);
#1587=VERTEX_POINT('',#5768);
#1588=VERTEX_POINT('',#5771);
#1589=VERTEX_POINT('',#5775);
#1590=VERTEX_POINT('',#5776);
#1591=VERTEX_POINT('',#5779);
#1592=VERTEX_POINT('',#5783);
#1593=VERTEX_POINT('',#5785);
#1594=VERTEX_POINT('',#5789);
#1595=VERTEX_POINT('',#5791);
#1596=VERTEX_POINT('',#5793);
#1597=VERTEX_POINT('',#5795);
#1598=VERTEX_POINT('',#5797);
#1599=VERTEX_POINT('',#5799);
#1600=VERTEX_POINT('',#5801);
#1601=VERTEX_POINT('',#5803);
#1602=VERTEX_POINT('',#5805);
#1603=VERTEX_POINT('',#5807);
#1604=VERTEX_POINT('',#5809);
#1605=VERTEX_POINT('',#5811);
#1606=VERTEX_POINT('',#5815);
#1607=VERTEX_POINT('',#5817);
#1608=VERTEX_POINT('',#5825);
#1609=VERTEX_POINT('',#5826);
#1610=VERTEX_POINT('',#5828);
#1611=VERTEX_POINT('',#5830);
#1612=VERTEX_POINT('',#5834);
#1613=VERTEX_POINT('',#5836);
#1614=VERTEX_POINT('',#5840);
#1615=VERTEX_POINT('',#5841);
#1616=VERTEX_POINT('',#5847);
#1617=VERTEX_POINT('',#5851);
#1618=VERTEX_POINT('',#5855);
#1619=VERTEX_POINT('',#5859);
#1620=VERTEX_POINT('',#5863);
#1621=VERTEX_POINT('',#5867);
#1622=VERTEX_POINT('',#5869);
#1623=VERTEX_POINT('',#5871);
#1624=VERTEX_POINT('',#5875);
#1625=VERTEX_POINT('',#5876);
#1626=VERTEX_POINT('',#5878);
#1627=VERTEX_POINT('',#5880);
#1628=VERTEX_POINT('',#5884);
#1629=VERTEX_POINT('',#5886);
#1630=VERTEX_POINT('',#5890);
#1631=VERTEX_POINT('',#5891);
#1632=VERTEX_POINT('',#5896);
#1633=VERTEX_POINT('',#5897);
#1634=VERTEX_POINT('',#5899);
#1635=VERTEX_POINT('',#5903);
#1636=VERTEX_POINT('',#5905);
#1637=VERTEX_POINT('',#5909);
#1638=VERTEX_POINT('',#5916);
#1639=VERTEX_POINT('',#5918);
#1640=VERTEX_POINT('',#5922);
#1641=VERTEX_POINT('',#5926);
#1642=VERTEX_POINT('',#5930);
#1643=VERTEX_POINT('',#5934);
#1644=VERTEX_POINT('',#5938);
#1645=VERTEX_POINT('',#5940);
#1646=VERTEX_POINT('',#5942);
#1647=VERTEX_POINT('',#5946);
#1648=VERTEX_POINT('',#5947);
#1649=VERTEX_POINT('',#5949);
#1650=VERTEX_POINT('',#5951);
#1651=VERTEX_POINT('',#5955);
#1652=VERTEX_POINT('',#5956);
#1653=VERTEX_POINT('',#5961);
#1654=VERTEX_POINT('',#5963);
#1655=VERTEX_POINT('',#5967);
#1656=VERTEX_POINT('',#5968);
#1657=VERTEX_POINT('',#5973);
#1658=VERTEX_POINT('',#5975);
#1659=VERTEX_POINT('',#5979);
#1660=VERTEX_POINT('',#5980);
#1661=VERTEX_POINT('',#5985);
#1662=VERTEX_POINT('',#5987);
#1663=VERTEX_POINT('',#5991);
#1664=VERTEX_POINT('',#5992);
#1665=VERTEX_POINT('',#5997);
#1666=VERTEX_POINT('',#5998);
#1667=VERTEX_POINT('',#6003);
#1668=VERTEX_POINT('',#6005);
#1669=VERTEX_POINT('',#6009);
#1670=VERTEX_POINT('',#6010);
#1671=VERTEX_POINT('',#6015);
#1672=VERTEX_POINT('',#6017);
#1673=VERTEX_POINT('',#6021);
#1674=VERTEX_POINT('',#6022);
#1675=VERTEX_POINT('',#6027);
#1676=VERTEX_POINT('',#6029);
#1677=VERTEX_POINT('',#6033);
#1678=VERTEX_POINT('',#6034);
#1679=VERTEX_POINT('',#6039);
#1680=VERTEX_POINT('',#6041);
#1681=VERTEX_POINT('',#6045);
#1682=VERTEX_POINT('',#6046);
#1683=VERTEX_POINT('',#6051);
#1684=VERTEX_POINT('',#6052);
#1685=VERTEX_POINT('',#6057);
#1686=VERTEX_POINT('',#6060);
#1687=VERTEX_POINT('',#6062);
#1688=VERTEX_POINT('',#6064);
#1689=VERTEX_POINT('',#6068);
#1690=VERTEX_POINT('',#6070);
#1691=VERTEX_POINT('',#6074);
#1692=VERTEX_POINT('',#6076);
#1693=VERTEX_POINT('',#6078);
#1694=VERTEX_POINT('',#6080);
#1695=VERTEX_POINT('',#6082);
#1696=VERTEX_POINT('',#6085);
#1697=VERTEX_POINT('',#6086);
#1698=VERTEX_POINT('',#6088);
#1699=VERTEX_POINT('',#6090);
#1700=VERTEX_POINT('',#6092);
#1701=VERTEX_POINT('',#6094);
#1702=VERTEX_POINT('',#6096);
#1703=VERTEX_POINT('',#6098);
#1704=VERTEX_POINT('',#6101);
#1705=VERTEX_POINT('',#6104);
#1706=VERTEX_POINT('',#6105);
#1707=VERTEX_POINT('',#6107);
#1708=VERTEX_POINT('',#6109);
#1709=VERTEX_POINT('',#6113);
#1710=VERTEX_POINT('',#6115);
#1711=VERTEX_POINT('',#6119);
#1712=VERTEX_POINT('',#6120);
#1713=VERTEX_POINT('',#6123);
#1714=VERTEX_POINT('',#6129);
#1715=VERTEX_POINT('',#6131);
#1716=VERTEX_POINT('',#6133);
#1717=VERTEX_POINT('',#6137);
#1718=VERTEX_POINT('',#6138);
#1719=VERTEX_POINT('',#6140);
#1720=VERTEX_POINT('',#6142);
#1721=VERTEX_POINT('',#6146);
#1722=VERTEX_POINT('',#6148);
#1723=VERTEX_POINT('',#6152);
#1724=VERTEX_POINT('',#6162);
#1725=VERTEX_POINT('',#6178);
#1726=VERTEX_POINT('',#6180);
#1727=VERTEX_POINT('',#6184);
#1728=VERTEX_POINT('',#6188);
#1729=VERTEX_POINT('',#6190);
#1730=VERTEX_POINT('',#6192);
#1731=VERTEX_POINT('',#6196);
#1732=VERTEX_POINT('',#6198);
#1733=VERTEX_POINT('',#6202);
#1734=VERTEX_POINT('',#6206);
#1735=VERTEX_POINT('',#6210);
#1736=VERTEX_POINT('',#6214);
#1737=VERTEX_POINT('',#6218);
#1738=VERTEX_POINT('',#6220);
#1739=VERTEX_POINT('',#6224);
#1740=VERTEX_POINT('',#6225);
#1741=VERTEX_POINT('',#6230);
#1742=VERTEX_POINT('',#6232);
#1743=VERTEX_POINT('',#6236);
#1744=VERTEX_POINT('',#6237);
#1745=VERTEX_POINT('',#6242);
#1746=VERTEX_POINT('',#6244);
#1747=VERTEX_POINT('',#6248);
#1748=VERTEX_POINT('',#6249);
#1749=VERTEX_POINT('',#6254);
#1750=VERTEX_POINT('',#6256);
#1751=VERTEX_POINT('',#6260);
#1752=VERTEX_POINT('',#6261);
#1753=VERTEX_POINT('',#6266);
#1754=VERTEX_POINT('',#6268);
#1755=VERTEX_POINT('',#6272);
#1756=VERTEX_POINT('',#6274);
#1757=VERTEX_POINT('',#6278);
#1758=VERTEX_POINT('',#6279);
#1759=VERTEX_POINT('',#6284);
#1760=VERTEX_POINT('',#6286);
#1761=VERTEX_POINT('',#6290);
#1762=VERTEX_POINT('',#6291);
#1763=VERTEX_POINT('',#6296);
#1764=VERTEX_POINT('',#6298);
#1765=VERTEX_POINT('',#6302);
#1766=VERTEX_POINT('',#6303);
#1767=VERTEX_POINT('',#6308);
#1768=VERTEX_POINT('',#6310);
#1769=VERTEX_POINT('',#6314);
#1770=VERTEX_POINT('',#6315);
#1771=VERTEX_POINT('',#6321);
#1772=VERTEX_POINT('',#6325);
#1773=VERTEX_POINT('',#6329);
#1774=VERTEX_POINT('',#6333);
#1775=VERTEX_POINT('',#6337);
#1776=VERTEX_POINT('',#6339);
#1777=VERTEX_POINT('',#6343);
#1778=VERTEX_POINT('',#6345);
#1779=VERTEX_POINT('',#6369);
#1780=VERTEX_POINT('',#6371);
#1781=VERTEX_POINT('',#6373);
#1782=VERTEX_POINT('',#6375);
#1783=VERTEX_POINT('',#6381);
#1784=VERTEX_POINT('',#6382);
#1785=VERTEX_POINT('',#6384);
#1786=VERTEX_POINT('',#6386);
#1787=VERTEX_POINT('',#6388);
#1788=VERTEX_POINT('',#6390);
#1789=VERTEX_POINT('',#6392);
#1790=VERTEX_POINT('',#6394);
#1791=VERTEX_POINT('',#6397);
#1792=VERTEX_POINT('',#6431);
#1793=VERTEX_POINT('',#6432);
#1794=VERTEX_POINT('',#6482);
#1795=VERTEX_POINT('',#6483);
#1796=VERTEX_POINT('',#6533);
#1797=VERTEX_POINT('',#6534);
#1798=VERTEX_POINT('',#6584);
#1799=VERTEX_POINT('',#6585);
#1800=VERTEX_POINT('',#6608);
#1801=VERTEX_POINT('',#6612);
#1802=VERTEX_POINT('',#6620);
#1803=VERTEX_POINT('',#6626);
#1804=VERTEX_POINT('',#6628);
#1805=VERTEX_POINT('',#6632);
#1806=VERTEX_POINT('',#6636);
#1807=VERTEX_POINT('',#6640);
#1808=VERTEX_POINT('',#6642);
#1809=VERTEX_POINT('',#6646);
#1810=VERTEX_POINT('',#6648);
#1811=VERTEX_POINT('',#6652);
#1812=VERTEX_POINT('',#6654);
#1813=VERTEX_POINT('',#6669);
#1814=VERTEX_POINT('',#6673);
#1815=VERTEX_POINT('',#6684);
#1816=VERTEX_POINT('',#6688);
#1817=VERTEX_POINT('',#6699);
#1818=VERTEX_POINT('',#6701);
#1819=VERTEX_POINT('',#6703);
#1820=VERTEX_POINT('',#6720);
#1821=VERTEX_POINT('',#6722);
#1822=VERTEX_POINT('',#6724);
#1823=VERTEX_POINT('',#6728);
#1824=VERTEX_POINT('',#6741);
#1825=VERTEX_POINT('',#6745);
#1826=VERTEX_POINT('',#6746);
#1827=VERTEX_POINT('',#6755);
#1828=VERTEX_POINT('',#6761);
#1829=VERTEX_POINT('',#6765);
#1830=VERTEX_POINT('',#6767);
#1831=VERTEX_POINT('',#6777);
#1832=VERTEX_POINT('',#6793);
#1833=VERTEX_POINT('',#6797);
#1834=VERTEX_POINT('',#6842);
#1835=VERTEX_POINT('',#6846);
#1836=VERTEX_POINT('',#6848);
#1837=VERTEX_POINT('',#6850);
#1838=VERTEX_POINT('',#6881);
#1839=VERTEX_POINT('',#6885);
#1840=VERTEX_POINT('',#6891);
#1841=VERTEX_POINT('',#6893);
#1842=VERTEX_POINT('',#6907);
#1843=VERTEX_POINT('',#6918);
#1844=VERTEX_POINT('',#6920);
#1845=VERTEX_POINT('',#6933);
#1846=VERTEX_POINT('',#6935);
#1847=VERTEX_POINT('',#6938);
#1848=VERTEX_POINT('',#6944);
#1849=VERTEX_POINT('',#6946);
#1850=VERTEX_POINT('',#6958);
#1851=VERTEX_POINT('',#6959);
#1852=VERTEX_POINT('',#6964);
#1853=VERTEX_POINT('',#6966);
#1854=VERTEX_POINT('',#6968);
#1855=VERTEX_POINT('',#6970);
#1856=VERTEX_POINT('',#6972);
#1857=VERTEX_POINT('',#6992);
#1858=VERTEX_POINT('',#7014);
#1859=VERTEX_POINT('',#7016);
#1860=VERTEX_POINT('',#7019);
#1861=VERTEX_POINT('',#7025);
#1862=VERTEX_POINT('',#7027);
#1863=VERTEX_POINT('',#7029);
#1864=VERTEX_POINT('',#7031);
#1865=VERTEX_POINT('',#7033);
#1866=VERTEX_POINT('',#7035);
#1867=VERTEX_POINT('',#7039);
#1868=VERTEX_POINT('',#7040);
#1869=VERTEX_POINT('',#7042);
#1870=VERTEX_POINT('',#7044);
#1871=VERTEX_POINT('',#7048);
#1872=VERTEX_POINT('',#7050);
#1873=VERTEX_POINT('',#7054);
#1874=VERTEX_POINT('',#7056);
#1875=VERTEX_POINT('',#7060);
#1876=VERTEX_POINT('',#7062);
#1877=VERTEX_POINT('',#7074);
#1878=VERTEX_POINT('',#7078);
#1879=VERTEX_POINT('',#7081);
#1880=VERTEX_POINT('',#7084);
#1881=VERTEX_POINT('',#7090);
#1882=VERTEX_POINT('',#7094);
#1883=VERTEX_POINT('',#7096);
#1884=VERTEX_POINT('',#7098);
#1885=VERTEX_POINT('',#7102);
#1886=VERTEX_POINT('',#7103);
#1887=VERTEX_POINT('',#7105);
#1888=VERTEX_POINT('',#7107);
#1889=VERTEX_POINT('',#7111);
#1890=VERTEX_POINT('',#7113);
#1891=VERTEX_POINT('',#7117);
#1892=VERTEX_POINT('',#7118);
#1893=VERTEX_POINT('',#7120);
#1894=VERTEX_POINT('',#7122);
#1895=VERTEX_POINT('',#7127);
#1896=VERTEX_POINT('',#7130);
#1897=VERTEX_POINT('',#7135);
#1898=VERTEX_POINT('',#7141);
#1899=VERTEX_POINT('',#7147);
#1900=VERTEX_POINT('',#7153);
#1901=VERTEX_POINT('',#7163);
#1902=VERTEX_POINT('',#7258);
#1903=VERTEX_POINT('',#7259);
#1904=VERTEX_POINT('',#7267);
#1905=VERTEX_POINT('',#7292);
#1906=VERTEX_POINT('',#7313);
#1907=VERTEX_POINT('',#7330);
#1908=VERTEX_POINT('',#7376);
#1909=VERTEX_POINT('',#7378);
#1910=VERTEX_POINT('',#7387);
#1911=VERTEX_POINT('',#7393);
#1912=VERTEX_POINT('',#7395);
#1913=VERTEX_POINT('',#7402);
#1914=VERTEX_POINT('',#7416);
#1915=VERTEX_POINT('',#7419);
#1916=VERTEX_POINT('',#7488);
#1917=VERTEX_POINT('',#7525);
#1918=VERTEX_POINT('',#7529);
#1919=VERTEX_POINT('',#7539);
#1920=VERTEX_POINT('',#7547);
#1921=VERTEX_POINT('',#7551);
#1922=VERTEX_POINT('',#7561);
#1923=VERTEX_POINT('',#7567);
#1924=VERTEX_POINT('',#7571);
#1925=VERTEX_POINT('',#7574);
#1926=VERTEX_POINT('',#7576);
#1927=VERTEX_POINT('',#7578);
#1928=VERTEX_POINT('',#7580);
#1929=VERTEX_POINT('',#7585);
#1930=VERTEX_POINT('',#7598);
#1931=VERTEX_POINT('',#7602);
#1932=EDGE_CURVE('',#1578,#1579,#902,.T.);
#1933=EDGE_CURVE('',#1579,#1580,#903,.T.);
#1934=EDGE_CURVE('',#1580,#1581,#904,.T.);
#1935=EDGE_CURVE('',#1581,#1578,#905,.T.);
#1936=EDGE_CURVE('',#1580,#1582,#193,.T.);
#1937=EDGE_CURVE('',#1582,#1583,#906,.T.);
#1938=EDGE_CURVE('',#1583,#1581,#194,.T.);
#1939=EDGE_CURVE('',#1584,#1585,#907,.T.);
#1940=EDGE_CURVE('',#1585,#1579,#195,.T.);
#1941=EDGE_CURVE('',#1578,#1584,#196,.T.);
#1942=EDGE_CURVE('',#1586,#1587,#908,.T.);
#1943=EDGE_CURVE('',#1587,#1583,#909,.T.);
#1944=EDGE_CURVE('',#1582,#1588,#910,.T.);
#1945=EDGE_CURVE('',#1588,#1586,#161,.T.);
#1946=EDGE_CURVE('',#1589,#1590,#162,.T.);
#1947=EDGE_CURVE('',#1590,#1585,#911,.T.);
#1948=EDGE_CURVE('',#1584,#1591,#912,.T.);
#1949=EDGE_CURVE('',#1591,#1589,#163,.T.);
#1950=EDGE_CURVE('',#1585,#1592,#913,.T.);
#1951=EDGE_CURVE('',#1592,#1593,#197,.T.);
#1952=EDGE_CURVE('',#1593,#1579,#914,.T.);
#1953=EDGE_CURVE('',#1594,#1590,#915,.T.);
#1954=EDGE_CURVE('',#1595,#1594,#916,.T.);
#1955=EDGE_CURVE('',#1596,#1595,#917,.T.);
#1956=EDGE_CURVE('',#1597,#1596,#918,.T.);
#1957=EDGE_CURVE('',#1598,#1597,#919,.T.);
#1958=EDGE_CURVE('',#1599,#1598,#920,.T.);
#1959=EDGE_CURVE('',#1600,#1599,#198,.T.);
#1960=EDGE_CURVE('',#1601,#1600,#921,.T.);
#1961=EDGE_CURVE('',#1602,#1601,#199,.T.);
#1962=EDGE_CURVE('',#1603,#1602,#922,.T.);
#1963=EDGE_CURVE('',#1604,#1603,#200,.T.);
#1964=EDGE_CURVE('',#1605,#1604,#923,.T.);
#1965=EDGE_CURVE('',#1592,#1605,#201,.T.);
#1966=EDGE_CURVE('',#1606,#1589,#164,.T.);
#1967=EDGE_CURVE('',#1606,#1607,#924,.T.);
#1968=EDGE_CURVE('',#1594,#1607,#165,.T.);
#1969=EDGE_CURVE('',#1591,#1606,#925,.T.);
#1970=EDGE_CURVE('',#1587,#1591,#926,.T.);
#1971=EDGE_CURVE('',#1608,#1609,#166,.F.);
#1972=EDGE_CURVE('',#1609,#1610,#927,.T.);
#1973=EDGE_CURVE('',#1610,#1611,#928,.T.);
#1974=EDGE_CURVE('',#1611,#1608,#929,.T.);
#1975=EDGE_CURVE('',#1610,#1612,#202,.T.);
#1976=EDGE_CURVE('',#1612,#1613,#930,.T.);
#1977=EDGE_CURVE('',#1613,#1611,#203,.T.);
#1978=EDGE_CURVE('',#1614,#1615,#931,.T.);
#1979=EDGE_CURVE('',#1615,#1613,#932,.T.);
#1980=EDGE_CURVE('',#1612,#1614,#933,.T.);
#1981=EDGE_CURVE('',#1614,#1596,#204,.T.);
#1982=EDGE_CURVE('',#1596,#1616,#934,.T.);
#1983=EDGE_CURVE('',#1616,#1615,#205,.T.);
#1984=EDGE_CURVE('',#1595,#1617,#167,.F.);
#1985=EDGE_CURVE('',#1617,#1616,#935,.T.);
#1986=EDGE_CURVE('',#1618,#1614,#936,.T.);
#1987=EDGE_CURVE('',#1597,#1618,#206,.T.);
#1988=EDGE_CURVE('',#1619,#1612,#937,.T.);
#1989=EDGE_CURVE('',#1618,#1619,#938,.T.);
#1990=EDGE_CURVE('',#1610,#1620,#939,.T.);
#1991=EDGE_CURVE('',#1619,#1620,#207,.T.);
#1992=EDGE_CURVE('',#1621,#1609,#940,.T.);
#1993=EDGE_CURVE('',#1621,#1622,#941,.T.);
#1994=EDGE_CURVE('',#1623,#1622,#942,.T.);
#1995=EDGE_CURVE('',#1620,#1623,#943,.T.);
#1996=EDGE_CURVE('',#1624,#1625,#944,.T.);
#1997=EDGE_CURVE('',#1625,#1626,#945,.T.);
#1998=EDGE_CURVE('',#1626,#1627,#946,.T.);
#1999=EDGE_CURVE('',#1627,#1624,#947,.T.);
#2000=EDGE_CURVE('',#1624,#1628,#208,.T.);
#2001=EDGE_CURVE('',#1628,#1629,#948,.T.);
#2002=EDGE_CURVE('',#1629,#1625,#209,.T.);
#2003=EDGE_CURVE('',#1630,#1631,#168,.F.);
#2004=EDGE_CURVE('',#1631,#1629,#949,.T.);
#2005=EDGE_CURVE('',#1628,#1630,#950,.T.);
#2006=EDGE_CURVE('',#1632,#1633,#169,.T.);
#2007=EDGE_CURVE('',#1632,#1634,#951,.T.);
#2008=EDGE_CURVE('',#1634,#1633,#952,.T.);
#2009=EDGE_CURVE('',#1634,#1635,#210,.T.);
#2010=EDGE_CURVE('',#1635,#1636,#953,.T.);
#2011=EDGE_CURVE('',#1636,#1633,#211,.T.);
#2012=EDGE_CURVE('',#1637,#1626,#954,.T.);
#2013=EDGE_CURVE('',#1626,#1636,#955,.T.);
#2014=EDGE_CURVE('',#1635,#1637,#956,.T.);
#2015=EDGE_CURVE('',#1637,#1627,#212,.T.);
#2016=EDGE_CURVE('',#1624,#1638,#957,.T.);
#2017=EDGE_CURVE('',#1639,#1638,#213,.T.);
#2018=EDGE_CURVE('',#1639,#1628,#958,.T.);
#2019=EDGE_CURVE('',#1640,#1627,#959,.T.);
#2020=EDGE_CURVE('',#1638,#1640,#960,.T.);
#2021=EDGE_CURVE('',#1637,#1641,#961,.T.);
#2022=EDGE_CURVE('',#1641,#1640,#214,.F.);
#2023=EDGE_CURVE('',#1642,#1635,#962,.T.);
#2024=EDGE_CURVE('',#1641,#1642,#963,.T.);
#2025=EDGE_CURVE('',#1634,#1643,#964,.T.);
#2026=EDGE_CURVE('',#1642,#1643,#215,.T.);
#2027=EDGE_CURVE('',#1632,#1644,#965,.T.);
#2028=EDGE_CURVE('',#1644,#1645,#966,.T.);
#2029=EDGE_CURVE('',#1646,#1645,#967,.T.);
#2030=EDGE_CURVE('',#1643,#1646,#968,.T.);
#2031=EDGE_CURVE('',#1647,#1648,#170,.F.);
#2032=EDGE_CURVE('',#1648,#1649,#969,.T.);
#2033=EDGE_CURVE('',#1649,#1650,#970,.T.);
#2034=EDGE_CURVE('',#1650,#1647,#971,.T.);
#2035=EDGE_CURVE('',#1651,#1652,#972,.T.);
#2036=EDGE_CURVE('',#1652,#1650,#216,.T.);
#2037=EDGE_CURVE('',#1649,#1651,#217,.T.);
#2038=EDGE_CURVE('',#1651,#1653,#973,.T.);
#2039=EDGE_CURVE('',#1653,#1654,#974,.T.);
#2040=EDGE_CURVE('',#1654,#1652,#975,.T.);
#2041=EDGE_CURVE('',#1655,#1656,#976,.T.);
#2042=EDGE_CURVE('',#1656,#1654,#218,.T.);
#2043=EDGE_CURVE('',#1653,#1655,#219,.T.);
#2044=EDGE_CURVE('',#1655,#1657,#977,.T.);
#2045=EDGE_CURVE('',#1657,#1658,#978,.T.);
#2046=EDGE_CURVE('',#1658,#1656,#979,.T.);
#2047=EDGE_CURVE('',#1659,#1660,#980,.T.);
#2048=EDGE_CURVE('',#1660,#1658,#220,.T.);
#2049=EDGE_CURVE('',#1657,#1659,#221,.T.);
#2050=EDGE_CURVE('',#1659,#1661,#981,.T.);
#2051=EDGE_CURVE('',#1661,#1662,#982,.T.);
#2052=EDGE_CURVE('',#1662,#1660,#983,.T.);
#2053=EDGE_CURVE('',#1663,#1664,#984,.T.);
#2054=EDGE_CURVE('',#1664,#1662,#222,.T.);
#2055=EDGE_CURVE('',#1661,#1663,#223,.T.);
#2056=EDGE_CURVE('',#1665,#1666,#985,.T.);
#2057=EDGE_CURVE('',#1666,#1664,#224,.T.);
#2058=EDGE_CURVE('',#1663,#1665,#225,.T.);
#2059=EDGE_CURVE('',#1665,#1667,#986,.T.);
#2060=EDGE_CURVE('',#1667,#1668,#987,.T.);
#2061=EDGE_CURVE('',#1668,#1666,#988,.T.);
#2062=EDGE_CURVE('',#1669,#1670,#989,.T.);
#2063=EDGE_CURVE('',#1670,#1668,#226,.T.);
#2064=EDGE_CURVE('',#1667,#1669,#227,.T.);
#2065=EDGE_CURVE('',#1669,#1671,#990,.T.);
#2066=EDGE_CURVE('',#1671,#1672,#991,.T.);
#2067=EDGE_CURVE('',#1672,#1670,#992,.T.);
#2068=EDGE_CURVE('',#1673,#1674,#993,.T.);
#2069=EDGE_CURVE('',#1674,#1672,#228,.T.);
#2070=EDGE_CURVE('',#1671,#1673,#229,.T.);
#2071=EDGE_CURVE('',#1673,#1675,#994,.T.);
#2072=EDGE_CURVE('',#1675,#1676,#995,.T.);
#2073=EDGE_CURVE('',#1676,#1674,#996,.T.);
#2074=EDGE_CURVE('',#1677,#1678,#997,.T.);
#2075=EDGE_CURVE('',#1678,#1676,#230,.T.);
#2076=EDGE_CURVE('',#1675,#1677,#231,.T.);
#2077=EDGE_CURVE('',#1677,#1679,#998,.T.);
#2078=EDGE_CURVE('',#1679,#1680,#999,.T.);
#2079=EDGE_CURVE('',#1680,#1678,#1000,.T.);
#2080=EDGE_CURVE('',#1681,#1682,#1001,.T.);
#2081=EDGE_CURVE('',#1682,#1680,#232,.T.);
#2082=EDGE_CURVE('',#1679,#1681,#233,.T.);
#2083=EDGE_CURVE('',#1683,#1684,#171,.F.);
#2084=EDGE_CURVE('',#1684,#1682,#1002,.T.);
#2085=EDGE_CURVE('',#1681,#1683,#1003,.T.);
#2086=EDGE_CURVE('',#1685,#1648,#234,.F.);
#2087=EDGE_CURVE('',#1685,#1639,#1004,.T.);
#2088=EDGE_CURVE('',#1646,#1686,#235,.T.);
#2089=EDGE_CURVE('',#1686,#1687,#1005,.T.);
#2090=EDGE_CURVE('',#1687,#1688,#80,.T.);
#2091=EDGE_CURVE('',#1688,#1689,#1006,.T.);
#2092=EDGE_CURVE('',#1689,#1690,#81,.T.);
#2093=EDGE_CURVE('',#1690,#1691,#1007,.T.);
#2094=EDGE_CURVE('',#1691,#1692,#1008,.T.);
#2095=EDGE_CURVE('',#1692,#1693,#236,.T.);
#2096=EDGE_CURVE('',#1693,#1694,#1009,.T.);
#2097=EDGE_CURVE('',#1695,#1694,#237,.F.);
#2098=EDGE_CURVE('',#1695,#1683,#1010,.T.);
#2099=EDGE_CURVE('',#1696,#1697,#1011,.T.);
#2100=EDGE_CURVE('',#1698,#1697,#238,.T.);
#2101=EDGE_CURVE('',#1698,#1699,#1012,.T.);
#2102=EDGE_CURVE('',#1700,#1699,#239,.T.);
#2103=EDGE_CURVE('',#1700,#1701,#1013,.T.);
#2104=EDGE_CURVE('',#1702,#1701,#240,.T.);
#2105=EDGE_CURVE('',#1702,#1703,#1014,.T.);
#2106=EDGE_CURVE('',#1696,#1703,#241,.T.);
#2107=EDGE_CURVE('',#1704,#1704,#242,.T.);
#2108=EDGE_CURVE('',#1705,#1706,#1015,.T.);
#2109=EDGE_CURVE('',#1706,#1707,#1016,.T.);
#2110=EDGE_CURVE('',#1707,#1708,#1017,.T.);
#2111=EDGE_CURVE('',#1708,#1705,#1018,.T.);
#2112=EDGE_CURVE('',#1705,#1709,#243,.T.);
#2113=EDGE_CURVE('',#1709,#1710,#1019,.T.);
#2114=EDGE_CURVE('',#1710,#1706,#244,.T.);
#2115=EDGE_CURVE('',#1711,#1712,#1020,.T.);
#2116=EDGE_CURVE('',#1711,#1710,#1021,.T.);
#2117=EDGE_CURVE('',#1709,#1713,#1022,.T.);
#2118=EDGE_CURVE('',#1713,#1712,#82,.F.);
#2119=EDGE_CURVE('',#1714,#1707,#1023,.T.);
#2120=EDGE_CURVE('',#1707,#1715,#1024,.T.);
#2121=EDGE_CURVE('',#1715,#1716,#1025,.T.);
#2122=EDGE_CURVE('',#1716,#1714,#1026,.T.);
#2123=EDGE_CURVE('',#1717,#1718,#172,.T.);
#2124=EDGE_CURVE('',#1717,#1719,#1027,.T.);
#2125=EDGE_CURVE('',#1719,#1720,#1028,.T.);
#2126=EDGE_CURVE('',#1720,#1718,#1029,.T.);
#2127=EDGE_CURVE('',#1719,#1721,#245,.T.);
#2128=EDGE_CURVE('',#1721,#1722,#1030,.T.);
#2129=EDGE_CURVE('',#1722,#1720,#246,.T.);
#2130=EDGE_CURVE('',#1723,#1715,#1031,.T.);
#2131=EDGE_CURVE('',#1715,#1722,#1032,.T.);
#2132=EDGE_CURVE('',#1721,#1723,#1033,.T.);
#2133=EDGE_CURVE('',#1723,#1716,#247,.T.);
#2134=EDGE_CURVE('',#1714,#1708,#248,.T.);
#2135=EDGE_CURVE('',#1692,#1709,#1034,.T.);
#2136=EDGE_CURVE('',#1691,#1724,#1035,.T.);
#2137=EDGE_CURVE('',#1724,#1713,#83,.T.);
#2138=EDGE_CURVE('',#1705,#1693,#1036,.T.);
#2139=EDGE_CURVE('',#1694,#1708,#1037,.T.);
#2140=EDGE_CURVE('',#1714,#1695,#1038,.T.);
#2141=EDGE_CURVE('',#1683,#1716,#1039,.T.);
#2142=EDGE_CURVE('',#1723,#1684,#1040,.T.);
#2143=EDGE_CURVE('',#1725,#1721,#1041,.T.);
#2144=EDGE_CURVE('',#1726,#1725,#1042,.T.);
#2145=EDGE_CURVE('',#1682,#1726,#1043,.T.);
#2146=EDGE_CURVE('',#1719,#1727,#1044,.T.);
#2147=EDGE_CURVE('',#1725,#1727,#249,.T.);
#2148=EDGE_CURVE('',#1728,#1717,#173,.T.);
#2149=EDGE_CURVE('',#1728,#1729,#1045,.T.);
#2150=EDGE_CURVE('',#1730,#1729,#1046,.T.);
#2151=EDGE_CURVE('',#1727,#1730,#1047,.T.);
#2152=EDGE_CURVE('',#1597,#1731,#1048,.T.);
#2153=EDGE_CURVE('',#1731,#1732,#1049,.T.);
#2154=EDGE_CURVE('',#1732,#1598,#1050,.T.);
#2155=EDGE_CURVE('',#1618,#1733,#1051,.T.);
#2156=EDGE_CURVE('',#1733,#1731,#250,.T.);
#2157=EDGE_CURVE('',#1619,#1734,#1052,.T.);
#2158=EDGE_CURVE('',#1734,#1733,#1053,.T.);
#2159=EDGE_CURVE('',#1620,#1735,#1054,.T.);
#2160=EDGE_CURVE('',#1735,#1734,#251,.T.);
#2161=EDGE_CURVE('',#1623,#1736,#1055,.T.);
#2162=EDGE_CURVE('',#1736,#1735,#1056,.T.);
#2163=EDGE_CURVE('',#1623,#1737,#252,.T.);
#2164=EDGE_CURVE('',#1737,#1738,#1057,.T.);
#2165=EDGE_CURVE('',#1738,#1736,#253,.T.);
#2166=EDGE_CURVE('',#1739,#1740,#1058,.T.);
#2167=EDGE_CURVE('',#1740,#1738,#1059,.T.);
#2168=EDGE_CURVE('',#1737,#1739,#1060,.T.);
#2169=EDGE_CURVE('',#1739,#1741,#254,.T.);
#2170=EDGE_CURVE('',#1741,#1742,#1061,.T.);
#2171=EDGE_CURVE('',#1742,#1740,#255,.T.);
#2172=EDGE_CURVE('',#1743,#1744,#1062,.T.);
#2173=EDGE_CURVE('',#1744,#1742,#1063,.T.);
#2174=EDGE_CURVE('',#1741,#1743,#1064,.T.);
#2175=EDGE_CURVE('',#1743,#1745,#256,.T.);
#2176=EDGE_CURVE('',#1745,#1746,#1065,.T.);
#2177=EDGE_CURVE('',#1746,#1744,#257,.T.);
#2178=EDGE_CURVE('',#1747,#1748,#1066,.T.);
#2179=EDGE_CURVE('',#1748,#1746,#1067,.T.);
#2180=EDGE_CURVE('',#1745,#1747,#1068,.T.);
#2181=EDGE_CURVE('',#1747,#1749,#258,.T.);
#2182=EDGE_CURVE('',#1749,#1750,#1069,.T.);
#2183=EDGE_CURVE('',#1750,#1748,#259,.T.);
#2184=EDGE_CURVE('',#1751,#1752,#1070,.T.);
#2185=EDGE_CURVE('',#1752,#1750,#1071,.T.);
#2186=EDGE_CURVE('',#1749,#1751,#1072,.T.);
#2187=EDGE_CURVE('',#1751,#1753,#260,.T.);
#2188=EDGE_CURVE('',#1753,#1754,#1073,.T.);
#2189=EDGE_CURVE('',#1754,#1752,#261,.T.);
#2190=EDGE_CURVE('',#1753,#1755,#262,.T.);
#2191=EDGE_CURVE('',#1755,#1756,#1074,.T.);
#2192=EDGE_CURVE('',#1756,#1754,#263,.T.);
#2193=EDGE_CURVE('',#1757,#1758,#1075,.T.);
#2194=EDGE_CURVE('',#1758,#1756,#1076,.T.);
#2195=EDGE_CURVE('',#1755,#1757,#1077,.T.);
#2196=EDGE_CURVE('',#1757,#1759,#264,.T.);
#2197=EDGE_CURVE('',#1759,#1760,#1078,.T.);
#2198=EDGE_CURVE('',#1760,#1758,#265,.T.);
#2199=EDGE_CURVE('',#1761,#1762,#1079,.T.);
#2200=EDGE_CURVE('',#1762,#1760,#1080,.T.);
#2201=EDGE_CURVE('',#1759,#1761,#1081,.T.);
#2202=EDGE_CURVE('',#1761,#1763,#266,.T.);
#2203=EDGE_CURVE('',#1763,#1764,#1082,.T.);
#2204=EDGE_CURVE('',#1764,#1762,#267,.T.);
#2205=EDGE_CURVE('',#1765,#1766,#1083,.T.);
#2206=EDGE_CURVE('',#1766,#1764,#1084,.T.);
#2207=EDGE_CURVE('',#1763,#1765,#1085,.T.);
#2208=EDGE_CURVE('',#1765,#1767,#268,.T.);
#2209=EDGE_CURVE('',#1767,#1768,#1086,.T.);
#2210=EDGE_CURVE('',#1768,#1766,#269,.T.);
#2211=EDGE_CURVE('',#1769,#1770,#1087,.T.);
#2212=EDGE_CURVE('',#1770,#1768,#1088,.T.);
#2213=EDGE_CURVE('',#1767,#1769,#1089,.T.);
#2214=EDGE_CURVE('',#1769,#1726,#270,.T.);
#2215=EDGE_CURVE('',#1726,#1771,#1090,.T.);
#2216=EDGE_CURVE('',#1771,#1770,#271,.T.);
#2217=EDGE_CURVE('',#1725,#1772,#1091,.T.);
#2218=EDGE_CURVE('',#1772,#1771,#1092,.T.);
#2219=EDGE_CURVE('',#1727,#1773,#1093,.T.);
#2220=EDGE_CURVE('',#1773,#1772,#272,.T.);
#2221=EDGE_CURVE('',#1730,#1774,#1094,.T.);
#2222=EDGE_CURVE('',#1774,#1773,#1095,.T.);
#2223=EDGE_CURVE('',#1730,#1775,#273,.T.);
#2224=EDGE_CURVE('',#1775,#1776,#1096,.T.);
#2225=EDGE_CURVE('',#1776,#1774,#274,.T.);
#2226=EDGE_CURVE('',#1775,#1777,#1097,.T.);
#2227=EDGE_CURVE('',#1777,#1778,#1098,.T.);
#2228=EDGE_CURVE('',#1778,#1776,#1099,.T.);
#2229=EDGE_CURVE('',#1777,#1598,#275,.T.);
#2230=EDGE_CURVE('',#1732,#1778,#276,.T.);
#2231=EDGE_CURVE('',#1666,#1755,#1100,.T.);
#2232=EDGE_CURVE('',#1753,#1664,#1101,.T.);
#2233=EDGE_CURVE('',#1751,#1662,#1102,.T.);
#2234=EDGE_CURVE('',#1660,#1749,#1103,.T.);
#2235=EDGE_CURVE('',#1747,#1658,#1104,.T.);
#2236=EDGE_CURVE('',#1656,#1745,#1105,.T.);
#2237=EDGE_CURVE('',#1743,#1654,#1106,.T.);
#2238=EDGE_CURVE('',#1652,#1741,#1107,.T.);
#2239=EDGE_CURVE('',#1739,#1650,#1108,.T.);
#2240=EDGE_CURVE('',#1779,#1737,#1109,.T.);
#2241=EDGE_CURVE('',#1779,#1780,#1110,.T.);
#2242=EDGE_CURVE('',#1781,#1780,#1111,.T.);
#2243=EDGE_CURVE('',#1782,#1781,#1112,.T.);
#2244=EDGE_CURVE('',#1647,#1782,#1113,.T.);
#2245=EDGE_CURVE('',#1622,#1779,#277,.T.);
#2246=EDGE_CURVE('',#1783,#1784,#1114,.T.);
#2247=EDGE_CURVE('',#1785,#1784,#278,.T.);
#2248=EDGE_CURVE('',#1785,#1786,#1115,.T.);
#2249=EDGE_CURVE('',#1787,#1786,#279,.T.);
#2250=EDGE_CURVE('',#1787,#1788,#1116,.T.);
#2251=EDGE_CURVE('',#1789,#1788,#280,.T.);
#2252=EDGE_CURVE('',#1789,#1790,#1117,.T.);
#2253=EDGE_CURVE('',#1783,#1790,#281,.T.);
#2254=EDGE_CURVE('',#1791,#1791,#282,.T.);
#2255=EDGE_CURVE('',#1792,#1793,#283,.T.);
#2256=EDGE_CURVE('',#1793,#1600,#30,.T.);
#2257=EDGE_CURVE('',#1600,#1792,#31,.T.);
#2258=EDGE_CURVE('',#1794,#1795,#284,.T.);
#2259=EDGE_CURVE('',#1795,#1601,#32,.T.);
#2260=EDGE_CURVE('',#1601,#1794,#33,.T.);
#2261=EDGE_CURVE('',#1796,#1797,#285,.T.);
#2262=EDGE_CURVE('',#1797,#1604,#34,.T.);
#2263=EDGE_CURVE('',#1604,#1796,#35,.T.);
#2264=EDGE_CURVE('',#1798,#1799,#286,.T.);
#2265=EDGE_CURVE('',#1799,#1605,#36,.T.);
#2266=EDGE_CURVE('',#1605,#1798,#37,.T.);
#2267=EDGE_CURVE('',#1799,#1593,#287,.T.);
#2268=EDGE_CURVE('',#1797,#1798,#1118,.T.);
#2269=EDGE_CURVE('',#1603,#1800,#288,.T.);
#2270=EDGE_CURVE('',#1800,#1796,#289,.T.);
#2271=EDGE_CURVE('',#1602,#1801,#290,.T.);
#2272=EDGE_CURVE('',#1801,#1800,#1119,.T.);
#2273=EDGE_CURVE('',#1795,#1801,#291,.T.);
#2274=EDGE_CURVE('',#1793,#1794,#1120,.T.);
#2275=EDGE_CURVE('',#1599,#1802,#292,.T.);
#2276=EDGE_CURVE('',#1802,#1792,#293,.T.);
#2277=EDGE_CURVE('',#1777,#1802,#1121,.T.);
#2278=EDGE_CURVE('',#1798,#1803,#1122,.T.);
#2279=EDGE_CURVE('',#1804,#1803,#294,.T.);
#2280=EDGE_CURVE('',#1804,#1799,#1123,.T.);
#2281=EDGE_CURVE('',#1805,#1797,#1124,.T.);
#2282=EDGE_CURVE('',#1803,#1805,#1125,.T.);
#2283=EDGE_CURVE('',#1796,#1806,#1126,.T.);
#2284=EDGE_CURVE('',#1805,#1806,#295,.T.);
#2285=EDGE_CURVE('',#1800,#1807,#1127,.T.);
#2286=EDGE_CURVE('',#1808,#1807,#296,.T.);
#2287=EDGE_CURVE('',#1806,#1808,#297,.T.);
#2288=EDGE_CURVE('',#1809,#1801,#1128,.T.);
#2289=EDGE_CURVE('',#1809,#1810,#1129,.T.);
#2290=EDGE_CURVE('',#1807,#1810,#1130,.T.);
#2291=EDGE_CURVE('',#1811,#1795,#1131,.T.);
#2292=EDGE_CURVE('',#1811,#1812,#38,.T.);
#2293=EDGE_CURVE('',#1813,#1812,#1132,.T.);
#2294=EDGE_CURVE('',#1809,#1813,#174,.T.);
#2295=EDGE_CURVE('',#1794,#1814,#1133,.T.);
#2296=EDGE_CURVE('',#1814,#1811,#39,.T.);
#2297=EDGE_CURVE('',#1815,#1793,#1134,.T.);
#2298=EDGE_CURVE('',#1815,#1814,#298,.T.);
#2299=EDGE_CURVE('',#1792,#1816,#1135,.T.);
#2300=EDGE_CURVE('',#1816,#1815,#40,.T.);
#2301=EDGE_CURVE('',#1802,#1817,#1136,.T.);
#2302=EDGE_CURVE('',#1818,#1817,#175,.T.);
#2303=EDGE_CURVE('',#1819,#1818,#1137,.T.);
#2304=EDGE_CURVE('',#1819,#1816,#41,.T.);
#2305=EDGE_CURVE('',#1820,#1775,#1138,.T.);
#2306=EDGE_CURVE('',#1821,#1820,#1139,.T.);
#2307=EDGE_CURVE('',#1822,#1821,#299,.T.);
#2308=EDGE_CURVE('',#1817,#1822,#1140,.T.);
#2309=EDGE_CURVE('',#1729,#1823,#176,.T.);
#2310=EDGE_CURVE('',#1823,#1820,#42,.T.);
#2311=EDGE_CURVE('',#1823,#1824,#1141,.T.);
#2312=EDGE_CURVE('',#1824,#1821,#300,.T.);
#2313=EDGE_CURVE('',#1825,#1826,#43,.F.);
#2314=EDGE_CURVE('',#1826,#1827,#301,.T.);
#2315=EDGE_CURVE('',#1827,#1806,#302,.T.);
#2316=EDGE_CURVE('',#1808,#1825,#303,.T.);
#2317=EDGE_CURVE('',#1805,#1827,#304,.T.);
#2318=EDGE_CURVE('',#1827,#1828,#1142,.T.);
#2319=EDGE_CURVE('',#1828,#1803,#305,.T.);
#2320=EDGE_CURVE('',#1580,#1829,#1143,.T.);
#2321=EDGE_CURVE('',#1829,#1830,#306,.T.);
#2322=EDGE_CURVE('',#1830,#1582,#1144,.T.);
#2323=EDGE_CURVE('',#1804,#1828,#307,.T.);
#2324=EDGE_CURVE('',#1828,#1830,#308,.T.);
#2325=EDGE_CURVE('',#1829,#1804,#309,.T.);
#2326=EDGE_CURVE('',#1831,#1825,#44,.F.);
#2327=EDGE_CURVE('',#1807,#1831,#310,.T.);
#2328=EDGE_CURVE('',#1810,#1831,#177,.F.);
#2329=EDGE_CURVE('',#1829,#1593,#1145,.T.);
#2330=EDGE_CURVE('',#1832,#1822,#311,.T.);
#2331=EDGE_CURVE('',#1824,#1832,#312,.T.);
#2332=EDGE_CURVE('',#1833,#1817,#313,.T.);
#2333=EDGE_CURVE('',#1832,#1833,#1146,.T.);
#2334=EDGE_CURVE('',#1834,#1818,#314,.T.);
#2335=EDGE_CURVE('',#1833,#1834,#178,.T.);
#2336=EDGE_CURVE('',#1835,#1834,#315,.T.);
#2337=EDGE_CURVE('',#1834,#1836,#1147,.T.);
#2338=EDGE_CURVE('',#1836,#1837,#316,.T.);
#2339=EDGE_CURVE('',#1837,#1835,#1148,.T.);
#2340=EDGE_CURVE('',#1835,#1818,#317,.T.);
#2341=EDGE_CURVE('',#1813,#1836,#318,.T.);
#2342=EDGE_CURVE('',#1836,#1838,#179,.T.);
#2343=EDGE_CURVE('',#1838,#1809,#319,.T.);
#2344=EDGE_CURVE('',#1838,#1839,#1149,.T.);
#2345=EDGE_CURVE('',#1826,#1839,#180,.T.);
#2346=EDGE_CURVE('',#1813,#1837,#320,.T.);
#2347=EDGE_CURVE('',#1840,#1728,#1150,.T.);
#2348=EDGE_CURVE('',#1841,#1840,#45,.T.);
#2349=EDGE_CURVE('',#1824,#1841,#1151,.T.);
#2350=EDGE_CURVE('',#1835,#1842,#1152,.T.);
#2351=EDGE_CURVE('',#1842,#1819,#46,.T.);
#2352=EDGE_CURVE('',#1843,#1837,#1153,.T.);
#2353=EDGE_CURVE('',#1843,#1844,#321,.T.);
#2354=EDGE_CURVE('',#1844,#1842,#322,.T.);
#2355=EDGE_CURVE('',#1812,#1843,#47,.T.);
#2356=EDGE_CURVE('',#1845,#1845,#323,.T.);
#2357=EDGE_CURVE('',#1846,#1846,#324,.T.);
#2358=EDGE_CURVE('',#1847,#1847,#325,.T.);
#2359=EDGE_CURVE('',#1847,#1845,#1154,.T.);
#2360=EDGE_CURVE('',#1846,#1844,#1155,.T.);
#2361=EDGE_CURVE('',#1839,#1848,#1156,.T.);
#2362=EDGE_CURVE('',#1849,#1848,#1157,.T.);
#2363=EDGE_CURVE('',#1588,#1849,#1158,.T.);
#2364=EDGE_CURVE('',#1670,#1759,#1159,.T.);
#2365=EDGE_CURVE('',#1757,#1668,#1160,.T.);
#2366=EDGE_CURVE('',#1769,#1680,#1161,.T.);
#2367=EDGE_CURVE('',#1678,#1767,#1162,.T.);
#2368=EDGE_CURVE('',#1850,#1851,#48,.T.);
#2369=EDGE_CURVE('',#1852,#1850,#326,.F.);
#2370=EDGE_CURVE('',#1852,#1853,#1163,.T.);
#2371=EDGE_CURVE('',#1854,#1853,#327,.T.);
#2372=EDGE_CURVE('',#1855,#1854,#1164,.T.);
#2373=EDGE_CURVE('',#1856,#1855,#49,.T.);
#2374=EDGE_CURVE('',#1856,#1857,#1165,.T.);
#2375=EDGE_CURVE('',#1851,#1857,#50,.T.);
#2376=EDGE_CURVE('',#1857,#1858,#328,.T.);
#2377=EDGE_CURVE('',#1858,#1859,#1166,.T.);
#2378=EDGE_CURVE('',#1859,#1859,#329,.T.);
#2379=EDGE_CURVE('',#1858,#1860,#330,.T.);
#2380=EDGE_CURVE('',#1850,#1860,#84,.F.);
#2381=EDGE_CURVE('',#1861,#1856,#331,.T.);
#2382=EDGE_CURVE('',#1862,#1861,#332,.T.);
#2383=EDGE_CURVE('',#1863,#1862,#1167,.T.);
#2384=EDGE_CURVE('',#1864,#1863,#333,.T.);
#2385=EDGE_CURVE('',#1864,#1865,#1168,.T.);
#2386=EDGE_CURVE('',#1866,#1865,#334,.T.);
#2387=EDGE_CURVE('',#1866,#1860,#1169,.T.);
#2388=EDGE_CURVE('',#1867,#1868,#335,.T.);
#2389=EDGE_CURVE('',#1868,#1869,#336,.T.);
#2390=EDGE_CURVE('',#1869,#1870,#337,.T.);
#2391=EDGE_CURVE('',#1870,#1867,#338,.T.);
#2392=EDGE_CURVE('',#1871,#1870,#1170,.T.);
#2393=EDGE_CURVE('',#1869,#1872,#1171,.T.);
#2394=EDGE_CURVE('',#1872,#1871,#181,.T.);
#2395=EDGE_CURVE('',#1873,#1871,#1172,.T.);
#2396=EDGE_CURVE('',#1872,#1874,#1173,.T.);
#2397=EDGE_CURVE('',#1874,#1873,#182,.T.);
#2398=EDGE_CURVE('',#1874,#1875,#1174,.T.);
#2399=EDGE_CURVE('',#1875,#1876,#183,.F.);
#2400=EDGE_CURVE('',#1876,#1873,#1175,.T.);
#2401=EDGE_CURVE('',#1877,#1868,#339,.T.);
#2402=EDGE_CURVE('',#1867,#1877,#340,.T.);
#2403=EDGE_CURVE('',#1878,#1877,#1176,.T.);
#2404=EDGE_CURVE('',#1780,#1878,#341,.T.);
#2405=EDGE_CURVE('',#1879,#1621,#342,.T.);
#2406=EDGE_CURVE('',#1852,#1879,#1177,.T.);
#2407=EDGE_CURVE('',#1866,#1880,#85,.F.);
#2408=EDGE_CURVE('',#1880,#1868,#1178,.T.);
#2409=EDGE_CURVE('',#1881,#1873,#1179,.T.);
#2410=EDGE_CURVE('',#1878,#1881,#1180,.T.);
#2411=EDGE_CURVE('',#1876,#1882,#1181,.T.);
#2412=EDGE_CURVE('',#1883,#1882,#1182,.T.);
#2413=EDGE_CURVE('',#1883,#1884,#1183,.T.);
#2414=EDGE_CURVE('',#1881,#1884,#184,.T.);
#2415=EDGE_CURVE('',#1885,#1886,#343,.T.);
#2416=EDGE_CURVE('',#1885,#1887,#1184,.T.);
#2417=EDGE_CURVE('',#1887,#1888,#344,.T.);
#2418=EDGE_CURVE('',#1888,#1886,#1185,.T.);
#2419=EDGE_CURVE('',#1889,#1885,#1186,.T.);
#2420=EDGE_CURVE('',#1890,#1889,#1187,.T.);
#2421=EDGE_CURVE('',#1887,#1890,#1188,.T.);
#2422=EDGE_CURVE('',#1891,#1892,#345,.T.);
#2423=EDGE_CURVE('',#1891,#1893,#1189,.T.);
#2424=EDGE_CURVE('',#1893,#1894,#346,.T.);
#2425=EDGE_CURVE('',#1894,#1892,#1190,.T.);
#2426=EDGE_CURVE('',#1853,#1891,#1191,.T.);
#2427=EDGE_CURVE('',#1892,#1895,#1192,.T.);
#2428=EDGE_CURVE('',#1895,#1889,#347,.T.);
#2429=EDGE_CURVE('',#1886,#1896,#1193,.T.);
#2430=EDGE_CURVE('',#1896,#1863,#86,.T.);
#2431=EDGE_CURVE('',#1862,#1897,#87,.T.);
#2432=EDGE_CURVE('',#1897,#1854,#1194,.T.);
#2433=EDGE_CURVE('',#1898,#1894,#1195,.T.);
#2434=EDGE_CURVE('',#1895,#1898,#1196,.T.);
#2435=EDGE_CURVE('',#1898,#1890,#348,.T.);
#2436=EDGE_CURVE('',#1608,#1899,#349,.F.);
#2437=EDGE_CURVE('',#1899,#1879,#1197,.T.);
#2438=EDGE_CURVE('',#1884,#1781,#185,.T.);
#2439=EDGE_CURVE('',#1782,#1900,#350,.T.);
#2440=EDGE_CURVE('',#1900,#1685,#1198,.T.);
#2441=EDGE_CURVE('',#1782,#1883,#351,.T.);
#2442=EDGE_CURVE('',#1883,#1900,#352,.T.);
#2443=EDGE_CURVE('',#1617,#1633,#1199,.T.);
#2444=EDGE_CURVE('',#1882,#1631,#186,.F.);
#2445=EDGE_CURVE('',#1901,#1875,#1200,.T.);
#2446=EDGE_CURVE('',#1888,#1901,#1201,.T.);
#2447=EDGE_CURVE('',#1893,#1899,#1202,.T.);
#2448=EDGE_CURVE('',#1765,#1676,#1203,.T.);
#2449=EDGE_CURVE('',#1674,#1763,#1204,.T.);
#2450=EDGE_CURVE('',#1761,#1672,#1205,.T.);
#2451=EDGE_CURVE('',#1786,#1702,#1206,.T.);
#2452=EDGE_CURVE('',#1701,#1787,#1207,.T.);
#2453=EDGE_CURVE('',#1703,#1785,#1208,.T.);
#2454=EDGE_CURVE('',#1784,#1696,#1209,.T.);
#2455=EDGE_CURVE('',#1697,#1783,#1210,.T.);
#2456=EDGE_CURVE('',#1790,#1698,#1211,.T.);
#2457=EDGE_CURVE('',#1699,#1789,#1212,.T.);
#2458=EDGE_CURVE('',#1788,#1700,#1213,.T.);
#2459=EDGE_CURVE('',#1630,#1900,#1214,.T.);
#2460=EDGE_CURVE('',#1902,#1903,#51,.T.);
#2461=EDGE_CURVE('',#1903,#1904,#52,.T.);
#2462=EDGE_CURVE('',#1904,#1905,#53,.T.);
#2463=EDGE_CURVE('',#1905,#1906,#54,.T.);
#2464=EDGE_CURVE('',#1906,#1841,#55,.T.);
#2465=EDGE_CURVE('',#1840,#1907,#56,.T.);
#2466=EDGE_CURVE('',#1907,#1902,#57,.T.);
#2467=EDGE_CURVE('',#1718,#1908,#187,.F.);
#2468=EDGE_CURVE('',#1908,#1909,#1215,.T.);
#2469=EDGE_CURVE('',#1909,#1907,#58,.T.);
#2470=EDGE_CURVE('',#1903,#1910,#353,.T.);
#2471=EDGE_CURVE('',#1910,#1904,#354,.T.);
#2472=EDGE_CURVE('',#1909,#1712,#355,.T.);
#2473=EDGE_CURVE('',#1724,#1690,#356,.T.);
#2474=EDGE_CURVE('',#1689,#1911,#357,.T.);
#2475=EDGE_CURVE('',#1912,#1911,#59,.T.);
#2476=EDGE_CURVE('',#1912,#1913,#60,.T.);
#2477=EDGE_CURVE('',#1910,#1913,#61,.T.);
#2478=EDGE_CURVE('',#1711,#1908,#1216,.T.);
#2479=EDGE_CURVE('',#1911,#1914,#1217,.T.);
#2480=EDGE_CURVE('',#1914,#1848,#188,.F.);
#2481=EDGE_CURVE('',#1848,#1915,#1218,.T.);
#2482=EDGE_CURVE('',#1915,#1912,#62,.T.);
#2483=EDGE_CURVE('',#1915,#1916,#63,.T.);
#2484=EDGE_CURVE('',#1916,#1910,#358,.T.);
#2485=EDGE_CURVE('',#1916,#1905,#64,.T.);
#2486=EDGE_CURVE('',#1832,#1906,#1219,.T.);
#2487=EDGE_CURVE('',#1791,#1704,#1220,.T.);
#2488=EDGE_CURVE('',#1917,#1880,#359,.T.);
#2489=EDGE_CURVE('',#1917,#1869,#1221,.T.);
#2490=EDGE_CURVE('',#1918,#1917,#1222,.T.);
#2491=EDGE_CURVE('',#1918,#1872,#1223,.T.);
#2492=EDGE_CURVE('',#1865,#1918,#1224,.T.);
#2493=EDGE_CURVE('',#1901,#1864,#1225,.T.);
#2494=EDGE_CURVE('',#1896,#1864,#360,.T.);
#2495=EDGE_CURVE('',#1855,#1897,#361,.T.);
#2496=EDGE_CURVE('',#1861,#1919,#1226,.T.);
#2497=EDGE_CURVE('',#1919,#1919,#362,.T.);
#2498=EDGE_CURVE('',#1865,#1917,#363,.T.);
#2499=EDGE_CURVE('',#1864,#1920,#1227,.T.);
#2500=EDGE_CURVE('',#1920,#1920,#364,.T.);
#2501=EDGE_CURVE('',#1865,#1921,#1228,.T.);
#2502=EDGE_CURVE('',#1921,#1921,#365,.T.);
#2503=EDGE_CURVE('',#1607,#1617,#1229,.T.);
#2504=EDGE_CURVE('',#1633,#1922,#1230,.T.);
#2505=EDGE_CURVE('',#1922,#1644,#189,.F.);
#2506=EDGE_CURVE('',#1922,#1607,#1231,.F.);
#2507=EDGE_CURVE('',#1923,#1645,#190,.T.);
#2508=EDGE_CURVE('',#1923,#1686,#1232,.T.);
#2509=EDGE_CURVE('',#1924,#1688,#366,.T.);
#2510=EDGE_CURVE('',#1687,#1924,#367,.T.);
#2511=EDGE_CURVE('',#1925,#1923,#1233,.T.);
#2512=EDGE_CURVE('',#1926,#1925,#368,.T.);
#2513=EDGE_CURVE('',#1927,#1926,#369,.T.);
#2514=EDGE_CURVE('',#1928,#1927,#1234,.T.);
#2515=EDGE_CURVE('',#1914,#1928,#1235,.T.);
#2516=EDGE_CURVE('',#1849,#1928,#191,.T.);
#2517=EDGE_CURVE('',#1928,#1929,#1236,.T.);
#2518=EDGE_CURVE('',#1929,#1586,#192,.T.);
#2519=EDGE_CURVE('',#1606,#1929,#1237,.T.);
#2520=EDGE_CURVE('',#1927,#1925,#88,.T.);
#2521=EDGE_CURVE('',#1926,#1930,#1238,.T.);
#2522=EDGE_CURVE('',#1930,#1930,#370,.T.);
#2523=EDGE_CURVE('',#1924,#1931,#1239,.T.);
#2524=EDGE_CURVE('',#1931,#1931,#371,.T.);
#2525=ORIENTED_EDGE('',*,*,#1932,.T.);
#2526=ORIENTED_EDGE('',*,*,#1933,.T.);
#2527=ORIENTED_EDGE('',*,*,#1934,.T.);
#2528=ORIENTED_EDGE('',*,*,#1935,.T.);
#2529=ORIENTED_EDGE('',*,*,#1934,.F.);
#2530=ORIENTED_EDGE('',*,*,#1936,.T.);
#2531=ORIENTED_EDGE('',*,*,#1937,.T.);
#2532=ORIENTED_EDGE('',*,*,#1938,.T.);
#2533=ORIENTED_EDGE('',*,*,#1939,.T.);
#2534=ORIENTED_EDGE('',*,*,#1940,.T.);
#2535=ORIENTED_EDGE('',*,*,#1932,.F.);
#2536=ORIENTED_EDGE('',*,*,#1941,.T.);
#2537=ORIENTED_EDGE('',*,*,#1942,.T.);
#2538=ORIENTED_EDGE('',*,*,#1943,.T.);
#2539=ORIENTED_EDGE('',*,*,#1937,.F.);
#2540=ORIENTED_EDGE('',*,*,#1944,.T.);
#2541=ORIENTED_EDGE('',*,*,#1945,.T.);
#2542=ORIENTED_EDGE('',*,*,#1946,.T.);
#2543=ORIENTED_EDGE('',*,*,#1947,.T.);
#2544=ORIENTED_EDGE('',*,*,#1939,.F.);
#2545=ORIENTED_EDGE('',*,*,#1948,.T.);
#2546=ORIENTED_EDGE('',*,*,#1949,.T.);
#2547=ORIENTED_EDGE('',*,*,#1940,.F.);
#2548=ORIENTED_EDGE('',*,*,#1950,.T.);
#2549=ORIENTED_EDGE('',*,*,#1951,.T.);
#2550=ORIENTED_EDGE('',*,*,#1952,.T.);
#2551=ORIENTED_EDGE('',*,*,#1947,.F.);
#2552=ORIENTED_EDGE('',*,*,#1953,.F.);
#2553=ORIENTED_EDGE('',*,*,#1954,.F.);
#2554=ORIENTED_EDGE('',*,*,#1955,.F.);
#2555=ORIENTED_EDGE('',*,*,#1956,.F.);
#2556=ORIENTED_EDGE('',*,*,#1957,.F.);
#2557=ORIENTED_EDGE('',*,*,#1958,.F.);
#2558=ORIENTED_EDGE('',*,*,#1959,.F.);
#2559=ORIENTED_EDGE('',*,*,#1960,.F.);
#2560=ORIENTED_EDGE('',*,*,#1961,.F.);
#2561=ORIENTED_EDGE('',*,*,#1962,.F.);
#2562=ORIENTED_EDGE('',*,*,#1963,.F.);
#2563=ORIENTED_EDGE('',*,*,#1964,.F.);
#2564=ORIENTED_EDGE('',*,*,#1965,.F.);
#2565=ORIENTED_EDGE('',*,*,#1950,.F.);
#2566=ORIENTED_EDGE('',*,*,#1946,.F.);
#2567=ORIENTED_EDGE('',*,*,#1966,.F.);
#2568=ORIENTED_EDGE('',*,*,#1967,.T.);
#2569=ORIENTED_EDGE('',*,*,#1968,.F.);
#2570=ORIENTED_EDGE('',*,*,#1953,.T.);
#2571=ORIENTED_EDGE('',*,*,#1949,.F.);
#2572=ORIENTED_EDGE('',*,*,#1969,.T.);
#2573=ORIENTED_EDGE('',*,*,#1966,.T.);
#2574=ORIENTED_EDGE('',*,*,#1948,.F.);
#2575=ORIENTED_EDGE('',*,*,#1941,.F.);
#2576=ORIENTED_EDGE('',*,*,#1935,.F.);
#2577=ORIENTED_EDGE('',*,*,#1938,.F.);
#2578=ORIENTED_EDGE('',*,*,#1943,.F.);
#2579=ORIENTED_EDGE('',*,*,#1970,.T.);
#2580=ORIENTED_EDGE('',*,*,#1971,.T.);
#2581=ORIENTED_EDGE('',*,*,#1972,.T.);
#2582=ORIENTED_EDGE('',*,*,#1973,.T.);
#2583=ORIENTED_EDGE('',*,*,#1974,.T.);
#2584=ORIENTED_EDGE('',*,*,#1973,.F.);
#2585=ORIENTED_EDGE('',*,*,#1975,.T.);
#2586=ORIENTED_EDGE('',*,*,#1976,.T.);
#2587=ORIENTED_EDGE('',*,*,#1977,.T.);
#2588=ORIENTED_EDGE('',*,*,#1978,.T.);
#2589=ORIENTED_EDGE('',*,*,#1979,.T.);
#2590=ORIENTED_EDGE('',*,*,#1976,.F.);
#2591=ORIENTED_EDGE('',*,*,#1980,.T.);
#2592=ORIENTED_EDGE('',*,*,#1978,.F.);
#2593=ORIENTED_EDGE('',*,*,#1981,.T.);
#2594=ORIENTED_EDGE('',*,*,#1982,.T.);
#2595=ORIENTED_EDGE('',*,*,#1983,.T.);
#2596=ORIENTED_EDGE('',*,*,#1984,.T.);
#2597=ORIENTED_EDGE('',*,*,#1985,.T.);
#2598=ORIENTED_EDGE('',*,*,#1982,.F.);
#2599=ORIENTED_EDGE('',*,*,#1955,.T.);
#2600=ORIENTED_EDGE('',*,*,#1981,.F.);
#2601=ORIENTED_EDGE('',*,*,#1986,.F.);
#2602=ORIENTED_EDGE('',*,*,#1987,.F.);
#2603=ORIENTED_EDGE('',*,*,#1956,.T.);
#2604=ORIENTED_EDGE('',*,*,#1980,.F.);
#2605=ORIENTED_EDGE('',*,*,#1988,.F.);
#2606=ORIENTED_EDGE('',*,*,#1989,.F.);
#2607=ORIENTED_EDGE('',*,*,#1986,.T.);
#2608=ORIENTED_EDGE('',*,*,#1975,.F.);
#2609=ORIENTED_EDGE('',*,*,#1990,.T.);
#2610=ORIENTED_EDGE('',*,*,#1991,.F.);
#2611=ORIENTED_EDGE('',*,*,#1988,.T.);
#2612=ORIENTED_EDGE('',*,*,#1972,.F.);
#2613=ORIENTED_EDGE('',*,*,#1992,.F.);
#2614=ORIENTED_EDGE('',*,*,#1993,.T.);
#2615=ORIENTED_EDGE('',*,*,#1994,.F.);
#2616=ORIENTED_EDGE('',*,*,#1995,.F.);
#2617=ORIENTED_EDGE('',*,*,#1990,.F.);
#2618=ORIENTED_EDGE('',*,*,#1996,.T.);
#2619=ORIENTED_EDGE('',*,*,#1997,.T.);
#2620=ORIENTED_EDGE('',*,*,#1998,.T.);
#2621=ORIENTED_EDGE('',*,*,#1999,.T.);
#2622=ORIENTED_EDGE('',*,*,#1996,.F.);
#2623=ORIENTED_EDGE('',*,*,#2000,.T.);
#2624=ORIENTED_EDGE('',*,*,#2001,.T.);
#2625=ORIENTED_EDGE('',*,*,#2002,.T.);
#2626=ORIENTED_EDGE('',*,*,#2003,.T.);
#2627=ORIENTED_EDGE('',*,*,#2004,.T.);
#2628=ORIENTED_EDGE('',*,*,#2001,.F.);
#2629=ORIENTED_EDGE('',*,*,#2005,.T.);
#2630=ORIENTED_EDGE('',*,*,#2006,.F.);
#2631=ORIENTED_EDGE('',*,*,#2007,.T.);
#2632=ORIENTED_EDGE('',*,*,#2008,.T.);
#2633=ORIENTED_EDGE('',*,*,#2008,.F.);
#2634=ORIENTED_EDGE('',*,*,#2009,.T.);
#2635=ORIENTED_EDGE('',*,*,#2010,.T.);
#2636=ORIENTED_EDGE('',*,*,#2011,.T.);
#2637=ORIENTED_EDGE('',*,*,#2012,.T.);
#2638=ORIENTED_EDGE('',*,*,#2013,.T.);
#2639=ORIENTED_EDGE('',*,*,#2010,.F.);
#2640=ORIENTED_EDGE('',*,*,#2014,.T.);
#2641=ORIENTED_EDGE('',*,*,#2012,.F.);
#2642=ORIENTED_EDGE('',*,*,#2015,.T.);
#2643=ORIENTED_EDGE('',*,*,#1998,.F.);
#2644=ORIENTED_EDGE('',*,*,#2000,.F.);
#2645=ORIENTED_EDGE('',*,*,#2016,.T.);
#2646=ORIENTED_EDGE('',*,*,#2017,.F.);
#2647=ORIENTED_EDGE('',*,*,#2018,.T.);
#2648=ORIENTED_EDGE('',*,*,#1999,.F.);
#2649=ORIENTED_EDGE('',*,*,#2019,.F.);
#2650=ORIENTED_EDGE('',*,*,#2020,.F.);
#2651=ORIENTED_EDGE('',*,*,#2016,.F.);
#2652=ORIENTED_EDGE('',*,*,#2015,.F.);
#2653=ORIENTED_EDGE('',*,*,#2021,.T.);
#2654=ORIENTED_EDGE('',*,*,#2022,.T.);
#2655=ORIENTED_EDGE('',*,*,#2019,.T.);
#2656=ORIENTED_EDGE('',*,*,#2014,.F.);
#2657=ORIENTED_EDGE('',*,*,#2023,.F.);
#2658=ORIENTED_EDGE('',*,*,#2024,.F.);
#2659=ORIENTED_EDGE('',*,*,#2021,.F.);
#2660=ORIENTED_EDGE('',*,*,#2009,.F.);
#2661=ORIENTED_EDGE('',*,*,#2025,.T.);
#2662=ORIENTED_EDGE('',*,*,#2026,.F.);
#2663=ORIENTED_EDGE('',*,*,#2023,.T.);
#2664=ORIENTED_EDGE('',*,*,#2007,.F.);
#2665=ORIENTED_EDGE('',*,*,#2027,.T.);
#2666=ORIENTED_EDGE('',*,*,#2028,.T.);
#2667=ORIENTED_EDGE('',*,*,#2029,.F.);
#2668=ORIENTED_EDGE('',*,*,#2030,.F.);
#2669=ORIENTED_EDGE('',*,*,#2025,.F.);
#2670=ORIENTED_EDGE('',*,*,#2031,.T.);
#2671=ORIENTED_EDGE('',*,*,#2032,.T.);
#2672=ORIENTED_EDGE('',*,*,#2033,.T.);
#2673=ORIENTED_EDGE('',*,*,#2034,.T.);
#2674=ORIENTED_EDGE('',*,*,#2035,.T.);
#2675=ORIENTED_EDGE('',*,*,#2036,.T.);
#2676=ORIENTED_EDGE('',*,*,#2033,.F.);
#2677=ORIENTED_EDGE('',*,*,#2037,.T.);
#2678=ORIENTED_EDGE('',*,*,#2035,.F.);
#2679=ORIENTED_EDGE('',*,*,#2038,.T.);
#2680=ORIENTED_EDGE('',*,*,#2039,.T.);
#2681=ORIENTED_EDGE('',*,*,#2040,.T.);
#2682=ORIENTED_EDGE('',*,*,#2041,.T.);
#2683=ORIENTED_EDGE('',*,*,#2042,.T.);
#2684=ORIENTED_EDGE('',*,*,#2039,.F.);
#2685=ORIENTED_EDGE('',*,*,#2043,.T.);
#2686=ORIENTED_EDGE('',*,*,#2041,.F.);
#2687=ORIENTED_EDGE('',*,*,#2044,.T.);
#2688=ORIENTED_EDGE('',*,*,#2045,.T.);
#2689=ORIENTED_EDGE('',*,*,#2046,.T.);
#2690=ORIENTED_EDGE('',*,*,#2047,.T.);
#2691=ORIENTED_EDGE('',*,*,#2048,.T.);
#2692=ORIENTED_EDGE('',*,*,#2045,.F.);
#2693=ORIENTED_EDGE('',*,*,#2049,.T.);
#2694=ORIENTED_EDGE('',*,*,#2047,.F.);
#2695=ORIENTED_EDGE('',*,*,#2050,.T.);
#2696=ORIENTED_EDGE('',*,*,#2051,.T.);
#2697=ORIENTED_EDGE('',*,*,#2052,.T.);
#2698=ORIENTED_EDGE('',*,*,#2053,.T.);
#2699=ORIENTED_EDGE('',*,*,#2054,.T.);
#2700=ORIENTED_EDGE('',*,*,#2051,.F.);
#2701=ORIENTED_EDGE('',*,*,#2055,.T.);
#2702=ORIENTED_EDGE('',*,*,#2056,.T.);
#2703=ORIENTED_EDGE('',*,*,#2057,.T.);
#2704=ORIENTED_EDGE('',*,*,#2053,.F.);
#2705=ORIENTED_EDGE('',*,*,#2058,.T.);
#2706=ORIENTED_EDGE('',*,*,#2056,.F.);
#2707=ORIENTED_EDGE('',*,*,#2059,.T.);
#2708=ORIENTED_EDGE('',*,*,#2060,.T.);
#2709=ORIENTED_EDGE('',*,*,#2061,.T.);
#2710=ORIENTED_EDGE('',*,*,#2062,.T.);
#2711=ORIENTED_EDGE('',*,*,#2063,.T.);
#2712=ORIENTED_EDGE('',*,*,#2060,.F.);
#2713=ORIENTED_EDGE('',*,*,#2064,.T.);
#2714=ORIENTED_EDGE('',*,*,#2062,.F.);
#2715=ORIENTED_EDGE('',*,*,#2065,.T.);
#2716=ORIENTED_EDGE('',*,*,#2066,.T.);
#2717=ORIENTED_EDGE('',*,*,#2067,.T.);
#2718=ORIENTED_EDGE('',*,*,#2068,.T.);
#2719=ORIENTED_EDGE('',*,*,#2069,.T.);
#2720=ORIENTED_EDGE('',*,*,#2066,.F.);
#2721=ORIENTED_EDGE('',*,*,#2070,.T.);
#2722=ORIENTED_EDGE('',*,*,#2068,.F.);
#2723=ORIENTED_EDGE('',*,*,#2071,.T.);
#2724=ORIENTED_EDGE('',*,*,#2072,.T.);
#2725=ORIENTED_EDGE('',*,*,#2073,.T.);
#2726=ORIENTED_EDGE('',*,*,#2074,.T.);
#2727=ORIENTED_EDGE('',*,*,#2075,.T.);
#2728=ORIENTED_EDGE('',*,*,#2072,.F.);
#2729=ORIENTED_EDGE('',*,*,#2076,.T.);
#2730=ORIENTED_EDGE('',*,*,#2074,.F.);
#2731=ORIENTED_EDGE('',*,*,#2077,.T.);
#2732=ORIENTED_EDGE('',*,*,#2078,.T.);
#2733=ORIENTED_EDGE('',*,*,#2079,.T.);
#2734=ORIENTED_EDGE('',*,*,#2080,.T.);
#2735=ORIENTED_EDGE('',*,*,#2081,.T.);
#2736=ORIENTED_EDGE('',*,*,#2078,.F.);
#2737=ORIENTED_EDGE('',*,*,#2082,.T.);
#2738=ORIENTED_EDGE('',*,*,#2083,.T.);
#2739=ORIENTED_EDGE('',*,*,#2084,.T.);
#2740=ORIENTED_EDGE('',*,*,#2080,.F.);
#2741=ORIENTED_EDGE('',*,*,#2085,.T.);
#2742=ORIENTED_EDGE('',*,*,#2085,.F.);
#2743=ORIENTED_EDGE('',*,*,#2082,.F.);
#2744=ORIENTED_EDGE('',*,*,#2077,.F.);
#2745=ORIENTED_EDGE('',*,*,#2076,.F.);
#2746=ORIENTED_EDGE('',*,*,#2071,.F.);
#2747=ORIENTED_EDGE('',*,*,#2070,.F.);
#2748=ORIENTED_EDGE('',*,*,#2065,.F.);
#2749=ORIENTED_EDGE('',*,*,#2064,.F.);
#2750=ORIENTED_EDGE('',*,*,#2059,.F.);
#2751=ORIENTED_EDGE('',*,*,#2058,.F.);
#2752=ORIENTED_EDGE('',*,*,#2055,.F.);
#2753=ORIENTED_EDGE('',*,*,#2050,.F.);
#2754=ORIENTED_EDGE('',*,*,#2049,.F.);
#2755=ORIENTED_EDGE('',*,*,#2044,.F.);
#2756=ORIENTED_EDGE('',*,*,#2043,.F.);
#2757=ORIENTED_EDGE('',*,*,#2038,.F.);
#2758=ORIENTED_EDGE('',*,*,#2037,.F.);
#2759=ORIENTED_EDGE('',*,*,#2032,.F.);
#2760=ORIENTED_EDGE('',*,*,#2086,.F.);
#2761=ORIENTED_EDGE('',*,*,#2087,.T.);
#2762=ORIENTED_EDGE('',*,*,#2017,.T.);
#2763=ORIENTED_EDGE('',*,*,#2020,.T.);
#2764=ORIENTED_EDGE('',*,*,#2022,.F.);
#2765=ORIENTED_EDGE('',*,*,#2024,.T.);
#2766=ORIENTED_EDGE('',*,*,#2026,.T.);
#2767=ORIENTED_EDGE('',*,*,#2030,.T.);
#2768=ORIENTED_EDGE('',*,*,#2088,.T.);
#2769=ORIENTED_EDGE('',*,*,#2089,.T.);
#2770=ORIENTED_EDGE('',*,*,#2090,.T.);
#2771=ORIENTED_EDGE('',*,*,#2091,.T.);
#2772=ORIENTED_EDGE('',*,*,#2092,.T.);
#2773=ORIENTED_EDGE('',*,*,#2093,.T.);
#2774=ORIENTED_EDGE('',*,*,#2094,.T.);
#2775=ORIENTED_EDGE('',*,*,#2095,.T.);
#2776=ORIENTED_EDGE('',*,*,#2096,.T.);
#2777=ORIENTED_EDGE('',*,*,#2097,.F.);
#2778=ORIENTED_EDGE('',*,*,#2098,.T.);
#2779=ORIENTED_EDGE('',*,*,#2099,.T.);
#2780=ORIENTED_EDGE('',*,*,#2100,.F.);
#2781=ORIENTED_EDGE('',*,*,#2101,.T.);
#2782=ORIENTED_EDGE('',*,*,#2102,.F.);
#2783=ORIENTED_EDGE('',*,*,#2103,.T.);
#2784=ORIENTED_EDGE('',*,*,#2104,.F.);
#2785=ORIENTED_EDGE('',*,*,#2105,.T.);
#2786=ORIENTED_EDGE('',*,*,#2106,.F.);
#2787=ORIENTED_EDGE('',*,*,#2107,.T.);
#2788=ORIENTED_EDGE('',*,*,#2108,.T.);
#2789=ORIENTED_EDGE('',*,*,#2109,.T.);
#2790=ORIENTED_EDGE('',*,*,#2110,.T.);
#2791=ORIENTED_EDGE('',*,*,#2111,.T.);
#2792=ORIENTED_EDGE('',*,*,#2108,.F.);
#2793=ORIENTED_EDGE('',*,*,#2112,.T.);
#2794=ORIENTED_EDGE('',*,*,#2113,.T.);
#2795=ORIENTED_EDGE('',*,*,#2114,.T.);
#2796=ORIENTED_EDGE('',*,*,#2115,.F.);
#2797=ORIENTED_EDGE('',*,*,#2116,.T.);
#2798=ORIENTED_EDGE('',*,*,#2113,.F.);
#2799=ORIENTED_EDGE('',*,*,#2117,.T.);
#2800=ORIENTED_EDGE('',*,*,#2118,.T.);
#2801=ORIENTED_EDGE('',*,*,#2119,.T.);
#2802=ORIENTED_EDGE('',*,*,#2120,.T.);
#2803=ORIENTED_EDGE('',*,*,#2121,.T.);
#2804=ORIENTED_EDGE('',*,*,#2122,.T.);
#2805=ORIENTED_EDGE('',*,*,#2123,.F.);
#2806=ORIENTED_EDGE('',*,*,#2124,.T.);
#2807=ORIENTED_EDGE('',*,*,#2125,.T.);
#2808=ORIENTED_EDGE('',*,*,#2126,.T.);
#2809=ORIENTED_EDGE('',*,*,#2125,.F.);
#2810=ORIENTED_EDGE('',*,*,#2127,.T.);
#2811=ORIENTED_EDGE('',*,*,#2128,.T.);
#2812=ORIENTED_EDGE('',*,*,#2129,.T.);
#2813=ORIENTED_EDGE('',*,*,#2130,.T.);
#2814=ORIENTED_EDGE('',*,*,#2131,.T.);
#2815=ORIENTED_EDGE('',*,*,#2128,.F.);
#2816=ORIENTED_EDGE('',*,*,#2132,.T.);
#2817=ORIENTED_EDGE('',*,*,#2130,.F.);
#2818=ORIENTED_EDGE('',*,*,#2133,.T.);
#2819=ORIENTED_EDGE('',*,*,#2121,.F.);
#2820=ORIENTED_EDGE('',*,*,#2119,.F.);
#2821=ORIENTED_EDGE('',*,*,#2134,.T.);
#2822=ORIENTED_EDGE('',*,*,#2110,.F.);
#2823=ORIENTED_EDGE('',*,*,#2117,.F.);
#2824=ORIENTED_EDGE('',*,*,#2135,.F.);
#2825=ORIENTED_EDGE('',*,*,#2094,.F.);
#2826=ORIENTED_EDGE('',*,*,#2136,.T.);
#2827=ORIENTED_EDGE('',*,*,#2137,.T.);
#2828=ORIENTED_EDGE('',*,*,#2112,.F.);
#2829=ORIENTED_EDGE('',*,*,#2138,.T.);
#2830=ORIENTED_EDGE('',*,*,#2095,.F.);
#2831=ORIENTED_EDGE('',*,*,#2135,.T.);
#2832=ORIENTED_EDGE('',*,*,#2111,.F.);
#2833=ORIENTED_EDGE('',*,*,#2139,.F.);
#2834=ORIENTED_EDGE('',*,*,#2096,.F.);
#2835=ORIENTED_EDGE('',*,*,#2138,.F.);
#2836=ORIENTED_EDGE('',*,*,#2134,.F.);
#2837=ORIENTED_EDGE('',*,*,#2140,.T.);
#2838=ORIENTED_EDGE('',*,*,#2097,.T.);
#2839=ORIENTED_EDGE('',*,*,#2139,.T.);
#2840=ORIENTED_EDGE('',*,*,#2122,.F.);
#2841=ORIENTED_EDGE('',*,*,#2141,.F.);
#2842=ORIENTED_EDGE('',*,*,#2098,.F.);
#2843=ORIENTED_EDGE('',*,*,#2140,.F.);
#2844=ORIENTED_EDGE('',*,*,#2133,.F.);
#2845=ORIENTED_EDGE('',*,*,#2142,.T.);
#2846=ORIENTED_EDGE('',*,*,#2083,.F.);
#2847=ORIENTED_EDGE('',*,*,#2141,.T.);
#2848=ORIENTED_EDGE('',*,*,#2142,.F.);
#2849=ORIENTED_EDGE('',*,*,#2132,.F.);
#2850=ORIENTED_EDGE('',*,*,#2143,.F.);
#2851=ORIENTED_EDGE('',*,*,#2144,.F.);
#2852=ORIENTED_EDGE('',*,*,#2145,.F.);
#2853=ORIENTED_EDGE('',*,*,#2084,.F.);
#2854=ORIENTED_EDGE('',*,*,#2127,.F.);
#2855=ORIENTED_EDGE('',*,*,#2146,.T.);
#2856=ORIENTED_EDGE('',*,*,#2147,.F.);
#2857=ORIENTED_EDGE('',*,*,#2143,.T.);
#2858=ORIENTED_EDGE('',*,*,#2124,.F.);
#2859=ORIENTED_EDGE('',*,*,#2148,.F.);
#2860=ORIENTED_EDGE('',*,*,#2149,.T.);
#2861=ORIENTED_EDGE('',*,*,#2150,.F.);
#2862=ORIENTED_EDGE('',*,*,#2151,.F.);
#2863=ORIENTED_EDGE('',*,*,#2146,.F.);
#2864=ORIENTED_EDGE('',*,*,#2152,.T.);
#2865=ORIENTED_EDGE('',*,*,#2153,.T.);
#2866=ORIENTED_EDGE('',*,*,#2154,.T.);
#2867=ORIENTED_EDGE('',*,*,#1957,.T.);
#2868=ORIENTED_EDGE('',*,*,#2152,.F.);
#2869=ORIENTED_EDGE('',*,*,#1987,.T.);
#2870=ORIENTED_EDGE('',*,*,#2155,.T.);
#2871=ORIENTED_EDGE('',*,*,#2156,.T.);
#2872=ORIENTED_EDGE('',*,*,#2157,.T.);
#2873=ORIENTED_EDGE('',*,*,#2158,.T.);
#2874=ORIENTED_EDGE('',*,*,#2155,.F.);
#2875=ORIENTED_EDGE('',*,*,#1989,.T.);
#2876=ORIENTED_EDGE('',*,*,#2157,.F.);
#2877=ORIENTED_EDGE('',*,*,#1991,.T.);
#2878=ORIENTED_EDGE('',*,*,#2159,.T.);
#2879=ORIENTED_EDGE('',*,*,#2160,.T.);
#2880=ORIENTED_EDGE('',*,*,#2161,.T.);
#2881=ORIENTED_EDGE('',*,*,#2162,.T.);
#2882=ORIENTED_EDGE('',*,*,#2159,.F.);
#2883=ORIENTED_EDGE('',*,*,#1995,.T.);
#2884=ORIENTED_EDGE('',*,*,#2161,.F.);
#2885=ORIENTED_EDGE('',*,*,#2163,.T.);
#2886=ORIENTED_EDGE('',*,*,#2164,.T.);
#2887=ORIENTED_EDGE('',*,*,#2165,.T.);
#2888=ORIENTED_EDGE('',*,*,#2166,.T.);
#2889=ORIENTED_EDGE('',*,*,#2167,.T.);
#2890=ORIENTED_EDGE('',*,*,#2164,.F.);
#2891=ORIENTED_EDGE('',*,*,#2168,.T.);
#2892=ORIENTED_EDGE('',*,*,#2166,.F.);
#2893=ORIENTED_EDGE('',*,*,#2169,.T.);
#2894=ORIENTED_EDGE('',*,*,#2170,.T.);
#2895=ORIENTED_EDGE('',*,*,#2171,.T.);
#2896=ORIENTED_EDGE('',*,*,#2172,.T.);
#2897=ORIENTED_EDGE('',*,*,#2173,.T.);
#2898=ORIENTED_EDGE('',*,*,#2170,.F.);
#2899=ORIENTED_EDGE('',*,*,#2174,.T.);
#2900=ORIENTED_EDGE('',*,*,#2172,.F.);
#2901=ORIENTED_EDGE('',*,*,#2175,.T.);
#2902=ORIENTED_EDGE('',*,*,#2176,.T.);
#2903=ORIENTED_EDGE('',*,*,#2177,.T.);
#2904=ORIENTED_EDGE('',*,*,#2178,.T.);
#2905=ORIENTED_EDGE('',*,*,#2179,.T.);
#2906=ORIENTED_EDGE('',*,*,#2176,.F.);
#2907=ORIENTED_EDGE('',*,*,#2180,.T.);
#2908=ORIENTED_EDGE('',*,*,#2178,.F.);
#2909=ORIENTED_EDGE('',*,*,#2181,.T.);
#2910=ORIENTED_EDGE('',*,*,#2182,.T.);
#2911=ORIENTED_EDGE('',*,*,#2183,.T.);
#2912=ORIENTED_EDGE('',*,*,#2184,.T.);
#2913=ORIENTED_EDGE('',*,*,#2185,.T.);
#2914=ORIENTED_EDGE('',*,*,#2182,.F.);
#2915=ORIENTED_EDGE('',*,*,#2186,.T.);
#2916=ORIENTED_EDGE('',*,*,#2184,.F.);
#2917=ORIENTED_EDGE('',*,*,#2187,.T.);
#2918=ORIENTED_EDGE('',*,*,#2188,.T.);
#2919=ORIENTED_EDGE('',*,*,#2189,.T.);
#2920=ORIENTED_EDGE('',*,*,#2188,.F.);
#2921=ORIENTED_EDGE('',*,*,#2190,.T.);
#2922=ORIENTED_EDGE('',*,*,#2191,.T.);
#2923=ORIENTED_EDGE('',*,*,#2192,.T.);
#2924=ORIENTED_EDGE('',*,*,#2193,.T.);
#2925=ORIENTED_EDGE('',*,*,#2194,.T.);
#2926=ORIENTED_EDGE('',*,*,#2191,.F.);
#2927=ORIENTED_EDGE('',*,*,#2195,.T.);
#2928=ORIENTED_EDGE('',*,*,#2193,.F.);
#2929=ORIENTED_EDGE('',*,*,#2196,.T.);
#2930=ORIENTED_EDGE('',*,*,#2197,.T.);
#2931=ORIENTED_EDGE('',*,*,#2198,.T.);
#2932=ORIENTED_EDGE('',*,*,#2199,.T.);
#2933=ORIENTED_EDGE('',*,*,#2200,.T.);
#2934=ORIENTED_EDGE('',*,*,#2197,.F.);
#2935=ORIENTED_EDGE('',*,*,#2201,.T.);
#2936=ORIENTED_EDGE('',*,*,#2199,.F.);
#2937=ORIENTED_EDGE('',*,*,#2202,.T.);
#2938=ORIENTED_EDGE('',*,*,#2203,.T.);
#2939=ORIENTED_EDGE('',*,*,#2204,.T.);
#2940=ORIENTED_EDGE('',*,*,#2205,.T.);
#2941=ORIENTED_EDGE('',*,*,#2206,.T.);
#2942=ORIENTED_EDGE('',*,*,#2203,.F.);
#2943=ORIENTED_EDGE('',*,*,#2207,.T.);
#2944=ORIENTED_EDGE('',*,*,#2205,.F.);
#2945=ORIENTED_EDGE('',*,*,#2208,.T.);
#2946=ORIENTED_EDGE('',*,*,#2209,.T.);
#2947=ORIENTED_EDGE('',*,*,#2210,.T.);
#2948=ORIENTED_EDGE('',*,*,#2211,.T.);
#2949=ORIENTED_EDGE('',*,*,#2212,.T.);
#2950=ORIENTED_EDGE('',*,*,#2209,.F.);
#2951=ORIENTED_EDGE('',*,*,#2213,.T.);
#2952=ORIENTED_EDGE('',*,*,#2211,.F.);
#2953=ORIENTED_EDGE('',*,*,#2214,.T.);
#2954=ORIENTED_EDGE('',*,*,#2215,.T.);
#2955=ORIENTED_EDGE('',*,*,#2216,.T.);
#2956=ORIENTED_EDGE('',*,*,#2217,.T.);
#2957=ORIENTED_EDGE('',*,*,#2218,.T.);
#2958=ORIENTED_EDGE('',*,*,#2215,.F.);
#2959=ORIENTED_EDGE('',*,*,#2144,.T.);
#2960=ORIENTED_EDGE('',*,*,#2217,.F.);
#2961=ORIENTED_EDGE('',*,*,#2147,.T.);
#2962=ORIENTED_EDGE('',*,*,#2219,.T.);
#2963=ORIENTED_EDGE('',*,*,#2220,.T.);
#2964=ORIENTED_EDGE('',*,*,#2221,.T.);
#2965=ORIENTED_EDGE('',*,*,#2222,.T.);
#2966=ORIENTED_EDGE('',*,*,#2219,.F.);
#2967=ORIENTED_EDGE('',*,*,#2151,.T.);
#2968=ORIENTED_EDGE('',*,*,#2221,.F.);
#2969=ORIENTED_EDGE('',*,*,#2223,.T.);
#2970=ORIENTED_EDGE('',*,*,#2224,.T.);
#2971=ORIENTED_EDGE('',*,*,#2225,.T.);
#2972=ORIENTED_EDGE('',*,*,#2224,.F.);
#2973=ORIENTED_EDGE('',*,*,#2226,.T.);
#2974=ORIENTED_EDGE('',*,*,#2227,.T.);
#2975=ORIENTED_EDGE('',*,*,#2228,.T.);
#2976=ORIENTED_EDGE('',*,*,#2227,.F.);
#2977=ORIENTED_EDGE('',*,*,#2229,.T.);
#2978=ORIENTED_EDGE('',*,*,#2154,.F.);
#2979=ORIENTED_EDGE('',*,*,#2230,.T.);
#2980=ORIENTED_EDGE('',*,*,#2057,.F.);
#2981=ORIENTED_EDGE('',*,*,#2231,.T.);
#2982=ORIENTED_EDGE('',*,*,#2190,.F.);
#2983=ORIENTED_EDGE('',*,*,#2232,.T.);
#2984=ORIENTED_EDGE('',*,*,#2054,.F.);
#2985=ORIENTED_EDGE('',*,*,#2232,.F.);
#2986=ORIENTED_EDGE('',*,*,#2187,.F.);
#2987=ORIENTED_EDGE('',*,*,#2233,.T.);
#2988=ORIENTED_EDGE('',*,*,#2052,.F.);
#2989=ORIENTED_EDGE('',*,*,#2233,.F.);
#2990=ORIENTED_EDGE('',*,*,#2186,.F.);
#2991=ORIENTED_EDGE('',*,*,#2234,.F.);
#2992=ORIENTED_EDGE('',*,*,#2048,.F.);
#2993=ORIENTED_EDGE('',*,*,#2234,.T.);
#2994=ORIENTED_EDGE('',*,*,#2181,.F.);
#2995=ORIENTED_EDGE('',*,*,#2235,.T.);
#2996=ORIENTED_EDGE('',*,*,#2046,.F.);
#2997=ORIENTED_EDGE('',*,*,#2235,.F.);
#2998=ORIENTED_EDGE('',*,*,#2180,.F.);
#2999=ORIENTED_EDGE('',*,*,#2236,.F.);
#3000=ORIENTED_EDGE('',*,*,#2042,.F.);
#3001=ORIENTED_EDGE('',*,*,#2236,.T.);
#3002=ORIENTED_EDGE('',*,*,#2175,.F.);
#3003=ORIENTED_EDGE('',*,*,#2237,.T.);
#3004=ORIENTED_EDGE('',*,*,#2040,.F.);
#3005=ORIENTED_EDGE('',*,*,#2237,.F.);
#3006=ORIENTED_EDGE('',*,*,#2174,.F.);
#3007=ORIENTED_EDGE('',*,*,#2238,.F.);
#3008=ORIENTED_EDGE('',*,*,#2036,.F.);
#3009=ORIENTED_EDGE('',*,*,#2238,.T.);
#3010=ORIENTED_EDGE('',*,*,#2169,.F.);
#3011=ORIENTED_EDGE('',*,*,#2239,.T.);
#3012=ORIENTED_EDGE('',*,*,#2034,.F.);
#3013=ORIENTED_EDGE('',*,*,#2239,.F.);
#3014=ORIENTED_EDGE('',*,*,#2168,.F.);
#3015=ORIENTED_EDGE('',*,*,#2240,.F.);
#3016=ORIENTED_EDGE('',*,*,#2241,.T.);
#3017=ORIENTED_EDGE('',*,*,#2242,.F.);
#3018=ORIENTED_EDGE('',*,*,#2243,.F.);
#3019=ORIENTED_EDGE('',*,*,#2244,.F.);
#3020=ORIENTED_EDGE('',*,*,#2163,.F.);
#3021=ORIENTED_EDGE('',*,*,#1994,.T.);
#3022=ORIENTED_EDGE('',*,*,#2245,.T.);
#3023=ORIENTED_EDGE('',*,*,#2240,.T.);
#3024=ORIENTED_EDGE('',*,*,#2153,.F.);
#3025=ORIENTED_EDGE('',*,*,#2156,.F.);
#3026=ORIENTED_EDGE('',*,*,#2158,.F.);
#3027=ORIENTED_EDGE('',*,*,#2160,.F.);
#3028=ORIENTED_EDGE('',*,*,#2162,.F.);
#3029=ORIENTED_EDGE('',*,*,#2165,.F.);
#3030=ORIENTED_EDGE('',*,*,#2167,.F.);
#3031=ORIENTED_EDGE('',*,*,#2171,.F.);
#3032=ORIENTED_EDGE('',*,*,#2173,.F.);
#3033=ORIENTED_EDGE('',*,*,#2177,.F.);
#3034=ORIENTED_EDGE('',*,*,#2179,.F.);
#3035=ORIENTED_EDGE('',*,*,#2183,.F.);
#3036=ORIENTED_EDGE('',*,*,#2185,.F.);
#3037=ORIENTED_EDGE('',*,*,#2189,.F.);
#3038=ORIENTED_EDGE('',*,*,#2192,.F.);
#3039=ORIENTED_EDGE('',*,*,#2194,.F.);
#3040=ORIENTED_EDGE('',*,*,#2198,.F.);
#3041=ORIENTED_EDGE('',*,*,#2200,.F.);
#3042=ORIENTED_EDGE('',*,*,#2204,.F.);
#3043=ORIENTED_EDGE('',*,*,#2206,.F.);
#3044=ORIENTED_EDGE('',*,*,#2210,.F.);
#3045=ORIENTED_EDGE('',*,*,#2212,.F.);
#3046=ORIENTED_EDGE('',*,*,#2216,.F.);
#3047=ORIENTED_EDGE('',*,*,#2218,.F.);
#3048=ORIENTED_EDGE('',*,*,#2220,.F.);
#3049=ORIENTED_EDGE('',*,*,#2222,.F.);
#3050=ORIENTED_EDGE('',*,*,#2225,.F.);
#3051=ORIENTED_EDGE('',*,*,#2228,.F.);
#3052=ORIENTED_EDGE('',*,*,#2230,.F.);
#3053=ORIENTED_EDGE('',*,*,#2246,.T.);
#3054=ORIENTED_EDGE('',*,*,#2247,.F.);
#3055=ORIENTED_EDGE('',*,*,#2248,.T.);
#3056=ORIENTED_EDGE('',*,*,#2249,.F.);
#3057=ORIENTED_EDGE('',*,*,#2250,.T.);
#3058=ORIENTED_EDGE('',*,*,#2251,.F.);
#3059=ORIENTED_EDGE('',*,*,#2252,.T.);
#3060=ORIENTED_EDGE('',*,*,#2253,.F.);
#3061=ORIENTED_EDGE('',*,*,#2254,.T.);
#3062=ORIENTED_EDGE('',*,*,#2255,.T.);
#3063=ORIENTED_EDGE('',*,*,#2256,.T.);
#3064=ORIENTED_EDGE('',*,*,#2257,.T.);
#3065=ORIENTED_EDGE('',*,*,#2258,.T.);
#3066=ORIENTED_EDGE('',*,*,#2259,.T.);
#3067=ORIENTED_EDGE('',*,*,#2260,.T.);
#3068=ORIENTED_EDGE('',*,*,#2261,.T.);
#3069=ORIENTED_EDGE('',*,*,#2262,.T.);
#3070=ORIENTED_EDGE('',*,*,#2263,.T.);
#3071=ORIENTED_EDGE('',*,*,#2264,.T.);
#3072=ORIENTED_EDGE('',*,*,#2265,.T.);
#3073=ORIENTED_EDGE('',*,*,#2266,.T.);
#3074=ORIENTED_EDGE('',*,*,#2265,.F.);
#3075=ORIENTED_EDGE('',*,*,#2267,.T.);
#3076=ORIENTED_EDGE('',*,*,#1951,.F.);
#3077=ORIENTED_EDGE('',*,*,#1965,.T.);
#3078=ORIENTED_EDGE('',*,*,#2262,.F.);
#3079=ORIENTED_EDGE('',*,*,#2268,.T.);
#3080=ORIENTED_EDGE('',*,*,#2266,.F.);
#3081=ORIENTED_EDGE('',*,*,#1964,.T.);
#3082=ORIENTED_EDGE('',*,*,#2263,.F.);
#3083=ORIENTED_EDGE('',*,*,#1963,.T.);
#3084=ORIENTED_EDGE('',*,*,#2269,.T.);
#3085=ORIENTED_EDGE('',*,*,#2270,.T.);
#3086=ORIENTED_EDGE('',*,*,#2271,.T.);
#3087=ORIENTED_EDGE('',*,*,#2272,.T.);
#3088=ORIENTED_EDGE('',*,*,#2269,.F.);
#3089=ORIENTED_EDGE('',*,*,#1962,.T.);
#3090=ORIENTED_EDGE('',*,*,#2259,.F.);
#3091=ORIENTED_EDGE('',*,*,#2273,.T.);
#3092=ORIENTED_EDGE('',*,*,#2271,.F.);
#3093=ORIENTED_EDGE('',*,*,#1961,.T.);
#3094=ORIENTED_EDGE('',*,*,#2256,.F.);
#3095=ORIENTED_EDGE('',*,*,#2274,.T.);
#3096=ORIENTED_EDGE('',*,*,#2260,.F.);
#3097=ORIENTED_EDGE('',*,*,#1960,.T.);
#3098=ORIENTED_EDGE('',*,*,#2257,.F.);
#3099=ORIENTED_EDGE('',*,*,#1959,.T.);
#3100=ORIENTED_EDGE('',*,*,#2275,.T.);
#3101=ORIENTED_EDGE('',*,*,#2276,.T.);
#3102=ORIENTED_EDGE('',*,*,#2229,.F.);
#3103=ORIENTED_EDGE('',*,*,#2277,.T.);
#3104=ORIENTED_EDGE('',*,*,#2275,.F.);
#3105=ORIENTED_EDGE('',*,*,#1958,.T.);
#3106=ORIENTED_EDGE('',*,*,#2264,.F.);
#3107=ORIENTED_EDGE('',*,*,#2278,.T.);
#3108=ORIENTED_EDGE('',*,*,#2279,.F.);
#3109=ORIENTED_EDGE('',*,*,#2280,.T.);
#3110=ORIENTED_EDGE('',*,*,#2268,.F.);
#3111=ORIENTED_EDGE('',*,*,#2281,.F.);
#3112=ORIENTED_EDGE('',*,*,#2282,.F.);
#3113=ORIENTED_EDGE('',*,*,#2278,.F.);
#3114=ORIENTED_EDGE('',*,*,#2261,.F.);
#3115=ORIENTED_EDGE('',*,*,#2283,.T.);
#3116=ORIENTED_EDGE('',*,*,#2284,.F.);
#3117=ORIENTED_EDGE('',*,*,#2281,.T.);
#3118=ORIENTED_EDGE('',*,*,#2270,.F.);
#3119=ORIENTED_EDGE('',*,*,#2285,.T.);
#3120=ORIENTED_EDGE('',*,*,#2286,.F.);
#3121=ORIENTED_EDGE('',*,*,#2287,.F.);
#3122=ORIENTED_EDGE('',*,*,#2283,.F.);
#3123=ORIENTED_EDGE('',*,*,#2272,.F.);
#3124=ORIENTED_EDGE('',*,*,#2288,.F.);
#3125=ORIENTED_EDGE('',*,*,#2289,.T.);
#3126=ORIENTED_EDGE('',*,*,#2290,.F.);
#3127=ORIENTED_EDGE('',*,*,#2285,.F.);
#3128=ORIENTED_EDGE('',*,*,#2273,.F.);
#3129=ORIENTED_EDGE('',*,*,#2291,.F.);
#3130=ORIENTED_EDGE('',*,*,#2292,.T.);
#3131=ORIENTED_EDGE('',*,*,#2293,.F.);
#3132=ORIENTED_EDGE('',*,*,#2294,.F.);
#3133=ORIENTED_EDGE('',*,*,#2288,.T.);
#3134=ORIENTED_EDGE('',*,*,#2258,.F.);
#3135=ORIENTED_EDGE('',*,*,#2295,.T.);
#3136=ORIENTED_EDGE('',*,*,#2296,.T.);
#3137=ORIENTED_EDGE('',*,*,#2291,.T.);
#3138=ORIENTED_EDGE('',*,*,#2274,.F.);
#3139=ORIENTED_EDGE('',*,*,#2297,.F.);
#3140=ORIENTED_EDGE('',*,*,#2298,.T.);
#3141=ORIENTED_EDGE('',*,*,#2295,.F.);
#3142=ORIENTED_EDGE('',*,*,#2255,.F.);
#3143=ORIENTED_EDGE('',*,*,#2299,.T.);
#3144=ORIENTED_EDGE('',*,*,#2300,.T.);
#3145=ORIENTED_EDGE('',*,*,#2297,.T.);
#3146=ORIENTED_EDGE('',*,*,#2276,.F.);
#3147=ORIENTED_EDGE('',*,*,#2301,.T.);
#3148=ORIENTED_EDGE('',*,*,#2302,.F.);
#3149=ORIENTED_EDGE('',*,*,#2303,.F.);
#3150=ORIENTED_EDGE('',*,*,#2304,.T.);
#3151=ORIENTED_EDGE('',*,*,#2299,.F.);
#3152=ORIENTED_EDGE('',*,*,#2226,.F.);
#3153=ORIENTED_EDGE('',*,*,#2305,.F.);
#3154=ORIENTED_EDGE('',*,*,#2306,.F.);
#3155=ORIENTED_EDGE('',*,*,#2307,.F.);
#3156=ORIENTED_EDGE('',*,*,#2308,.F.);
#3157=ORIENTED_EDGE('',*,*,#2301,.F.);
#3158=ORIENTED_EDGE('',*,*,#2277,.F.);
#3159=ORIENTED_EDGE('',*,*,#2223,.F.);
#3160=ORIENTED_EDGE('',*,*,#2150,.T.);
#3161=ORIENTED_EDGE('',*,*,#2309,.T.);
#3162=ORIENTED_EDGE('',*,*,#2310,.T.);
#3163=ORIENTED_EDGE('',*,*,#2305,.T.);
#3164=ORIENTED_EDGE('',*,*,#2310,.F.);
#3165=ORIENTED_EDGE('',*,*,#2311,.T.);
#3166=ORIENTED_EDGE('',*,*,#2312,.T.);
#3167=ORIENTED_EDGE('',*,*,#2306,.T.);
#3168=ORIENTED_EDGE('',*,*,#2313,.T.);
#3169=ORIENTED_EDGE('',*,*,#2314,.T.);
#3170=ORIENTED_EDGE('',*,*,#2315,.T.);
#3171=ORIENTED_EDGE('',*,*,#2287,.T.);
#3172=ORIENTED_EDGE('',*,*,#2316,.T.);
#3173=ORIENTED_EDGE('',*,*,#2317,.T.);
#3174=ORIENTED_EDGE('',*,*,#2318,.T.);
#3175=ORIENTED_EDGE('',*,*,#2319,.T.);
#3176=ORIENTED_EDGE('',*,*,#2282,.T.);
#3177=ORIENTED_EDGE('',*,*,#1936,.F.);
#3178=ORIENTED_EDGE('',*,*,#2320,.T.);
#3179=ORIENTED_EDGE('',*,*,#2321,.T.);
#3180=ORIENTED_EDGE('',*,*,#2322,.T.);
#3181=ORIENTED_EDGE('',*,*,#2323,.T.);
#3182=ORIENTED_EDGE('',*,*,#2324,.T.);
#3183=ORIENTED_EDGE('',*,*,#2321,.F.);
#3184=ORIENTED_EDGE('',*,*,#2325,.T.);
#3185=ORIENTED_EDGE('',*,*,#2323,.F.);
#3186=ORIENTED_EDGE('',*,*,#2279,.T.);
#3187=ORIENTED_EDGE('',*,*,#2319,.F.);
#3188=ORIENTED_EDGE('',*,*,#2317,.F.);
#3189=ORIENTED_EDGE('',*,*,#2284,.T.);
#3190=ORIENTED_EDGE('',*,*,#2315,.F.);
#3191=ORIENTED_EDGE('',*,*,#2326,.T.);
#3192=ORIENTED_EDGE('',*,*,#2316,.F.);
#3193=ORIENTED_EDGE('',*,*,#2286,.T.);
#3194=ORIENTED_EDGE('',*,*,#2327,.T.);
#3195=ORIENTED_EDGE('',*,*,#2328,.T.);
#3196=ORIENTED_EDGE('',*,*,#2327,.F.);
#3197=ORIENTED_EDGE('',*,*,#2290,.T.);
#3198=ORIENTED_EDGE('',*,*,#2267,.F.);
#3199=ORIENTED_EDGE('',*,*,#2280,.F.);
#3200=ORIENTED_EDGE('',*,*,#2325,.F.);
#3201=ORIENTED_EDGE('',*,*,#2329,.T.);
#3202=ORIENTED_EDGE('',*,*,#1933,.F.);
#3203=ORIENTED_EDGE('',*,*,#1952,.F.);
#3204=ORIENTED_EDGE('',*,*,#2329,.F.);
#3205=ORIENTED_EDGE('',*,*,#2320,.F.);
#3206=ORIENTED_EDGE('',*,*,#2330,.T.);
#3207=ORIENTED_EDGE('',*,*,#2307,.T.);
#3208=ORIENTED_EDGE('',*,*,#2312,.F.);
#3209=ORIENTED_EDGE('',*,*,#2331,.T.);
#3210=ORIENTED_EDGE('',*,*,#2332,.T.);
#3211=ORIENTED_EDGE('',*,*,#2308,.T.);
#3212=ORIENTED_EDGE('',*,*,#2330,.F.);
#3213=ORIENTED_EDGE('',*,*,#2333,.T.);
#3214=ORIENTED_EDGE('',*,*,#2334,.T.);
#3215=ORIENTED_EDGE('',*,*,#2302,.T.);
#3216=ORIENTED_EDGE('',*,*,#2332,.F.);
#3217=ORIENTED_EDGE('',*,*,#2335,.T.);
#3218=ORIENTED_EDGE('',*,*,#2336,.T.);
#3219=ORIENTED_EDGE('',*,*,#2337,.T.);
#3220=ORIENTED_EDGE('',*,*,#2338,.T.);
#3221=ORIENTED_EDGE('',*,*,#2339,.T.);
#3222=ORIENTED_EDGE('',*,*,#2336,.F.);
#3223=ORIENTED_EDGE('',*,*,#2340,.T.);
#3224=ORIENTED_EDGE('',*,*,#2334,.F.);
#3225=ORIENTED_EDGE('',*,*,#2341,.T.);
#3226=ORIENTED_EDGE('',*,*,#2342,.T.);
#3227=ORIENTED_EDGE('',*,*,#2343,.T.);
#3228=ORIENTED_EDGE('',*,*,#2294,.T.);
#3229=ORIENTED_EDGE('',*,*,#2289,.F.);
#3230=ORIENTED_EDGE('',*,*,#2343,.F.);
#3231=ORIENTED_EDGE('',*,*,#2344,.T.);
#3232=ORIENTED_EDGE('',*,*,#2345,.F.);
#3233=ORIENTED_EDGE('',*,*,#2313,.F.);
#3234=ORIENTED_EDGE('',*,*,#2326,.F.);
#3235=ORIENTED_EDGE('',*,*,#2328,.F.);
#3236=ORIENTED_EDGE('',*,*,#2341,.F.);
#3237=ORIENTED_EDGE('',*,*,#2346,.T.);
#3238=ORIENTED_EDGE('',*,*,#2338,.F.);
#3239=ORIENTED_EDGE('',*,*,#2309,.F.);
#3240=ORIENTED_EDGE('',*,*,#2149,.F.);
#3241=ORIENTED_EDGE('',*,*,#2347,.F.);
#3242=ORIENTED_EDGE('',*,*,#2348,.F.);
#3243=ORIENTED_EDGE('',*,*,#2349,.F.);
#3244=ORIENTED_EDGE('',*,*,#2311,.F.);
#3245=ORIENTED_EDGE('',*,*,#2340,.F.);
#3246=ORIENTED_EDGE('',*,*,#2350,.T.);
#3247=ORIENTED_EDGE('',*,*,#2351,.T.);
#3248=ORIENTED_EDGE('',*,*,#2303,.T.);
#3249=ORIENTED_EDGE('',*,*,#2339,.F.);
#3250=ORIENTED_EDGE('',*,*,#2352,.F.);
#3251=ORIENTED_EDGE('',*,*,#2353,.T.);
#3252=ORIENTED_EDGE('',*,*,#2354,.T.);
#3253=ORIENTED_EDGE('',*,*,#2350,.F.);
#3254=ORIENTED_EDGE('',*,*,#2346,.F.);
#3255=ORIENTED_EDGE('',*,*,#2293,.T.);
#3256=ORIENTED_EDGE('',*,*,#2355,.T.);
#3257=ORIENTED_EDGE('',*,*,#2352,.T.);
#3258=ORIENTED_EDGE('',*,*,#2356,.T.);
#3259=ORIENTED_EDGE('',*,*,#2357,.F.);
#3260=ORIENTED_EDGE('',*,*,#2358,.F.);
#3261=ORIENTED_EDGE('',*,*,#2359,.T.);
#3262=ORIENTED_EDGE('',*,*,#2356,.F.);
#3263=ORIENTED_EDGE('',*,*,#2359,.F.);
#3264=ORIENTED_EDGE('',*,*,#2357,.T.);
#3265=ORIENTED_EDGE('',*,*,#2360,.T.);
#3266=ORIENTED_EDGE('',*,*,#2353,.F.);
#3267=ORIENTED_EDGE('',*,*,#2355,.F.);
#3268=ORIENTED_EDGE('',*,*,#2292,.F.);
#3269=ORIENTED_EDGE('',*,*,#2296,.F.);
#3270=ORIENTED_EDGE('',*,*,#2298,.F.);
#3271=ORIENTED_EDGE('',*,*,#2300,.F.);
#3272=ORIENTED_EDGE('',*,*,#2304,.F.);
#3273=ORIENTED_EDGE('',*,*,#2351,.F.);
#3274=ORIENTED_EDGE('',*,*,#2354,.F.);
#3275=ORIENTED_EDGE('',*,*,#2360,.F.);
#3276=ORIENTED_EDGE('',*,*,#1944,.F.);
#3277=ORIENTED_EDGE('',*,*,#2322,.F.);
#3278=ORIENTED_EDGE('',*,*,#2324,.F.);
#3279=ORIENTED_EDGE('',*,*,#2318,.F.);
#3280=ORIENTED_EDGE('',*,*,#2314,.F.);
#3281=ORIENTED_EDGE('',*,*,#2345,.T.);
#3282=ORIENTED_EDGE('',*,*,#2361,.T.);
#3283=ORIENTED_EDGE('',*,*,#2362,.F.);
#3284=ORIENTED_EDGE('',*,*,#2363,.F.);
#3285=ORIENTED_EDGE('',*,*,#2063,.F.);
#3286=ORIENTED_EDGE('',*,*,#2364,.T.);
#3287=ORIENTED_EDGE('',*,*,#2196,.F.);
#3288=ORIENTED_EDGE('',*,*,#2365,.T.);
#3289=ORIENTED_EDGE('',*,*,#2061,.F.);
#3290=ORIENTED_EDGE('',*,*,#2365,.F.);
#3291=ORIENTED_EDGE('',*,*,#2195,.F.);
#3292=ORIENTED_EDGE('',*,*,#2231,.F.);
#3293=ORIENTED_EDGE('',*,*,#2081,.F.);
#3294=ORIENTED_EDGE('',*,*,#2145,.T.);
#3295=ORIENTED_EDGE('',*,*,#2214,.F.);
#3296=ORIENTED_EDGE('',*,*,#2366,.T.);
#3297=ORIENTED_EDGE('',*,*,#2079,.F.);
#3298=ORIENTED_EDGE('',*,*,#2366,.F.);
#3299=ORIENTED_EDGE('',*,*,#2213,.F.);
#3300=ORIENTED_EDGE('',*,*,#2367,.F.);
#3301=ORIENTED_EDGE('',*,*,#2368,.F.);
#3302=ORIENTED_EDGE('',*,*,#2369,.F.);
#3303=ORIENTED_EDGE('',*,*,#2370,.T.);
#3304=ORIENTED_EDGE('',*,*,#2371,.F.);
#3305=ORIENTED_EDGE('',*,*,#2372,.F.);
#3306=ORIENTED_EDGE('',*,*,#2373,.F.);
#3307=ORIENTED_EDGE('',*,*,#2374,.T.);
#3308=ORIENTED_EDGE('',*,*,#2375,.F.);
#3309=ORIENTED_EDGE('',*,*,#2368,.T.);
#3310=ORIENTED_EDGE('',*,*,#2375,.T.);
#3311=ORIENTED_EDGE('',*,*,#2376,.T.);
#3312=ORIENTED_EDGE('',*,*,#2377,.T.);
#3313=ORIENTED_EDGE('',*,*,#2378,.F.);
#3314=ORIENTED_EDGE('',*,*,#2377,.F.);
#3315=ORIENTED_EDGE('',*,*,#2379,.T.);
#3316=ORIENTED_EDGE('',*,*,#2380,.F.);
#3317=ORIENTED_EDGE('',*,*,#2374,.F.);
#3318=ORIENTED_EDGE('',*,*,#2381,.F.);
#3319=ORIENTED_EDGE('',*,*,#2382,.F.);
#3320=ORIENTED_EDGE('',*,*,#2383,.F.);
#3321=ORIENTED_EDGE('',*,*,#2384,.F.);
#3322=ORIENTED_EDGE('',*,*,#2385,.T.);
#3323=ORIENTED_EDGE('',*,*,#2386,.F.);
#3324=ORIENTED_EDGE('',*,*,#2387,.T.);
#3325=ORIENTED_EDGE('',*,*,#2379,.F.);
#3326=ORIENTED_EDGE('',*,*,#2376,.F.);
#3327=ORIENTED_EDGE('',*,*,#2388,.T.);
#3328=ORIENTED_EDGE('',*,*,#2389,.T.);
#3329=ORIENTED_EDGE('',*,*,#2390,.T.);
#3330=ORIENTED_EDGE('',*,*,#2391,.T.);
#3331=ORIENTED_EDGE('',*,*,#2392,.T.);
#3332=ORIENTED_EDGE('',*,*,#2390,.F.);
#3333=ORIENTED_EDGE('',*,*,#2393,.T.);
#3334=ORIENTED_EDGE('',*,*,#2394,.T.);
#3335=ORIENTED_EDGE('',*,*,#2395,.T.);
#3336=ORIENTED_EDGE('',*,*,#2394,.F.);
#3337=ORIENTED_EDGE('',*,*,#2396,.T.);
#3338=ORIENTED_EDGE('',*,*,#2397,.T.);
#3339=ORIENTED_EDGE('',*,*,#2398,.T.);
#3340=ORIENTED_EDGE('',*,*,#2399,.T.);
#3341=ORIENTED_EDGE('',*,*,#2400,.T.);
#3342=ORIENTED_EDGE('',*,*,#2397,.F.);
#3343=ORIENTED_EDGE('',*,*,#2401,.T.);
#3344=ORIENTED_EDGE('',*,*,#2388,.F.);
#3345=ORIENTED_EDGE('',*,*,#2402,.T.);
#3346=ORIENTED_EDGE('',*,*,#2401,.F.);
#3347=ORIENTED_EDGE('',*,*,#2403,.F.);
#3348=ORIENTED_EDGE('',*,*,#2404,.F.);
#3349=ORIENTED_EDGE('',*,*,#2241,.F.);
#3350=ORIENTED_EDGE('',*,*,#2245,.F.);
#3351=ORIENTED_EDGE('',*,*,#1993,.F.);
#3352=ORIENTED_EDGE('',*,*,#2405,.F.);
#3353=ORIENTED_EDGE('',*,*,#2406,.F.);
#3354=ORIENTED_EDGE('',*,*,#2369,.T.);
#3355=ORIENTED_EDGE('',*,*,#2380,.T.);
#3356=ORIENTED_EDGE('',*,*,#2387,.F.);
#3357=ORIENTED_EDGE('',*,*,#2407,.T.);
#3358=ORIENTED_EDGE('',*,*,#2408,.T.);
#3359=ORIENTED_EDGE('',*,*,#2402,.F.);
#3360=ORIENTED_EDGE('',*,*,#2391,.F.);
#3361=ORIENTED_EDGE('',*,*,#2392,.F.);
#3362=ORIENTED_EDGE('',*,*,#2395,.F.);
#3363=ORIENTED_EDGE('',*,*,#2409,.F.);
#3364=ORIENTED_EDGE('',*,*,#2410,.F.);
#3365=ORIENTED_EDGE('',*,*,#2403,.T.);
#3366=ORIENTED_EDGE('',*,*,#2400,.F.);
#3367=ORIENTED_EDGE('',*,*,#2411,.T.);
#3368=ORIENTED_EDGE('',*,*,#2412,.F.);
#3369=ORIENTED_EDGE('',*,*,#2413,.T.);
#3370=ORIENTED_EDGE('',*,*,#2414,.F.);
#3371=ORIENTED_EDGE('',*,*,#2409,.T.);
#3372=ORIENTED_EDGE('',*,*,#2415,.F.);
#3373=ORIENTED_EDGE('',*,*,#2416,.T.);
#3374=ORIENTED_EDGE('',*,*,#2417,.T.);
#3375=ORIENTED_EDGE('',*,*,#2418,.T.);
#3376=ORIENTED_EDGE('',*,*,#2416,.F.);
#3377=ORIENTED_EDGE('',*,*,#2419,.F.);
#3378=ORIENTED_EDGE('',*,*,#2420,.F.);
#3379=ORIENTED_EDGE('',*,*,#2421,.F.);
#3380=ORIENTED_EDGE('',*,*,#2422,.F.);
#3381=ORIENTED_EDGE('',*,*,#2423,.T.);
#3382=ORIENTED_EDGE('',*,*,#2424,.T.);
#3383=ORIENTED_EDGE('',*,*,#2425,.T.);
#3384=ORIENTED_EDGE('',*,*,#2371,.T.);
#3385=ORIENTED_EDGE('',*,*,#2426,.T.);
#3386=ORIENTED_EDGE('',*,*,#2422,.T.);
#3387=ORIENTED_EDGE('',*,*,#2427,.T.);
#3388=ORIENTED_EDGE('',*,*,#2428,.T.);
#3389=ORIENTED_EDGE('',*,*,#2419,.T.);
#3390=ORIENTED_EDGE('',*,*,#2415,.T.);
#3391=ORIENTED_EDGE('',*,*,#2429,.T.);
#3392=ORIENTED_EDGE('',*,*,#2430,.T.);
#3393=ORIENTED_EDGE('',*,*,#2383,.T.);
#3394=ORIENTED_EDGE('',*,*,#2431,.T.);
#3395=ORIENTED_EDGE('',*,*,#2432,.T.);
#3396=ORIENTED_EDGE('',*,*,#2425,.F.);
#3397=ORIENTED_EDGE('',*,*,#2433,.F.);
#3398=ORIENTED_EDGE('',*,*,#2434,.F.);
#3399=ORIENTED_EDGE('',*,*,#2427,.F.);
#3400=ORIENTED_EDGE('',*,*,#2428,.F.);
#3401=ORIENTED_EDGE('',*,*,#2434,.T.);
#3402=ORIENTED_EDGE('',*,*,#2435,.T.);
#3403=ORIENTED_EDGE('',*,*,#2420,.T.);
#3404=ORIENTED_EDGE('',*,*,#2405,.T.);
#3405=ORIENTED_EDGE('',*,*,#1992,.T.);
#3406=ORIENTED_EDGE('',*,*,#1971,.F.);
#3407=ORIENTED_EDGE('',*,*,#2436,.T.);
#3408=ORIENTED_EDGE('',*,*,#2437,.T.);
#3409=ORIENTED_EDGE('',*,*,#2242,.T.);
#3410=ORIENTED_EDGE('',*,*,#2404,.T.);
#3411=ORIENTED_EDGE('',*,*,#2410,.T.);
#3412=ORIENTED_EDGE('',*,*,#2414,.T.);
#3413=ORIENTED_EDGE('',*,*,#2438,.T.);
#3414=ORIENTED_EDGE('',*,*,#2086,.T.);
#3415=ORIENTED_EDGE('',*,*,#2031,.F.);
#3416=ORIENTED_EDGE('',*,*,#2244,.T.);
#3417=ORIENTED_EDGE('',*,*,#2439,.T.);
#3418=ORIENTED_EDGE('',*,*,#2440,.T.);
#3419=ORIENTED_EDGE('',*,*,#2441,.T.);
#3420=ORIENTED_EDGE('',*,*,#2442,.T.);
#3421=ORIENTED_EDGE('',*,*,#2439,.F.);
#3422=ORIENTED_EDGE('',*,*,#2413,.F.);
#3423=ORIENTED_EDGE('',*,*,#2441,.F.);
#3424=ORIENTED_EDGE('',*,*,#2243,.T.);
#3425=ORIENTED_EDGE('',*,*,#2438,.F.);
#3426=ORIENTED_EDGE('',*,*,#1985,.F.);
#3427=ORIENTED_EDGE('',*,*,#2443,.T.);
#3428=ORIENTED_EDGE('',*,*,#2011,.F.);
#3429=ORIENTED_EDGE('',*,*,#2013,.F.);
#3430=ORIENTED_EDGE('',*,*,#1997,.F.);
#3431=ORIENTED_EDGE('',*,*,#2002,.F.);
#3432=ORIENTED_EDGE('',*,*,#2004,.F.);
#3433=ORIENTED_EDGE('',*,*,#2444,.F.);
#3434=ORIENTED_EDGE('',*,*,#2411,.F.);
#3435=ORIENTED_EDGE('',*,*,#2399,.F.);
#3436=ORIENTED_EDGE('',*,*,#2445,.F.);
#3437=ORIENTED_EDGE('',*,*,#2446,.F.);
#3438=ORIENTED_EDGE('',*,*,#2417,.F.);
#3439=ORIENTED_EDGE('',*,*,#2421,.T.);
#3440=ORIENTED_EDGE('',*,*,#2435,.F.);
#3441=ORIENTED_EDGE('',*,*,#2433,.T.);
#3442=ORIENTED_EDGE('',*,*,#2424,.F.);
#3443=ORIENTED_EDGE('',*,*,#2447,.T.);
#3444=ORIENTED_EDGE('',*,*,#2436,.F.);
#3445=ORIENTED_EDGE('',*,*,#1974,.F.);
#3446=ORIENTED_EDGE('',*,*,#1977,.F.);
#3447=ORIENTED_EDGE('',*,*,#1979,.F.);
#3448=ORIENTED_EDGE('',*,*,#1983,.F.);
#3449=ORIENTED_EDGE('',*,*,#2075,.F.);
#3450=ORIENTED_EDGE('',*,*,#2367,.T.);
#3451=ORIENTED_EDGE('',*,*,#2208,.F.);
#3452=ORIENTED_EDGE('',*,*,#2448,.T.);
#3453=ORIENTED_EDGE('',*,*,#2073,.F.);
#3454=ORIENTED_EDGE('',*,*,#2448,.F.);
#3455=ORIENTED_EDGE('',*,*,#2207,.F.);
#3456=ORIENTED_EDGE('',*,*,#2449,.F.);
#3457=ORIENTED_EDGE('',*,*,#2069,.F.);
#3458=ORIENTED_EDGE('',*,*,#2449,.T.);
#3459=ORIENTED_EDGE('',*,*,#2202,.F.);
#3460=ORIENTED_EDGE('',*,*,#2450,.T.);
#3461=ORIENTED_EDGE('',*,*,#2067,.F.);
#3462=ORIENTED_EDGE('',*,*,#2450,.F.);
#3463=ORIENTED_EDGE('',*,*,#2201,.F.);
#3464=ORIENTED_EDGE('',*,*,#2364,.F.);
#3465=ORIENTED_EDGE('',*,*,#2249,.T.);
#3466=ORIENTED_EDGE('',*,*,#2451,.T.);
#3467=ORIENTED_EDGE('',*,*,#2104,.T.);
#3468=ORIENTED_EDGE('',*,*,#2452,.T.);
#3469=ORIENTED_EDGE('',*,*,#2451,.F.);
#3470=ORIENTED_EDGE('',*,*,#2248,.F.);
#3471=ORIENTED_EDGE('',*,*,#2453,.F.);
#3472=ORIENTED_EDGE('',*,*,#2105,.F.);
#3473=ORIENTED_EDGE('',*,*,#2247,.T.);
#3474=ORIENTED_EDGE('',*,*,#2454,.T.);
#3475=ORIENTED_EDGE('',*,*,#2106,.T.);
#3476=ORIENTED_EDGE('',*,*,#2453,.T.);
#3477=ORIENTED_EDGE('',*,*,#2454,.F.);
#3478=ORIENTED_EDGE('',*,*,#2246,.F.);
#3479=ORIENTED_EDGE('',*,*,#2455,.F.);
#3480=ORIENTED_EDGE('',*,*,#2099,.F.);
#3481=ORIENTED_EDGE('',*,*,#2253,.T.);
#3482=ORIENTED_EDGE('',*,*,#2456,.T.);
#3483=ORIENTED_EDGE('',*,*,#2100,.T.);
#3484=ORIENTED_EDGE('',*,*,#2455,.T.);
#3485=ORIENTED_EDGE('',*,*,#2456,.F.);
#3486=ORIENTED_EDGE('',*,*,#2252,.F.);
#3487=ORIENTED_EDGE('',*,*,#2457,.F.);
#3488=ORIENTED_EDGE('',*,*,#2101,.F.);
#3489=ORIENTED_EDGE('',*,*,#2251,.T.);
#3490=ORIENTED_EDGE('',*,*,#2458,.T.);
#3491=ORIENTED_EDGE('',*,*,#2102,.T.);
#3492=ORIENTED_EDGE('',*,*,#2457,.T.);
#3493=ORIENTED_EDGE('',*,*,#2452,.F.);
#3494=ORIENTED_EDGE('',*,*,#2103,.F.);
#3495=ORIENTED_EDGE('',*,*,#2458,.F.);
#3496=ORIENTED_EDGE('',*,*,#2250,.F.);
#3497=ORIENTED_EDGE('',*,*,#2442,.F.);
#3498=ORIENTED_EDGE('',*,*,#2412,.T.);
#3499=ORIENTED_EDGE('',*,*,#2444,.T.);
#3500=ORIENTED_EDGE('',*,*,#2003,.F.);
#3501=ORIENTED_EDGE('',*,*,#2459,.T.);
#3502=ORIENTED_EDGE('',*,*,#2005,.F.);
#3503=ORIENTED_EDGE('',*,*,#2018,.F.);
#3504=ORIENTED_EDGE('',*,*,#2087,.F.);
#3505=ORIENTED_EDGE('',*,*,#2440,.F.);
#3506=ORIENTED_EDGE('',*,*,#2459,.F.);
#3507=ORIENTED_EDGE('',*,*,#2460,.T.);
#3508=ORIENTED_EDGE('',*,*,#2461,.T.);
#3509=ORIENTED_EDGE('',*,*,#2462,.T.);
#3510=ORIENTED_EDGE('',*,*,#2463,.T.);
#3511=ORIENTED_EDGE('',*,*,#2464,.T.);
#3512=ORIENTED_EDGE('',*,*,#2348,.T.);
#3513=ORIENTED_EDGE('',*,*,#2465,.T.);
#3514=ORIENTED_EDGE('',*,*,#2466,.T.);
#3515=ORIENTED_EDGE('',*,*,#2347,.T.);
#3516=ORIENTED_EDGE('',*,*,#2148,.T.);
#3517=ORIENTED_EDGE('',*,*,#2123,.T.);
#3518=ORIENTED_EDGE('',*,*,#2467,.T.);
#3519=ORIENTED_EDGE('',*,*,#2468,.T.);
#3520=ORIENTED_EDGE('',*,*,#2469,.T.);
#3521=ORIENTED_EDGE('',*,*,#2465,.F.);
#3522=ORIENTED_EDGE('',*,*,#2461,.F.);
#3523=ORIENTED_EDGE('',*,*,#2470,.T.);
#3524=ORIENTED_EDGE('',*,*,#2471,.T.);
#3525=ORIENTED_EDGE('',*,*,#2460,.F.);
#3526=ORIENTED_EDGE('',*,*,#2466,.F.);
#3527=ORIENTED_EDGE('',*,*,#2469,.F.);
#3528=ORIENTED_EDGE('',*,*,#2472,.T.);
#3529=ORIENTED_EDGE('',*,*,#2118,.F.);
#3530=ORIENTED_EDGE('',*,*,#2137,.F.);
#3531=ORIENTED_EDGE('',*,*,#2473,.T.);
#3532=ORIENTED_EDGE('',*,*,#2092,.F.);
#3533=ORIENTED_EDGE('',*,*,#2474,.T.);
#3534=ORIENTED_EDGE('',*,*,#2475,.F.);
#3535=ORIENTED_EDGE('',*,*,#2476,.T.);
#3536=ORIENTED_EDGE('',*,*,#2477,.F.);
#3537=ORIENTED_EDGE('',*,*,#2470,.F.);
#3538=ORIENTED_EDGE('',*,*,#2468,.F.);
#3539=ORIENTED_EDGE('',*,*,#2478,.F.);
#3540=ORIENTED_EDGE('',*,*,#2115,.T.);
#3541=ORIENTED_EDGE('',*,*,#2472,.F.);
#3542=ORIENTED_EDGE('',*,*,#2479,.T.);
#3543=ORIENTED_EDGE('',*,*,#2480,.T.);
#3544=ORIENTED_EDGE('',*,*,#2481,.T.);
#3545=ORIENTED_EDGE('',*,*,#2482,.T.);
#3546=ORIENTED_EDGE('',*,*,#2475,.T.);
#3547=ORIENTED_EDGE('',*,*,#2483,.T.);
#3548=ORIENTED_EDGE('',*,*,#2484,.T.);
#3549=ORIENTED_EDGE('',*,*,#2477,.T.);
#3550=ORIENTED_EDGE('',*,*,#2476,.F.);
#3551=ORIENTED_EDGE('',*,*,#2482,.F.);
#3552=ORIENTED_EDGE('',*,*,#2462,.F.);
#3553=ORIENTED_EDGE('',*,*,#2471,.F.);
#3554=ORIENTED_EDGE('',*,*,#2484,.F.);
#3555=ORIENTED_EDGE('',*,*,#2485,.T.);
#3556=ORIENTED_EDGE('',*,*,#2333,.F.);
#3557=ORIENTED_EDGE('',*,*,#2486,.T.);
#3558=ORIENTED_EDGE('',*,*,#2463,.F.);
#3559=ORIENTED_EDGE('',*,*,#2485,.F.);
#3560=ORIENTED_EDGE('',*,*,#2483,.F.);
#3561=ORIENTED_EDGE('',*,*,#2481,.F.);
#3562=ORIENTED_EDGE('',*,*,#2361,.F.);
#3563=ORIENTED_EDGE('',*,*,#2344,.F.);
#3564=ORIENTED_EDGE('',*,*,#2342,.F.);
#3565=ORIENTED_EDGE('',*,*,#2337,.F.);
#3566=ORIENTED_EDGE('',*,*,#2335,.F.);
#3567=ORIENTED_EDGE('',*,*,#2254,.F.);
#3568=ORIENTED_EDGE('',*,*,#2487,.T.);
#3569=ORIENTED_EDGE('',*,*,#2107,.F.);
#3570=ORIENTED_EDGE('',*,*,#2487,.F.);
#3571=ORIENTED_EDGE('',*,*,#2389,.F.);
#3572=ORIENTED_EDGE('',*,*,#2408,.F.);
#3573=ORIENTED_EDGE('',*,*,#2488,.F.);
#3574=ORIENTED_EDGE('',*,*,#2489,.T.);
#3575=ORIENTED_EDGE('',*,*,#2393,.F.);
#3576=ORIENTED_EDGE('',*,*,#2489,.F.);
#3577=ORIENTED_EDGE('',*,*,#2490,.F.);
#3578=ORIENTED_EDGE('',*,*,#2491,.T.);
#3579=ORIENTED_EDGE('',*,*,#2396,.F.);
#3580=ORIENTED_EDGE('',*,*,#2491,.F.);
#3581=ORIENTED_EDGE('',*,*,#2492,.F.);
#3582=ORIENTED_EDGE('',*,*,#2385,.F.);
#3583=ORIENTED_EDGE('',*,*,#2493,.F.);
#3584=ORIENTED_EDGE('',*,*,#2445,.T.);
#3585=ORIENTED_EDGE('',*,*,#2398,.F.);
#3586=ORIENTED_EDGE('',*,*,#2418,.F.);
#3587=ORIENTED_EDGE('',*,*,#2446,.T.);
#3588=ORIENTED_EDGE('',*,*,#2493,.T.);
#3589=ORIENTED_EDGE('',*,*,#2494,.F.);
#3590=ORIENTED_EDGE('',*,*,#2429,.F.);
#3591=ORIENTED_EDGE('',*,*,#2373,.T.);
#3592=ORIENTED_EDGE('',*,*,#2495,.T.);
#3593=ORIENTED_EDGE('',*,*,#2431,.F.);
#3594=ORIENTED_EDGE('',*,*,#2382,.T.);
#3595=ORIENTED_EDGE('',*,*,#2496,.T.);
#3596=ORIENTED_EDGE('',*,*,#2497,.F.);
#3597=ORIENTED_EDGE('',*,*,#2496,.F.);
#3598=ORIENTED_EDGE('',*,*,#2381,.T.);
#3599=ORIENTED_EDGE('',*,*,#2370,.F.);
#3600=ORIENTED_EDGE('',*,*,#2406,.T.);
#3601=ORIENTED_EDGE('',*,*,#2437,.F.);
#3602=ORIENTED_EDGE('',*,*,#2447,.F.);
#3603=ORIENTED_EDGE('',*,*,#2423,.F.);
#3604=ORIENTED_EDGE('',*,*,#2426,.F.);
#3605=ORIENTED_EDGE('',*,*,#2490,.T.);
#3606=ORIENTED_EDGE('',*,*,#2498,.F.);
#3607=ORIENTED_EDGE('',*,*,#2492,.T.);
#3608=ORIENTED_EDGE('',*,*,#2372,.T.);
#3609=ORIENTED_EDGE('',*,*,#2432,.F.);
#3610=ORIENTED_EDGE('',*,*,#2495,.F.);
#3611=ORIENTED_EDGE('',*,*,#2430,.F.);
#3612=ORIENTED_EDGE('',*,*,#2494,.T.);
#3613=ORIENTED_EDGE('',*,*,#2499,.T.);
#3614=ORIENTED_EDGE('',*,*,#2500,.F.);
#3615=ORIENTED_EDGE('',*,*,#2499,.F.);
#3616=ORIENTED_EDGE('',*,*,#2384,.T.);
#3617=ORIENTED_EDGE('',*,*,#2407,.F.);
#3618=ORIENTED_EDGE('',*,*,#2386,.T.);
#3619=ORIENTED_EDGE('',*,*,#2501,.T.);
#3620=ORIENTED_EDGE('',*,*,#2502,.F.);
#3621=ORIENTED_EDGE('',*,*,#2501,.F.);
#3622=ORIENTED_EDGE('',*,*,#2498,.T.);
#3623=ORIENTED_EDGE('',*,*,#2488,.T.);
#3624=ORIENTED_EDGE('',*,*,#2500,.T.);
#3625=ORIENTED_EDGE('',*,*,#2502,.T.);
#3626=ORIENTED_EDGE('',*,*,#2497,.T.);
#3627=ORIENTED_EDGE('',*,*,#2378,.T.);
#3628=ORIENTED_EDGE('',*,*,#2503,.T.);
#3629=ORIENTED_EDGE('',*,*,#1984,.F.);
#3630=ORIENTED_EDGE('',*,*,#1954,.T.);
#3631=ORIENTED_EDGE('',*,*,#1968,.T.);
#3632=ORIENTED_EDGE('',*,*,#2504,.T.);
#3633=ORIENTED_EDGE('',*,*,#2505,.T.);
#3634=ORIENTED_EDGE('',*,*,#2027,.F.);
#3635=ORIENTED_EDGE('',*,*,#2006,.T.);
#3636=ORIENTED_EDGE('',*,*,#2503,.F.);
#3637=ORIENTED_EDGE('',*,*,#2506,.F.);
#3638=ORIENTED_EDGE('',*,*,#2504,.F.);
#3639=ORIENTED_EDGE('',*,*,#2443,.F.);
#3640=ORIENTED_EDGE('',*,*,#2507,.F.);
#3641=ORIENTED_EDGE('',*,*,#2508,.T.);
#3642=ORIENTED_EDGE('',*,*,#2088,.F.);
#3643=ORIENTED_EDGE('',*,*,#2029,.T.);
#3644=ORIENTED_EDGE('',*,*,#2479,.F.);
#3645=ORIENTED_EDGE('',*,*,#2474,.F.);
#3646=ORIENTED_EDGE('',*,*,#2091,.F.);
#3647=ORIENTED_EDGE('',*,*,#2509,.F.);
#3648=ORIENTED_EDGE('',*,*,#2510,.F.);
#3649=ORIENTED_EDGE('',*,*,#2089,.F.);
#3650=ORIENTED_EDGE('',*,*,#2508,.F.);
#3651=ORIENTED_EDGE('',*,*,#2511,.F.);
#3652=ORIENTED_EDGE('',*,*,#2512,.F.);
#3653=ORIENTED_EDGE('',*,*,#2513,.F.);
#3654=ORIENTED_EDGE('',*,*,#2514,.F.);
#3655=ORIENTED_EDGE('',*,*,#2515,.F.);
#3656=ORIENTED_EDGE('',*,*,#2358,.T.);
#3657=ORIENTED_EDGE('',*,*,#1945,.F.);
#3658=ORIENTED_EDGE('',*,*,#2363,.T.);
#3659=ORIENTED_EDGE('',*,*,#2516,.T.);
#3660=ORIENTED_EDGE('',*,*,#2517,.T.);
#3661=ORIENTED_EDGE('',*,*,#2518,.T.);
#3662=ORIENTED_EDGE('',*,*,#2362,.T.);
#3663=ORIENTED_EDGE('',*,*,#2480,.F.);
#3664=ORIENTED_EDGE('',*,*,#2515,.T.);
#3665=ORIENTED_EDGE('',*,*,#2516,.F.);
#3666=ORIENTED_EDGE('',*,*,#1942,.F.);
#3667=ORIENTED_EDGE('',*,*,#2518,.F.);
#3668=ORIENTED_EDGE('',*,*,#2519,.F.);
#3669=ORIENTED_EDGE('',*,*,#1969,.F.);
#3670=ORIENTED_EDGE('',*,*,#1970,.F.);
#3671=ORIENTED_EDGE('',*,*,#1967,.F.);
#3672=ORIENTED_EDGE('',*,*,#2519,.T.);
#3673=ORIENTED_EDGE('',*,*,#2517,.F.);
#3674=ORIENTED_EDGE('',*,*,#2514,.T.);
#3675=ORIENTED_EDGE('',*,*,#2520,.T.);
#3676=ORIENTED_EDGE('',*,*,#2511,.T.);
#3677=ORIENTED_EDGE('',*,*,#2507,.T.);
#3678=ORIENTED_EDGE('',*,*,#2028,.F.);
#3679=ORIENTED_EDGE('',*,*,#2505,.F.);
#3680=ORIENTED_EDGE('',*,*,#2506,.T.);
#3681=ORIENTED_EDGE('',*,*,#2116,.F.);
#3682=ORIENTED_EDGE('',*,*,#2478,.T.);
#3683=ORIENTED_EDGE('',*,*,#2467,.F.);
#3684=ORIENTED_EDGE('',*,*,#2126,.F.);
#3685=ORIENTED_EDGE('',*,*,#2129,.F.);
#3686=ORIENTED_EDGE('',*,*,#2131,.F.);
#3687=ORIENTED_EDGE('',*,*,#2120,.F.);
#3688=ORIENTED_EDGE('',*,*,#2109,.F.);
#3689=ORIENTED_EDGE('',*,*,#2114,.F.);
#3690=ORIENTED_EDGE('',*,*,#2473,.F.);
#3691=ORIENTED_EDGE('',*,*,#2136,.F.);
#3692=ORIENTED_EDGE('',*,*,#2093,.F.);
#3693=ORIENTED_EDGE('',*,*,#2520,.F.);
#3694=ORIENTED_EDGE('',*,*,#2513,.T.);
#3695=ORIENTED_EDGE('',*,*,#2521,.T.);
#3696=ORIENTED_EDGE('',*,*,#2522,.F.);
#3697=ORIENTED_EDGE('',*,*,#2521,.F.);
#3698=ORIENTED_EDGE('',*,*,#2512,.T.);
#3699=ORIENTED_EDGE('',*,*,#2090,.F.);
#3700=ORIENTED_EDGE('',*,*,#2510,.T.);
#3701=ORIENTED_EDGE('',*,*,#2523,.T.);
#3702=ORIENTED_EDGE('',*,*,#2524,.F.);
#3703=ORIENTED_EDGE('',*,*,#2523,.F.);
#3704=ORIENTED_EDGE('',*,*,#2509,.T.);
#3705=ORIENTED_EDGE('',*,*,#2331,.F.);
#3706=ORIENTED_EDGE('',*,*,#2349,.T.);
#3707=ORIENTED_EDGE('',*,*,#2464,.F.);
#3708=ORIENTED_EDGE('',*,*,#2486,.F.);
#3709=ORIENTED_EDGE('',*,*,#2522,.T.);
#3710=ORIENTED_EDGE('',*,*,#2524,.T.);
#3711=PLANE('',#4078);
#3712=PLANE('',#4085);
#3713=PLANE('',#4087);
#3714=PLANE('',#4092);
#3715=PLANE('',#4101);
#3716=PLANE('',#4102);
#3717=PLANE('',#4107);
#3718=PLANE('',#4111);
#3719=PLANE('',#4115);
#3720=PLANE('',#4118);
#3721=PLANE('',#4119);
#3722=PLANE('',#4123);
#3723=PLANE('',#4125);
#3724=PLANE('',#4130);
#3725=PLANE('',#4135);
#3726=PLANE('',#4138);
#3727=PLANE('',#4141);
#3728=PLANE('',#4142);
#3729=PLANE('',#4147);
#3730=PLANE('',#4151);
#3731=PLANE('',#4155);
#3732=PLANE('',#4162);
#3733=PLANE('',#4166);
#3734=PLANE('',#4170);
#3735=PLANE('',#4174);
#3736=PLANE('',#4178);
#3737=PLANE('',#4180);
#3738=PLANE('',#4190);
#3739=PLANE('',#4194);
#3740=PLANE('',#4195);
#3741=PLANE('',#4196);
#3742=PLANE('',#4201);
#3743=PLANE('',#4206);
#3744=PLANE('',#4208);
#3745=PLANE('',#4210);
#3746=PLANE('',#4212);
#3747=PLANE('',#4215);
#3748=PLANE('',#4217);
#3749=PLANE('',#4220);
#3750=PLANE('',#4223);
#3751=PLANE('',#4227);
#3752=PLANE('',#4231);
#3753=PLANE('',#4235);
#3754=PLANE('',#4239);
#3755=PLANE('',#4246);
#3756=PLANE('',#4250);
#3757=PLANE('',#4254);
#3758=PLANE('',#4258);
#3759=PLANE('',#4262);
#3760=PLANE('',#4265);
#3761=PLANE('',#4269);
#3762=PLANE('',#4275);
#3763=PLANE('',#4277);
#3764=PLANE('',#4279);
#3765=PLANE('',#4281);
#3766=PLANE('',#4284);
#3767=PLANE('',#4311);
#3768=PLANE('',#4317);
#3769=PLANE('',#4321);
#3770=PLANE('',#4326);
#3771=PLANE('',#4352);
#3772=PLANE('',#4372);
#3773=PLANE('',#4374);
#3774=PLANE('',#4378);
#3775=PLANE('',#4384);
#3776=PLANE('',#4386);
#3777=PLANE('',#4388);
#3778=PLANE('',#4396);
#3779=PLANE('',#4414);
#3780=PLANE('',#4417);
#3781=PLANE('',#4418);
#3782=PLANE('',#4423);
#3783=PLANE('',#4427);
#3784=PLANE('',#4429);
#3785=PLANE('',#4442);
#3786=PLANE('',#4445);
#3787=PLANE('',#4447);
#3788=PLANE('',#4449);
#3789=PLANE('',#4451);
#3790=PLANE('',#4453);
#3791=PLANE('',#4455);
#3792=PLANE('',#4457);
#3793=PLANE('',#4460);
#3794=PLANE('',#4467);
#3795=PLANE('',#4471);
#3796=PLANE('',#4475);
#3797=PLANE('',#4476);
#3798=PLANE('',#4477);
#3799=PLANE('',#4482);
#3800=PLANE('',#4483);
#3801=PLANE('',#4485);
#3802=PLANE('',#4490);
#3803=PLANE('',#4491);
#3804=PLANE('',#4492);
#3805=PLANE('',#4493);
#3806=PLANE('',#4497);
#3807=PLANE('',#4500);
#3808=PLANE('',#4509);
#3809=PLANE('',#4510);
#3810=PLANE('',#4511);
#3811=PLANE('',#4512);
#3812=PLANE('',#4518);
#3813=PLANE('',#4519);
#3814=ADVANCED_FACE('',(#414),#3711,.T.);
#3815=ADVANCED_FACE('',(#415),#372,.T.);
#3816=ADVANCED_FACE('',(#416),#373,.T.);
#3817=ADVANCED_FACE('',(#417),#3712,.T.);
#3818=ADVANCED_FACE('',(#418),#3713,.T.);
#3819=ADVANCED_FACE('',(#419),#89,.T.);
#3820=ADVANCED_FACE('',(#420),#3714,.T.);
#3821=ADVANCED_FACE('',(#421),#90,.T.);
#3822=ADVANCED_FACE('',(#422),#91,.T.);
#3823=ADVANCED_FACE('',(#423),#3715,.T.);
#3824=ADVANCED_FACE('',(#424),#3716,.T.);
#3825=ADVANCED_FACE('',(#425),#374,.T.);
#3826=ADVANCED_FACE('',(#426),#3717,.T.);
#3827=ADVANCED_FACE('',(#427),#375,.T.);
#3828=ADVANCED_FACE('',(#428),#3718,.T.);
#3829=ADVANCED_FACE('',(#429),#92,.T.);
#3830=ADVANCED_FACE('',(#430),#3719,.T.);
#3831=ADVANCED_FACE('',(#431),#93,.T.);
#3832=ADVANCED_FACE('',(#432),#3720,.T.);
#3833=ADVANCED_FACE('',(#433),#3721,.T.);
#3834=ADVANCED_FACE('',(#434),#376,.F.);
#3835=ADVANCED_FACE('',(#435),#3722,.T.);
#3836=ADVANCED_FACE('',(#436),#3723,.T.);
#3837=ADVANCED_FACE('',(#437),#377,.F.);
#3838=ADVANCED_FACE('',(#438),#3724,.T.);
#3839=ADVANCED_FACE('',(#439),#378,.T.);
#3840=ADVANCED_FACE('',(#440),#94,.F.);
#3841=ADVANCED_FACE('',(#441),#3725,.T.);
#3842=ADVANCED_FACE('',(#442),#95,.T.);
#3843=ADVANCED_FACE('',(#443),#3726,.T.);
#3844=ADVANCED_FACE('',(#444),#96,.F.);
#3845=ADVANCED_FACE('',(#445),#3727,.T.);
#3846=ADVANCED_FACE('',(#446),#3728,.T.);
#3847=ADVANCED_FACE('',(#447),#379,.T.);
#3848=ADVANCED_FACE('',(#448),#3729,.T.);
#3849=ADVANCED_FACE('',(#449),#380,.F.);
#3850=ADVANCED_FACE('',(#450),#3730,.T.);
#3851=ADVANCED_FACE('',(#451),#381,.F.);
#3852=ADVANCED_FACE('',(#452),#3731,.T.);
#3853=ADVANCED_FACE('',(#453),#382,.T.);
#3854=ADVANCED_FACE('',(#454),#383,.F.);
#3855=ADVANCED_FACE('',(#455),#3732,.T.);
#3856=ADVANCED_FACE('',(#456),#384,.T.);
#3857=ADVANCED_FACE('',(#457),#3733,.T.);
#3858=ADVANCED_FACE('',(#458),#385,.F.);
#3859=ADVANCED_FACE('',(#459),#3734,.T.);
#3860=ADVANCED_FACE('',(#460),#386,.F.);
#3861=ADVANCED_FACE('',(#461),#3735,.T.);
#3862=ADVANCED_FACE('',(#462),#387,.T.);
#3863=ADVANCED_FACE('',(#463),#3736,.T.);
#3864=ADVANCED_FACE('',(#464,#74,#75),#3737,.T.);
#3865=ADVANCED_FACE('',(#465),#3738,.T.);
#3866=ADVANCED_FACE('',(#466),#388,.F.);
#3867=ADVANCED_FACE('',(#467),#3739,.T.);
#3868=ADVANCED_FACE('',(#468),#3740,.T.);
#3869=ADVANCED_FACE('',(#469),#3741,.T.);
#3870=ADVANCED_FACE('',(#470),#389,.T.);
#3871=ADVANCED_FACE('',(#471),#3742,.T.);
#3872=ADVANCED_FACE('',(#472),#390,.T.);
#3873=ADVANCED_FACE('',(#473),#391,.T.);
#3874=ADVANCED_FACE('',(#474),#3743,.T.);
#3875=ADVANCED_FACE('',(#475),#97,.F.);
#3876=ADVANCED_FACE('',(#476),#3744,.T.);
#3877=ADVANCED_FACE('',(#477),#98,.T.);
#3878=ADVANCED_FACE('',(#478),#3745,.T.);
#3879=ADVANCED_FACE('',(#479),#99,.T.);
#3880=ADVANCED_FACE('',(#480),#3746,.T.);
#3881=ADVANCED_FACE('',(#481),#100,.T.);
#3882=ADVANCED_FACE('',(#482),#3747,.T.);
#3883=ADVANCED_FACE('',(#483),#3748,.T.);
#3884=ADVANCED_FACE('',(#484),#392,.T.);
#3885=ADVANCED_FACE('',(#485),#3749,.T.);
#3886=ADVANCED_FACE('',(#486),#393,.T.);
#3887=ADVANCED_FACE('',(#487),#3750,.T.);
#3888=ADVANCED_FACE('',(#488),#394,.T.);
#3889=ADVANCED_FACE('',(#489),#3751,.T.);
#3890=ADVANCED_FACE('',(#490),#395,.T.);
#3891=ADVANCED_FACE('',(#491),#3752,.T.);
#3892=ADVANCED_FACE('',(#492),#396,.F.);
#3893=ADVANCED_FACE('',(#493),#3753,.T.);
#3894=ADVANCED_FACE('',(#494),#397,.F.);
#3895=ADVANCED_FACE('',(#495),#3754,.T.);
#3896=ADVANCED_FACE('',(#496),#398,.T.);
#3897=ADVANCED_FACE('',(#497),#399,.F.);
#3898=ADVANCED_FACE('',(#498),#3755,.T.);
#3899=ADVANCED_FACE('',(#499),#400,.T.);
#3900=ADVANCED_FACE('',(#500),#3756,.T.);
#3901=ADVANCED_FACE('',(#501),#401,.F.);
#3902=ADVANCED_FACE('',(#502),#3757,.T.);
#3903=ADVANCED_FACE('',(#503),#402,.F.);
#3904=ADVANCED_FACE('',(#504),#3758,.T.);
#3905=ADVANCED_FACE('',(#505),#403,.T.);
#3906=ADVANCED_FACE('',(#506),#3759,.T.);
#3907=ADVANCED_FACE('',(#507),#404,.T.);
#3908=ADVANCED_FACE('',(#508),#3760,.T.);
#3909=ADVANCED_FACE('',(#509),#405,.T.);
#3910=ADVANCED_FACE('',(#510),#3761,.T.);
#3911=ADVANCED_FACE('',(#511),#406,.T.);
#3912=ADVANCED_FACE('',(#512),#101,.F.);
#3913=ADVANCED_FACE('',(#513),#102,.T.);
#3914=ADVANCED_FACE('',(#514),#3762,.F.);
#3915=ADVANCED_FACE('',(#515),#103,.F.);
#3916=ADVANCED_FACE('',(#516),#3763,.F.);
#3917=ADVANCED_FACE('',(#517),#104,.F.);
#3918=ADVANCED_FACE('',(#518),#3764,.F.);
#3919=ADVANCED_FACE('',(#519),#105,.T.);
#3920=ADVANCED_FACE('',(#520),#3765,.T.);
#3921=ADVANCED_FACE('',(#521),#106,.T.);
#3922=ADVANCED_FACE('',(#522,#76,#77),#3766,.F.);
#3923=ADVANCED_FACE('',(#523),#65,.F.);
#3924=ADVANCED_FACE('',(#524),#66,.F.);
#3925=ADVANCED_FACE('',(#525),#67,.F.);
#3926=ADVANCED_FACE('',(#526),#68,.F.);
#3927=ADVANCED_FACE('',(#527),#21,.T.);
#3928=ADVANCED_FACE('',(#528),#107,.T.);
#3929=ADVANCED_FACE('',(#529),#22,.T.);
#3930=ADVANCED_FACE('',(#530),#108,.T.);
#3931=ADVANCED_FACE('',(#531),#23,.T.);
#3932=ADVANCED_FACE('',(#532),#109,.T.);
#3933=ADVANCED_FACE('',(#533),#24,.T.);
#3934=ADVANCED_FACE('',(#534),#110,.T.);
#3935=ADVANCED_FACE('',(#535),#111,.T.);
#3936=ADVANCED_FACE('',(#536),#3767,.T.);
#3937=ADVANCED_FACE('',(#537),#112,.T.);
#3938=ADVANCED_FACE('',(#538),#113,.F.);
#3939=ADVANCED_FACE('',(#539),#3768,.T.);
#3940=ADVANCED_FACE('',(#540),#114,.F.);
#3941=ADVANCED_FACE('',(#541),#115,.T.);
#3942=ADVANCED_FACE('',(#542),#3769,.T.);
#3943=ADVANCED_FACE('',(#543),#116,.T.);
#3944=ADVANCED_FACE('',(#544),#117,.F.);
#3945=ADVANCED_FACE('',(#545),#3770,.T.);
#3946=ADVANCED_FACE('',(#546),#118,.T.);
#3947=ADVANCED_FACE('',(#547),#119,.T.);
#3948=ADVANCED_FACE('',(#548),#25,.T.);
#3949=ADVANCED_FACE('',(#549),#120,.T.);
#3950=ADVANCED_FACE('',(#550),#121,.T.);
#3951=ADVANCED_FACE('',(#551),#26,.T.);
#3952=ADVANCED_FACE('',(#552),#16,.T.);
#3953=ADVANCED_FACE('',(#553),#17,.T.);
#3954=ADVANCED_FACE('',(#554),#27,.T.);
#3955=ADVANCED_FACE('',(#555),#122,.T.);
#3956=ADVANCED_FACE('',(#556),#123,.F.);
#3957=ADVANCED_FACE('',(#557),#3771,.T.);
#3958=ADVANCED_FACE('',(#558),#28,.T.);
#3959=ADVANCED_FACE('',(#559),#124,.T.);
#3960=ADVANCED_FACE('',(#560),#69,.F.);
#3961=ADVANCED_FACE('',(#561),#125,.T.);
#3962=ADVANCED_FACE('',(#562),#18,.T.);
#3963=ADVANCED_FACE('',(#563),#70,.F.);
#3964=ADVANCED_FACE('',(#564),#126,.T.);
#3965=ADVANCED_FACE('',(#565),#19,.T.);
#3966=ADVANCED_FACE('',(#566),#3772,.T.);
#3967=ADVANCED_FACE('',(#567),#127,.T.);
#3968=ADVANCED_FACE('',(#568),#3773,.T.);
#3969=ADVANCED_FACE('',(#569),#128,.T.);
#3970=ADVANCED_FACE('',(#570,#78),#3774,.T.);
#3971=ADVANCED_FACE('',(#571),#129,.F.);
#3972=ADVANCED_FACE('',(#572),#130,.F.);
#3973=ADVANCED_FACE('',(#573),#3775,.T.);
#3974=ADVANCED_FACE('',(#574),#131,.T.);
#3975=ADVANCED_FACE('',(#575),#3776,.T.);
#3976=ADVANCED_FACE('',(#576),#132,.T.);
#3977=ADVANCED_FACE('',(#577),#3777,.F.);
#3978=ADVANCED_FACE('',(#578),#133,.F.);
#3979=ADVANCED_FACE('',(#579),#407,.T.);
#3980=ADVANCED_FACE('',(#580),#3778,.T.);
#3981=ADVANCED_FACE('',(#581),#29,.T.);
#3982=ADVANCED_FACE('',(#582),#134,.T.);
#3983=ADVANCED_FACE('',(#583),#135,.T.);
#3984=ADVANCED_FACE('',(#584),#136,.T.);
#3985=ADVANCED_FACE('',(#585),#15,.T.);
#3986=ADVANCED_FACE('',(#586),#3779,.T.);
#3987=ADVANCED_FACE('',(#587),#3780,.T.);
#3988=ADVANCED_FACE('',(#588),#3781,.T.);
#3989=ADVANCED_FACE('',(#589),#137,.F.);
#3990=ADVANCED_FACE('',(#590),#3782,.T.);
#3991=ADVANCED_FACE('',(#591),#138,.F.);
#3992=ADVANCED_FACE('',(#592),#3783,.T.);
#3993=ADVANCED_FACE('',(#593),#3784,.T.);
#3994=ADVANCED_FACE('',(#594),#139,.F.);
#3995=ADVANCED_FACE('',(#595),#140,.T.);
#3996=ADVANCED_FACE('',(#596),#141,.T.);
#3997=ADVANCED_FACE('',(#597),#142,.T.);
#3998=ADVANCED_FACE('',(#598),#20,.T.);
#3999=ADVANCED_FACE('',(#599),#143,.T.);
#4000=ADVANCED_FACE('',(#600),#3785,.T.);
#4001=ADVANCED_FACE('',(#601),#144,.F.);
#4002=ADVANCED_FACE('',(#602),#3786,.F.);
#4003=ADVANCED_FACE('',(#603),#145,.F.);
#4004=ADVANCED_FACE('',(#604),#3787,.F.);
#4005=ADVANCED_FACE('',(#605),#146,.F.);
#4006=ADVANCED_FACE('',(#606),#3788,.F.);
#4007=ADVANCED_FACE('',(#607),#147,.F.);
#4008=ADVANCED_FACE('',(#608),#3789,.F.);
#4009=ADVANCED_FACE('',(#609),#148,.F.);
#4010=ADVANCED_FACE('',(#610),#3790,.F.);
#4011=ADVANCED_FACE('',(#611),#149,.F.);
#4012=ADVANCED_FACE('',(#612),#3791,.F.);
#4013=ADVANCED_FACE('',(#613),#150,.T.);
#4014=ADVANCED_FACE('',(#614),#3792,.T.);
#4015=ADVANCED_FACE('',(#615),#71,.F.);
#4016=ADVANCED_FACE('',(#616),#151,.T.);
#4017=ADVANCED_FACE('',(#617),#3793,.T.);
#4018=ADVANCED_FACE('',(#618),#408,.T.);
#4019=ADVANCED_FACE('',(#619),#3794,.T.);
#4020=ADVANCED_FACE('',(#620),#152,.T.);
#4021=ADVANCED_FACE('',(#621),#72,.F.);
#4022=ADVANCED_FACE('',(#622),#73,.F.);
#4023=ADVANCED_FACE('',(#623),#3795,.T.);
#4024=ADVANCED_FACE('',(#624),#153,.F.);
#4025=ADVANCED_FACE('',(#625),#154,.T.);
#4026=ADVANCED_FACE('',(#626),#3796,.F.);
#4027=ADVANCED_FACE('',(#627),#3797,.F.);
#4028=ADVANCED_FACE('',(#628),#3798,.T.);
#4029=ADVANCED_FACE('',(#629),#409,.T.);
#4030=ADVANCED_FACE('',(#630),#3799,.T.);
#4031=ADVANCED_FACE('',(#631),#3800,.T.);
#4032=ADVANCED_FACE('',(#632),#3801,.T.);
#4033=ADVANCED_FACE('',(#633),#410,.T.);
#4034=ADVANCED_FACE('',(#634),#411,.T.);
#4035=ADVANCED_FACE('',(#635),#3802,.T.);
#4036=ADVANCED_FACE('',(#636),#3803,.T.);
#4037=ADVANCED_FACE('',(#637),#3804,.T.);
#4038=ADVANCED_FACE('',(#638),#3805,.T.);
#4039=ADVANCED_FACE('',(#639),#155,.T.);
#4040=ADVANCED_FACE('',(#640),#156,.T.);
#4041=ADVANCED_FACE('',(#641),#3806,.T.);
#4042=ADVANCED_FACE('',(#642),#157,.F.);
#4043=ADVANCED_FACE('',(#643,#79),#3807,.T.);
#4044=ADVANCED_FACE('',(#644),#158,.T.);
#4045=ADVANCED_FACE('',(#645),#159,.T.);
#4046=ADVANCED_FACE('',(#646),#3808,.T.);
#4047=ADVANCED_FACE('',(#647),#3809,.T.);
#4048=ADVANCED_FACE('',(#648),#3810,.T.);
#4049=ADVANCED_FACE('',(#649),#3811,.T.);
#4050=ADVANCED_FACE('',(#650),#412,.T.);
#4051=ADVANCED_FACE('',(#651),#413,.T.);
#4052=ADVANCED_FACE('',(#652),#160,.T.);
#4053=ADVANCED_FACE('',(#653),#3812,.T.);
#4054=ADVANCED_FACE('',(#654),#3813,.T.);
#4055=CLOSED_SHELL('',(#3814,#3815,#3816,#3817,#3818,#3819,#3820,#3821,
#3822,#3823,#3824,#3825,#3826,#3827,#3828,#3829,#3830,#3831,#3832,#3833,
#3834,#3835,#3836,#3837,#3838,#3839,#3840,#3841,#3842,#3843,#3844,#3845,
#3846,#3847,#3848,#3849,#3850,#3851,#3852,#3853,#3854,#3855,#3856,#3857,
#3858,#3859,#3860,#3861,#3862,#3863,#3864,#3865,#3866,#3867,#3868,#3869,
#3870,#3871,#3872,#3873,#3874,#3875,#3876,#3877,#3878,#3879,#3880,#3881,
#3882,#3883,#3884,#3885,#3886,#3887,#3888,#3889,#3890,#3891,#3892,#3893,
#3894,#3895,#3896,#3897,#3898,#3899,#3900,#3901,#3902,#3903,#3904,#3905,
#3906,#3907,#3908,#3909,#3910,#3911,#3912,#3913,#3914,#3915,#3916,#3917,
#3918,#3919,#3920,#3921,#3922,#3923,#3924,#3925,#3926,#3927,#3928,#3929,
#3930,#3931,#3932,#3933,#3934,#3935,#3936,#3937,#3938,#3939,#3940,#3941,
#3942,#3943,#3944,#3945,#3946,#3947,#3948,#3949,#3950,#3951,#3952,#3953,
#3954,#3955,#3956,#3957,#3958,#3959,#3960,#3961,#3962,#3963,#3964,#3965,
#3966,#3967,#3968,#3969,#3970,#3971,#3972,#3973,#3974,#3975,#3976,#3977,
#3978,#3979,#3980,#3981,#3982,#3983,#3984,#3985,#3986,#3987,#3988,#3989,
#3990,#3991,#3992,#3993,#3994,#3995,#3996,#3997,#3998,#3999,#4000,#4001,
#4002,#4003,#4004,#4005,#4006,#4007,#4008,#4009,#4010,#4011,#4012,#4013,
#4014,#4015,#4016,#4017,#4018,#4019,#4020,#4021,#4022,#4023,#4024,#4025,
#4026,#4027,#4028,#4029,#4030,#4031,#4032,#4033,#4034,#4035,#4036,#4037,
#4038,#4039,#4040,#4041,#4042,#4043,#4044,#4045,#4046,#4047,#4048,#4049,
#4050,#4051,#4052,#4053,#4054));
#4056=DERIVED_UNIT_ELEMENT(#4059,1.);
#4057=DERIVED_UNIT_ELEMENT(#7613,-3.);
#4058=DIMENSIONAL_EXPONENTS(0.,1.,0.,0.,0.,0.,0.);
#4059=(
CONVERSION_BASED_UNIT('gram',#4061)
MASS_UNIT()
NAMED_UNIT(#4058)
);
#4060=(
MASS_UNIT()
NAMED_UNIT(*)
SI_UNIT(.KILO.,.GRAM.)
);
#4061=MASS_MEASURE_WITH_UNIT(MASS_MEASURE(0.001),#4060);
#4062=DERIVED_UNIT((#4056,#4057));
#4063=MEASURE_REPRESENTATION_ITEM('density measure',
POSITIVE_RATIO_MEASURE(1.),#4062);
#4064=PROPERTY_DEFINITION_REPRESENTATION(#4069,#4066);
#4065=PROPERTY_DEFINITION_REPRESENTATION(#4070,#4067);
#4066=REPRESENTATION('material name',(#4068),#7610);
#4067=REPRESENTATION('density',(#4063),#7610);
#4068=DESCRIPTIVE_REPRESENTATION_ITEM('Generisch','Generisch');
#4069=PROPERTY_DEFINITION('material property','material name',#7620);
#4070=PROPERTY_DEFINITION('material property','density of part',#7620);
#4071=DATE_TIME_ROLE('creation_date');
#4072=APPLIED_DATE_AND_TIME_ASSIGNMENT(#4073,#4071,(#7620));
#4073=DATE_AND_TIME(#4074,#4075);
#4074=CALENDAR_DATE(2024,28,10);
#4075=LOCAL_TIME(0,0,0.,#4076);
#4076=COORDINATED_UNIVERSAL_TIME_OFFSET(0,0,.BEHIND.);
#4077=AXIS2_PLACEMENT_3D('',#5744,#4520,#4521);
#4078=AXIS2_PLACEMENT_3D('',#5745,#4522,#4523);
#4079=AXIS2_PLACEMENT_3D('',#5754,#4528,#4529);
#4080=AXIS2_PLACEMENT_3D('',#5756,#4530,#4531);
#4081=AXIS2_PLACEMENT_3D('',#5759,#4533,#4534);
#4082=AXIS2_PLACEMENT_3D('',#5760,#4535,#4536);
#4083=AXIS2_PLACEMENT_3D('',#5764,#4538,#4539);
#4084=AXIS2_PLACEMENT_3D('',#5765,#4540,#4541);
#4085=AXIS2_PLACEMENT_3D('',#5766,#4542,#4543);
#4086=AXIS2_PLACEMENT_3D('',#5773,#4547,#4548);
#4087=AXIS2_PLACEMENT_3D('',#5774,#4549,#4550);
#4088=AXIS2_PLACEMENT_3D('',#5777,#4551,#4552);
#4089=AXIS2_PLACEMENT_3D('',#5781,#4555,#4556);
#4090=AXIS2_PLACEMENT_3D('',#5782,#4557,#4558);
#4091=AXIS2_PLACEMENT_3D('',#5786,#4560,#4561);
#4092=AXIS2_PLACEMENT_3D('',#5788,#4563,#4564);
#4093=AXIS2_PLACEMENT_3D('',#5802,#4571,#4572);
#4094=AXIS2_PLACEMENT_3D('',#5806,#4574,#4575);
#4095=AXIS2_PLACEMENT_3D('',#5810,#4577,#4578);
#4096=AXIS2_PLACEMENT_3D('',#5813,#4580,#4581);
#4097=AXIS2_PLACEMENT_3D('',#5814,#4582,#4583);
#4098=AXIS2_PLACEMENT_3D('',#5816,#4584,#4585);
#4099=AXIS2_PLACEMENT_3D('',#5819,#4587,#4588);
#4100=AXIS2_PLACEMENT_3D('',#5820,#4589,#4590);
#4101=AXIS2_PLACEMENT_3D('',#5822,#4592,#4593);
#4102=AXIS2_PLACEMENT_3D('',#5824,#4595,#4596);
#4103=AXIS2_PLACEMENT_3D('',#5827,#4597,#4598);
#4104=AXIS2_PLACEMENT_3D('',#5833,#4602,#4603);
#4105=AXIS2_PLACEMENT_3D('',#5835,#4604,#4605);
#4106=AXIS2_PLACEMENT_3D('',#5838,#4607,#4608);
#4107=AXIS2_PLACEMENT_3D('',#5839,#4609,#4610);
#4108=AXIS2_PLACEMENT_3D('',#5845,#4614,#4615);
#4109=AXIS2_PLACEMENT_3D('',#5846,#4616,#4617);
#4110=AXIS2_PLACEMENT_3D('',#5849,#4619,#4620);
#4111=AXIS2_PLACEMENT_3D('',#5850,#4621,#4622);
#4112=AXIS2_PLACEMENT_3D('',#5852,#4623,#4624);
#4113=AXIS2_PLACEMENT_3D('',#5854,#4626,#4627);
#4114=AXIS2_PLACEMENT_3D('',#5857,#4629,#4630);
#4115=AXIS2_PLACEMENT_3D('',#5858,#4631,#4632);
#4116=AXIS2_PLACEMENT_3D('',#5862,#4635,#4636);
#4117=AXIS2_PLACEMENT_3D('',#5865,#4638,#4639);
#4118=AXIS2_PLACEMENT_3D('',#5866,#4640,#4641);
#4119=AXIS2_PLACEMENT_3D('',#5874,#4646,#4647);
#4120=AXIS2_PLACEMENT_3D('',#5883,#4652,#4653);
#4121=AXIS2_PLACEMENT_3D('',#5885,#4654,#4655);
#4122=AXIS2_PLACEMENT_3D('',#5888,#4657,#4658);
#4123=AXIS2_PLACEMENT_3D('',#5889,#4659,#4660);
#4124=AXIS2_PLACEMENT_3D('',#5892,#4661,#4662);
#4125=AXIS2_PLACEMENT_3D('',#5895,#4665,#4666);
#4126=AXIS2_PLACEMENT_3D('',#5898,#4667,#4668);
#4127=AXIS2_PLACEMENT_3D('',#5902,#4671,#4672);
#4128=AXIS2_PLACEMENT_3D('',#5904,#4673,#4674);
#4129=AXIS2_PLACEMENT_3D('',#5907,#4676,#4677);
#4130=AXIS2_PLACEMENT_3D('',#5908,#4678,#4679);
#4131=AXIS2_PLACEMENT_3D('',#5913,#4683,#4684);
#4132=AXIS2_PLACEMENT_3D('',#5914,#4685,#4686);
#4133=AXIS2_PLACEMENT_3D('',#5915,#4687,#4688);
#4134=AXIS2_PLACEMENT_3D('',#5919,#4690,#4691);
#4135=AXIS2_PLACEMENT_3D('',#5921,#4693,#4694);
#4136=AXIS2_PLACEMENT_3D('',#5925,#4697,#4698);
#4137=AXIS2_PLACEMENT_3D('',#5928,#4700,#4701);
#4138=AXIS2_PLACEMENT_3D('',#5929,#4702,#4703);
#4139=AXIS2_PLACEMENT_3D('',#5933,#4706,#4707);
#4140=AXIS2_PLACEMENT_3D('',#5936,#4709,#4710);
#4141=AXIS2_PLACEMENT_3D('',#5937,#4711,#4712);
#4142=AXIS2_PLACEMENT_3D('',#5945,#4717,#4718);
#4143=AXIS2_PLACEMENT_3D('',#5948,#4719,#4720);
#4144=AXIS2_PLACEMENT_3D('',#5954,#4724,#4725);
#4145=AXIS2_PLACEMENT_3D('',#5958,#4727,#4728);
#4146=AXIS2_PLACEMENT_3D('',#5959,#4729,#4730);
#4147=AXIS2_PLACEMENT_3D('',#5960,#4731,#4732);
#4148=AXIS2_PLACEMENT_3D('',#5966,#4736,#4737);
#4149=AXIS2_PLACEMENT_3D('',#5970,#4739,#4740);
#4150=AXIS2_PLACEMENT_3D('',#5971,#4741,#4742);
#4151=AXIS2_PLACEMENT_3D('',#5972,#4743,#4744);
#4152=AXIS2_PLACEMENT_3D('',#5978,#4748,#4749);
#4153=AXIS2_PLACEMENT_3D('',#5982,#4751,#4752);
#4154=AXIS2_PLACEMENT_3D('',#5983,#4753,#4754);
#4155=AXIS2_PLACEMENT_3D('',#5984,#4755,#4756);
#4156=AXIS2_PLACEMENT_3D('',#5990,#4760,#4761);
#4157=AXIS2_PLACEMENT_3D('',#5994,#4763,#4764);
#4158=AXIS2_PLACEMENT_3D('',#5995,#4765,#4766);
#4159=AXIS2_PLACEMENT_3D('',#5996,#4767,#4768);
#4160=AXIS2_PLACEMENT_3D('',#6000,#4770,#4771);
#4161=AXIS2_PLACEMENT_3D('',#6001,#4772,#4773);
#4162=AXIS2_PLACEMENT_3D('',#6002,#4774,#4775);
#4163=AXIS2_PLACEMENT_3D('',#6008,#4779,#4780);
#4164=AXIS2_PLACEMENT_3D('',#6012,#4782,#4783);
#4165=AXIS2_PLACEMENT_3D('',#6013,#4784,#4785);
#4166=AXIS2_PLACEMENT_3D('',#6014,#4786,#4787);
#4167=AXIS2_PLACEMENT_3D('',#6020,#4791,#4792);
#4168=AXIS2_PLACEMENT_3D('',#6024,#4794,#4795);
#4169=AXIS2_PLACEMENT_3D('',#6025,#4796,#4797);
#4170=AXIS2_PLACEMENT_3D('',#6026,#4798,#4799);
#4171=AXIS2_PLACEMENT_3D('',#6032,#4803,#4804);
#4172=AXIS2_PLACEMENT_3D('',#6036,#4806,#4807);
#4173=AXIS2_PLACEMENT_3D('',#6037,#4808,#4809);
#4174=AXIS2_PLACEMENT_3D('',#6038,#4810,#4811);
#4175=AXIS2_PLACEMENT_3D('',#6044,#4815,#4816);
#4176=AXIS2_PLACEMENT_3D('',#6048,#4818,#4819);
#4177=AXIS2_PLACEMENT_3D('',#6049,#4820,#4821);
#4178=AXIS2_PLACEMENT_3D('',#6050,#4822,#4823);
#4179=AXIS2_PLACEMENT_3D('',#6053,#4824,#4825);
#4180=AXIS2_PLACEMENT_3D('',#6056,#4828,#4829);
#4181=AXIS2_PLACEMENT_3D('',#6058,#4830,#4831);
#4182=AXIS2_PLACEMENT_3D('',#6061,#4833,#4834);
#4183=AXIS2_PLACEMENT_3D('',#6079,#4839,#4840);
#4184=AXIS2_PLACEMENT_3D('',#6083,#4842,#4843);
#4185=AXIS2_PLACEMENT_3D('',#6089,#4846,#4847);
#4186=AXIS2_PLACEMENT_3D('',#6093,#4849,#4850);
#4187=AXIS2_PLACEMENT_3D('',#6097,#4852,#4853);
#4188=AXIS2_PLACEMENT_3D('',#6100,#4855,#4856);
#4189=AXIS2_PLACEMENT_3D('',#6102,#4857,#4858);
#4190=AXIS2_PLACEMENT_3D('',#6103,#4859,#4860);
#4191=AXIS2_PLACEMENT_3D('',#6112,#4865,#4866);
#4192=AXIS2_PLACEMENT_3D('',#6114,#4867,#4868);
#4193=AXIS2_PLACEMENT_3D('',#6117,#4870,#4871);
#4194=AXIS2_PLACEMENT_3D('',#6118,#4872,#4873);
#4195=AXIS2_PLACEMENT_3D('',#6128,#4877,#4878);
#4196=AXIS2_PLACEMENT_3D('',#6136,#4883,#4884);
#4197=AXIS2_PLACEMENT_3D('',#6139,#4885,#4886);
#4198=AXIS2_PLACEMENT_3D('',#6145,#4890,#4891);
#4199=AXIS2_PLACEMENT_3D('',#6147,#4892,#4893);
#4200=AXIS2_PLACEMENT_3D('',#6150,#4895,#4896);
#4201=AXIS2_PLACEMENT_3D('',#6151,#4897,#4898);
#4202=AXIS2_PLACEMENT_3D('',#6156,#4902,#4903);
#4203=AXIS2_PLACEMENT_3D('',#6157,#4904,#4905);
#4204=AXIS2_PLACEMENT_3D('',#6158,#4906,#4907);
#4205=AXIS2_PLACEMENT_3D('',#6159,#4908,#4909);
#4206=AXIS2_PLACEMENT_3D('',#6160,#4910,#4911);
#4207=AXIS2_PLACEMENT_3D('',#6167,#4914,#4915);
#4208=AXIS2_PLACEMENT_3D('',#6169,#4917,#4918);
#4209=AXIS2_PLACEMENT_3D('',#6171,#4920,#4921);
#4210=AXIS2_PLACEMENT_3D('',#6173,#4923,#4924);
#4211=AXIS2_PLACEMENT_3D('',#6175,#4926,#4927);
#4212=AXIS2_PLACEMENT_3D('',#6177,#4929,#4930);
#4213=AXIS2_PLACEMENT_3D('',#6183,#4934,#4935);
#4214=AXIS2_PLACEMENT_3D('',#6186,#4937,#4938);
#4215=AXIS2_PLACEMENT_3D('',#6187,#4939,#4940);
#4216=AXIS2_PLACEMENT_3D('',#6189,#4941,#4942);
#4217=AXIS2_PLACEMENT_3D('',#6195,#4946,#4947);
#4218=AXIS2_PLACEMENT_3D('',#6201,#4951,#4952);
#4219=AXIS2_PLACEMENT_3D('',#6204,#4954,#4955);
#4220=AXIS2_PLACEMENT_3D('',#6205,#4956,#4957);
#4221=AXIS2_PLACEMENT_3D('',#6209,#4960,#4961);
#4222=AXIS2_PLACEMENT_3D('',#6212,#4963,#4964);
#4223=AXIS2_PLACEMENT_3D('',#6213,#4965,#4966);
#4224=AXIS2_PLACEMENT_3D('',#6217,#4969,#4970);
#4225=AXIS2_PLACEMENT_3D('',#6219,#4971,#4972);
#4226=AXIS2_PLACEMENT_3D('',#6222,#4974,#4975);
#4227=AXIS2_PLACEMENT_3D('',#6223,#4976,#4977);
#4228=AXIS2_PLACEMENT_3D('',#6229,#4981,#4982);
#4229=AXIS2_PLACEMENT_3D('',#6231,#4983,#4984);
#4230=AXIS2_PLACEMENT_3D('',#6234,#4986,#4987);
#4231=AXIS2_PLACEMENT_3D('',#6235,#4988,#4989);
#4232=AXIS2_PLACEMENT_3D('',#6241,#4993,#4994);
#4233=AXIS2_PLACEMENT_3D('',#6243,#4995,#4996);
#4234=AXIS2_PLACEMENT_3D('',#6246,#4998,#4999);
#4235=AXIS2_PLACEMENT_3D('',#6247,#5000,#5001);
#4236=AXIS2_PLACEMENT_3D('',#6253,#5005,#5006);
#4237=AXIS2_PLACEMENT_3D('',#6255,#5007,#5008);
#4238=AXIS2_PLACEMENT_3D('',#6258,#5010,#5011);
#4239=AXIS2_PLACEMENT_3D('',#6259,#5012,#5013);
#4240=AXIS2_PLACEMENT_3D('',#6265,#5017,#5018);
#4241=AXIS2_PLACEMENT_3D('',#6267,#5019,#5020);
#4242=AXIS2_PLACEMENT_3D('',#6270,#5022,#5023);
#4243=AXIS2_PLACEMENT_3D('',#6271,#5024,#5025);
#4244=AXIS2_PLACEMENT_3D('',#6273,#5026,#5027);
#4245=AXIS2_PLACEMENT_3D('',#6276,#5029,#5030);
#4246=AXIS2_PLACEMENT_3D('',#6277,#5031,#5032);
#4247=AXIS2_PLACEMENT_3D('',#6283,#5036,#5037);
#4248=AXIS2_PLACEMENT_3D('',#6285,#5038,#5039);
#4249=AXIS2_PLACEMENT_3D('',#6288,#5041,#5042);
#4250=AXIS2_PLACEMENT_3D('',#6289,#5043,#5044);
#4251=AXIS2_PLACEMENT_3D('',#6295,#5048,#5049);
#4252=AXIS2_PLACEMENT_3D('',#6297,#5050,#5051);
#4253=AXIS2_PLACEMENT_3D('',#6300,#5053,#5054);
#4254=AXIS2_PLACEMENT_3D('',#6301,#5055,#5056);
#4255=AXIS2_PLACEMENT_3D('',#6307,#5060,#5061);
#4256=AXIS2_PLACEMENT_3D('',#6309,#5062,#5063);
#4257=AXIS2_PLACEMENT_3D('',#6312,#5065,#5066);
#4258=AXIS2_PLACEMENT_3D('',#6313,#5067,#5068);
#4259=AXIS2_PLACEMENT_3D('',#6319,#5072,#5073);
#4260=AXIS2_PLACEMENT_3D('',#6320,#5074,#5075);
#4261=AXIS2_PLACEMENT_3D('',#6323,#5077,#5078);
#4262=AXIS2_PLACEMENT_3D('',#6324,#5079,#5080);
#4263=AXIS2_PLACEMENT_3D('',#6328,#5083,#5084);
#4264=AXIS2_PLACEMENT_3D('',#6331,#5086,#5087);
#4265=AXIS2_PLACEMENT_3D('',#6332,#5088,#5089);
#4266=AXIS2_PLACEMENT_3D('',#6336,#5092,#5093);
#4267=AXIS2_PLACEMENT_3D('',#6338,#5094,#5095);
#4268=AXIS2_PLACEMENT_3D('',#6341,#5097,#5098);
#4269=AXIS2_PLACEMENT_3D('',#6342,#5099,#5100);
#4270=AXIS2_PLACEMENT_3D('',#6348,#5104,#5105);
#4271=AXIS2_PLACEMENT_3D('',#6349,#5106,#5107);
#4272=AXIS2_PLACEMENT_3D('',#6350,#5108,#5109);
#4273=AXIS2_PLACEMENT_3D('',#6351,#5110,#5111);
#4274=AXIS2_PLACEMENT_3D('',#6354,#5114,#5115);
#4275=AXIS2_PLACEMENT_3D('',#6356,#5117,#5118);
#4276=AXIS2_PLACEMENT_3D('',#6358,#5120,#5121);
#4277=AXIS2_PLACEMENT_3D('',#6360,#5123,#5124);
#4278=AXIS2_PLACEMENT_3D('',#6362,#5126,#5127);
#4279=AXIS2_PLACEMENT_3D('',#6364,#5129,#5130);
#4280=AXIS2_PLACEMENT_3D('',#6366,#5132,#5133);
#4281=AXIS2_PLACEMENT_3D('',#6368,#5135,#5136);
#4282=AXIS2_PLACEMENT_3D('',#6378,#5142,#5143);
#4283=AXIS2_PLACEMENT_3D('',#6379,#5144,#5145);
#4284=AXIS2_PLACEMENT_3D('',#6380,#5146,#5147);
#4285=AXIS2_PLACEMENT_3D('',#6385,#5149,#5150);
#4286=AXIS2_PLACEMENT_3D('',#6389,#5152,#5153);
#4287=AXIS2_PLACEMENT_3D('',#6393,#5155,#5156);
#4288=AXIS2_PLACEMENT_3D('',#6396,#5158,#5159);
#4289=AXIS2_PLACEMENT_3D('',#6398,#5160,#5161);
#4290=AXIS2_PLACEMENT_3D('',#6433,#5162,#5163);
#4291=AXIS2_PLACEMENT_3D('',#6484,#5164,#5165);
#4292=AXIS2_PLACEMENT_3D('',#6535,#5166,#5167);
#4293=AXIS2_PLACEMENT_3D('',#6586,#5168,#5169);
#4294=AXIS2_PLACEMENT_3D('',#6603,#5170,#5171);
#4295=AXIS2_PLACEMENT_3D('',#6604,#5172,#5173);
#4296=AXIS2_PLACEMENT_3D('',#6605,#5174,#5175);
#4297=AXIS2_PLACEMENT_3D('',#6607,#5177,#5178);
#4298=AXIS2_PLACEMENT_3D('',#6609,#5179,#5180);
#4299=AXIS2_PLACEMENT_3D('',#6610,#5181,#5182);
#4300=AXIS2_PLACEMENT_3D('',#6611,#5183,#5184);
#4301=AXIS2_PLACEMENT_3D('',#6613,#5185,#5186);
#4302=AXIS2_PLACEMENT_3D('',#6615,#5188,#5189);
#4303=AXIS2_PLACEMENT_3D('',#6616,#5190,#5191);
#4304=AXIS2_PLACEMENT_3D('',#6617,#5192,#5193);
#4305=AXIS2_PLACEMENT_3D('',#6619,#5195,#5196);
#4306=AXIS2_PLACEMENT_3D('',#6621,#5197,#5198);
#4307=AXIS2_PLACEMENT_3D('',#6622,#5199,#5200);
#4308=AXIS2_PLACEMENT_3D('',#6623,#5201,#5202);
#4309=AXIS2_PLACEMENT_3D('',#6625,#5204,#5205);
#4310=AXIS2_PLACEMENT_3D('',#6629,#5207,#5208);
#4311=AXIS2_PLACEMENT_3D('',#6631,#5210,#5211);
#4312=AXIS2_PLACEMENT_3D('',#6635,#5214,#5215);
#4313=AXIS2_PLACEMENT_3D('',#6638,#5217,#5218);
#4314=AXIS2_PLACEMENT_3D('',#6639,#5219,#5220);
#4315=AXIS2_PLACEMENT_3D('',#6643,#5222,#5223);
#4316=AXIS2_PLACEMENT_3D('',#6644,#5224,#5225);
#4317=AXIS2_PLACEMENT_3D('',#6645,#5226,#5227);
#4318=AXIS2_PLACEMENT_3D('',#6651,#5231,#5232);
#4319=AXIS2_PLACEMENT_3D('',#6671,#5235,#5236);
#4320=AXIS2_PLACEMENT_3D('',#6672,#5237,#5238);
#4321=AXIS2_PLACEMENT_3D('',#6683,#5240,#5241);
#4322=AXIS2_PLACEMENT_3D('',#6686,#5243,#5244);
#4323=AXIS2_PLACEMENT_3D('',#6687,#5245,#5246);
#4324=AXIS2_PLACEMENT_3D('',#6698,#5248,#5249);
#4325=AXIS2_PLACEMENT_3D('',#6702,#5251,#5252);
#4326=AXIS2_PLACEMENT_3D('',#6719,#5254,#5255);
#4327=AXIS2_PLACEMENT_3D('',#6725,#5258,#5259);
#4328=AXIS2_PLACEMENT_3D('',#6727,#5261,#5262);
#4329=AXIS2_PLACEMENT_3D('',#6729,#5263,#5264);
#4330=AXIS2_PLACEMENT_3D('',#6740,#5265,#5266);
#4331=AXIS2_PLACEMENT_3D('',#6743,#5268,#5269);
#4332=AXIS2_PLACEMENT_3D('',#6744,#5270,#5271);
#4333=AXIS2_PLACEMENT_3D('',#6756,#5272,#5273);
#4334=AXIS2_PLACEMENT_3D('',#6757,#5274,#5275);
#4335=AXIS2_PLACEMENT_3D('',#6758,#5276,#5277);
#4336=AXIS2_PLACEMENT_3D('',#6759,#5278,#5279);
#4337=AXIS2_PLACEMENT_3D('',#6760,#5280,#5281);
#4338=AXIS2_PLACEMENT_3D('',#6763,#5283,#5284);
#4339=AXIS2_PLACEMENT_3D('',#6764,#5285,#5286);
#4340=AXIS2_PLACEMENT_3D('',#6768,#5288,#5289);
#4341=AXIS2_PLACEMENT_3D('',#6770,#5291,#5292);
#4342=AXIS2_PLACEMENT_3D('',#6771,#5293,#5294);
#4343=AXIS2_PLACEMENT_3D('',#6772,#5295,#5296);
#4344=AXIS2_PLACEMENT_3D('',#6773,#5297,#5298);
#4345=AXIS2_PLACEMENT_3D('',#6774,#5299,#5300);
#4346=AXIS2_PLACEMENT_3D('',#6775,#5301,#5302);
#4347=AXIS2_PLACEMENT_3D('',#6776,#5303,#5304);
#4348=AXIS2_PLACEMENT_3D('',#6786,#5305,#5306);
#4349=AXIS2_PLACEMENT_3D('',#6787,#5307,#5308);
#4350=AXIS2_PLACEMENT_3D('',#6788,#5309,#5310);
#4351=AXIS2_PLACEMENT_3D('',#6789,#5311,#5312);
#4352=AXIS2_PLACEMENT_3D('',#6791,#5314,#5315);
#4353=AXIS2_PLACEMENT_3D('',#6792,#5316,#5317);
#4354=AXIS2_PLACEMENT_3D('',#6794,#5318,#5319);
#4355=AXIS2_PLACEMENT_3D('',#6795,#5320,#5321);
#4356=AXIS2_PLACEMENT_3D('',#6796,#5322,#5323);
#4357=AXIS2_PLACEMENT_3D('',#6798,#5324,#5325);
#4358=AXIS2_PLACEMENT_3D('',#6843,#5327,#5328);
#4359=AXIS2_PLACEMENT_3D('',#6844,#5329,#5330);
#4360=AXIS2_PLACEMENT_3D('',#6845,#5331,#5332);
#4361=AXIS2_PLACEMENT_3D('',#6847,#5333,#5334);
#4362=AXIS2_PLACEMENT_3D('',#6851,#5336,#5337);
#4363=AXIS2_PLACEMENT_3D('',#6853,#5339,#5340);
#4364=AXIS2_PLACEMENT_3D('',#6854,#5341,#5342);
#4365=AXIS2_PLACEMENT_3D('',#6880,#5343,#5344);
#4366=AXIS2_PLACEMENT_3D('',#6882,#5345,#5346);
#4367=AXIS2_PLACEMENT_3D('',#6883,#5347,#5348);
#4368=AXIS2_PLACEMENT_3D('',#6884,#5349,#5350);
#4369=AXIS2_PLACEMENT_3D('',#6887,#5352,#5353);
#4370=AXIS2_PLACEMENT_3D('',#6888,#5354,#5355);
#4371=AXIS2_PLACEMENT_3D('',#6889,#5356,#5357);
#4372=AXIS2_PLACEMENT_3D('',#6890,#5358,#5359);
#4373=AXIS2_PLACEMENT_3D('',#6906,#5362,#5363);
#4374=AXIS2_PLACEMENT_3D('',#6917,#5365,#5366);
#4375=AXIS2_PLACEMENT_3D('',#6921,#5368,#5369);
#4376=AXIS2_PLACEMENT_3D('',#6922,#5370,#5371);
#4377=AXIS2_PLACEMENT_3D('',#6923,#5372,#5373);
#4378=AXIS2_PLACEMENT_3D('',#6932,#5374,#5375);
#4379=AXIS2_PLACEMENT_3D('',#6934,#5376,#5377);
#4380=AXIS2_PLACEMENT_3D('',#6936,#5378,#5379);
#4381=AXIS2_PLACEMENT_3D('',#6937,#5380,#5381);
#4382=AXIS2_PLACEMENT_3D('',#6939,#5382,#5383);
#4383=AXIS2_PLACEMENT_3D('',#6941,#5385,#5386);
#4384=AXIS2_PLACEMENT_3D('',#6943,#5388,#5389);
#4385=AXIS2_PLACEMENT_3D('',#6949,#5393,#5394);
#4386=AXIS2_PLACEMENT_3D('',#6952,#5397,#5398);
#4387=AXIS2_PLACEMENT_3D('',#6953,#5399,#5400);
#4388=AXIS2_PLACEMENT_3D('',#6955,#5402,#5403);
#4389=AXIS2_PLACEMENT_3D('',#6957,#5405,#5406);
#4390=AXIS2_PLACEMENT_3D('',#6965,#5407,#5408);
#4391=AXIS2_PLACEMENT_3D('',#6969,#5410,#5411);
#4392=AXIS2_PLACEMENT_3D('',#7013,#5414,#5415);
#4393=AXIS2_PLACEMENT_3D('',#7015,#5416,#5417);
#4394=AXIS2_PLACEMENT_3D('',#7018,#5419,#5420);
#4395=AXIS2_PLACEMENT_3D('',#7020,#5421,#5422);
#4396=AXIS2_PLACEMENT_3D('',#7024,#5423,#5424);
#4397=AXIS2_PLACEMENT_3D('',#7026,#5425,#5426);
#4398=AXIS2_PLACEMENT_3D('',#7028,#5427,#5428);
#4399=AXIS2_PLACEMENT_3D('',#7032,#5430,#5431);
#4400=AXIS2_PLACEMENT_3D('',#7036,#5433,#5434);
#4401=AXIS2_PLACEMENT_3D('',#7038,#5436,#5437);
#4402=AXIS2_PLACEMENT_3D('',#7041,#5438,#5439);
#4403=AXIS2_PLACEMENT_3D('',#7043,#5440,#5441);
#4404=AXIS2_PLACEMENT_3D('',#7045,#5442,#5443);
#4405=AXIS2_PLACEMENT_3D('',#7046,#5444,#5445);
#4406=AXIS2_PLACEMENT_3D('',#7047,#5446,#5447);
#4407=AXIS2_PLACEMENT_3D('',#7052,#5450,#5451);
#4408=AXIS2_PLACEMENT_3D('',#7053,#5452,#5453);
#4409=AXIS2_PLACEMENT_3D('',#7058,#5456,#5457);
#4410=AXIS2_PLACEMENT_3D('',#7059,#5458,#5459);
#4411=AXIS2_PLACEMENT_3D('',#7063,#5461,#5462);
#4412=AXIS2_PLACEMENT_3D('',#7075,#5464,#5465);
#4413=AXIS2_PLACEMENT_3D('',#7076,#5466,#5467);
#4414=AXIS2_PLACEMENT_3D('',#7077,#5468,#5469);
#4415=AXIS2_PLACEMENT_3D('',#7080,#5471,#5472);
#4416=AXIS2_PLACEMENT_3D('',#7082,#5473,#5474);
#4417=AXIS2_PLACEMENT_3D('',#7089,#5477,#5478);
#4418=AXIS2_PLACEMENT_3D('',#7093,#5481,#5482);
#4419=AXIS2_PLACEMENT_3D('',#7100,#5486,#5487);
#4420=AXIS2_PLACEMENT_3D('',#7101,#5488,#5489);
#4421=AXIS2_PLACEMENT_3D('',#7104,#5490,#5491);
#4422=AXIS2_PLACEMENT_3D('',#7108,#5493,#5494);
#4423=AXIS2_PLACEMENT_3D('',#7110,#5496,#5497);
#4424=AXIS2_PLACEMENT_3D('',#7116,#5501,#5502);
#4425=AXIS2_PLACEMENT_3D('',#7119,#5503,#5504);
#4426=AXIS2_PLACEMENT_3D('',#7123,#5506,#5507);
#4427=AXIS2_PLACEMENT_3D('',#7125,#5509,#5510);
#4428=AXIS2_PLACEMENT_3D('',#7129,#5513,#5514);
#4429=AXIS2_PLACEMENT_3D('',#7140,#5517,#5518);
#4430=AXIS2_PLACEMENT_3D('',#7144,#5521,#5522);
#4431=AXIS2_PLACEMENT_3D('',#7145,#5523,#5524);
#4432=AXIS2_PLACEMENT_3D('',#7146,#5525,#5526);
#4433=AXIS2_PLACEMENT_3D('',#7148,#5527,#5528);
#4434=AXIS2_PLACEMENT_3D('',#7150,#5530,#5531);
#4435=AXIS2_PLACEMENT_3D('',#7151,#5532,#5533);
#4436=AXIS2_PLACEMENT_3D('',#7152,#5534,#5535);
#4437=AXIS2_PLACEMENT_3D('',#7154,#5536,#5537);
#4438=AXIS2_PLACEMENT_3D('',#7156,#5539,#5540);
#4439=AXIS2_PLACEMENT_3D('',#7157,#5541,#5542);
#4440=AXIS2_PLACEMENT_3D('',#7158,#5543,#5544);
#4441=AXIS2_PLACEMENT_3D('',#7159,#5545,#5546);
#4442=AXIS2_PLACEMENT_3D('',#7160,#5547,#5548);
#4443=AXIS2_PLACEMENT_3D('',#7162,#5550,#5551);
#4444=AXIS2_PLACEMENT_3D('',#7167,#5555,#5556);
#4445=AXIS2_PLACEMENT_3D('',#7169,#5558,#5559);
#4446=AXIS2_PLACEMENT_3D('',#7171,#5561,#5562);
#4447=AXIS2_PLACEMENT_3D('',#7173,#5564,#5565);
#4448=AXIS2_PLACEMENT_3D('',#7174,#5566,#5567);
#4449=AXIS2_PLACEMENT_3D('',#7177,#5570,#5571);
#4450=AXIS2_PLACEMENT_3D('',#7179,#5573,#5574);
#4451=AXIS2_PLACEMENT_3D('',#7181,#5576,#5577);
#4452=AXIS2_PLACEMENT_3D('',#7183,#5579,#5580);
#4453=AXIS2_PLACEMENT_3D('',#7185,#5582,#5583);
#4454=AXIS2_PLACEMENT_3D('',#7187,#5585,#5586);
#4455=AXIS2_PLACEMENT_3D('',#7189,#5588,#5589);
#4456=AXIS2_PLACEMENT_3D('',#7190,#5590,#5591);
#4457=AXIS2_PLACEMENT_3D('',#7192,#5593,#5594);
#4458=AXIS2_PLACEMENT_3D('',#7375,#5595,#5596);
#4459=AXIS2_PLACEMENT_3D('',#7377,#5597,#5598);
#4460=AXIS2_PLACEMENT_3D('',#7386,#5600,#5601);
#4461=AXIS2_PLACEMENT_3D('',#7388,#5602,#5603);
#4462=AXIS2_PLACEMENT_3D('',#7389,#5604,#5605);
#4463=AXIS2_PLACEMENT_3D('',#7390,#5606,#5607);
#4464=AXIS2_PLACEMENT_3D('',#7391,#5608,#5609);
#4465=AXIS2_PLACEMENT_3D('',#7392,#5610,#5611);
#4466=AXIS2_PLACEMENT_3D('',#7394,#5612,#5613);
#4467=AXIS2_PLACEMENT_3D('',#7413,#5614,#5615);
#4468=AXIS2_PLACEMENT_3D('',#7415,#5617,#5618);
#4469=AXIS2_PLACEMENT_3D('',#7418,#5620,#5621);
#4470=AXIS2_PLACEMENT_3D('',#7495,#5623,#5624);
#4471=AXIS2_PLACEMENT_3D('',#7520,#5625,#5626);
#4472=AXIS2_PLACEMENT_3D('',#7522,#5628,#5629);
#4473=AXIS2_PLACEMENT_3D('',#7524,#5631,#5632);
#4474=AXIS2_PLACEMENT_3D('',#7526,#5633,#5634);
#4475=AXIS2_PLACEMENT_3D('',#7528,#5636,#5637);
#4476=AXIS2_PLACEMENT_3D('',#7532,#5640,#5641);
#4477=AXIS2_PLACEMENT_3D('',#7535,#5644,#5645);
#4478=AXIS2_PLACEMENT_3D('',#7536,#5646,#5647);
#4479=AXIS2_PLACEMENT_3D('',#7537,#5648,#5649);
#4480=AXIS2_PLACEMENT_3D('',#7538,#5650,#5651);
#4481=AXIS2_PLACEMENT_3D('',#7541,#5653,#5654);
#4482=AXIS2_PLACEMENT_3D('',#7542,#5655,#5656);
#4483=AXIS2_PLACEMENT_3D('',#7543,#5657,#5658);
#4484=AXIS2_PLACEMENT_3D('',#7544,#5659,#5660);
#4485=AXIS2_PLACEMENT_3D('',#7545,#5661,#5662);
#4486=AXIS2_PLACEMENT_3D('',#7546,#5663,#5664);
#4487=AXIS2_PLACEMENT_3D('',#7549,#5666,#5667);
#4488=AXIS2_PLACEMENT_3D('',#7550,#5668,#5669);
#4489=AXIS2_PLACEMENT_3D('',#7553,#5671,#5672);
#4490=AXIS2_PLACEMENT_3D('',#7554,#5673,#5674);
#4491=AXIS2_PLACEMENT_3D('',#7555,#5675,#5676);
#4492=AXIS2_PLACEMENT_3D('',#7556,#5677,#5678);
#4493=AXIS2_PLACEMENT_3D('',#7557,#5679,#5680);
#4494=AXIS2_PLACEMENT_3D('',#7558,#5681,#5682);
#4495=AXIS2_PLACEMENT_3D('',#7560,#5684,#5685);
#4496=AXIS2_PLACEMENT_3D('',#7563,#5687,#5688);
#4497=AXIS2_PLACEMENT_3D('',#7564,#5689,#5690);
#4498=AXIS2_PLACEMENT_3D('',#7566,#5692,#5693);
#4499=AXIS2_PLACEMENT_3D('',#7568,#5694,#5695);
#4500=AXIS2_PLACEMENT_3D('',#7570,#5697,#5698);
#4501=AXIS2_PLACEMENT_3D('',#7572,#5699,#5700);
#4502=AXIS2_PLACEMENT_3D('',#7573,#5701,#5702);
#4503=AXIS2_PLACEMENT_3D('',#7577,#5704,#5705);
#4504=AXIS2_PLACEMENT_3D('',#7579,#5706,#5707);
#4505=AXIS2_PLACEMENT_3D('',#7583,#5710,#5711);
#4506=AXIS2_PLACEMENT_3D('',#7584,#5712,#5713);
#4507=AXIS2_PLACEMENT_3D('',#7587,#5715,#5716);
#4508=AXIS2_PLACEMENT_3D('',#7588,#5717,#5718);
#4509=AXIS2_PLACEMENT_3D('',#7589,#5719,#5720);
#4510=AXIS2_PLACEMENT_3D('',#7591,#5722,#5723);
#4511=AXIS2_PLACEMENT_3D('',#7595,#5724,#5725);
#4512=AXIS2_PLACEMENT_3D('',#7596,#5726,#5727);
#4513=AXIS2_PLACEMENT_3D('',#7597,#5728,#5729);
#4514=AXIS2_PLACEMENT_3D('',#7600,#5731,#5732);
#4515=AXIS2_PLACEMENT_3D('',#7601,#5733,#5734);
#4516=AXIS2_PLACEMENT_3D('',#7604,#5736,#5737);
#4517=AXIS2_PLACEMENT_3D('',#7605,#5738,#5739);
#4518=AXIS2_PLACEMENT_3D('',#7606,#5740,#5741);
#4519=AXIS2_PLACEMENT_3D('',#7607,#5742,#5743);
#4520=DIRECTION('axis',(0.,0.,1.));
#4521=DIRECTION('refdir',(1.,0.,0.));
#4522=DIRECTION('center_axis',(0.707106781186545,0.70710678118655,1.39563774105224E-16));
#4523=DIRECTION('ref_axis',(1.97372982155583E-16,0.,-1.));
#4524=DIRECTION('',(0.707106781186549,-0.707106781186546,0.));
#4525=DIRECTION('',(1.97372982155583E-16,0.,-1.));
#4526=DIRECTION('',(-0.70710678118655,0.707106781186545,0.));
#4527=DIRECTION('',(-1.97372982155583E-16,0.,1.));
#4528=DIRECTION('center_axis',(0.,-1.,0.));
#4529=DIRECTION('ref_axis',(0.707106781186548,0.,-0.707106781186548));
#4530=DIRECTION('center_axis',(0.,1.,0.));
#4531=DIRECTION('ref_axis',(0.707106781186548,0.,-0.707106781186548));
#4532=DIRECTION('',(0.,0.707106781186548,0.707106781186548));
#4533=DIRECTION('center_axis',(0.,-1.,0.));
#4534=DIRECTION('ref_axis',(0.707106781186547,0.,-0.707106781186547));
#4535=DIRECTION('center_axis',(0.,-1.,0.));
#4536=DIRECTION('ref_axis',(0.707106781186548,0.,0.707106781186547));
#4537=DIRECTION('',(0.,-0.707106781186548,0.707106781186548));
#4538=DIRECTION('center_axis',(0.,1.,0.));
#4539=DIRECTION('ref_axis',(0.707106781186548,0.,0.707106781186547));
#4540=DIRECTION('center_axis',(0.,-1.,0.));
#4541=DIRECTION('ref_axis',(0.707106781186548,0.,0.707106781186547));
#4542=DIRECTION('center_axis',(-2.07501205993975E-16,0.707106781186549,
-0.707106781186546));
#4543=DIRECTION('ref_axis',(-1.,0.,2.93451019725454E-16));
#4544=DIRECTION('',(1.57009245868378E-16,0.707106781186546,0.707106781186549));
#4545=DIRECTION('',(1.,0.,-2.93451019725454E-16));
#4546=DIRECTION('',(-1.,0.,2.93451019725454E-16));
#4547=DIRECTION('center_axis',(-2.07501205993975E-16,0.707106781186549,
-0.707106781186546));
#4548=DIRECTION('ref_axis',(0.816496580927727,-0.408248290463862,-0.408248290463864));
#4549=DIRECTION('center_axis',(0.,0.707106781186548,0.707106781186548));
#4550=DIRECTION('ref_axis',(1.,0.,0.));
#4551=DIRECTION('center_axis',(0.,0.707106781186548,0.707106781186548));
#4552=DIRECTION('ref_axis',(0.816496580927726,-0.408248290463863,0.408248290463863));
#4553=DIRECTION('',(1.,0.,0.));
#4554=DIRECTION('',(-1.,0.,0.));
#4555=DIRECTION('center_axis',(0.,0.707106781186548,0.707106781186548));
#4556=DIRECTION('ref_axis',(-4.9065389333868E-17,-0.707106781186547,0.707106781186547));
#4557=DIRECTION('center_axis',(0.,-1.,0.));
#4558=DIRECTION('ref_axis',(0.707106781186548,0.,0.707106781186547));
#4559=DIRECTION('',(0.,-1.,0.));
#4560=DIRECTION('center_axis',(0.,1.,0.));
#4561=DIRECTION('ref_axis',(0.,0.,1.));
#4562=DIRECTION('',(0.,1.,0.));
#4563=DIRECTION('center_axis',(0.,0.,1.));
#4564=DIRECTION('ref_axis',(1.,0.,0.));
#4565=DIRECTION('',(-0.707106781186548,0.707106781186548,0.));
#4566=DIRECTION('',(0.,1.,0.));
#4567=DIRECTION('',(1.,0.,0.));
#4568=DIRECTION('',(0.,1.,0.));
#4569=DIRECTION('',(-1.,0.,0.));
#4570=DIRECTION('',(0.,-1.,0.));
#4571=DIRECTION('center_axis',(0.,0.,1.));
#4572=DIRECTION('ref_axis',(-0.829156197588846,0.559016994374953,0.));
#4573=DIRECTION('',(0.,-1.,0.));
#4574=DIRECTION('center_axis',(0.,0.,1.));
#4575=DIRECTION('ref_axis',(-0.829156197588845,-0.559016994374955,0.));
#4576=DIRECTION('',(0.,-1.,0.));
#4577=DIRECTION('center_axis',(0.,0.,1.));
#4578=DIRECTION('ref_axis',(-0.829156197588845,0.559016994374954,0.));
#4579=DIRECTION('',(0.,-1.,0.));
#4580=DIRECTION('center_axis',(0.,0.,1.));
#4581=DIRECTION('ref_axis',(-0.829156197588848,-0.55901699437495,0.));
#4582=DIRECTION('center_axis',(-0.707106781186548,0.707106781186548,0.));
#4583=DIRECTION('ref_axis',(-0.49999999999996,-0.499999999999961,0.707106781186604));
#4584=DIRECTION('center_axis',(-0.382683432382544,0.923879532504057,0.));
#4585=DIRECTION('ref_axis',(-0.923879532504057,-0.382683432382544,0.));
#4586=DIRECTION('',(0.707106781186548,-0.707106781186548,0.));
#4587=DIRECTION('center_axis',(0.382683432382543,-0.923879532504058,-1.81108530945497E-14));
#4588=DIRECTION('ref_axis',(-0.923879532504058,-0.382683432382543,4.37234671646724E-14));
#4589=DIRECTION('center_axis',(0.,1.,0.));
#4590=DIRECTION('ref_axis',(-0.707106781186551,0.,0.707106781186544));
#4591=DIRECTION('',(0.,-1.,0.));
#4592=DIRECTION('center_axis',(0.,1.,0.));
#4593=DIRECTION('ref_axis',(0.,0.,1.));
#4594=DIRECTION('',(2.22044604925031E-16,0.,1.));
#4595=DIRECTION('center_axis',(-0.664463024388673,0.707106781186549,-0.241844762647975));
#4596=DIRECTION('ref_axis',(-0.342020143325669,0.,0.939692620785908));
#4597=DIRECTION('center_axis',(-0.664463024388673,0.707106781186549,-0.241844762647975));
#4598=DIRECTION('ref_axis',(-0.664463024388676,-0.707106781186546,-0.241844762647976));
#4599=DIRECTION('',(-0.342020143325669,0.,0.939692620785908));
#4600=DIRECTION('',(0.664463024388669,0.707106781186552,0.241844762647976));
#4601=DIRECTION('',(0.342020143325669,0.,-0.939692620785908));
#4602=DIRECTION('center_axis',(0.,-1.,0.));
#4603=DIRECTION('ref_axis',(-0.937292217074816,0.,0.348544544945084));
#4604=DIRECTION('center_axis',(0.,1.,0.));
#4605=DIRECTION('ref_axis',(-0.937292217074816,0.,0.348544544945084));
#4606=DIRECTION('',(0.345005095954327,0.707106781186541,-0.617228874701722));
#4607=DIRECTION('center_axis',(0.,-1.,0.));
#4608=DIRECTION('ref_axis',(-0.937292217074816,0.,0.348544544945084));
#4609=DIRECTION('center_axis',(-0.345005095954321,0.707106781186548,0.617228874701718));
#4610=DIRECTION('ref_axis',(0.872893445691454,0.,0.487910885786432));
#4611=DIRECTION('',(0.345005095954319,0.707106781186543,-0.617228874701724));
#4612=DIRECTION('',(-0.872893445691454,0.,-0.487910885786432));
#4613=DIRECTION('',(0.872893445691454,0.,0.487910885786432));
#4614=DIRECTION('center_axis',(0.,-1.,0.));
#4615=DIRECTION('ref_axis',(-0.707106781186549,0.,0.707106781186546));
#4616=DIRECTION('center_axis',(0.,1.,0.));
#4617=DIRECTION('ref_axis',(-0.707106781186549,0.,0.707106781186546));
#4618=DIRECTION('',(0.,0.707106781186552,-0.707106781186543));
#4619=DIRECTION('center_axis',(0.,-1.,0.));
#4620=DIRECTION('ref_axis',(-0.707106781186549,0.,0.707106781186546));
#4621=DIRECTION('center_axis',(0.,0.707106781186546,0.707106781186549));
#4622=DIRECTION('ref_axis',(1.,0.,0.));
#4623=DIRECTION('center_axis',(0.,0.707106781186546,0.707106781186549));
#4624=DIRECTION('ref_axis',(0.,-0.707106781186549,0.707106781186546));
#4625=DIRECTION('',(-1.,0.,0.));
#4626=DIRECTION('center_axis',(0.,1.,0.));
#4627=DIRECTION('ref_axis',(-0.707106781186549,0.,0.707106781186546));
#4628=DIRECTION('',(0.,1.,0.));
#4629=DIRECTION('center_axis',(0.,-1.,0.));
#4630=DIRECTION('ref_axis',(-0.707106781186549,0.,0.707106781186546));
#4631=DIRECTION('center_axis',(-0.487910885786432,0.,0.872893445691454));
#4632=DIRECTION('ref_axis',(0.872893445691454,0.,0.487910885786432));
#4633=DIRECTION('',(0.,1.,0.));
#4634=DIRECTION('',(-0.872893445691454,0.,-0.487910885786432));
#4635=DIRECTION('center_axis',(0.,1.,0.));
#4636=DIRECTION('ref_axis',(-0.937292217074816,0.,0.348544544945084));
#4637=DIRECTION('',(0.,-1.,0.));
#4638=DIRECTION('center_axis',(0.,-1.,0.));
#4639=DIRECTION('ref_axis',(-0.937292217074816,0.,0.348544544945084));
#4640=DIRECTION('center_axis',(-0.939692620785908,0.,-0.342020143325669));
#4641=DIRECTION('ref_axis',(-0.342020143325669,0.,0.939692620785908));
#4642=DIRECTION('',(0.,-1.,0.));
#4643=DIRECTION('',(0.342020143325669,0.,-0.939692620785908));
#4644=DIRECTION('',(0.,1.,0.));
#4645=DIRECTION('',(0.342020143325669,0.,-0.939692620785908));
#4646=DIRECTION('center_axis',(0.,0.707106781186548,-0.707106781186547));
#4647=DIRECTION('ref_axis',(-1.,0.,0.));
#4648=DIRECTION('',(0.,0.707106781186547,0.707106781186548));
#4649=DIRECTION('',(1.,0.,0.));
#4650=DIRECTION('',(0.,-0.707106781186547,-0.707106781186548));
#4651=DIRECTION('',(-1.,0.,0.));
#4652=DIRECTION('center_axis',(0.,1.,0.));
#4653=DIRECTION('ref_axis',(-0.452365382059812,0.,0.891832697939406));
#4654=DIRECTION('center_axis',(0.,-1.,0.));
#4655=DIRECTION('ref_axis',(-0.452365382059812,0.,0.891832697939406));
#4656=DIRECTION('',(-0.570542172512921,0.707106781186548,0.41770998238519));
#4657=DIRECTION('center_axis',(0.,1.,0.));
#4658=DIRECTION('ref_axis',(-0.452365382059812,0.,0.891832697939406));
#4659=DIRECTION('center_axis',(0.57054217251292,0.707106781186549,-0.417709982385189));
#4660=DIRECTION('ref_axis',(-0.590731122227762,0.,-0.806868478273584));
#4661=DIRECTION('center_axis',(0.57054217251292,0.707106781186549,-0.417709982385189));
#4662=DIRECTION('ref_axis',(0.798364879232198,-0.358254921483951,0.484011292059478));
#4663=DIRECTION('',(0.590731122227762,0.,0.806868478273584));
#4664=DIRECTION('',(-0.590731122227762,0.,-0.806868478273584));
#4665=DIRECTION('center_axis',(0.,0.707106781186546,-0.707106781186549));
#4666=DIRECTION('ref_axis',(-1.,0.,0.));
#4667=DIRECTION('center_axis',(0.,0.707106781186546,-0.707106781186549));
#4668=DIRECTION('ref_axis',(0.,-0.707106781186549,-0.707106781186546));
#4669=DIRECTION('',(-1.,0.,0.));
#4670=DIRECTION('',(-5.02429586778809E-14,0.707106781186549,0.707106781186546));
#4671=DIRECTION('center_axis',(0.,1.,0.));
#4672=DIRECTION('ref_axis',(-0.707106781186548,0.,0.707106781186548));
#4673=DIRECTION('center_axis',(0.,-1.,0.));
#4674=DIRECTION('ref_axis',(-0.707106781186548,0.,0.707106781186548));
#4675=DIRECTION('',(-0.707106781186548,0.707106781186547,0.));
#4676=DIRECTION('center_axis',(0.,1.,0.));
#4677=DIRECTION('ref_axis',(-0.707106781186548,0.,0.707106781186548));
#4678=DIRECTION('center_axis',(0.707106781186547,0.707106781186548,-3.11817427542338E-16));
#4679=DIRECTION('ref_axis',(-4.40976435014665E-16,0.,-1.));
#4680=DIRECTION('',(-0.707106781186549,0.707106781186546,0.));
#4681=DIRECTION('',(4.40976435014665E-16,0.,1.));
#4682=DIRECTION('',(-4.40976435014665E-16,0.,-1.));
#4683=DIRECTION('center_axis',(0.,-1.,0.));
#4684=DIRECTION('ref_axis',(0.707106781186545,0.,-0.70710678118655));
#4685=DIRECTION('center_axis',(0.,1.,0.));
#4686=DIRECTION('ref_axis',(0.707106781186545,0.,-0.70710678118655));
#4687=DIRECTION('center_axis',(0.,-1.,0.));
#4688=DIRECTION('ref_axis',(-0.452365382059812,0.,0.891832697939406));
#4689=DIRECTION('',(0.,-1.,0.));
#4690=DIRECTION('center_axis',(0.,1.,0.));
#4691=DIRECTION('ref_axis',(-0.452365382059812,0.,0.891832697939406));
#4692=DIRECTION('',(0.,1.,0.));
#4693=DIRECTION('center_axis',(0.,0.,-1.));
#4694=DIRECTION('ref_axis',(-1.,0.,0.));
#4695=DIRECTION('',(0.,1.,0.));
#4696=DIRECTION('',(1.,0.,0.));
#4697=DIRECTION('center_axis',(0.,1.,0.));
#4698=DIRECTION('ref_axis',(0.707106781186544,0.,-0.707106781186551));
#4699=DIRECTION('',(0.,-1.,0.));
#4700=DIRECTION('center_axis',(0.,-1.,0.));
#4701=DIRECTION('ref_axis',(0.707106781186544,0.,-0.707106781186551));
#4702=DIRECTION('center_axis',(1.,0.,-4.40976435014665E-16));
#4703=DIRECTION('ref_axis',(-4.40976435014665E-16,0.,-1.));
#4704=DIRECTION('',(0.,1.,0.));
#4705=DIRECTION('',(4.40976435014665E-16,0.,1.));
#4706=DIRECTION('center_axis',(0.,1.,0.));
#4707=DIRECTION('ref_axis',(-0.707106781186548,0.,0.707106781186548));
#4708=DIRECTION('',(0.,-1.,0.));
#4709=DIRECTION('center_axis',(0.,1.,0.));
#4710=DIRECTION('ref_axis',(-0.707106781186548,0.,0.707106781186548));
#4711=DIRECTION('center_axis',(0.,0.,-1.));
#4712=DIRECTION('ref_axis',(-1.,0.,0.));
#4713=DIRECTION('',(0.,1.,0.));
#4714=DIRECTION('',(0.707106781186548,-0.707106781186547,0.));
#4715=DIRECTION('',(0.,1.,0.));
#4716=DIRECTION('',(1.,0.,0.));
#4717=DIRECTION('center_axis',(-0.345005095954322,0.707106781186545,-0.617228874701721));
#4718=DIRECTION('ref_axis',(-0.872893445691455,0.,0.487910885786431));
#4719=DIRECTION('center_axis',(-0.345005095954322,0.707106781186545,-0.617228874701721));
#4720=DIRECTION('ref_axis',(-0.345005095954319,-0.70710678118655,-0.617228874701717));
#4721=DIRECTION('',(0.872893445691455,0.,-0.487910885786431));
#4722=DIRECTION('',(-0.345005095954313,-0.707106781186552,-0.617228874701718));
#4723=DIRECTION('',(-0.872893445691455,0.,0.487910885786431));
#4724=DIRECTION('center_axis',(0.,-1.,0.));
#4725=DIRECTION('ref_axis',(-0.252097753171821,0.,-0.96770177371219));
#4726=DIRECTION('',(-1.88411095042052E-14,-0.707106781186546,-0.707106781186549));
#4727=DIRECTION('center_axis',(0.,1.,0.));
#4728=DIRECTION('ref_axis',(-0.252097753171821,0.,-0.967701773712191));
#4729=DIRECTION('center_axis',(0.,-1.,0.));
#4730=DIRECTION('ref_axis',(-0.252097753171821,0.,-0.967701773712191));
#4731=DIRECTION('center_axis',(-2.03188435829665E-14,0.707106781186549,
-0.707106781186546));
#4732=DIRECTION('ref_axis',(-1.,0.,2.87351841667688E-14));
#4733=DIRECTION('',(1.,0.,-2.87351841667688E-14));
#4734=DIRECTION('',(-1.88411095042052E-14,-0.707106781186546,-0.707106781186549));
#4735=DIRECTION('',(-1.,0.,2.87351841667688E-14));
#4736=DIRECTION('center_axis',(0.,1.,0.));
#4737=DIRECTION('ref_axis',(0.707106781186557,0.,0.707106781186538));
#4738=DIRECTION('',(-0.707106781186546,-0.707106781186549,0.));
#4739=DIRECTION('center_axis',(0.,-1.,0.));
#4740=DIRECTION('ref_axis',(0.707106781186557,0.,0.707106781186538));
#4741=DIRECTION('center_axis',(0.,1.,0.));
#4742=DIRECTION('ref_axis',(0.707106781186557,0.,0.707106781186538));
#4743=DIRECTION('center_axis',(-0.707106781186547,0.707106781186548,0.));
#4744=DIRECTION('ref_axis',(0.,0.,1.));
#4745=DIRECTION('',(0.,0.,-1.));
#4746=DIRECTION('',(-0.707106781186548,-0.707106781186547,0.));
#4747=DIRECTION('',(0.,0.,1.));
#4748=DIRECTION('center_axis',(0.,1.,0.));
#4749=DIRECTION('ref_axis',(0.707106781186549,0.,-0.707106781186546));
#4750=DIRECTION('',(0.,-0.707106781186549,0.707106781186546));
#4751=DIRECTION('center_axis',(0.,-1.,0.));
#4752=DIRECTION('ref_axis',(0.707106781186549,0.,-0.707106781186546));
#4753=DIRECTION('center_axis',(0.,1.,0.));
#4754=DIRECTION('ref_axis',(0.707106781186549,0.,-0.707106781186546));
#4755=DIRECTION('center_axis',(0.,0.707106781186546,0.707106781186549));
#4756=DIRECTION('ref_axis',(1.,0.,0.));
#4757=DIRECTION('',(-1.,0.,0.));
#4758=DIRECTION('',(0.,-0.707106781186549,0.707106781186546));
#4759=DIRECTION('',(1.,0.,0.));
#4760=DIRECTION('center_axis',(0.,-1.,0.));
#4761=DIRECTION('ref_axis',(-0.870878791162743,0.,-0.491497844453991));
#4762=DIRECTION('',(-0.661455540004635,-0.707106781186547,-0.249953132801285));
#4763=DIRECTION('center_axis',(0.,1.,0.));
#4764=DIRECTION('ref_axis',(-0.870878791162743,0.,-0.491497844453991));
#4765=DIRECTION('center_axis',(0.,-1.,0.));
#4766=DIRECTION('ref_axis',(-0.870878791162743,0.,-0.491497844453991));
#4767=DIRECTION('center_axis',(0.,1.,0.));
#4768=DIRECTION('ref_axis',(0.983727450969366,0.,0.179667198479061));
#4769=DIRECTION('',(-0.707106781186545,-0.70710678118655,0.));
#4770=DIRECTION('center_axis',(0.,-1.,0.));
#4771=DIRECTION('ref_axis',(0.983727450969366,0.,0.179667198479061));
#4772=DIRECTION('center_axis',(0.,1.,0.));
#4773=DIRECTION('ref_axis',(0.983727450969366,0.,0.179667198479061));
#4774=DIRECTION('center_axis',(-0.707106781186547,0.707106781186548,-2.2679113292099E-16));
#4775=DIRECTION('ref_axis',(-3.20731096002823E-16,0.,1.));
#4776=DIRECTION('',(3.20731096002823E-16,0.,-1.));
#4777=DIRECTION('',(-0.707106781186548,-0.707106781186547,0.));
#4778=DIRECTION('',(-3.20731096002823E-16,0.,1.));
#4779=DIRECTION('center_axis',(0.,-1.,0.));
#4780=DIRECTION('ref_axis',(-0.707106781186546,0.,-0.707106781186549));
#4781=DIRECTION('',(0.,-0.707106781186549,-0.707106781186546));
#4782=DIRECTION('center_axis',(0.,1.,0.));
#4783=DIRECTION('ref_axis',(-0.707106781186546,0.,-0.707106781186549));
#4784=DIRECTION('center_axis',(0.,-1.,0.));
#4785=DIRECTION('ref_axis',(-0.707106781186546,0.,-0.707106781186549));
#4786=DIRECTION('center_axis',(0.,0.707106781186546,-0.707106781186549));
#4787=DIRECTION('ref_axis',(-1.,0.,0.));
#4788=DIRECTION('',(1.,0.,0.));
#4789=DIRECTION('',(0.,-0.707106781186549,-0.707106781186546));
#4790=DIRECTION('',(-1.,0.,0.));
#4791=DIRECTION('center_axis',(0.,1.,0.));
#4792=DIRECTION('ref_axis',(0.707106781186546,0.,0.707106781186549));
#4793=DIRECTION('',(-0.707106781186549,-0.707106781186546,0.));
#4794=DIRECTION('center_axis',(0.,-1.,0.));
#4795=DIRECTION('ref_axis',(0.707106781186546,0.,0.707106781186549));
#4796=DIRECTION('center_axis',(0.,1.,0.));
#4797=DIRECTION('ref_axis',(0.707106781186546,0.,0.707106781186549));
#4798=DIRECTION('center_axis',(-0.707106781186547,0.707106781186548,0.));
#4799=DIRECTION('ref_axis',(0.,0.,1.));
#4800=DIRECTION('',(0.,0.,-1.));
#4801=DIRECTION('',(-0.707106781186548,-0.707106781186547,0.));
#4802=DIRECTION('',(0.,0.,1.));
#4803=DIRECTION('center_axis',(0.,1.,0.));
#4804=DIRECTION('ref_axis',(0.707106781186549,0.,-0.707106781186546));
#4805=DIRECTION('',(0.,-0.707106781186549,0.707106781186546));
#4806=DIRECTION('center_axis',(0.,-1.,0.));
#4807=DIRECTION('ref_axis',(0.707106781186549,0.,-0.707106781186546));
#4808=DIRECTION('center_axis',(0.,1.,0.));
#4809=DIRECTION('ref_axis',(0.707106781186549,0.,-0.707106781186546));
#4810=DIRECTION('center_axis',(0.,0.707106781186546,0.707106781186549));
#4811=DIRECTION('ref_axis',(1.,0.,0.));
#4812=DIRECTION('',(-1.,0.,0.));
#4813=DIRECTION('',(0.,-0.707106781186549,0.707106781186546));
#4814=DIRECTION('',(1.,0.,0.));
#4815=DIRECTION('center_axis',(0.,-1.,0.));
#4816=DIRECTION('ref_axis',(-0.707106781186548,0.,0.707106781186548));
#4817=DIRECTION('',(-0.707106781186548,-0.707106781186547,0.));
#4818=DIRECTION('center_axis',(0.,1.,0.));
#4819=DIRECTION('ref_axis',(-0.707106781186548,0.,0.707106781186548));
#4820=DIRECTION('center_axis',(0.,-1.,0.));
#4821=DIRECTION('ref_axis',(-0.707106781186548,0.,0.707106781186548));
#4822=DIRECTION('center_axis',(-0.707106781186547,0.707106781186548,-2.2679113292099E-16));
#4823=DIRECTION('ref_axis',(-3.20731096002823E-16,0.,1.));
#4824=DIRECTION('center_axis',(-0.707106781186547,0.707106781186548,-2.2679113292099E-16));
#4825=DIRECTION('ref_axis',(-0.707106781186548,-0.707106781186547,-2.4532694666934E-16));
#4826=DIRECTION('',(-3.20731096002823E-16,0.,1.));
#4827=DIRECTION('',(3.20731096002823E-16,0.,-1.));
#4828=DIRECTION('center_axis',(0.,1.,0.));
#4829=DIRECTION('ref_axis',(0.,0.,1.));
#4830=DIRECTION('center_axis',(0.,-1.,0.));
#4831=DIRECTION('ref_axis',(0.212925763229599,0.,-0.97706838008048));
#4832=DIRECTION('',(0.590731122227762,0.,0.806868478273584));
#4833=DIRECTION('center_axis',(0.,1.,0.));
#4834=DIRECTION('ref_axis',(0.707106781186625,0.,0.707106781186471));
#4835=DIRECTION('',(0.,0.,-1.));
#4836=DIRECTION('',(0.,0.,-1.));
#4837=DIRECTION('',(0.,0.,-1.));
#4838=DIRECTION('',(-1.,0.,0.));
#4839=DIRECTION('center_axis',(0.,1.,0.));
#4840=DIRECTION('ref_axis',(-0.707106781186541,0.,-0.707106781186554));
#4841=DIRECTION('',(4.40976435014665E-16,0.,1.));
#4842=DIRECTION('center_axis',(0.,-1.,0.));
#4843=DIRECTION('ref_axis',(0.707106781186554,0.,0.707106781186541));
#4844=DIRECTION('',(-1.,0.,0.));
#4845=DIRECTION('',(-1.,0.,0.));
#4846=DIRECTION('center_axis',(0.,1.,0.));
#4847=DIRECTION('ref_axis',(-0.707106781186548,0.,0.707106781186548));
#4848=DIRECTION('',(0.,0.,-1.));
#4849=DIRECTION('center_axis',(0.,1.,0.));
#4850=DIRECTION('ref_axis',(-0.707106781186548,0.,-0.707106781186548));
#4851=DIRECTION('',(1.,0.,0.));
#4852=DIRECTION('center_axis',(0.,1.,0.));
#4853=DIRECTION('ref_axis',(0.707106781186548,0.,-0.707106781186548));
#4854=DIRECTION('',(0.,0.,1.));
#4855=DIRECTION('center_axis',(0.,1.,0.));
#4856=DIRECTION('ref_axis',(0.70710678118655,0.,0.707106781186545));
#4857=DIRECTION('center_axis',(0.,-1.,0.));
#4858=DIRECTION('ref_axis',(1.,0.,0.));
#4859=DIRECTION('center_axis',(0.707106781186546,0.707106781186549,-3.11817427542338E-16));
#4860=DIRECTION('ref_axis',(-4.40976435014665E-16,0.,-1.));
#4861=DIRECTION('',(-0.707106781186551,0.707106781186544,0.));
#4862=DIRECTION('',(4.40976435014665E-16,0.,1.));
#4863=DIRECTION('',(0.707106781186551,-0.707106781186544,0.));
#4864=DIRECTION('',(-4.40976435014665E-16,0.,-1.));
#4865=DIRECTION('center_axis',(0.,1.,0.));
#4866=DIRECTION('ref_axis',(-0.707106781186541,0.,-0.707106781186554));
#4867=DIRECTION('center_axis',(0.,-1.,0.));
#4868=DIRECTION('ref_axis',(-0.707106781186541,0.,-0.707106781186554));
#4869=DIRECTION('',(0.,0.707106781186549,-0.707106781186546));
#4870=DIRECTION('center_axis',(0.,1.,0.));
#4871=DIRECTION('ref_axis',(-0.707106781186541,0.,-0.707106781186554));
#4872=DIRECTION('center_axis',(0.,0.707106781186546,0.707106781186549));
#4873=DIRECTION('ref_axis',(1.,0.,0.));
#4874=DIRECTION('',(1.58474665523113E-13,-0.707106781186549,0.707106781186546));
#4875=DIRECTION('',(-1.,0.,0.));
#4876=DIRECTION('',(1.,0.,0.));
#4877=DIRECTION('center_axis',(0.,0.707106781186546,0.707106781186549));
#4878=DIRECTION('ref_axis',(1.,0.,0.));
#4879=DIRECTION('',(0.,0.707106781186549,-0.707106781186546));
#4880=DIRECTION('',(-1.,0.,0.));
#4881=DIRECTION('',(0.,-0.707106781186549,0.707106781186546));
#4882=DIRECTION('',(1.,0.,0.));
#4883=DIRECTION('center_axis',(0.,0.707106781186546,-0.707106781186549));
#4884=DIRECTION('ref_axis',(-1.,0.,0.));
#4885=DIRECTION('center_axis',(0.,0.707106781186546,-0.707106781186549));
#4886=DIRECTION('ref_axis',(1.71724683979833E-13,0.707106781186549,0.707106781186546));
#4887=DIRECTION('',(-1.,0.,0.));
#4888=DIRECTION('',(0.,0.707106781186549,0.707106781186546));
#4889=DIRECTION('',(1.,0.,0.));
#4890=DIRECTION('center_axis',(0.,-1.,0.));
#4891=DIRECTION('ref_axis',(-0.707106781186549,0.,-0.707106781186546));
#4892=DIRECTION('center_axis',(0.,1.,0.));
#4893=DIRECTION('ref_axis',(-0.707106781186549,0.,-0.707106781186546));
#4894=DIRECTION('',(0.707106781186548,0.707106781186547,0.));
#4895=DIRECTION('center_axis',(0.,-1.,0.));
#4896=DIRECTION('ref_axis',(-0.707106781186549,0.,-0.707106781186546));
#4897=DIRECTION('center_axis',(-0.707106781186547,0.707106781186548,-2.2679113292099E-16));
#4898=DIRECTION('ref_axis',(-3.20731096002823E-16,0.,1.));
#4899=DIRECTION('',(0.707106781186549,0.707106781186546,0.));
#4900=DIRECTION('',(3.20731096002823E-16,0.,-1.));
#4901=DIRECTION('',(-3.20731096002823E-16,0.,1.));
#4902=DIRECTION('center_axis',(0.,-1.,0.));
#4903=DIRECTION('ref_axis',(-0.707106781186552,0.,0.707106781186543));
#4904=DIRECTION('center_axis',(0.,1.,0.));
#4905=DIRECTION('ref_axis',(-0.707106781186552,0.,0.707106781186543));
#4906=DIRECTION('center_axis',(0.,-1.,0.));
#4907=DIRECTION('ref_axis',(0.707106781186552,0.,0.707106781186543));
#4908=DIRECTION('center_axis',(0.,1.,0.));
#4909=DIRECTION('ref_axis',(0.707106781186552,0.,0.707106781186543));
#4910=DIRECTION('center_axis',(0.,0.,1.));
#4911=DIRECTION('ref_axis',(1.,0.,0.));
#4912=DIRECTION('',(0.,1.,0.));
#4913=DIRECTION('',(0.,1.,0.));
#4914=DIRECTION('center_axis',(0.,1.,0.));
#4915=DIRECTION('ref_axis',(-0.707106781186541,0.,-0.707106781186554));
#4916=DIRECTION('',(0.,-1.,0.));
#4917=DIRECTION('center_axis',(1.,0.,-4.40976435014665E-16));
#4918=DIRECTION('ref_axis',(-4.40976435014665E-16,0.,-1.));
#4919=DIRECTION('',(0.,1.,0.));
#4920=DIRECTION('center_axis',(0.,1.,0.));
#4921=DIRECTION('ref_axis',(0.707106781186554,0.,0.707106781186541));
#4922=DIRECTION('',(0.,-1.,0.));
#4923=DIRECTION('center_axis',(0.,0.,1.));
#4924=DIRECTION('ref_axis',(1.,0.,0.));
#4925=DIRECTION('',(0.,1.,0.));
#4926=DIRECTION('center_axis',(0.,1.,0.));
#4927=DIRECTION('ref_axis',(-0.707106781186557,0.,0.707106781186538));
#4928=DIRECTION('',(0.,-1.,0.));
#4929=DIRECTION('center_axis',(-1.,0.,-3.20731096002823E-16));
#4930=DIRECTION('ref_axis',(-3.20731096002823E-16,0.,1.));
#4931=DIRECTION('',(0.,1.,0.));
#4932=DIRECTION('',(3.20731096002823E-16,0.,-1.));
#4933=DIRECTION('',(0.,-1.,0.));
#4934=DIRECTION('center_axis',(0.,1.,0.));
#4935=DIRECTION('ref_axis',(-0.707106781186549,0.,-0.707106781186546));
#4936=DIRECTION('',(0.,-1.,0.));
#4937=DIRECTION('center_axis',(0.,-1.,0.));
#4938=DIRECTION('ref_axis',(-0.707106781186549,0.,-0.707106781186546));
#4939=DIRECTION('center_axis',(0.,0.,-1.));
#4940=DIRECTION('ref_axis',(-1.,0.,0.));
#4941=DIRECTION('center_axis',(0.,0.,1.));
#4942=DIRECTION('ref_axis',(2.65072559108517E-13,1.,0.));
#4943=DIRECTION('',(1.,0.,0.));
#4944=DIRECTION('',(0.,1.,0.));
#4945=DIRECTION('',(1.,0.,0.));
#4946=DIRECTION('center_axis',(0.,-0.707106781186546,0.707106781186549));
#4947=DIRECTION('ref_axis',(1.,0.,0.));
#4948=DIRECTION('',(0.,-0.707106781186549,-0.707106781186546));
#4949=DIRECTION('',(1.,0.,0.));
#4950=DIRECTION('',(0.,0.707106781186549,0.707106781186546));
#4951=DIRECTION('center_axis',(0.,1.,0.));
#4952=DIRECTION('ref_axis',(-0.707106781186549,0.,0.707106781186546));
#4953=DIRECTION('',(0.345005095954321,-0.707106781186543,-0.617228874701724));
#4954=DIRECTION('center_axis',(0.,1.,0.));
#4955=DIRECTION('ref_axis',(-0.707106781186549,0.,0.707106781186546));
#4956=DIRECTION('center_axis',(-0.345005095954322,-0.707106781186545,0.617228874701721));
#4957=DIRECTION('ref_axis',(0.872893445691454,0.,0.487910885786432));
#4958=DIRECTION('',(0.345005095954318,-0.707106781186548,-0.617228874701719));
#4959=DIRECTION('',(0.872893445691454,0.,0.487910885786432));
#4960=DIRECTION('center_axis',(0.,1.,0.));
#4961=DIRECTION('ref_axis',(-0.937292217074816,0.,0.348544544945084));
#4962=DIRECTION('',(0.664463024388669,-0.707106781186552,0.241844762647976));
#4963=DIRECTION('center_axis',(0.,1.,0.));
#4964=DIRECTION('ref_axis',(-0.937292217074816,0.,0.348544544945083));
#4965=DIRECTION('center_axis',(-0.664463024388674,-0.707106781186549,-0.241844762647975));
#4966=DIRECTION('ref_axis',(-0.342020143325669,0.,0.939692620785908));
#4967=DIRECTION('',(0.664463024388676,-0.707106781186546,0.241844762647974));
#4968=DIRECTION('',(-0.342020143325669,0.,0.939692620785908));
#4969=DIRECTION('center_axis',(0.,1.,0.));
#4970=DIRECTION('ref_axis',(-0.761557324687773,0.,-0.648097555322038));
#4971=DIRECTION('center_axis',(0.,-1.,0.));
#4972=DIRECTION('ref_axis',(-0.761557324687773,0.,-0.648097555322038));
#4973=DIRECTION('',(0.345005095954319,-0.707106781186551,0.617228874701715));
#4974=DIRECTION('center_axis',(0.,1.,0.));
#4975=DIRECTION('ref_axis',(-0.761557324687773,0.,-0.648097555322038));
#4976=DIRECTION('center_axis',(-0.345005095954321,-0.707106781186546,-0.61722887470172));
#4977=DIRECTION('ref_axis',(-0.872893445691454,0.,0.487910885786431));
#4978=DIRECTION('',(0.345005095954323,-0.707106781186547,0.617228874701718));
#4979=DIRECTION('',(-0.872893445691455,0.,0.487910885786431));
#4980=DIRECTION('',(0.872893445691455,0.,-0.487910885786431));
#4981=DIRECTION('center_axis',(0.,1.,0.));
#4982=DIRECTION('ref_axis',(-0.252097753171821,0.,-0.967701773712191));
#4983=DIRECTION('center_axis',(0.,-1.,0.));
#4984=DIRECTION('ref_axis',(-0.252097753171821,0.,-0.967701773712191));
#4985=DIRECTION('',(1.88411095042052E-14,-0.707106781186546,0.707106781186549));
#4986=DIRECTION('center_axis',(0.,1.,0.));
#4987=DIRECTION('ref_axis',(-0.252097753171821,0.,-0.967701773712191));
#4988=DIRECTION('center_axis',(-2.03188435829665E-14,-0.707106781186549,
-0.707106781186546));
#4989=DIRECTION('ref_axis',(-1.,0.,2.87351841667688E-14));
#4990=DIRECTION('',(1.88411095042053E-14,-0.707106781186547,0.707106781186548));
#4991=DIRECTION('',(-1.,0.,2.87351841667688E-14));
#4992=DIRECTION('',(1.,0.,-2.87351841667688E-14));
#4993=DIRECTION('center_axis',(0.,-1.,0.));
#4994=DIRECTION('ref_axis',(0.707106781186557,0.,0.707106781186538));
#4995=DIRECTION('center_axis',(0.,1.,0.));
#4996=DIRECTION('ref_axis',(0.707106781186557,0.,0.707106781186538));
#4997=DIRECTION('',(0.707106781186546,-0.707106781186549,0.));
#4998=DIRECTION('center_axis',(0.,-1.,0.));
#4999=DIRECTION('ref_axis',(0.707106781186557,0.,0.707106781186538));
#5000=DIRECTION('center_axis',(-0.707106781186547,-0.707106781186548,0.));
#5001=DIRECTION('ref_axis',(0.,0.,1.));
#5002=DIRECTION('',(0.707106781186548,-0.707106781186547,0.));
#5003=DIRECTION('',(0.,0.,1.));
#5004=DIRECTION('',(0.,0.,-1.));
#5005=DIRECTION('center_axis',(0.,-1.,0.));
#5006=DIRECTION('ref_axis',(0.707106781186549,0.,-0.707106781186546));
#5007=DIRECTION('center_axis',(0.,1.,0.));
#5008=DIRECTION('ref_axis',(0.707106781186549,0.,-0.707106781186546));
#5009=DIRECTION('',(0.,-0.707106781186549,-0.707106781186546));
#5010=DIRECTION('center_axis',(0.,-1.,0.));
#5011=DIRECTION('ref_axis',(0.707106781186549,0.,-0.707106781186546));
#5012=DIRECTION('center_axis',(0.,-0.707106781186546,0.707106781186549));
#5013=DIRECTION('ref_axis',(1.,0.,0.));
#5014=DIRECTION('',(0.,-0.707106781186549,-0.707106781186546));
#5015=DIRECTION('',(1.,0.,0.));
#5016=DIRECTION('',(-1.,0.,0.));
#5017=DIRECTION('center_axis',(0.,1.,0.));
#5018=DIRECTION('ref_axis',(-0.870878791162743,0.,-0.491497844453991));
#5019=DIRECTION('center_axis',(0.,-1.,0.));
#5020=DIRECTION('ref_axis',(-0.870878791162743,0.,-0.491497844453991));
#5021=DIRECTION('',(0.661455540004635,-0.707106781186547,0.249953132801285));
#5022=DIRECTION('center_axis',(0.,1.,0.));
#5023=DIRECTION('ref_axis',(-0.870878791162743,0.,-0.491497844453991));
#5024=DIRECTION('center_axis',(0.,-1.,0.));
#5025=DIRECTION('ref_axis',(0.983727450969366,0.,0.179667198479061));
#5026=DIRECTION('center_axis',(0.,1.,0.));
#5027=DIRECTION('ref_axis',(0.983727450969366,0.,0.179667198479061));
#5028=DIRECTION('',(0.707106781186545,-0.70710678118655,0.));
#5029=DIRECTION('center_axis',(0.,-1.,0.));
#5030=DIRECTION('ref_axis',(0.983727450969366,0.,0.179667198479061));
#5031=DIRECTION('center_axis',(-0.707106781186546,-0.707106781186549,-2.26791132920989E-16));
#5032=DIRECTION('ref_axis',(-3.20731096002823E-16,0.,1.));
#5033=DIRECTION('',(0.707106781186549,-0.707106781186546,0.));
#5034=DIRECTION('',(-3.20731096002823E-16,0.,1.));
#5035=DIRECTION('',(3.20731096002823E-16,0.,-1.));
#5036=DIRECTION('center_axis',(0.,1.,0.));
#5037=DIRECTION('ref_axis',(-0.707106781186546,0.,-0.707106781186549));
#5038=DIRECTION('center_axis',(0.,-1.,0.));
#5039=DIRECTION('ref_axis',(-0.707106781186546,0.,-0.707106781186549));
#5040=DIRECTION('',(0.,-0.707106781186549,0.707106781186546));
#5041=DIRECTION('center_axis',(0.,1.,0.));
#5042=DIRECTION('ref_axis',(-0.707106781186546,0.,-0.707106781186549));
#5043=DIRECTION('center_axis',(0.,-0.707106781186546,-0.707106781186549));
#5044=DIRECTION('ref_axis',(-1.,0.,0.));
#5045=DIRECTION('',(0.,-0.707106781186549,0.707106781186546));
#5046=DIRECTION('',(-1.,0.,0.));
#5047=DIRECTION('',(1.,0.,0.));
#5048=DIRECTION('center_axis',(0.,-1.,0.));
#5049=DIRECTION('ref_axis',(0.707106781186546,0.,0.707106781186549));
#5050=DIRECTION('center_axis',(0.,1.,0.));
#5051=DIRECTION('ref_axis',(0.707106781186546,0.,0.707106781186549));
#5052=DIRECTION('',(0.707106781186549,-0.707106781186546,0.));
#5053=DIRECTION('center_axis',(0.,-1.,0.));
#5054=DIRECTION('ref_axis',(0.707106781186546,0.,0.707106781186549));
#5055=DIRECTION('center_axis',(-0.707106781186547,-0.707106781186548,0.));
#5056=DIRECTION('ref_axis',(0.,0.,1.));
#5057=DIRECTION('',(0.707106781186548,-0.707106781186547,0.));
#5058=DIRECTION('',(0.,0.,1.));
#5059=DIRECTION('',(0.,0.,-1.));
#5060=DIRECTION('center_axis',(0.,-1.,0.));
#5061=DIRECTION('ref_axis',(0.707106781186549,0.,-0.707106781186546));
#5062=DIRECTION('center_axis',(0.,1.,0.));
#5063=DIRECTION('ref_axis',(0.707106781186549,0.,-0.707106781186546));
#5064=DIRECTION('',(0.,-0.707106781186549,-0.707106781186546));
#5065=DIRECTION('center_axis',(0.,-1.,0.));
#5066=DIRECTION('ref_axis',(0.707106781186549,0.,-0.707106781186546));
#5067=DIRECTION('center_axis',(0.,-0.707106781186546,0.707106781186549));
#5068=DIRECTION('ref_axis',(1.,0.,0.));
#5069=DIRECTION('',(0.,-0.707106781186549,-0.707106781186546));
#5070=DIRECTION('',(1.,0.,0.));
#5071=DIRECTION('',(-1.,0.,0.));
#5072=DIRECTION('center_axis',(0.,1.,0.));
#5073=DIRECTION('ref_axis',(-0.707106781186548,0.,0.707106781186548));
#5074=DIRECTION('center_axis',(0.,-1.,0.));
#5075=DIRECTION('ref_axis',(-0.707106781186548,0.,0.707106781186548));
#5076=DIRECTION('',(0.707106781186548,-0.707106781186547,0.));
#5077=DIRECTION('center_axis',(0.,1.,0.));
#5078=DIRECTION('ref_axis',(-0.707106781186548,0.,0.707106781186548));
#5079=DIRECTION('center_axis',(-0.707106781186546,-0.707106781186549,-2.26791132920989E-16));
#5080=DIRECTION('ref_axis',(-3.20731096002823E-16,0.,1.));
#5081=DIRECTION('',(0.707106781186548,-0.707106781186547,0.));
#5082=DIRECTION('',(-3.20731096002823E-16,0.,1.));
#5083=DIRECTION('center_axis',(0.,1.,0.));
#5084=DIRECTION('ref_axis',(-0.707106781186549,0.,-0.707106781186546));
#5085=DIRECTION('',(0.,-0.707106781186555,0.70710678118654));
#5086=DIRECTION('center_axis',(0.,1.,0.));
#5087=DIRECTION('ref_axis',(-0.707106781186549,0.,-0.707106781186546));
#5088=DIRECTION('center_axis',(0.,-0.707106781186546,-0.707106781186549));
#5089=DIRECTION('ref_axis',(-1.,0.,0.));
#5090=DIRECTION('',(0.,-0.707106781186549,0.707106781186546));
#5091=DIRECTION('',(-1.,0.,0.));
#5092=DIRECTION('center_axis',(0.,1.,0.));
#5093=DIRECTION('ref_axis',(0.707106781186549,0.,-0.707106781186546));
#5094=DIRECTION('center_axis',(0.,-1.,0.));
#5095=DIRECTION('ref_axis',(0.707106781186549,0.,-0.707106781186546));
#5096=DIRECTION('',(-0.707106781186547,-0.707106781186548,0.));
#5097=DIRECTION('center_axis',(0.,1.,0.));
#5098=DIRECTION('ref_axis',(0.707106781186549,0.,-0.707106781186546));
#5099=DIRECTION('center_axis',(0.707106781186547,-0.707106781186548,1.39563774105224E-16));
#5100=DIRECTION('ref_axis',(1.97372982155583E-16,0.,-1.));
#5101=DIRECTION('',(-1.97372982155583E-16,0.,1.));
#5102=DIRECTION('',(-0.707106781186547,-0.707106781186547,0.));
#5103=DIRECTION('',(1.97372982155583E-16,0.,-1.));
#5104=DIRECTION('center_axis',(0.,1.,0.));
#5105=DIRECTION('ref_axis',(0.707106781186548,0.,0.707106781186547));
#5106=DIRECTION('center_axis',(0.,-1.,0.));
#5107=DIRECTION('ref_axis',(0.707106781186548,0.,0.707106781186547));
#5108=DIRECTION('center_axis',(0.,1.,0.));
#5109=DIRECTION('ref_axis',(0.707106781186548,0.,0.707106781186547));
#5110=DIRECTION('center_axis',(0.,1.,0.));
#5111=DIRECTION('ref_axis',(0.983727450969366,0.,0.179667198479061));
#5112=DIRECTION('',(0.,-1.,0.));
#5113=DIRECTION('',(0.,1.,0.));
#5114=DIRECTION('center_axis',(0.,1.,0.));
#5115=DIRECTION('ref_axis',(-0.870878791162743,0.,-0.491497844453991));
#5116=DIRECTION('',(0.,1.,0.));
#5117=DIRECTION('center_axis',(0.,0.,-1.));
#5118=DIRECTION('ref_axis',(-1.,0.,0.));
#5119=DIRECTION('',(0.,-1.,0.));
#5120=DIRECTION('center_axis',(0.,1.,0.));
#5121=DIRECTION('ref_axis',(0.707106781186549,0.,-0.707106781186546));
#5122=DIRECTION('',(0.,1.,0.));
#5123=DIRECTION('center_axis',(1.,0.,0.));
#5124=DIRECTION('ref_axis',(0.,0.,-1.));
#5125=DIRECTION('',(0.,-1.,0.));
#5126=DIRECTION('center_axis',(0.,1.,0.));
#5127=DIRECTION('ref_axis',(0.707106781186557,0.,0.707106781186538));
#5128=DIRECTION('',(0.,1.,0.));
#5129=DIRECTION('center_axis',(2.87351841667688E-14,0.,1.));
#5130=DIRECTION('ref_axis',(1.,0.,-2.87351841667688E-14));
#5131=DIRECTION('',(0.,-1.,0.));
#5132=DIRECTION('center_axis',(0.,-1.,0.));
#5133=DIRECTION('ref_axis',(-0.252097753171821,0.,-0.967701773712191));
#5134=DIRECTION('',(0.,1.,0.));
#5135=DIRECTION('center_axis',(-0.487910885786431,0.,-0.872893445691455));
#5136=DIRECTION('ref_axis',(-0.872893445691455,0.,0.487910885786431));
#5137=DIRECTION('',(0.,-1.,0.));
#5138=DIRECTION('',(0.872893445691454,0.,-0.487910885786431));
#5139=DIRECTION('',(0.,1.,0.));
#5140=DIRECTION('',(-0.730742552716001,0.546973721664137,0.408454488846659));
#5141=DIRECTION('',(0.,1.,0.));
#5142=DIRECTION('center_axis',(0.,1.,0.));
#5143=DIRECTION('ref_axis',(-0.761557324687773,0.,-0.648097555322038));
#5144=DIRECTION('center_axis',(0.,-1.,0.));
#5145=DIRECTION('ref_axis',(-0.761557324687773,0.,-0.648097555322038));
#5146=DIRECTION('center_axis',(0.,1.,0.));
#5147=DIRECTION('ref_axis',(0.,0.,1.));
#5148=DIRECTION('',(1.,0.,0.));
#5149=DIRECTION('center_axis',(0.,-1.,0.));
#5150=DIRECTION('ref_axis',(0.70710678118655,0.,0.707106781186545));
#5151=DIRECTION('',(0.,0.,-1.));
#5152=DIRECTION('center_axis',(0.,-1.,0.));
#5153=DIRECTION('ref_axis',(0.707106781186548,0.,-0.707106781186548));
#5154=DIRECTION('',(-1.,0.,0.));
#5155=DIRECTION('center_axis',(0.,-1.,0.));
#5156=DIRECTION('ref_axis',(-0.707106781186548,0.,-0.707106781186548));
#5157=DIRECTION('',(0.,0.,1.));
#5158=DIRECTION('center_axis',(0.,-1.,0.));
#5159=DIRECTION('ref_axis',(-0.707106781186548,0.,0.707106781186548));
#5160=DIRECTION('center_axis',(0.,1.,0.));
#5161=DIRECTION('ref_axis',(1.,0.,0.));
#5162=DIRECTION('center_axis',(0.,0.,1.));
#5163=DIRECTION('ref_axis',(0.374999999999989,-0.927024810886962,0.));
#5164=DIRECTION('center_axis',(2.22044604925031E-14,-8.98214652606937E-15,
1.));
#5165=DIRECTION('ref_axis',(1.,0.,-2.22044604925031E-14));
#5166=DIRECTION('center_axis',(0.,0.,1.));
#5167=DIRECTION('ref_axis',(0.374999999999993,-0.927024810886961,0.));
#5168=DIRECTION('center_axis',(-2.22044604925031E-14,8.98214652606946E-15,
1.));
#5169=DIRECTION('ref_axis',(1.,0.,2.22044604925031E-14));
#5170=DIRECTION('center_axis',(0.,0.,1.));
#5171=DIRECTION('ref_axis',(1.,0.,0.));
#5172=DIRECTION('center_axis',(0.,0.,-1.));
#5173=DIRECTION('ref_axis',(-0.829156197588848,-0.55901699437495,0.));
#5174=DIRECTION('center_axis',(0.,-1.,0.));
#5175=DIRECTION('ref_axis',(0.707106781186546,0.,0.707106781186549));
#5176=DIRECTION('',(0.,1.,0.));
#5177=DIRECTION('center_axis',(0.,0.,1.));
#5178=DIRECTION('ref_axis',(1.,0.,0.));
#5179=DIRECTION('center_axis',(0.,1.,0.));
#5180=DIRECTION('ref_axis',(0.,0.,1.));
#5181=DIRECTION('center_axis',(0.,0.,-1.));
#5182=DIRECTION('ref_axis',(-0.829156197588845,0.559016994374954,0.));
#5183=DIRECTION('center_axis',(0.,-1.,0.));
#5184=DIRECTION('ref_axis',(0.707106781186548,0.,0.707106781186547));
#5185=DIRECTION('center_axis',(0.,1.,0.));
#5186=DIRECTION('ref_axis',(0.,0.,1.));
#5187=DIRECTION('',(0.,1.,0.));
#5188=DIRECTION('center_axis',(0.,0.,1.));
#5189=DIRECTION('ref_axis',(1.,0.,0.));
#5190=DIRECTION('center_axis',(0.,0.,-1.));
#5191=DIRECTION('ref_axis',(-0.829156197588845,-0.559016994374955,0.));
#5192=DIRECTION('center_axis',(0.,-1.,0.));
#5193=DIRECTION('ref_axis',(0.707106781186545,0.,0.70710678118655));
#5194=DIRECTION('',(0.,1.,0.));
#5195=DIRECTION('center_axis',(0.,0.,1.));
#5196=DIRECTION('ref_axis',(1.,0.,0.));
#5197=DIRECTION('center_axis',(0.,1.,0.));
#5198=DIRECTION('ref_axis',(0.,0.,1.));
#5199=DIRECTION('center_axis',(0.,0.,-1.));
#5200=DIRECTION('ref_axis',(-0.829156197588846,0.559016994374953,0.));
#5201=DIRECTION('center_axis',(0.,-1.,0.));
#5202=DIRECTION('ref_axis',(0.707106781186548,0.,0.707106781186547));
#5203=DIRECTION('',(0.,1.,0.));
#5204=DIRECTION('center_axis',(0.,0.,1.));
#5205=DIRECTION('ref_axis',(-1.,0.,0.));
#5206=DIRECTION('',(0.,0.,-1.));
#5207=DIRECTION('center_axis',(0.,0.,-1.));
#5208=DIRECTION('ref_axis',(-1.,0.,0.));
#5209=DIRECTION('',(0.,0.,1.));
#5210=DIRECTION('center_axis',(1.,0.,0.));
#5211=DIRECTION('ref_axis',(0.,0.,-1.));
#5212=DIRECTION('',(0.,0.,1.));
#5213=DIRECTION('',(0.,-1.,0.));
#5214=DIRECTION('center_axis',(0.,0.,-1.));
#5215=DIRECTION('ref_axis',(-1.,0.,0.));
#5216=DIRECTION('',(0.,0.,-1.));
#5217=DIRECTION('center_axis',(0.,0.,-1.));
#5218=DIRECTION('ref_axis',(-1.,0.,0.));
#5219=DIRECTION('center_axis',(-1.97372982155583E-16,6.96897478447547E-17,
1.));
#5220=DIRECTION('ref_axis',(-0.707106781186548,0.707106781186548,0.));
#5221=DIRECTION('',(1.97372982155583E-16,-6.96897478447547E-17,-1.));
#5222=DIRECTION('center_axis',(2.93451019725454E-16,0.,1.));
#5223=DIRECTION('ref_axis',(-1.,0.,3.46944695195362E-16));
#5224=DIRECTION('center_axis',(2.93451019725454E-16,0.,1.));
#5225=DIRECTION('ref_axis',(-0.829156197588851,0.559016994374946,1.73472347597681E-16));
#5226=DIRECTION('center_axis',(1.,0.,1.97372982155583E-16));
#5227=DIRECTION('ref_axis',(1.97372982155583E-16,0.,-1.));
#5228=DIRECTION('',(-1.97372982155583E-16,0.,1.));
#5229=DIRECTION('',(-1.51196476202106E-16,0.642787609686539,0.766044443118978));
#5230=DIRECTION('',(0.,-1.,0.));
#5231=DIRECTION('center_axis',(1.97372982155583E-16,0.,-1.));
#5232=DIRECTION('ref_axis',(-0.707106781186548,-0.707106781186548,0.));
#5233=DIRECTION('',(0.,0.,1.));
#5234=DIRECTION('',(0.,0.,1.));
#5235=DIRECTION('center_axis',(1.74040939597027E-13,-0.922130247901626,
0.386879575455834));
#5236=DIRECTION('ref_axis',(7.30188441128063E-14,-0.386879575455834,-0.922130247901626));
#5237=DIRECTION('center_axis',(0.,0.,1.));
#5238=DIRECTION('ref_axis',(-1.,0.,0.));
#5239=DIRECTION('',(0.,0.,-1.));
#5240=DIRECTION('center_axis',(1.,0.,0.));
#5241=DIRECTION('ref_axis',(0.,0.,-1.));
#5242=DIRECTION('',(0.,0.,1.));
#5243=DIRECTION('center_axis',(-1.,0.,0.));
#5244=DIRECTION('ref_axis',(2.24117021275326E-13,0.,1.));
#5245=DIRECTION('center_axis',(0.,0.,-1.));
#5246=DIRECTION('ref_axis',(-1.,0.,0.));
#5247=DIRECTION('',(0.,0.,-1.));
#5248=DIRECTION('center_axis',(-1.97372982155583E-16,2.82872064778998E-17,
1.));
#5249=DIRECTION('ref_axis',(-0.707106781186548,0.707106781186548,0.));
#5250=DIRECTION('',(1.97372982155583E-16,-2.82872064778998E-17,-1.));
#5251=DIRECTION('center_axis',(1.74040939597027E-13,-0.922130247901625,
0.386879575455835));
#5252=DIRECTION('ref_axis',(7.30188441128064E-14,-0.386879575455835,-0.922130247901625));
#5253=DIRECTION('',(0.,0.,-1.));
#5254=DIRECTION('center_axis',(1.,0.,1.97372982155583E-16));
#5255=DIRECTION('ref_axis',(1.97372982155583E-16,0.,-1.));
#5256=DIRECTION('',(0.,-1.,0.));
#5257=DIRECTION('',(1.5070640978031E-16,-0.645735115855188,-0.763561497295069));
#5258=DIRECTION('center_axis',(-1.,0.,-1.97372982155583E-16));
#5259=DIRECTION('ref_axis',(1.27160022543377E-16,0.764804390145567,-0.644262558910626));
#5260=DIRECTION('',(1.51196476202106E-16,-0.642787609686539,-0.766044443118978));
#5261=DIRECTION('center_axis',(0.,1.,0.));
#5262=DIRECTION('ref_axis',(0.707106781186549,0.,-0.707106781186546));
#5263=DIRECTION('center_axis',(0.,-0.763561497295069,0.645735115855188));
#5264=DIRECTION('ref_axis',(5.29827221883903E-17,-0.645735115855188,-0.763561497295069));
#5265=DIRECTION('center_axis',(-1.5070640978031E-16,0.645735115855188,0.763561497295069));
#5266=DIRECTION('ref_axis',(0.707106781186547,0.539919512590299,-0.456603679271481));
#5267=DIRECTION('',(-1.5070640978031E-16,0.645735115855188,0.763561497295069));
#5268=DIRECTION('center_axis',(0.,-0.645735115855185,-0.763561497295071));
#5269=DIRECTION('ref_axis',(0.,0.763561497295071,-0.645735115855185));
#5270=DIRECTION('center_axis',(-2.93451019725454E-16,0.,-1.));
#5271=DIRECTION('ref_axis',(-1.,0.,0.));
#5272=DIRECTION('center_axis',(-2.93451019725454E-16,0.,-1.));
#5273=DIRECTION('ref_axis',(-0.829156197588851,0.559016994374946,2.43316731694128E-16));
#5274=DIRECTION('center_axis',(-0.927024810886959,-0.374999999999999,0.));
#5275=DIRECTION('ref_axis',(0.,0.,-1.));
#5276=DIRECTION('center_axis',(0.213620115905095,0.976916806120508,-5.92914928002333E-16));
#5277=DIRECTION('ref_axis',(0.976916806120508,-0.213620115905095,0.));
#5278=DIRECTION('center_axis',(0.,1.,0.));
#5279=DIRECTION('ref_axis',(0.707106781186548,0.,-0.707106781186548));
#5280=DIRECTION('center_axis',(0.,1.,0.));
#5281=DIRECTION('ref_axis',(1.,0.,0.));
#5282=DIRECTION('',(0.,1.,0.));
#5283=DIRECTION('center_axis',(0.,-1.,0.));
#5284=DIRECTION('ref_axis',(0.,0.,-1.));
#5285=DIRECTION('center_axis',(0.,1.,0.));
#5286=DIRECTION('ref_axis',(0.707106781186548,0.,-0.707106781186548));
#5287=DIRECTION('',(0.,-1.,0.));
#5288=DIRECTION('center_axis',(0.,1.,0.));
#5289=DIRECTION('ref_axis',(1.,0.,0.));
#5290=DIRECTION('',(0.,1.,0.));
#5291=DIRECTION('center_axis',(-2.93451019725454E-16,0.,-1.));
#5292=DIRECTION('ref_axis',(-1.,0.,0.));
#5293=DIRECTION('center_axis',(-0.927024810886958,0.375000000000001,0.));
#5294=DIRECTION('ref_axis',(0.375000000000001,0.927024810886957,0.));
#5295=DIRECTION('center_axis',(-2.93451019725454E-16,0.,-1.));
#5296=DIRECTION('ref_axis',(-0.829156197588849,-0.559016994374949,2.43316731694127E-16));
#5297=DIRECTION('center_axis',(2.93451019725454E-16,0.,1.));
#5298=DIRECTION('ref_axis',(-0.829156197588849,-0.559016994374949,1.7347234759768E-16));
#5299=DIRECTION('center_axis',(-0.428174419288833,-0.288675134594811,-0.856348838577678));
#5300=DIRECTION('ref_axis',(0.710046946804697,0.478713553878168,-0.516397779494318));
#5301=DIRECTION('center_axis',(-0.428174419288841,0.28867513459482,-0.856348838577671));
#5302=DIRECTION('ref_axis',(0.71004694680469,-0.478713553878167,-0.516397779494329));
#5303=DIRECTION('center_axis',(-2.93451019725454E-16,0.,-1.));
#5304=DIRECTION('ref_axis',(-1.,0.,0.));
#5305=DIRECTION('center_axis',(0.,1.,0.));
#5306=DIRECTION('ref_axis',(1.,0.,0.));
#5307=DIRECTION('center_axis',(0.,-1.,0.));
#5308=DIRECTION('ref_axis',(0.707106781186547,0.,-0.707106781186548));
#5309=DIRECTION('center_axis',(0.,-0.906307787036649,-0.422618261740703));
#5310=DIRECTION('ref_axis',(-1.57219339463306E-16,0.422618261740703,-0.906307787036648));
#5311=DIRECTION('center_axis',(1.97372982155583E-16,0.,-1.));
#5312=DIRECTION('ref_axis',(-0.707106781186547,-0.707106781186548,0.));
#5313=DIRECTION('',(-1.97372982155583E-16,0.,1.));
#5314=DIRECTION('center_axis',(1.,0.,1.97372982155583E-16));
#5315=DIRECTION('ref_axis',(1.97372982155583E-16,0.,-1.));
#5316=DIRECTION('center_axis',(1.,0.,1.97372982155583E-16));
#5317=DIRECTION('ref_axis',(0.,0.,-1.));
#5318=DIRECTION('center_axis',(0.,-0.642787609686543,-0.766044443118975));
#5319=DIRECTION('ref_axis',(0.,0.766044443118975,-0.642787609686542));
#5320=DIRECTION('center_axis',(1.,0.,1.97372982155583E-16));
#5321=DIRECTION('ref_axis',(1.11022302462536E-16,0.764804390145567,-0.644262558910626));
#5322=DIRECTION('center_axis',(-1.51196476202106E-16,0.642787609686539,
0.766044443118978));
#5323=DIRECTION('ref_axis',(0.707106781186499,0.541675220419739,-0.454519477672075));
#5324=DIRECTION('center_axis',(1.78409401054441E-15,-0.642787609686539,
-0.766044443118979));
#5325=DIRECTION('ref_axis',(-1.44328993201271E-13,0.766044443118979,-0.642787609686539));
#5326=DIRECTION('',(-1.51196476202106E-16,0.642787609686539,0.766044443118978));
#5327=DIRECTION('center_axis',(-0.846350489778377,-0.342365630282577,-0.408015469869852));
#5328=DIRECTION('ref_axis',(-1.4432899320127E-13,0.766044443118978,-0.642787609686539));
#5329=DIRECTION('center_axis',(-1.44249947748322E-13,0.766044443118978,
-0.642787609686539));
#5330=DIRECTION('ref_axis',(1.2131839271702E-13,-0.642787609686539,-0.766044443118978));
#5331=DIRECTION('center_axis',(0.,0.642787609686539,0.766044443118978));
#5332=DIRECTION('ref_axis',(0.707106781186497,0.541675220419737,-0.454519477672081));
#5333=DIRECTION('center_axis',(1.78409401054442E-15,0.642787609686543,0.766044443118975));
#5334=DIRECTION('ref_axis',(1.,-2.77555756156289E-15,0.));
#5335=DIRECTION('',(0.,0.642787609686539,0.766044443118978));
#5336=DIRECTION('center_axis',(0.,-0.642787609686539,-0.766044443118978));
#5337=DIRECTION('ref_axis',(-1.4432899320127E-13,0.766044443118978,-0.642787609686539));
#5338=DIRECTION('',(0.,-0.642787609686539,-0.766044443118978));
#5339=DIRECTION('center_axis',(0.,0.,1.));
#5340=DIRECTION('ref_axis',(1.,0.,0.));
#5341=DIRECTION('center_axis',(0.,0.,-1.));
#5342=DIRECTION('ref_axis',(-1.,0.,0.));
#5343=DIRECTION('center_axis',(-0.846350489778253,0.342365630282517,0.408015469870158));
#5344=DIRECTION('ref_axis',(0.374999999999997,0.927024810886959,-5.5511151231258E-15));
#5345=DIRECTION('center_axis',(-1.44249947748322E-13,0.766044443118978,
-0.642787609686539));
#5346=DIRECTION('ref_axis',(1.2131839271702E-13,-0.642787609686539,-0.766044443118978));
#5347=DIRECTION('center_axis',(0.,-0.642787609686542,-0.766044443118976));
#5348=DIRECTION('ref_axis',(-1.44328993201271E-13,0.766044443118976,-0.642787609686542));
#5349=DIRECTION('center_axis',(-1.51196476202106E-16,0.642787609686539,
0.766044443118978));
#5350=DIRECTION('ref_axis',(0.707106781186499,0.541675220419739,-0.454519477672075));
#5351=DIRECTION('',(-1.51196476202106E-16,0.642787609686539,0.766044443118978));
#5352=DIRECTION('center_axis',(2.93451019725454E-16,0.,1.));
#5353=DIRECTION('ref_axis',(-7.30881403516039E-16,1.,-1.27617596095016E-29));
#5354=DIRECTION('center_axis',(0.,0.,1.));
#5355=DIRECTION('ref_axis',(1.,0.,0.));
#5356=DIRECTION('center_axis',(0.,0.,-1.));
#5357=DIRECTION('ref_axis',(-1.,0.,0.));
#5358=DIRECTION('center_axis',(0.,0.763561497295069,-0.645735115855188));
#5359=DIRECTION('ref_axis',(1.5070640978031E-16,-0.645735115855188,-0.763561497295069));
#5360=DIRECTION('',(-1.71127128334299E-13,-0.645735115855188,-0.763561497295069));
#5361=DIRECTION('',(-1.,0.,2.22044604925031E-13));
#5362=DIRECTION('center_axis',(0.,0.,-1.));
#5363=DIRECTION('ref_axis',(-1.,0.,0.));
#5364=DIRECTION('',(0.,0.,1.));
#5365=DIRECTION('center_axis',(1.,0.,0.));
#5366=DIRECTION('ref_axis',(0.,0.,-1.));
#5367=DIRECTION('',(0.,0.,-1.));
#5368=DIRECTION('center_axis',(-1.,0.,0.));
#5369=DIRECTION('ref_axis',(2.24117021275326E-13,0.,1.));
#5370=DIRECTION('center_axis',(-1.,0.,0.));
#5371=DIRECTION('ref_axis',(2.24117021275326E-13,0.,1.));
#5372=DIRECTION('center_axis',(0.,0.,1.));
#5373=DIRECTION('ref_axis',(-1.,0.,0.));
#5374=DIRECTION('center_axis',(-1.,0.,2.24117021275326E-13));
#5375=DIRECTION('ref_axis',(2.24117021275326E-13,0.,1.));
#5376=DIRECTION('center_axis',(-1.,0.,2.24117021275326E-13));
#5377=DIRECTION('ref_axis',(2.24117021275326E-13,0.,1.));
#5378=DIRECTION('center_axis',(-1.,0.,2.24117021275326E-13));
#5379=DIRECTION('ref_axis',(2.24117021275326E-13,0.,1.));
#5380=DIRECTION('center_axis',(-1.,0.,2.24117021275326E-13));
#5381=DIRECTION('ref_axis',(2.24117021275326E-13,0.,1.));
#5382=DIRECTION('center_axis',(1.,0.,-2.24117021275326E-13));
#5383=DIRECTION('ref_axis',(2.24117021275326E-13,0.,1.));
#5384=DIRECTION('',(1.,0.,-2.24117021275326E-13));
#5385=DIRECTION('center_axis',(-1.,0.,2.24117021275326E-13));
#5386=DIRECTION('ref_axis',(2.24117021275326E-13,0.,1.));
#5387=DIRECTION('',(1.,0.,-2.24117021275326E-13));
#5388=DIRECTION('center_axis',(-2.93451019725454E-16,0.,-1.));
#5389=DIRECTION('ref_axis',(-1.,0.,2.93451019725454E-16));
#5390=DIRECTION('',(-1.,-1.8805869863404E-13,2.93451019725454E-16));
#5391=DIRECTION('',(0.,-1.,0.));
#5392=DIRECTION('',(0.707106781186548,-0.707106781186548,-2.07501205993976E-16));
#5393=DIRECTION('center_axis',(0.,-1.,0.));
#5394=DIRECTION('ref_axis',(-0.707106781186546,0.,-0.707106781186549));
#5395=DIRECTION('',(0.,-1.,0.));
#5396=DIRECTION('',(0.,1.,0.));
#5397=DIRECTION('center_axis',(-1.,0.,-3.20731096002823E-16));
#5398=DIRECTION('ref_axis',(-3.20731096002823E-16,0.,1.));
#5399=DIRECTION('center_axis',(0.,1.,0.));
#5400=DIRECTION('ref_axis',(-0.707106781186548,0.,0.707106781186548));
#5401=DIRECTION('',(0.,1.,0.));
#5402=DIRECTION('center_axis',(0.,0.,-1.));
#5403=DIRECTION('ref_axis',(-1.,0.,0.));
#5404=DIRECTION('',(0.,-1.,0.));
#5405=DIRECTION('center_axis',(0.,1.,0.));
#5406=DIRECTION('ref_axis',(0.906307787036652,0.,-0.422618261740695));
#5407=DIRECTION('center_axis',(0.,1.,0.));
#5408=DIRECTION('ref_axis',(0.906307787036652,0.,-0.422618261740695));
#5409=DIRECTION('',(0.,-1.,0.));
#5410=DIRECTION('center_axis',(0.,1.,0.));
#5411=DIRECTION('ref_axis',(0.906307787036652,0.,-0.422618261740695));
#5412=DIRECTION('',(0.,-1.,0.));
#5413=DIRECTION('',(0.,1.,0.));
#5414=DIRECTION('center_axis',(0.939692620785909,0.,0.342020143325668));
#5415=DIRECTION('ref_axis',(0.342020143325668,0.,-0.939692620785908));
#5416=DIRECTION('center_axis',(-0.939692620785909,0.,-0.342020143325668));
#5417=DIRECTION('ref_axis',(0.342020143325668,0.,-0.939692620785908));
#5418=DIRECTION('',(-0.422618261740694,8.65956056235499E-17,-0.906307787036652));
#5419=DIRECTION('center_axis',(-0.939692620785909,0.,-0.342020143325668));
#5420=DIRECTION('ref_axis',(-0.342020143325668,0.,0.939692620785908));
#5421=DIRECTION('center_axis',(-0.939692620785909,0.,-0.342020143325668));
#5422=DIRECTION('ref_axis',(0.342020143325668,0.,-0.939692620785908));
#5423=DIRECTION('center_axis',(-0.939692620785909,0.,-0.342020143325668));
#5424=DIRECTION('ref_axis',(-0.342020143325668,0.,0.939692620785909));
#5425=DIRECTION('center_axis',(-0.939692620785909,0.,-0.342020143325668));
#5426=DIRECTION('ref_axis',(0.342020143325668,0.,-0.939692620785908));
#5427=DIRECTION('center_axis',(-0.939692620785909,0.,-0.342020143325668));
#5428=DIRECTION('ref_axis',(0.342020143325668,0.,-0.939692620785908));
#5429=DIRECTION('',(0.342020143325668,0.,-0.939692620785909));
#5430=DIRECTION('center_axis',(-0.939692620785909,0.,-0.342020143325668));
#5431=DIRECTION('ref_axis',(0.342020143325668,0.,-0.939692620785909));
#5432=DIRECTION('',(0.,1.,0.));
#5433=DIRECTION('center_axis',(-0.939692620785909,0.,-0.342020143325668));
#5434=DIRECTION('ref_axis',(0.342020143325668,0.,-0.939692620785909));
#5435=DIRECTION('',(0.342020143325669,0.,-0.939692620785909));
#5436=DIRECTION('center_axis',(0.939692620785909,0.,0.342020143325669));
#5437=DIRECTION('ref_axis',(0.34202014332567,0.,-0.939692620785908));
#5438=DIRECTION('center_axis',(-0.304901678158543,-0.453074083603178,0.837710475894413));
#5439=DIRECTION('ref_axis',(0.939692620785908,0.,0.34202014332567));
#5440=DIRECTION('center_axis',(0.939692620785909,0.,0.342020143325669));
#5441=DIRECTION('ref_axis',(-0.268919209738109,0.617886671965006,0.738849456413037));
#5442=DIRECTION('center_axis',(0.0784784747225467,0.973319103521873,-0.215617837213437));
#5443=DIRECTION('ref_axis',(-0.33289473928817,0.229455709711869,0.914620779249457));
#5444=DIRECTION('center_axis',(-0.939692620785909,0.,-0.342020143325669));
#5445=DIRECTION('ref_axis',(-0.268919209738109,0.617886671965006,0.738849456413037));
#5446=DIRECTION('center_axis',(-0.0784784747225461,-0.973319103521873,0.215617837213436));
#5447=DIRECTION('ref_axis',(0.42907089681669,0.162249688319233,0.888579317869392));
#5448=DIRECTION('',(0.0784784747225461,0.973319103521873,-0.215617837213436));
#5449=DIRECTION('',(-0.0784784747225462,-0.973319103521873,0.215617837213436));
#5450=DIRECTION('center_axis',(0.0395036200670849,0.993307380301248,-0.108535304121136));
#5451=DIRECTION('ref_axis',(0.339731132577369,-0.115500858174613,-0.933403615441158));
#5452=DIRECTION('center_axis',(0.,-1.,0.));
#5453=DIRECTION('ref_axis',(0.422618261740707,0.,0.906307787036646));
#5454=DIRECTION('',(0.,1.,0.));
#5455=DIRECTION('',(0.,-1.,0.));
#5456=DIRECTION('center_axis',(-0.359604797490488,0.923879532511291,-0.130885442385865));
#5457=DIRECTION('ref_axis',(0.868162779195993,0.38268343236508,0.315985410125167));
#5458=DIRECTION('center_axis',(0.664463024388675,-0.707106781186548,0.241844762647975));
#5459=DIRECTION('ref_axis',(0.228001547744987,0.500000000000001,0.835473096051507));
#5460=DIRECTION('',(0.664463024388674,-0.707106781186548,0.241844762647975));
#5461=DIRECTION('center_axis',(0.,-1.,0.));
#5462=DIRECTION('ref_axis',(0.939692620785908,0.,0.342020143325669));
#5463=DIRECTION('',(-0.664463024388675,0.707106781186548,-0.241844762647975));
#5464=DIRECTION('center_axis',(0.,-1.,0.));
#5465=DIRECTION('ref_axis',(0.342020143325669,0.,-0.939692620785909));
#5466=DIRECTION('center_axis',(0.939692620785909,0.,0.342020143325669));
#5467=DIRECTION('ref_axis',(-0.154960463011105,0.891472868217053,0.425750373031246));
#5468=DIRECTION('center_axis',(0.,1.,0.));
#5469=DIRECTION('ref_axis',(0.,0.,1.));
#5470=DIRECTION('',(-0.342020143325669,0.,0.939692620785909));
#5471=DIRECTION('center_axis',(0.,-1.,0.));
#5472=DIRECTION('ref_axis',(0.648097555322047,0.,-0.761557324687765));
#5473=DIRECTION('center_axis',(0.,-1.,0.));
#5474=DIRECTION('ref_axis',(-0.906307787036652,0.,0.422618261740694));
#5475=DIRECTION('',(-0.939692620785905,0.,-0.342020143325679));
#5476=DIRECTION('',(0.939692620785908,0.,0.342020143325669));
#5477=DIRECTION('center_axis',(0.939692620785909,0.,0.342020143325669));
#5478=DIRECTION('ref_axis',(0.342020143325669,0.,-0.939692620785909));
#5479=DIRECTION('',(-0.342020143325669,0.,0.939692620785909));
#5480=DIRECTION('',(0.,-1.,0.));
#5481=DIRECTION('center_axis',(0.664463024388675,0.707106781186547,0.241844762647975));
#5482=DIRECTION('ref_axis',(0.342020143325669,0.,-0.939692620785909));
#5483=DIRECTION('',(0.342020143325669,0.,-0.939692620785909));
#5484=DIRECTION('',(0.454317308466604,-0.639156974284961,0.620543427529899));
#5485=DIRECTION('',(-0.730742552716001,0.546973721664137,0.408454488846659));
#5486=DIRECTION('center_axis',(0.664463024388675,0.707106781186547,0.241844762647975));
#5487=DIRECTION('ref_axis',(0.664463024388675,-0.707106781186548,0.241844762647975));
#5488=DIRECTION('center_axis',(0.,1.,0.));
#5489=DIRECTION('ref_axis',(0.422618261740706,0.,0.906307787036647));
#5490=DIRECTION('center_axis',(0.,1.,0.));
#5491=DIRECTION('ref_axis',(0.422618261740706,0.,0.906307787036647));
#5492=DIRECTION('',(0.,1.,0.));
#5493=DIRECTION('center_axis',(0.,1.,0.));
#5494=DIRECTION('ref_axis',(0.422618261740706,0.,0.906307787036647));
#5495=DIRECTION('',(0.,-1.,0.));
#5496=DIRECTION('center_axis',(0.342020143325665,0.,-0.93969262078591));
#5497=DIRECTION('ref_axis',(-0.93969262078591,0.,-0.342020143325665));
#5498=DIRECTION('',(0.93969262078591,0.,0.342020143325665));
#5499=DIRECTION('',(0.,-1.,0.));
#5500=DIRECTION('',(-0.93969262078591,0.,-0.342020143325665));
#5501=DIRECTION('center_axis',(0.,1.,0.));
#5502=DIRECTION('ref_axis',(-0.422618261740698,0.,-0.90630778703665));
#5503=DIRECTION('center_axis',(0.,1.,0.));
#5504=DIRECTION('ref_axis',(-0.422618261740698,0.,-0.90630778703665));
#5505=DIRECTION('',(0.,1.,0.));
#5506=DIRECTION('center_axis',(0.,1.,0.));
#5507=DIRECTION('ref_axis',(-0.422618261740698,0.,-0.90630778703665));
#5508=DIRECTION('',(0.,-1.,0.));
#5509=DIRECTION('center_axis',(0.,1.,0.));
#5510=DIRECTION('ref_axis',(0.,0.,1.));
#5511=DIRECTION('',(-0.939692620785906,0.,-0.342020143325674));
#5512=DIRECTION('',(-0.342020143325669,0.,0.939692620785909));
#5513=DIRECTION('center_axis',(0.,1.,0.));
#5514=DIRECTION('ref_axis',(-0.906307787036651,0.,0.422618261740697));
#5515=DIRECTION('',(0.342020143325668,0.,-0.939692620785909));
#5516=DIRECTION('',(0.342020143325668,0.,-0.939692620785909));
#5517=DIRECTION('center_axis',(0.939692620785909,0.,0.342020143325669));
#5518=DIRECTION('ref_axis',(0.342020143325669,0.,-0.939692620785909));
#5519=DIRECTION('',(0.342020143325669,0.,-0.939692620785909));
#5520=DIRECTION('',(0.,1.,0.));
#5521=DIRECTION('center_axis',(0.,1.,0.));
#5522=DIRECTION('ref_axis',(-0.906307787036651,0.,0.422618261740697));
#5523=DIRECTION('center_axis',(0.,1.,0.));
#5524=DIRECTION('ref_axis',(-0.906307787036651,0.,0.422618261740697));
#5525=DIRECTION('center_axis',(0.,1.,0.));
#5526=DIRECTION('ref_axis',(-0.906307787036652,0.,0.422618261740694));
#5527=DIRECTION('center_axis',(0.,-1.,0.));
#5528=DIRECTION('ref_axis',(-0.906307787036652,0.,0.422618261740694));
#5529=DIRECTION('',(0.,1.,0.));
#5530=DIRECTION('center_axis',(0.,1.,0.));
#5531=DIRECTION('ref_axis',(0.648097555322047,0.,-0.761557324687765));
#5532=DIRECTION('center_axis',(-0.415439638747191,0.879481017891843,0.232213362504252));
#5533=DIRECTION('ref_axis',(-0.76769321612784,-0.475933965133744,0.429108362471959));
#5534=DIRECTION('center_axis',(0.,1.,0.));
#5535=DIRECTION('ref_axis',(0.212925763229599,0.,-0.97706838008048));
#5536=DIRECTION('center_axis',(0.,-1.,0.));
#5537=DIRECTION('ref_axis',(-0.487910885786434,0.,-0.872893445691453));
#5538=DIRECTION('',(0.,-1.,0.));
#5539=DIRECTION('center_axis',(0.25771114902637,-0.911632165716666,-0.320174574409414));
#5540=DIRECTION('ref_axis',(0.571614947763534,0.411007049125366,-0.710161641503222));
#5541=DIRECTION('center_axis',(0.730742552716,-0.546973721664139,-0.408454488846658));
#5542=DIRECTION('ref_axis',(-0.487910885786431,0.,-0.872893445691455));
#5543=DIRECTION('center_axis',(-0.454317308466604,0.639156974284961,-0.620543427529899));
#5544=DIRECTION('ref_axis',(0.881410139799374,0.423596644081225,-0.209002508554255));
#5545=DIRECTION('center_axis',(-0.730742552716001,0.546973721664137,0.408454488846659));
#5546=DIRECTION('ref_axis',(0.183135804720083,0.733474940722022,-0.654580620215993));
#5547=DIRECTION('center_axis',(0.,1.,0.));
#5548=DIRECTION('ref_axis',(0.,0.,1.));
#5549=DIRECTION('',(0.,0.,-1.));
#5550=DIRECTION('center_axis',(0.,-1.,0.));
#5551=DIRECTION('ref_axis',(0.590731122227762,0.,0.806868478273584));
#5552=DIRECTION('',(0.939692620785908,0.,0.342020143325669));
#5553=DIRECTION('',(0.342020143325668,-3.22131229816884E-16,-0.939692620785909));
#5554=DIRECTION('',(-0.939692620785905,0.,-0.342020143325679));
#5555=DIRECTION('center_axis',(0.,1.,0.));
#5556=DIRECTION('ref_axis',(0.707106781186549,0.,-0.707106781186546));
#5557=DIRECTION('',(0.,1.,0.));
#5558=DIRECTION('center_axis',(1.,0.,0.));
#5559=DIRECTION('ref_axis',(0.,0.,-1.));
#5560=DIRECTION('',(0.,-1.,0.));
#5561=DIRECTION('center_axis',(0.,1.,0.));
#5562=DIRECTION('ref_axis',(0.707106781186546,0.,0.707106781186549));
#5563=DIRECTION('',(0.,1.,0.));
#5564=DIRECTION('center_axis',(0.,0.,1.));
#5565=DIRECTION('ref_axis',(1.,0.,0.));
#5566=DIRECTION('center_axis',(0.,1.,0.));
#5567=DIRECTION('ref_axis',(0.707106781186548,0.,-0.707106781186548));
#5568=DIRECTION('',(0.,1.,0.));
#5569=DIRECTION('',(0.,-1.,0.));
#5570=DIRECTION('center_axis',(1.,0.,0.));
#5571=DIRECTION('ref_axis',(0.,0.,-1.));
#5572=DIRECTION('',(0.,-1.,0.));
#5573=DIRECTION('center_axis',(0.,1.,0.));
#5574=DIRECTION('ref_axis',(0.70710678118655,0.,0.707106781186545));
#5575=DIRECTION('',(0.,1.,0.));
#5576=DIRECTION('center_axis',(0.,0.,1.));
#5577=DIRECTION('ref_axis',(1.,0.,0.));
#5578=DIRECTION('',(0.,-1.,0.));
#5579=DIRECTION('center_axis',(0.,1.,0.));
#5580=DIRECTION('ref_axis',(-0.707106781186548,0.,0.707106781186548));
#5581=DIRECTION('',(0.,1.,0.));
#5582=DIRECTION('center_axis',(-1.,0.,0.));
#5583=DIRECTION('ref_axis',(0.,0.,1.));
#5584=DIRECTION('',(0.,-1.,0.));
#5585=DIRECTION('center_axis',(0.,1.,0.));
#5586=DIRECTION('ref_axis',(-0.707106781186548,0.,-0.707106781186548));
#5587=DIRECTION('',(0.,1.,0.));
#5588=DIRECTION('center_axis',(0.,0.,-1.));
#5589=DIRECTION('ref_axis',(-1.,0.,0.));
#5590=DIRECTION('center_axis',(0.454317308466604,-0.639156974284961,0.620543427529899));
#5591=DIRECTION('ref_axis',(0.881410139799374,0.423596644081226,-0.209002508554255));
#5592=DIRECTION('',(-0.454317308466604,0.639156974284961,-0.620543427529899));
#5593=DIRECTION('center_axis',(0.806868478273584,0.,-0.590731122227762));
#5594=DIRECTION('ref_axis',(-0.590731122227762,0.,-0.806868478273584));
#5595=DIRECTION('center_axis',(1.71127128334299E-13,0.645735115855188,0.763561497295069));
#5596=DIRECTION('ref_axis',(-0.707106781186597,0.539919512590336,-0.456603679271361));
#5597=DIRECTION('center_axis',(0.,-1.,0.));
#5598=DIRECTION('ref_axis',(-2.2398956607273E-13,0.,-1.));
#5599=DIRECTION('',(1.71127128334299E-13,0.645735115855188,0.763561497295069));
#5600=DIRECTION('center_axis',(-1.,0.,2.24117021275326E-13));
#5601=DIRECTION('ref_axis',(2.24117021275326E-13,0.,1.));
#5602=DIRECTION('center_axis',(-1.,0.,2.24117021275326E-13));
#5603=DIRECTION('ref_axis',(2.24117021275326E-13,0.,1.));
#5604=DIRECTION('center_axis',(-1.,0.,2.24117021275326E-13));
#5605=DIRECTION('ref_axis',(2.24117021275326E-13,0.,1.));
#5606=DIRECTION('center_axis',(1.,0.,-2.22044604925042E-13));
#5607=DIRECTION('ref_axis',(1.44387293004998E-13,-0.764804390183726,0.644262558865327));
#5608=DIRECTION('center_axis',(-1.,0.,2.24117021275326E-13));
#5609=DIRECTION('ref_axis',(2.24117021275326E-13,0.,1.));
#5610=DIRECTION('center_axis',(-1.,0.,2.24117021275326E-13));
#5611=DIRECTION('ref_axis',(2.24117021275326E-13,0.,1.));
#5612=DIRECTION('center_axis',(-1.,0.,2.24117021275326E-13));
#5613=DIRECTION('ref_axis',(2.24117021275326E-13,0.,1.));
#5614=DIRECTION('center_axis',(-1.,0.,2.24117021275326E-13));
#5615=DIRECTION('ref_axis',(2.24117021275326E-13,0.,1.));
#5616=DIRECTION('',(-2.24117021275326E-13,0.,-1.));
#5617=DIRECTION('center_axis',(-1.71683598756341E-13,-0.642787609686539,
-0.766044443118978));
#5618=DIRECTION('ref_axis',(-0.707106781186649,0.541675220419701,-0.454519477671886));
#5619=DIRECTION('',(1.71683598756341E-13,0.642787609686539,0.766044443118978));
#5620=DIRECTION('center_axis',(9.38401049623177E-14,0.906307787036649,0.422618261740702));
#5621=DIRECTION('ref_axis',(-2.05391345074864E-13,0.422618261740702,-0.906307787036649));
#5622=DIRECTION('',(-1.71683598756341E-13,-0.642787609686539,-0.766044443118978));
#5623=DIRECTION('center_axis',(0.480408652113637,0.563753510706439,0.671855271721911));
#5624=DIRECTION('ref_axis',(-1.39888101102771E-13,0.766044443118987,-0.642787609686529));
#5625=DIRECTION('center_axis',(-1.44249947748322E-13,0.766044443118978,
-0.642787609686539));
#5626=DIRECTION('ref_axis',(1.71683598756341E-13,0.642787609686539,0.766044443118978));
#5627=DIRECTION('',(-1.,0.,2.22044604925031E-13));
#5628=DIRECTION('center_axis',(0.,1.,0.));
#5629=DIRECTION('ref_axis',(1.,0.,0.));
#5630=DIRECTION('',(0.,1.,0.));
#5631=DIRECTION('center_axis',(0.939692620785908,0.,0.342020143325669));
#5632=DIRECTION('ref_axis',(-0.154960463011105,-0.891472868217054,0.425750373031244));
#5633=DIRECTION('center_axis',(-0.939692620785909,0.,-0.342020143325668));
#5634=DIRECTION('ref_axis',(0.342020143325668,0.,-0.939692620785909));
#5635=DIRECTION('',(0.939692620785908,0.,0.342020143325669));
#5636=DIRECTION('center_axis',(0.332894739288163,-0.229455709711868,-0.91462077924946));
#5637=DIRECTION('ref_axis',(0.0784784747225461,0.973319103521873,-0.215617837213436));
#5638=DIRECTION('',(0.0784784747225461,0.973319103521873,-0.215617837213436));
#5639=DIRECTION('',(0.939692620785908,0.,0.342020143325669));
#5640=DIRECTION('center_axis',(0.342020143325669,0.,-0.939692620785908));
#5641=DIRECTION('ref_axis',(0.,1.,0.));
#5642=DIRECTION('',(0.,1.,0.));
#5643=DIRECTION('',(0.,1.,0.));
#5644=DIRECTION('center_axis',(-0.939692620785909,0.,-0.342020143325668));
#5645=DIRECTION('ref_axis',(-0.342020143325668,0.,0.939692620785909));
#5646=DIRECTION('center_axis',(-0.939692620785909,0.,-0.342020143325668));
#5647=DIRECTION('ref_axis',(0.342020143325668,0.,-0.939692620785909));
#5648=DIRECTION('center_axis',(0.939692620785909,0.,0.342020143325668));
#5649=DIRECTION('ref_axis',(0.342020143325668,0.,-0.939692620785908));
#5650=DIRECTION('center_axis',(-0.939692620785909,0.,-0.342020143325668));
#5651=DIRECTION('ref_axis',(0.342020143325668,0.,-0.939692620785908));
#5652=DIRECTION('',(-0.422618261740694,8.65956056235499E-17,-0.906307787036652));
#5653=DIRECTION('center_axis',(-0.939692620785909,0.,-0.342020143325668));
#5654=DIRECTION('ref_axis',(-0.342020143325668,0.,0.939692620785908));
#5655=DIRECTION('center_axis',(-0.342020143325674,0.,0.939692620785907));
#5656=DIRECTION('ref_axis',(0.939692620785906,0.,0.342020143325674));
#5657=DIRECTION('center_axis',(-0.939692620785909,0.,-0.342020143325668));
#5658=DIRECTION('ref_axis',(-0.342020143325668,0.,0.939692620785909));
#5659=DIRECTION('center_axis',(-0.939692620785909,0.,-0.342020143325668));
#5660=DIRECTION('ref_axis',(0.342020143325668,0.,-0.939692620785909));
#5661=DIRECTION('center_axis',(-0.939692620785909,0.,-0.342020143325668));
#5662=DIRECTION('ref_axis',(-0.342020143325668,0.,0.939692620785909));
#5663=DIRECTION('center_axis',(0.939692620785909,0.,0.342020143325668));
#5664=DIRECTION('ref_axis',(0.342020143325669,0.,-0.939692620785908));
#5665=DIRECTION('',(-0.422618261740703,8.6595605623549E-17,-0.906307787036648));
#5666=DIRECTION('center_axis',(-0.939692620785909,0.,-0.342020143325668));
#5667=DIRECTION('ref_axis',(-0.342020143325668,0.,0.939692620785908));
#5668=DIRECTION('center_axis',(0.939692620785909,0.,0.342020143325668));
#5669=DIRECTION('ref_axis',(0.342020143325669,0.,-0.939692620785908));
#5670=DIRECTION('',(-0.422618261740703,8.6595605623549E-17,-0.906307787036648));
#5671=DIRECTION('center_axis',(-0.939692620785909,0.,-0.342020143325668));
#5672=DIRECTION('ref_axis',(-0.342020143325668,0.,0.939692620785908));
#5673=DIRECTION('center_axis',(-0.939692620785909,0.,-0.342020143325668));
#5674=DIRECTION('ref_axis',(-0.342020143325668,0.,0.939692620785909));
#5675=DIRECTION('center_axis',(-0.939692620785909,0.,-0.342020143325668));
#5676=DIRECTION('ref_axis',(-0.342020143325668,0.,0.939692620785909));
#5677=DIRECTION('center_axis',(-0.939692620785909,0.,-0.342020143325668));
#5678=DIRECTION('ref_axis',(-0.342020143325668,0.,0.939692620785909));
#5679=DIRECTION('center_axis',(-0.939692620785909,0.,-0.342020143325668));
#5680=DIRECTION('ref_axis',(-0.342020143325668,0.,0.939692620785909));
#5681=DIRECTION('center_axis',(0.,1.,0.));
#5682=DIRECTION('ref_axis',(-0.707106781186548,0.,0.707106781186548));
#5683=DIRECTION('',(0.,-1.,0.));
#5684=DIRECTION('center_axis',(0.,1.,0.));
#5685=DIRECTION('ref_axis',(-0.707106781186548,0.,-0.707106781186548));
#5686=DIRECTION('',(0.,1.,0.));
#5687=DIRECTION('center_axis',(0.707106781186548,0.707106781186548,-1.58474665523113E-13));
#5688=DIRECTION('ref_axis',(-0.707106781186548,0.707106781186548,1.58481207548394E-13));
#5689=DIRECTION('center_axis',(-1.,0.,0.));
#5690=DIRECTION('ref_axis',(0.,0.,1.));
#5691=DIRECTION('',(0.,-2.22044604925031E-16,-1.));
#5692=DIRECTION('center_axis',(0.,1.,0.));
#5693=DIRECTION('ref_axis',(0.707106781186625,0.,0.707106781186471));
#5694=DIRECTION('center_axis',(-0.707106781186548,-0.707106781186548,1.58474665523113E-13));
#5695=DIRECTION('ref_axis',(0.707106781186547,-0.707106781186547,-1.58383076769726E-13));
#5696=DIRECTION('',(0.,-1.,0.));
#5697=DIRECTION('center_axis',(-1.,0.,2.24117021275326E-13));
#5698=DIRECTION('ref_axis',(2.24117021275326E-13,0.,1.));
#5699=DIRECTION('center_axis',(-1.,0.,2.24117021275326E-13));
#5700=DIRECTION('ref_axis',(2.24117021275326E-13,0.,1.));
#5701=DIRECTION('center_axis',(-1.,0.,2.24117021275326E-13));
#5702=DIRECTION('ref_axis',(2.24117021275326E-13,0.,1.));
#5703=DIRECTION('',(2.24117021275326E-13,0.,1.));
#5704=DIRECTION('center_axis',(-1.,0.,2.24117021275326E-13));
#5705=DIRECTION('ref_axis',(2.24117021275326E-13,0.,1.));
#5706=DIRECTION('center_axis',(-1.,0.,2.24117021275326E-13));
#5707=DIRECTION('ref_axis',(2.24117021275326E-13,0.,1.));
#5708=DIRECTION('',(2.24117021275326E-13,0.,1.));
#5709=DIRECTION('',(0.,1.,0.));
#5710=DIRECTION('center_axis',(0.707106781186548,-0.707106781186548,-2.07501205993976E-16));
#5711=DIRECTION('ref_axis',(-0.500000000000038,-0.500000000000038,-0.707106781186494));
#5712=DIRECTION('center_axis',(-0.382683432365091,0.923879532511286,-9.05542654730026E-15));
#5713=DIRECTION('ref_axis',(-0.923879532511286,-0.382683432365091,2.24039603654036E-14));
#5714=DIRECTION('',(-0.707106781186548,0.707106781186548,2.07501205993976E-16));
#5715=DIRECTION('center_axis',(1.,0.,-2.22044604925031E-16));
#5716=DIRECTION('ref_axis',(-6.93889390390829E-17,-1.,1.47196168001604E-16));
#5717=DIRECTION('center_axis',(0.,1.,0.));
#5718=DIRECTION('ref_axis',(-0.707106781186628,0.,-0.707106781186467));
#5719=DIRECTION('center_axis',(-1.,0.,2.22044604925031E-16));
#5720=DIRECTION('ref_axis',(2.22044604925031E-16,0.,1.));
#5721=DIRECTION('',(-2.22044604925031E-16,0.,-1.));
#5722=DIRECTION('center_axis',(-0.707106781186548,-0.707106781186548,1.58474665523113E-13));
#5723=DIRECTION('ref_axis',(2.24117021275326E-13,0.,1.));
#5724=DIRECTION('center_axis',(0.,1.,0.));
#5725=DIRECTION('ref_axis',(0.,0.,1.));
#5726=DIRECTION('center_axis',(-1.,0.,2.24117021275326E-13));
#5727=DIRECTION('ref_axis',(2.24117021275326E-13,0.,1.));
#5728=DIRECTION('center_axis',(1.,0.,-2.24265050974283E-13));
#5729=DIRECTION('ref_axis',(2.24169889024953E-13,0.,1.));
#5730=DIRECTION('',(-0.707106781186387,-8.65956056235496E-17,0.707106781186708));
#5731=DIRECTION('center_axis',(-1.,0.,2.24117021275326E-13));
#5732=DIRECTION('ref_axis',(2.24117021275326E-13,0.,1.));
#5733=DIRECTION('center_axis',(1.,0.,-2.24265050974283E-13));
#5734=DIRECTION('ref_axis',(2.24169889024953E-13,0.,1.));
#5735=DIRECTION('',(-0.707106781186387,-8.65956056235496E-17,0.707106781186708));
#5736=DIRECTION('center_axis',(-1.,0.,2.24117021275326E-13));
#5737=DIRECTION('ref_axis',(2.24117021275326E-13,0.,1.));
#5738=DIRECTION('center_axis',(-1.,0.,2.22044604925031E-13));
#5739=DIRECTION('ref_axis',(2.22044604925031E-13,0.,1.));
#5740=DIRECTION('center_axis',(-1.,0.,2.24117021275326E-13));
#5741=DIRECTION('ref_axis',(2.24117021275326E-13,0.,1.));
#5742=DIRECTION('center_axis',(-1.,0.,2.24117021275326E-13));
#5743=DIRECTION('ref_axis',(2.24117021275326E-13,0.,1.));
#5744=CARTESIAN_POINT('',(0.,0.,0.));
#5745=CARTESIAN_POINT('Origin',(-6.45000000024183,59.85,-5.77500000063016));
#5746=CARTESIAN_POINT('',(-6.70000000024184,60.1,36.3));
#5747=CARTESIAN_POINT('',(-6.20000000024184,59.6,36.3));
#5748=CARTESIAN_POINT('',(-6.70000000024184,60.1,36.3));
#5749=CARTESIAN_POINT('',(-6.20000000024183,59.6,-11.9));
#5750=CARTESIAN_POINT('',(-6.20000000024183,59.6,-5.77500000063016));
#5751=CARTESIAN_POINT('',(-6.70000000024183,60.1,-11.9));
#5752=CARTESIAN_POINT('',(-6.20000000024183,59.6,-11.9));
#5753=CARTESIAN_POINT('',(-6.70000000024183,60.1,-5.77500000063016));
#5754=CARTESIAN_POINT('Origin',(-7.00000000024183,59.85,-11.9));
#5755=CARTESIAN_POINT('',(-7.00000000024183,59.6,-12.7));
#5756=CARTESIAN_POINT('Origin',(-7.00000000024183,59.6,-11.9));
#5757=CARTESIAN_POINT('',(-7.00000000024183,60.1,-12.2));
#5758=CARTESIAN_POINT('',(-7.00000000024183,59.6,-12.7));
#5759=CARTESIAN_POINT('Origin',(-7.00000000024183,60.1,-11.9));
#5760=CARTESIAN_POINT('Origin',(-7.20000000024183,59.85,36.3));
#5761=CARTESIAN_POINT('',(-7.20000000024183,60.1,36.8));
#5762=CARTESIAN_POINT('',(-7.20000000024183,59.6,37.3));
#5763=CARTESIAN_POINT('',(-7.20000000024183,60.1,36.8));
#5764=CARTESIAN_POINT('Origin',(-7.20000000024183,59.6,36.3));
#5765=CARTESIAN_POINT('Origin',(-7.20000000024183,60.1,36.3));
#5766=CARTESIAN_POINT('Origin',(4.32500000001436,59.85,-12.45));
#5767=CARTESIAN_POINT('',(-16.1999999999425,60.0673310873556,-12.2326689126444));
#5768=CARTESIAN_POINT('',(-16.1999999999425,60.1,-12.2));
#5769=CARTESIAN_POINT('',(-16.1999999999425,59.35,-12.95));
#5770=CARTESIAN_POINT('',(4.32500000001436,60.1,-12.2));
#5771=CARTESIAN_POINT('',(-14.5357864375692,59.6,-12.7));
#5772=CARTESIAN_POINT('',(4.32500000001436,59.6,-12.7));
#5773=CARTESIAN_POINT('Origin',(-15.5357864375692,60.6,-11.7));
#5774=CARTESIAN_POINT('Origin',(-9.77499999995692,59.85,37.05));
#5775=CARTESIAN_POINT('',(-16.1453215849911,59.8726485410432,37.0273514589569));
#5776=CARTESIAN_POINT('',(-15.2428932187449,59.6,37.3));
#5777=CARTESIAN_POINT('Origin',(-15.7428932187449,60.1,36.8));
#5778=CARTESIAN_POINT('',(-9.77499999995692,59.6,37.3));
#5779=CARTESIAN_POINT('',(-16.1999999999425,60.1,36.8));
#5780=CARTESIAN_POINT('',(-9.77499999995692,60.1,36.8));
#5781=CARTESIAN_POINT('Origin',(-15.6999999999425,60.1,36.8));
#5782=CARTESIAN_POINT('Origin',(-7.20000000024183,15.025,36.3));
#5783=CARTESIAN_POINT('',(-7.20000000024183,43.35,37.3));
#5784=CARTESIAN_POINT('',(-7.20000000024183,15.025,37.3));
#5785=CARTESIAN_POINT('',(-6.20000000024183,43.35,36.3));
#5786=CARTESIAN_POINT('Origin',(-7.20000000024183,43.35,36.3));
#5787=CARTESIAN_POINT('',(-6.20000000024184,15.025,36.3));
#5788=CARTESIAN_POINT('Origin',(-18.1999999999426,0.,37.3));
#5789=CARTESIAN_POINT('',(-15.1999999999426,59.5571067811976,37.3));
#5790=CARTESIAN_POINT('',(-0.0714466093430341,44.4285533905981,37.3));
#5791=CARTESIAN_POINT('',(-15.1999999999426,3.,37.3));
#5792=CARTESIAN_POINT('',(-15.1999999999426,1.75,37.3));
#5793=CARTESIAN_POINT('',(-17.1999999999426,3.,37.3));
#5794=CARTESIAN_POINT('',(-16.2000000000174,3.,37.3));
#5795=CARTESIAN_POINT('',(-17.1999999999426,0.5,37.3));
#5796=CARTESIAN_POINT('',(-17.1999999999426,0.,37.3));
#5797=CARTESIAN_POINT('',(-7.20000000024183,0.5,37.3));
#5798=CARTESIAN_POINT('',(-9.77499999995692,0.5,37.3));
#5799=CARTESIAN_POINT('',(-7.20000000024184,16.75,37.3));
#5800=CARTESIAN_POINT('',(-7.20000000024183,15.025,37.3));
#5801=CARTESIAN_POINT('',(-6.20000000024182,18.3624515496597,37.3));
#5802=CARTESIAN_POINT('Origin',(-5.40000000024184,16.75,37.3));
#5803=CARTESIAN_POINT('',(-6.20000000024183,21.7375484503403,37.3));
#5804=CARTESIAN_POINT('',(-6.20000000024182,10.025,37.3));
#5805=CARTESIAN_POINT('',(-7.20000000024183,23.35,37.3));
#5806=CARTESIAN_POINT('Origin',(-5.40000000024184,23.35,37.3));
#5807=CARTESIAN_POINT('',(-7.20000000024184,36.75,37.3));
#5808=CARTESIAN_POINT('',(-7.20000000024183,15.025,37.3));
#5809=CARTESIAN_POINT('',(-6.20000000024183,38.3624515496597,37.3));
#5810=CARTESIAN_POINT('Origin',(-5.40000000024184,36.75,37.3));
#5811=CARTESIAN_POINT('',(-6.20000000024183,41.7375484503403,37.3));
#5812=CARTESIAN_POINT('',(-6.20000000024183,20.025,37.3));
#5813=CARTESIAN_POINT('Origin',(-5.40000000024184,43.35,37.3));
#5814=CARTESIAN_POINT('Origin',(-0.0714466093430341,44.4285533905981,36.8));
#5815=CARTESIAN_POINT('',(-16.1999999999425,59.85,36.8000000000001));
#5816=CARTESIAN_POINT('Origin',(-15.6999999999425,60.0571067811976,36.8));
#5817=CARTESIAN_POINT('',(-15.6999999999426,59.35,36.8));
#5818=CARTESIAN_POINT('',(-0.424999999936305,44.0750000000048,36.8000000000001));
#5819=CARTESIAN_POINT('Origin',(-15.1999999999426,59.5571067811977,36.8));
#5820=CARTESIAN_POINT('Origin',(-15.6999999999425,29.05,36.8));
#5821=CARTESIAN_POINT('',(-16.1999999999425,29.05,36.8));
#5822=CARTESIAN_POINT('Origin',(-1.34999999997128,60.1,-3.85000000126032));
#5823=CARTESIAN_POINT('',(-16.1999999999425,60.1,-12.7));
#5824=CARTESIAN_POINT('Origin',(-51.2374309004173,3.25,-3.73562018362859));
#5825=CARTESIAN_POINT('',(-48.2285136126642,3.5,-11.271601388696));
#5826=CARTESIAN_POINT('',(-48.4021617903312,3.,-12.2564091417082));
#5827=CARTESIAN_POINT('Origin',(-47.4624691695453,4.,-11.9143889983826));
#5828=CARTESIAN_POINT('',(-57.8682274247572,3.,13.7513924399526));
#5829=CARTESIAN_POINT('',(-51.4723540556138,3.,-3.82112521946001));
#5830=CARTESIAN_POINT('',(-57.3983811143642,3.5,13.9224025116154));
#5831=CARTESIAN_POINT('',(-57.8682274247572,3.,13.7513924399526));
#5832=CARTESIAN_POINT('',(-51.0025077452208,3.5,-3.65011514779717));
#5833=CARTESIAN_POINT('Origin',(-56.9285348039713,3.25,14.0934125832783));
#5834=CARTESIAN_POINT('',(-57.4164456897577,3.,14.9663060289697));
#5835=CARTESIAN_POINT('Origin',(-56.9285348039713,3.,14.0934125832783));
#5836=CARTESIAN_POINT('',(-57.1724902468645,3.5,14.529859306124));
#5837=CARTESIAN_POINT('',(-57.4164456897577,3.,14.9663060289697));
#5838=CARTESIAN_POINT('Origin',(-56.9285348039713,3.5,14.0934125832783));
#5839=CARTESIAN_POINT('Origin',(-40.172336577376,3.25,24.318637166195));
#5840=CARTESIAN_POINT('',(-17.687910885729,3.,37.1728934456915));
#5841=CARTESIAN_POINT('',(-17.4439554428358,3.5,36.7364467228457));
#5842=CARTESIAN_POINT('',(-17.687910885729,3.,37.1728934456915));
#5843=CARTESIAN_POINT('',(-40.0503588559294,3.5,24.1004138047721));
#5844=CARTESIAN_POINT('',(-40.2943142988226,3.,24.5368605276178));
#5845=CARTESIAN_POINT('Origin',(-17.1999999999426,3.25,36.3));
#5846=CARTESIAN_POINT('Origin',(-17.1999999999426,3.,36.3));
#5847=CARTESIAN_POINT('',(-17.1999999999426,3.5,36.8));
#5848=CARTESIAN_POINT('',(-17.1999999999426,3.,37.3));
#5849=CARTESIAN_POINT('Origin',(-17.1999999999426,3.5,36.3));
#5850=CARTESIAN_POINT('Origin',(-16.2000000000174,3.25,37.05));
#5851=CARTESIAN_POINT('',(-15.6999999999426,3.5,36.8));
#5852=CARTESIAN_POINT('Origin',(-15.1999999999426,3.5,36.8));
#5853=CARTESIAN_POINT('',(-16.2000000000174,3.5,36.8));
#5854=CARTESIAN_POINT('Origin',(-17.1999999999426,0.,36.3));
#5855=CARTESIAN_POINT('',(-17.687910885729,0.5,37.1728934456915));
#5856=CARTESIAN_POINT('',(-17.687910885729,0.,37.1728934456915));
#5857=CARTESIAN_POINT('Origin',(-17.1999999999426,0.5,36.3));
#5858=CARTESIAN_POINT('Origin',(-58.1592920781648,0.,14.5510860027913));
#5859=CARTESIAN_POINT('',(-57.4164456897577,0.5,14.9663060289697));
#5860=CARTESIAN_POINT('',(-57.4164456897577,0.,14.9663060289697));
#5861=CARTESIAN_POINT('',(-40.4350298163033,0.5,24.4582064454767));
#5862=CARTESIAN_POINT('Origin',(-56.9285348039713,0.,14.0934125832783));
#5863=CARTESIAN_POINT('',(-57.8682274247572,0.5,13.7513924399526));
#5864=CARTESIAN_POINT('',(-57.8682274247572,0.,13.7513924399526));
#5865=CARTESIAN_POINT('Origin',(-56.9285348039713,0.5,14.0934125832783));
#5866=CARTESIAN_POINT('Origin',(-48.2407079217204,0.,-12.7));
#5867=CARTESIAN_POINT('',(-48.4021617903312,27.1,-12.2564091417082));
#5868=CARTESIAN_POINT('',(-48.4021617903312,0.75,-12.2564091417082));
#5869=CARTESIAN_POINT('',(-48.3678926492214,27.1,-12.3505628330914));
#5870=CARTESIAN_POINT('',(-50.2181680734394,27.1,-7.26697288528062));
#5871=CARTESIAN_POINT('',(-48.3678926492214,0.5,-12.3505628330914));
#5872=CARTESIAN_POINT('',(-48.3678926492214,0.,-12.3505628330914));
#5873=CARTESIAN_POINT('',(-46.9202900868548,0.5,-16.3278181855384));
#5874=CARTESIAN_POINT('Origin',(-15.2000000000174,3.25,12.55));
#5875=CARTESIAN_POINT('',(-17.1927687859436,3.,12.3));
#5876=CARTESIAN_POINT('',(-17.1927687859436,3.5,12.8));
#5877=CARTESIAN_POINT('',(-17.1927687859436,3.,12.3));
#5878=CARTESIAN_POINT('',(-16.6999999999425,3.5,12.8));
#5879=CARTESIAN_POINT('',(-15.2000000000174,3.5,12.8));
#5880=CARTESIAN_POINT('',(-16.6999999999425,3.,12.3));
#5881=CARTESIAN_POINT('',(-16.6999999999425,3.5,12.8));
#5882=CARTESIAN_POINT('',(-15.2000000000174,3.,12.3));
#5883=CARTESIAN_POINT('Origin',(-17.1927687859436,3.25,11.3));
#5884=CARTESIAN_POINT('',(-17.9996372642171,3.,11.8907311222278));
#5885=CARTESIAN_POINT('Origin',(-17.1927687859436,3.,11.3));
#5886=CARTESIAN_POINT('',(-18.4030715033539,3.5,12.1860966833416));
#5887=CARTESIAN_POINT('',(-17.9996372642171,3.,11.8907311222278));
#5888=CARTESIAN_POINT('Origin',(-17.1927687859436,3.5,11.3));
#5889=CARTESIAN_POINT('Origin',(-15.5036227107648,3.25,15.7231946226356));
#5890=CARTESIAN_POINT('',(-32.7033098856269,3.,-8.19273749261115));
#5891=CARTESIAN_POINT('',(-32.6617368482019,3.5,-7.28954490063762));
#5892=CARTESIAN_POINT('Origin',(-34.2209854531525,3.99999999999999,-8.57288434323836));
#5893=CARTESIAN_POINT('',(-15.7053398303331,3.5,15.8708774031925));
#5894=CARTESIAN_POINT('',(-15.3019055911964,3.,15.5755118420786));
#5895=CARTESIAN_POINT('Origin',(-13.4500000000174,3.25,35.35));
#5896=CARTESIAN_POINT('',(-15.1999999999426,3.,35.1));
#5897=CARTESIAN_POINT('',(-15.6999999999426,3.5,35.6));
#5898=CARTESIAN_POINT('Origin',(-15.1999999999426,3.5,35.6));
#5899=CARTESIAN_POINT('',(-15.6999999999425,3.,35.1));
#5900=CARTESIAN_POINT('',(-13.4500000000174,3.,35.1));
#5901=CARTESIAN_POINT('',(-15.6999999999425,3.,35.1));
#5902=CARTESIAN_POINT('Origin',(-15.6999999999425,3.25,34.6));
#5903=CARTESIAN_POINT('',(-16.1999999999425,3.,34.6));
#5904=CARTESIAN_POINT('Origin',(-15.6999999999425,3.,34.6));
#5905=CARTESIAN_POINT('',(-16.6999999999425,3.5,34.6));
#5906=CARTESIAN_POINT('',(-16.1999999999425,3.,34.6));
#5907=CARTESIAN_POINT('Origin',(-15.6999999999425,3.5,34.6));
#5908=CARTESIAN_POINT('Origin',(-16.4499999999425,3.25,27.4499999993698));
#5909=CARTESIAN_POINT('',(-16.1999999999425,3.,12.8));
#5910=CARTESIAN_POINT('',(-16.1999999999425,3.,12.8));
#5911=CARTESIAN_POINT('',(-16.6999999999425,3.5,27.4499999993698));
#5912=CARTESIAN_POINT('',(-16.1999999999425,3.,27.4499999993698));
#5913=CARTESIAN_POINT('Origin',(-16.6999999999425,3.,12.8));
#5914=CARTESIAN_POINT('Origin',(-16.6999999999425,3.,12.8));
#5915=CARTESIAN_POINT('Origin',(-17.1927687859436,1.5,11.3));
#5916=CARTESIAN_POINT('',(-17.1927687859436,1.5,12.3));
#5917=CARTESIAN_POINT('',(-17.1927687859436,1.5,12.3));
#5918=CARTESIAN_POINT('',(-17.9996372642171,1.5,11.8907311222278));
#5919=CARTESIAN_POINT('Origin',(-17.1927687859436,1.5,11.3));
#5920=CARTESIAN_POINT('',(-17.9996372642171,1.5,11.8907311222278));
#5921=CARTESIAN_POINT('Origin',(-16.1999999999425,1.5,12.3));
#5922=CARTESIAN_POINT('',(-16.6999999999425,1.5,12.3));
#5923=CARTESIAN_POINT('',(-16.6999999999425,1.5,12.3));
#5924=CARTESIAN_POINT('',(-15.1999999999234,1.5,12.3));
#5925=CARTESIAN_POINT('Origin',(-16.6999999999425,1.5,12.8));
#5926=CARTESIAN_POINT('',(-16.1999999999425,1.5,12.8));
#5927=CARTESIAN_POINT('',(-16.1999999999425,1.5,12.8));
#5928=CARTESIAN_POINT('Origin',(-16.6999999999425,1.5,12.8));
#5929=CARTESIAN_POINT('Origin',(-16.1999999999425,1.5,35.1));
#5930=CARTESIAN_POINT('',(-16.1999999999425,1.5,34.6));
#5931=CARTESIAN_POINT('',(-16.1999999999425,1.5,34.6));
#5932=CARTESIAN_POINT('',(-16.1999999999425,1.5,13.7));
#5933=CARTESIAN_POINT('Origin',(-15.6999999999425,1.5,34.6));
#5934=CARTESIAN_POINT('',(-15.6999999999425,1.5,35.1));
#5935=CARTESIAN_POINT('',(-15.6999999999425,1.5,35.1));
#5936=CARTESIAN_POINT('Origin',(-15.6999999999425,1.5,34.6));
#5937=CARTESIAN_POINT('Origin',(-12.6999999999426,1.5,35.1));
#5938=CARTESIAN_POINT('',(-15.1999999999426,58.85,35.1));
#5939=CARTESIAN_POINT('',(-15.1999999999426,2.5,35.1));
#5940=CARTESIAN_POINT('',(-13.6999999999321,57.3499999999895,35.1));
#5941=CARTESIAN_POINT('',(-0.299999999942542,43.95,35.1));
#5942=CARTESIAN_POINT('',(-13.6999999999321,1.5,35.1));
#5943=CARTESIAN_POINT('',(-13.6999999999321,0.75,35.1));
#5944=CARTESIAN_POINT('',(-13.4499999999234,1.5,35.1));
#5945=CARTESIAN_POINT('Origin',(-21.1945727696921,1.25,-27.5312532566567));
#5946=CARTESIAN_POINT('',(-40.3290739041867,1.,-17.1222721347794));
#5947=CARTESIAN_POINT('',(-39.3291705625277,1.5,-17.1083686338077));
#5948=CARTESIAN_POINT('Origin',(-39.8411630184002,2.,-16.249378689088));
#5949=CARTESIAN_POINT('',(-34.4485221641689,1.5,-19.8364467228453));
#5950=CARTESIAN_POINT('',(-21.0725950482455,1.5,-27.3130298952338));
#5951=CARTESIAN_POINT('',(-34.6924776070621,1.,-20.272893445691));
#5952=CARTESIAN_POINT('',(-34.4485221641689,1.5,-19.8364467228453));
#5953=CARTESIAN_POINT('',(-21.3165504911387,1.,-27.7494766180795));
#5954=CARTESIAN_POINT('Origin',(-34.2045667212757,1.25,-19.3999999999996));
#5955=CARTESIAN_POINT('',(-34.2045667212757,1.5,-19.8999999999996));
#5956=CARTESIAN_POINT('',(-34.2045667212757,1.,-20.3999999999996));
#5957=CARTESIAN_POINT('',(-34.2045667212757,1.5,-19.8999999999996));
#5958=CARTESIAN_POINT('Origin',(-34.2045667212757,1.,-19.3999999999996));
#5959=CARTESIAN_POINT('Origin',(-34.2045667212757,1.5,-19.3999999999996));
#5960=CARTESIAN_POINT('Origin',(-24.5999999999236,1.25,-20.1499999999999));
#5961=CARTESIAN_POINT('',(-16.6999999999425,1.5,-19.9000000000001));
#5962=CARTESIAN_POINT('',(-24.5999999999236,1.5,-19.8999999999999));
#5963=CARTESIAN_POINT('',(-16.6999999999425,1.,-20.4000000000001));
#5964=CARTESIAN_POINT('',(-16.6999999999425,1.5,-19.9000000000001));
#5965=CARTESIAN_POINT('',(-24.5999999999236,1.,-20.3999999999999));
#5966=CARTESIAN_POINT('Origin',(-16.6999999999426,1.25,-21.4000000000001));
#5967=CARTESIAN_POINT('',(-15.1999999999426,1.5,-21.4000000000001));
#5968=CARTESIAN_POINT('',(-15.6999999999426,1.,-21.4000000000001));
#5969=CARTESIAN_POINT('',(-15.1999999999426,1.5,-21.4000000000001));
#5970=CARTESIAN_POINT('Origin',(-16.6999999999426,1.,-21.4000000000001));
#5971=CARTESIAN_POINT('Origin',(-16.6999999999426,1.5,-21.4000000000001));
#5972=CARTESIAN_POINT('Origin',(-15.4499999999426,1.25,-14.05));
#5973=CARTESIAN_POINT('',(-15.1999999999426,1.5,-27.));
#5974=CARTESIAN_POINT('',(-15.1999999999426,1.5,-14.05));
#5975=CARTESIAN_POINT('',(-15.6999999999426,1.,-27.));
#5976=CARTESIAN_POINT('',(-15.1999999999426,1.5,-27.));
#5977=CARTESIAN_POINT('',(-15.6999999999426,1.,-14.05));
#5978=CARTESIAN_POINT('Origin',(-16.6999999999426,1.25,-27.));
#5979=CARTESIAN_POINT('',(-16.6999999999426,1.5,-28.5));
#5980=CARTESIAN_POINT('',(-16.6999999999426,1.,-28.));
#5981=CARTESIAN_POINT('',(-16.6999999999426,1.5,-28.5));
#5982=CARTESIAN_POINT('Origin',(-16.6999999999426,1.,-27.));
#5983=CARTESIAN_POINT('Origin',(-16.6999999999426,1.5,-27.));
#5984=CARTESIAN_POINT('Origin',(-14.9499999999234,1.25,-28.25));
#5985=CARTESIAN_POINT('',(-17.3291212087798,1.5,-28.5));
#5986=CARTESIAN_POINT('',(-14.9499999999234,1.5,-28.5));
#5987=CARTESIAN_POINT('',(-17.3291212087798,1.,-28.));
#5988=CARTESIAN_POINT('',(-17.3291212087798,1.5,-28.5));
#5989=CARTESIAN_POINT('',(-14.9499999999234,1.,-28.));
#5990=CARTESIAN_POINT('Origin',(-17.3291212087798,1.25,-29.));
#5991=CARTESIAN_POINT('',(-17.7968409065705,1.5,-29.1767435551826));
#5992=CARTESIAN_POINT('',(-18.2645606043612,1.,-29.3534871103652));
#5993=CARTESIAN_POINT('',(-17.7968409065705,1.5,-29.1767435551826));
#5994=CARTESIAN_POINT('Origin',(-17.3291212087798,1.,-29.));
#5995=CARTESIAN_POINT('Origin',(-17.3291212087798,1.5,-29.));
#5996=CARTESIAN_POINT('Origin',(-19.1999999999426,1.25,-29.7069742207304));
#5997=CARTESIAN_POINT('',(-17.6999999999426,1.5,-29.7069742207304));
#5998=CARTESIAN_POINT('',(-18.1999999999425,1.,-29.7069742207304));
#5999=CARTESIAN_POINT('',(-17.6999999999426,1.5,-29.7069742207304));
#6000=CARTESIAN_POINT('Origin',(-19.1999999999426,1.,-29.7069742207304));
#6001=CARTESIAN_POINT('Origin',(-19.1999999999426,1.5,-29.7069742207304));
#6002=CARTESIAN_POINT('Origin',(-17.9499999999425,1.25,-30.2));
#6003=CARTESIAN_POINT('',(-17.6999999999425,1.5,-33.));
#6004=CARTESIAN_POINT('',(-17.6999999999425,1.5,-30.2));
#6005=CARTESIAN_POINT('',(-18.1999999999425,1.,-33.));
#6006=CARTESIAN_POINT('',(-17.6999999999425,1.5,-33.));
#6007=CARTESIAN_POINT('',(-18.1999999999425,1.,-30.2));
#6008=CARTESIAN_POINT('Origin',(-17.1999999999425,1.25,-33.));
#6009=CARTESIAN_POINT('',(-17.1999999999425,1.5,-33.5));
#6010=CARTESIAN_POINT('',(-17.1999999999425,1.,-34.));
#6011=CARTESIAN_POINT('',(-17.1999999999425,1.5,-33.5));
#6012=CARTESIAN_POINT('Origin',(-17.1999999999425,1.,-33.));
#6013=CARTESIAN_POINT('Origin',(-17.1999999999425,1.5,-33.));
#6014=CARTESIAN_POINT('Origin',(-24.5999999999234,1.25,-33.75));
#6015=CARTESIAN_POINT('',(-16.6999999999426,1.5,-33.5));
#6016=CARTESIAN_POINT('',(-24.5999999999234,1.5,-33.5));
#6017=CARTESIAN_POINT('',(-16.6999999999426,1.,-34.));
#6018=CARTESIAN_POINT('',(-16.6999999999426,1.5,-33.5));
#6019=CARTESIAN_POINT('',(-24.5999999999234,1.,-34.));
#6020=CARTESIAN_POINT('Origin',(-16.6999999999426,1.25,-35.));
#6021=CARTESIAN_POINT('',(-15.1999999999426,1.5,-35.));
#6022=CARTESIAN_POINT('',(-15.6999999999426,1.,-35.));
#6023=CARTESIAN_POINT('',(-15.1999999999426,1.5,-35.));
#6024=CARTESIAN_POINT('Origin',(-16.6999999999426,1.,-35.));
#6025=CARTESIAN_POINT('Origin',(-16.6999999999426,1.5,-35.));
#6026=CARTESIAN_POINT('Origin',(-15.4499999999426,1.25,-20.85));
#6027=CARTESIAN_POINT('',(-15.1999999999426,1.5,-43.));
#6028=CARTESIAN_POINT('',(-15.1999999999426,1.5,-20.85));
#6029=CARTESIAN_POINT('',(-15.6999999999426,1.,-43.));
#6030=CARTESIAN_POINT('',(-15.1999999999426,1.5,-43.));
#6031=CARTESIAN_POINT('',(-15.6999999999426,1.,-20.85));
#6032=CARTESIAN_POINT('Origin',(-16.6999999999426,1.25,-43.));
#6033=CARTESIAN_POINT('',(-16.6999999999426,1.5,-44.5));
#6034=CARTESIAN_POINT('',(-16.6999999999426,1.,-44.));
#6035=CARTESIAN_POINT('',(-16.6999999999426,1.5,-44.5));
#6036=CARTESIAN_POINT('Origin',(-16.6999999999426,1.,-43.));
#6037=CARTESIAN_POINT('Origin',(-16.6999999999426,1.5,-43.));
#6038=CARTESIAN_POINT('Origin',(-14.9499999999234,1.25,-44.25));
#6039=CARTESIAN_POINT('',(-17.1999999999425,1.5,-44.5));
#6040=CARTESIAN_POINT('',(-14.9499999999234,1.5,-44.5));
#6041=CARTESIAN_POINT('',(-17.1999999999425,1.,-44.));
#6042=CARTESIAN_POINT('',(-17.1999999999425,1.5,-44.5));
#6043=CARTESIAN_POINT('',(-14.9499999999234,1.,-44.));
#6044=CARTESIAN_POINT('Origin',(-17.1999999999425,1.25,-45.));
#6045=CARTESIAN_POINT('',(-17.6999999999425,1.5,-45.));
#6046=CARTESIAN_POINT('',(-18.1999999999425,1.,-45.));
#6047=CARTESIAN_POINT('',(-17.6999999999425,1.5,-45.));
#6048=CARTESIAN_POINT('Origin',(-17.1999999999425,1.,-45.));
#6049=CARTESIAN_POINT('Origin',(-17.1999999999425,1.5,-45.));
#6050=CARTESIAN_POINT('Origin',(-17.9499999999425,1.25,-30.2));
#6051=CARTESIAN_POINT('',(-17.6999999999425,1.5,-47.7));
#6052=CARTESIAN_POINT('',(-18.1999999999425,1.,-48.2));
#6053=CARTESIAN_POINT('Origin',(-17.6999999999425,1.5,-48.2));
#6054=CARTESIAN_POINT('',(-18.1999999999425,1.,-30.2));
#6055=CARTESIAN_POINT('',(-17.6999999999425,1.5,-30.2));
#6056=CARTESIAN_POINT('Origin',(-14.1999999999043,1.5,-7.7));
#6057=CARTESIAN_POINT('',(-39.0342945401267,1.5,-16.8401098113157));
#6058=CARTESIAN_POINT('Origin',(-39.8411630184002,1.5,-16.249378689088));
#6059=CARTESIAN_POINT('',(-21.8557375136987,1.5,6.62375665060018));
#6060=CARTESIAN_POINT('',(-12.6999999999426,1.5,34.0999999999998));
#6061=CARTESIAN_POINT('Origin',(-13.6999999999321,1.5,34.1));
#6062=CARTESIAN_POINT('',(-12.6999999999426,1.5,13.7103941586388));
#6063=CARTESIAN_POINT('',(-12.6999999999426,1.5,-2.70000000126032));
#6064=CARTESIAN_POINT('',(-12.6999999999426,1.5,8.88960584136122));
#6065=CARTESIAN_POINT('Ctrl Pts',(-12.6999999999282,1.5,13.7103941586546));
#6066=CARTESIAN_POINT('Ctrl Pts',(-13.9911111110543,1.5,11.3000000000003));
#6067=CARTESIAN_POINT('Ctrl Pts',(-12.6999999999292,1.5,8.88960584134542));
#6068=CARTESIAN_POINT('',(-12.6999999999426,1.5,-44.2896058413612));
#6069=CARTESIAN_POINT('',(-12.6999999999426,1.5,-2.70000000126032));
#6070=CARTESIAN_POINT('',(-12.6999999999426,1.5,-49.1103941586388));
#6071=CARTESIAN_POINT('Ctrl Pts',(-12.6999999999268,1.5,-44.2896058413185));
#6072=CARTESIAN_POINT('Ctrl Pts',(-13.9911111110775,1.5,-46.6999999999997));
#6073=CARTESIAN_POINT('Ctrl Pts',(-12.6999999999279,1.5,-49.1103941586815));
#6074=CARTESIAN_POINT('',(-12.6999999999426,1.5,-50.5));
#6075=CARTESIAN_POINT('',(-12.6999999999426,1.5,-2.70000000126032));
#6076=CARTESIAN_POINT('',(-15.6999999999426,1.5,-50.5));
#6077=CARTESIAN_POINT('',(-15.1999999999234,1.5,-50.5));
#6078=CARTESIAN_POINT('',(-16.1999999999426,1.5,-50.));
#6079=CARTESIAN_POINT('Origin',(-15.6999999999426,1.5,-50.));
#6080=CARTESIAN_POINT('',(-16.1999999999426,1.5,-48.2));
#6081=CARTESIAN_POINT('',(-16.1999999999426,1.5,-27.7));
#6082=CARTESIAN_POINT('',(-16.6999999999426,1.5,-47.7));
#6083=CARTESIAN_POINT('Origin',(-16.6999999999426,1.5,-48.2));
#6084=CARTESIAN_POINT('',(-16.1999999999234,1.5,-47.7));
#6085=CARTESIAN_POINT('',(-16.6999999999426,1.5,-6.9));
#6086=CARTESIAN_POINT('',(-18.6999999999425,1.5,-6.9));
#6087=CARTESIAN_POINT('',(-16.9499999999234,1.5,-6.9));
#6088=CARTESIAN_POINT('',(-19.6999999999425,1.5,-7.9));
#6089=CARTESIAN_POINT('Origin',(-18.6999999999425,1.5,-7.9));
#6090=CARTESIAN_POINT('',(-19.6999999999425,1.5,-13.5));
#6091=CARTESIAN_POINT('',(-19.6999999999425,1.5,-11.1));
#6092=CARTESIAN_POINT('',(-18.6999999999425,1.5,-14.5));
#6093=CARTESIAN_POINT('Origin',(-18.6999999999425,1.5,-13.5));
#6094=CARTESIAN_POINT('',(-16.6999999999425,1.5,-14.5));
#6095=CARTESIAN_POINT('',(-14.9499999999234,1.5,-14.5));
#6096=CARTESIAN_POINT('',(-15.6999999999425,1.5,-13.5));
#6097=CARTESIAN_POINT('Origin',(-16.6999999999425,1.5,-13.5));
#6098=CARTESIAN_POINT('',(-15.6999999999425,1.5,-7.9));
#6099=CARTESIAN_POINT('',(-15.6999999999425,1.5,-7.3));
#6100=CARTESIAN_POINT('Origin',(-16.6999999999426,1.5,-7.9));
#6101=CARTESIAN_POINT('',(-22.6999999999425,1.5,3.8));
#6102=CARTESIAN_POINT('Origin',(-19.1999999999425,1.5,3.8));
#6103=CARTESIAN_POINT('Origin',(-16.4499999999426,3.25,-40.2));
#6104=CARTESIAN_POINT('',(-16.1999999999426,3.,-50.));
#6105=CARTESIAN_POINT('',(-16.6999999999426,3.5,-50.));
#6106=CARTESIAN_POINT('',(-16.1999999999426,3.,-50.));
#6107=CARTESIAN_POINT('',(-16.6999999999426,3.5,-48.2));
#6108=CARTESIAN_POINT('',(-16.6999999999426,3.5,-40.2));
#6109=CARTESIAN_POINT('',(-16.1999999999426,3.,-48.2));
#6110=CARTESIAN_POINT('',(-16.6999999999426,3.5,-48.2));
#6111=CARTESIAN_POINT('',(-16.1999999999426,3.,-40.2));
#6112=CARTESIAN_POINT('Origin',(-15.6999999999426,3.25,-50.));
#6113=CARTESIAN_POINT('',(-15.6999999999426,3.,-50.5));
#6114=CARTESIAN_POINT('Origin',(-15.6999999999426,3.,-50.));
#6115=CARTESIAN_POINT('',(-15.6999999999426,3.5,-51.));
#6116=CARTESIAN_POINT('',(-15.6999999999426,3.,-50.5));
#6117=CARTESIAN_POINT('Origin',(-15.6999999999426,3.5,-50.));
#6118=CARTESIAN_POINT('Origin',(-15.2000000000174,3.25,-50.75));
#6119=CARTESIAN_POINT('',(-12.6999999999511,3.5,-51.));
#6120=CARTESIAN_POINT('',(-12.6999999999511,3.15691785736083,-50.6569178573608));
#6121=CARTESIAN_POINT('',(-12.6999999999488,-7.07499999999986,-40.4250000000002));
#6122=CARTESIAN_POINT('',(-15.2000000000174,3.5,-51.));
#6123=CARTESIAN_POINT('',(-12.7581535370485,3.,-50.5));
#6124=CARTESIAN_POINT('',(-15.2000000000174,3.,-50.5));
#6125=CARTESIAN_POINT('Ctrl Pts',(-12.6999999999511,3.15691785736084,-50.6569178573608));
#6126=CARTESIAN_POINT('Ctrl Pts',(-12.7318304742428,3.07794866894395,-50.5779486689439));
#6127=CARTESIAN_POINT('Ctrl Pts',(-12.7581535370484,2.99999999999999,-50.5));
#6128=CARTESIAN_POINT('Origin',(-16.2000000000174,3.25,-47.95));
#6129=CARTESIAN_POINT('',(-16.6999999999426,3.,-47.7));
#6130=CARTESIAN_POINT('',(-16.6999999999426,3.,-47.7));
#6131=CARTESIAN_POINT('',(-17.6999999999425,3.5,-48.2));
#6132=CARTESIAN_POINT('',(-16.2000000000174,3.5,-48.2));
#6133=CARTESIAN_POINT('',(-17.6999999999425,3.,-47.7));
#6134=CARTESIAN_POINT('',(-17.6999999999425,3.5,-48.2));
#6135=CARTESIAN_POINT('',(-16.2000000000174,3.,-47.7));
#6136=CARTESIAN_POINT('Origin',(-12.200000000167,3.25,-52.45));
#6137=CARTESIAN_POINT('',(-12.4860056979315,3.,-52.7));
#6138=CARTESIAN_POINT('',(-12.4358611661322,3.5,-52.2));
#6139=CARTESIAN_POINT('Origin',(-11.6999999999527,-2.24686614150068,-57.9468661415007));
#6140=CARTESIAN_POINT('',(-17.1999999999425,3.,-52.7));
#6141=CARTESIAN_POINT('',(-12.200000000167,3.,-52.7));
#6142=CARTESIAN_POINT('',(-17.1999999999425,3.5,-52.2));
#6143=CARTESIAN_POINT('',(-17.1999999999425,3.,-52.7));
#6144=CARTESIAN_POINT('',(-12.200000000167,3.5,-52.2));
#6145=CARTESIAN_POINT('Origin',(-17.1999999999425,3.25,-51.7));
#6146=CARTESIAN_POINT('',(-18.1999999999425,3.,-51.7));
#6147=CARTESIAN_POINT('Origin',(-17.1999999999425,3.,-51.7));
#6148=CARTESIAN_POINT('',(-17.6999999999425,3.5,-51.7));
#6149=CARTESIAN_POINT('',(-18.1999999999425,3.,-51.7));
#6150=CARTESIAN_POINT('Origin',(-17.1999999999425,3.5,-51.7));
#6151=CARTESIAN_POINT('Origin',(-17.9499999999425,3.25,-42.7));
#6152=CARTESIAN_POINT('',(-18.1999999999425,3.,-48.2));
#6153=CARTESIAN_POINT('',(-18.1999999999425,3.,-48.2));
#6154=CARTESIAN_POINT('',(-17.6999999999425,3.5,-42.7));
#6155=CARTESIAN_POINT('',(-18.1999999999425,3.,-42.7));
#6156=CARTESIAN_POINT('Origin',(-17.6999999999425,3.,-48.2));
#6157=CARTESIAN_POINT('Origin',(-17.6999999999425,3.,-48.2));
#6158=CARTESIAN_POINT('Origin',(-16.6999999999426,3.,-48.2));
#6159=CARTESIAN_POINT('Origin',(-16.6999999999426,3.,-48.2));
#6160=CARTESIAN_POINT('Origin',(-16.1999999999426,1.5,-50.5));
#6161=CARTESIAN_POINT('',(-15.6999999999426,1.5,-50.5));
#6162=CARTESIAN_POINT('',(-12.6999999999426,2.88960584136121,-50.5));
#6163=CARTESIAN_POINT('',(-12.6999999999426,1.5,-50.5));
#6164=CARTESIAN_POINT('Ctrl Pts',(-12.6999999999426,2.88960584134542,-50.5));
#6165=CARTESIAN_POINT('Ctrl Pts',(-12.7297582200457,2.94516189635133,-50.5));
#6166=CARTESIAN_POINT('Ctrl Pts',(-12.7581535370487,3.00000000000038,-50.5));
#6167=CARTESIAN_POINT('Origin',(-15.6999999999426,1.5,-50.));
#6168=CARTESIAN_POINT('',(-16.1999999999426,1.5,-50.));
#6169=CARTESIAN_POINT('Origin',(-16.1999999999426,1.5,-47.7));
#6170=CARTESIAN_POINT('',(-16.1999999999426,1.5,-48.2));
#6171=CARTESIAN_POINT('Origin',(-16.6999999999426,1.5,-48.2));
#6172=CARTESIAN_POINT('',(-16.6999999999426,1.5,-47.7));
#6173=CARTESIAN_POINT('Origin',(-18.1999999999425,1.5,-47.7));
#6174=CARTESIAN_POINT('',(-17.6999999999425,0.75,-47.7));
#6175=CARTESIAN_POINT('Origin',(-17.6999999999425,0.75,-48.2));
#6176=CARTESIAN_POINT('',(-18.1999999999425,0.75,-48.2));
#6177=CARTESIAN_POINT('Origin',(-18.1999999999425,0.,-52.7));
#6178=CARTESIAN_POINT('',(-18.1999999999425,0.5,-51.7));
#6179=CARTESIAN_POINT('',(-18.1999999999425,0.,-51.7));
#6180=CARTESIAN_POINT('',(-18.1999999999425,0.5,-45.));
#6181=CARTESIAN_POINT('',(-18.1999999999426,0.5,-28.2750000006302));
#6182=CARTESIAN_POINT('',(-18.1999999999425,0.,-45.));
#6183=CARTESIAN_POINT('Origin',(-17.1999999999425,0.,-51.7));
#6184=CARTESIAN_POINT('',(-17.1999999999425,0.5,-52.7));
#6185=CARTESIAN_POINT('',(-17.1999999999425,0.,-52.7));
#6186=CARTESIAN_POINT('Origin',(-17.1999999999425,0.5,-51.7));
#6187=CARTESIAN_POINT('Origin',(-10.2000000002418,0.,-52.7));
#6188=CARTESIAN_POINT('',(-11.6999999999514,3.5,-52.7));
#6189=CARTESIAN_POINT('Origin',(-11.6999999999515,2.19034779314761,-52.7));
#6190=CARTESIAN_POINT('',(-7.20000000024182,3.5,-52.7));
#6191=CARTESIAN_POINT('',(-10.2000000002418,3.5,-52.7));
#6192=CARTESIAN_POINT('',(-7.20000000024182,0.5,-52.7));
#6193=CARTESIAN_POINT('',(-7.20000000024182,15.025,-52.7));
#6194=CARTESIAN_POINT('',(-5.77500000010655,0.5,-52.7));
#6195=CARTESIAN_POINT('Origin',(-9.77499999995692,0.25,37.05));
#6196=CARTESIAN_POINT('',(-17.1999999999426,0.,36.8));
#6197=CARTESIAN_POINT('',(-17.1999999999426,0.5,37.3));
#6198=CARTESIAN_POINT('',(-7.20000000024183,0.,36.8));
#6199=CARTESIAN_POINT('',(-9.77499999995692,0.,36.8));
#6200=CARTESIAN_POINT('',(-7.20000000024183,0.,36.8));
#6201=CARTESIAN_POINT('Origin',(-17.1999999999426,0.25,36.3));
#6202=CARTESIAN_POINT('',(-17.4439554428358,0.,36.7364467228457));
#6203=CARTESIAN_POINT('',(-17.687910885729,0.5,37.1728934456915));
#6204=CARTESIAN_POINT('Origin',(-17.1999999999426,0.,36.3));
#6205=CARTESIAN_POINT('Origin',(-40.3130520948567,0.25,24.2399830840538));
#6206=CARTESIAN_POINT('',(-57.1724902468645,0.,14.529859306124));
#6207=CARTESIAN_POINT('',(-57.4164456897577,0.5,14.9663060289697));
#6208=CARTESIAN_POINT('',(-40.1910743734101,0.,24.0217597226309));
#6209=CARTESIAN_POINT('Origin',(-56.9285348039713,0.25,14.0934125832783));
#6210=CARTESIAN_POINT('',(-57.3983811143642,0.,13.9224025116154));
#6211=CARTESIAN_POINT('',(-57.8682274247572,0.5,13.7513924399526));
#6212=CARTESIAN_POINT('Origin',(-56.9285348039713,0.,14.0934125832783));
#6213=CARTESIAN_POINT('Origin',(-46.6853669316583,0.25,-16.242313149707));
#6214=CARTESIAN_POINT('',(-47.8980463388284,0.,-12.1795527614286));
#6215=CARTESIAN_POINT('',(-48.3678926492214,0.5,-12.3505628330914));
#6216=CARTESIAN_POINT('',(-46.4504437764618,0.,-16.1568081138756));
#6217=CARTESIAN_POINT('Origin',(-47.4282000284355,0.25,-12.0085426897658));
#6218=CARTESIAN_POINT('',(-47.9161109142219,0.5,-12.8814361354572));
#6219=CARTESIAN_POINT('Origin',(-47.4282000284355,0.5,-12.0085426897658));
#6220=CARTESIAN_POINT('',(-47.6721554713287,0.,-12.4449894126115));
#6221=CARTESIAN_POINT('',(-47.9161109142219,0.5,-12.8814361354572));
#6222=CARTESIAN_POINT('Origin',(-47.4282000284355,0.,-12.0085426897658));
#6223=CARTESIAN_POINT('Origin',(-17.1189355655595,0.25,-29.8093637960676));
#6224=CARTESIAN_POINT('',(-34.6924776070621,0.5,-20.272893445691));
#6225=CARTESIAN_POINT('',(-34.4485221641689,0.,-19.8364467228453));
#6226=CARTESIAN_POINT('',(-34.6924776070621,0.5,-20.272893445691));
#6227=CARTESIAN_POINT('',(-16.9969578441129,0.,-29.5911404346448));
#6228=CARTESIAN_POINT('',(-17.2409132870061,0.5,-30.0275871574905));
#6229=CARTESIAN_POINT('Origin',(-34.2045667212757,0.25,-19.3999999999996));
#6230=CARTESIAN_POINT('',(-34.2045667212757,0.5,-20.3999999999996));
#6231=CARTESIAN_POINT('Origin',(-34.2045667212757,0.5,-19.3999999999996));
#6232=CARTESIAN_POINT('',(-34.2045667212757,0.,-19.8999999999996));
#6233=CARTESIAN_POINT('',(-34.2045667212757,0.5,-20.3999999999996));
#6234=CARTESIAN_POINT('Origin',(-34.2045667212757,0.,-19.3999999999996));
#6235=CARTESIAN_POINT('Origin',(-18.1749999999571,0.25,-20.15));
#6236=CARTESIAN_POINT('',(-16.6999999999425,0.5,-20.4000000000001));
#6237=CARTESIAN_POINT('',(-16.6999999999425,0.,-19.9000000000001));
#6238=CARTESIAN_POINT('',(-16.6999999999425,0.5,-20.4000000000001));
#6239=CARTESIAN_POINT('',(-18.1749999999571,0.,-19.9));
#6240=CARTESIAN_POINT('',(-18.1749999999571,0.5,-20.4));
#6241=CARTESIAN_POINT('Origin',(-16.6999999999426,0.25,-21.4000000000001));
#6242=CARTESIAN_POINT('',(-15.6999999999426,0.5,-21.4000000000001));
#6243=CARTESIAN_POINT('Origin',(-16.6999999999426,0.5,-21.4000000000001));
#6244=CARTESIAN_POINT('',(-15.1999999999426,0.,-21.4000000000001));
#6245=CARTESIAN_POINT('',(-15.6999999999426,0.5,-21.4000000000001));
#6246=CARTESIAN_POINT('Origin',(-16.6999999999426,0.,-21.4000000000001));
#6247=CARTESIAN_POINT('Origin',(-15.4499999999426,0.25,-12.1250000006302));
#6248=CARTESIAN_POINT('',(-15.6999999999426,0.5,-27.));
#6249=CARTESIAN_POINT('',(-15.1999999999426,0.,-27.));
#6250=CARTESIAN_POINT('',(-15.6999999999426,0.5,-27.));
#6251=CARTESIAN_POINT('',(-15.1999999999426,0.,-12.1250000006302));
#6252=CARTESIAN_POINT('',(-15.6999999999426,0.5,-12.1250000006302));
#6253=CARTESIAN_POINT('Origin',(-16.6999999999426,0.25,-27.));
#6254=CARTESIAN_POINT('',(-16.6999999999426,0.5,-28.));
#6255=CARTESIAN_POINT('Origin',(-16.6999999999426,0.5,-27.));
#6256=CARTESIAN_POINT('',(-16.6999999999426,0.,-28.5));
#6257=CARTESIAN_POINT('',(-16.6999999999426,0.5,-28.));
#6258=CARTESIAN_POINT('Origin',(-16.6999999999426,0.,-27.));
#6259=CARTESIAN_POINT('Origin',(-8.52499999995692,0.25,-28.25));
#6260=CARTESIAN_POINT('',(-17.3291212087798,0.5,-28.));
#6261=CARTESIAN_POINT('',(-17.3291212087798,0.,-28.5));
#6262=CARTESIAN_POINT('',(-17.3291212087798,0.5,-28.));
#6263=CARTESIAN_POINT('',(-8.52499999995692,0.,-28.5));
#6264=CARTESIAN_POINT('',(-8.52499999995692,0.5,-28.));
#6265=CARTESIAN_POINT('Origin',(-17.3291212087798,0.25,-29.));
#6266=CARTESIAN_POINT('',(-18.2645606043612,0.5,-29.3534871103652));
#6267=CARTESIAN_POINT('Origin',(-17.3291212087798,0.5,-29.));
#6268=CARTESIAN_POINT('',(-17.7968409065705,0.,-29.1767435551826));
#6269=CARTESIAN_POINT('',(-18.2645606043612,0.5,-29.3534871103652));
#6270=CARTESIAN_POINT('Origin',(-17.3291212087798,0.,-29.));
#6271=CARTESIAN_POINT('Origin',(-19.1999999999426,0.25,-29.7069742207304));
#6272=CARTESIAN_POINT('',(-18.1999999999425,0.5,-29.7069742207304));
#6273=CARTESIAN_POINT('Origin',(-19.1999999999426,0.5,-29.7069742207304));
#6274=CARTESIAN_POINT('',(-17.6999999999426,0.,-29.7069742207304));
#6275=CARTESIAN_POINT('',(-18.1999999999425,0.5,-29.7069742207304));
#6276=CARTESIAN_POINT('Origin',(-19.1999999999426,0.,-29.7069742207304));
#6277=CARTESIAN_POINT('Origin',(-17.9499999999425,0.25,-28.2750000006302));
#6278=CARTESIAN_POINT('',(-18.1999999999425,0.5,-33.));
#6279=CARTESIAN_POINT('',(-17.6999999999425,0.,-33.));
#6280=CARTESIAN_POINT('',(-18.1999999999425,0.5,-33.));
#6281=CARTESIAN_POINT('',(-17.6999999999425,0.,-28.2750000006302));
#6282=CARTESIAN_POINT('',(-18.1999999999426,0.5,-28.2750000006302));
#6283=CARTESIAN_POINT('Origin',(-17.1999999999425,0.25,-33.));
#6284=CARTESIAN_POINT('',(-17.1999999999425,0.5,-34.));
#6285=CARTESIAN_POINT('Origin',(-17.1999999999425,0.5,-33.));
#6286=CARTESIAN_POINT('',(-17.1999999999425,0.,-33.5));
#6287=CARTESIAN_POINT('',(-17.1999999999425,0.5,-34.));
#6288=CARTESIAN_POINT('Origin',(-17.1999999999425,0.,-33.));
#6289=CARTESIAN_POINT('Origin',(-18.1749999999569,0.25,-33.75));
#6290=CARTESIAN_POINT('',(-16.6999999999426,0.5,-34.));
#6291=CARTESIAN_POINT('',(-16.6999999999426,0.,-33.5));
#6292=CARTESIAN_POINT('',(-16.6999999999426,0.5,-34.));
#6293=CARTESIAN_POINT('',(-18.1749999999569,0.,-33.5));
#6294=CARTESIAN_POINT('',(-18.1749999999569,0.5,-34.));
#6295=CARTESIAN_POINT('Origin',(-16.6999999999426,0.25,-35.));
#6296=CARTESIAN_POINT('',(-15.6999999999426,0.5,-35.));
#6297=CARTESIAN_POINT('Origin',(-16.6999999999426,0.5,-35.));
#6298=CARTESIAN_POINT('',(-15.1999999999426,0.,-35.));
#6299=CARTESIAN_POINT('',(-15.6999999999426,0.5,-35.));
#6300=CARTESIAN_POINT('Origin',(-16.6999999999426,0.,-35.));
#6301=CARTESIAN_POINT('Origin',(-15.4499999999426,0.25,-18.9250000006302));
#6302=CARTESIAN_POINT('',(-15.6999999999426,0.5,-43.));
#6303=CARTESIAN_POINT('',(-15.1999999999426,0.,-43.));
#6304=CARTESIAN_POINT('',(-15.6999999999426,0.5,-43.));
#6305=CARTESIAN_POINT('',(-15.1999999999426,0.,-18.9250000006302));
#6306=CARTESIAN_POINT('',(-15.6999999999426,0.5,-18.9250000006302));
#6307=CARTESIAN_POINT('Origin',(-16.6999999999426,0.25,-43.));
#6308=CARTESIAN_POINT('',(-16.6999999999426,0.5,-44.));
#6309=CARTESIAN_POINT('Origin',(-16.6999999999426,0.5,-43.));
#6310=CARTESIAN_POINT('',(-16.6999999999426,0.,-44.5));
#6311=CARTESIAN_POINT('',(-16.6999999999426,0.5,-44.));
#6312=CARTESIAN_POINT('Origin',(-16.6999999999426,0.,-43.));
#6313=CARTESIAN_POINT('Origin',(-8.52499999995692,0.25,-44.25));
#6314=CARTESIAN_POINT('',(-17.1999999999425,0.5,-44.));
#6315=CARTESIAN_POINT('',(-17.1999999999425,0.,-44.5));
#6316=CARTESIAN_POINT('',(-17.1999999999425,0.5,-44.));
#6317=CARTESIAN_POINT('',(-8.52499999995692,0.,-44.5));
#6318=CARTESIAN_POINT('',(-8.52499999995692,0.5,-44.));
#6319=CARTESIAN_POINT('Origin',(-17.1999999999425,0.25,-45.));
#6320=CARTESIAN_POINT('Origin',(-17.1999999999425,0.5,-45.));
#6321=CARTESIAN_POINT('',(-17.6999999999425,0.,-45.));
#6322=CARTESIAN_POINT('',(-18.1999999999425,0.5,-45.));
#6323=CARTESIAN_POINT('Origin',(-17.1999999999425,0.,-45.));
#6324=CARTESIAN_POINT('Origin',(-17.9499999999425,0.25,-28.2750000006302));
#6325=CARTESIAN_POINT('',(-17.6999999999425,0.,-51.7));
#6326=CARTESIAN_POINT('',(-18.1999999999425,0.5,-51.7));
#6327=CARTESIAN_POINT('',(-17.6999999999425,0.,-28.2750000006302));
#6328=CARTESIAN_POINT('Origin',(-17.1999999999425,0.25,-51.7));
#6329=CARTESIAN_POINT('',(-17.1999999999425,0.,-52.2));
#6330=CARTESIAN_POINT('',(-17.1999999999425,0.5,-52.7));
#6331=CARTESIAN_POINT('Origin',(-17.1999999999425,0.,-51.7));
#6332=CARTESIAN_POINT('Origin',(-5.77500000010655,0.25,-52.45));
#6333=CARTESIAN_POINT('',(-7.20000000024182,0.,-52.2));
#6334=CARTESIAN_POINT('',(-7.20000000024182,0.5,-52.7));
#6335=CARTESIAN_POINT('',(-5.77500000010655,0.,-52.2));
#6336=CARTESIAN_POINT('Origin',(-7.20000000024182,0.25,-51.7));
#6337=CARTESIAN_POINT('',(-6.20000000024182,0.5,-51.7));
#6338=CARTESIAN_POINT('Origin',(-7.20000000024182,0.5,-51.7));
#6339=CARTESIAN_POINT('',(-6.70000000024182,0.,-51.7));
#6340=CARTESIAN_POINT('',(-6.20000000024182,0.5,-51.7));
#6341=CARTESIAN_POINT('Origin',(-7.20000000024182,0.,-51.7));
#6342=CARTESIAN_POINT('Origin',(-6.45000000024183,0.25,-5.77500000063016));
#6343=CARTESIAN_POINT('',(-6.20000000024184,0.5,36.3));
#6344=CARTESIAN_POINT('',(-6.20000000024183,0.5,-5.77500000063016));
#6345=CARTESIAN_POINT('',(-6.70000000024184,0.,36.3));
#6346=CARTESIAN_POINT('',(-6.20000000024184,0.5,36.3));
#6347=CARTESIAN_POINT('',(-6.70000000024183,0.,-5.77500000063016));
#6348=CARTESIAN_POINT('Origin',(-7.20000000024183,0.25,36.3));
#6349=CARTESIAN_POINT('Origin',(-7.20000000024183,0.5,36.3));
#6350=CARTESIAN_POINT('Origin',(-7.20000000024183,0.,36.3));
#6351=CARTESIAN_POINT('Origin',(-19.1999999999426,0.,-29.7069742207304));
#6352=CARTESIAN_POINT('',(-18.1999999999425,0.,-29.7069742207304));
#6353=CARTESIAN_POINT('',(-18.2645606043612,0.,-29.3534871103652));
#6354=CARTESIAN_POINT('Origin',(-17.3291212087798,0.,-29.));
#6355=CARTESIAN_POINT('',(-17.3291212087798,0.,-28.));
#6356=CARTESIAN_POINT('Origin',(-15.6999999999426,0.,-28.));
#6357=CARTESIAN_POINT('',(-16.6999999999426,0.,-28.));
#6358=CARTESIAN_POINT('Origin',(-16.6999999999426,0.,-27.));
#6359=CARTESIAN_POINT('',(-15.6999999999426,0.,-27.));
#6360=CARTESIAN_POINT('Origin',(-15.6999999999426,0.,-20.4));
#6361=CARTESIAN_POINT('',(-15.6999999999426,0.,-21.4000000000001));
#6362=CARTESIAN_POINT('Origin',(-16.6999999999426,0.,-21.4000000000001));
#6363=CARTESIAN_POINT('',(-16.6999999999425,0.,-20.4000000000001));
#6364=CARTESIAN_POINT('Origin',(-34.9999999999425,0.,-20.3999999999996));
#6365=CARTESIAN_POINT('',(-34.2045667212757,0.,-20.3999999999996));
#6366=CARTESIAN_POINT('Origin',(-34.2045667212757,0.,-19.3999999999996));
#6367=CARTESIAN_POINT('',(-34.6924776070621,0.,-20.272893445691));
#6368=CARTESIAN_POINT('Origin',(-18.1999999999425,0.,-29.491497844454));
#6369=CARTESIAN_POINT('',(-47.9161109142219,27.1,-12.8814361354572));
#6370=CARTESIAN_POINT('',(-47.9161109142219,0.,-12.8814361354572));
#6371=CARTESIAN_POINT('',(-41.9042288859274,27.1,-16.2418264558876));
#6372=CARTESIAN_POINT('',(-46.102790984094,27.1,-13.8950060479018));
#6373=CARTESIAN_POINT('',(-41.9042288859274,13.0857864376269,-16.2418264558876));
#6374=CARTESIAN_POINT('',(-41.9042288859274,0.75,-16.2418264558876));
#6375=CARTESIAN_POINT('',(-40.3290739041867,11.906755081976,-17.1222721347794));
#6376=CARTESIAN_POINT('',(-35.6558568062077,8.40876945252893,-19.7344048126014));
#6377=CARTESIAN_POINT('',(-40.3290739041867,0.75,-17.1222721347794));
#6378=CARTESIAN_POINT('Origin',(-47.4282000284355,0.,-12.0085426897658));
#6379=CARTESIAN_POINT('Origin',(-47.4282000284355,27.1,-12.0085426897658));
#6380=CARTESIAN_POINT('Origin',(-1.34999999997128,0.,-3.85000000126032));
#6381=CARTESIAN_POINT('',(-18.6999999999425,0.,-6.9));
#6382=CARTESIAN_POINT('',(-16.6999999999426,0.,-6.9));
#6383=CARTESIAN_POINT('',(-10.5249999999569,0.,-6.9));
#6384=CARTESIAN_POINT('',(-15.6999999999425,0.,-7.9));
#6385=CARTESIAN_POINT('Origin',(-16.6999999999426,0.,-7.9));
#6386=CARTESIAN_POINT('',(-15.6999999999425,0.,-13.5));
#6387=CARTESIAN_POINT('',(-15.6999999999425,0.,-5.37500000063016));
#6388=CARTESIAN_POINT('',(-16.6999999999425,0.,-14.5));
#6389=CARTESIAN_POINT('Origin',(-16.6999999999425,0.,-13.5));
#6390=CARTESIAN_POINT('',(-18.6999999999425,0.,-14.5));
#6391=CARTESIAN_POINT('',(-8.52499999995691,0.,-14.5));
#6392=CARTESIAN_POINT('',(-19.6999999999425,0.,-13.5));
#6393=CARTESIAN_POINT('Origin',(-18.6999999999425,0.,-13.5));
#6394=CARTESIAN_POINT('',(-19.6999999999425,0.,-7.9));
#6395=CARTESIAN_POINT('',(-19.6999999999425,0.,-9.17500000063016));
#6396=CARTESIAN_POINT('Origin',(-18.6999999999425,0.,-7.9));
#6397=CARTESIAN_POINT('',(-22.6999999999425,0.,3.8));
#6398=CARTESIAN_POINT('Origin',(-19.1999999999425,0.,3.8));
#6399=CARTESIAN_POINT('Ctrl Pts',(-6.20000000024182,18.3624515496597,37.3));
#6400=CARTESIAN_POINT('Ctrl Pts',(-6.19814959753407,18.3596514763199,37.3));
#6401=CARTESIAN_POINT('Ctrl Pts',(-6.19630150199633,18.3568500050638,37.2999866143748));
#6402=CARTESIAN_POINT('Ctrl Pts',(-6.08743601510714,18.1918308933163,37.2977282312535));
#6403=CARTESIAN_POINT('Ctrl Pts',(-5.93708903566066,17.9445682800044,37.2092752014231));
#6404=CARTESIAN_POINT('Ctrl Pts',(-5.75380878398016,17.6051517884351,36.8604009443933));
#6405=CARTESIAN_POINT('Ctrl Pts',(-5.70000000024183,17.4916198487096,36.5270444279071));
#6406=CARTESIAN_POINT('Ctrl Pts',(-5.70000000024183,17.4916198487096,36.3));
#6407=CARTESIAN_POINT('Ctrl Pts',(-6.20000000024182,18.3624515496597,37.3));
#6408=CARTESIAN_POINT('Ctrl Pts',(-6.19766469802532,18.3604546203577,37.3000128216817));
#6409=CARTESIAN_POINT('Ctrl Pts',(-6.19530277992588,18.3584317244003,37.2999817267667));
#6410=CARTESIAN_POINT('Ctrl Pts',(-6.05797150096475,18.2408738964216,37.2979306008879));
#6411=CARTESIAN_POINT('Ctrl Pts',(-5.85917398176649,18.0619071321606,37.2399460829736));
#6412=CARTESIAN_POINT('Ctrl Pts',(-5.54721173424815,17.7559231805473,36.9524342796679));
#6413=CARTESIAN_POINT('Ctrl Pts',(-5.40589510144436,17.6100703470301,36.5835697361888));
#6414=CARTESIAN_POINT('Ctrl Pts',(-5.4067141814134,17.6102598039395,36.3));
#6415=CARTESIAN_POINT('Ctrl Pts',(-6.20000000024182,18.3624515496597,37.3));
#6416=CARTESIAN_POINT('Ctrl Pts',(-6.19717261764236,18.3612458866991,37.3000128216817));
#6417=CARTESIAN_POINT('Ctrl Pts',(-6.19431290372488,18.3600296759139,37.2999817267666));
#6418=CARTESIAN_POINT('Ctrl Pts',(-6.02799396357202,18.2889722554398,37.2979306008886));
#6419=CARTESIAN_POINT('Ctrl Pts',(-5.78315550405052,18.1811912152902,37.2399460829738));
#6420=CARTESIAN_POINT('Ctrl Pts',(-5.38394120572303,18.0019503031901,36.9524342796682));
#6421=CARTESIAN_POINT('Ctrl Pts',(-5.19957889533334,17.9163116558247,36.5835697361889));
#6422=CARTESIAN_POINT('Ctrl Pts',(-5.20000000024182,17.9168664834727,36.3));
#6423=CARTESIAN_POINT('Ctrl Pts',(-6.20000000024182,18.3624515496597,37.3));
#6424=CARTESIAN_POINT('Ctrl Pts',(-6.19666927537652,18.3620384240984,37.3));
#6425=CARTESIAN_POINT('Ctrl Pts',(-6.19333848080802,18.3616250669995,37.2999866143748));
#6426=CARTESIAN_POINT('Ctrl Pts',(-5.99714397132902,18.3372771093656,37.2977282312542));
#6427=CARTESIAN_POINT('Ctrl Pts',(-5.70958954921211,18.3007059750006,37.2092752014233));
#6428=CARTESIAN_POINT('Ctrl Pts',(-5.3253435329915,18.2502333415996,36.8604009443936));
#6429=CARTESIAN_POINT('Ctrl Pts',(-5.20000000024182,18.2332396974191,36.5270444279071));
#6430=CARTESIAN_POINT('Ctrl Pts',(-5.20000000024182,18.2332396974191,36.3));
#6431=CARTESIAN_POINT('',(-5.70000000024183,17.4916198487096,36.3));
#6432=CARTESIAN_POINT('',(-5.20000000024182,18.2332396974191,36.3));
#6433=CARTESIAN_POINT('Origin',(-6.00000000024182,18.2332396974191,36.3));
#6434=CARTESIAN_POINT('Ctrl Pts',(-5.20000000024182,18.2332396974191,36.3));
#6435=CARTESIAN_POINT('Ctrl Pts',(-5.20000000024182,18.2332396974191,36.5270444279071));
#6436=CARTESIAN_POINT('Ctrl Pts',(-5.3253435329915,18.2502333415996,36.8604009443936));
#6437=CARTESIAN_POINT('Ctrl Pts',(-5.70958954921211,18.3007059750006,37.2092752014233));
#6438=CARTESIAN_POINT('Ctrl Pts',(-5.99714397132902,18.3372771093656,37.2977282312542));
#6439=CARTESIAN_POINT('Ctrl Pts',(-6.19333848080802,18.3616250669995,37.2999866143748));
#6440=CARTESIAN_POINT('Ctrl Pts',(-6.19666927537652,18.3620384240984,37.3));
#6441=CARTESIAN_POINT('Ctrl Pts',(-6.20000000024182,18.3624515496597,37.3));
#6442=CARTESIAN_POINT('Ctrl Pts',(-6.20000000024182,18.3624515496597,37.3));
#6443=CARTESIAN_POINT('Ctrl Pts',(-6.19814959753407,18.3596514763199,37.3));
#6444=CARTESIAN_POINT('Ctrl Pts',(-6.19630150199633,18.3568500050638,37.2999866143748));
#6445=CARTESIAN_POINT('Ctrl Pts',(-6.08743601510714,18.1918308933163,37.2977282312535));
#6446=CARTESIAN_POINT('Ctrl Pts',(-5.93708903566066,17.9445682800044,37.2092752014231));
#6447=CARTESIAN_POINT('Ctrl Pts',(-5.75380878398016,17.6051517884351,36.8604009443933));
#6448=CARTESIAN_POINT('Ctrl Pts',(-5.70000000024183,17.4916198487096,36.5270444279071));
#6449=CARTESIAN_POINT('Ctrl Pts',(-5.70000000024183,17.4916198487096,36.3));
#6450=CARTESIAN_POINT('Ctrl Pts',(-6.20000000024183,21.7375484503403,37.3));
#6451=CARTESIAN_POINT('Ctrl Pts',(-6.19666927535384,21.7379615759129,37.3));
#6452=CARTESIAN_POINT('Ctrl Pts',(-6.19333848021371,21.7383749330752,37.2999866159041));
#6453=CARTESIAN_POINT('Ctrl Pts',(-5.99714402380305,21.7627228839762,37.2977280961338));
#6454=CARTESIAN_POINT('Ctrl Pts',(-5.70958967826039,21.7992940083583,37.2092748745656));
#6455=CARTESIAN_POINT('Ctrl Pts',(-5.32534367698592,21.8497666389456,36.8604005605346));
#6456=CARTESIAN_POINT('Ctrl Pts',(-5.20000000024181,21.8667603025809,36.5270444279073));
#6457=CARTESIAN_POINT('Ctrl Pts',(-5.20000000024182,21.8667603025809,36.3));
#6458=CARTESIAN_POINT('Ctrl Pts',(-6.20000000024183,21.7375484503403,37.3));
#6459=CARTESIAN_POINT('Ctrl Pts',(-6.19717261761903,21.7387541133129,37.3000128216817));
#6460=CARTESIAN_POINT('Ctrl Pts',(-6.1943129031309,21.7399703241604,37.299981728296));
#6461=CARTESIAN_POINT('Ctrl Pts',(-6.02799401604584,21.8110277379018,37.2979304657682));
#6462=CARTESIAN_POINT('Ctrl Pts',(-5.78315563309879,21.9188087680685,37.239945756116));
#6463=CARTESIAN_POINT('Ctrl Pts',(-5.3839413497175,22.0980496773551,36.9524338958092));
#6464=CARTESIAN_POINT('Ctrl Pts',(-5.19957889533335,22.1836883441753,36.583569736189));
#6465=CARTESIAN_POINT('Ctrl Pts',(-5.20000000024182,22.1831335165273,36.3));
#6466=CARTESIAN_POINT('Ctrl Pts',(-6.20000000024183,21.7375484503403,37.3));
#6467=CARTESIAN_POINT('Ctrl Pts',(-6.19766469800084,21.7395453796554,37.3000128216817));
#6468=CARTESIAN_POINT('Ctrl Pts',(-6.19530277963401,21.7415682761159,37.299981728296));
#6469=CARTESIAN_POINT('Ctrl Pts',(-6.05797152680627,21.8591260578173,37.2979304657675));
#6470=CARTESIAN_POINT('Ctrl Pts',(-5.85917404609064,22.0380927556427,37.2399457561159));
#6471=CARTESIAN_POINT('Ctrl Pts',(-5.54721179621168,22.344076689114,36.9524338958089));
#6472=CARTESIAN_POINT('Ctrl Pts',(-5.40589510144436,22.4899296529699,36.5835697361891));
#6473=CARTESIAN_POINT('Ctrl Pts',(-5.4067141814134,22.4897401960605,36.3));
#6474=CARTESIAN_POINT('Ctrl Pts',(-6.20000000024183,21.7375484503403,37.3));
#6475=CARTESIAN_POINT('Ctrl Pts',(-6.19814959750895,21.7403485236939,37.3));
#6476=CARTESIAN_POINT('Ctrl Pts',(-6.19630150170478,21.7431499954519,37.2999866159041));
#6477=CARTESIAN_POINT('Ctrl Pts',(-6.08743604094845,21.9081690609225,37.2977280961331));
#6478=CARTESIAN_POINT('Ctrl Pts',(-5.93708909998469,22.1554316077987,37.2092748745655));
#6479=CARTESIAN_POINT('Ctrl Pts',(-5.75380884594357,22.4948480812263,36.8604005605343));
#6480=CARTESIAN_POINT('Ctrl Pts',(-5.70000000024183,22.6083801512904,36.5270444279073));
#6481=CARTESIAN_POINT('Ctrl Pts',(-5.70000000024183,22.6083801512904,36.3));
#6482=CARTESIAN_POINT('',(-5.20000000024182,21.8667603025809,36.3));
#6483=CARTESIAN_POINT('',(-5.70000000024183,22.6083801512904,36.3));
#6484=CARTESIAN_POINT('Origin',(-6.00000000024182,21.8667603025809,36.3));
#6485=CARTESIAN_POINT('Ctrl Pts',(-5.70000000024183,22.6083801512904,36.3));
#6486=CARTESIAN_POINT('Ctrl Pts',(-5.70000000024183,22.6083801512904,36.5270444279073));
#6487=CARTESIAN_POINT('Ctrl Pts',(-5.75380884594357,22.4948480812263,36.8604005605343));
#6488=CARTESIAN_POINT('Ctrl Pts',(-5.93708909998469,22.1554316077987,37.2092748745655));
#6489=CARTESIAN_POINT('Ctrl Pts',(-6.08743604094845,21.9081690609225,37.2977280961331));
#6490=CARTESIAN_POINT('Ctrl Pts',(-6.19630150170478,21.7431499954519,37.2999866159041));
#6491=CARTESIAN_POINT('Ctrl Pts',(-6.19814959750895,21.7403485236939,37.3));
#6492=CARTESIAN_POINT('Ctrl Pts',(-6.20000000024183,21.7375484503403,37.3));
#6493=CARTESIAN_POINT('Ctrl Pts',(-6.20000000024183,21.7375484503403,37.3));
#6494=CARTESIAN_POINT('Ctrl Pts',(-6.19666927535384,21.7379615759129,37.3));
#6495=CARTESIAN_POINT('Ctrl Pts',(-6.19333848021371,21.7383749330752,37.2999866159041));
#6496=CARTESIAN_POINT('Ctrl Pts',(-5.99714402380305,21.7627228839762,37.2977280961338));
#6497=CARTESIAN_POINT('Ctrl Pts',(-5.70958967826039,21.7992940083583,37.2092748745656));
#6498=CARTESIAN_POINT('Ctrl Pts',(-5.32534367698592,21.8497666389456,36.8604005605346));
#6499=CARTESIAN_POINT('Ctrl Pts',(-5.20000000024181,21.8667603025809,36.5270444279073));
#6500=CARTESIAN_POINT('Ctrl Pts',(-5.20000000024182,21.8667603025809,36.3));
#6501=CARTESIAN_POINT('Ctrl Pts',(-6.20000000024183,38.3624515496597,37.3));
#6502=CARTESIAN_POINT('Ctrl Pts',(-6.19814959753405,38.3596514763199,37.3));
#6503=CARTESIAN_POINT('Ctrl Pts',(-6.1963015006179,38.3568500026385,37.2999866215086));
#6504=CARTESIAN_POINT('Ctrl Pts',(-6.08743613693269,38.1918311076454,37.2977276009461));
#6505=CARTESIAN_POINT('Ctrl Pts',(-5.93708933608143,37.9445688036587,37.2092736765643));
#6506=CARTESIAN_POINT('Ctrl Pts',(-5.75380907351273,37.6051523967204,36.8603991539146));
#6507=CARTESIAN_POINT('Ctrl Pts',(-5.70000000024183,37.4916198487096,36.5270444279071));
#6508=CARTESIAN_POINT('Ctrl Pts',(-5.70000000024183,37.4916198487096,36.3));
#6509=CARTESIAN_POINT('Ctrl Pts',(-6.20000000024183,38.3624515496597,37.3));
#6510=CARTESIAN_POINT('Ctrl Pts',(-6.19766469802525,38.3604546203577,37.3000128216817));
#6511=CARTESIAN_POINT('Ctrl Pts',(-6.19530277854751,38.358431721975,37.2999817339005));
#6512=CARTESIAN_POINT('Ctrl Pts',(-6.05797162279028,38.2408741107507,37.2979299705805));
#6513=CARTESIAN_POINT('Ctrl Pts',(-5.85917428218727,38.0619076558149,37.2399445581148));
#6514=CARTESIAN_POINT('Ctrl Pts',(-5.5472120237807,37.7559237888326,36.9524324891892));
#6515=CARTESIAN_POINT('Ctrl Pts',(-5.40589510144438,37.6100703470301,36.5835697361888));
#6516=CARTESIAN_POINT('Ctrl Pts',(-5.4067141814134,37.6102598039395,36.3));
#6517=CARTESIAN_POINT('Ctrl Pts',(-6.20000000024183,38.3624515496597,37.3));
#6518=CARTESIAN_POINT('Ctrl Pts',(-6.19717261764249,38.3612458866993,37.3000128216817));
#6519=CARTESIAN_POINT('Ctrl Pts',(-6.19431290094109,38.3600296755531,37.2999817339005));
#6520=CARTESIAN_POINT('Ctrl Pts',(-6.02799420956229,38.2889722873181,37.2979299705814));
#6521=CARTESIAN_POINT('Ctrl Pts',(-5.78315610641088,38.1811912931499,37.239944558115));
#6522=CARTESIAN_POINT('Ctrl Pts',(-5.38394187784676,38.0019503942486,36.9524324891895));
#6523=CARTESIAN_POINT('Ctrl Pts',(-5.19957889533335,37.9163116558247,36.5835697361888));
#6524=CARTESIAN_POINT('Ctrl Pts',(-5.20000000024183,37.9168664834727,36.3));
#6525=CARTESIAN_POINT('Ctrl Pts',(-6.20000000024183,38.3624515496597,37.3));
#6526=CARTESIAN_POINT('Ctrl Pts',(-6.19666927537661,38.3620384240987,37.3));
#6527=CARTESIAN_POINT('Ctrl Pts',(-6.19333847802428,38.3616250666388,37.2999866215086));
#6528=CARTESIAN_POINT('Ctrl Pts',(-5.99714421731927,38.3372771412439,37.297727600947));
#6529=CARTESIAN_POINT('Ctrl Pts',(-5.70959015157248,38.3007060528603,37.2092736765645));
#6530=CARTESIAN_POINT('Ctrl Pts',(-5.32534420511524,38.2502334326582,36.8603991539149));
#6531=CARTESIAN_POINT('Ctrl Pts',(-5.20000000024183,38.2332396974191,36.5270444279071));
#6532=CARTESIAN_POINT('Ctrl Pts',(-5.20000000024183,38.2332396974191,36.3));
#6533=CARTESIAN_POINT('',(-5.70000000024183,37.4916198487096,36.3));
#6534=CARTESIAN_POINT('',(-5.20000000024183,38.2332396974191,36.3));
#6535=CARTESIAN_POINT('Origin',(-6.00000000024183,38.2332396974191,36.3));
#6536=CARTESIAN_POINT('Ctrl Pts',(-5.20000000024183,38.2332396974191,36.3));
#6537=CARTESIAN_POINT('Ctrl Pts',(-5.20000000024183,38.2332396974191,36.5270444279071));
#6538=CARTESIAN_POINT('Ctrl Pts',(-5.32534420511524,38.2502334326582,36.8603991539149));
#6539=CARTESIAN_POINT('Ctrl Pts',(-5.70959015157248,38.3007060528603,37.2092736765645));
#6540=CARTESIAN_POINT('Ctrl Pts',(-5.99714421731927,38.3372771412439,37.297727600947));
#6541=CARTESIAN_POINT('Ctrl Pts',(-6.19333847802428,38.3616250666388,37.2999866215086));
#6542=CARTESIAN_POINT('Ctrl Pts',(-6.19666927537661,38.3620384240987,37.3));
#6543=CARTESIAN_POINT('Ctrl Pts',(-6.20000000024183,38.3624515496597,37.3));
#6544=CARTESIAN_POINT('Ctrl Pts',(-6.20000000024183,38.3624515496597,37.3));
#6545=CARTESIAN_POINT('Ctrl Pts',(-6.19814959753405,38.3596514763199,37.3));
#6546=CARTESIAN_POINT('Ctrl Pts',(-6.1963015006179,38.3568500026385,37.2999866215086));
#6547=CARTESIAN_POINT('Ctrl Pts',(-6.08743613693269,38.1918311076454,37.2977276009461));
#6548=CARTESIAN_POINT('Ctrl Pts',(-5.93708933608143,37.9445688036587,37.2092736765643));
#6549=CARTESIAN_POINT('Ctrl Pts',(-5.75380907351273,37.6051523967204,36.8603991539146));
#6550=CARTESIAN_POINT('Ctrl Pts',(-5.70000000024183,37.4916198487096,36.5270444279071));
#6551=CARTESIAN_POINT('Ctrl Pts',(-5.70000000024183,37.4916198487096,36.3));
#6552=CARTESIAN_POINT('Ctrl Pts',(-6.20000000024183,41.7375484503403,37.3));
#6553=CARTESIAN_POINT('Ctrl Pts',(-6.19666927535984,41.7379615759142,37.3));
#6554=CARTESIAN_POINT('Ctrl Pts',(-6.19333847768247,41.7383749334046,37.2999866223949));
#6555=CARTESIAN_POINT('Ctrl Pts',(-5.99714424758231,41.7627228549603,37.2977275226403));
#6556=CARTESIAN_POINT('Ctrl Pts',(-5.70959022633155,41.7992939375114,37.2092734871001));
#6557=CARTESIAN_POINT('Ctrl Pts',(-5.3253442884945,41.8497665560936,36.8603989315009));
#6558=CARTESIAN_POINT('Ctrl Pts',(-5.20000000024183,41.8667603025809,36.5270444279069));
#6559=CARTESIAN_POINT('Ctrl Pts',(-5.20000000024183,41.8667603025809,36.3));
#6560=CARTESIAN_POINT('Ctrl Pts',(-6.20000000024183,41.7375484503403,37.3));
#6561=CARTESIAN_POINT('Ctrl Pts',(-6.19717261762646,41.7387541133128,37.3000128216817));
#6562=CARTESIAN_POINT('Ctrl Pts',(-6.19431290059888,41.7399703244908,37.2999817347868));
#6563=CARTESIAN_POINT('Ctrl Pts',(-6.02799423982557,41.8110277088863,37.2979298922748));
#6564=CARTESIAN_POINT('Ctrl Pts',(-5.78315618116995,41.918808697222,37.2399443686508));
#6565=CARTESIAN_POINT('Ctrl Pts',(-5.38394196122596,42.0980495945032,36.9524322667755));
#6566=CARTESIAN_POINT('Ctrl Pts',(-5.19957889533333,42.1836883441753,36.5835697361886));
#6567=CARTESIAN_POINT('Ctrl Pts',(-5.20000000024183,42.1831335165273,36.3));
#6568=CARTESIAN_POINT('Ctrl Pts',(-6.20000000024183,41.7375484503403,37.3));
#6569=CARTESIAN_POINT('Ctrl Pts',(-6.19766469800997,41.7395453796537,37.3000128216817));
#6570=CARTESIAN_POINT('Ctrl Pts',(-6.19530277837932,41.741568278326,37.2999817347868));
#6571=CARTESIAN_POINT('Ctrl Pts',(-6.05797163765441,41.8591258627706,37.2979298922737));
#6572=CARTESIAN_POINT('Ctrl Pts',(-5.85917431943631,42.0380922791631,37.2399443686505));
#6573=CARTESIAN_POINT('Ctrl Pts',(-5.5472120596461,42.3440761356629,36.952432266775));
#6574=CARTESIAN_POINT('Ctrl Pts',(-5.40589510144439,42.4899296529699,36.5835697361886));
#6575=CARTESIAN_POINT('Ctrl Pts',(-5.40671418141341,42.4897401960605,36.3));
#6576=CARTESIAN_POINT('Ctrl Pts',(-6.20000000024183,41.7375484503403,37.3));
#6577=CARTESIAN_POINT('Ctrl Pts',(-6.19814959751952,41.7403485236908,37.3));
#6578=CARTESIAN_POINT('Ctrl Pts',(-6.19630150044932,41.7431499976631,37.2999866223949));
#6579=CARTESIAN_POINT('Ctrl Pts',(-6.08743615179707,41.9081688658761,37.2977275226392));
#6580=CARTESIAN_POINT('Ctrl Pts',(-5.93708937333061,42.1554311313194,37.2092734870998));
#6581=CARTESIAN_POINT('Ctrl Pts',(-5.75380910937827,42.4948475277751,36.8603989315004));
#6582=CARTESIAN_POINT('Ctrl Pts',(-5.70000000024183,42.6083801512904,36.5270444279069));
#6583=CARTESIAN_POINT('Ctrl Pts',(-5.70000000024183,42.6083801512904,36.3));
#6584=CARTESIAN_POINT('',(-5.20000000024183,41.8667603025809,36.3));
#6585=CARTESIAN_POINT('',(-5.70000000024183,42.6083801512904,36.3));
#6586=CARTESIAN_POINT('Origin',(-6.00000000024183,41.8667603025809,36.3));
#6587=CARTESIAN_POINT('Ctrl Pts',(-5.70000000024183,42.6083801512904,36.3));
#6588=CARTESIAN_POINT('Ctrl Pts',(-5.70000000024183,42.6083801512904,36.5270444279069));
#6589=CARTESIAN_POINT('Ctrl Pts',(-5.75380910937827,42.4948475277751,36.8603989315004));
#6590=CARTESIAN_POINT('Ctrl Pts',(-5.93708937333061,42.1554311313194,37.2092734870998));
#6591=CARTESIAN_POINT('Ctrl Pts',(-6.08743615179707,41.9081688658761,37.2977275226392));
#6592=CARTESIAN_POINT('Ctrl Pts',(-6.19630150044932,41.7431499976631,37.2999866223949));
#6593=CARTESIAN_POINT('Ctrl Pts',(-6.19814959751952,41.7403485236908,37.3));
#6594=CARTESIAN_POINT('Ctrl Pts',(-6.20000000024183,41.7375484503403,37.3));
#6595=CARTESIAN_POINT('Ctrl Pts',(-6.20000000024183,41.7375484503403,37.3));
#6596=CARTESIAN_POINT('Ctrl Pts',(-6.19666927535984,41.7379615759142,37.3));
#6597=CARTESIAN_POINT('Ctrl Pts',(-6.19333847768247,41.7383749334046,37.2999866223949));
#6598=CARTESIAN_POINT('Ctrl Pts',(-5.99714424758231,41.7627228549603,37.2977275226403));
#6599=CARTESIAN_POINT('Ctrl Pts',(-5.70959022633155,41.7992939375114,37.2092734871001));
#6600=CARTESIAN_POINT('Ctrl Pts',(-5.3253442884945,41.8497665560936,36.8603989315009));
#6601=CARTESIAN_POINT('Ctrl Pts',(-5.20000000024183,41.8667603025809,36.5270444279069));
#6602=CARTESIAN_POINT('Ctrl Pts',(-5.20000000024183,41.8667603025809,36.3));
#6603=CARTESIAN_POINT('Origin',(-5.40000000024184,43.35,36.3));
#6604=CARTESIAN_POINT('Origin',(-5.40000000024184,43.35,36.3));
#6605=CARTESIAN_POINT('Origin',(-6.20000000024183,20.025,36.3));
#6606=CARTESIAN_POINT('',(-5.20000000024183,20.025,36.3));
#6607=CARTESIAN_POINT('Origin',(-5.40000000024184,36.75,36.3));
#6608=CARTESIAN_POINT('',(-6.20000000024184,36.75,36.3));
#6609=CARTESIAN_POINT('Origin',(-7.20000000024184,36.75,36.3));
#6610=CARTESIAN_POINT('Origin',(-5.40000000024184,36.75,36.3));
#6611=CARTESIAN_POINT('Origin',(-7.20000000024183,15.025,36.3));
#6612=CARTESIAN_POINT('',(-6.20000000024184,23.35,36.3));
#6613=CARTESIAN_POINT('Origin',(-7.20000000024183,23.35,36.3));
#6614=CARTESIAN_POINT('',(-6.20000000024184,15.025,36.3));
#6615=CARTESIAN_POINT('Origin',(-5.40000000024184,23.35,36.3));
#6616=CARTESIAN_POINT('Origin',(-5.40000000024184,23.35,36.3));
#6617=CARTESIAN_POINT('Origin',(-6.20000000024182,10.025,36.3));
#6618=CARTESIAN_POINT('',(-5.20000000024182,10.025,36.3));
#6619=CARTESIAN_POINT('Origin',(-5.40000000024184,16.75,36.3));
#6620=CARTESIAN_POINT('',(-6.20000000024184,16.75,36.3));
#6621=CARTESIAN_POINT('Origin',(-7.20000000024184,16.75,36.3));
#6622=CARTESIAN_POINT('Origin',(-5.40000000024184,16.75,36.3));
#6623=CARTESIAN_POINT('Origin',(-7.20000000024183,15.025,36.3));
#6624=CARTESIAN_POINT('',(-6.20000000024184,15.025,36.3));
#6625=CARTESIAN_POINT('Origin',(-6.00000000024183,41.8667603025809,-10.2000000000002));
#6626=CARTESIAN_POINT('',(-5.20000000024183,41.8667603025809,-11.9));
#6627=CARTESIAN_POINT('',(-5.20000000024183,41.8667603025809,-10.2000000000002));
#6628=CARTESIAN_POINT('',(-5.70000000024183,42.6083801512904,-11.9));
#6629=CARTESIAN_POINT('Origin',(-6.00000000024183,41.8667603025809,-11.9));
#6630=CARTESIAN_POINT('',(-5.70000000024183,42.6083801512904,-10.2000000000002));
#6631=CARTESIAN_POINT('Origin',(-5.20000000024183,40.05,12.2999999999997));
#6632=CARTESIAN_POINT('',(-5.20000000024183,38.2332396974191,-11.9));
#6633=CARTESIAN_POINT('',(-5.20000000024183,38.2332396974191,14.8));
#6634=CARTESIAN_POINT('',(-5.20000000024183,20.025,-11.9));
#6635=CARTESIAN_POINT('Origin',(-6.00000000024183,38.2332396974191,14.8));
#6636=CARTESIAN_POINT('',(-5.70000000024183,37.4916198487096,-11.9));
#6637=CARTESIAN_POINT('',(-5.70000000024183,37.4916198487096,14.8));
#6638=CARTESIAN_POINT('Origin',(-6.00000000024183,38.2332396974191,-11.9));
#6639=CARTESIAN_POINT('Origin',(-5.40000000024183,36.75,14.8));
#6640=CARTESIAN_POINT('',(-6.20000000024183,36.75,-11.9));
#6641=CARTESIAN_POINT('',(-6.20000000024183,36.75,14.8));
#6642=CARTESIAN_POINT('',(-6.18153344513823,36.9208960927241,-11.9));
#6643=CARTESIAN_POINT('Origin',(-5.40000000024183,36.75,-11.9));
#6644=CARTESIAN_POINT('Origin',(-5.40000000024183,36.75,-11.9));
#6645=CARTESIAN_POINT('Origin',(-6.20000000024183,30.05,-7.7));
#6646=CARTESIAN_POINT('',(-6.20000000024182,23.35,-27.8335781593385));
#6647=CARTESIAN_POINT('',(-6.20000000024182,23.35,-18.8657800474507));
#6648=CARTESIAN_POINT('',(-6.20000000024183,36.7198595568353,-11.9));
#6649=CARTESIAN_POINT('',(-6.20000000024182,21.3172030458578,-30.2561712324521));
#6650=CARTESIAN_POINT('',(-6.20000000024183,15.025,-11.9));
#6651=CARTESIAN_POINT('Origin',(-5.40000000024182,23.35,-18.8657800474507));
#6652=CARTESIAN_POINT('',(-5.70000000024182,22.6083801512904,18.3085588735832));
#6653=CARTESIAN_POINT('',(-5.70000000024182,22.6083801512904,-18.8657800474507));
#6654=CARTESIAN_POINT('',(-5.70000000024182,22.6083801512904,16.291441126417));
#6655=CARTESIAN_POINT('Ctrl Pts',(-5.70000000024183,22.6083801512904,18.3085588735832));
#6656=CARTESIAN_POINT('Ctrl Pts',(-5.7206912174348,22.6167501607619,18.2873269290149));
#6657=CARTESIAN_POINT('Ctrl Pts',(-5.73944825271442,22.6253454566031,18.2647207146445));
#6658=CARTESIAN_POINT('Ctrl Pts',(-5.81071172461386,22.6607799364817,18.1675220544496));
#6659=CARTESIAN_POINT('Ctrl Pts',(-5.85724160345274,22.6925001669101,18.0668545226609));
#6660=CARTESIAN_POINT('Ctrl Pts',(-5.95355463166517,22.7663247730526,17.7767421121026));
#6661=CARTESIAN_POINT('Ctrl Pts',(-5.98094750217295,22.8,17.5183468519192));
#6662=CARTESIAN_POINT('Ctrl Pts',(-5.98094750217295,22.8,17.0816531480811));
#6663=CARTESIAN_POINT('Ctrl Pts',(-5.95355463166516,22.7663247730526,16.8232578878977));
#6664=CARTESIAN_POINT('Ctrl Pts',(-5.85724160345274,22.6925001669101,16.5331454773394));
#6665=CARTESIAN_POINT('Ctrl Pts',(-5.81071172461387,22.6607799364817,16.4324779455506));
#6666=CARTESIAN_POINT('Ctrl Pts',(-5.73944825271443,22.6253454566031,16.3352792853558));
#6667=CARTESIAN_POINT('Ctrl Pts',(-5.7206912174348,22.6167501607619,16.3126730709854));
#6668=CARTESIAN_POINT('Ctrl Pts',(-5.70000000024182,22.6083801512904,16.291441126417));
#6669=CARTESIAN_POINT('',(-5.70000000024182,22.6083801512904,-29.6012343974163));
#6670=CARTESIAN_POINT('',(-5.70000000024182,22.6083801512904,-18.8657800474507));
#6671=CARTESIAN_POINT('Origin',(-5.40000000024182,23.35,-27.8335781593388));
#6672=CARTESIAN_POINT('Origin',(-6.00000000024182,21.8667603025809,-18.8657800474507));
#6673=CARTESIAN_POINT('',(-5.20000000024183,21.8667603025809,19.3644326104202));
#6674=CARTESIAN_POINT('',(-5.20000000024182,21.8667603025809,-18.8657800474507));
#6675=CARTESIAN_POINT('Ctrl Pts',(-5.20000000024182,21.8667603025809,19.3644326104202));
#6676=CARTESIAN_POINT('Ctrl Pts',(-5.20000000024182,21.9777982500502,19.2667160106997));
#6677=CARTESIAN_POINT('Ctrl Pts',(-5.22402670843919,22.0882775537247,19.1524762084957));
#6678=CARTESIAN_POINT('Ctrl Pts',(-5.30834025180441,22.2824661357615,18.9131764484673));
#6679=CARTESIAN_POINT('Ctrl Pts',(-5.36822476589786,22.3663559181354,18.7881214188542));
#6680=CARTESIAN_POINT('Ctrl Pts',(-5.50226646214946,22.500397614387,18.5556122891054));
#6681=CARTESIAN_POINT('Ctrl Pts',(-5.59390924279552,22.5654643268431,18.4174221202594));
#6682=CARTESIAN_POINT('Ctrl Pts',(-5.70000000024182,22.6083801512904,18.3085588735832));
#6683=CARTESIAN_POINT('Origin',(-5.20000000024182,20.05,0.654835971063745));
#6684=CARTESIAN_POINT('',(-5.20000000024183,18.2332396974191,19.3644326104202));
#6685=CARTESIAN_POINT('',(-5.20000000024182,18.2332396974191,14.8));
#6686=CARTESIAN_POINT('Origin',(-5.2000000002381,20.05,17.3));
#6687=CARTESIAN_POINT('Origin',(-6.00000000024182,18.2332396974191,14.8));
#6688=CARTESIAN_POINT('',(-5.70000000024182,17.4916198487096,18.3085588735832));
#6689=CARTESIAN_POINT('',(-5.70000000024183,17.4916198487096,14.8));
#6690=CARTESIAN_POINT('Ctrl Pts',(-5.70000000024182,17.4916198487096,18.3085588735832));
#6691=CARTESIAN_POINT('Ctrl Pts',(-5.59390924279552,17.5345356731569,18.4174221202594));
#6692=CARTESIAN_POINT('Ctrl Pts',(-5.50226646214946,17.599602385613,18.5556122891054));
#6693=CARTESIAN_POINT('Ctrl Pts',(-5.36822476589786,17.7336440818646,18.7881214188542));
#6694=CARTESIAN_POINT('Ctrl Pts',(-5.30834025180441,17.8175338642385,18.9131764484673));
#6695=CARTESIAN_POINT('Ctrl Pts',(-5.22402670843919,18.0117224462753,19.1524762084957));
#6696=CARTESIAN_POINT('Ctrl Pts',(-5.20000000024182,18.1222017499498,19.2667160106997));
#6697=CARTESIAN_POINT('Ctrl Pts',(-5.20000000024182,18.2332396974191,19.3644326104202));
#6698=CARTESIAN_POINT('Origin',(-5.40000000024183,16.75,14.8));
#6699=CARTESIAN_POINT('',(-6.20000000024182,16.75,-35.6991518704603));
#6700=CARTESIAN_POINT('',(-6.20000000024183,16.75,14.8));
#6701=CARTESIAN_POINT('',(-5.70000000024183,17.4916198487096,-33.9314956323829));
#6702=CARTESIAN_POINT('Origin',(-5.40000000024182,16.75,-35.6991518704606));
#6703=CARTESIAN_POINT('',(-5.70000000024182,17.4916198487096,16.2914411264171));
#6704=CARTESIAN_POINT('',(-5.70000000024183,17.4916198487096,14.8));
#6705=CARTESIAN_POINT('Ctrl Pts',(-5.70000000024182,17.4916198487096,16.2914411264171));
#6706=CARTESIAN_POINT('Ctrl Pts',(-5.7206912174348,17.4832498392382,16.3126730709854));
#6707=CARTESIAN_POINT('Ctrl Pts',(-5.73944825271442,17.4746545433969,16.3352792853558));
#6708=CARTESIAN_POINT('Ctrl Pts',(-5.81071172461386,17.4392200635183,16.4324779455507));
#6709=CARTESIAN_POINT('Ctrl Pts',(-5.85724160345274,17.4074998330899,16.5331454773395));
#6710=CARTESIAN_POINT('Ctrl Pts',(-5.95355463166515,17.3336752269474,16.8232578878977));
#6711=CARTESIAN_POINT('Ctrl Pts',(-5.98094750217294,17.3,17.0816531480811));
#6712=CARTESIAN_POINT('Ctrl Pts',(-5.98094750217294,17.3,17.5183468519192));
#6713=CARTESIAN_POINT('Ctrl Pts',(-5.95355463166515,17.3336752269474,17.7767421121026));
#6714=CARTESIAN_POINT('Ctrl Pts',(-5.85724160345273,17.4074998330899,18.0668545226608));
#6715=CARTESIAN_POINT('Ctrl Pts',(-5.81071172461386,17.4392200635183,18.1675220544496));
#6716=CARTESIAN_POINT('Ctrl Pts',(-5.73944825271442,17.4746545433969,18.2647207146445));
#6717=CARTESIAN_POINT('Ctrl Pts',(-5.7206912174348,17.4832498392382,18.2873269290149));
#6718=CARTESIAN_POINT('Ctrl Pts',(-5.70000000024182,17.4916198487096,18.3085588735832));
#6719=CARTESIAN_POINT('Origin',(-6.20000000024183,30.05,-7.7));
#6720=CARTESIAN_POINT('',(-6.20000000024182,3.29796665403992,-51.7));
#6721=CARTESIAN_POINT('',(-6.20000000024182,15.025,-51.7));
#6722=CARTESIAN_POINT('',(-6.20000000024182,6.598054545401,-47.7977496969546));
#6723=CARTESIAN_POINT('',(-6.20000000024182,21.3727460159356,-30.3271409840097));
#6724=CARTESIAN_POINT('',(-6.20000000024182,6.60227555330227,-47.7927389364684));
#6725=CARTESIAN_POINT('Origin',(-6.20000000024182,5.3,-46.7000000000013));
#6726=CARTESIAN_POINT('',(-6.20000000024182,21.3172030458578,-30.256171232452));
#6727=CARTESIAN_POINT('Origin',(-7.20000000024182,15.025,-51.7));
#6728=CARTESIAN_POINT('',(-7.00000000024182,3.51708637583814,-52.6797958971133));
#6729=CARTESIAN_POINT('Origin',(-7.20000000024182,4.34568841952183,-51.7));
#6730=CARTESIAN_POINT('Ctrl Pts',(-7.00000000024182,3.51708637583813,-52.6797958971133));
#6731=CARTESIAN_POINT('Ctrl Pts',(-6.89861056552965,3.53458877017365,-52.6590998654171));
#6732=CARTESIAN_POINT('Ctrl Pts',(-6.79197748482561,3.54098368120971,-52.6197876377444));
#6733=CARTESIAN_POINT('Ctrl Pts',(-6.59897988666397,3.53231157791699,-52.5070108371428));
#6734=CARTESIAN_POINT('Ctrl Pts',(-6.51259653143476,3.51747044133114,-52.4335612469902));
#6735=CARTESIAN_POINT('Ctrl Pts',(-6.36876256996279,3.47606971661714,-52.2679384609618));
#6736=CARTESIAN_POINT('Ctrl Pts',(-6.30445099109752,3.44486805241796,-52.1612326276347));
#6737=CARTESIAN_POINT('Ctrl Pts',(-6.22009334318145,3.37406696948401,-51.9335090827159));
#6738=CARTESIAN_POINT('Ctrl Pts',(-6.20000000024182,3.33459764472823,-51.8124684575538));
#6739=CARTESIAN_POINT('Ctrl Pts',(-6.20000000024182,3.29796665403992,-51.7));
#6740=CARTESIAN_POINT('Origin',(-7.00000000024182,21.3727460159356,-30.3271409840097));
#6741=CARTESIAN_POINT('',(-7.00000000024182,7.20890374323768,-48.3143377896392));
#6742=CARTESIAN_POINT('',(-7.00000000024182,21.9835952137717,-30.8437290766939));
#6743=CARTESIAN_POINT('Origin',(-7.00000000024182,6.598054545401,-47.7977496969546));
#6744=CARTESIAN_POINT('Origin',(-5.40000000024183,36.75,-11.9));
#6745=CARTESIAN_POINT('',(-6.48169226626998,36.9865311209664,-12.5302369236245));
#6746=CARTESIAN_POINT('',(-6.96306689003464,37.0917921854482,-12.7));
#6747=CARTESIAN_POINT('Ctrl Pts',(-6.96306689003464,37.0917921854481,-12.7));
#6748=CARTESIAN_POINT('Ctrl Pts',(-6.935402872381,37.0901232079208,-12.7));
#6749=CARTESIAN_POINT('Ctrl Pts',(-6.90783234920009,37.0877600124449,-12.6985942442261));
#6750=CARTESIAN_POINT('Ctrl Pts',(-6.78593914676582,37.0742734597594,-12.6860122748917));
#6751=CARTESIAN_POINT('Ctrl Pts',(-6.69663316910847,37.0562069232433,-12.6596346814289));
#6752=CARTESIAN_POINT('Ctrl Pts',(-6.56712480055725,37.0189359737995,-12.5937942019538));
#6753=CARTESIAN_POINT('Ctrl Pts',(-6.52232157324303,37.0032579265713,-12.5640632481735));
#6754=CARTESIAN_POINT('Ctrl Pts',(-6.48169226626999,36.9865311209664,-12.5302369236245));
#6755=CARTESIAN_POINT('',(-6.00000000024183,38.2332396974191,-12.7));
#6756=CARTESIAN_POINT('Origin',(-5.40000000024183,36.75,-12.7));
#6757=CARTESIAN_POINT('Origin',(-6.00000000024183,38.2332396974191,-11.9));
#6758=CARTESIAN_POINT('Origin',(-6.96306689003464,37.0917921854482,-11.9));
#6759=CARTESIAN_POINT('Origin',(-6.00000000024183,20.025,-11.9));
#6760=CARTESIAN_POINT('Origin',(-6.00000000024183,38.2332396974191,-11.9));
#6761=CARTESIAN_POINT('',(-6.00000000024183,41.8667603025809,-12.7));
#6762=CARTESIAN_POINT('',(-6.00000000024183,20.025,-12.7));
#6763=CARTESIAN_POINT('Origin',(-6.00000000024183,41.8667603025809,-11.9));
#6764=CARTESIAN_POINT('Origin',(-7.00000000024183,15.025,-11.9));
#6765=CARTESIAN_POINT('',(-6.20000000024183,43.35,-11.9));
#6766=CARTESIAN_POINT('',(-6.20000000024183,15.025,-11.9));
#6767=CARTESIAN_POINT('',(-7.00000000024183,43.35,-12.7));
#6768=CARTESIAN_POINT('Origin',(-7.00000000024183,43.35,-11.9));
#6769=CARTESIAN_POINT('',(-7.00000000024183,15.025,-12.7));
#6770=CARTESIAN_POINT('Origin',(-5.40000000024183,43.35,-11.9));
#6771=CARTESIAN_POINT('Origin',(-6.00000000024183,41.8667603025809,-11.9));
#6772=CARTESIAN_POINT('Origin',(-5.40000000024183,43.35,-12.7));
#6773=CARTESIAN_POINT('Origin',(-5.40000000024183,43.35,-11.9));
#6774=CARTESIAN_POINT('Origin',(-6.00000000024183,41.8667603025809,-11.9));
#6775=CARTESIAN_POINT('Origin',(-6.00000000024183,38.2332396974191,-11.9));
#6776=CARTESIAN_POINT('Origin',(-5.40000000024183,36.75,-11.9));
#6777=CARTESIAN_POINT('',(-6.20261543980502,36.75,-11.9646363889539));
#6778=CARTESIAN_POINT('Ctrl Pts',(-6.48169226626999,36.9865311209664,-12.5302369236245));
#6779=CARTESIAN_POINT('Ctrl Pts',(-6.45216960023295,36.9743768428719,-12.5056575409738));
#6780=CARTESIAN_POINT('Ctrl Pts',(-6.42485474928777,36.9616660946476,-12.4789123628246));
#6781=CARTESIAN_POINT('Ctrl Pts',(-6.3326324156149,36.9134645039189,-12.373562984391));
#6782=CARTESIAN_POINT('Ctrl Pts',(-6.28333101395038,36.8766490821757,-12.285239490797));
#6783=CARTESIAN_POINT('Ctrl Pts',(-6.2148572619997,36.8000234589848,-12.0910154150964));
#6784=CARTESIAN_POINT('Ctrl Pts',(-6.2059309249838,36.7690726208469,-12.0055377563524));
#6785=CARTESIAN_POINT('Ctrl Pts',(-6.20261543980502,36.75,-11.9646363889539));
#6786=CARTESIAN_POINT('Origin',(-7.00000000024183,36.75,-11.9));
#6787=CARTESIAN_POINT('Origin',(-7.00000000024182,15.025,-11.9));
#6788=CARTESIAN_POINT('Origin',(-7.00000000024182,36.7198595568353,-11.9));
#6789=CARTESIAN_POINT('Origin',(-5.40000000024183,43.35,-10.2000000000002));
#6790=CARTESIAN_POINT('',(-6.20000000024183,43.35,-10.2000000000002));
#6791=CARTESIAN_POINT('Origin',(-6.20000000024183,30.05,-7.7));
#6792=CARTESIAN_POINT('Origin',(-7.00000000025049,5.3,-46.7000000000013));
#6793=CARTESIAN_POINT('',(-7.00000000025049,7.21511110779745,-48.3069690242176));
#6794=CARTESIAN_POINT('Origin',(-7.00000000025049,6.60227555330227,-47.7927389364684));
#6795=CARTESIAN_POINT('Origin',(-7.00000000025049,5.3,-46.7000000000013));
#6796=CARTESIAN_POINT('Origin',(-7.00000000024182,21.3172030458578,-30.256171232452));
#6797=CARTESIAN_POINT('',(-7.00000000024194,17.3628355544952,-36.2133819582095));
#6798=CARTESIAN_POINT('Origin',(-7.00000000024182,16.75,-35.6991518704603));
#6799=CARTESIAN_POINT('',(-7.00000000024194,21.930038600353,-30.7704013202013));
#6800=CARTESIAN_POINT('Ctrl Pts',(-7.00000000024194,17.3628355544952,-36.2133819582095));
#6801=CARTESIAN_POINT('Ctrl Pts',(-7.00000000024194,17.6340125950207,-35.8902057459341));
#6802=CARTESIAN_POINT('Ctrl Pts',(-6.88231256649786,18.0854239220131,-35.3522346752533));
#6803=CARTESIAN_POINT('Ctrl Pts',(-6.47934615493551,18.5852920757522,-34.7565150072114));
#6804=CARTESIAN_POINT('Ctrl Pts',(-6.16759189671531,18.7782809917829,-34.5265197732009));
#6805=CARTESIAN_POINT('Ctrl Pts',(-6.00000000024193,18.8460752519143,-34.4457257201321));
#6806=CARTESIAN_POINT('Ctrl Pts',(-6.88032028010517,17.3628355544952,-36.2133819582095));
#6807=CARTESIAN_POINT('Ctrl Pts',(-6.87044094050166,17.6256618304671,-35.9002143258781));
#6808=CARTESIAN_POINT('Ctrl Pts',(-6.73932419229688,18.0593532751031,-35.3829665170256));
#6809=CARTESIAN_POINT('Ctrl Pts',(-6.33957916656281,18.5234652658406,-34.830212724054));
#6810=CARTESIAN_POINT('Ctrl Pts',(-6.0513857867843,18.6913084155611,-34.6300816155047));
#6811=CARTESIAN_POINT('Ctrl Pts',(-5.90420855827243,18.7482340465555,-34.5623283281223));
#6812=CARTESIAN_POINT('Ctrl Pts',(-6.64100423222694,17.3210068494154,-36.1782835072044));
#6813=CARTESIAN_POINT('Ctrl Pts',(-6.6113471497338,17.5600085032234,-35.8791636682361));
#6814=CARTESIAN_POINT('Ctrl Pts',(-6.45350646326793,17.9457009463106,-35.3924434401543));
#6815=CARTESIAN_POINT('Ctrl Pts',(-6.06015559502304,18.3175498319323,-34.9083400471833));
#6816=CARTESIAN_POINT('Ctrl Pts',(-5.81915368451813,18.4251246320963,-34.7593515527241));
#6817=CARTESIAN_POINT('Ctrl Pts',(-5.71282912496034,18.4562393707786,-34.7142959383835));
#6818=CARTESIAN_POINT('Ctrl Pts',(-6.37721371667908,17.159771985225,-36.0429913921293));
#6819=CARTESIAN_POINT('Ctrl Pts',(-6.33637299409771,17.3550740576361,-35.7447242732937));
#6820=CARTESIAN_POINT('Ctrl Pts',(-6.1740820706548,17.6595283789255,-35.2603976854334));
#6821=CARTESIAN_POINT('Ctrl Pts',(-5.8225948885271,17.9122785821571,-34.7872438424382));
#6822=CARTESIAN_POINT('Ctrl Pts',(-5.63562399962145,17.9584085408664,-34.6487782428626));
#6823=CARTESIAN_POINT('Ctrl Pts',(-5.56516993676949,17.9655389152721,-34.6088402690248));
#6824=CARTESIAN_POINT('Ctrl Pts',(-6.23055709945421,16.9562310040911,-35.8722002299304));
#6825=CARTESIAN_POINT('Ctrl Pts',(-6.20071579822436,17.1140176255989,-35.5633028884312));
#6826=CARTESIAN_POINT('Ctrl Pts',(-6.07474686015589,17.3592887603405,-35.0565254485417));
#6827=CARTESIAN_POINT('Ctrl Pts',(-5.79480260228968,17.5661431062239,-34.5326094187016));
#6828=CARTESIAN_POINT('Ctrl Pts',(-5.63774972638301,17.6092631679138,-34.3570365313088));
#6829=CARTESIAN_POINT('Ctrl Pts',(-5.57330360751096,17.6182366064019,-34.3005472767743));
#6830=CARTESIAN_POINT('Ctrl Pts',(-6.20000000024182,16.8187599884236,-35.7568483513863));
#6831=CARTESIAN_POINT('Ctrl Pts',(-6.18831076507132,16.9600397349797,-35.4384610754011));
#6832=CARTESIAN_POINT('Ctrl Pts',(-6.10467527005836,17.1879594083541,-34.9106497478563));
#6833=CARTESIAN_POINT('Ctrl Pts',(-5.87744423008352,17.414704273504,-34.3391097128527));
#6834=CARTESIAN_POINT('Ctrl Pts',(-5.72418211203643,17.4885765947825,-34.1272443745454));
#6835=CARTESIAN_POINT('Ctrl Pts',(-5.6489808408756,17.5122581148462,-34.0546427364069));
#6836=CARTESIAN_POINT('Ctrl Pts',(-6.20000000024182,16.75,-35.6991518704603));
#6837=CARTESIAN_POINT('Ctrl Pts',(-6.20000000024182,16.8855885202628,-35.3759756581849));
#6838=CARTESIAN_POINT('Ctrl Pts',(-6.14115628336978,17.1112941837589,-34.838004587504));
#6839=CARTESIAN_POINT('Ctrl Pts',(-5.93967307758861,17.3612282606285,-34.2422849194622));
#6840=CARTESIAN_POINT('Ctrl Pts',(-5.78379594847851,17.4577227186439,-34.0122896854517));
#6841=CARTESIAN_POINT('Ctrl Pts',(-5.70000000024182,17.4916198487096,-33.9314956323829));
#6842=CARTESIAN_POINT('',(-6.00000000024194,18.8460752519143,-34.4457257201321));
#6843=CARTESIAN_POINT('Origin',(-6.00000000024183,18.2332396974191,-33.9314956323829));
#6844=CARTESIAN_POINT('Origin',(-5.40000000024194,17.3628355544952,-36.2133819582099));
#6845=CARTESIAN_POINT('Origin',(-6.00000000024182,21.3083002998874,-30.2667811119464));
#6846=CARTESIAN_POINT('',(-5.20000000024182,18.2332396974191,-33.9314956323829));
#6847=CARTESIAN_POINT('Origin',(-6.00000000024182,18.2332396974191,-33.9314956323829));
#6848=CARTESIAN_POINT('',(-6.00000000024194,22.4795958570761,-30.1154644851655));
#6849=CARTESIAN_POINT('',(-6.00000000024194,21.9211358543826,-30.7810111996956));
#6850=CARTESIAN_POINT('',(-5.20000000024182,21.8667603025809,-29.6012343974163));
#6851=CARTESIAN_POINT('Origin',(-6.00000000024182,21.8667603025809,-29.6012343974163));
#6852=CARTESIAN_POINT('',(-5.20000000024182,21.3083002998874,-30.2667811119464));
#6853=CARTESIAN_POINT('Origin',(-6.00000000024182,18.2332396974191,-33.9314956323829));
#6854=CARTESIAN_POINT('Origin',(-6.00000000024182,18.2332396974191,-33.9314956323829));
#6855=CARTESIAN_POINT('Ctrl Pts',(-6.00000000024193,22.4795958570761,-30.1154644851655));
#6856=CARTESIAN_POINT('Ctrl Pts',(-6.25138784495201,22.5812872472731,-29.9942734055622));
#6857=CARTESIAN_POINT('Ctrl Pts',(-6.77688649130438,22.9707381502939,-29.530143892748));
#6858=CARTESIAN_POINT('Ctrl Pts',(-7.00000000024194,23.6012661671278,-28.7787098634549));
#6859=CARTESIAN_POINT('Ctrl Pts',(-7.00000000024194,23.9628355544952,-28.3478082470877));
#6860=CARTESIAN_POINT('Ctrl Pts',(-5.93660458528909,22.5443478191061,-30.0382961017888));
#6861=CARTESIAN_POINT('Ctrl Pts',(-6.16022703584304,22.6428654562719,-29.9209771956913));
#6862=CARTESIAN_POINT('Ctrl Pts',(-6.62218576665703,23.0194396957641,-29.4716457850013));
#6863=CARTESIAN_POINT('Ctrl Pts',(-6.78759117347893,23.6228792561965,-28.7512612968479));
#6864=CARTESIAN_POINT('Ctrl Pts',(-6.76064055996841,23.9628355544952,-28.3478082470877));
#6865=CARTESIAN_POINT('Ctrl Pts',(-5.82573662583827,22.6213437814003,-29.8729288899933));
#6866=CARTESIAN_POINT('Ctrl Pts',(-6.00086969746697,22.7076052920544,-29.7568423268327));
#6867=CARTESIAN_POINT('Ctrl Pts',(-6.35131352861209,23.0370737989204,-29.3129621481477));
#6868=CARTESIAN_POINT('Ctrl Pts',(-6.41616423387304,23.5445174120154,-28.6072078346364));
#6869=CARTESIAN_POINT('Ctrl Pts',(-6.34631281222695,23.8088882137137,-28.2186310902172));
#6870=CARTESIAN_POINT('Ctrl Pts',(-5.73376482006359,22.6220386934184,-29.6827339719015));
#6871=CARTESIAN_POINT('Ctrl Pts',(-5.87191365008868,22.684590778604,-29.5630689083302));
#6872=CARTESIAN_POINT('Ctrl Pts',(-6.1526343475503,22.9235206308181,-29.1050168213665));
#6873=CARTESIAN_POINT('Ctrl Pts',(-6.23137041649209,23.2918579837791,-28.3672659107362));
#6874=CARTESIAN_POINT('Ctrl Pts',(-6.20000000024182,23.4875199768472,-27.9489711211905));
#6875=CARTESIAN_POINT('Ctrl Pts',(-5.70000000024182,22.6083801512904,-29.6012343974163));
#6876=CARTESIAN_POINT('Ctrl Pts',(-5.82569392259686,22.659225846389,-29.480043317813));
#6877=CARTESIAN_POINT('Ctrl Pts',(-6.08844324577305,22.8539512978994,-29.0159138049988));
#6878=CARTESIAN_POINT('Ctrl Pts',(-6.20000000024182,23.1692153063163,-28.2644797757057));
#6879=CARTESIAN_POINT('Ctrl Pts',(-6.20000000024182,23.35,-27.8335781593385));
#6880=CARTESIAN_POINT('Origin',(-6.00000000024182,21.8667603025809,-29.6012343974163));
#6881=CARTESIAN_POINT('',(-7.00000000024194,23.9628355544952,-28.3478082470877));
#6882=CARTESIAN_POINT('Origin',(-5.40000000024194,23.9628355544952,-28.3478082470881));
#6883=CARTESIAN_POINT('Origin',(-7.00000000024182,23.35,-27.8335781593385));
#6884=CARTESIAN_POINT('Origin',(-7.00000000024182,21.3172030458578,-30.256171232452));
#6885=CARTESIAN_POINT('',(-7.00000000024194,37.0929056833593,-12.7));
#6886=CARTESIAN_POINT('',(-7.00000000024194,21.930038600353,-30.7704013202013));
#6887=CARTESIAN_POINT('Origin',(-7.00000000024183,36.0485798518935,-12.7));
#6888=CARTESIAN_POINT('Origin',(-6.00000000024182,21.8667603025809,-29.6012343974163));
#6889=CARTESIAN_POINT('Origin',(-6.00000000024182,21.8667603025809,-29.6012343974163));
#6890=CARTESIAN_POINT('Origin',(-10.2000000002418,7.20890374323767,-48.314337789638));
#6891=CARTESIAN_POINT('',(-11.699999999951,4.75480013065196,-51.2162382484066));
#6892=CARTESIAN_POINT('',(-11.6999999999485,14.4859170902518,-39.7094980176464));
#6893=CARTESIAN_POINT('',(-14.285786437577,7.20890374323785,-48.3143377896378));
#6894=CARTESIAN_POINT('Ctrl Pts',(-14.285786433207,7.20890234827456,-48.3143366099039));
#6895=CARTESIAN_POINT('Ctrl Pts',(-14.2848201922978,7.08081533111654,-48.4657952738424));
#6896=CARTESIAN_POINT('Ctrl Pts',(-14.2398455347021,6.93052184330622,-48.6435124550163));
#6897=CARTESIAN_POINT('Ctrl Pts',(-14.1418674253871,6.77040767596092,-48.8328426621054));
#6898=CARTESIAN_POINT('Ctrl Pts',(-14.087758424947,6.68975762222248,-48.928209035815));
#6899=CARTESIAN_POINT('Ctrl Pts',(-13.9807930558417,6.55229798978908,-49.0907509811961));
#6900=CARTESIAN_POINT('Ctrl Pts',(-13.7326310475059,6.2895314999082,-49.4014650803053));
#6901=CARTESIAN_POINT('Ctrl Pts',(-13.2408587309813,5.86803583486029,-49.8998706528003));
#6902=CARTESIAN_POINT('Ctrl Pts',(-12.530870236419,5.33582524212876,-50.5291944997248));
#6903=CARTESIAN_POINT('Ctrl Pts',(-11.9790334039585,4.94702001686998,-50.9889416569391));
#6904=CARTESIAN_POINT('Ctrl Pts',(-11.7011646789489,4.75409957078563,-51.2170646056887));
#6905=CARTESIAN_POINT('',(-12.6999999999505,7.20890374323768,-48.314337789638));
#6906=CARTESIAN_POINT('Origin',(-6.00000000024182,18.2332396974191,14.8));
#6907=CARTESIAN_POINT('',(-5.20000000024183,18.2332396974191,15.2355673895798));
#6908=CARTESIAN_POINT('',(-5.20000000024182,18.2332396974191,14.8));
#6909=CARTESIAN_POINT('Ctrl Pts',(-5.20000000024182,18.2332396974191,15.2355673895798));
#6910=CARTESIAN_POINT('Ctrl Pts',(-5.20000000024182,18.1222017499498,15.3332839893003));
#6911=CARTESIAN_POINT('Ctrl Pts',(-5.22402670843919,18.0117224462753,15.4475237915044));
#6912=CARTESIAN_POINT('Ctrl Pts',(-5.30834025180442,17.8175338642385,15.6868235515328));
#6913=CARTESIAN_POINT('Ctrl Pts',(-5.36822476589787,17.7336440818646,15.8118785811459));
#6914=CARTESIAN_POINT('Ctrl Pts',(-5.50226646214947,17.599602385613,16.0443877108948));
#6915=CARTESIAN_POINT('Ctrl Pts',(-5.59390924279552,17.5345356731569,16.1825778797408));
#6916=CARTESIAN_POINT('Ctrl Pts',(-5.70000000024182,17.4916198487096,16.2914411264171));
#6917=CARTESIAN_POINT('Origin',(-5.20000000024182,20.05,0.654835971063745));
#6918=CARTESIAN_POINT('',(-5.20000000024183,21.8667603025809,15.2355673895798));
#6919=CARTESIAN_POINT('',(-5.20000000024182,21.8667603025809,-18.8657800474507));
#6920=CARTESIAN_POINT('',(-5.20000000023872,20.05,14.55));
#6921=CARTESIAN_POINT('Origin',(-5.2000000002381,20.05,17.3));
#6922=CARTESIAN_POINT('Origin',(-5.2000000002381,20.05,17.3));
#6923=CARTESIAN_POINT('Origin',(-6.00000000024182,21.8667603025809,-18.8657800474507));
#6924=CARTESIAN_POINT('Ctrl Pts',(-5.70000000024182,22.6083801512904,16.291441126417));
#6925=CARTESIAN_POINT('Ctrl Pts',(-5.59390924279552,22.5654643268431,16.1825778797408));
#6926=CARTESIAN_POINT('Ctrl Pts',(-5.50226646214947,22.500397614387,16.0443877108947));
#6927=CARTESIAN_POINT('Ctrl Pts',(-5.36822476589787,22.3663559181354,15.8118785811459));
#6928=CARTESIAN_POINT('Ctrl Pts',(-5.30834025180442,22.2824661357615,15.6868235515328));
#6929=CARTESIAN_POINT('Ctrl Pts',(-5.22402670843919,22.0882775537247,15.4475237915044));
#6930=CARTESIAN_POINT('Ctrl Pts',(-5.20000000024182,21.9777982500502,15.3332839893003));
#6931=CARTESIAN_POINT('Ctrl Pts',(-5.20000000024182,21.8667603025809,15.2355673895798));
#6932=CARTESIAN_POINT('Origin',(-7.69999999993583,20.05,17.3000000000006));
#6933=CARTESIAN_POINT('',(-7.69999999993695,20.05,12.3000000000006));
#6934=CARTESIAN_POINT('Origin',(-7.69999999993583,20.05,17.3000000000006));
#6935=CARTESIAN_POINT('',(-7.69999999993644,20.05,14.5500000000006));
#6936=CARTESIAN_POINT('Origin',(-7.69999999993583,20.05,17.3000000000006));
#6937=CARTESIAN_POINT('Origin',(-10.1999999999358,20.05,17.3000000000011));
#6938=CARTESIAN_POINT('',(-12.699999999937,20.05,12.3000000000017));
#6939=CARTESIAN_POINT('Origin',(-12.6999999999358,20.05,17.3000000000017));
#6940=CARTESIAN_POINT('',(-10.1999999999369,20.05,12.3000000000011));
#6941=CARTESIAN_POINT('Origin',(107.684003848367,20.05,17.2999999999747));
#6942=CARTESIAN_POINT('',(107.684003848366,20.05,14.5499999999747));
#6943=CARTESIAN_POINT('Origin',(10.,0.,-12.7));
#6944=CARTESIAN_POINT('',(-11.6999999999423,37.0929056833584,-12.7));
#6945=CARTESIAN_POINT('',(-1.34999999998156,37.0929056833604,-12.7));
#6946=CARTESIAN_POINT('',(-11.6999999999423,56.7642135623731,-12.7));
#6947=CARTESIAN_POINT('',(-11.6999999999423,0.,-12.7));
#6948=CARTESIAN_POINT('',(7.33210678123045,37.7321067812003,-12.7));
#6949=CARTESIAN_POINT('Origin',(-17.1999999999425,0.,-33.));
#6950=CARTESIAN_POINT('',(-17.1999999999425,0.,-34.));
#6951=CARTESIAN_POINT('',(-18.1999999999425,0.,-33.));
#6952=CARTESIAN_POINT('Origin',(-18.1999999999425,0.,-52.7));
#6953=CARTESIAN_POINT('Origin',(-17.1999999999425,0.,-45.));
#6954=CARTESIAN_POINT('',(-17.1999999999425,0.,-44.));
#6955=CARTESIAN_POINT('Origin',(-15.6999999999426,0.,-44.));
#6956=CARTESIAN_POINT('',(-16.6999999999426,0.,-44.));
#6957=CARTESIAN_POINT('Origin',(-45.7972779042318,1.5,-9.17995339849658));
#6958=CARTESIAN_POINT('',(-44.9242475267323,27.1,-8.69228757032838));
#6959=CARTESIAN_POINT('',(-44.8575852834459,27.0285421243495,-8.83793325517091));
#6960=CARTESIAN_POINT('Ctrl Pts',(-44.9242475267323,27.1,-8.69228757032838));
#6961=CARTESIAN_POINT('Ctrl Pts',(-44.8975437733513,27.0829575576509,-8.74009323262474));
#6962=CARTESIAN_POINT('Ctrl Pts',(-44.8752388222122,27.0586515586236,-8.78943055603716));
#6963=CARTESIAN_POINT('Ctrl Pts',(-44.8575852834459,27.0285421243495,-8.83793325517091));
#6964=CARTESIAN_POINT('',(-45.4552577609062,27.1,-10.1196460192825));
#6965=CARTESIAN_POINT('Origin',(-45.7972779042318,27.1,-9.17995339849658));
#6966=CARTESIAN_POINT('',(-45.4552577609062,1.5,-10.1196460192825));
#6967=CARTESIAN_POINT('',(-45.4552577609062,1.5,-10.1196460192825));
#6968=CARTESIAN_POINT('',(-44.8575852834459,1.5,-8.83793325517091));
#6969=CARTESIAN_POINT('Origin',(-45.7972779042318,1.5,-9.17995339849658));
#6970=CARTESIAN_POINT('',(-44.8575852834459,1.57145787565054,-8.83793325517091));
#6971=CARTESIAN_POINT('',(-44.8575852834459,1.5,-8.83793325517091));
#6972=CARTESIAN_POINT('',(-44.8575852834459,6.02854212434946,-8.8379332551709));
#6973=CARTESIAN_POINT('Ctrl Pts',(-44.8575852834459,6.02854212434946,-8.83793325517091));
#6974=CARTESIAN_POINT('Ctrl Pts',(-44.8502787475929,6.01608027950632,-8.85800779744147));
#6975=CARTESIAN_POINT('Ctrl Pts',(-44.8437515981055,6.00264011031998,-8.87794733667108));
#6976=CARTESIAN_POINT('Ctrl Pts',(-44.8144876006581,5.93055657794931,-8.97737683201567));
#6977=CARTESIAN_POINT('Ctrl Pts',(-44.8034264371462,5.85883455783203,-9.0524138660104));
#6978=CARTESIAN_POINT('Ctrl Pts',(-44.7845046010083,5.5289976917724,-9.34576133264764));
#6979=CARTESIAN_POINT('Ctrl Pts',(-44.8441501699012,5.20562770621801,-9.50561303366301));
#6980=CARTESIAN_POINT('Ctrl Pts',(-44.9487317088691,4.5155012341448,-9.72260882774217));
#6981=CARTESIAN_POINT('Ctrl Pts',(-44.9925854782622,4.14667583269352,-9.7736453216243));
#6982=CARTESIAN_POINT('Ctrl Pts',(-44.9925854782622,3.8,-9.7736453216243));
#6983=CARTESIAN_POINT('Ctrl Pts',(-44.9925854782622,3.45332416730648,-9.7736453216243));
#6984=CARTESIAN_POINT('Ctrl Pts',(-44.9487317088691,3.0844987658552,-9.72260882774217));
#6985=CARTESIAN_POINT('Ctrl Pts',(-44.8441501699012,2.39437229378199,-9.50561303366301));
#6986=CARTESIAN_POINT('Ctrl Pts',(-44.7845046010083,2.0710023082276,-9.34576133264764));
#6987=CARTESIAN_POINT('Ctrl Pts',(-44.8034264371462,1.74116544216797,-9.0524138660104));
#6988=CARTESIAN_POINT('Ctrl Pts',(-44.8144876006581,1.66944342205069,-8.97737683201567));
#6989=CARTESIAN_POINT('Ctrl Pts',(-44.8437515981055,1.59735988968002,-8.87794733667108));
#6990=CARTESIAN_POINT('Ctrl Pts',(-44.8502787475929,1.58391972049368,-8.85800779744147));
#6991=CARTESIAN_POINT('Ctrl Pts',(-44.8575852834459,1.57145787565054,-8.83793325517091));
#6992=CARTESIAN_POINT('',(-44.8575852834459,22.5714578756505,-8.8379332551709));
#6993=CARTESIAN_POINT('',(-44.8575852834459,1.5,-8.83793325517091));
#6994=CARTESIAN_POINT('Ctrl Pts',(-44.8575852834459,27.0285421243495,-8.83793325517091));
#6995=CARTESIAN_POINT('Ctrl Pts',(-44.8502766249484,27.016076659177,-8.85801362935923));
#6996=CARTESIAN_POINT('Ctrl Pts',(-44.8437515981055,27.00264011032,-8.87794733667108));
#6997=CARTESIAN_POINT('Ctrl Pts',(-44.8144876006581,26.9305565779493,-8.97737683201567));
#6998=CARTESIAN_POINT('Ctrl Pts',(-44.8034264371462,26.858834557832,-9.0524138660104));
#6999=CARTESIAN_POINT('Ctrl Pts',(-44.7845046010083,26.5289976917724,-9.34576133264764));
#7000=CARTESIAN_POINT('Ctrl Pts',(-44.8441501699012,26.205627706218,-9.50561303366301));
#7001=CARTESIAN_POINT('Ctrl Pts',(-44.9487317088691,25.5155012341448,-9.72260882774217));
#7002=CARTESIAN_POINT('Ctrl Pts',(-44.9925854782622,25.1466758326935,-9.7736453216243));
#7003=CARTESIAN_POINT('Ctrl Pts',(-44.9925854782622,24.8,-9.7736453216243));
#7004=CARTESIAN_POINT('Ctrl Pts',(-44.9925854782622,24.4533241673065,-9.7736453216243));
#7005=CARTESIAN_POINT('Ctrl Pts',(-44.9487317088691,24.0844987658552,-9.72260882774217));
#7006=CARTESIAN_POINT('Ctrl Pts',(-44.8441501699012,23.394372293782,-9.50561303366301));
#7007=CARTESIAN_POINT('Ctrl Pts',(-44.7845046010083,23.0710023082276,-9.34576133264764));
#7008=CARTESIAN_POINT('Ctrl Pts',(-44.8034264371462,22.741165442168,-9.0524138660104));
#7009=CARTESIAN_POINT('Ctrl Pts',(-44.8144876006581,22.6694434220507,-8.97737683201567));
#7010=CARTESIAN_POINT('Ctrl Pts',(-44.8437515981055,22.59735988968,-8.87794733667108));
#7011=CARTESIAN_POINT('Ctrl Pts',(-44.8502787475929,22.5839197204937,-8.85800779744147));
#7012=CARTESIAN_POINT('Ctrl Pts',(-44.8575852834459,22.5714578756505,-8.83793325517091));
#7013=CARTESIAN_POINT('Origin',(-45.8096454849937,24.8,-7.80102372554508));
#7014=CARTESIAN_POINT('',(-46.1846234395495,24.8,-5.19192588652157));
#7015=CARTESIAN_POINT('Origin',(-45.3022114697693,24.8,-7.61633284814922));
#7016=CARTESIAN_POINT('',(-46.8301097152066,24.8,-6.57617567176208));
#7017=CARTESIAN_POINT('',(-46.5073665773781,24.8,-5.88405077914183));
#7018=CARTESIAN_POINT('Origin',(-46.3170795002181,24.8,-7.98571460294094));
#7019=CARTESIAN_POINT('',(-45.7020094643379,27.1,-6.51789688572861));
#7020=CARTESIAN_POINT('Origin',(-45.3022114697693,24.8,-7.61633284814922));
#7021=CARTESIAN_POINT('Ctrl Pts',(-45.7020094643383,27.1,-6.51789688573285));
#7022=CARTESIAN_POINT('Ctrl Pts',(-45.7989282311542,27.1,-7.78497124283614));
#7023=CARTESIAN_POINT('Ctrl Pts',(-44.9242475267339,27.1,-8.69228757032668));
#7024=CARTESIAN_POINT('Origin',(-44.5155651401203,1.5,-9.77762587595681));
#7025=CARTESIAN_POINT('',(-46.1846234395495,3.8,-5.19192588652157));
#7026=CARTESIAN_POINT('Origin',(-45.3022114697693,3.8,-7.61633284814922));
#7027=CARTESIAN_POINT('',(-45.7020094643379,1.5,-6.51789688572861));
#7028=CARTESIAN_POINT('Origin',(-45.3022114697693,3.8,-7.61633284814922));
#7029=CARTESIAN_POINT('',(-49.1776652667715,1.5,3.03138894925403));
#7030=CARTESIAN_POINT('',(-43.076309451642,1.5,-13.7319483808724));
#7031=CARTESIAN_POINT('',(-50.4598752311204,3.8,6.55423187330226));
#7032=CARTESIAN_POINT('Origin',(-49.5774632613401,3.8,4.12982491167464));
#7033=CARTESIAN_POINT('',(-50.4598752311204,24.8,6.55423187330226));
#7034=CARTESIAN_POINT('',(-50.4598752311204,2.5,6.55423187330226));
#7035=CARTESIAN_POINT('',(-49.1776652667715,27.1,3.03138894925403));
#7036=CARTESIAN_POINT('Origin',(-49.5774632613401,24.8,4.12982491167464));
#7037=CARTESIAN_POINT('',(-46.2412882858711,27.1,-5.03624050077627));
#7038=CARTESIAN_POINT('Origin',(-48.6377706405543,24.8,4.4718450550003));
#7039=CARTESIAN_POINT('',(-47.9429155513259,26.2085271317829,5.48655078771534));
#7040=CARTESIAN_POINT('',(-49.0375686351229,27.1,5.57028101742091));
#7041=CARTESIAN_POINT('Origin',(-48.8826081721118,26.2085271317829,5.14453064438967));
#7042=CARTESIAN_POINT('',(-49.4966390679177,25.3919957310566,6.83156666546388));
#7043=CARTESIAN_POINT('Origin',(-48.6377706405543,24.8,4.4718450550003));
#7044=CARTESIAN_POINT('',(-48.2240517078436,25.1625400213448,6.25896602954012));
#7045=CARTESIAN_POINT('Origin',(-49.1637443286295,25.1625400213448,5.91694588621445));
#7046=CARTESIAN_POINT('Origin',(-47.6980780197684,24.8,4.81386519832597));
#7047=CARTESIAN_POINT('Origin',(-50.1894771302347,12.441021994383,8.73512359701859));
#7048=CARTESIAN_POINT('',(-48.2384698462229,24.9837209302325,6.29857953916769));
#7049=CARTESIAN_POINT('',(-49.2497845094488,12.441021994383,9.07714374034426));
#7050=CARTESIAN_POINT('',(-49.5201826103345,25.1,6.89625201662793));
#7051=CARTESIAN_POINT('',(-50.5223718695229,12.6704777040948,9.64974437626805));
#7052=CARTESIAN_POINT('Origin',(-49.1781624670088,24.9837209302325,5.95655939584202));
#7053=CARTESIAN_POINT('Origin',(-49.1781624670088,2.5,5.95655939584202));
#7054=CARTESIAN_POINT('',(-48.2384698462229,13.5,6.29857953916769));
#7055=CARTESIAN_POINT('',(-48.2384698462229,2.5,6.29857953916769));
#7056=CARTESIAN_POINT('',(-49.5201826103345,13.0857864376269,6.89625201662792));
#7057=CARTESIAN_POINT('',(-49.5201826103345,2.5,6.89625201662793));
#7058=CARTESIAN_POINT('Origin',(-49.1781624670088,13.0857864376269,5.95655939584202));
#7059=CARTESIAN_POINT('Origin',(-44.674316077075,8.29289321881345,7.59582542148522));
#7060=CARTESIAN_POINT('',(-40.5124898304668,3.5,10.1747840679143));
#7061=CARTESIAN_POINT('',(-45.0163362204006,8.29289321881345,8.53551804227113));
#7062=CARTESIAN_POINT('',(-38.8415436383638,3.5,9.71878097242437));
#7063=CARTESIAN_POINT('Origin',(-40.1704696871412,3.5,9.23509144712842));
#7064=CARTESIAN_POINT('',(-44.0098530526863,9.,7.8376701841332));
#7065=CARTESIAN_POINT('Ctrl Pts',(-49.0375686351229,27.1,5.57028101742091));
#7066=CARTESIAN_POINT('Ctrl Pts',(-49.0375686351229,27.1,5.57028101742091));
#7067=CARTESIAN_POINT('Ctrl Pts',(-49.0375686351229,27.1,5.57028101742091));
#7068=CARTESIAN_POINT('Ctrl Pts',(-48.097876014337,27.1,5.91230116074658));
#7069=CARTESIAN_POINT('Ctrl Pts',(-48.097876014337,27.1,5.91230116074658));
#7070=CARTESIAN_POINT('Ctrl Pts',(-48.097876014337,27.1,5.91230116074658));
#7071=CARTESIAN_POINT('Ctrl Pts',(-47.9429155513259,26.2085271317829,5.48655078771533));
#7072=CARTESIAN_POINT('Ctrl Pts',(-47.7558558710113,26.4864917981288,4.97260853996067));
#7073=CARTESIAN_POINT('Ctrl Pts',(-47.7558558710113,27.1,4.97260853996067));
#7074=CARTESIAN_POINT('',(-47.7558558710113,27.1,4.97260853996068));
#7075=CARTESIAN_POINT('Origin',(-48.6955484917972,27.1,4.630588396635));
#7076=CARTESIAN_POINT('Origin',(-48.097876014337,27.1,5.91230116074658));
#7077=CARTESIAN_POINT('Origin',(-46.8684622959668,27.1,0.104984060661599));
#7078=CARTESIAN_POINT('',(-40.4766253793551,27.1,-15.0269128668705));
#7079=CARTESIAN_POINT('',(-49.2495593813385,27.1,9.0765252059447));
#7080=CARTESIAN_POINT('Origin',(-41.416318000141,27.1,-15.3689330101962));
#7081=CARTESIAN_POINT('',(-47.8044893128709,27.1,-10.9746963775967));
#7082=CARTESIAN_POINT('Origin',(-47.4624691695453,27.1,-11.9143889983826));
#7083=CARTESIAN_POINT('',(-46.0805989690609,27.1,-10.3472516053109));
#7084=CARTESIAN_POINT('',(-49.9772612559088,27.1,5.22826087409525));
#7085=CARTESIAN_POINT('Ctrl Pts',(-49.9772612559091,27.1,5.22826087409101));
#7086=CARTESIAN_POINT('Ctrl Pts',(-50.0751361284093,27.1,3.94868680165956));
#7087=CARTESIAN_POINT('Ctrl Pts',(-49.1776652667745,27.1,3.0313889492571));
#7088=CARTESIAN_POINT('',(-49.9772612559088,27.1,5.22826087409525));
#7089=CARTESIAN_POINT('Origin',(-52.4114925726269,1.5,17.7638652508338));
#7090=CARTESIAN_POINT('',(-40.4766253793551,13.5,-15.0269128668705));
#7091=CARTESIAN_POINT('',(-50.5037453635129,13.5,12.5223728717653));
#7092=CARTESIAN_POINT('',(-40.4766253793551,0.75,-15.0269128668705));
#7093=CARTESIAN_POINT('Origin',(-45.8052822595833,8.5,14.2324735883937));
#7094=CARTESIAN_POINT('',(-32.6985023712122,3.5,-7.15908619585251));
#7095=CARTESIAN_POINT('',(-41.1068191556538,3.5,15.942574305022));
#7096=CARTESIAN_POINT('',(-39.1766999940116,12.6138618631626,-16.00753392644));
#7097=CARTESIAN_POINT('',(-27.1804617442911,-4.2630635799201,0.377901235764567));
#7098=CARTESIAN_POINT('',(-40.4178395965051,13.5428768014024,-15.3137888584408));
#7099=CARTESIAN_POINT('',(-34.5034828960326,9.11587623371547,-18.6196666042619));
#7100=CARTESIAN_POINT('Origin',(-41.416318000141,14.5,-15.3689330101962));
#7101=CARTESIAN_POINT('Origin',(-53.5269331433919,1.5,12.0570998312649));
#7102=CARTESIAN_POINT('',(-53.8689532867176,1.5,12.9967924520509));
#7103=CARTESIAN_POINT('',(-52.587240522606,1.5,12.3991199745906));
#7104=CARTESIAN_POINT('Origin',(-53.5269331433919,1.5,12.0570998312649));
#7105=CARTESIAN_POINT('',(-53.8689532867176,3.5,12.9967924520509));
#7106=CARTESIAN_POINT('',(-53.8689532867176,1.5,12.9967924520509));
#7107=CARTESIAN_POINT('',(-52.587240522606,3.5,12.3991199745906));
#7108=CARTESIAN_POINT('Origin',(-53.5269331433919,3.5,12.0570998312649));
#7109=CARTESIAN_POINT('',(-52.587240522606,1.5,12.3991199745906));
#7110=CARTESIAN_POINT('Origin',(-52.9292606659317,1.5,13.3388125953765));
#7111=CARTESIAN_POINT('',(-54.3387995971106,1.5,12.825782380388));
#7112=CARTESIAN_POINT('',(-39.2107337843019,1.5,18.3319480382705));
#7113=CARTESIAN_POINT('',(-54.3387995971106,3.5,12.825782380388));
#7114=CARTESIAN_POINT('',(-54.3387995971106,1.5,12.825782380388));
#7115=CARTESIAN_POINT('',(-52.9292606659317,3.5,13.3388125953765));
#7116=CARTESIAN_POINT('Origin',(-46.2671242146248,1.5,-9.35096347015941));
#7117=CARTESIAN_POINT('',(-45.9251040712991,1.5,-10.2906560909453));
#7118=CARTESIAN_POINT('',(-47.2068168354107,1.5,-9.69298361348508));
#7119=CARTESIAN_POINT('Origin',(-46.2671242146248,1.5,-9.35096347015941));
#7120=CARTESIAN_POINT('',(-45.9251040712991,3.5,-10.2906560909453));
#7121=CARTESIAN_POINT('',(-45.9251040712991,1.5,-10.2906560909453));
#7122=CARTESIAN_POINT('',(-47.2068168354107,3.5,-9.69298361348508));
#7123=CARTESIAN_POINT('Origin',(-46.2671242146248,3.5,-9.35096347015941));
#7124=CARTESIAN_POINT('',(-47.2068168354107,1.5,-9.69298361348508));
#7125=CARTESIAN_POINT('Origin',(-14.1999999999043,1.5,-7.7));
#7126=CARTESIAN_POINT('',(-31.9716540344729,1.5,-5.21201561221985));
#7127=CARTESIAN_POINT('',(-54.9364720745708,1.5,11.5440696162764));
#7128=CARTESIAN_POINT('',(-49.6323887665125,1.5,-3.02877950351988));
#7129=CARTESIAN_POINT('Origin',(-53.9967794537849,1.5,11.8860897596021));
#7130=CARTESIAN_POINT('',(-49.9772612559088,1.5,5.22826087409525));
#7131=CARTESIAN_POINT('',(-43.076309451642,1.5,-13.7319483808724));
#7132=CARTESIAN_POINT('Ctrl Pts',(-49.9772612559088,1.5,5.22826087409525));
#7133=CARTESIAN_POINT('Ctrl Pts',(-50.0751361283678,1.5,3.94868680164084));
#7134=CARTESIAN_POINT('Ctrl Pts',(-49.1776652667715,1.5,3.03138894925403));
#7135=CARTESIAN_POINT('',(-44.9024134752006,1.5,-8.71476881056984));
#7136=CARTESIAN_POINT('Ctrl Pts',(-45.7020094643379,1.5,-6.51789688572861));
#7137=CARTESIAN_POINT('Ctrl Pts',(-45.799884336797,1.5,-7.79747095818298));
#7138=CARTESIAN_POINT('Ctrl Pts',(-44.9024134752006,1.5,-8.71476881056984));
#7139=CARTESIAN_POINT('',(-43.076309451642,1.5,-13.7319483808724));
#7140=CARTESIAN_POINT('Origin',(-55.2784922178965,1.5,12.4837622370624));
#7141=CARTESIAN_POINT('',(-54.9364720745708,3.5,11.5440696162764));
#7142=CARTESIAN_POINT('',(-55.2784922178965,3.5,12.4837622370624));
#7143=CARTESIAN_POINT('',(-54.9364720745708,1.5,11.5440696162764));
#7144=CARTESIAN_POINT('Origin',(-53.9967794537849,1.5,11.8860897596021));
#7145=CARTESIAN_POINT('Origin',(-53.9967794537849,3.5,11.8860897596021));
#7146=CARTESIAN_POINT('Origin',(-47.4624691695453,0.75,-11.9143889983826));
#7147=CARTESIAN_POINT('',(-47.8044893128709,3.5,-10.9746963775967));
#7148=CARTESIAN_POINT('Origin',(-47.4624691695453,3.5,-11.9143889983826));
#7149=CARTESIAN_POINT('',(-47.8044893128709,0.75,-10.9746963775967));
#7150=CARTESIAN_POINT('Origin',(-41.416318000141,0.75,-15.3689330101962));
#7151=CARTESIAN_POINT('Origin',(-41.416318000141,13.0857864376269,-15.3689330101962));
#7152=CARTESIAN_POINT('Origin',(-39.8411630184002,0.75,-16.249378689088));
#7153=CARTESIAN_POINT('',(-39.0342945401267,11.906755081976,-16.8401098113157));
#7154=CARTESIAN_POINT('Origin',(-39.8411630184002,11.906755081976,-16.249378689088));
#7155=CARTESIAN_POINT('',(-39.0342945401267,0.75,-16.8401098113157));
#7156=CARTESIAN_POINT('Origin',(-39.8411630184003,11.906755081976,-16.249378689088));
#7157=CARTESIAN_POINT('Origin',(-39.8411630184003,11.906755081976,-16.249378689088));
#7158=CARTESIAN_POINT('Origin',(-39.8411630184003,11.906755081976,-16.249378689088));
#7159=CARTESIAN_POINT('Origin',(-35.1679459204212,8.40876945252893,-18.8615113669099));
#7160=CARTESIAN_POINT('Origin',(-14.2000000000922,3.5,19.7999999987397));
#7161=CARTESIAN_POINT('',(-15.6999999999426,3.5,27.4499999993698));
#7162=CARTESIAN_POINT('Origin',(-33.8655819085265,3.5,-8.08744535681088));
#7163=CARTESIAN_POINT('',(-50.4598752311204,3.5,6.55423187330226));
#7164=CARTESIAN_POINT('',(-50.4598752311204,3.5,6.55423187330226));
#7165=CARTESIAN_POINT('',(-49.4032214771595,3.5,3.65109954411282));
#7166=CARTESIAN_POINT('',(-46.9590395882172,3.5,-10.6669778432542));
#7167=CARTESIAN_POINT('Origin',(-16.6999999999426,0.,-43.));
#7168=CARTESIAN_POINT('',(-15.6999999999426,0.,-43.));
#7169=CARTESIAN_POINT('Origin',(-15.6999999999426,0.,-34.));
#7170=CARTESIAN_POINT('',(-15.6999999999426,0.,-35.));
#7171=CARTESIAN_POINT('Origin',(-16.6999999999426,0.,-35.));
#7172=CARTESIAN_POINT('',(-16.6999999999426,0.,-34.));
#7173=CARTESIAN_POINT('Origin',(-34.9999999999425,0.,-34.));
#7174=CARTESIAN_POINT('Origin',(-16.6999999999425,0.,-13.5));
#7175=CARTESIAN_POINT('',(-15.6999999999425,0.,-13.5));
#7176=CARTESIAN_POINT('',(-16.6999999999425,0.,-14.5));
#7177=CARTESIAN_POINT('Origin',(-15.6999999999425,0.,-6.9));
#7178=CARTESIAN_POINT('',(-15.6999999999425,0.,-7.9));
#7179=CARTESIAN_POINT('Origin',(-16.6999999999426,0.,-7.9));
#7180=CARTESIAN_POINT('',(-16.6999999999426,0.,-6.9));
#7181=CARTESIAN_POINT('Origin',(-19.6999999999425,0.,-6.9));
#7182=CARTESIAN_POINT('',(-18.6999999999425,0.,-6.9));
#7183=CARTESIAN_POINT('Origin',(-18.6999999999425,0.,-7.9));
#7184=CARTESIAN_POINT('',(-19.6999999999425,0.,-7.9));
#7185=CARTESIAN_POINT('Origin',(-19.6999999999425,0.,-14.5));
#7186=CARTESIAN_POINT('',(-19.6999999999425,0.,-13.5));
#7187=CARTESIAN_POINT('Origin',(-18.6999999999425,0.,-13.5));
#7188=CARTESIAN_POINT('',(-18.6999999999425,0.,-14.5));
#7189=CARTESIAN_POINT('Origin',(-15.6999999999425,0.,-14.5));
#7190=CARTESIAN_POINT('Origin',(-27.8449247686797,-4.97017036110665,0.136056473116591));
#7191=CARTESIAN_POINT('',(-27.0380562904062,-4.97017036110665,-0.45467464911117));
#7192=CARTESIAN_POINT('Origin',(-17.6999999999426,1.5,12.3));
#7193=CARTESIAN_POINT('Ctrl Pts',(-13.992893218756,7.84306234379288,-47.5644651581624));
#7194=CARTESIAN_POINT('Ctrl Pts',(-14.0582354409855,7.7660324592034,-47.6555505778174));
#7195=CARTESIAN_POINT('Ctrl Pts',(-14.1751594330772,7.60783717464814,-47.8426115341974));
#7196=CARTESIAN_POINT('Ctrl Pts',(-14.3270537862513,7.26656954169094,-48.2461497937731));
#7197=CARTESIAN_POINT('Ctrl Pts',(-14.2658735303043,6.97477770026163,-48.5911844834929));
#7198=CARTESIAN_POINT('Ctrl Pts',(-14.1408889973179,6.77067010544125,-48.8325353050352));
#7199=CARTESIAN_POINT('Ctrl Pts',(-14.0867718365255,6.6900608769418,-48.9278531864661));
#7200=CARTESIAN_POINT('Ctrl Pts',(-13.9797910779397,6.55266494941954,-49.0903195562905));
#7201=CARTESIAN_POINT('Ctrl Pts',(-13.7315972102265,6.28999923706005,-49.4009135129962));
#7202=CARTESIAN_POINT('Ctrl Pts',(-13.2397760195565,5.86861180901076,-49.8991909143677));
#7203=CARTESIAN_POINT('Ctrl Pts',(-12.5297405331629,5.33647754042085,-50.5284229770354));
#7204=CARTESIAN_POINT('Ctrl Pts',(-11.9778793441915,4.94770706622235,-50.9881318547073));
#7205=CARTESIAN_POINT('Ctrl Pts',(-11.6999999999498,4.75480013065196,-51.2162382484066));
#7206=CARTESIAN_POINT('Ctrl Pts',(-14.1299702116391,7.89154741421566,-47.5071330849029));
#7207=CARTESIAN_POINT('Ctrl Pts',(-14.1940895865895,7.80993890717448,-47.6035861335506));
#7208=CARTESIAN_POINT('Ctrl Pts',(-14.3086491899388,7.64131778616709,-47.802858901086));
#7209=CARTESIAN_POINT('Ctrl Pts',(-14.4569445353852,7.2721368358767,-48.2392781679728));
#7210=CARTESIAN_POINT('Ctrl Pts',(-14.3972851102889,6.95363071212682,-48.6158447057159));
#7211=CARTESIAN_POINT('Ctrl Pts',(-14.2750033898335,6.73475745550442,-48.8747149548153));
#7212=CARTESIAN_POINT('Ctrl Pts',(-14.2220048155246,6.64855608265097,-48.9766830121413));
#7213=CARTESIAN_POINT('Ctrl Pts',(-14.1171335717008,6.50243515306575,-49.1495146959498));
#7214=CARTESIAN_POINT('Ctrl Pts',(-13.8733068787331,6.22597017281087,-49.476589140995));
#7215=CARTESIAN_POINT('Ctrl Pts',(-13.3881851301337,5.7897673722562,-49.9924529517086));
#7216=CARTESIAN_POINT('Ctrl Pts',(-12.6845912248144,5.24719022675241,-50.6342825233978));
#7217=CARTESIAN_POINT('Ctrl Pts',(-12.136068540905,4.85366511595528,-51.09924566571));
#7218=CARTESIAN_POINT('Ctrl Pts',(-11.8596448972796,4.65891036126522,-51.3296248896012));
#7219=CARTESIAN_POINT('Ctrl Pts',(-14.4039865061362,7.93143796554574,-47.3442961665406));
#7220=CARTESIAN_POINT('Ctrl Pts',(-14.4656962051206,7.84408880775798,-47.4543304402094));
#7221=CARTESIAN_POINT('Ctrl Pts',(-14.5756055670333,7.66132610922364,-47.6836743094024));
#7222=CARTESIAN_POINT('Ctrl Pts',(-14.7167877002609,7.24683498053304,-48.1946968676701));
#7223=CARTESIAN_POINT('Ctrl Pts',(-14.6601848784307,6.87054107567244,-48.6307145943081));
#7224=CARTESIAN_POINT('Ctrl Pts',(-14.5432561473188,6.6144847820795,-48.9181046591553));
#7225=CARTESIAN_POINT('Ctrl Pts',(-14.4924661233929,6.51395258537724,-49.0306791283582));
#7226=CARTESIAN_POINT('Ctrl Pts',(-14.391768158137,6.34452912135919,-49.2192468954641));
#7227=CARTESIAN_POINT('Ctrl Pts',(-14.1565423712352,6.02858539984023,-49.5690756250567));
#7228=CARTESIAN_POINT('Ctrl Pts',(-13.6846635422815,5.54562411249614,-50.1054545860252));
#7229=CARTESIAN_POINT('Ctrl Pts',(-12.9936728749739,4.96654712235949,-50.7588941600961));
#7230=CARTESIAN_POINT('Ctrl Pts',(-12.4518920810094,4.55632257436414,-51.2284155436163));
#7231=CARTESIAN_POINT('Ctrl Pts',(-12.1782921748981,4.35451037585601,-51.4603736498284));
#7232=CARTESIAN_POINT('Ctrl Pts',(-14.6189064326893,7.84885901664841,-47.1202823498095));
#7233=CARTESIAN_POINT('Ctrl Pts',(-14.6819947915492,7.76401915935151,-47.2445724715051));
#7234=CARTESIAN_POINT('Ctrl Pts',(-14.7945239519256,7.58365214924362,-47.5052365930811));
#7235=CARTESIAN_POINT('Ctrl Pts',(-14.939623869668,7.1514568521254,-48.0930444676782));
#7236=CARTESIAN_POINT('Ctrl Pts',(-14.8813006055221,6.71680172293098,-48.5737386907027));
#7237=CARTESIAN_POINT('Ctrl Pts',(-14.7613604311323,6.41857533456382,-48.8705184039991));
#7238=CARTESIAN_POINT('Ctrl Pts',(-14.7093240404215,6.30172077069884,-48.9859982201958));
#7239=CARTESIAN_POINT('Ctrl Pts',(-14.6062430980049,6.10524992401719,-49.1761414899408));
#7240=CARTESIAN_POINT('Ctrl Pts',(-14.3660462228554,5.7430970260209,-49.5206829067128));
#7241=CARTESIAN_POINT('Ctrl Pts',(-13.8861690369148,5.20628689775342,-50.0365867793608));
#7242=CARTESIAN_POINT('Ctrl Pts',(-13.1873501107763,4.58744903703764,-50.6655242718534));
#7243=CARTESIAN_POINT('Ctrl Pts',(-12.6410594973773,4.15947831981339,-51.120822382978));
#7244=CARTESIAN_POINT('Ctrl Pts',(-12.3656633560309,3.9504037700656,-51.3468810571659));
#7245=CARTESIAN_POINT('Ctrl Pts',(-14.6999999999426,7.78132575301022,-47.0049959138834));
#7246=CARTESIAN_POINT('Ctrl Pts',(-14.7653422221721,7.69949382296183,-47.1351488702558));
#7247=CARTESIAN_POINT('Ctrl Pts',(-14.8822662142638,7.52400807862331,-47.4090610000214));
#7248=CARTESIAN_POINT('Ctrl Pts',(-15.0341605674379,7.08996385572467,-48.0315333197667));
#7249=CARTESIAN_POINT('Ctrl Pts',(-14.972980311491,6.6283015966831,-48.5299322718301));
#7250=CARTESIAN_POINT('Ctrl Pts',(-14.8479957785046,6.31092224592221,-48.8263964412791));
#7251=CARTESIAN_POINT('Ctrl Pts',(-14.7938786177123,6.18673991086717,-48.9413467941018));
#7252=CARTESIAN_POINT('Ctrl Pts',(-14.6868978591264,5.97830224073085,-49.1288075135732));
#7253=CARTESIAN_POINT('Ctrl Pts',(-14.4387039914132,5.59666270378269,-49.4641973938047));
#7254=CARTESIAN_POINT('Ctrl Pts',(-13.9468828007432,5.0396410487432,-49.9617501139065));
#7255=CARTESIAN_POINT('Ctrl Pts',(-13.2368473143496,4.40845923875782,-50.5722843579763));
#7256=CARTESIAN_POINT('Ctrl Pts',(-12.6849861253782,3.97562558106986,-51.0183255012508));
#7257=CARTESIAN_POINT('Ctrl Pts',(-12.4071067811365,3.76473779895559,-51.2403519005694));
#7258=CARTESIAN_POINT('',(-12.6999999994067,3.98995245531384,-51.005087157435));
#7259=CARTESIAN_POINT('',(-14.6999999999506,6.01279153720994,-49.0962320890264));
#7260=CARTESIAN_POINT('Ctrl Pts',(-12.700046004296,3.98996356942031,-51.0051548683533));
#7261=CARTESIAN_POINT('Ctrl Pts',(-12.878873293174,4.12942444821334,-50.8607629649248));
#7262=CARTESIAN_POINT('Ctrl Pts',(-13.3306841133485,4.49187490145405,-50.4915974342372));
#7263=CARTESIAN_POINT('Ctrl Pts',(-13.9468828007432,5.0396410487432,-49.9617501139065));
#7264=CARTESIAN_POINT('Ctrl Pts',(-14.4324105671462,5.58953496372679,-49.4705641596583));
#7265=CARTESIAN_POINT('Ctrl Pts',(-14.6405309647686,5.90707064060278,-49.191409418529));
#7266=CARTESIAN_POINT('Ctrl Pts',(-14.7008881631085,6.01299071135079,-49.09703912591));
#7267=CARTESIAN_POINT('',(-14.6999999999502,7.78132575300079,-47.0049959138985));
#7268=CARTESIAN_POINT('Ctrl Pts',(-14.6999999999507,6.0127915372101,-49.0962320890262));
#7269=CARTESIAN_POINT('Ctrl Pts',(-14.6999999999507,6.08492114680184,-49.0747761643123));
#7270=CARTESIAN_POINT('Ctrl Pts',(-14.6999999999507,6.15551719065193,-49.0468154746954));
#7271=CARTESIAN_POINT('Ctrl Pts',(-14.6999999999507,6.50869734440237,-48.8789725318234));
#7272=CARTESIAN_POINT('Ctrl Pts',(-14.6999999999506,6.77137694260228,-48.6558864545346));
#7273=CARTESIAN_POINT('Ctrl Pts',(-14.6999999999506,7.01920450659166,-48.3937314659494));
#7274=CARTESIAN_POINT('Ctrl Pts',(-14.6999999999505,7.04966828075577,-48.3603909267953));
#7275=CARTESIAN_POINT('Ctrl Pts',(-14.6999999999505,7.09152272885172,-48.3130685524201));
#7276=CARTESIAN_POINT('Ctrl Pts',(-14.6999999999505,7.10344992375622,-48.2994044977674));
#7277=CARTESIAN_POINT('Ctrl Pts',(-14.6999999999505,7.12336390807076,-48.276290264938));
#7278=CARTESIAN_POINT('Ctrl Pts',(-14.6999999999505,7.13140458895049,-48.2668735375167));
#7279=CARTESIAN_POINT('Ctrl Pts',(-14.6999999999505,7.14728866771646,-48.2481039865476));
#7280=CARTESIAN_POINT('Ctrl Pts',(-14.6999999999505,7.15513623773008,-48.2387485601437));
#7281=CARTESIAN_POINT('Ctrl Pts',(-14.6999999999505,7.17398826079072,-48.2160742410262));
#7282=CARTESIAN_POINT('Ctrl Pts',(-14.6999999999504,7.1849572460326,-48.2027144874099));
#7283=CARTESIAN_POINT('Ctrl Pts',(-14.6999999999504,7.21995571500377,-48.1595437142208));
#7284=CARTESIAN_POINT('Ctrl Pts',(-14.6999999999505,7.24370573342501,-48.1294102511595));
#7285=CARTESIAN_POINT('Ctrl Pts',(-14.6999999999505,7.31975179731478,-48.0300414949969));
#7286=CARTESIAN_POINT('Ctrl Pts',(-14.6999999999504,7.37070254317049,-47.9588360852741));
#7287=CARTESIAN_POINT('Ctrl Pts',(-14.6999999999504,7.52308685693949,-47.7278409432292));
#7288=CARTESIAN_POINT('Ctrl Pts',(-14.6999999999504,7.61709951381993,-47.5565828242198));
#7289=CARTESIAN_POINT('Ctrl Pts',(-14.6999999999503,7.73059082646538,-47.2590367589744));
#7290=CARTESIAN_POINT('Ctrl Pts',(-14.6999999999503,7.76566426243086,-47.132411587717));
#7291=CARTESIAN_POINT('Ctrl Pts',(-14.6999999999502,7.78132575300069,-47.0049959138986));
#7292=CARTESIAN_POINT('',(-14.2438530443484,7.59124218430499,-47.8587134625018));
#7293=CARTESIAN_POINT('Ctrl Pts',(-14.6999999999426,7.78132575301021,-47.0049959138834));
#7294=CARTESIAN_POINT('Ctrl Pts',(-14.6999999999436,7.78117762963489,-47.0062009868917));
#7295=CARTESIAN_POINT('Ctrl Pts',(-14.6999326412797,7.78109275072965,-47.0074289333027));
#7296=CARTESIAN_POINT('Ctrl Pts',(-14.6996794036814,7.78099888431149,-47.0101935977195));
#7297=CARTESIAN_POINT('Ctrl Pts',(-14.6994599232945,7.7810170304228,-47.0117715191355));
#7298=CARTESIAN_POINT('Ctrl Pts',(-14.6985179053979,7.78124023736722,-47.0172954905602));
#7299=CARTESIAN_POINT('Ctrl Pts',(-14.697473354622,7.78171343922056,-47.0214634505501));
#7300=CARTESIAN_POINT('Ctrl Pts',(-14.6922307931464,7.78431940379321,-47.0396002825415));
#7301=CARTESIAN_POINT('Ctrl Pts',(-14.6847389899135,7.78871745073478,-47.0579719959353));
#7302=CARTESIAN_POINT('Ctrl Pts',(-14.6394362395899,7.8121098556118,-47.150476275607));
#7303=CARTESIAN_POINT('Ctrl Pts',(-14.5756349217746,7.83858311657251,-47.2455739163097));
#7304=CARTESIAN_POINT('Ctrl Pts',(-14.4238719135525,7.83920241226064,-47.4271424225748));
#7305=CARTESIAN_POINT('Ctrl Pts',(-14.3647860414054,7.82629272719666,-47.4898994624802));
#7306=CARTESIAN_POINT('Ctrl Pts',(-14.2919247526245,7.79287052710205,-47.5774251866125));
#7307=CARTESIAN_POINT('Ctrl Pts',(-14.2666469368824,7.77643301644079,-47.6103180085782));
#7308=CARTESIAN_POINT('Ctrl Pts',(-14.2311081202235,7.73576014354546,-47.6761630976935));
#7309=CARTESIAN_POINT('Ctrl Pts',(-14.2226544250211,7.7148420009232,-47.7049080455071));
#7310=CARTESIAN_POINT('Ctrl Pts',(-14.2172600105993,7.66338668157128,-47.7720202115993));
#7311=CARTESIAN_POINT('Ctrl Pts',(-14.2259238215001,7.63020023223408,-47.8122850689219));
#7312=CARTESIAN_POINT('Ctrl Pts',(-14.2438530443484,7.59124218430499,-47.8587134625018));
#7313=CARTESIAN_POINT('',(-14.2918491973769,7.21511110779745,-48.306969024216));
#7314=CARTESIAN_POINT('Ctrl Pts',(-14.2438530443484,7.59124218430499,-47.8587134625018));
#7315=CARTESIAN_POINT('Ctrl Pts',(-14.2640433001882,7.54737118323791,-47.9109968856342));
#7316=CARTESIAN_POINT('Ctrl Pts',(-14.2806193513963,7.50287573846292,-47.9640244917989));
#7317=CARTESIAN_POINT('Ctrl Pts',(-14.3181070023842,7.36073908262998,-48.1334163620271));
#7318=CARTESIAN_POINT('Ctrl Pts',(-14.3137405322268,7.2903090237326,-48.2173516377447));
#7319=CARTESIAN_POINT('Ctrl Pts',(-14.3039935545017,7.24068843920866,-48.2764871476177));
#7320=CARTESIAN_POINT('Ctrl Pts',(-14.3006509540666,7.22998042723886,-48.2892484593522));
#7321=CARTESIAN_POINT('Ctrl Pts',(-14.2956466219007,7.2201260564743,-48.3009924411137));
#7322=CARTESIAN_POINT('Ctrl Pts',(-14.2939200454778,7.21723728170669,-48.3044351488212));
#7323=CARTESIAN_POINT('Ctrl Pts',(-14.2918491973769,7.21511110779745,-48.306969024216));
#7324=CARTESIAN_POINT('Ctrl Pts',(-14.2918491973777,7.21511110779794,-48.3069690242154));
#7325=CARTESIAN_POINT('Ctrl Pts',(-14.2902387976809,7.21345768386144,-48.3089394981318));
#7326=CARTESIAN_POINT('Ctrl Pts',(-14.2886237464027,7.21180317456052,-48.3109050898279));
#7327=CARTESIAN_POINT('Ctrl Pts',(-14.286598292874,7.20973287669233,-48.3133569823782));
#7328=CARTESIAN_POINT('Ctrl Pts',(-14.2861926054604,7.20931843937372,-48.3138474244793));
#7329=CARTESIAN_POINT('Ctrl Pts',(-14.285786437577,7.20890374323785,-48.3143377896378));
#7330=CARTESIAN_POINT('',(-12.6609296087292,3.95954484771337,-51.0366277216655));
#7331=CARTESIAN_POINT('Ctrl Pts',(-11.6999999999498,4.75480013065196,-51.2162382484066));
#7332=CARTESIAN_POINT('Ctrl Pts',(-11.7014951797717,4.75442051378822,-51.2166871334273));
#7333=CARTESIAN_POINT('Ctrl Pts',(-11.7029903474559,4.75403825350874,-51.2171337524428));
#7334=CARTESIAN_POINT('Ctrl Pts',(-11.704485492279,4.75365335621514,-51.2175781057311));
#7335=CARTESIAN_POINT('Ctrl Pts',(-11.7481945098207,4.74240128063112,-51.2305683160274));
#7336=CARTESIAN_POINT('Ctrl Pts',(-11.7918198713351,4.72891545104308,-51.241605966025));
#7337=CARTESIAN_POINT('Ctrl Pts',(-11.8350946509705,4.71335447016668,-51.2506970896341));
#7338=CARTESIAN_POINT('Ctrl Pts',(-11.8784577645783,4.69776172567956,-51.2598067703581));
#7339=CARTESIAN_POINT('Ctrl Pts',(-11.9214696281306,4.68008467528584,-51.2669623124674));
#7340=CARTESIAN_POINT('Ctrl Pts',(-11.9638538755443,4.66044749857635,-51.2721330880564));
#7341=CARTESIAN_POINT('Ctrl Pts',(-11.9910064637952,4.64786734896559,-51.2754456380974));
#7342=CARTESIAN_POINT('Ctrl Pts',(-12.0179012882563,4.63448206717355,-51.2779428780208));
#7343=CARTESIAN_POINT('Ctrl Pts',(-12.0444617514907,4.62031863989342,-51.2796078164389));
#7344=CARTESIAN_POINT('Ctrl Pts',(-12.0853119869049,4.59853515917782,-51.2821685069557));
#7345=CARTESIAN_POINT('Ctrl Pts',(-12.1252312924887,4.5749881563244,-51.2827529669863));
#7346=CARTESIAN_POINT('Ctrl Pts',(-12.1639405763381,4.54978976996462,-51.2813104526009));
#7347=CARTESIAN_POINT('Ctrl Pts',(-12.2011686264456,4.52555561482819,-51.2799231368855));
#7348=CARTESIAN_POINT('Ctrl Pts',(-12.2372780474079,4.49979333545205,-51.276661105569));
#7349=CARTESIAN_POINT('Ctrl Pts',(-12.2719971676284,4.47258740204085,-51.2714403101753));
#7350=CARTESIAN_POINT('Ctrl Pts',(-12.2828245314868,4.46410307011428,-51.2698121741223));
#7351=CARTESIAN_POINT('Ctrl Pts',(-12.2935164732896,4.45547826213246,-51.267993239922));
#7352=CARTESIAN_POINT('Ctrl Pts',(-12.3040641295452,4.44671538085702,-51.2659801133005));
#7353=CARTESIAN_POINT('Ctrl Pts',(-12.3166255721781,4.43627946715529,-51.26358263523));
#7354=CARTESIAN_POINT('Ctrl Pts',(-12.3289823871736,4.42564771363772,-51.2609097401069));
#7355=CARTESIAN_POINT('Ctrl Pts',(-12.3411240267702,4.41482805919231,-51.2579643622955));
#7356=CARTESIAN_POINT('Ctrl Pts',(-12.3743908459332,4.38518334070269,-51.249894335983));
#7357=CARTESIAN_POINT('Ctrl Pts',(-12.405868427024,4.35428555642574,-51.2398245196733));
#7358=CARTESIAN_POINT('Ctrl Pts',(-12.4353695954005,4.32232658486321,-51.2278573847724));
#7359=CARTESIAN_POINT('Ctrl Pts',(-12.4639742485199,4.29133881909289,-51.2162539208586));
#7360=CARTESIAN_POINT('Ctrl Pts',(-12.4907211018105,4.25935251398886,-51.202866376181));
#7361=CARTESIAN_POINT('Ctrl Pts',(-12.5154085718501,4.22654353787159,-51.1877521015175));
#7362=CARTESIAN_POINT('Ctrl Pts',(-12.5380033942112,4.1965156335934,-51.1739189970887));
#7363=CARTESIAN_POINT('Ctrl Pts',(-12.558873110109,4.16579810682336,-51.1586390181299));
#7364=CARTESIAN_POINT('Ctrl Pts',(-12.5778356211624,4.13453586646273,-51.1419314440096));
#7365=CARTESIAN_POINT('Ctrl Pts',(-12.5983453405917,4.10072284577546,-51.1238606486076));
#7366=CARTESIAN_POINT('Ctrl Pts',(-12.6165055069127,4.06646391662505,-51.104224576536));
#7367=CARTESIAN_POINT('Ctrl Pts',(-12.6321240888385,4.03196672050551,-51.0830747791902));
#7368=CARTESIAN_POINT('Ctrl Pts',(-12.6430085649725,4.00792587546356,-51.0683356392642));
#7369=CARTESIAN_POINT('Ctrl Pts',(-12.6526580463362,3.98376941224152,-51.0528606220916));
#7370=CARTESIAN_POINT('Ctrl Pts',(-12.660996708921,3.95957276296588,-51.0366580048901));
#7371=CARTESIAN_POINT('Ctrl Pts',(-12.6609681378462,3.95955057207711,-51.0366810354611));
#7372=CARTESIAN_POINT('Ctrl Pts',(-12.6740004834259,3.96967265916439,-51.026175929065));
#7373=CARTESIAN_POINT('Ctrl Pts',(-12.6870265396869,3.97981016393515,-51.0156672755385));
#7374=CARTESIAN_POINT('Ctrl Pts',(-12.700046004296,3.98996356942031,-51.0051548683533));
#7375=CARTESIAN_POINT('Origin',(-11.6999999999485,13.7223555929567,-39.0637629017912));
#7376=CARTESIAN_POINT('',(-12.6999999999512,3.5,-51.1513773907498));
#7377=CARTESIAN_POINT('Origin',(-11.6999999999512,3.5,-51.15137739075));
#7378=CARTESIAN_POINT('',(-12.6999999999511,3.70572017031355,-50.9081197493245));
#7379=CARTESIAN_POINT('',(-12.6999999999485,13.7223555929567,-39.063762901791));
#7380=CARTESIAN_POINT('Ctrl Pts',(-12.6999999999511,3.70572017031355,-50.9081197493245));
#7381=CARTESIAN_POINT('Ctrl Pts',(-12.6999999999511,3.72874999360543,-50.9168447821046));
#7382=CARTESIAN_POINT('Ctrl Pts',(-12.6991895433421,3.75156232767914,-50.9261369621571));
#7383=CARTESIAN_POINT('Ctrl Pts',(-12.6926737369678,3.84010414642337,-50.9649593951205));
#7384=CARTESIAN_POINT('Ctrl Pts',(-12.6803662096823,3.90312590516775,-50.9988446399206));
#7385=CARTESIAN_POINT('Ctrl Pts',(-12.6609296082136,3.95954484695724,-51.0366277225316));
#7386=CARTESIAN_POINT('Origin',(-14.6999999999502,5.3,-46.6999999999996));
#7387=CARTESIAN_POINT('',(-14.6999999997991,7.78248275793065,-46.9954307989267));
#7388=CARTESIAN_POINT('Origin',(-14.6999999999502,5.3,-46.6999999999996));
#7389=CARTESIAN_POINT('Origin',(-14.6999999999502,5.3,-46.6999999999996));
#7390=CARTESIAN_POINT('Origin',(-13.6999999999501,5.3,-46.6999999999998));
#7391=CARTESIAN_POINT('Origin',(-12.6999999999502,5.3,-46.7));
#7392=CARTESIAN_POINT('Origin',(-12.6999999999502,5.3,-46.7));
#7393=CARTESIAN_POINT('',(-12.6999999999497,9.17618353071073,-44.4141300920116));
#7394=CARTESIAN_POINT('Origin',(-12.6999999999502,5.3,-46.7));
#7395=CARTESIAN_POINT('',(-12.6609296083152,9.3459367448349,-44.6424393384725));
#7396=CARTESIAN_POINT('Ctrl Pts',(-12.6609296081939,9.34593674500545,-44.6424393382626));
#7397=CARTESIAN_POINT('Ctrl Pts',(-12.680366209673,9.29911982067668,-44.5932576961262));
#7398=CARTESIAN_POINT('Ctrl Pts',(-12.6926737369648,9.25502259884571,-44.5369071245197));
#7399=CARTESIAN_POINT('Ctrl Pts',(-12.6991895433406,9.20172530710697,-44.4562458967494));
#7400=CARTESIAN_POINT('Ctrl Pts',(-12.6999999999497,9.18869343612814,-44.4353433243046));
#7401=CARTESIAN_POINT('Ctrl Pts',(-12.6999999999497,9.17618353071074,-44.4141300920116));
#7402=CARTESIAN_POINT('',(-12.6999999997943,9.32001925290285,-44.6777623267801));
#7403=CARTESIAN_POINT('Ctrl Pts',(-12.661095940801,9.34604719115645,-44.6423318278301));
#7404=CARTESIAN_POINT('Ctrl Pts',(-12.6741394971508,9.33741895523799,-44.6540824293815));
#7405=CARTESIAN_POINT('Ctrl Pts',(-12.6871770404931,9.32879011272947,-44.6658484923263));
#7406=CARTESIAN_POINT('Ctrl Pts',(-12.7002081742922,9.3201604491511,-44.6776307093799));
#7407=CARTESIAN_POINT('Ctrl Pts',(-14.6999999998134,7.78248275798777,-46.9954307989644));
#7408=CARTESIAN_POINT('Ctrl Pts',(-14.5333928646241,7.98985421808774,-46.6627700318901));
#7409=CARTESIAN_POINT('Ctrl Pts',(-14.1281834906905,8.33518319934908,-46.0976027218478));
#7410=CARTESIAN_POINT('Ctrl Pts',(-13.4401446222317,8.82642514551394,-45.3627868877892));
#7411=CARTESIAN_POINT('Ctrl Pts',(-12.9551019246025,9.15136106858269,-44.9080951906797));
#7412=CARTESIAN_POINT('Ctrl Pts',(-12.7002081742922,9.32016044915111,-44.6776307093799));
#7413=CARTESIAN_POINT('Origin',(-12.6999999999426,0.,-12.7));
#7414=CARTESIAN_POINT('',(-12.6999999999486,3.5,-39.7000000000002));
#7415=CARTESIAN_POINT('Origin',(-11.6999999999484,13.7250164006909,-38.9930421771023));
#7416=CARTESIAN_POINT('',(-12.6999999999423,36.6265980252034,-11.6999999999998));
#7417=CARTESIAN_POINT('',(-12.6999999999484,13.7250164006909,-38.9930421771021));
#7418=CARTESIAN_POINT('Origin',(-11.6999999999423,36.6265980252034,-11.7));
#7419=CARTESIAN_POINT('',(-11.6999999999545,9.65801278113332,-45.3956321786641));
#7420=CARTESIAN_POINT('',(-11.6999999999486,14.4910608438099,-39.6358297867888));
#7421=CARTESIAN_POINT('Ctrl Pts',(-11.6999999999545,9.65801278113331,-45.3956321786642));
#7422=CARTESIAN_POINT('Ctrl Pts',(-11.7014918609887,9.65838982643415,-45.3951828335723));
#7423=CARTESIAN_POINT('Ctrl Pts',(-11.7029837110483,9.65876420179458,-45.3947312779517));
#7424=CARTESIAN_POINT('Ctrl Pts',(-11.7044755394906,9.65913590856499,-45.3942775180193));
#7425=CARTESIAN_POINT('Ctrl Pts',(-11.7492087317998,9.67028171459155,-45.3806713085241));
#7426=CARTESIAN_POINT('Ctrl Pts',(-11.7938722445725,9.67901931646393,-45.3651014396155));
#7427=CARTESIAN_POINT('Ctrl Pts',(-11.83817869681,9.68537812185811,-45.3477298660725));
#7428=CARTESIAN_POINT('Ctrl Pts',(-11.8824851490475,9.69173692725229,-45.3303582925295));
#7429=CARTESIAN_POINT('Ctrl Pts',(-11.9264353932692,9.6957171813415,-45.3111842027277));
#7430=CARTESIAN_POINT('Ctrl Pts',(-11.9697319781109,9.69730199377281,-45.2903399910387));
#7431=CARTESIAN_POINT('Ctrl Pts',(-12.0123434951749,9.69886173023255,-45.2698255905307));
#7432=CARTESIAN_POINT('Ctrl Pts',(-12.0542168441366,9.69809706331563,-45.2477444783094));
#7433=CARTESIAN_POINT('Ctrl Pts',(-12.0950598657266,9.69498192212981,-45.2242229377382));
#7434=CARTESIAN_POINT('Ctrl Pts',(-12.1359028873165,9.69186678094399,-45.2007013971671));
#7435=CARTESIAN_POINT('Ctrl Pts',(-12.1757164573225,9.68640146870188,-45.1757386288018));
#7436=CARTESIAN_POINT('Ctrl Pts',(-12.2141821364596,9.67851059478434,-45.1494483580595));
#7437=CARTESIAN_POINT('Ctrl Pts',(-12.2452010610799,9.67214735283132,-45.1282477463794));
#7438=CARTESIAN_POINT('Ctrl Pts',(-12.2752348187329,9.664227574113,-45.106258786316));
#7439=CARTESIAN_POINT('Ctrl Pts',(-12.3041196038082,9.65472184652028,-45.0835500316314));
#7440=CARTESIAN_POINT('Ctrl Pts',(-12.3402792224559,9.64282203546665,-45.055121919488));
#7441=CARTESIAN_POINT('Ctrl Pts',(-12.374639721418,9.62843790932647,-45.0255649112612));
#7442=CARTESIAN_POINT('Ctrl Pts',(-12.4069667196372,9.61170073622437,-44.9950652372596));
#7443=CARTESIAN_POINT('Ctrl Pts',(-12.4369225806939,9.59619120983632,-44.9668026689112));
#7444=CARTESIAN_POINT('Ctrl Pts',(-12.4651324037657,9.57866042761042,-44.9377298831553));
#7445=CARTESIAN_POINT('Ctrl Pts',(-12.4913751170202,9.55917806043678,-44.9080065416525));
#7446=CARTESIAN_POINT('Ctrl Pts',(-12.493452342326,9.55763594603276,-44.9056538094275));
#7447=CARTESIAN_POINT('Ctrl Pts',(-12.4955172231897,9.55608158797484,-44.9032970109668));
#7448=CARTESIAN_POINT('Ctrl Pts',(-12.4975696395513,9.55451501260409,-44.9009362309339));
#7449=CARTESIAN_POINT('Ctrl Pts',(-12.5237634402614,9.53452171893018,-44.8708069633746));
#7450=CARTESIAN_POINT('Ctrl Pts',(-12.5477504309344,9.51267844954934,-44.8402324080785));
#7451=CARTESIAN_POINT('Ctrl Pts',(-12.5693456727224,9.48910019736101,-44.809402677138));
#7452=CARTESIAN_POINT('Ctrl Pts',(-12.5901000066541,9.46644007045682,-44.7797734404178));
#7453=CARTESIAN_POINT('Ctrl Pts',(-12.6086454504644,9.44217692206567,-44.7499077778568));
#7454=CARTESIAN_POINT('Ctrl Pts',(-12.624785551558,9.41638214609066,-44.7199883122652));
#7455=CARTESIAN_POINT('Ctrl Pts',(-12.6387476936503,9.39406813917609,-44.6941062048673));
#7456=CARTESIAN_POINT('Ctrl Pts',(-12.6509095298668,9.37060738488811,-44.66818372338));
#7457=CARTESIAN_POINT('Ctrl Pts',(-12.6611210075197,9.34603060966365,-44.6423544098124));
#7458=CARTESIAN_POINT('Ctrl Pts',(-11.6999999999545,9.65801278113332,-45.3956321786641));
#7459=CARTESIAN_POINT('Ctrl Pts',(-12.0542827265849,9.4131884101076,-45.6874025023886));
#7460=CARTESIAN_POINT('Ctrl Pts',(-12.6405566216873,9.00169206012822,-46.1778047558158));
#7461=CARTESIAN_POINT('Ctrl Pts',(-13.4210767095041,8.4048739437988,-46.8890648900765));
#7462=CARTESIAN_POINT('Ctrl Pts',(-13.8262860834377,8.04188642177193,-47.3216565735188));
#7463=CARTESIAN_POINT('Ctrl Pts',(-13.992893218627,7.84637504420443,-47.5546579601279));
#7464=CARTESIAN_POINT('Ctrl Pts',(-11.8596448972841,9.7534648545053,-45.2818768273025));
#7465=CARTESIAN_POINT('Ctrl Pts',(-12.2120716760214,9.50618498992342,-45.5764609863034));
#7466=CARTESIAN_POINT('Ctrl Pts',(-12.7946657344401,9.08996528102238,-46.0729398664663));
#7467=CARTESIAN_POINT('Ctrl Pts',(-13.5674018646452,8.47934187432748,-46.8002885362799));
#7468=CARTESIAN_POINT('Ctrl Pts',(-13.9664810462204,8.10177174517493,-47.2504069993533));
#7469=CARTESIAN_POINT('Ctrl Pts',(-14.1299702115125,7.8946388009107,-47.4971394546811));
#7470=CARTESIAN_POINT('Ctrl Pts',(-12.1782925868683,9.83061180289612,-44.9596921788295));
#7471=CARTESIAN_POINT('Ctrl Pts',(-12.5271192368211,9.58287649608105,-45.2634854058013));
#7472=CARTESIAN_POINT('Ctrl Pts',(-13.1022659158742,9.16497729167236,-45.7787445124885));
#7473=CARTESIAN_POINT('Ctrl Pts',(-13.8597862119386,8.54649443860343,-46.5543558027815));
#7474=CARTESIAN_POINT('Ctrl Pts',(-14.2466415418962,8.15553837561759,-47.0527326084039));
#7475=CARTESIAN_POINT('Ctrl Pts',(-14.4039866062429,7.93390170243475,-47.3341501132468));
#7476=CARTESIAN_POINT('Ctrl Pts',(-12.3656633560352,9.65012936958467,-44.5807340867366));
#7477=CARTESIAN_POINT('Ctrl Pts',(-12.7167801190532,9.41137894360446,-44.8923743853411));
#7478=CARTESIAN_POINT('Ctrl Pts',(-13.2969244936625,9.01244258116789,-45.4240956708655));
#7479=CARTESIAN_POINT('Ctrl Pts',(-14.0637916519377,8.43053301404016,-46.2451058581453));
#7480=CARTESIAN_POINT('Ctrl Pts',(-14.4580461132358,8.06555834005776,-46.7927145095043));
#7481=CARTESIAN_POINT('Ctrl Pts',(-14.6189064325646,7.850459825672,-47.1104561104339));
#7482=CARTESIAN_POINT('Ctrl Pts',(-12.4071067811408,9.51361247149855,-44.4158600421745));
#7483=CARTESIAN_POINT('Ctrl Pts',(-12.7613895077712,9.28032096112816,-44.7289053343275));
#7484=CARTESIAN_POINT('Ctrl Pts',(-13.3476634028737,8.89245434279297,-45.2640182462886));
#7485=CARTESIAN_POINT('Ctrl Pts',(-14.1281834906905,8.33518319934908,-46.0976027218478));
#7486=CARTESIAN_POINT('Ctrl Pts',(-14.5333928646241,7.98985421808774,-46.6627700318901));
#7487=CARTESIAN_POINT('Ctrl Pts',(-14.6999999998134,7.78248275798777,-46.9954307989644));
#7488=CARTESIAN_POINT('',(-13.9928932186242,7.84637504420775,-47.5546579601239));
#7489=CARTESIAN_POINT('Ctrl Pts',(-11.6999999999545,9.65801278113332,-45.3956321786641));
#7490=CARTESIAN_POINT('Ctrl Pts',(-12.0542827265849,9.4131884101076,-45.6874025023886));
#7491=CARTESIAN_POINT('Ctrl Pts',(-12.6405566216873,9.00169206012822,-46.1778047558158));
#7492=CARTESIAN_POINT('Ctrl Pts',(-13.4210767095041,8.4048739437988,-46.8890648900765));
#7493=CARTESIAN_POINT('Ctrl Pts',(-13.8262860834377,8.04188642177193,-47.3216565735188));
#7494=CARTESIAN_POINT('Ctrl Pts',(-13.992893218627,7.84637504420443,-47.5546579601279));
#7495=CARTESIAN_POINT('Origin',(-13.992893218624,7.08033060108877,-46.9118703504374));
#7496=CARTESIAN_POINT('Ctrl Pts',(-14.6999999999504,7.66817894808607,-47.5010795652376));
#7497=CARTESIAN_POINT('Ctrl Pts',(-14.6999999999503,7.72748221083145,-47.3257652213438));
#7498=CARTESIAN_POINT('Ctrl Pts',(-14.6999999999503,7.76354590893251,-47.1545557144919));
#7499=CARTESIAN_POINT('Ctrl Pts',(-14.6999999999502,7.78248275785274,-46.9954307989422));
#7500=CARTESIAN_POINT('Ctrl Pts',(-14.6235600365986,7.68175551671409,-47.5832214534236));
#7501=CARTESIAN_POINT('Ctrl Pts',(-14.6126690319633,7.7566607582284,-47.4268090900075));
#7502=CARTESIAN_POINT('Ctrl Pts',(-14.6067599377469,7.8156510569343,-47.2726328783328));
#7503=CARTESIAN_POINT('Ctrl Pts',(-14.6073216373758,7.86017083524637,-47.1268882977755));
#7504=CARTESIAN_POINT('Ctrl Pts',(-14.4743651234274,7.67694789048083,-47.7172762627552));
#7505=CARTESIAN_POINT('Ctrl Pts',(-14.4350941189203,7.76829707959781,-47.5924136892013));
#7506=CARTESIAN_POINT('Ctrl Pts',(-14.4039376768995,7.85492173152574,-47.4688722035248));
#7507=CARTESIAN_POINT('Ctrl Pts',(-14.3846226574193,7.93562369207178,-47.3494411837459));
#7508=CARTESIAN_POINT('Ctrl Pts',(-14.3130040873883,7.62275773576334,-47.8211546908287));
#7509=CARTESIAN_POINT('Ctrl Pts',(-14.2377175661881,7.71009882619834,-47.7170656325217));
#7510=CARTESIAN_POINT('Ctrl Pts',(-14.1688616773195,7.79830123380647,-47.6119500963793));
#7511=CARTESIAN_POINT('Ctrl Pts',(-14.1103877839835,7.88774397852144,-47.5053563840338));
#7512=CARTESIAN_POINT('Ctrl Pts',(-14.2438530443484,7.59124218430499,-47.8587134625018));
#7513=CARTESIAN_POINT('Ctrl Pts',(-14.1531391845317,7.67348206358836,-47.7607037909114));
#7514=CARTESIAN_POINT('Ctrl Pts',(-14.0681349175565,7.75807985686293,-47.6598840668509));
#7515=CARTESIAN_POINT('Ctrl Pts',(-13.9928932186242,7.84637504420779,-47.5546579601239));
#7516=CARTESIAN_POINT('Ctrl Pts',(-13.9928932186242,7.84637504420779,-47.5546579601239));
#7517=CARTESIAN_POINT('Ctrl Pts',(-14.0681349175565,7.75807985686293,-47.6598840668509));
#7518=CARTESIAN_POINT('Ctrl Pts',(-14.1531391845317,7.67348206358836,-47.7607037909114));
#7519=CARTESIAN_POINT('Ctrl Pts',(-14.2438530443484,7.59124218430499,-47.8587134625018));
#7520=CARTESIAN_POINT('Origin',(-12.6999999999505,7.21511110779744,-48.3069690242164));
#7521=CARTESIAN_POINT('',(-12.6999999999505,7.21511110779745,-48.3069690242164));
#7522=CARTESIAN_POINT('Origin',(-19.1999999999425,0.,3.8));
#7523=CARTESIAN_POINT('',(-22.6999999999425,0.,3.8));
#7524=CARTESIAN_POINT('Origin',(-49.5774632613401,24.8,4.12982491167464));
#7525=CARTESIAN_POINT('',(-50.4363316887036,25.3919957310566,6.48954652213822));
#7526=CARTESIAN_POINT('Origin',(-49.5774632613401,24.8,4.12982491167464));
#7527=CARTESIAN_POINT('',(-50.4363316887036,25.3919957310566,6.48954652213822));
#7528=CARTESIAN_POINT('Origin',(-50.4598752311204,25.1,6.55423187330226));
#7529=CARTESIAN_POINT('',(-50.4598752311204,25.1,6.55423187330226));
#7530=CARTESIAN_POINT('',(-51.2047297618848,15.8620382952021,8.60070287735599));
#7531=CARTESIAN_POINT('',(-50.4598752311204,25.1,6.55423187330226));
#7532=CARTESIAN_POINT('Origin',(-50.4598752311204,3.5,6.55423187330226));
#7533=CARTESIAN_POINT('',(-50.4598752311204,2.5,6.55423187330226));
#7534=CARTESIAN_POINT('',(-50.4598752311204,2.5,6.55423187330226));
#7535=CARTESIAN_POINT('Origin',(-44.5155651401203,1.5,-9.77762587595681));
#7536=CARTESIAN_POINT('Origin',(-49.5774632613401,3.8,4.12982491167464));
#7537=CARTESIAN_POINT('Origin',(-45.8096454849937,3.8,-7.80102372554508));
#7538=CARTESIAN_POINT('Origin',(-45.3022114697693,3.8,-7.61633284814922));
#7539=CARTESIAN_POINT('',(-46.8301097152066,3.8,-6.57617567176208));
#7540=CARTESIAN_POINT('',(-46.5073665773781,3.8,-5.88405077914183));
#7541=CARTESIAN_POINT('Origin',(-46.3170795002181,3.8,-7.98571460294094));
#7542=CARTESIAN_POINT('Origin',(-46.864796692085,1.5,-10.632676234271));
#7543=CARTESIAN_POINT('Origin',(-44.5155651401203,1.5,-9.77762587595681));
#7544=CARTESIAN_POINT('Origin',(-49.5774632613401,24.8,4.12982491167464));
#7545=CARTESIAN_POINT('Origin',(-44.5155651401203,1.5,-9.77762587595681));
#7546=CARTESIAN_POINT('Origin',(-50.0848972765645,3.8,3.94513403427877));
#7547=CARTESIAN_POINT('',(-51.1053615067774,3.8,5.16998208806178));
#7548=CARTESIAN_POINT('',(-50.7826183689489,3.8,5.86210698068203));
#7549=CARTESIAN_POINT('Origin',(-50.5923312917889,3.8,3.76044315688292));
#7550=CARTESIAN_POINT('Origin',(-50.0848972765645,24.8,3.94513403427877));
#7551=CARTESIAN_POINT('',(-51.1053615067774,24.8,5.16998208806178));
#7552=CARTESIAN_POINT('',(-50.7826183689489,24.8,5.86210698068203));
#7553=CARTESIAN_POINT('Origin',(-50.5923312917889,24.8,3.76044315688292));
#7554=CARTESIAN_POINT('Origin',(-50.5923312917889,3.8,3.76044315688292));
#7555=CARTESIAN_POINT('Origin',(-50.5923312917889,24.8,3.76044315688292));
#7556=CARTESIAN_POINT('Origin',(-46.3170795002181,3.8,-7.98571460294095));
#7557=CARTESIAN_POINT('Origin',(-46.3170795002181,24.8,-7.98571460294095));
#7558=CARTESIAN_POINT('Origin',(-15.1999999999426,1.75,36.8));
#7559=CARTESIAN_POINT('',(-15.6999999999426,1.75,36.8));
#7560=CARTESIAN_POINT('Origin',(-15.1999999999426,2.5,35.6));
#7561=CARTESIAN_POINT('',(-15.6999999999426,59.35,35.6));
#7562=CARTESIAN_POINT('',(-15.6999999999426,2.5,35.6));
#7563=CARTESIAN_POINT('Origin',(-15.1999999999426,58.8500000000108,35.6));
#7564=CARTESIAN_POINT('Origin',(-15.6999999999426,3.5,35.1));
#7565=CARTESIAN_POINT('',(-15.6999999999426,59.35,17.45));
#7566=CARTESIAN_POINT('Origin',(-13.6999999999321,0.75,34.1));
#7567=CARTESIAN_POINT('',(-12.6999999999321,56.35,34.0999999999998));
#7568=CARTESIAN_POINT('Origin',(-13.6999999999321,57.35,34.1));
#7569=CARTESIAN_POINT('',(-12.6999999999321,0.75,34.0999999999998));
#7570=CARTESIAN_POINT('Origin',(-12.6999999999426,0.,-12.7));
#7571=CARTESIAN_POINT('',(-12.6999999999297,5.3,6.79999999999154));
#7572=CARTESIAN_POINT('Origin',(-12.6999999999372,5.3,11.3));
#7573=CARTESIAN_POINT('Origin',(-12.6999999999372,5.3,11.3));
#7574=CARTESIAN_POINT('',(-12.6999999999363,56.35,15.3059330997908));
#7575=CARTESIAN_POINT('',(-12.6999999999398,56.35,-0.200000000000052));
#7576=CARTESIAN_POINT('',(-12.6999999999275,54.3,6.79999999998927));
#7577=CARTESIAN_POINT('Origin',(-12.6999999999372,54.3,11.3));
#7578=CARTESIAN_POINT('',(-12.6999999999381,56.35,7.29406690020913));
#7579=CARTESIAN_POINT('Origin',(-12.6999999999372,54.3,11.3));
#7580=CARTESIAN_POINT('',(-12.6999999999423,56.35,-11.6999999999998));
#7581=CARTESIAN_POINT('',(-12.6999999999398,56.35,-0.200000000000052));
#7582=CARTESIAN_POINT('',(-12.6999999999423,0.,-11.6999999999998));
#7583=CARTESIAN_POINT('Origin',(7.33210678123045,37.7321067812003,-11.7));
#7584=CARTESIAN_POINT('Origin',(-11.6999999999423,56.7642135623731,-11.7));
#7585=CARTESIAN_POINT('',(-16.1999999999425,59.85,-11.6999999999998));
#7586=CARTESIAN_POINT('',(6.6250000000439,37.0250000000138,-11.6999999999998));
#7587=CARTESIAN_POINT('Origin',(-16.1999999999425,61.2642135623733,-11.7));
#7588=CARTESIAN_POINT('Origin',(-11.6999999999423,0.,-11.7));
#7589=CARTESIAN_POINT('Origin',(-16.1999999999425,58.1,-12.7));
#7590=CARTESIAN_POINT('',(-16.1999999999425,59.85,-0.199999999999996));
#7591=CARTESIAN_POINT('Origin',(-13.5749999999397,57.225,-0.199999999999856));
#7592=CARTESIAN_POINT('Ctrl Pts',(-12.6999999999274,56.3499999999893,7.2940669001916));
#7593=CARTESIAN_POINT('Ctrl Pts',(-15.1499999999479,58.8000000000107,11.3000000000005));
#7594=CARTESIAN_POINT('Ctrl Pts',(-12.6999999999256,56.3499999999893,15.3059330998084));
#7595=CARTESIAN_POINT('Origin',(-14.2000000000922,3.5,-32.7));
#7596=CARTESIAN_POINT('Origin',(-12.6999999999426,0.,-12.7));
#7597=CARTESIAN_POINT('Origin',(-13.6999999999372,54.3,11.3000000000002));
#7598=CARTESIAN_POINT('',(-14.6999999999377,54.3,8.80000000000044));
#7599=CARTESIAN_POINT('',(-13.699999999938,54.3,7.80000000000021));
#7600=CARTESIAN_POINT('Origin',(-14.6999999999372,54.3,11.3000000000004));
#7601=CARTESIAN_POINT('Origin',(-13.6999999999372,5.3,11.3000000000002));
#7602=CARTESIAN_POINT('',(-14.6999999999377,5.3,8.80000000000045));
#7603=CARTESIAN_POINT('',(-13.699999999938,5.3,7.80000000000023));
#7604=CARTESIAN_POINT('Origin',(-14.6999999999372,5.3,11.3000000000005));
#7605=CARTESIAN_POINT('Origin',(-12.6999999999502,5.3,-46.7));
#7606=CARTESIAN_POINT('Origin',(-14.6999999999372,54.3,11.3000000000004));
#7607=CARTESIAN_POINT('Origin',(-14.6999999999372,5.3,11.3000000000005));
#7608=UNCERTAINTY_MEASURE_WITH_UNIT(LENGTH_MEASURE(0.01),#7612,
'DISTANCE_ACCURACY_VALUE',
'Maximum model space distance between geometric entities at asserted c
onnectivities');
#7609=UNCERTAINTY_MEASURE_WITH_UNIT(LENGTH_MEASURE(0.01),#7612,
'DISTANCE_ACCURACY_VALUE',
'Maximum model space distance between geometric entities at asserted c
onnectivities');
#7610=(
GEOMETRIC_REPRESENTATION_CONTEXT(3)
GLOBAL_UNCERTAINTY_ASSIGNED_CONTEXT((#7608))
GLOBAL_UNIT_ASSIGNED_CONTEXT((#7612,#7614,#7615))
REPRESENTATION_CONTEXT('','3D')
);
#7611=(
GEOMETRIC_REPRESENTATION_CONTEXT(3)
GLOBAL_UNCERTAINTY_ASSIGNED_CONTEXT((#7609))
GLOBAL_UNIT_ASSIGNED_CONTEXT((#7612,#7614,#7615))
REPRESENTATION_CONTEXT('','3D')
);
#7612=(
LENGTH_UNIT()
NAMED_UNIT(*)
SI_UNIT(.MILLI.,.METRE.)
);
#7613=(
LENGTH_UNIT()
NAMED_UNIT(*)
SI_UNIT(.CENTI.,.METRE.)
);
#7614=(
NAMED_UNIT(*)
PLANE_ANGLE_UNIT()
SI_UNIT($,.RADIAN.)
);
#7615=(
NAMED_UNIT(*)
SI_UNIT($,.STERADIAN.)
SOLID_ANGLE_UNIT()
);
#7616=SHAPE_DEFINITION_REPRESENTATION(#7617,#7618);
#7617=PRODUCT_DEFINITION_SHAPE('',$,#7620);
#7618=SHAPE_REPRESENTATION('',(#4077),#7610);
#7619=PRODUCT_DEFINITION_CONTEXT('part definition',#7624,'design');
#7620=PRODUCT_DEFINITION('Cameraholder',
'VolumanXR_Rig_Cameraholder_v05',#7621,#7619);
#7621=PRODUCT_DEFINITION_FORMATION('5',$,#7626);
#7622=PRODUCT_RELATED_PRODUCT_CATEGORY('VolumanXR_Rig_Cameraholder_v05',
'VolumanXR_Rig_Cameraholder_v05',(#7626));
#7623=APPLICATION_PROTOCOL_DEFINITION('international standard',
'automotive_design',2009,#7624);
#7624=APPLICATION_CONTEXT(
'Core Data for Automotive Mechanical Design Process');
#7625=PRODUCT_CONTEXT('part definition',#7624,'mechanical');
#7626=PRODUCT('Cameraholder','VolumanXR_Rig_Cameraholder_v05',$,(#7625));
#7627=PRESENTATION_STYLE_ASSIGNMENT((#7629));
#7628=PRESENTATION_STYLE_ASSIGNMENT((#7630));
#7629=SURFACE_STYLE_USAGE(.BOTH.,#7635);
#7630=SURFACE_STYLE_USAGE(.BOTH.,#7636);
#7631=SURFACE_STYLE_RENDERING_WITH_PROPERTIES($,#7643,(#7633));
#7632=SURFACE_STYLE_RENDERING_WITH_PROPERTIES($,#7644,(#7634));
#7633=SURFACE_STYLE_TRANSPARENT(0.);
#7634=SURFACE_STYLE_TRANSPARENT(0.);
#7635=SURFACE_SIDE_STYLE('',(#7637,#7631));
#7636=SURFACE_SIDE_STYLE('',(#7638,#7632));
#7637=SURFACE_STYLE_FILL_AREA(#7639);
#7638=SURFACE_STYLE_FILL_AREA(#7640);
#7639=FILL_AREA_STYLE('',(#7641));
#7640=FILL_AREA_STYLE('',(#7642));
#7641=FILL_AREA_STYLE_COLOUR('',#7643);
#7642=FILL_AREA_STYLE_COLOUR('',#7644);
#7643=COLOUR_RGB('',0.749019607843137,0.749019607843137,0.749019607843137);
#7644=COLOUR_RGB('',0.850980392156863,0.83921568627451,0.858823529411765);
ENDSEC;
END-ISO-10303-21;
