ISO-10303-21;
HEADER;
/* Generated by software containing ST-Developer
 * from STEP Tools, Inc. (www.steptools.com) 
 */

FILE_DESCRIPTION(
/* description */ (''),
/* implementation_level */ '2;1');

FILE_NAME(
/* name */ 'VolumanXR_Rig_Cameraholder_v07.stp',
/* time_stamp */ '2025-01-19T12:45:43+01:00',
/* author */ ('Aldi'),
/* organization */ (''),
/* preprocessor_version */ 'ST-DEVELOPER v20',
/* originating_system */ 'Autodesk Inventor 2025',
/* authorisation */ '');

FILE_SCHEMA (('AUTOMOTIVE_DESIGN { 1 0 10303 214 3 1 1 }'));
ENDSEC;

DATA;
#10=MECHANICAL_DESIGN_GEOMETRIC_PRESENTATION_REPRESENTATION('',(#13),#8514);
#11=SHAPE_REPRESENTATION_RELATIONSHIP('SRR','None',#8521,#12);
#12=ADVANCED_BREP_SHAPE_REPRESENTATION('',(#14),#8513);
#13=STYLED_ITEM('',(#8530),#14);
#14=MANIFOLD_SOLID_BREP('Halter',#4731);
#15=SPHERICAL_SURFACE('',#5143,1.);
#16=TOROIDAL_SURFACE('',#5123,1.58,1.);
#17=FACE_BOUND('',#1705,.T.);
#18=FACE_BOUND('',#1710,.T.);
#19=FACE_BOUND('',#1760,.T.);
#20=FACE_BOUND('',#1761,.T.);
#21=FACE_BOUND('',#1762,.T.);
#22=FACE_BOUND('',#1832,.T.);
#23=FACE_BOUND('',#1833,.T.);
#24=FACE_BOUND('',#1834,.T.);
#25=(
BOUNDED_SURFACE()
B_SPLINE_SURFACE(2,2,((#7026,#7027,#7028),(#7029,#7030,#7031),(#7032,#7033,
#7034)),.UNSPECIFIED.,.F.,.F.,.F.)
B_SPLINE_SURFACE_WITH_KNOTS((3,3),(3,3),(-2.06055294574958,-1.5707963267949),
(-3.1415926611861,-2.56451369482223),.UNSPECIFIED.)
GEOMETRIC_REPRESENTATION_ITEM()
RATIONAL_B_SPLINE_SURFACE(((1.,0.958660491378832,1.),(0.970166834595272,
0.930060614372549,0.970166834595272),(1.,0.958660491378832,1.)))
REPRESENTATION_ITEM('')
SURFACE()
);
#26=ELLIPSE('',#4776,1.41421356237311,1.);
#27=ELLIPSE('',#4783,1.4142135623731,1.);
#28=ELLIPSE('',#4784,1.08639870926347,1.);
#29=ELLIPSE('',#4791,2.,1.);
#30=ELLIPSE('',#4822,1.,0.5);
#31=ELLIPSE('',#4823,0.707106781186547,0.5);
#32=ELLIPSE('',#4828,1.41421356237309,1.);
#33=ELLIPSE('',#4830,1.08239220029239,1.);
#34=ELLIPSE('',#4832,1.30540728933228,1.);
#35=ELLIPSE('',#4849,12.0025205314028,1.);
#36=ELLIPSE('',#4866,0.707106781186547,0.5);
#37=ELLIPSE('',#4871,1.30965220685239,1.);
#38=ELLIPSE('',#4889,1.4142135623731,1.);
#39=ELLIPSE('',#4897,0.707106781186549,0.5);
#40=ELLIPSE('',#4905,3.29968731030774,1.);
#41=ELLIPSE('',#4913,0.707106781186549,0.5);
#42=ELLIPSE('',#4982,1.41421356237311,1.);
#43=ELLIPSE('',#5103,1.30965220685239,1.);
#44=ELLIPSE('',#5104,1.10337791896249,1.);
#45=ELLIPSE('',#5127,1.00673771264714,1.);
#46=ELLIPSE('',#5129,1.0823922002924,1.);
#47=ELLIPSE('',#5155,1.54862260924998,1.);
#48=ELLIPSE('',#5169,1.10337791896249,1.);
#49=ELLIPSE('',#5193,0.541196100150432,0.5);
#50=ELLIPSE('',#5195,0.541196100150432,0.5);
#51=ELLIPSE('',#5198,0.707106781186548,0.5);
#52=ELLIPSE('',#5201,1.4142135623731,1.);
#53=CYLINDRICAL_SURFACE('',#4772,1.);
#54=CYLINDRICAL_SURFACE('',#4775,1.);
#55=CYLINDRICAL_SURFACE('',#4779,1.);
#56=CYLINDRICAL_SURFACE('',#4782,1.);
#57=CYLINDRICAL_SURFACE('',#4829,1.);
#58=CYLINDRICAL_SURFACE('',#4834,0.5);
#59=CYLINDRICAL_SURFACE('',#4837,0.5);
#60=CYLINDRICAL_SURFACE('',#4841,2.75);
#61=CYLINDRICAL_SURFACE('',#4859,0.5);
#62=CYLINDRICAL_SURFACE('',#4862,0.5);
#63=CYLINDRICAL_SURFACE('',#4865,0.5);
#64=CYLINDRICAL_SURFACE('',#4868,1.);
#65=CYLINDRICAL_SURFACE('',#4899,1.);
#66=CYLINDRICAL_SURFACE('',#4902,1.);
#67=CYLINDRICAL_SURFACE('',#4917,1.);
#68=CYLINDRICAL_SURFACE('',#4920,0.5);
#69=CYLINDRICAL_SURFACE('',#4942,3.5);
#70=CYLINDRICAL_SURFACE('',#4958,1.);
#71=CYLINDRICAL_SURFACE('',#4961,1.);
#72=CYLINDRICAL_SURFACE('',#4976,1.);
#73=CYLINDRICAL_SURFACE('',#4979,1.);
#74=CYLINDRICAL_SURFACE('',#5021,0.500000002620637);
#75=CYLINDRICAL_SURFACE('',#5023,1.02132034309721);
#76=CYLINDRICAL_SURFACE('',#5026,1.5);
#77=CYLINDRICAL_SURFACE('',#5028,1.5);
#78=CYLINDRICAL_SURFACE('',#5030,2.2);
#79=CYLINDRICAL_SURFACE('',#5071,1.);
#80=CYLINDRICAL_SURFACE('',#5102,1.);
#81=CYLINDRICAL_SURFACE('',#5105,1.);
#82=CYLINDRICAL_SURFACE('',#5107,1.);
#83=CYLINDRICAL_SURFACE('',#5109,1.);
#84=CYLINDRICAL_SURFACE('',#5111,1.);
#85=CYLINDRICAL_SURFACE('',#5112,1.);
#86=CYLINDRICAL_SURFACE('',#5126,1.);
#87=CYLINDRICAL_SURFACE('',#5128,1.);
#88=CYLINDRICAL_SURFACE('',#5130,1.);
#89=CYLINDRICAL_SURFACE('',#5132,1.);
#90=CYLINDRICAL_SURFACE('',#5135,1.);
#91=CYLINDRICAL_SURFACE('',#5140,1.);
#92=CYLINDRICAL_SURFACE('',#5141,1.);
#93=CYLINDRICAL_SURFACE('',#5146,1.);
#94=CYLINDRICAL_SURFACE('',#5147,1.);
#95=CYLINDRICAL_SURFACE('',#5149,1.);
#96=CYLINDRICAL_SURFACE('',#5151,1.);
#97=CYLINDRICAL_SURFACE('',#5153,1.);
#98=CYLINDRICAL_SURFACE('',#5154,1.);
#99=CYLINDRICAL_SURFACE('',#5164,1.);
#100=CYLINDRICAL_SURFACE('',#5166,2.5);
#101=CYLINDRICAL_SURFACE('',#5168,1.);
#102=CYLINDRICAL_SURFACE('',#5171,2.58);
#103=CYLINDRICAL_SURFACE('',#5191,0.5);
#104=CYLINDRICAL_SURFACE('',#5192,0.5);
#105=CYLINDRICAL_SURFACE('',#5194,0.5);
#106=CYLINDRICAL_SURFACE('',#5196,0.5);
#107=CYLINDRICAL_SURFACE('',#5197,0.5);
#108=CYLINDRICAL_SURFACE('',#5200,1.);
#109=CYLINDRICAL_SURFACE('',#5207,1.);
#110=CIRCLE('',#4758,1.);
#111=CIRCLE('',#4759,0.5);
#112=CIRCLE('',#4762,1.);
#113=CIRCLE('',#4763,0.499999999999998);
#114=CIRCLE('',#4766,1.);
#115=CIRCLE('',#4767,0.499999999999996);
#116=CIRCLE('',#4770,1.5);
#117=CIRCLE('',#4771,1.);
#118=CIRCLE('',#4773,1.);
#119=CIRCLE('',#4777,1.);
#120=CIRCLE('',#4780,1.);
#121=CIRCLE('',#4786,1.);
#122=CIRCLE('',#4787,1.58);
#123=CIRCLE('',#4788,0.999999999999996);
#124=CIRCLE('',#4794,0.500000000000001);
#125=CIRCLE('',#4797,2.7);
#126=CIRCLE('',#4798,2.2);
#127=CIRCLE('',#4801,1.5);
#128=CIRCLE('',#4802,2.);
#129=CIRCLE('',#4805,1.5);
#130=CIRCLE('',#4806,1.);
#131=CIRCLE('',#4810,0.521320343097209);
#132=CIRCLE('',#4811,1.02132034309721);
#133=CIRCLE('',#4814,1.00000000262064);
#134=CIRCLE('',#4815,0.500000002620637);
#135=CIRCLE('',#4819,1.);
#136=CIRCLE('',#4820,0.500000000000001);
#137=CIRCLE('',#4825,0.5);
#138=CIRCLE('',#4833,2.75);
#139=CIRCLE('',#4835,0.500000000000001);
#140=CIRCLE('',#4838,0.5);
#141=CIRCLE('',#4840,2.75);
#142=CIRCLE('',#4844,0.5);
#143=CIRCLE('',#4845,0.999999999999996);
#144=CIRCLE('',#4851,1.);
#145=CIRCLE('',#4852,0.500000000000001);
#146=CIRCLE('',#4855,0.500000000000002);
#147=CIRCLE('',#4857,0.500000000000002);
#148=CIRCLE('',#4860,0.5);
#149=CIRCLE('',#4863,0.5);
#150=CIRCLE('',#4869,1.);
#151=CIRCLE('',#4873,1.5);
#152=CIRCLE('',#4874,1.);
#153=CIRCLE('',#4877,1.);
#154=CIRCLE('',#4878,1.5);
#155=CIRCLE('',#4881,1.);
#156=CIRCLE('',#4882,1.5);
#157=CIRCLE('',#4885,0.500000000000001);
#158=CIRCLE('',#4886,0.5);
#159=CIRCLE('',#4887,0.999999999999999);
#160=CIRCLE('',#4888,1.5);
#161=CIRCLE('',#4892,1.);
#162=CIRCLE('',#4895,1.);
#163=CIRCLE('',#4900,1.);
#164=CIRCLE('',#4903,1.);
#165=CIRCLE('',#4907,1.);
#166=CIRCLE('',#4911,0.5);
#167=CIRCLE('',#4915,0.500000000000001);
#168=CIRCLE('',#4918,1.);
#169=CIRCLE('',#4921,0.5);
#170=CIRCLE('',#4924,4.);
#171=CIRCLE('',#4925,3.5);
#172=CIRCLE('',#4927,0.5);
#173=CIRCLE('',#4928,1.5);
#174=CIRCLE('',#4929,1.5);
#175=CIRCLE('',#4930,0.500000000000001);
#176=CIRCLE('',#4931,1.);
#177=CIRCLE('',#4932,0.5);
#178=CIRCLE('',#4933,1.);
#179=CIRCLE('',#4934,1.5);
#180=CIRCLE('',#4935,1.5);
#181=CIRCLE('',#4936,1.5);
#182=CIRCLE('',#4937,1.5);
#183=CIRCLE('',#4938,1.5);
#184=CIRCLE('',#4939,1.5);
#185=CIRCLE('',#4940,1.5);
#186=CIRCLE('',#4941,1.5);
#187=CIRCLE('',#4943,3.5);
#188=CIRCLE('',#4944,3.5);
#189=CIRCLE('',#4946,1.);
#190=CIRCLE('',#4949,1.);
#191=CIRCLE('',#4952,1.);
#192=CIRCLE('',#4955,1.);
#193=CIRCLE('',#4959,1.);
#194=CIRCLE('',#4962,1.);
#195=CIRCLE('',#4964,1.);
#196=CIRCLE('',#4967,1.);
#197=CIRCLE('',#4970,1.);
#198=CIRCLE('',#4973,1.);
#199=CIRCLE('',#4977,1.);
#200=CIRCLE('',#4980,1.);
#201=CIRCLE('',#4984,1.);
#202=CIRCLE('',#4987,1.);
#203=CIRCLE('',#4990,1.);
#204=CIRCLE('',#4993,1.);
#205=CIRCLE('',#4997,0.500000002620637);
#206=CIRCLE('',#4998,1.00000000262064);
#207=CIRCLE('',#5001,1.02132034309721);
#208=CIRCLE('',#5002,0.521320343097209);
#209=CIRCLE('',#5006,1.5);
#210=CIRCLE('',#5007,1.);
#211=CIRCLE('',#5010,1.5);
#212=CIRCLE('',#5011,2.);
#213=CIRCLE('',#5014,2.2);
#214=CIRCLE('',#5015,2.7);
#215=CIRCLE('',#5033,1.7);
#216=CIRCLE('',#5036,1.7);
#217=CIRCLE('',#5039,1.);
#218=CIRCLE('',#5040,1.7);
#219=CIRCLE('',#5043,1.);
#220=CIRCLE('',#5044,1.7);
#221=CIRCLE('',#5046,0.3);
#222=CIRCLE('',#5047,0.299999999999998);
#223=CIRCLE('',#5048,0.300000000000004);
#224=CIRCLE('',#5049,0.299999999999996);
#225=CIRCLE('',#5050,0.300000000000002);
#226=CIRCLE('',#5051,1.7);
#227=CIRCLE('',#5052,1.7);
#228=CIRCLE('',#5053,0.300000000000003);
#229=CIRCLE('',#5054,0.299999999999995);
#230=CIRCLE('',#5055,0.299999999999995);
#231=CIRCLE('',#5056,1.7);
#232=CIRCLE('',#5057,1.7);
#233=CIRCLE('',#5058,1.7);
#234=CIRCLE('',#5059,1.7);
#235=CIRCLE('',#5060,4.2);
#236=CIRCLE('',#5063,1.);
#237=CIRCLE('',#5070,1.);
#238=CIRCLE('',#5076,1.);
#239=CIRCLE('',#5085,1.);
#240=CIRCLE('',#5088,1.);
#241=CIRCLE('',#5091,1.);
#242=CIRCLE('',#5094,1.);
#243=CIRCLE('',#5099,1.);
#244=CIRCLE('',#5115,2.58);
#245=CIRCLE('',#5116,1.5);
#246=CIRCLE('',#5117,2.58);
#247=CIRCLE('',#5119,2.58);
#248=CIRCLE('',#5120,2.58);
#249=CIRCLE('',#5121,2.58);
#250=CIRCLE('',#5122,2.58);
#251=CIRCLE('',#5124,2.58);
#252=CIRCLE('',#5125,0.999999999999982);
#253=CIRCLE('',#5133,1.);
#254=CIRCLE('',#5136,1.);
#255=CIRCLE('',#5138,1.);
#256=CIRCLE('',#5142,0.99999999999999);
#257=CIRCLE('',#5144,0.999999999999985);
#258=CIRCLE('',#5145,1.);
#259=CIRCLE('',#5157,2.5);
#260=CIRCLE('',#5158,2.5);
#261=CIRCLE('',#5160,4.5);
#262=CIRCLE('',#5161,4.5);
#263=CIRCLE('',#5162,4.5);
#264=CIRCLE('',#5170,0.999999999999992);
#265=CIRCLE('',#5172,2.58);
#266=CIRCLE('',#5176,2.58);
#267=CIRCLE('',#5178,2.58);
#268=CIRCLE('',#5179,1.5);
#269=CIRCLE('',#5181,2.58);
#270=CIRCLE('',#5184,1.5);
#271=CIRCLE('',#5186,1.5);
#272=CIRCLE('',#5203,4.5);
#273=CIRCLE('',#5204,4.5);
#274=CIRCLE('',#5205,4.5);
#275=CIRCLE('',#5206,4.5);
#276=CIRCLE('',#5211,2.5);
#277=CIRCLE('',#5213,2.5);
#278=CONICAL_SURFACE('',#4757,0.75,0.78539816339745);
#279=CONICAL_SURFACE('',#4761,0.749999999999999,0.785398163397452);
#280=CONICAL_SURFACE('',#4765,0.749999999999998,0.785398163397454);
#281=CONICAL_SURFACE('',#4769,1.25,0.785398163397448);
#282=CONICAL_SURFACE('',#4793,0.500000000000001,0.785398163397451);
#283=CONICAL_SURFACE('',#4796,2.45,0.785398163397451);
#284=CONICAL_SURFACE('',#4800,1.75,0.78539816339745);
#285=CONICAL_SURFACE('',#4804,1.25,0.78539816339745);
#286=CONICAL_SURFACE('',#4809,0.771320343097209,0.78539816339745);
#287=CONICAL_SURFACE('',#4813,0.750000002620637,0.78539816339745);
#288=CONICAL_SURFACE('',#4818,0.750000000000001,0.785398163397449);
#289=CONICAL_SURFACE('',#4824,0.5,0.78539816339745);
#290=CONICAL_SURFACE('',#4843,0.749999999999998,0.785398163397444);
#291=CONICAL_SURFACE('',#4850,0.750000000000001,0.785398163397448);
#292=CONICAL_SURFACE('',#4854,0.500000000000002,0.785398163397451);
#293=CONICAL_SURFACE('',#4856,0.500000000000002,0.785398163397451);
#294=CONICAL_SURFACE('',#4872,1.25,0.785398163397446);
#295=CONICAL_SURFACE('',#4876,1.25,0.785398163397445);
#296=CONICAL_SURFACE('',#4880,1.25,0.785398163397447);
#297=CONICAL_SURFACE('',#4891,0.750000000000001,0.785398163397447);
#298=CONICAL_SURFACE('',#4894,0.75,0.785398163397449);
#299=CONICAL_SURFACE('',#4906,1.25,0.785398163397448);
#300=CONICAL_SURFACE('',#4910,0.749999999999999,0.785398163397447);
#301=CONICAL_SURFACE('',#4914,0.500000000000001,0.785398163397449);
#302=CONICAL_SURFACE('',#4923,3.75,0.785398163397449);
#303=CONICAL_SURFACE('',#4945,1.25,0.785398163397447);
#304=CONICAL_SURFACE('',#4948,1.25,0.785398163397447);
#305=CONICAL_SURFACE('',#4951,1.25,0.785398163397448);
#306=CONICAL_SURFACE('',#4954,1.25,0.785398163397447);
#307=CONICAL_SURFACE('',#4963,1.25,0.785398163397447);
#308=CONICAL_SURFACE('',#4966,1.25,0.785398163397447);
#309=CONICAL_SURFACE('',#4969,1.25,0.785398163397449);
#310=CONICAL_SURFACE('',#4972,1.25,0.785398163397447);
#311=CONICAL_SURFACE('',#4983,0.75,0.785398163397448);
#312=CONICAL_SURFACE('',#4986,1.25,0.785398163397449);
#313=CONICAL_SURFACE('',#4989,1.25,0.785398163397447);
#314=CONICAL_SURFACE('',#4992,0.75,0.785398163397449);
#315=CONICAL_SURFACE('',#4996,0.750000002620637,0.785398163397448);
#316=CONICAL_SURFACE('',#5000,0.771320343097209,0.785398163397448);
#317=CONICAL_SURFACE('',#5005,1.25,0.785398163397448);
#318=CONICAL_SURFACE('',#5009,1.75,0.785398163397449);
#319=CONICAL_SURFACE('',#5013,2.45,0.785398163397449);
#320=CONICAL_SURFACE('',#5018,0.5,0.785398163397448);
#321=CONICAL_SURFACE('',#5020,0.500000000000001,0.785398163397449);
#322=CONICAL_SURFACE('',#5032,1.35,0.785398163397448);
#323=CONICAL_SURFACE('',#5035,1.35,0.785398163397448);
#324=CONICAL_SURFACE('',#5038,1.35,0.785398163397448);
#325=CONICAL_SURFACE('',#5042,1.35,0.78539816339745);
#326=CONICAL_SURFACE('',#5062,1.35,0.785398163397448);
#327=CONICAL_SURFACE('',#5065,1.35,0.785398163397448);
#328=CONICAL_SURFACE('',#5067,1.35,0.785398163397448);
#329=CONICAL_SURFACE('',#5069,1.35,0.785398163397448);
#330=CONICAL_SURFACE('',#5073,3.85,0.785398163397447);
#331=CONICAL_SURFACE('',#5075,0.65,0.785398163397448);
#332=CONICAL_SURFACE('',#5078,0.649999999999999,0.78539816339745);
#333=CONICAL_SURFACE('',#5080,0.650000000000002,0.785398163397446);
#334=CONICAL_SURFACE('',#5082,0.649999999999998,0.785398163397451);
#335=CONICAL_SURFACE('',#5084,0.650000000000001,0.785398163397447);
#336=CONICAL_SURFACE('',#5087,1.35,0.78539816339745);
#337=CONICAL_SURFACE('',#5090,1.35,0.785398163397452);
#338=CONICAL_SURFACE('',#5093,0.650000000000002,0.785398163397446);
#339=CONICAL_SURFACE('',#5096,0.649999999999998,0.785398163397452);
#340=CONICAL_SURFACE('',#5098,0.649999999999998,0.785398163397452);
#341=CONICAL_SURFACE('',#5114,2.04,0.785398163397449);
#342=CONICAL_SURFACE('',#5159,3.5,0.785398163397475);
#343=CONICAL_SURFACE('',#5177,2.04,0.785398163397449);
#344=CONICAL_SURFACE('',#5183,2.04,0.785398163397433);
#345=CONICAL_SURFACE('',#5185,2.04,0.785398163397433);
#346=CONICAL_SURFACE('',#5210,3.5,0.785398163397451);
#347=CONICAL_SURFACE('',#5212,3.5,0.785398163397451);
#348=(
BOUNDED_CURVE()
B_SPLINE_CURVE(2,(#6650,#6651,#6652),.UNSPECIFIED.,.F.,.F.)
B_SPLINE_CURVE_WITH_KNOTS((3,3),(-9.03563818296653,-9.00349549939648),
 .UNSPECIFIED.)
CURVE()
GEOMETRIC_REPRESENTATION_ITEM()
RATIONAL_B_SPLINE_CURVE((1.,1.,1.))
REPRESENTATION_ITEM('')
);
#349=(
BOUNDED_CURVE()
B_SPLINE_CURVE(2,(#6661,#6662,#6663),.UNSPECIFIED.,.F.,.F.)
B_SPLINE_CURVE_WITH_KNOTS((3,3),(-12.7476914627805,-12.7155487792092),
 .UNSPECIFIED.)
CURVE()
GEOMETRIC_REPRESENTATION_ITEM()
RATIONAL_B_SPLINE_CURVE((1.,1.,1.))
REPRESENTATION_ITEM('')
);
#350=(
BOUNDED_CURVE()
B_SPLINE_CURVE(2,(#6974,#6975,#6976),.UNSPECIFIED.,.F.,.F.)
B_SPLINE_CURVE_WITH_KNOTS((3,3),(0.,0.124028567637837),.UNSPECIFIED.)
CURVE()
GEOMETRIC_REPRESENTATION_ITEM()
RATIONAL_B_SPLINE_CURVE((1.,1.11803398874978,1.))
REPRESENTATION_ITEM('')
);
#351=(
BOUNDED_CURVE()
B_SPLINE_CURVE(2,(#7226,#7227,#7228),.UNSPECIFIED.,.F.,.F.)
B_SPLINE_CURVE_WITH_KNOTS((3,3),(0.474671536368636,0.506518299899103),
 .UNSPECIFIED.)
CURVE()
GEOMETRIC_REPRESENTATION_ITEM()
RATIONAL_B_SPLINE_CURVE((1.32092526526313,1.3257132374401,1.32969907916479))
REPRESENTATION_ITEM('')
);
#352=(
BOUNDED_CURVE()
B_SPLINE_CURVE(2,(#7268,#7269,#7270),.UNSPECIFIED.,.F.,.F.)
B_SPLINE_CURVE_WITH_KNOTS((3,3),(0.,0.00980560901448151),.UNSPECIFIED.)
CURVE()
GEOMETRIC_REPRESENTATION_ITEM()
RATIONAL_B_SPLINE_CURVE((1.,1.00359822855188,1.00705588697488))
REPRESENTATION_ITEM('')
);
#353=(
BOUNDED_CURVE()
B_SPLINE_CURVE(2,(#7503,#7504,#7505),.UNSPECIFIED.,.F.,.F.)
B_SPLINE_CURVE_WITH_KNOTS((3,3),(0.,0.501996015923952),.UNSPECIFIED.)
CURVE()
GEOMETRIC_REPRESENTATION_ITEM()
RATIONAL_B_SPLINE_CURVE((1.,1.18421052631802,1.))
REPRESENTATION_ITEM('')
);
#354=(
BOUNDED_CURVE()
B_SPLINE_CURVE(2,(#7509,#7510,#7511),.UNSPECIFIED.,.F.,.F.)
B_SPLINE_CURVE_WITH_KNOTS((3,3),(0.,0.501996015929911),.UNSPECIFIED.)
CURVE()
GEOMETRIC_REPRESENTATION_ITEM()
RATIONAL_B_SPLINE_CURVE((1.,1.1842105263218,1.))
REPRESENTATION_ITEM('')
);
#355=(
BOUNDED_CURVE()
B_SPLINE_CURVE(2,(#8059,#8060,#8061),.UNSPECIFIED.,.F.,.F.)
B_SPLINE_CURVE_WITH_KNOTS((3,3),(1.00379181293592,1.84214567547612),
 .UNSPECIFIED.)
CURVE()
GEOMETRIC_REPRESENTATION_ITEM()
RATIONAL_B_SPLINE_CURVE((2.78225684602341,3.12096637510898,2.78225684601449))
REPRESENTATION_ITEM('')
);
#356=(
BOUNDED_CURVE()
B_SPLINE_CURVE(2,(#8063,#8064,#8065),.UNSPECIFIED.,.F.,.F.)
B_SPLINE_CURVE_WITH_KNOTS((3,3),(1.00379181293593,1.84214567547611),
 .UNSPECIFIED.)
CURVE()
GEOMETRIC_REPRESENTATION_ITEM()
RATIONAL_B_SPLINE_CURVE((2.78225684602348,3.12096637510905,2.78225684601459))
REPRESENTATION_ITEM('')
);
#357=(
BOUNDED_CURVE()
B_SPLINE_CURVE(2,(#8303,#8304,#8305,#8306,#8307,#8308,#8309,#8310,#8311),
 .UNSPECIFIED.,.F.,.F.)
B_SPLINE_CURVE_WITH_KNOTS((3,1,1,1,1,1,1,3),(0.00149632461336042,0.0895792363546924,
0.170570794256644,0.243164456201757,0.307504786965002,0.363771782848504,
0.41218912438976,0.574833024465139),.UNSPECIFIED.)
CURVE()
GEOMETRIC_REPRESENTATION_ITEM()
RATIONAL_B_SPLINE_CURVE((0.999972801572281,0.999174357097722,0.998113896847593,
0.997544951615473,0.997352840292783,0.997429651495862,0.997683064540279,
0.998517967485342,1.))
REPRESENTATION_ITEM('')
);
#358=(
BOUNDED_CURVE()
B_SPLINE_CURVE(2,(#8493,#8494,#8495),.UNSPECIFIED.,.F.,.F.)
B_SPLINE_CURVE_WITH_KNOTS((3,3),(0.,0.872897473938215),.UNSPECIFIED.)
CURVE()
GEOMETRIC_REPRESENTATION_ITEM()
RATIONAL_B_SPLINE_CURVE((1.,1.,1.))
REPRESENTATION_ITEM('')
);
#359=LINE('',#6648,#797);
#360=LINE('',#6660,#798);
#361=LINE('',#6667,#799);
#362=LINE('',#6669,#800);
#363=LINE('',#6671,#801);
#364=LINE('',#6784,#802);
#365=LINE('',#6786,#803);
#366=LINE('',#6788,#804);
#367=LINE('',#6789,#805);
#368=LINE('',#6794,#806);
#369=LINE('',#6798,#807);
#370=LINE('',#6800,#808);
#371=LINE('',#6801,#809);
#372=LINE('',#6806,#810);
#373=LINE('',#6810,#811);
#374=LINE('',#6812,#812);
#375=LINE('',#6813,#813);
#376=LINE('',#6818,#814);
#377=LINE('',#6822,#815);
#378=LINE('',#6824,#816);
#379=LINE('',#6825,#817);
#380=LINE('',#6856,#818);
#381=LINE('',#6864,#819);
#382=LINE('',#6926,#820);
#383=LINE('',#6930,#821);
#384=LINE('',#6952,#822);
#385=LINE('',#6970,#823);
#386=LINE('',#6972,#824);
#387=LINE('',#6978,#825);
#388=LINE('',#6979,#826);
#389=LINE('',#6982,#827);
#390=LINE('',#6988,#828);
#391=LINE('',#6990,#829);
#392=LINE('',#6992,#830);
#393=LINE('',#6993,#831);
#394=LINE('',#6996,#832);
#395=LINE('',#7000,#833);
#396=LINE('',#7002,#834);
#397=LINE('',#7004,#835);
#398=LINE('',#7006,#836);
#399=LINE('',#7008,#837);
#400=LINE('',#7009,#838);
#401=LINE('',#7012,#839);
#402=LINE('',#7022,#840);
#403=LINE('',#7024,#841);
#404=LINE('',#7025,#842);
#405=LINE('',#7040,#843);
#406=LINE('',#7042,#844);
#407=LINE('',#7044,#845);
#408=LINE('',#7046,#846);
#409=LINE('',#7050,#847);
#410=LINE('',#7052,#848);
#411=LINE('',#7054,#849);
#412=LINE('',#7055,#850);
#413=LINE('',#7060,#851);
#414=LINE('',#7062,#852);
#415=LINE('',#7064,#853);
#416=LINE('',#7065,#854);
#417=LINE('',#7070,#855);
#418=LINE('',#7074,#856);
#419=LINE('',#7076,#857);
#420=LINE('',#7077,#858);
#421=LINE('',#7081,#859);
#422=LINE('',#7086,#860);
#423=LINE('',#7088,#861);
#424=LINE('',#7089,#862);
#425=LINE('',#7093,#863);
#426=LINE('',#7098,#864);
#427=LINE('',#7100,#865);
#428=LINE('',#7101,#866);
#429=LINE('',#7104,#867);
#430=LINE('',#7106,#868);
#431=LINE('',#7107,#869);
#432=LINE('',#7112,#870);
#433=LINE('',#7116,#871);
#434=LINE('',#7118,#872);
#435=LINE('',#7119,#873);
#436=LINE('',#7124,#874);
#437=LINE('',#7128,#875);
#438=LINE('',#7130,#876);
#439=LINE('',#7131,#877);
#440=LINE('',#7134,#878);
#441=LINE('',#7136,#879);
#442=LINE('',#7137,#880);
#443=LINE('',#7141,#881);
#444=LINE('',#7148,#882);
#445=LINE('',#7150,#883);
#446=LINE('',#7155,#884);
#447=LINE('',#7160,#885);
#448=LINE('',#7161,#886);
#449=LINE('',#7164,#887);
#450=LINE('',#7167,#888);
#451=LINE('',#7170,#889);
#452=LINE('',#7172,#890);
#453=LINE('',#7174,#891);
#454=LINE('',#7176,#892);
#455=LINE('',#7180,#893);
#456=LINE('',#7181,#894);
#457=LINE('',#7186,#895);
#458=LINE('',#7190,#896);
#459=LINE('',#7191,#897);
#460=LINE('',#7194,#898);
#461=LINE('',#7198,#899);
#462=LINE('',#7199,#900);
#463=LINE('',#7203,#901);
#464=LINE('',#7207,#902);
#465=LINE('',#7209,#903);
#466=LINE('',#7211,#904);
#467=LINE('',#7212,#905);
#468=LINE('',#7217,#906);
#469=LINE('',#7222,#907);
#470=LINE('',#7223,#908);
#471=LINE('',#7225,#909);
#472=LINE('',#7231,#910);
#473=LINE('',#7233,#911);
#474=LINE('',#7235,#912);
#475=LINE('',#7236,#913);
#476=LINE('',#7242,#914);
#477=LINE('',#7244,#915);
#478=LINE('',#7245,#916);
#479=LINE('',#7250,#917);
#480=LINE('',#7254,#918);
#481=LINE('',#7255,#919);
#482=LINE('',#7256,#920);
#483=LINE('',#7263,#921);
#484=LINE('',#7265,#922);
#485=LINE('',#7267,#923);
#486=LINE('',#7273,#924);
#487=LINE('',#7277,#925);
#488=LINE('',#7278,#926);
#489=LINE('',#7281,#927);
#490=LINE('',#7285,#928);
#491=LINE('',#7286,#929);
#492=LINE('',#7289,#930);
#493=LINE('',#7293,#931);
#494=LINE('',#7295,#932);
#495=LINE('',#7297,#933);
#496=LINE('',#7298,#934);
#497=LINE('',#7301,#935);
#498=LINE('',#7307,#936);
#499=LINE('',#7309,#937);
#500=LINE('',#7310,#938);
#501=LINE('',#7315,#939);
#502=LINE('',#7319,#940);
#503=LINE('',#7321,#941);
#504=LINE('',#7322,#942);
#505=LINE('',#7326,#943);
#506=LINE('',#7331,#944);
#507=LINE('',#7333,#945);
#508=LINE('',#7334,#946);
#509=LINE('',#7338,#947);
#510=LINE('',#7344,#948);
#511=LINE('',#7345,#949);
#512=LINE('',#7346,#950);
#513=LINE('',#7349,#951);
#514=LINE('',#7353,#952);
#515=LINE('',#7357,#953);
#516=LINE('',#7359,#954);
#517=LINE('',#7363,#955);
#518=LINE('',#7365,#956);
#519=LINE('',#7369,#957);
#520=LINE('',#7371,#958);
#521=LINE('',#7374,#959);
#522=LINE('',#7376,#960);
#523=LINE('',#7380,#961);
#524=LINE('',#7383,#962);
#525=LINE('',#7384,#963);
#526=LINE('',#7388,#964);
#527=LINE('',#7392,#965);
#528=LINE('',#7395,#966);
#529=LINE('',#7396,#967);
#530=LINE('',#7398,#968);
#531=LINE('',#7400,#969);
#532=LINE('',#7401,#970);
#533=LINE('',#7404,#971);
#534=LINE('',#7408,#972);
#535=LINE('',#7409,#973);
#536=LINE('',#7414,#974);
#537=LINE('',#7416,#975);
#538=LINE('',#7418,#976);
#539=LINE('',#7422,#977);
#540=LINE('',#7426,#978);
#541=LINE('',#7427,#979);
#542=LINE('',#7430,#980);
#543=LINE('',#7432,#981);
#544=LINE('',#7433,#982);
#545=LINE('',#7436,#983);
#546=LINE('',#7441,#984);
#547=LINE('',#7446,#985);
#548=LINE('',#7448,#986);
#549=LINE('',#7450,#987);
#550=LINE('',#7451,#988);
#551=LINE('',#7454,#989);
#552=LINE('',#7458,#990);
#553=LINE('',#7459,#991);
#554=LINE('',#7462,#992);
#555=LINE('',#7466,#993);
#556=LINE('',#7467,#994);
#557=LINE('',#7472,#995);
#558=LINE('',#7476,#996);
#559=LINE('',#7480,#997);
#560=LINE('',#7484,#998);
#561=LINE('',#7488,#999);
#562=LINE('',#7492,#1000);
#563=LINE('',#7497,#1001);
#564=LINE('',#7501,#1002);
#565=LINE('',#7507,#1003);
#566=LINE('',#7512,#1004);
#567=LINE('',#7517,#1005);
#568=LINE('',#7521,#1006);
#569=LINE('',#7525,#1007);
#570=LINE('',#7528,#1008);
#571=LINE('',#7533,#1009);
#572=LINE('',#7537,#1010);
#573=LINE('',#7541,#1011);
#574=LINE('',#7544,#1012);
#575=LINE('',#7550,#1013);
#576=LINE('',#7553,#1014);
#577=LINE('',#7556,#1015);
#578=LINE('',#7559,#1016);
#579=LINE('',#7560,#1017);
#580=LINE('',#7563,#1018);
#581=LINE('',#7567,#1019);
#582=LINE('',#7568,#1020);
#583=LINE('',#7571,#1021);
#584=LINE('',#7575,#1022);
#585=LINE('',#7576,#1023);
#586=LINE('',#7579,#1024);
#587=LINE('',#7582,#1025);
#588=LINE('',#7585,#1026);
#589=LINE('',#7587,#1027);
#590=LINE('',#7588,#1028);
#591=LINE('',#7591,#1029);
#592=LINE('',#7595,#1030);
#593=LINE('',#7596,#1031);
#594=LINE('',#7599,#1032);
#595=LINE('',#7603,#1033);
#596=LINE('',#7606,#1034);
#597=LINE('',#7609,#1035);
#598=LINE('',#7610,#1036);
#599=LINE('',#7613,#1037);
#600=LINE('',#7617,#1038);
#601=LINE('',#7618,#1039);
#602=LINE('',#7621,#1040);
#603=LINE('',#7625,#1041);
#604=LINE('',#7626,#1042);
#605=LINE('',#7629,#1043);
#606=LINE('',#7632,#1044);
#607=LINE('',#7635,#1045);
#608=LINE('',#7637,#1046);
#609=LINE('',#7638,#1047);
#610=LINE('',#7641,#1048);
#611=LINE('',#7645,#1049);
#612=LINE('',#7646,#1050);
#613=LINE('',#7649,#1051);
#614=LINE('',#7653,#1052);
#615=LINE('',#7656,#1053);
#616=LINE('',#7660,#1054);
#617=LINE('',#7661,#1055);
#618=LINE('',#7664,#1056);
#619=LINE('',#7668,#1057);
#620=LINE('',#7669,#1058);
#621=LINE('',#7672,#1059);
#622=LINE('',#7676,#1060);
#623=LINE('',#7677,#1061);
#624=LINE('',#7679,#1062);
#625=LINE('',#7685,#1063);
#626=LINE('',#7687,#1064);
#627=LINE('',#7689,#1065);
#628=LINE('',#7690,#1066);
#629=LINE('',#7694,#1067);
#630=LINE('',#7700,#1068);
#631=LINE('',#7701,#1069);
#632=LINE('',#7702,#1070);
#633=LINE('',#7706,#1071);
#634=LINE('',#7711,#1072);
#635=LINE('',#7713,#1073);
#636=LINE('',#7714,#1074);
#637=LINE('',#7717,#1075);
#638=LINE('',#7719,#1076);
#639=LINE('',#7720,#1077);
#640=LINE('',#7724,#1078);
#641=LINE('',#7730,#1079);
#642=LINE('',#7731,#1080);
#643=LINE('',#7732,#1081);
#644=LINE('',#7736,#1082);
#645=LINE('',#7742,#1083);
#646=LINE('',#7743,#1084);
#647=LINE('',#7744,#1085);
#648=LINE('',#7747,#1086);
#649=LINE('',#7752,#1087);
#650=LINE('',#7753,#1088);
#651=LINE('',#7756,#1089);
#652=LINE('',#7757,#1090);
#653=LINE('',#7758,#1091);
#654=LINE('',#7762,#1092);
#655=LINE('',#7763,#1093);
#656=LINE('',#7764,#1094);
#657=LINE('',#7767,#1095);
#658=LINE('',#7768,#1096);
#659=LINE('',#7770,#1097);
#660=LINE('',#7772,#1098);
#661=LINE('',#7774,#1099);
#662=LINE('',#7776,#1100);
#663=LINE('',#7778,#1101);
#664=LINE('',#7780,#1102);
#665=LINE('',#7782,#1103);
#666=LINE('',#7784,#1104);
#667=LINE('',#7788,#1105);
#668=LINE('',#7790,#1106);
#669=LINE('',#7791,#1107);
#670=LINE('',#7794,#1108);
#671=LINE('',#7798,#1109);
#672=LINE('',#7799,#1110);
#673=LINE('',#7802,#1111);
#674=LINE('',#7807,#1112);
#675=LINE('',#7808,#1113);
#676=LINE('',#7809,#1114);
#677=LINE('',#7814,#1115);
#678=LINE('',#7819,#1116);
#679=LINE('',#7820,#1117);
#680=LINE('',#7821,#1118);
#681=LINE('',#7827,#1119);
#682=LINE('',#7831,#1120);
#683=LINE('',#7835,#1121);
#684=LINE('',#7839,#1122);
#685=LINE('',#7843,#1123);
#686=LINE('',#7847,#1124);
#687=LINE('',#7851,#1125);
#688=LINE('',#7855,#1126);
#689=LINE('',#7859,#1127);
#690=LINE('',#7863,#1128);
#691=LINE('',#7866,#1129);
#692=LINE('',#7869,#1130);
#693=LINE('',#7873,#1131);
#694=LINE('',#7877,#1132);
#695=LINE('',#7881,#1133);
#696=LINE('',#7887,#1134);
#697=LINE('',#7889,#1135);
#698=LINE('',#7890,#1136);
#699=LINE('',#7893,#1137);
#700=LINE('',#7895,#1138);
#701=LINE('',#7897,#1139);
#702=LINE('',#7899,#1140);
#703=LINE('',#7901,#1141);
#704=LINE('',#7904,#1142);
#705=LINE('',#7905,#1143);
#706=LINE('',#7909,#1144);
#707=LINE('',#7911,#1145);
#708=LINE('',#7913,#1146);
#709=LINE('',#7916,#1147);
#710=LINE('',#7918,#1148);
#711=LINE('',#7919,#1149);
#712=LINE('',#7922,#1150);
#713=LINE('',#7924,#1151);
#714=LINE('',#7926,#1152);
#715=LINE('',#7928,#1153);
#716=LINE('',#7930,#1154);
#717=LINE('',#7932,#1155);
#718=LINE('',#7934,#1156);
#719=LINE('',#7936,#1157);
#720=LINE('',#7940,#1158);
#721=LINE('',#7943,#1159);
#722=LINE('',#7944,#1160);
#723=LINE('',#7948,#1161);
#724=LINE('',#7951,#1162);
#725=LINE('',#7952,#1163);
#726=LINE('',#7956,#1164);
#727=LINE('',#7959,#1165);
#728=LINE('',#7960,#1166);
#729=LINE('',#7963,#1167);
#730=LINE('',#7965,#1168);
#731=LINE('',#7967,#1169);
#732=LINE('',#7969,#1170);
#733=LINE('',#7973,#1171);
#734=LINE('',#7975,#1172);
#735=LINE('',#7978,#1173);
#736=LINE('',#7979,#1174);
#737=LINE('',#7985,#1175);
#738=LINE('',#7987,#1176);
#739=LINE('',#7989,#1177);
#740=LINE('',#7991,#1178);
#741=LINE('',#7993,#1179);
#742=LINE('',#7995,#1180);
#743=LINE('',#7998,#1181);
#744=LINE('',#8000,#1182);
#745=LINE('',#8005,#1183);
#746=LINE('',#8014,#1184);
#747=LINE('',#8018,#1185);
#748=LINE('',#8026,#1186);
#749=LINE('',#8030,#1187);
#750=LINE('',#8033,#1188);
#751=LINE('',#8034,#1189);
#752=LINE('',#8037,#1190);
#753=LINE('',#8038,#1191);
#754=LINE('',#8041,#1192);
#755=LINE('',#8044,#1193);
#756=LINE('',#8047,#1194);
#757=LINE('',#8048,#1195);
#758=LINE('',#8051,#1196);
#759=LINE('',#8055,#1197);
#760=LINE('',#8058,#1198);
#761=LINE('',#8066,#1199);
#762=LINE('',#8068,#1200);
#763=LINE('',#8077,#1201);
#764=LINE('',#8080,#1202);
#765=LINE('',#8081,#1203);
#766=LINE('',#8084,#1204);
#767=LINE('',#8255,#1205);
#768=LINE('',#8259,#1206);
#769=LINE('',#8294,#1207);
#770=LINE('',#8302,#1208);
#771=LINE('',#8325,#1209);
#772=LINE('',#8326,#1210);
#773=LINE('',#8328,#1211);
#774=LINE('',#8332,#1212);
#775=LINE('',#8425,#1213);
#776=LINE('',#8428,#1214);
#777=LINE('',#8429,#1215);
#778=LINE('',#8431,#1216);
#779=LINE('',#8432,#1217);
#780=LINE('',#8438,#1218);
#781=LINE('',#8445,#1219);
#782=LINE('',#8449,#1220);
#783=LINE('',#8456,#1221);
#784=LINE('',#8461,#1222);
#785=LINE('',#8464,#1223);
#786=LINE('',#8467,#1224);
#787=LINE('',#8470,#1225);
#788=LINE('',#8472,#1226);
#789=LINE('',#8477,#1227);
#790=LINE('',#8478,#1228);
#791=LINE('',#8484,#1229);
#792=LINE('',#8489,#1230);
#793=LINE('',#8490,#1231);
#794=LINE('',#8496,#1232);
#795=LINE('',#8500,#1233);
#796=LINE('',#8504,#1234);
#797=VECTOR('',#5223,10.);
#798=VECTOR('',#5224,10.);
#799=VECTOR('',#5227,10.);
#800=VECTOR('',#5228,10.);
#801=VECTOR('',#5229,10.);
#802=VECTOR('',#5232,10.);
#803=VECTOR('',#5233,10.);
#804=VECTOR('',#5234,10.);
#805=VECTOR('',#5235,10.);
#806=VECTOR('',#5240,10.);
#807=VECTOR('',#5245,10.);
#808=VECTOR('',#5246,10.);
#809=VECTOR('',#5247,10.);
#810=VECTOR('',#5252,10.);
#811=VECTOR('',#5257,10.);
#812=VECTOR('',#5258,10.);
#813=VECTOR('',#5259,10.);
#814=VECTOR('',#5264,10.);
#815=VECTOR('',#5269,10.);
#816=VECTOR('',#5270,10.);
#817=VECTOR('',#5271,10.);
#818=VECTOR('',#5278,10.);
#819=VECTOR('',#5279,10.);
#820=VECTOR('',#5282,10.);
#821=VECTOR('',#5285,10.);
#822=VECTOR('',#5286,10.);
#823=VECTOR('',#5289,10.);
#824=VECTOR('',#5290,10.);
#825=VECTOR('',#5291,10.);
#826=VECTOR('',#5292,10.);
#827=VECTOR('',#5295,10.);
#828=VECTOR('',#5302,10.);
#829=VECTOR('',#5303,10.);
#830=VECTOR('',#5304,10.);
#831=VECTOR('',#5305,10.);
#832=VECTOR('',#5308,10.);
#833=VECTOR('',#5313,10.);
#834=VECTOR('',#5314,10.);
#835=VECTOR('',#5315,10.);
#836=VECTOR('',#5316,10.);
#837=VECTOR('',#5317,10.);
#838=VECTOR('',#5318,10.);
#839=VECTOR('',#5321,10.);
#840=VECTOR('',#5332,10.);
#841=VECTOR('',#5333,10.);
#842=VECTOR('',#5334,10.);
#843=VECTOR('',#5341,10.);
#844=VECTOR('',#5342,10.);
#845=VECTOR('',#5343,10.);
#846=VECTOR('',#5344,10.);
#847=VECTOR('',#5349,10.);
#848=VECTOR('',#5350,10.);
#849=VECTOR('',#5351,10.);
#850=VECTOR('',#5352,10.);
#851=VECTOR('',#5359,10.);
#852=VECTOR('',#5360,10.);
#853=VECTOR('',#5361,10.);
#854=VECTOR('',#5362,10.);
#855=VECTOR('',#5367,10.);
#856=VECTOR('',#5372,10.);
#857=VECTOR('',#5373,10.);
#858=VECTOR('',#5374,10.);
#859=VECTOR('',#5377,10.);
#860=VECTOR('',#5384,10.);
#861=VECTOR('',#5385,10.);
#862=VECTOR('',#5386,10.);
#863=VECTOR('',#5389,10.);
#864=VECTOR('',#5396,10.);
#865=VECTOR('',#5397,10.);
#866=VECTOR('',#5398,10.);
#867=VECTOR('',#5401,10.);
#868=VECTOR('',#5402,10.);
#869=VECTOR('',#5403,10.);
#870=VECTOR('',#5408,10.);
#871=VECTOR('',#5413,10.);
#872=VECTOR('',#5414,10.);
#873=VECTOR('',#5415,10.);
#874=VECTOR('',#5420,10.);
#875=VECTOR('',#5425,10.);
#876=VECTOR('',#5426,10.);
#877=VECTOR('',#5427,10.);
#878=VECTOR('',#5430,10.);
#879=VECTOR('',#5431,10.);
#880=VECTOR('',#5432,10.);
#881=VECTOR('',#5435,10.);
#882=VECTOR('',#5444,10.);
#883=VECTOR('',#5445,10.);
#884=VECTOR('',#5454,10.);
#885=VECTOR('',#5459,10.);
#886=VECTOR('',#5460,10.);
#887=VECTOR('',#5463,10.);
#888=VECTOR('',#5466,10.);
#889=VECTOR('',#5469,10.);
#890=VECTOR('',#5470,10.);
#891=VECTOR('',#5471,10.);
#892=VECTOR('',#5472,10.);
#893=VECTOR('',#5475,10.);
#894=VECTOR('',#5476,10.);
#895=VECTOR('',#5481,10.);
#896=VECTOR('',#5486,10.);
#897=VECTOR('',#5487,10.);
#898=VECTOR('',#5490,10.);
#899=VECTOR('',#5495,10.);
#900=VECTOR('',#5496,10.);
#901=VECTOR('',#5501,2.75);
#902=VECTOR('',#5504,10.);
#903=VECTOR('',#5505,10.);
#904=VECTOR('',#5506,10.);
#905=VECTOR('',#5507,10.);
#906=VECTOR('',#5512,10.);
#907=VECTOR('',#5517,10.);
#908=VECTOR('',#5518,10.);
#909=VECTOR('',#5519,10.);
#910=VECTOR('',#5522,10.);
#911=VECTOR('',#5523,10.);
#912=VECTOR('',#5524,10.);
#913=VECTOR('',#5525,10.);
#914=VECTOR('',#5530,10.);
#915=VECTOR('',#5531,10.);
#916=VECTOR('',#5532,10.);
#917=VECTOR('',#5537,10.);
#918=VECTOR('',#5542,10.);
#919=VECTOR('',#5543,10.);
#920=VECTOR('',#5544,10.);
#921=VECTOR('',#5555,10.);
#922=VECTOR('',#5556,10.);
#923=VECTOR('',#5557,10.);
#924=VECTOR('',#5560,10.);
#925=VECTOR('',#5565,10.);
#926=VECTOR('',#5566,10.);
#927=VECTOR('',#5569,10.);
#928=VECTOR('',#5574,10.);
#929=VECTOR('',#5575,10.);
#930=VECTOR('',#5578,10.);
#931=VECTOR('',#5583,10.);
#932=VECTOR('',#5584,10.);
#933=VECTOR('',#5585,10.);
#934=VECTOR('',#5586,10.);
#935=VECTOR('',#5589,10.);
#936=VECTOR('',#5596,10.);
#937=VECTOR('',#5597,10.);
#938=VECTOR('',#5598,10.);
#939=VECTOR('',#5603,10.);
#940=VECTOR('',#5608,10.);
#941=VECTOR('',#5609,10.);
#942=VECTOR('',#5610,10.);
#943=VECTOR('',#5613,10.);
#944=VECTOR('',#5620,10.);
#945=VECTOR('',#5621,10.);
#946=VECTOR('',#5622,10.);
#947=VECTOR('',#5625,10.);
#948=VECTOR('',#5632,10.);
#949=VECTOR('',#5633,10.);
#950=VECTOR('',#5634,10.);
#951=VECTOR('',#5637,10.);
#952=VECTOR('',#5640,10.);
#953=VECTOR('',#5643,10.);
#954=VECTOR('',#5644,10.);
#955=VECTOR('',#5647,10.);
#956=VECTOR('',#5648,10.);
#957=VECTOR('',#5651,10.);
#958=VECTOR('',#5652,10.);
#959=VECTOR('',#5655,10.);
#960=VECTOR('',#5658,10.);
#961=VECTOR('',#5663,10.);
#962=VECTOR('',#5666,10.);
#963=VECTOR('',#5667,10.);
#964=VECTOR('',#5672,10.);
#965=VECTOR('',#5677,10.);
#966=VECTOR('',#5680,10.);
#967=VECTOR('',#5681,10.);
#968=VECTOR('',#5682,10.);
#969=VECTOR('',#5683,10.);
#970=VECTOR('',#5684,10.);
#971=VECTOR('',#5687,10.);
#972=VECTOR('',#5692,10.);
#973=VECTOR('',#5693,10.);
#974=VECTOR('',#5700,10.);
#975=VECTOR('',#5701,10.);
#976=VECTOR('',#5702,10.);
#977=VECTOR('',#5707,10.);
#978=VECTOR('',#5712,10.);
#979=VECTOR('',#5713,10.);
#980=VECTOR('',#5716,10.);
#981=VECTOR('',#5717,10.);
#982=VECTOR('',#5718,10.);
#983=VECTOR('',#5721,10.);
#984=VECTOR('',#5728,10.);
#985=VECTOR('',#5735,10.);
#986=VECTOR('',#5736,10.);
#987=VECTOR('',#5737,10.);
#988=VECTOR('',#5738,10.);
#989=VECTOR('',#5741,10.);
#990=VECTOR('',#5746,10.);
#991=VECTOR('',#5747,10.);
#992=VECTOR('',#5750,10.);
#993=VECTOR('',#5755,10.);
#994=VECTOR('',#5756,10.);
#995=VECTOR('',#5761,3.75);
#996=VECTOR('',#5766,10.);
#997=VECTOR('',#5769,10.);
#998=VECTOR('',#5772,10.);
#999=VECTOR('',#5775,10.);
#1000=VECTOR('',#5778,10.);
#1001=VECTOR('',#5783,10.);
#1002=VECTOR('',#5786,10.);
#1003=VECTOR('',#5787,10.);
#1004=VECTOR('',#5788,10.);
#1005=VECTOR('',#5791,10.);
#1006=VECTOR('',#5794,10.);
#1007=VECTOR('',#5797,10.);
#1008=VECTOR('',#5800,10.);
#1009=VECTOR('',#5803,10.);
#1010=VECTOR('',#5806,10.);
#1011=VECTOR('',#5809,10.);
#1012=VECTOR('',#5812,10.);
#1013=VECTOR('',#5819,3.5);
#1014=VECTOR('',#5822,10.);
#1015=VECTOR('',#5825,10.);
#1016=VECTOR('',#5828,10.);
#1017=VECTOR('',#5829,10.);
#1018=VECTOR('',#5832,10.);
#1019=VECTOR('',#5837,10.);
#1020=VECTOR('',#5838,10.);
#1021=VECTOR('',#5841,10.);
#1022=VECTOR('',#5846,10.);
#1023=VECTOR('',#5847,10.);
#1024=VECTOR('',#5850,10.);
#1025=VECTOR('',#5855,10.);
#1026=VECTOR('',#5858,10.);
#1027=VECTOR('',#5859,10.);
#1028=VECTOR('',#5860,10.);
#1029=VECTOR('',#5863,10.);
#1030=VECTOR('',#5868,10.);
#1031=VECTOR('',#5869,10.);
#1032=VECTOR('',#5872,10.);
#1033=VECTOR('',#5877,10.);
#1034=VECTOR('',#5880,10.);
#1035=VECTOR('',#5883,10.);
#1036=VECTOR('',#5884,10.);
#1037=VECTOR('',#5887,10.);
#1038=VECTOR('',#5892,10.);
#1039=VECTOR('',#5893,10.);
#1040=VECTOR('',#5896,10.);
#1041=VECTOR('',#5901,10.);
#1042=VECTOR('',#5902,10.);
#1043=VECTOR('',#5905,10.);
#1044=VECTOR('',#5910,10.);
#1045=VECTOR('',#5913,10.);
#1046=VECTOR('',#5914,10.);
#1047=VECTOR('',#5915,10.);
#1048=VECTOR('',#5918,10.);
#1049=VECTOR('',#5923,10.);
#1050=VECTOR('',#5924,10.);
#1051=VECTOR('',#5927,10.);
#1052=VECTOR('',#5934,10.);
#1053=VECTOR('',#5937,10.);
#1054=VECTOR('',#5942,10.);
#1055=VECTOR('',#5943,10.);
#1056=VECTOR('',#5946,10.);
#1057=VECTOR('',#5951,10.);
#1058=VECTOR('',#5952,10.);
#1059=VECTOR('',#5955,10.);
#1060=VECTOR('',#5960,10.);
#1061=VECTOR('',#5961,10.);
#1062=VECTOR('',#5964,10.);
#1063=VECTOR('',#5971,10.);
#1064=VECTOR('',#5972,10.);
#1065=VECTOR('',#5973,10.);
#1066=VECTOR('',#5974,10.);
#1067=VECTOR('',#5977,10.);
#1068=VECTOR('',#5984,10.);
#1069=VECTOR('',#5985,10.);
#1070=VECTOR('',#5986,10.);
#1071=VECTOR('',#5989,10.);
#1072=VECTOR('',#5996,10.);
#1073=VECTOR('',#5997,10.);
#1074=VECTOR('',#5998,10.);
#1075=VECTOR('',#6001,10.);
#1076=VECTOR('',#6002,10.);
#1077=VECTOR('',#6003,10.);
#1078=VECTOR('',#6006,10.);
#1079=VECTOR('',#6013,10.);
#1080=VECTOR('',#6014,10.);
#1081=VECTOR('',#6015,10.);
#1082=VECTOR('',#6018,10.);
#1083=VECTOR('',#6025,10.);
#1084=VECTOR('',#6026,10.);
#1085=VECTOR('',#6027,10.);
#1086=VECTOR('',#6030,10.);
#1087=VECTOR('',#6037,10.);
#1088=VECTOR('',#6038,10.);
#1089=VECTOR('',#6041,10.);
#1090=VECTOR('',#6042,10.);
#1091=VECTOR('',#6043,10.);
#1092=VECTOR('',#6048,10.);
#1093=VECTOR('',#6049,10.);
#1094=VECTOR('',#6050,10.);
#1095=VECTOR('',#6055,10.);
#1096=VECTOR('',#6056,10.);
#1097=VECTOR('',#6059,10.);
#1098=VECTOR('',#6062,10.);
#1099=VECTOR('',#6065,10.);
#1100=VECTOR('',#6068,10.);
#1101=VECTOR('',#6071,10.);
#1102=VECTOR('',#6074,10.);
#1103=VECTOR('',#6077,10.);
#1104=VECTOR('',#6080,10.);
#1105=VECTOR('',#6085,10.);
#1106=VECTOR('',#6086,10.);
#1107=VECTOR('',#6087,10.);
#1108=VECTOR('',#6090,10.);
#1109=VECTOR('',#6095,10.);
#1110=VECTOR('',#6096,10.);
#1111=VECTOR('',#6099,10.);
#1112=VECTOR('',#6104,10.);
#1113=VECTOR('',#6105,10.);
#1114=VECTOR('',#6106,10.);
#1115=VECTOR('',#6111,10.);
#1116=VECTOR('',#6116,10.);
#1117=VECTOR('',#6117,10.);
#1118=VECTOR('',#6118,10.);
#1119=VECTOR('',#6127,10.);
#1120=VECTOR('',#6130,10.);
#1121=VECTOR('',#6133,10.);
#1122=VECTOR('',#6136,10.);
#1123=VECTOR('',#6139,10.);
#1124=VECTOR('',#6142,10.);
#1125=VECTOR('',#6145,10.);
#1126=VECTOR('',#6148,10.);
#1127=VECTOR('',#6151,10.);
#1128=VECTOR('',#6154,10.);
#1129=VECTOR('',#6157,10.);
#1130=VECTOR('',#6158,10.);
#1131=VECTOR('',#6161,10.);
#1132=VECTOR('',#6164,10.);
#1133=VECTOR('',#6167,10.);
#1134=VECTOR('',#6174,10.);
#1135=VECTOR('',#6175,10.);
#1136=VECTOR('',#6176,10.);
#1137=VECTOR('',#6181,10.);
#1138=VECTOR('',#6184,10.);
#1139=VECTOR('',#6187,10.);
#1140=VECTOR('',#6190,10.);
#1141=VECTOR('',#6193,10.);
#1142=VECTOR('',#6196,10.);
#1143=VECTOR('',#6197,10.);
#1144=VECTOR('',#6204,10.);
#1145=VECTOR('',#6207,10.);
#1146=VECTOR('',#6210,3.85);
#1147=VECTOR('',#6213,10.);
#1148=VECTOR('',#6214,10.);
#1149=VECTOR('',#6215,10.);
#1150=VECTOR('',#6220,10.);
#1151=VECTOR('',#6223,10.);
#1152=VECTOR('',#6226,10.);
#1153=VECTOR('',#6229,10.);
#1154=VECTOR('',#6232,10.);
#1155=VECTOR('',#6235,10.);
#1156=VECTOR('',#6238,10.);
#1157=VECTOR('',#6241,10.);
#1158=VECTOR('',#6246,10.);
#1159=VECTOR('',#6249,10.);
#1160=VECTOR('',#6250,10.);
#1161=VECTOR('',#6255,10.);
#1162=VECTOR('',#6258,10.);
#1163=VECTOR('',#6259,10.);
#1164=VECTOR('',#6264,10.);
#1165=VECTOR('',#6267,10.);
#1166=VECTOR('',#6268,10.);
#1167=VECTOR('',#6273,10.);
#1168=VECTOR('',#6276,10.);
#1169=VECTOR('',#6279,10.);
#1170=VECTOR('',#6282,10.);
#1171=VECTOR('',#6287,10.);
#1172=VECTOR('',#6290,10.);
#1173=VECTOR('',#6293,10.);
#1174=VECTOR('',#6294,10.);
#1175=VECTOR('',#6303,10.);
#1176=VECTOR('',#6306,10.);
#1177=VECTOR('',#6309,10.);
#1178=VECTOR('',#6312,10.);
#1179=VECTOR('',#6315,10.);
#1180=VECTOR('',#6318,10.);
#1181=VECTOR('',#6323,10.);
#1182=VECTOR('',#6326,10.);
#1183=VECTOR('',#6331,2.04);
#1184=VECTOR('',#6342,10.);
#1185=VECTOR('',#6345,10.);
#1186=VECTOR('',#6356,10.);
#1187=VECTOR('',#6361,10.);
#1188=VECTOR('',#6366,10.);
#1189=VECTOR('',#6367,10.);
#1190=VECTOR('',#6370,10.);
#1191=VECTOR('',#6371,10.);
#1192=VECTOR('',#6374,10.);
#1193=VECTOR('',#6377,10.);
#1194=VECTOR('',#6380,10.);
#1195=VECTOR('',#6381,10.);
#1196=VECTOR('',#6384,10.);
#1197=VECTOR('',#6389,10.);
#1198=VECTOR('',#6392,10.);
#1199=VECTOR('',#6393,10.);
#1200=VECTOR('',#6396,10.);
#1201=VECTOR('',#6413,10.);
#1202=VECTOR('',#6418,10.);
#1203=VECTOR('',#6419,10.);
#1204=VECTOR('',#6424,10.);
#1205=VECTOR('',#6431,10.);
#1206=VECTOR('',#6434,10.);
#1207=VECTOR('',#6451,10.);
#1208=VECTOR('',#6454,10.);
#1209=VECTOR('',#6457,10.);
#1210=VECTOR('',#6458,10.);
#1211=VECTOR('',#6461,10.);
#1212=VECTOR('',#6466,10.);
#1213=VECTOR('',#6475,10.);
#1214=VECTOR('',#6478,10.);
#1215=VECTOR('',#6479,10.);
#1216=VECTOR('',#6482,10.);
#1217=VECTOR('',#6483,10.);
#1218=VECTOR('',#6492,2.04);
#1219=VECTOR('',#6503,2.04);
#1220=VECTOR('',#6508,2.04);
#1221=VECTOR('',#6521,10.);
#1222=VECTOR('',#6528,10.);
#1223=VECTOR('',#6533,10.);
#1224=VECTOR('',#6536,10.);
#1225=VECTOR('',#6539,10.);
#1226=VECTOR('',#6542,10.);
#1227=VECTOR('',#6547,10.);
#1228=VECTOR('',#6548,10.);
#1229=VECTOR('',#6555,10.);
#1230=VECTOR('',#6560,10.);
#1231=VECTOR('',#6561,10.);
#1232=VECTOR('',#6566,10.);
#1233=VECTOR('',#6571,3.5);
#1234=VECTOR('',#6576,3.5);
#1235=PLANE('',#4754);
#1236=PLANE('',#4755);
#1237=PLANE('',#4756);
#1238=PLANE('',#4760);
#1239=PLANE('',#4764);
#1240=PLANE('',#4768);
#1241=PLANE('',#4774);
#1242=PLANE('',#4778);
#1243=PLANE('',#4781);
#1244=PLANE('',#4785);
#1245=PLANE('',#4789);
#1246=PLANE('',#4790);
#1247=PLANE('',#4792);
#1248=PLANE('',#4795);
#1249=PLANE('',#4799);
#1250=PLANE('',#4803);
#1251=PLANE('',#4807);
#1252=PLANE('',#4808);
#1253=PLANE('',#4812);
#1254=PLANE('',#4816);
#1255=PLANE('',#4817);
#1256=PLANE('',#4821);
#1257=PLANE('',#4826);
#1258=PLANE('',#4827);
#1259=PLANE('',#4831);
#1260=PLANE('',#4836);
#1261=PLANE('',#4839);
#1262=PLANE('',#4842);
#1263=PLANE('',#4846);
#1264=PLANE('',#4847);
#1265=PLANE('',#4848);
#1266=PLANE('',#4853);
#1267=PLANE('',#4858);
#1268=PLANE('',#4861);
#1269=PLANE('',#4864);
#1270=PLANE('',#4867);
#1271=PLANE('',#4870);
#1272=PLANE('',#4875);
#1273=PLANE('',#4879);
#1274=PLANE('',#4883);
#1275=PLANE('',#4884);
#1276=PLANE('',#4890);
#1277=PLANE('',#4893);
#1278=PLANE('',#4896);
#1279=PLANE('',#4898);
#1280=PLANE('',#4901);
#1281=PLANE('',#4904);
#1282=PLANE('',#4908);
#1283=PLANE('',#4909);
#1284=PLANE('',#4912);
#1285=PLANE('',#4916);
#1286=PLANE('',#4919);
#1287=PLANE('',#4922);
#1288=PLANE('',#4926);
#1289=PLANE('',#4947);
#1290=PLANE('',#4950);
#1291=PLANE('',#4953);
#1292=PLANE('',#4956);
#1293=PLANE('',#4957);
#1294=PLANE('',#4960);
#1295=PLANE('',#4965);
#1296=PLANE('',#4968);
#1297=PLANE('',#4971);
#1298=PLANE('',#4974);
#1299=PLANE('',#4975);
#1300=PLANE('',#4978);
#1301=PLANE('',#4981);
#1302=PLANE('',#4985);
#1303=PLANE('',#4988);
#1304=PLANE('',#4991);
#1305=PLANE('',#4994);
#1306=PLANE('',#4995);
#1307=PLANE('',#4999);
#1308=PLANE('',#5003);
#1309=PLANE('',#5004);
#1310=PLANE('',#5008);
#1311=PLANE('',#5012);
#1312=PLANE('',#5016);
#1313=PLANE('',#5017);
#1314=PLANE('',#5019);
#1315=PLANE('',#5022);
#1316=PLANE('',#5024);
#1317=PLANE('',#5025);
#1318=PLANE('',#5027);
#1319=PLANE('',#5029);
#1320=PLANE('',#5031);
#1321=PLANE('',#5034);
#1322=PLANE('',#5037);
#1323=PLANE('',#5041);
#1324=PLANE('',#5045);
#1325=PLANE('',#5061);
#1326=PLANE('',#5064);
#1327=PLANE('',#5066);
#1328=PLANE('',#5068);
#1329=PLANE('',#5072);
#1330=PLANE('',#5074);
#1331=PLANE('',#5077);
#1332=PLANE('',#5079);
#1333=PLANE('',#5081);
#1334=PLANE('',#5083);
#1335=PLANE('',#5086);
#1336=PLANE('',#5089);
#1337=PLANE('',#5092);
#1338=PLANE('',#5095);
#1339=PLANE('',#5097);
#1340=PLANE('',#5100);
#1341=PLANE('',#5101);
#1342=PLANE('',#5106);
#1343=PLANE('',#5108);
#1344=PLANE('',#5110);
#1345=PLANE('',#5113);
#1346=PLANE('',#5118);
#1347=PLANE('',#5131);
#1348=PLANE('',#5134);
#1349=PLANE('',#5137);
#1350=PLANE('',#5139);
#1351=PLANE('',#5148);
#1352=PLANE('',#5150);
#1353=PLANE('',#5152);
#1354=PLANE('',#5156);
#1355=PLANE('',#5163);
#1356=PLANE('',#5165);
#1357=PLANE('',#5167);
#1358=PLANE('',#5173);
#1359=PLANE('',#5174);
#1360=PLANE('',#5175);
#1361=PLANE('',#5180);
#1362=PLANE('',#5182);
#1363=PLANE('',#5187);
#1364=PLANE('',#5188);
#1365=PLANE('',#5189);
#1366=PLANE('',#5190);
#1367=PLANE('',#5199);
#1368=PLANE('',#5202);
#1369=PLANE('',#5208);
#1370=PLANE('',#5209);
#1371=PLANE('',#5214);
#1372=PLANE('',#5215);
#1373=PLANE('',#5216);
#1374=PLANE('',#5217);
#1375=PLANE('',#5218);
#1376=FACE_OUTER_BOUND('',#1656,.T.);
#1377=FACE_OUTER_BOUND('',#1657,.T.);
#1378=FACE_OUTER_BOUND('',#1658,.T.);
#1379=FACE_OUTER_BOUND('',#1659,.T.);
#1380=FACE_OUTER_BOUND('',#1660,.T.);
#1381=FACE_OUTER_BOUND('',#1661,.T.);
#1382=FACE_OUTER_BOUND('',#1662,.T.);
#1383=FACE_OUTER_BOUND('',#1663,.T.);
#1384=FACE_OUTER_BOUND('',#1664,.T.);
#1385=FACE_OUTER_BOUND('',#1665,.T.);
#1386=FACE_OUTER_BOUND('',#1666,.T.);
#1387=FACE_OUTER_BOUND('',#1667,.T.);
#1388=FACE_OUTER_BOUND('',#1668,.T.);
#1389=FACE_OUTER_BOUND('',#1669,.T.);
#1390=FACE_OUTER_BOUND('',#1670,.T.);
#1391=FACE_OUTER_BOUND('',#1671,.T.);
#1392=FACE_OUTER_BOUND('',#1672,.T.);
#1393=FACE_OUTER_BOUND('',#1673,.T.);
#1394=FACE_OUTER_BOUND('',#1674,.T.);
#1395=FACE_OUTER_BOUND('',#1675,.T.);
#1396=FACE_OUTER_BOUND('',#1676,.T.);
#1397=FACE_OUTER_BOUND('',#1677,.T.);
#1398=FACE_OUTER_BOUND('',#1678,.T.);
#1399=FACE_OUTER_BOUND('',#1679,.T.);
#1400=FACE_OUTER_BOUND('',#1680,.T.);
#1401=FACE_OUTER_BOUND('',#1681,.T.);
#1402=FACE_OUTER_BOUND('',#1682,.T.);
#1403=FACE_OUTER_BOUND('',#1683,.T.);
#1404=FACE_OUTER_BOUND('',#1684,.T.);
#1405=FACE_OUTER_BOUND('',#1685,.T.);
#1406=FACE_OUTER_BOUND('',#1686,.T.);
#1407=FACE_OUTER_BOUND('',#1687,.T.);
#1408=FACE_OUTER_BOUND('',#1688,.T.);
#1409=FACE_OUTER_BOUND('',#1689,.T.);
#1410=FACE_OUTER_BOUND('',#1690,.T.);
#1411=FACE_OUTER_BOUND('',#1691,.T.);
#1412=FACE_OUTER_BOUND('',#1692,.T.);
#1413=FACE_OUTER_BOUND('',#1693,.T.);
#1414=FACE_OUTER_BOUND('',#1694,.T.);
#1415=FACE_OUTER_BOUND('',#1695,.T.);
#1416=FACE_OUTER_BOUND('',#1696,.T.);
#1417=FACE_OUTER_BOUND('',#1697,.T.);
#1418=FACE_OUTER_BOUND('',#1698,.T.);
#1419=FACE_OUTER_BOUND('',#1699,.T.);
#1420=FACE_OUTER_BOUND('',#1700,.T.);
#1421=FACE_OUTER_BOUND('',#1701,.T.);
#1422=FACE_OUTER_BOUND('',#1702,.T.);
#1423=FACE_OUTER_BOUND('',#1703,.T.);
#1424=FACE_OUTER_BOUND('',#1704,.T.);
#1425=FACE_OUTER_BOUND('',#1706,.T.);
#1426=FACE_OUTER_BOUND('',#1707,.T.);
#1427=FACE_OUTER_BOUND('',#1708,.T.);
#1428=FACE_OUTER_BOUND('',#1709,.T.);
#1429=FACE_OUTER_BOUND('',#1711,.T.);
#1430=FACE_OUTER_BOUND('',#1712,.T.);
#1431=FACE_OUTER_BOUND('',#1713,.T.);
#1432=FACE_OUTER_BOUND('',#1714,.T.);
#1433=FACE_OUTER_BOUND('',#1715,.T.);
#1434=FACE_OUTER_BOUND('',#1716,.T.);
#1435=FACE_OUTER_BOUND('',#1717,.T.);
#1436=FACE_OUTER_BOUND('',#1718,.T.);
#1437=FACE_OUTER_BOUND('',#1719,.T.);
#1438=FACE_OUTER_BOUND('',#1720,.T.);
#1439=FACE_OUTER_BOUND('',#1721,.T.);
#1440=FACE_OUTER_BOUND('',#1722,.T.);
#1441=FACE_OUTER_BOUND('',#1723,.T.);
#1442=FACE_OUTER_BOUND('',#1724,.T.);
#1443=FACE_OUTER_BOUND('',#1725,.T.);
#1444=FACE_OUTER_BOUND('',#1726,.T.);
#1445=FACE_OUTER_BOUND('',#1727,.T.);
#1446=FACE_OUTER_BOUND('',#1728,.T.);
#1447=FACE_OUTER_BOUND('',#1729,.T.);
#1448=FACE_OUTER_BOUND('',#1730,.T.);
#1449=FACE_OUTER_BOUND('',#1731,.T.);
#1450=FACE_OUTER_BOUND('',#1732,.T.);
#1451=FACE_OUTER_BOUND('',#1733,.T.);
#1452=FACE_OUTER_BOUND('',#1734,.T.);
#1453=FACE_OUTER_BOUND('',#1735,.T.);
#1454=FACE_OUTER_BOUND('',#1736,.T.);
#1455=FACE_OUTER_BOUND('',#1737,.T.);
#1456=FACE_OUTER_BOUND('',#1738,.T.);
#1457=FACE_OUTER_BOUND('',#1739,.T.);
#1458=FACE_OUTER_BOUND('',#1740,.T.);
#1459=FACE_OUTER_BOUND('',#1741,.T.);
#1460=FACE_OUTER_BOUND('',#1742,.T.);
#1461=FACE_OUTER_BOUND('',#1743,.T.);
#1462=FACE_OUTER_BOUND('',#1744,.T.);
#1463=FACE_OUTER_BOUND('',#1745,.T.);
#1464=FACE_OUTER_BOUND('',#1746,.T.);
#1465=FACE_OUTER_BOUND('',#1747,.T.);
#1466=FACE_OUTER_BOUND('',#1748,.T.);
#1467=FACE_OUTER_BOUND('',#1749,.T.);
#1468=FACE_OUTER_BOUND('',#1750,.T.);
#1469=FACE_OUTER_BOUND('',#1751,.T.);
#1470=FACE_OUTER_BOUND('',#1752,.T.);
#1471=FACE_OUTER_BOUND('',#1753,.T.);
#1472=FACE_OUTER_BOUND('',#1754,.T.);
#1473=FACE_OUTER_BOUND('',#1755,.T.);
#1474=FACE_OUTER_BOUND('',#1756,.T.);
#1475=FACE_OUTER_BOUND('',#1757,.T.);
#1476=FACE_OUTER_BOUND('',#1758,.T.);
#1477=FACE_OUTER_BOUND('',#1759,.T.);
#1478=FACE_OUTER_BOUND('',#1763,.T.);
#1479=FACE_OUTER_BOUND('',#1764,.T.);
#1480=FACE_OUTER_BOUND('',#1765,.T.);
#1481=FACE_OUTER_BOUND('',#1766,.T.);
#1482=FACE_OUTER_BOUND('',#1767,.T.);
#1483=FACE_OUTER_BOUND('',#1768,.T.);
#1484=FACE_OUTER_BOUND('',#1769,.T.);
#1485=FACE_OUTER_BOUND('',#1770,.T.);
#1486=FACE_OUTER_BOUND('',#1771,.T.);
#1487=FACE_OUTER_BOUND('',#1772,.T.);
#1488=FACE_OUTER_BOUND('',#1773,.T.);
#1489=FACE_OUTER_BOUND('',#1774,.T.);
#1490=FACE_OUTER_BOUND('',#1775,.T.);
#1491=FACE_OUTER_BOUND('',#1776,.T.);
#1492=FACE_OUTER_BOUND('',#1777,.T.);
#1493=FACE_OUTER_BOUND('',#1778,.T.);
#1494=FACE_OUTER_BOUND('',#1779,.T.);
#1495=FACE_OUTER_BOUND('',#1780,.T.);
#1496=FACE_OUTER_BOUND('',#1781,.T.);
#1497=FACE_OUTER_BOUND('',#1782,.T.);
#1498=FACE_OUTER_BOUND('',#1783,.T.);
#1499=FACE_OUTER_BOUND('',#1784,.T.);
#1500=FACE_OUTER_BOUND('',#1785,.T.);
#1501=FACE_OUTER_BOUND('',#1786,.T.);
#1502=FACE_OUTER_BOUND('',#1787,.T.);
#1503=FACE_OUTER_BOUND('',#1788,.T.);
#1504=FACE_OUTER_BOUND('',#1789,.T.);
#1505=FACE_OUTER_BOUND('',#1790,.T.);
#1506=FACE_OUTER_BOUND('',#1791,.T.);
#1507=FACE_OUTER_BOUND('',#1792,.T.);
#1508=FACE_OUTER_BOUND('',#1793,.T.);
#1509=FACE_OUTER_BOUND('',#1794,.T.);
#1510=FACE_OUTER_BOUND('',#1795,.T.);
#1511=FACE_OUTER_BOUND('',#1796,.T.);
#1512=FACE_OUTER_BOUND('',#1797,.T.);
#1513=FACE_OUTER_BOUND('',#1798,.T.);
#1514=FACE_OUTER_BOUND('',#1799,.T.);
#1515=FACE_OUTER_BOUND('',#1800,.T.);
#1516=FACE_OUTER_BOUND('',#1801,.T.);
#1517=FACE_OUTER_BOUND('',#1802,.T.);
#1518=FACE_OUTER_BOUND('',#1803,.T.);
#1519=FACE_OUTER_BOUND('',#1804,.T.);
#1520=FACE_OUTER_BOUND('',#1805,.T.);
#1521=FACE_OUTER_BOUND('',#1806,.T.);
#1522=FACE_OUTER_BOUND('',#1807,.T.);
#1523=FACE_OUTER_BOUND('',#1808,.T.);
#1524=FACE_OUTER_BOUND('',#1809,.T.);
#1525=FACE_OUTER_BOUND('',#1810,.T.);
#1526=FACE_OUTER_BOUND('',#1811,.T.);
#1527=FACE_OUTER_BOUND('',#1812,.T.);
#1528=FACE_OUTER_BOUND('',#1813,.T.);
#1529=FACE_OUTER_BOUND('',#1814,.T.);
#1530=FACE_OUTER_BOUND('',#1815,.T.);
#1531=FACE_OUTER_BOUND('',#1816,.T.);
#1532=FACE_OUTER_BOUND('',#1817,.T.);
#1533=FACE_OUTER_BOUND('',#1818,.T.);
#1534=FACE_OUTER_BOUND('',#1819,.T.);
#1535=FACE_OUTER_BOUND('',#1820,.T.);
#1536=FACE_OUTER_BOUND('',#1821,.T.);
#1537=FACE_OUTER_BOUND('',#1822,.T.);
#1538=FACE_OUTER_BOUND('',#1823,.T.);
#1539=FACE_OUTER_BOUND('',#1824,.T.);
#1540=FACE_OUTER_BOUND('',#1825,.T.);
#1541=FACE_OUTER_BOUND('',#1826,.T.);
#1542=FACE_OUTER_BOUND('',#1827,.T.);
#1543=FACE_OUTER_BOUND('',#1828,.T.);
#1544=FACE_OUTER_BOUND('',#1829,.T.);
#1545=FACE_OUTER_BOUND('',#1830,.T.);
#1546=FACE_OUTER_BOUND('',#1831,.T.);
#1547=FACE_OUTER_BOUND('',#1835,.T.);
#1548=FACE_OUTER_BOUND('',#1836,.T.);
#1549=FACE_OUTER_BOUND('',#1837,.T.);
#1550=FACE_OUTER_BOUND('',#1838,.T.);
#1551=FACE_OUTER_BOUND('',#1839,.T.);
#1552=FACE_OUTER_BOUND('',#1840,.T.);
#1553=FACE_OUTER_BOUND('',#1841,.T.);
#1554=FACE_OUTER_BOUND('',#1842,.T.);
#1555=FACE_OUTER_BOUND('',#1843,.T.);
#1556=FACE_OUTER_BOUND('',#1844,.T.);
#1557=FACE_OUTER_BOUND('',#1845,.T.);
#1558=FACE_OUTER_BOUND('',#1846,.T.);
#1559=FACE_OUTER_BOUND('',#1847,.T.);
#1560=FACE_OUTER_BOUND('',#1848,.T.);
#1561=FACE_OUTER_BOUND('',#1849,.T.);
#1562=FACE_OUTER_BOUND('',#1850,.T.);
#1563=FACE_OUTER_BOUND('',#1851,.T.);
#1564=FACE_OUTER_BOUND('',#1852,.T.);
#1565=FACE_OUTER_BOUND('',#1853,.T.);
#1566=FACE_OUTER_BOUND('',#1854,.T.);
#1567=FACE_OUTER_BOUND('',#1855,.T.);
#1568=FACE_OUTER_BOUND('',#1856,.T.);
#1569=FACE_OUTER_BOUND('',#1857,.T.);
#1570=FACE_OUTER_BOUND('',#1858,.T.);
#1571=FACE_OUTER_BOUND('',#1859,.T.);
#1572=FACE_OUTER_BOUND('',#1860,.T.);
#1573=FACE_OUTER_BOUND('',#1861,.T.);
#1574=FACE_OUTER_BOUND('',#1862,.T.);
#1575=FACE_OUTER_BOUND('',#1863,.T.);
#1576=FACE_OUTER_BOUND('',#1864,.T.);
#1577=FACE_OUTER_BOUND('',#1865,.T.);
#1578=FACE_OUTER_BOUND('',#1866,.T.);
#1579=FACE_OUTER_BOUND('',#1867,.T.);
#1580=FACE_OUTER_BOUND('',#1868,.T.);
#1581=FACE_OUTER_BOUND('',#1869,.T.);
#1582=FACE_OUTER_BOUND('',#1870,.T.);
#1583=FACE_OUTER_BOUND('',#1871,.T.);
#1584=FACE_OUTER_BOUND('',#1872,.T.);
#1585=FACE_OUTER_BOUND('',#1873,.T.);
#1586=FACE_OUTER_BOUND('',#1874,.T.);
#1587=FACE_OUTER_BOUND('',#1875,.T.);
#1588=FACE_OUTER_BOUND('',#1876,.T.);
#1589=FACE_OUTER_BOUND('',#1877,.T.);
#1590=FACE_OUTER_BOUND('',#1878,.T.);
#1591=FACE_OUTER_BOUND('',#1879,.T.);
#1592=FACE_OUTER_BOUND('',#1880,.T.);
#1593=FACE_OUTER_BOUND('',#1881,.T.);
#1594=FACE_OUTER_BOUND('',#1882,.T.);
#1595=FACE_OUTER_BOUND('',#1883,.T.);
#1596=FACE_OUTER_BOUND('',#1884,.T.);
#1597=FACE_OUTER_BOUND('',#1885,.T.);
#1598=FACE_OUTER_BOUND('',#1886,.T.);
#1599=FACE_OUTER_BOUND('',#1887,.T.);
#1600=FACE_OUTER_BOUND('',#1888,.T.);
#1601=FACE_OUTER_BOUND('',#1889,.T.);
#1602=FACE_OUTER_BOUND('',#1890,.T.);
#1603=FACE_OUTER_BOUND('',#1891,.T.);
#1604=FACE_OUTER_BOUND('',#1892,.T.);
#1605=FACE_OUTER_BOUND('',#1893,.T.);
#1606=FACE_OUTER_BOUND('',#1894,.T.);
#1607=FACE_OUTER_BOUND('',#1895,.T.);
#1608=FACE_OUTER_BOUND('',#1896,.T.);
#1609=FACE_OUTER_BOUND('',#1897,.T.);
#1610=FACE_OUTER_BOUND('',#1898,.T.);
#1611=FACE_OUTER_BOUND('',#1899,.T.);
#1612=FACE_OUTER_BOUND('',#1900,.T.);
#1613=FACE_OUTER_BOUND('',#1901,.T.);
#1614=FACE_OUTER_BOUND('',#1902,.T.);
#1615=FACE_OUTER_BOUND('',#1903,.T.);
#1616=FACE_OUTER_BOUND('',#1904,.T.);
#1617=FACE_OUTER_BOUND('',#1905,.T.);
#1618=FACE_OUTER_BOUND('',#1906,.T.);
#1619=FACE_OUTER_BOUND('',#1907,.T.);
#1620=FACE_OUTER_BOUND('',#1908,.T.);
#1621=FACE_OUTER_BOUND('',#1909,.T.);
#1622=FACE_OUTER_BOUND('',#1910,.T.);
#1623=FACE_OUTER_BOUND('',#1911,.T.);
#1624=FACE_OUTER_BOUND('',#1912,.T.);
#1625=FACE_OUTER_BOUND('',#1913,.T.);
#1626=FACE_OUTER_BOUND('',#1914,.T.);
#1627=FACE_OUTER_BOUND('',#1915,.T.);
#1628=FACE_OUTER_BOUND('',#1916,.T.);
#1629=FACE_OUTER_BOUND('',#1917,.T.);
#1630=FACE_OUTER_BOUND('',#1918,.T.);
#1631=FACE_OUTER_BOUND('',#1919,.T.);
#1632=FACE_OUTER_BOUND('',#1920,.T.);
#1633=FACE_OUTER_BOUND('',#1921,.T.);
#1634=FACE_OUTER_BOUND('',#1922,.T.);
#1635=FACE_OUTER_BOUND('',#1923,.T.);
#1636=FACE_OUTER_BOUND('',#1924,.T.);
#1637=FACE_OUTER_BOUND('',#1925,.T.);
#1638=FACE_OUTER_BOUND('',#1926,.T.);
#1639=FACE_OUTER_BOUND('',#1927,.T.);
#1640=FACE_OUTER_BOUND('',#1928,.T.);
#1641=FACE_OUTER_BOUND('',#1929,.T.);
#1642=FACE_OUTER_BOUND('',#1930,.T.);
#1643=FACE_OUTER_BOUND('',#1931,.T.);
#1644=FACE_OUTER_BOUND('',#1932,.T.);
#1645=FACE_OUTER_BOUND('',#1933,.T.);
#1646=FACE_OUTER_BOUND('',#1934,.T.);
#1647=FACE_OUTER_BOUND('',#1935,.T.);
#1648=FACE_OUTER_BOUND('',#1936,.T.);
#1649=FACE_OUTER_BOUND('',#1937,.T.);
#1650=FACE_OUTER_BOUND('',#1938,.T.);
#1651=FACE_OUTER_BOUND('',#1939,.T.);
#1652=FACE_OUTER_BOUND('',#1940,.T.);
#1653=FACE_OUTER_BOUND('',#1941,.T.);
#1654=FACE_OUTER_BOUND('',#1942,.T.);
#1655=FACE_OUTER_BOUND('',#1943,.T.);
#1656=EDGE_LOOP('',(#3074,#3075,#3076,#3077,#3078));
#1657=EDGE_LOOP('',(#3079,#3080,#3081,#3082,#3083,#3084));
#1658=EDGE_LOOP('',(#3085,#3086,#3087,#3088));
#1659=EDGE_LOOP('',(#3089,#3090,#3091,#3092,#3093,#3094));
#1660=EDGE_LOOP('',(#3095,#3096,#3097,#3098,#3099));
#1661=EDGE_LOOP('',(#3100,#3101,#3102,#3103));
#1662=EDGE_LOOP('',(#3104,#3105,#3106,#3107));
#1663=EDGE_LOOP('',(#3108,#3109,#3110,#3111));
#1664=EDGE_LOOP('',(#3112,#3113,#3114,#3115));
#1665=EDGE_LOOP('',(#3116,#3117,#3118,#3119));
#1666=EDGE_LOOP('',(#3120,#3121,#3122,#3123));
#1667=EDGE_LOOP('',(#3124,#3125,#3126,#3127));
#1668=EDGE_LOOP('',(#3128,#3129,#3130,#3131,#3132));
#1669=EDGE_LOOP('',(#3133,#3134,#3135,#3136));
#1670=EDGE_LOOP('',(#3137,#3138,#3139,#3140));
#1671=EDGE_LOOP('',(#3141,#3142,#3143,#3144));
#1672=EDGE_LOOP('',(#3145,#3146,#3147,#3148,#3149,#3150,#3151));
#1673=EDGE_LOOP('',(#3152,#3153,#3154,#3155,#3156,#3157,#3158));
#1674=EDGE_LOOP('',(#3159,#3160,#3161,#3162,#3163));
#1675=EDGE_LOOP('',(#3164,#3165,#3166,#3167,#3168,#3169));
#1676=EDGE_LOOP('',(#3170,#3171,#3172,#3173));
#1677=EDGE_LOOP('',(#3174,#3175,#3176,#3177,#3178,#3179,#3180,#3181));
#1678=EDGE_LOOP('',(#3182,#3183,#3184,#3185,#3186));
#1679=EDGE_LOOP('',(#3187,#3188,#3189,#3190,#3191,#3192,#3193,#3194));
#1680=EDGE_LOOP('',(#3195,#3196,#3197));
#1681=EDGE_LOOP('',(#3198,#3199,#3200,#3201,#3202,#3203,#3204,#3205,#3206,
#3207,#3208,#3209,#3210,#3211,#3212,#3213));
#1682=EDGE_LOOP('',(#3214,#3215,#3216,#3217,#3218));
#1683=EDGE_LOOP('',(#3219,#3220,#3221,#3222));
#1684=EDGE_LOOP('',(#3223,#3224,#3225));
#1685=EDGE_LOOP('',(#3226,#3227,#3228,#3229));
#1686=EDGE_LOOP('',(#3230,#3231,#3232,#3233));
#1687=EDGE_LOOP('',(#3234,#3235,#3236,#3237));
#1688=EDGE_LOOP('',(#3238,#3239,#3240,#3241));
#1689=EDGE_LOOP('',(#3242,#3243,#3244,#3245));
#1690=EDGE_LOOP('',(#3246,#3247,#3248,#3249));
#1691=EDGE_LOOP('',(#3250,#3251,#3252,#3253));
#1692=EDGE_LOOP('',(#3254,#3255,#3256,#3257));
#1693=EDGE_LOOP('',(#3258,#3259,#3260,#3261));
#1694=EDGE_LOOP('',(#3262,#3263,#3264,#3265));
#1695=EDGE_LOOP('',(#3266,#3267,#3268,#3269));
#1696=EDGE_LOOP('',(#3270,#3271,#3272,#3273));
#1697=EDGE_LOOP('',(#3274,#3275,#3276,#3277));
#1698=EDGE_LOOP('',(#3278,#3279,#3280,#3281));
#1699=EDGE_LOOP('',(#3282,#3283,#3284,#3285,#3286));
#1700=EDGE_LOOP('',(#3287,#3288,#3289));
#1701=EDGE_LOOP('',(#3290,#3291,#3292,#3293,#3294,#3295,#3296,#3297,#3298,
#3299,#3300,#3301,#3302,#3303,#3304,#3305,#3306,#3307));
#1702=EDGE_LOOP('',(#3308,#3309,#3310,#3311,#3312));
#1703=EDGE_LOOP('',(#3313,#3314,#3315,#3316,#3317));
#1704=EDGE_LOOP('',(#3318,#3319,#3320,#3321,#3322,#3323,#3324,#3325,#3326));
#1705=EDGE_LOOP('',(#3327));
#1706=EDGE_LOOP('',(#3328,#3329,#3330,#3331));
#1707=EDGE_LOOP('',(#3332,#3333,#3334,#3335));
#1708=EDGE_LOOP('',(#3336,#3337,#3338,#3339));
#1709=EDGE_LOOP('',(#3340,#3341,#3342,#3343));
#1710=EDGE_LOOP('',(#3344));
#1711=EDGE_LOOP('',(#3345,#3346,#3347,#3348));
#1712=EDGE_LOOP('',(#3349,#3350,#3351,#3352));
#1713=EDGE_LOOP('',(#3353,#3354,#3355,#3356));
#1714=EDGE_LOOP('',(#3357,#3358,#3359,#3360,#3361));
#1715=EDGE_LOOP('',(#3362,#3363,#3364,#3365));
#1716=EDGE_LOOP('',(#3366,#3367,#3368,#3369));
#1717=EDGE_LOOP('',(#3370,#3371,#3372,#3373));
#1718=EDGE_LOOP('',(#3374,#3375,#3376,#3377));
#1719=EDGE_LOOP('',(#3378,#3379,#3380));
#1720=EDGE_LOOP('',(#3381,#3382,#3383));
#1721=EDGE_LOOP('',(#3384,#3385,#3386,#3387,#3388));
#1722=EDGE_LOOP('',(#3389,#3390,#3391,#3392));
#1723=EDGE_LOOP('',(#3393,#3394,#3395,#3396));
#1724=EDGE_LOOP('',(#3397,#3398,#3399,#3400));
#1725=EDGE_LOOP('',(#3401,#3402,#3403,#3404));
#1726=EDGE_LOOP('',(#3405,#3406,#3407,#3408));
#1727=EDGE_LOOP('',(#3409,#3410,#3411,#3412,#3413,#3414));
#1728=EDGE_LOOP('',(#3415,#3416,#3417,#3418));
#1729=EDGE_LOOP('',(#3419,#3420,#3421,#3422,#3423,#3424));
#1730=EDGE_LOOP('',(#3425,#3426,#3427,#3428));
#1731=EDGE_LOOP('',(#3429,#3430,#3431,#3432));
#1732=EDGE_LOOP('',(#3433,#3434,#3435,#3436));
#1733=EDGE_LOOP('',(#3437,#3438,#3439,#3440));
#1734=EDGE_LOOP('',(#3441,#3442,#3443,#3444));
#1735=EDGE_LOOP('',(#3445,#3446,#3447,#3448));
#1736=EDGE_LOOP('',(#3449,#3450,#3451,#3452,#3453,#3454,#3455,#3456,#3457,
#3458,#3459,#3460,#3461,#3462,#3463,#3464,#3465,#3466,#3467,#3468,#3469,
#3470));
#1737=EDGE_LOOP('',(#3471,#3472,#3473,#3474));
#1738=EDGE_LOOP('',(#3475,#3476,#3477,#3478));
#1739=EDGE_LOOP('',(#3479,#3480,#3481,#3482));
#1740=EDGE_LOOP('',(#3483,#3484,#3485,#3486));
#1741=EDGE_LOOP('',(#3487,#3488,#3489,#3490));
#1742=EDGE_LOOP('',(#3491,#3492,#3493,#3494,#3495,#3496,#3497));
#1743=EDGE_LOOP('',(#3498,#3499,#3500,#3501));
#1744=EDGE_LOOP('',(#3502,#3503,#3504,#3505));
#1745=EDGE_LOOP('',(#3506,#3507,#3508,#3509));
#1746=EDGE_LOOP('',(#3510,#3511,#3512,#3513,#3514));
#1747=EDGE_LOOP('',(#3515,#3516,#3517,#3518));
#1748=EDGE_LOOP('',(#3519,#3520,#3521,#3522));
#1749=EDGE_LOOP('',(#3523,#3524,#3525,#3526));
#1750=EDGE_LOOP('',(#3527,#3528,#3529,#3530));
#1751=EDGE_LOOP('',(#3531,#3532,#3533));
#1752=EDGE_LOOP('',(#3534,#3535,#3536));
#1753=EDGE_LOOP('',(#3537,#3538,#3539,#3540,#3541));
#1754=EDGE_LOOP('',(#3542,#3543,#3544,#3545));
#1755=EDGE_LOOP('',(#3546,#3547,#3548,#3549));
#1756=EDGE_LOOP('',(#3550,#3551,#3552,#3553));
#1757=EDGE_LOOP('',(#3554,#3555,#3556,#3557));
#1758=EDGE_LOOP('',(#3558,#3559,#3560,#3561));
#1759=EDGE_LOOP('',(#3562,#3563,#3564,#3565,#3566,#3567,#3568,#3569,#3570,
#3571,#3572,#3573,#3574,#3575,#3576,#3577,#3578,#3579,#3580,#3581,#3582,
#3583,#3584,#3585,#3586,#3587,#3588,#3589));
#1760=EDGE_LOOP('',(#3590,#3591,#3592,#3593,#3594,#3595,#3596,#3597));
#1761=EDGE_LOOP('',(#3598,#3599,#3600,#3601,#3602,#3603,#3604,#3605));
#1762=EDGE_LOOP('',(#3606));
#1763=EDGE_LOOP('',(#3607,#3608,#3609,#3610,#3611));
#1764=EDGE_LOOP('',(#3612,#3613,#3614,#3615));
#1765=EDGE_LOOP('',(#3616,#3617,#3618,#3619));
#1766=EDGE_LOOP('',(#3620,#3621,#3622,#3623));
#1767=EDGE_LOOP('',(#3624,#3625,#3626,#3627));
#1768=EDGE_LOOP('',(#3628,#3629,#3630,#3631));
#1769=EDGE_LOOP('',(#3632,#3633,#3634,#3635));
#1770=EDGE_LOOP('',(#3636,#3637,#3638,#3639));
#1771=EDGE_LOOP('',(#3640,#3641,#3642,#3643));
#1772=EDGE_LOOP('',(#3644,#3645,#3646,#3647));
#1773=EDGE_LOOP('',(#3648,#3649,#3650,#3651));
#1774=EDGE_LOOP('',(#3652,#3653,#3654,#3655));
#1775=EDGE_LOOP('',(#3656,#3657,#3658,#3659));
#1776=EDGE_LOOP('',(#3660,#3661,#3662,#3663));
#1777=EDGE_LOOP('',(#3664,#3665,#3666,#3667));
#1778=EDGE_LOOP('',(#3668,#3669,#3670,#3671));
#1779=EDGE_LOOP('',(#3672,#3673,#3674,#3675));
#1780=EDGE_LOOP('',(#3676,#3677,#3678,#3679));
#1781=EDGE_LOOP('',(#3680,#3681,#3682,#3683));
#1782=EDGE_LOOP('',(#3684,#3685,#3686,#3687));
#1783=EDGE_LOOP('',(#3688,#3689,#3690,#3691));
#1784=EDGE_LOOP('',(#3692,#3693,#3694,#3695));
#1785=EDGE_LOOP('',(#3696,#3697,#3698,#3699));
#1786=EDGE_LOOP('',(#3700,#3701,#3702,#3703));
#1787=EDGE_LOOP('',(#3704,#3705,#3706,#3707));
#1788=EDGE_LOOP('',(#3708,#3709,#3710,#3711));
#1789=EDGE_LOOP('',(#3712,#3713,#3714,#3715));
#1790=EDGE_LOOP('',(#3716,#3717,#3718,#3719));
#1791=EDGE_LOOP('',(#3720,#3721,#3722,#3723));
#1792=EDGE_LOOP('',(#3724,#3725,#3726,#3727));
#1793=EDGE_LOOP('',(#3728,#3729,#3730,#3731));
#1794=EDGE_LOOP('',(#3732,#3733,#3734,#3735));
#1795=EDGE_LOOP('',(#3736,#3737,#3738,#3739));
#1796=EDGE_LOOP('',(#3740,#3741,#3742,#3743));
#1797=EDGE_LOOP('',(#3744,#3745,#3746,#3747));
#1798=EDGE_LOOP('',(#3748,#3749,#3750,#3751));
#1799=EDGE_LOOP('',(#3752,#3753,#3754,#3755));
#1800=EDGE_LOOP('',(#3756,#3757,#3758,#3759));
#1801=EDGE_LOOP('',(#3760,#3761,#3762,#3763));
#1802=EDGE_LOOP('',(#3764,#3765,#3766,#3767));
#1803=EDGE_LOOP('',(#3768,#3769,#3770,#3771));
#1804=EDGE_LOOP('',(#3772,#3773,#3774,#3775));
#1805=EDGE_LOOP('',(#3776,#3777,#3778,#3779));
#1806=EDGE_LOOP('',(#3780,#3781,#3782,#3783));
#1807=EDGE_LOOP('',(#3784,#3785,#3786,#3787));
#1808=EDGE_LOOP('',(#3788,#3789,#3790,#3791));
#1809=EDGE_LOOP('',(#3792,#3793,#3794,#3795));
#1810=EDGE_LOOP('',(#3796,#3797,#3798));
#1811=EDGE_LOOP('',(#3799,#3800,#3801,#3802));
#1812=EDGE_LOOP('',(#3803,#3804,#3805));
#1813=EDGE_LOOP('',(#3806,#3807,#3808,#3809));
#1814=EDGE_LOOP('',(#3810,#3811,#3812,#3813));
#1815=EDGE_LOOP('',(#3814,#3815,#3816,#3817));
#1816=EDGE_LOOP('',(#3818,#3819,#3820,#3821));
#1817=EDGE_LOOP('',(#3822,#3823,#3824,#3825));
#1818=EDGE_LOOP('',(#3826,#3827,#3828,#3829));
#1819=EDGE_LOOP('',(#3830,#3831,#3832,#3833));
#1820=EDGE_LOOP('',(#3834,#3835,#3836,#3837));
#1821=EDGE_LOOP('',(#3838,#3839,#3840,#3841));
#1822=EDGE_LOOP('',(#3842,#3843,#3844,#3845));
#1823=EDGE_LOOP('',(#3846,#3847,#3848,#3849));
#1824=EDGE_LOOP('',(#3850,#3851,#3852,#3853));
#1825=EDGE_LOOP('',(#3854,#3855,#3856,#3857));
#1826=EDGE_LOOP('',(#3858,#3859,#3860,#3861));
#1827=EDGE_LOOP('',(#3862,#3863,#3864,#3865));
#1828=EDGE_LOOP('',(#3866,#3867,#3868,#3869));
#1829=EDGE_LOOP('',(#3870,#3871,#3872,#3873));
#1830=EDGE_LOOP('',(#3874,#3875,#3876,#3877));
#1831=EDGE_LOOP('',(#3878,#3879,#3880,#3881,#3882,#3883,#3884,#3885,#3886,
#3887,#3888,#3889,#3890,#3891,#3892,#3893,#3894,#3895,#3896,#3897,#3898,
#3899,#3900,#3901,#3902,#3903,#3904,#3905,#3906,#3907,#3908,#3909,#3910,
#3911,#3912));
#1832=EDGE_LOOP('',(#3913,#3914,#3915,#3916,#3917,#3918,#3919,#3920));
#1833=EDGE_LOOP('',(#3921));
#1834=EDGE_LOOP('',(#3922,#3923,#3924,#3925,#3926,#3927,#3928,#3929));
#1835=EDGE_LOOP('',(#3930,#3931,#3932,#3933));
#1836=EDGE_LOOP('',(#3934,#3935,#3936,#3937));
#1837=EDGE_LOOP('',(#3938,#3939,#3940,#3941));
#1838=EDGE_LOOP('',(#3942,#3943,#3944,#3945));
#1839=EDGE_LOOP('',(#3946,#3947,#3948,#3949));
#1840=EDGE_LOOP('',(#3950,#3951,#3952,#3953));
#1841=EDGE_LOOP('',(#3954,#3955,#3956,#3957));
#1842=EDGE_LOOP('',(#3958,#3959,#3960,#3961));
#1843=EDGE_LOOP('',(#3962,#3963,#3964,#3965));
#1844=EDGE_LOOP('',(#3966,#3967,#3968,#3969));
#1845=EDGE_LOOP('',(#3970,#3971,#3972,#3973,#3974));
#1846=EDGE_LOOP('',(#3975,#3976,#3977,#3978,#3979));
#1847=EDGE_LOOP('',(#3980,#3981,#3982,#3983));
#1848=EDGE_LOOP('',(#3984,#3985,#3986,#3987));
#1849=EDGE_LOOP('',(#3988,#3989,#3990,#3991));
#1850=EDGE_LOOP('',(#3992,#3993,#3994,#3995));
#1851=EDGE_LOOP('',(#3996,#3997,#3998,#3999));
#1852=EDGE_LOOP('',(#4000,#4001,#4002,#4003));
#1853=EDGE_LOOP('',(#4004,#4005,#4006,#4007));
#1854=EDGE_LOOP('',(#4008,#4009,#4010,#4011));
#1855=EDGE_LOOP('',(#4012,#4013,#4014,#4015));
#1856=EDGE_LOOP('',(#4016,#4017,#4018,#4019));
#1857=EDGE_LOOP('',(#4020,#4021,#4022,#4023));
#1858=EDGE_LOOP('',(#4024,#4025,#4026,#4027));
#1859=EDGE_LOOP('',(#4028,#4029,#4030,#4031));
#1860=EDGE_LOOP('',(#4032,#4033,#4034,#4035));
#1861=EDGE_LOOP('',(#4036,#4037,#4038,#4039));
#1862=EDGE_LOOP('',(#4040,#4041,#4042,#4043));
#1863=EDGE_LOOP('',(#4044,#4045,#4046,#4047));
#1864=EDGE_LOOP('',(#4048,#4049,#4050,#4051));
#1865=EDGE_LOOP('',(#4052,#4053,#4054,#4055));
#1866=EDGE_LOOP('',(#4056,#4057,#4058,#4059,#4060));
#1867=EDGE_LOOP('',(#4061,#4062,#4063,#4064));
#1868=EDGE_LOOP('',(#4065,#4066,#4067,#4068,#4069));
#1869=EDGE_LOOP('',(#4070,#4071,#4072,#4073));
#1870=EDGE_LOOP('',(#4074,#4075,#4076,#4077));
#1871=EDGE_LOOP('',(#4078,#4079,#4080,#4081));
#1872=EDGE_LOOP('',(#4082,#4083,#4084,#4085));
#1873=EDGE_LOOP('',(#4086,#4087,#4088,#4089));
#1874=EDGE_LOOP('',(#4090,#4091,#4092,#4093));
#1875=EDGE_LOOP('',(#4094,#4095,#4096,#4097));
#1876=EDGE_LOOP('',(#4098,#4099,#4100,#4101));
#1877=EDGE_LOOP('',(#4102,#4103,#4104,#4105));
#1878=EDGE_LOOP('',(#4106,#4107,#4108,#4109,#4110,#4111,#4112,#4113,#4114,
#4115,#4116,#4117));
#1879=EDGE_LOOP('',(#4118,#4119,#4120,#4121,#4122,#4123,#4124,#4125,#4126,
#4127));
#1880=EDGE_LOOP('',(#4128,#4129,#4130,#4131,#4132));
#1881=EDGE_LOOP('',(#4133,#4134,#4135,#4136));
#1882=EDGE_LOOP('',(#4137,#4138,#4139,#4140));
#1883=EDGE_LOOP('',(#4141,#4142,#4143,#4144));
#1884=EDGE_LOOP('',(#4145,#4146,#4147,#4148,#4149,#4150,#4151));
#1885=EDGE_LOOP('',(#4152,#4153,#4154,#4155));
#1886=EDGE_LOOP('',(#4156,#4157,#4158,#4159));
#1887=EDGE_LOOP('',(#4160,#4161,#4162,#4163));
#1888=EDGE_LOOP('',(#4164,#4165,#4166,#4167,#4168,#4169,#4170,#4171,#4172,
#4173,#4174,#4175));
#1889=EDGE_LOOP('',(#4176,#4177,#4178,#4179));
#1890=EDGE_LOOP('',(#4180,#4181,#4182,#4183));
#1891=EDGE_LOOP('',(#4184,#4185,#4186,#4187,#4188));
#1892=EDGE_LOOP('',(#4189,#4190,#4191));
#1893=EDGE_LOOP('',(#4192,#4193,#4194,#4195));
#1894=EDGE_LOOP('',(#4196,#4197,#4198,#4199));
#1895=EDGE_LOOP('',(#4200,#4201,#4202,#4203));
#1896=EDGE_LOOP('',(#4204,#4205,#4206,#4207));
#1897=EDGE_LOOP('',(#4208,#4209,#4210,#4211));
#1898=EDGE_LOOP('',(#4212,#4213,#4214,#4215));
#1899=EDGE_LOOP('',(#4216,#4217,#4218,#4219));
#1900=EDGE_LOOP('',(#4220,#4221,#4222,#4223));
#1901=EDGE_LOOP('',(#4224,#4225,#4226,#4227,#4228,#4229,#4230,#4231));
#1902=EDGE_LOOP('',(#4232,#4233,#4234,#4235,#4236,#4237,#4238));
#1903=EDGE_LOOP('',(#4239,#4240,#4241));
#1904=EDGE_LOOP('',(#4242,#4243,#4244,#4245,#4246,#4247,#4248,#4249,#4250,
#4251,#4252,#4253,#4254));
#1905=EDGE_LOOP('',(#4255,#4256,#4257,#4258));
#1906=EDGE_LOOP('',(#4259,#4260,#4261,#4262,#4263,#4264));
#1907=EDGE_LOOP('',(#4265,#4266,#4267,#4268,#4269,#4270,#4271));
#1908=EDGE_LOOP('',(#4272,#4273,#4274,#4275));
#1909=EDGE_LOOP('',(#4276,#4277,#4278,#4279,#4280,#4281));
#1910=EDGE_LOOP('',(#4282,#4283,#4284,#4285,#4286));
#1911=EDGE_LOOP('',(#4287,#4288,#4289,#4290,#4291));
#1912=EDGE_LOOP('',(#4292,#4293,#4294,#4295));
#1913=EDGE_LOOP('',(#4296,#4297,#4298,#4299,#4300));
#1914=EDGE_LOOP('',(#4301,#4302,#4303,#4304));
#1915=EDGE_LOOP('',(#4305,#4306,#4307,#4308,#4309,#4310,#4311,#4312));
#1916=EDGE_LOOP('',(#4313,#4314,#4315,#4316,#4317));
#1917=EDGE_LOOP('',(#4318,#4319,#4320,#4321,#4322,#4323,#4324,#4325));
#1918=EDGE_LOOP('',(#4326,#4327,#4328));
#1919=EDGE_LOOP('',(#4329,#4330,#4331));
#1920=EDGE_LOOP('',(#4332,#4333,#4334,#4335,#4336,#4337));
#1921=EDGE_LOOP('',(#4338,#4339,#4340,#4341,#4342,#4343,#4344,#4345,#4346));
#1922=EDGE_LOOP('',(#4347));
#1923=EDGE_LOOP('',(#4348));
#1924=EDGE_LOOP('',(#4349));
#1925=EDGE_LOOP('',(#4350));
#1926=EDGE_LOOP('',(#4351,#4352,#4353,#4354));
#1927=EDGE_LOOP('',(#4355,#4356,#4357));
#1928=EDGE_LOOP('',(#4358,#4359,#4360,#4361));
#1929=EDGE_LOOP('',(#4362,#4363,#4364,#4365,#4366));
#1930=EDGE_LOOP('',(#4367,#4368,#4369,#4370));
#1931=EDGE_LOOP('',(#4371,#4372,#4373,#4374));
#1932=EDGE_LOOP('',(#4375,#4376,#4377,#4378));
#1933=EDGE_LOOP('',(#4379,#4380,#4381,#4382,#4383,#4384,#4385,#4386,#4387,
#4388,#4389,#4390));
#1934=EDGE_LOOP('',(#4391,#4392,#4393,#4394));
#1935=EDGE_LOOP('',(#4395,#4396,#4397,#4398,#4399,#4400,#4401,#4402,#4403,
#4404));
#1936=EDGE_LOOP('',(#4405,#4406,#4407));
#1937=EDGE_LOOP('',(#4408,#4409,#4410,#4411,#4412,#4413));
#1938=EDGE_LOOP('',(#4414,#4415,#4416,#4417,#4418,#4419));
#1939=EDGE_LOOP('',(#4420));
#1940=EDGE_LOOP('',(#4421));
#1941=EDGE_LOOP('',(#4422,#4423,#4424,#4425,#4426));
#1942=EDGE_LOOP('',(#4427,#4428,#4429,#4430,#4431,#4432));
#1943=EDGE_LOOP('',(#4433,#4434,#4435,#4436,#4437,#4438,#4439,#4440,#4441));
#1944=B_SPLINE_CURVE_WITH_KNOTS('',3,(#6616,#6617,#6618,#6619),
 .UNSPECIFIED.,.F.,.F.,(4,4),(-1.,0.),.UNSPECIFIED.);
#1945=B_SPLINE_CURVE_WITH_KNOTS('',3,(#6621,#6622,#6623,#6624,#6625,#6626),
 .UNSPECIFIED.,.F.,.F.,(4,1,1,4),(-1.17110617548662,-0.873983053835906,
-0.675900972735427,-0.499737038606259),.UNSPECIFIED.);
#1946=B_SPLINE_CURVE_WITH_KNOTS('',3,(#6628,#6629,#6630,#6631),
 .UNSPECIFIED.,.F.,.F.,(4,4),(0.477818891634948,0.499737038606259),
 .UNSPECIFIED.);
#1947=B_SPLINE_CURVE_WITH_KNOTS('',3,(#6633,#6634,#6635,#6636,#6637,#6638),
 .UNSPECIFIED.,.F.,.F.,(4,2,4),(0.,0.0525474689216333,0.101213334898232),
 .UNSPECIFIED.);
#1948=B_SPLINE_CURVE_WITH_KNOTS('',3,(#6639,#6640,#6641,#6642,#6643,#6644),
 .UNSPECIFIED.,.F.,.F.,(4,1,1,4),(0.571766109097851,0.675900972735427,0.873983053835906,
1.17110617548662),.UNSPECIFIED.);
#1949=B_SPLINE_CURVE_WITH_KNOTS('',3,(#6654,#6655,#6656,#6657,#6658,#6659),
 .UNSPECIFIED.,.F.,.F.,(4,2,4),(0.,0.0483510184161923,0.100940915065902),
 .UNSPECIFIED.);
#1950=B_SPLINE_CURVE_WITH_KNOTS('',3,(#6672,#6673,#6674,#6675),
 .UNSPECIFIED.,.F.,.F.,(4,4),(-0.0974908660704093,0.),.UNSPECIFIED.);
#1951=B_SPLINE_CURVE_WITH_KNOTS('',3,(#6702,#6703,#6704,#6705,#6706,#6707),
 .UNSPECIFIED.,.F.,.F.,(4,1,1,4),(-1.27288940444234,-0.954063045924772,
-0.726900042265512,-0.499737038606252),.UNSPECIFIED.);
#1952=B_SPLINE_CURVE_WITH_KNOTS('',3,(#6708,#6709,#6710,#6711),
 .UNSPECIFIED.,.F.,.F.,(4,4),(0.,0.0314709660694397),.UNSPECIFIED.);
#1953=B_SPLINE_CURVE_WITH_KNOTS('',3,(#6712,#6713,#6714,#6715,#6716,#6717),
 .UNSPECIFIED.,.F.,.F.,(4,1,1,4),(0.673797011696125,0.726900042265512,0.954063045924772,
1.20086033395075),.UNSPECIFIED.);
#1954=B_SPLINE_CURVE_WITH_KNOTS('',3,(#6718,#6719,#6720,#6721),
 .UNSPECIFIED.,.F.,.F.,(4,4),(1.27288940444234,1.29480755141366),
 .UNSPECIFIED.);
#1955=B_SPLINE_CURVE_WITH_KNOTS('',3,(#6739,#6740,#6741,#6742),
 .UNSPECIFIED.,.F.,.F.,(4,4),(1.17110617548662,1.18299575646779),
 .UNSPECIFIED.);
#1956=B_SPLINE_CURVE_WITH_KNOTS('',3,(#6744,#6745,#6746,#6747,#6748,#6749,
#6750,#6751,#6752,#6753,#6754,#6755,#6756,#6757,#6758,#6759,#6760,#6761,
#6762,#6763,#6764,#6765,#6766,#6767,#6768,#6769,#6770,#6771),
 .UNSPECIFIED.,.F.,.F.,(4,3,3,3,3,3,3,3,3,4),(-0.103862856474761,-0.0898676126181636,
-0.0838410667839781,-0.0716784709800914,-0.0689357319710701,-0.0555801462119752,
-0.0439530399033193,-0.0270523346461597,-0.00279680167878097,0.),
 .UNSPECIFIED.);
#1957=B_SPLINE_CURVE_WITH_KNOTS('',3,(#6773,#6774,#6775,#6776),
 .UNSPECIFIED.,.F.,.F.,(4,4),(-1.28231634426,-1.26482124023669),
 .UNSPECIFIED.);
#1958=B_SPLINE_CURVE_WITH_KNOTS('',3,(#6777,#6778,#6779,#6780),
 .UNSPECIFIED.,.F.,.F.,(4,4),(-1.26482124023669,-1.17110617548662),
 .UNSPECIFIED.);
#1959=B_SPLINE_CURVE_WITH_KNOTS('',3,(#6830,#6831,#6832,#6833),
 .UNSPECIFIED.,.F.,.F.,(4,4),(-5.88207421414592,-5.87201686634035),
 .UNSPECIFIED.);
#1960=B_SPLINE_CURVE_WITH_KNOTS('',3,(#6858,#6859,#6860,#6861,#6862),
 .UNSPECIFIED.,.F.,.F.,(4,1,4),(1.70393265434654,1.9928750585754,2.28181746248643),
 .UNSPECIFIED.);
#1961=B_SPLINE_CURVE_WITH_KNOTS('',3,(#6865,#6866,#6867,#6868,#6869),
 .UNSPECIFIED.,.F.,.F.,(4,1,4),(-2.28181746248643,-1.9928750585754,-1.70393265434654),
 .UNSPECIFIED.);
#1962=B_SPLINE_CURVE_WITH_KNOTS('',3,(#6886,#6887,#6888,#6889),
 .UNSPECIFIED.,.F.,.F.,(4,4),(-1.70393265434654,-1.5707963267949),
 .UNSPECIFIED.);
#1963=B_SPLINE_CURVE_WITH_KNOTS('',3,(#6890,#6891,#6892,#6893),
 .UNSPECIFIED.,.F.,.F.,(4,4),(1.5707963267949,1.70393265434654),
 .UNSPECIFIED.);
#1964=B_SPLINE_CURVE_WITH_KNOTS('',3,(#6914,#6915,#6916,#6917,#6918),
 .UNSPECIFIED.,.F.,.F.,(4,1,4),(-3.14159265358979,-2.77311757168835,-2.28181746248643),
 .UNSPECIFIED.);
#1965=B_SPLINE_CURVE_WITH_KNOTS('',3,(#6919,#6920,#6921,#6922,#6923),
 .UNSPECIFIED.,.F.,.F.,(4,1,4),(2.28181746248643,2.77311757168835,3.14159265358979),
 .UNSPECIFIED.);
#1966=B_SPLINE_CURVE_WITH_KNOTS('',3,(#6932,#6933,#6934,#6935,#6936,#6937,
#6938,#6939,#6940,#6941,#6942,#6943,#6944,#6945,#6946,#6947,#6948,#6949,
#6950),.UNSPECIFIED.,.F.,.F.,(4,2,2,2,3,2,2,2,4),(-0.243583422525123,-0.236548144767523,
-0.208005499616109,-0.104002749808055,0.,0.104002749808055,0.208005499616109,
0.236548144767523,0.243583422525124),.UNSPECIFIED.);
#1967=B_SPLINE_CURVE_WITH_KNOTS('',3,(#6953,#6954,#6955,#6956,#6957,#6958,
#6959,#6960,#6961,#6962,#6963,#6964,#6965,#6966,#6967),.UNSPECIFIED.,.F.,
 .F.,(4,2,3,2,2,2,4),(1.04720190924217,1.12739869309022,1.23140144289828,
1.33540419270633,1.43940694251439,1.4679495876658,1.4749848654234),
 .UNSPECIFIED.);
#1968=B_SPLINE_CURVE_WITH_KNOTS('',3,(#8129,#8130,#8131,#8132,#8133,#8134),
 .UNSPECIFIED.,.F.,.F.,(4,1,1,4),(-1.14026813686625,-1.02009649376053,-0.856877754579027,
-0.819829580408624),.UNSPECIFIED.);
#1969=B_SPLINE_CURVE_WITH_KNOTS('',3,(#8136,#8137,#8138,#8139,#8140,#8141,
#8142,#8143,#8144,#8145,#8146,#8147,#8148,#8149,#8150,#8151,#8152,#8153,
#8154,#8155,#8156,#8157,#8158,#8159),.UNSPECIFIED.,.F.,.F.,(4,2,2,2,2,2,
2,2,2,2,2,4),(0.,0.0264786513178803,0.118817267414964,0.131249649747,0.136822566409015,
0.140992767680699,0.145438153940513,0.152387562248267,0.166165554844384,
0.201431924693801,0.248201547668452,0.282319877629684),.UNSPECIFIED.);
#1970=B_SPLINE_CURVE_WITH_KNOTS('',3,(#8161,#8162,#8163,#8164,#8165,#8166,
#8167,#8168,#8169,#8170,#8171,#8172,#8173,#8174,#8175,#8176,#8177,#8178,
#8179,#8180),.UNSPECIFIED.,.F.,.F.,(4,2,2,2,2,2,2,2,2,4),(-0.121550383988735,
-0.120712572863213,-0.119633061122185,-0.116840434299828,-0.106449633152959,
-0.0714047130495714,-0.0468784798161854,-0.0325820641073964,-0.0189612869674313,
0.),.UNSPECIFIED.);
#1971=B_SPLINE_CURVE_WITH_KNOTS('',3,(#8182,#8183,#8184,#8185,#8186,#8187,
#8188,#8189,#8190,#8191,#8192,#8193),.UNSPECIFIED.,.F.,.F.,(4,2,2,2,2,4),
(1.0792994855979,1.15068345866946,1.32257338228424,1.41250947607827,1.44410714949807,
1.4470610829448),.UNSPECIFIED.);
#1972=B_SPLINE_CURVE_WITH_KNOTS('',3,(#8195,#8196,#8197,#8198,#8199,#8200),
 .UNSPECIFIED.,.F.,.F.,(4,2,4),(0.000271979286210977,0.000731454538458894,
0.00141034947491305),.UNSPECIFIED.);
#1973=B_SPLINE_CURVE_WITH_KNOTS('',3,(#8202,#8203,#8204,#8205,#8206,#8207,
#8208),.UNSPECIFIED.,.F.,.F.,(4,1,1,1,4),(0.715646007858627,0.734463700192903,
0.856877754579027,1.02009649376053,1.18331523294202),.UNSPECIFIED.);
#1974=B_SPLINE_CURVE_WITH_KNOTS('',3,(#8210,#8211,#8212,#8213,#8214,#8215,
#8216,#8217,#8218,#8219,#8220,#8221,#8222,#8223,#8224,#8225,#8226,#8227,
#8228,#8229,#8230,#8231,#8232,#8233,#8234,#8235,#8236,#8237,#8238,#8239,
#8240,#8241,#8242,#8243,#8244,#8245,#8246,#8247,#8248,#8249),
 .UNSPECIFIED.,.F.,.F.,(4,3,3,3,3,3,3,3,3,3,3,3,3,4),(-0.134952707607885,
-0.134471209996142,-0.120377544158244,-0.106259802843032,-0.0992525832118184,
-0.0853558840882189,-0.0720150791684437,-0.0659118579922053,-0.0647584465141114,
-0.0511113212111005,-0.0378526160195956,-0.0256744793329614,-0.0126160703962951,
0.),.UNSPECIFIED.);
#1975=B_SPLINE_CURVE_WITH_KNOTS('',3,(#8250,#8251,#8252,#8253),
 .UNSPECIFIED.,.F.,.F.,(4,4),(-1.1460181742319,-1.14026813686625),
 .UNSPECIFIED.);
#1976=B_SPLINE_CURVE_WITH_KNOTS('',3,(#8260,#8261,#8262,#8263,#8264,#8265),
 .UNSPECIFIED.,.F.,.F.,(4,2,4),(-0.116905867369349,-0.109911212947661,-0.0893172363315125),
 .UNSPECIFIED.);
#1977=B_SPLINE_CURVE_WITH_KNOTS('',3,(#8276,#8277,#8278,#8279,#8280,#8281),
 .UNSPECIFIED.,.F.,.F.,(4,2,4),(-0.231084920741995,-0.210490944119389,-0.203496289697702),
 .UNSPECIFIED.);
#1978=B_SPLINE_CURVE_WITH_KNOTS('',3,(#8283,#8284,#8285,#8286),
 .UNSPECIFIED.,.F.,.F.,(4,4),(0.398956330753288,0.40472899583935),
 .UNSPECIFIED.);
#1979=B_SPLINE_CURVE_WITH_KNOTS('',3,(#8287,#8288,#8289,#8290,#8291,#8292),
 .UNSPECIFIED.,.F.,.F.,(4,1,1,4),(-0.725726607371382,-0.621685523387202,
-0.517644439403022,-0.404728995839349),.UNSPECIFIED.);
#1980=B_SPLINE_CURVE_WITH_KNOTS('',3,(#8298,#8299,#8300,#8301),
 .UNSPECIFIED.,.F.,.F.,(4,4),(0.824463843915821,0.825603162697031),
 .UNSPECIFIED.);
#1981=B_SPLINE_CURVE_WITH_KNOTS('',3,(#8314,#8315,#8316,#8317),
 .UNSPECIFIED.,.F.,.F.,(4,4),(0.672878652425405,0.719864712286901),
 .UNSPECIFIED.);
#1982=B_SPLINE_CURVE_WITH_KNOTS('',3,(#8319,#8320,#8321,#8322,#8323,#8324),
 .UNSPECIFIED.,.F.,.F.,(4,1,1,4),(0.361582813426752,0.517644439403022,0.621685523387202,
0.725726607371382),.UNSPECIFIED.);
#1983=B_SPLINE_CURVE_WITH_KNOTS('',3,(#8334,#8335,#8336,#8337,#8338,#8339,
#8340,#8341,#8342,#8343,#8344,#8345,#8346,#8347,#8348,#8349,#8350,#8351,
#8352,#8353,#8354,#8355,#8356,#8357,#8358,#8359,#8360,#8361,#8362,#8363,
#8364,#8365,#8366,#8367,#8368,#8369,#8370),.UNSPECIFIED.,.F.,.F.,(4,3,3,
3,3,3,3,3,3,3,3,3,4),(-0.000480910715649286,0.,0.0144203387711406,0.0288406775422811,
0.0430328479839263,0.0572250184255715,0.0686696588167675,0.0829967113126069,
0.0962728958505716,0.0973237638084463,0.110735382608661,0.123624759716691,
0.13477483328941),.UNSPECIFIED.);
#1984=VERTEX_POINT('',#6614);
#1985=VERTEX_POINT('',#6615);
#1986=VERTEX_POINT('',#6620);
#1987=VERTEX_POINT('',#6627);
#1988=VERTEX_POINT('',#6632);
#1989=VERTEX_POINT('',#6646);
#1990=VERTEX_POINT('',#6647);
#1991=VERTEX_POINT('',#6649);
#1992=VERTEX_POINT('',#6653);
#1993=VERTEX_POINT('',#6665);
#1994=VERTEX_POINT('',#6666);
#1995=VERTEX_POINT('',#6668);
#1996=VERTEX_POINT('',#6670);
#1997=VERTEX_POINT('',#6700);
#1998=VERTEX_POINT('',#6701);
#1999=VERTEX_POINT('',#6738);
#2000=VERTEX_POINT('',#6743);
#2001=VERTEX_POINT('',#6772);
#2002=VERTEX_POINT('',#6782);
#2003=VERTEX_POINT('',#6783);
#2004=VERTEX_POINT('',#6785);
#2005=VERTEX_POINT('',#6787);
#2006=VERTEX_POINT('',#6791);
#2007=VERTEX_POINT('',#6793);
#2008=VERTEX_POINT('',#6797);
#2009=VERTEX_POINT('',#6799);
#2010=VERTEX_POINT('',#6803);
#2011=VERTEX_POINT('',#6805);
#2012=VERTEX_POINT('',#6809);
#2013=VERTEX_POINT('',#6811);
#2014=VERTEX_POINT('',#6815);
#2015=VERTEX_POINT('',#6817);
#2016=VERTEX_POINT('',#6821);
#2017=VERTEX_POINT('',#6823);
#2018=VERTEX_POINT('',#6828);
#2019=VERTEX_POINT('',#6854);
#2020=VERTEX_POINT('',#6855);
#2021=VERTEX_POINT('',#6857);
#2022=VERTEX_POINT('',#6863);
#2023=VERTEX_POINT('',#6925);
#2024=VERTEX_POINT('',#6927);
#2025=VERTEX_POINT('',#6929);
#2026=VERTEX_POINT('',#6931);
#2027=VERTEX_POINT('',#6951);
#2028=VERTEX_POINT('',#6969);
#2029=VERTEX_POINT('',#6971);
#2030=VERTEX_POINT('',#6973);
#2031=VERTEX_POINT('',#6977);
#2032=VERTEX_POINT('',#6981);
#2033=VERTEX_POINT('',#6983);
#2034=VERTEX_POINT('',#6987);
#2035=VERTEX_POINT('',#6989);
#2036=VERTEX_POINT('',#6991);
#2037=VERTEX_POINT('',#6995);
#2038=VERTEX_POINT('',#6999);
#2039=VERTEX_POINT('',#7001);
#2040=VERTEX_POINT('',#7003);
#2041=VERTEX_POINT('',#7005);
#2042=VERTEX_POINT('',#7007);
#2043=VERTEX_POINT('',#7011);
#2044=VERTEX_POINT('',#7013);
#2045=VERTEX_POINT('',#7017);
#2046=VERTEX_POINT('',#7019);
#2047=VERTEX_POINT('',#7021);
#2048=VERTEX_POINT('',#7023);
#2049=VERTEX_POINT('',#7038);
#2050=VERTEX_POINT('',#7039);
#2051=VERTEX_POINT('',#7041);
#2052=VERTEX_POINT('',#7043);
#2053=VERTEX_POINT('',#7045);
#2054=VERTEX_POINT('',#7049);
#2055=VERTEX_POINT('',#7051);
#2056=VERTEX_POINT('',#7053);
#2057=VERTEX_POINT('',#7059);
#2058=VERTEX_POINT('',#7061);
#2059=VERTEX_POINT('',#7063);
#2060=VERTEX_POINT('',#7067);
#2061=VERTEX_POINT('',#7069);
#2062=VERTEX_POINT('',#7073);
#2063=VERTEX_POINT('',#7075);
#2064=VERTEX_POINT('',#7079);
#2065=VERTEX_POINT('',#7080);
#2066=VERTEX_POINT('',#7085);
#2067=VERTEX_POINT('',#7087);
#2068=VERTEX_POINT('',#7091);
#2069=VERTEX_POINT('',#7092);
#2070=VERTEX_POINT('',#7097);
#2071=VERTEX_POINT('',#7099);
#2072=VERTEX_POINT('',#7103);
#2073=VERTEX_POINT('',#7105);
#2074=VERTEX_POINT('',#7109);
#2075=VERTEX_POINT('',#7111);
#2076=VERTEX_POINT('',#7115);
#2077=VERTEX_POINT('',#7117);
#2078=VERTEX_POINT('',#7121);
#2079=VERTEX_POINT('',#7123);
#2080=VERTEX_POINT('',#7127);
#2081=VERTEX_POINT('',#7129);
#2082=VERTEX_POINT('',#7133);
#2083=VERTEX_POINT('',#7135);
#2084=VERTEX_POINT('',#7139);
#2085=VERTEX_POINT('',#7140);
#2086=VERTEX_POINT('',#7145);
#2087=VERTEX_POINT('',#7146);
#2088=VERTEX_POINT('',#7149);
#2089=VERTEX_POINT('',#7157);
#2090=VERTEX_POINT('',#7159);
#2091=VERTEX_POINT('',#7163);
#2092=VERTEX_POINT('',#7165);
#2093=VERTEX_POINT('',#7169);
#2094=VERTEX_POINT('',#7171);
#2095=VERTEX_POINT('',#7173);
#2096=VERTEX_POINT('',#7175);
#2097=VERTEX_POINT('',#7177);
#2098=VERTEX_POINT('',#7179);
#2099=VERTEX_POINT('',#7182);
#2100=VERTEX_POINT('',#7185);
#2101=VERTEX_POINT('',#7189);
#2102=VERTEX_POINT('',#7193);
#2103=VERTEX_POINT('',#7197);
#2104=VERTEX_POINT('',#7200);
#2105=VERTEX_POINT('',#7205);
#2106=VERTEX_POINT('',#7206);
#2107=VERTEX_POINT('',#7208);
#2108=VERTEX_POINT('',#7210);
#2109=VERTEX_POINT('',#7214);
#2110=VERTEX_POINT('',#7216);
#2111=VERTEX_POINT('',#7220);
#2112=VERTEX_POINT('',#7221);
#2113=VERTEX_POINT('',#7224);
#2114=VERTEX_POINT('',#7230);
#2115=VERTEX_POINT('',#7232);
#2116=VERTEX_POINT('',#7234);
#2117=VERTEX_POINT('',#7238);
#2118=VERTEX_POINT('',#7239);
#2119=VERTEX_POINT('',#7241);
#2120=VERTEX_POINT('',#7243);
#2121=VERTEX_POINT('',#7247);
#2122=VERTEX_POINT('',#7249);
#2123=VERTEX_POINT('',#7253);
#2124=VERTEX_POINT('',#7262);
#2125=VERTEX_POINT('',#7264);
#2126=VERTEX_POINT('',#7266);
#2127=VERTEX_POINT('',#7272);
#2128=VERTEX_POINT('',#7276);
#2129=VERTEX_POINT('',#7280);
#2130=VERTEX_POINT('',#7284);
#2131=VERTEX_POINT('',#7288);
#2132=VERTEX_POINT('',#7292);
#2133=VERTEX_POINT('',#7294);
#2134=VERTEX_POINT('',#7296);
#2135=VERTEX_POINT('',#7300);
#2136=VERTEX_POINT('',#7304);
#2137=VERTEX_POINT('',#7306);
#2138=VERTEX_POINT('',#7308);
#2139=VERTEX_POINT('',#7312);
#2140=VERTEX_POINT('',#7314);
#2141=VERTEX_POINT('',#7318);
#2142=VERTEX_POINT('',#7320);
#2143=VERTEX_POINT('',#7324);
#2144=VERTEX_POINT('',#7325);
#2145=VERTEX_POINT('',#7330);
#2146=VERTEX_POINT('',#7332);
#2147=VERTEX_POINT('',#7336);
#2148=VERTEX_POINT('',#7337);
#2149=VERTEX_POINT('',#7342);
#2150=VERTEX_POINT('',#7343);
#2151=VERTEX_POINT('',#7348);
#2152=VERTEX_POINT('',#7350);
#2153=VERTEX_POINT('',#7352);
#2154=VERTEX_POINT('',#7354);
#2155=VERTEX_POINT('',#7356);
#2156=VERTEX_POINT('',#7358);
#2157=VERTEX_POINT('',#7360);
#2158=VERTEX_POINT('',#7362);
#2159=VERTEX_POINT('',#7364);
#2160=VERTEX_POINT('',#7366);
#2161=VERTEX_POINT('',#7368);
#2162=VERTEX_POINT('',#7370);
#2163=VERTEX_POINT('',#7372);
#2164=VERTEX_POINT('',#7378);
#2165=VERTEX_POINT('',#7382);
#2166=VERTEX_POINT('',#7386);
#2167=VERTEX_POINT('',#7390);
#2168=VERTEX_POINT('',#7394);
#2169=VERTEX_POINT('',#7397);
#2170=VERTEX_POINT('',#7399);
#2171=VERTEX_POINT('',#7403);
#2172=VERTEX_POINT('',#7407);
#2173=VERTEX_POINT('',#7413);
#2174=VERTEX_POINT('',#7415);
#2175=VERTEX_POINT('',#7417);
#2176=VERTEX_POINT('',#7421);
#2177=VERTEX_POINT('',#7425);
#2178=VERTEX_POINT('',#7429);
#2179=VERTEX_POINT('',#7431);
#2180=VERTEX_POINT('',#7435);
#2181=VERTEX_POINT('',#7439);
#2182=VERTEX_POINT('',#7445);
#2183=VERTEX_POINT('',#7447);
#2184=VERTEX_POINT('',#7449);
#2185=VERTEX_POINT('',#7453);
#2186=VERTEX_POINT('',#7457);
#2187=VERTEX_POINT('',#7461);
#2188=VERTEX_POINT('',#7465);
#2189=VERTEX_POINT('',#7469);
#2190=VERTEX_POINT('',#7471);
#2191=VERTEX_POINT('',#7475);
#2192=VERTEX_POINT('',#7477);
#2193=VERTEX_POINT('',#7479);
#2194=VERTEX_POINT('',#7481);
#2195=VERTEX_POINT('',#7483);
#2196=VERTEX_POINT('',#7485);
#2197=VERTEX_POINT('',#7487);
#2198=VERTEX_POINT('',#7489);
#2199=VERTEX_POINT('',#7491);
#2200=VERTEX_POINT('',#7494);
#2201=VERTEX_POINT('',#7496);
#2202=VERTEX_POINT('',#7498);
#2203=VERTEX_POINT('',#7500);
#2204=VERTEX_POINT('',#7502);
#2205=VERTEX_POINT('',#7506);
#2206=VERTEX_POINT('',#7508);
#2207=VERTEX_POINT('',#7513);
#2208=VERTEX_POINT('',#7514);
#2209=VERTEX_POINT('',#7516);
#2210=VERTEX_POINT('',#7518);
#2211=VERTEX_POINT('',#7520);
#2212=VERTEX_POINT('',#7522);
#2213=VERTEX_POINT('',#7524);
#2214=VERTEX_POINT('',#7526);
#2215=VERTEX_POINT('',#7529);
#2216=VERTEX_POINT('',#7530);
#2217=VERTEX_POINT('',#7532);
#2218=VERTEX_POINT('',#7534);
#2219=VERTEX_POINT('',#7536);
#2220=VERTEX_POINT('',#7538);
#2221=VERTEX_POINT('',#7540);
#2222=VERTEX_POINT('',#7542);
#2223=VERTEX_POINT('',#7546);
#2224=VERTEX_POINT('',#7547);
#2225=VERTEX_POINT('',#7552);
#2226=VERTEX_POINT('',#7554);
#2227=VERTEX_POINT('',#7558);
#2228=VERTEX_POINT('',#7562);
#2229=VERTEX_POINT('',#7566);
#2230=VERTEX_POINT('',#7570);
#2231=VERTEX_POINT('',#7574);
#2232=VERTEX_POINT('',#7578);
#2233=VERTEX_POINT('',#7584);
#2234=VERTEX_POINT('',#7586);
#2235=VERTEX_POINT('',#7590);
#2236=VERTEX_POINT('',#7594);
#2237=VERTEX_POINT('',#7598);
#2238=VERTEX_POINT('',#7602);
#2239=VERTEX_POINT('',#7604);
#2240=VERTEX_POINT('',#7608);
#2241=VERTEX_POINT('',#7612);
#2242=VERTEX_POINT('',#7616);
#2243=VERTEX_POINT('',#7620);
#2244=VERTEX_POINT('',#7624);
#2245=VERTEX_POINT('',#7628);
#2246=VERTEX_POINT('',#7634);
#2247=VERTEX_POINT('',#7636);
#2248=VERTEX_POINT('',#7640);
#2249=VERTEX_POINT('',#7644);
#2250=VERTEX_POINT('',#7648);
#2251=VERTEX_POINT('',#7655);
#2252=VERTEX_POINT('',#7659);
#2253=VERTEX_POINT('',#7663);
#2254=VERTEX_POINT('',#7667);
#2255=VERTEX_POINT('',#7671);
#2256=VERTEX_POINT('',#7675);
#2257=VERTEX_POINT('',#7683);
#2258=VERTEX_POINT('',#7684);
#2259=VERTEX_POINT('',#7686);
#2260=VERTEX_POINT('',#7688);
#2261=VERTEX_POINT('',#7692);
#2262=VERTEX_POINT('',#7693);
#2263=VERTEX_POINT('',#7698);
#2264=VERTEX_POINT('',#7699);
#2265=VERTEX_POINT('',#7704);
#2266=VERTEX_POINT('',#7705);
#2267=VERTEX_POINT('',#7710);
#2268=VERTEX_POINT('',#7712);
#2269=VERTEX_POINT('',#7716);
#2270=VERTEX_POINT('',#7718);
#2271=VERTEX_POINT('',#7722);
#2272=VERTEX_POINT('',#7723);
#2273=VERTEX_POINT('',#7728);
#2274=VERTEX_POINT('',#7729);
#2275=VERTEX_POINT('',#7734);
#2276=VERTEX_POINT('',#7735);
#2277=VERTEX_POINT('',#7740);
#2278=VERTEX_POINT('',#7741);
#2279=VERTEX_POINT('',#7746);
#2280=VERTEX_POINT('',#7751);
#2281=VERTEX_POINT('',#7755);
#2282=VERTEX_POINT('',#7761);
#2283=VERTEX_POINT('',#7787);
#2284=VERTEX_POINT('',#7789);
#2285=VERTEX_POINT('',#7793);
#2286=VERTEX_POINT('',#7797);
#2287=VERTEX_POINT('',#7801);
#2288=VERTEX_POINT('',#7805);
#2289=VERTEX_POINT('',#7806);
#2290=VERTEX_POINT('',#7811);
#2291=VERTEX_POINT('',#7813);
#2292=VERTEX_POINT('',#7817);
#2293=VERTEX_POINT('',#7818);
#2294=VERTEX_POINT('',#7826);
#2295=VERTEX_POINT('',#7828);
#2296=VERTEX_POINT('',#7830);
#2297=VERTEX_POINT('',#7832);
#2298=VERTEX_POINT('',#7834);
#2299=VERTEX_POINT('',#7836);
#2300=VERTEX_POINT('',#7838);
#2301=VERTEX_POINT('',#7840);
#2302=VERTEX_POINT('',#7842);
#2303=VERTEX_POINT('',#7844);
#2304=VERTEX_POINT('',#7846);
#2305=VERTEX_POINT('',#7848);
#2306=VERTEX_POINT('',#7850);
#2307=VERTEX_POINT('',#7852);
#2308=VERTEX_POINT('',#7854);
#2309=VERTEX_POINT('',#7856);
#2310=VERTEX_POINT('',#7858);
#2311=VERTEX_POINT('',#7860);
#2312=VERTEX_POINT('',#7862);
#2313=VERTEX_POINT('',#7864);
#2314=VERTEX_POINT('',#7867);
#2315=VERTEX_POINT('',#7868);
#2316=VERTEX_POINT('',#7870);
#2317=VERTEX_POINT('',#7872);
#2318=VERTEX_POINT('',#7874);
#2319=VERTEX_POINT('',#7876);
#2320=VERTEX_POINT('',#7878);
#2321=VERTEX_POINT('',#7880);
#2322=VERTEX_POINT('',#7883);
#2323=VERTEX_POINT('',#7886);
#2324=VERTEX_POINT('',#7888);
#2325=VERTEX_POINT('',#7903);
#2326=VERTEX_POINT('',#7915);
#2327=VERTEX_POINT('',#7917);
#2328=VERTEX_POINT('',#7938);
#2329=VERTEX_POINT('',#7942);
#2330=VERTEX_POINT('',#7946);
#2331=VERTEX_POINT('',#7950);
#2332=VERTEX_POINT('',#7954);
#2333=VERTEX_POINT('',#7958);
#2334=VERTEX_POINT('',#7971);
#2335=VERTEX_POINT('',#7977);
#2336=VERTEX_POINT('',#7981);
#2337=VERTEX_POINT('',#8002);
#2338=VERTEX_POINT('',#8004);
#2339=VERTEX_POINT('',#8009);
#2340=VERTEX_POINT('',#8011);
#2341=VERTEX_POINT('',#8013);
#2342=VERTEX_POINT('',#8015);
#2343=VERTEX_POINT('',#8017);
#2344=VERTEX_POINT('',#8021);
#2345=VERTEX_POINT('',#8025);
#2346=VERTEX_POINT('',#8029);
#2347=VERTEX_POINT('',#8036);
#2348=VERTEX_POINT('',#8040);
#2349=VERTEX_POINT('',#8042);
#2350=VERTEX_POINT('',#8046);
#2351=VERTEX_POINT('',#8050);
#2352=VERTEX_POINT('',#8054);
#2353=VERTEX_POINT('',#8057);
#2354=VERTEX_POINT('',#8062);
#2355=VERTEX_POINT('',#8127);
#2356=VERTEX_POINT('',#8128);
#2357=VERTEX_POINT('',#8135);
#2358=VERTEX_POINT('',#8160);
#2359=VERTEX_POINT('',#8181);
#2360=VERTEX_POINT('',#8194);
#2361=VERTEX_POINT('',#8201);
#2362=VERTEX_POINT('',#8209);
#2363=VERTEX_POINT('',#8256);
#2364=VERTEX_POINT('',#8258);
#2365=VERTEX_POINT('',#8267);
#2366=VERTEX_POINT('',#8273);
#2367=VERTEX_POINT('',#8275);
#2368=VERTEX_POINT('',#8282);
#2369=VERTEX_POINT('',#8296);
#2370=VERTEX_POINT('',#8297);
#2371=VERTEX_POINT('',#8313);
#2372=VERTEX_POINT('',#8318);
#2373=VERTEX_POINT('',#8331);
#2374=VERTEX_POINT('',#8423);
#2375=VERTEX_POINT('',#8427);
#2376=VERTEX_POINT('',#8437);
#2377=VERTEX_POINT('',#8444);
#2378=VERTEX_POINT('',#8448);
#2379=VERTEX_POINT('',#8460);
#2380=VERTEX_POINT('',#8466);
#2381=VERTEX_POINT('',#8468);
#2382=VERTEX_POINT('',#8474);
#2383=VERTEX_POINT('',#8475);
#2384=VERTEX_POINT('',#8480);
#2385=VERTEX_POINT('',#8483);
#2386=VERTEX_POINT('',#8485);
#2387=VERTEX_POINT('',#8487);
#2388=VERTEX_POINT('',#8499);
#2389=VERTEX_POINT('',#8503);
#2390=EDGE_CURVE('',#1984,#1985,#1944,.T.);
#2391=EDGE_CURVE('',#1984,#1986,#1945,.T.);
#2392=EDGE_CURVE('',#1987,#1986,#1946,.T.);
#2393=EDGE_CURVE('',#1988,#1987,#1947,.T.);
#2394=EDGE_CURVE('',#1988,#1985,#1948,.T.);
#2395=EDGE_CURVE('',#1989,#1990,#359,.T.);
#2396=EDGE_CURVE('',#1990,#1991,#348,.T.);
#2397=EDGE_CURVE('',#1991,#1992,#1949,.T.);
#2398=EDGE_CURVE('',#1992,#1988,#360,.T.);
#2399=EDGE_CURVE('',#1987,#1989,#349,.T.);
#2400=EDGE_CURVE('',#1993,#1994,#361,.T.);
#2401=EDGE_CURVE('',#1994,#1995,#362,.T.);
#2402=EDGE_CURVE('',#1995,#1996,#363,.T.);
#2403=EDGE_CURVE('',#1996,#1993,#1950,.T.);
#2404=EDGE_CURVE('',#1997,#1998,#1951,.T.);
#2405=EDGE_CURVE('',#1998,#1993,#1952,.T.);
#2406=EDGE_CURVE('',#1996,#1992,#1953,.T.);
#2407=EDGE_CURVE('',#1997,#1991,#1954,.T.);
#2408=EDGE_CURVE('',#1985,#1999,#1955,.T.);
#2409=EDGE_CURVE('',#1999,#2000,#1956,.T.);
#2410=EDGE_CURVE('',#2000,#2001,#1957,.T.);
#2411=EDGE_CURVE('',#2001,#1984,#1958,.T.);
#2412=EDGE_CURVE('',#2002,#2003,#364,.T.);
#2413=EDGE_CURVE('',#2003,#2004,#365,.T.);
#2414=EDGE_CURVE('',#2004,#2005,#366,.T.);
#2415=EDGE_CURVE('',#2005,#2002,#367,.T.);
#2416=EDGE_CURVE('',#2004,#2006,#110,.T.);
#2417=EDGE_CURVE('',#2006,#2007,#368,.T.);
#2418=EDGE_CURVE('',#2007,#2005,#111,.T.);
#2419=EDGE_CURVE('',#2006,#2008,#369,.T.);
#2420=EDGE_CURVE('',#2008,#2009,#370,.T.);
#2421=EDGE_CURVE('',#2009,#2007,#371,.T.);
#2422=EDGE_CURVE('',#2008,#2010,#112,.T.);
#2423=EDGE_CURVE('',#2010,#2011,#372,.T.);
#2424=EDGE_CURVE('',#2011,#2009,#113,.T.);
#2425=EDGE_CURVE('',#2010,#2012,#373,.T.);
#2426=EDGE_CURVE('',#2012,#2013,#374,.T.);
#2427=EDGE_CURVE('',#2013,#2011,#375,.T.);
#2428=EDGE_CURVE('',#2012,#2014,#114,.T.);
#2429=EDGE_CURVE('',#2014,#2015,#376,.T.);
#2430=EDGE_CURVE('',#2015,#2013,#115,.T.);
#2431=EDGE_CURVE('',#2014,#2016,#377,.T.);
#2432=EDGE_CURVE('',#2016,#2017,#378,.T.);
#2433=EDGE_CURVE('',#2017,#2015,#379,.T.);
#2434=EDGE_CURVE('',#1999,#2017,#116,.T.);
#2435=EDGE_CURVE('',#2016,#2018,#117,.T.);
#2436=EDGE_CURVE('',#2018,#2000,#1959,.T.);
#2437=EDGE_CURVE('',#2019,#2020,#380,.T.);
#2438=EDGE_CURVE('',#2020,#2021,#1960,.T.);
#2439=EDGE_CURVE('',#2021,#2022,#381,.T.);
#2440=EDGE_CURVE('',#2022,#2019,#1961,.T.);
#2441=EDGE_CURVE('',#2019,#2003,#1962,.T.);
#2442=EDGE_CURVE('',#2002,#2020,#1963,.T.);
#2443=EDGE_CURVE('',#1994,#2022,#1964,.T.);
#2444=EDGE_CURVE('',#2021,#1995,#1965,.T.);
#2445=EDGE_CURVE('',#2016,#2023,#382,.T.);
#2446=EDGE_CURVE('',#2024,#2023,#118,.T.);
#2447=EDGE_CURVE('',#2025,#2024,#383,.T.);
#2448=EDGE_CURVE('',#2026,#2025,#1966,.T.);
#2449=EDGE_CURVE('',#2026,#2027,#384,.T.);
#2450=EDGE_CURVE('',#2018,#2027,#1967,.T.);
#2451=EDGE_CURVE('',#2028,#2014,#385,.T.);
#2452=EDGE_CURVE('',#2029,#2028,#386,.T.);
#2453=EDGE_CURVE('',#2030,#2029,#350,.F.);
#2454=EDGE_CURVE('',#2031,#2030,#387,.T.);
#2455=EDGE_CURVE('',#2023,#2031,#388,.T.);
#2456=EDGE_CURVE('',#2012,#2032,#389,.T.);
#2457=EDGE_CURVE('',#2033,#2032,#26,.F.);
#2458=EDGE_CURVE('',#2033,#2028,#119,.F.);
#2459=EDGE_CURVE('',#2034,#2010,#390,.T.);
#2460=EDGE_CURVE('',#2035,#2034,#391,.T.);
#2461=EDGE_CURVE('',#2036,#2035,#392,.T.);
#2462=EDGE_CURVE('',#2032,#2036,#393,.T.);
#2463=EDGE_CURVE('',#2008,#2037,#394,.T.);
#2464=EDGE_CURVE('',#2034,#2037,#120,.T.);
#2465=EDGE_CURVE('',#2038,#2006,#395,.T.);
#2466=EDGE_CURVE('',#2039,#2038,#396,.T.);
#2467=EDGE_CURVE('',#2040,#2039,#397,.T.);
#2468=EDGE_CURVE('',#2041,#2040,#398,.T.);
#2469=EDGE_CURVE('',#2042,#2041,#399,.T.);
#2470=EDGE_CURVE('',#2037,#2042,#400,.T.);
#2471=EDGE_CURVE('',#2004,#2043,#401,.T.);
#2472=EDGE_CURVE('',#2043,#2044,#27,.T.);
#2473=EDGE_CURVE('',#2044,#2038,#28,.T.);
#2474=EDGE_CURVE('',#2045,#2019,#121,.T.);
#2475=EDGE_CURVE('',#2046,#2045,#122,.T.);
#2476=EDGE_CURVE('',#2047,#2046,#402,.T.);
#2477=EDGE_CURVE('',#2048,#2047,#403,.T.);
#2478=EDGE_CURVE('',#2043,#2048,#404,.T.);
#2479=EDGE_CURVE('',#2045,#2022,#123,.T.);
#2480=EDGE_CURVE('',#2049,#2050,#405,.T.);
#2481=EDGE_CURVE('',#2050,#2051,#406,.T.);
#2482=EDGE_CURVE('',#2051,#2052,#407,.T.);
#2483=EDGE_CURVE('',#2052,#2053,#408,.T.);
#2484=EDGE_CURVE('',#2053,#2049,#29,.T.);
#2485=EDGE_CURVE('',#2054,#2051,#409,.T.);
#2486=EDGE_CURVE('',#2051,#2055,#410,.T.);
#2487=EDGE_CURVE('',#2055,#2056,#411,.T.);
#2488=EDGE_CURVE('',#2056,#2054,#412,.T.);
#2489=EDGE_CURVE('',#2054,#2052,#124,.T.);
#2490=EDGE_CURVE('',#2057,#2055,#413,.T.);
#2491=EDGE_CURVE('',#2055,#2058,#414,.T.);
#2492=EDGE_CURVE('',#2058,#2059,#415,.T.);
#2493=EDGE_CURVE('',#2059,#2057,#416,.T.);
#2494=EDGE_CURVE('',#2058,#2060,#125,.T.);
#2495=EDGE_CURVE('',#2060,#2061,#417,.T.);
#2496=EDGE_CURVE('',#2061,#2059,#126,.T.);
#2497=EDGE_CURVE('',#2060,#2062,#418,.T.);
#2498=EDGE_CURVE('',#2062,#2063,#419,.T.);
#2499=EDGE_CURVE('',#2063,#2061,#420,.T.);
#2500=EDGE_CURVE('',#2064,#2065,#421,.T.);
#2501=EDGE_CURVE('',#2065,#2063,#127,.T.);
#2502=EDGE_CURVE('',#2062,#2064,#128,.T.);
#2503=EDGE_CURVE('',#2064,#2066,#422,.T.);
#2504=EDGE_CURVE('',#2066,#2067,#423,.T.);
#2505=EDGE_CURVE('',#2067,#2065,#424,.T.);
#2506=EDGE_CURVE('',#2068,#2069,#425,.T.);
#2507=EDGE_CURVE('',#2069,#2067,#129,.T.);
#2508=EDGE_CURVE('',#2066,#2068,#130,.T.);
#2509=EDGE_CURVE('',#2070,#2069,#426,.T.);
#2510=EDGE_CURVE('',#2068,#2071,#427,.T.);
#2511=EDGE_CURVE('',#2071,#2070,#428,.T.);
#2512=EDGE_CURVE('',#2071,#2072,#429,.T.);
#2513=EDGE_CURVE('',#2072,#2073,#430,.T.);
#2514=EDGE_CURVE('',#2073,#2070,#431,.T.);
#2515=EDGE_CURVE('',#2072,#2074,#131,.T.);
#2516=EDGE_CURVE('',#2074,#2075,#432,.T.);
#2517=EDGE_CURVE('',#2075,#2073,#132,.T.);
#2518=EDGE_CURVE('',#2074,#2076,#433,.T.);
#2519=EDGE_CURVE('',#2076,#2077,#434,.T.);
#2520=EDGE_CURVE('',#2077,#2075,#435,.T.);
#2521=EDGE_CURVE('',#2076,#2078,#133,.T.);
#2522=EDGE_CURVE('',#2078,#2079,#436,.T.);
#2523=EDGE_CURVE('',#2079,#2077,#134,.T.);
#2524=EDGE_CURVE('',#2080,#2079,#437,.T.);
#2525=EDGE_CURVE('',#2078,#2081,#438,.T.);
#2526=EDGE_CURVE('',#2081,#2080,#439,.T.);
#2527=EDGE_CURVE('',#2081,#2082,#440,.T.);
#2528=EDGE_CURVE('',#2082,#2083,#441,.T.);
#2529=EDGE_CURVE('',#2083,#2080,#442,.T.);
#2530=EDGE_CURVE('',#2084,#2085,#443,.T.);
#2531=EDGE_CURVE('',#2085,#2083,#135,.T.);
#2532=EDGE_CURVE('',#2082,#2084,#136,.T.);
#2533=EDGE_CURVE('',#2086,#2087,#30,.T.);
#2534=EDGE_CURVE('',#2087,#2085,#444,.T.);
#2535=EDGE_CURVE('',#2084,#2088,#445,.T.);
#2536=EDGE_CURVE('',#2088,#2086,#31,.T.);
#2537=EDGE_CURVE('',#2057,#2056,#137,.T.);
#2538=EDGE_CURVE('',#2050,#2088,#446,.T.);
#2539=EDGE_CURVE('',#2089,#2049,#32,.T.);
#2540=EDGE_CURVE('',#2090,#2089,#447,.T.);
#2541=EDGE_CURVE('',#2088,#2090,#448,.T.);
#2542=EDGE_CURVE('',#2053,#2091,#449,.T.);
#2543=EDGE_CURVE('',#2091,#2092,#33,.T.);
#2544=EDGE_CURVE('',#2092,#2089,#450,.T.);
#2545=EDGE_CURVE('',#2093,#2052,#451,.T.);
#2546=EDGE_CURVE('',#2094,#2093,#452,.T.);
#2547=EDGE_CURVE('',#2095,#2094,#453,.F.);
#2548=EDGE_CURVE('',#2095,#2096,#454,.T.);
#2549=EDGE_CURVE('',#2097,#2096,#34,.F.);
#2550=EDGE_CURVE('',#2097,#2098,#455,.T.);
#2551=EDGE_CURVE('',#2091,#2098,#456,.T.);
#2552=EDGE_CURVE('',#2099,#2099,#138,.T.);
#2553=EDGE_CURVE('',#2054,#2100,#457,.T.);
#2554=EDGE_CURVE('',#2093,#2100,#139,.T.);
#2555=EDGE_CURVE('',#2101,#2056,#458,.T.);
#2556=EDGE_CURVE('',#2100,#2101,#459,.T.);
#2557=EDGE_CURVE('',#2057,#2102,#460,.T.);
#2558=EDGE_CURVE('',#2101,#2102,#140,.T.);
#2559=EDGE_CURVE('',#2103,#2059,#461,.T.);
#2560=EDGE_CURVE('',#2102,#2103,#462,.T.);
#2561=EDGE_CURVE('',#2104,#2104,#141,.T.);
#2562=EDGE_CURVE('',#2099,#2104,#463,.T.);
#2563=EDGE_CURVE('',#2105,#2106,#464,.T.);
#2564=EDGE_CURVE('',#2106,#2107,#465,.T.);
#2565=EDGE_CURVE('',#2107,#2108,#466,.T.);
#2566=EDGE_CURVE('',#2108,#2105,#467,.T.);
#2567=EDGE_CURVE('',#2105,#2109,#142,.T.);
#2568=EDGE_CURVE('',#2109,#2110,#468,.T.);
#2569=EDGE_CURVE('',#2110,#2106,#143,.T.);
#2570=EDGE_CURVE('',#2111,#2112,#469,.T.);
#2571=EDGE_CURVE('',#2111,#2110,#470,.T.);
#2572=EDGE_CURVE('',#2109,#2113,#471,.T.);
#2573=EDGE_CURVE('',#2113,#2112,#351,.F.);
#2574=EDGE_CURVE('',#2114,#2107,#472,.T.);
#2575=EDGE_CURVE('',#2107,#2115,#473,.T.);
#2576=EDGE_CURVE('',#2115,#2116,#474,.T.);
#2577=EDGE_CURVE('',#2116,#2114,#475,.T.);
#2578=EDGE_CURVE('',#2117,#2118,#35,.T.);
#2579=EDGE_CURVE('',#2117,#2119,#476,.T.);
#2580=EDGE_CURVE('',#2119,#2120,#477,.T.);
#2581=EDGE_CURVE('',#2120,#2118,#478,.T.);
#2582=EDGE_CURVE('',#2119,#2121,#144,.T.);
#2583=EDGE_CURVE('',#2121,#2122,#479,.T.);
#2584=EDGE_CURVE('',#2122,#2120,#145,.T.);
#2585=EDGE_CURVE('',#2123,#2115,#480,.T.);
#2586=EDGE_CURVE('',#2115,#2122,#481,.T.);
#2587=EDGE_CURVE('',#2121,#2123,#482,.T.);
#2588=EDGE_CURVE('',#2123,#2116,#146,.T.);
#2589=EDGE_CURVE('',#2114,#2108,#147,.T.);
#2590=EDGE_CURVE('',#2124,#2109,#483,.T.);
#2591=EDGE_CURVE('',#2125,#2124,#484,.T.);
#2592=EDGE_CURVE('',#2125,#2126,#485,.T.);
#2593=EDGE_CURVE('',#2126,#2113,#352,.T.);
#2594=EDGE_CURVE('',#2105,#2127,#486,.T.);
#2595=EDGE_CURVE('',#2124,#2127,#148,.T.);
#2596=EDGE_CURVE('',#2128,#2108,#487,.T.);
#2597=EDGE_CURVE('',#2127,#2128,#488,.T.);
#2598=EDGE_CURVE('',#2114,#2129,#489,.T.);
#2599=EDGE_CURVE('',#2129,#2128,#149,.F.);
#2600=EDGE_CURVE('',#2130,#2116,#490,.T.);
#2601=EDGE_CURVE('',#2129,#2130,#491,.T.);
#2602=EDGE_CURVE('',#2123,#2131,#492,.T.);
#2603=EDGE_CURVE('',#2130,#2131,#36,.F.);
#2604=EDGE_CURVE('',#2132,#2121,#493,.T.);
#2605=EDGE_CURVE('',#2133,#2132,#494,.T.);
#2606=EDGE_CURVE('',#2134,#2133,#495,.T.);
#2607=EDGE_CURVE('',#2131,#2134,#496,.T.);
#2608=EDGE_CURVE('',#2119,#2135,#497,.T.);
#2609=EDGE_CURVE('',#2132,#2135,#150,.T.);
#2610=EDGE_CURVE('',#2136,#2117,#37,.T.);
#2611=EDGE_CURVE('',#2137,#2136,#498,.T.);
#2612=EDGE_CURVE('',#2138,#2137,#499,.T.);
#2613=EDGE_CURVE('',#2135,#2138,#500,.T.);
#2614=EDGE_CURVE('',#2029,#2139,#151,.T.);
#2615=EDGE_CURVE('',#2139,#2140,#501,.T.);
#2616=EDGE_CURVE('',#2140,#2030,#152,.T.);
#2617=EDGE_CURVE('',#2139,#2141,#502,.T.);
#2618=EDGE_CURVE('',#2141,#2142,#503,.T.);
#2619=EDGE_CURVE('',#2142,#2140,#504,.T.);
#2620=EDGE_CURVE('',#2143,#2144,#505,.T.);
#2621=EDGE_CURVE('',#2144,#2142,#153,.T.);
#2622=EDGE_CURVE('',#2141,#2143,#154,.T.);
#2623=EDGE_CURVE('',#2143,#2145,#506,.T.);
#2624=EDGE_CURVE('',#2145,#2146,#507,.T.);
#2625=EDGE_CURVE('',#2146,#2144,#508,.T.);
#2626=EDGE_CURVE('',#2147,#2148,#509,.T.);
#2627=EDGE_CURVE('',#2148,#2146,#155,.T.);
#2628=EDGE_CURVE('',#2145,#2147,#156,.T.);
#2629=EDGE_CURVE('',#2149,#2150,#510,.F.);
#2630=EDGE_CURVE('',#2150,#2148,#511,.T.);
#2631=EDGE_CURVE('',#2147,#2149,#512,.T.);
#2632=EDGE_CURVE('',#2151,#2033,#513,.T.);
#2633=EDGE_CURVE('',#2152,#2151,#157,.T.);
#2634=EDGE_CURVE('',#2153,#2152,#514,.T.);
#2635=EDGE_CURVE('',#2154,#2153,#158,.T.);
#2636=EDGE_CURVE('',#2155,#2154,#515,.T.);
#2637=EDGE_CURVE('',#2155,#2156,#516,.T.);
#2638=EDGE_CURVE('',#2157,#2156,#159,.T.);
#2639=EDGE_CURVE('',#2158,#2157,#517,.T.);
#2640=EDGE_CURVE('',#2159,#2158,#518,.T.);
#2641=EDGE_CURVE('',#2160,#2159,#160,.T.);
#2642=EDGE_CURVE('',#2161,#2160,#519,.T.);
#2643=EDGE_CURVE('',#2162,#2161,#520,.T.);
#2644=EDGE_CURVE('',#2163,#2162,#38,.F.);
#2645=EDGE_CURVE('',#2149,#2163,#521,.T.);
#2646=EDGE_CURVE('',#2036,#2151,#522,.T.);
#2647=EDGE_CURVE('',#2036,#2164,#161,.T.);
#2648=EDGE_CURVE('',#2164,#2152,#523,.T.);
#2649=EDGE_CURVE('',#2165,#2153,#524,.T.);
#2650=EDGE_CURVE('',#2164,#2165,#525,.T.);
#2651=EDGE_CURVE('',#2165,#2166,#162,.T.);
#2652=EDGE_CURVE('',#2166,#2154,#526,.T.);
#2653=EDGE_CURVE('',#2167,#2155,#39,.F.);
#2654=EDGE_CURVE('',#2166,#2167,#527,.T.);
#2655=EDGE_CURVE('',#2168,#2087,#528,.T.);
#2656=EDGE_CURVE('',#2167,#2168,#529,.T.);
#2657=EDGE_CURVE('',#2169,#2166,#530,.T.);
#2658=EDGE_CURVE('',#2170,#2169,#531,.T.);
#2659=EDGE_CURVE('',#2085,#2170,#532,.T.);
#2660=EDGE_CURVE('',#2171,#2165,#533,.T.);
#2661=EDGE_CURVE('',#2169,#2171,#163,.T.);
#2662=EDGE_CURVE('',#2172,#2164,#534,.T.);
#2663=EDGE_CURVE('',#2171,#2172,#535,.T.);
#2664=EDGE_CURVE('',#2172,#2035,#164,.T.);
#2665=EDGE_CURVE('',#2173,#2161,#536,.F.);
#2666=EDGE_CURVE('',#2160,#2174,#537,.T.);
#2667=EDGE_CURVE('',#2174,#2175,#538,.T.);
#2668=EDGE_CURVE('',#2175,#2173,#40,.F.);
#2669=EDGE_CURVE('',#2159,#2176,#539,.T.);
#2670=EDGE_CURVE('',#2176,#2174,#165,.T.);
#2671=EDGE_CURVE('',#2158,#2177,#540,.T.);
#2672=EDGE_CURVE('',#2177,#2176,#541,.T.);
#2673=EDGE_CURVE('',#2178,#2158,#542,.T.);
#2674=EDGE_CURVE('',#2157,#2179,#543,.T.);
#2675=EDGE_CURVE('',#2179,#2178,#544,.T.);
#2676=EDGE_CURVE('',#2156,#2180,#545,.T.);
#2677=EDGE_CURVE('',#2180,#2179,#166,.T.);
#2678=EDGE_CURVE('',#2181,#2156,#41,.T.);
#2679=EDGE_CURVE('',#2181,#2180,#546,.T.);
#2680=EDGE_CURVE('',#2178,#2177,#167,.T.);
#2681=EDGE_CURVE('',#2182,#2175,#547,.T.);
#2682=EDGE_CURVE('',#2183,#2174,#548,.T.);
#2683=EDGE_CURVE('',#2184,#2183,#549,.T.);
#2684=EDGE_CURVE('',#2182,#2184,#550,.T.);
#2685=EDGE_CURVE('',#2176,#2185,#551,.T.);
#2686=EDGE_CURVE('',#2183,#2185,#168,.T.);
#2687=EDGE_CURVE('',#2186,#2177,#552,.T.);
#2688=EDGE_CURVE('',#2185,#2186,#553,.T.);
#2689=EDGE_CURVE('',#2178,#2187,#554,.T.);
#2690=EDGE_CURVE('',#2187,#2186,#169,.F.);
#2691=EDGE_CURVE('',#2188,#2179,#555,.T.);
#2692=EDGE_CURVE('',#2187,#2188,#556,.T.);
#2693=EDGE_CURVE('',#2189,#2189,#170,.T.);
#2694=EDGE_CURVE('',#2189,#2190,#557,.T.);
#2695=EDGE_CURVE('',#2190,#2190,#171,.T.);
#2696=EDGE_CURVE('',#2191,#2130,#558,.T.);
#2697=EDGE_CURVE('',#2192,#2191,#172,.T.);
#2698=EDGE_CURVE('',#2193,#2192,#559,.T.);
#2699=EDGE_CURVE('',#2194,#2193,#173,.T.);
#2700=EDGE_CURVE('',#2195,#2194,#560,.T.);
#2701=EDGE_CURVE('',#2196,#2195,#174,.T.);
#2702=EDGE_CURVE('',#2197,#2196,#561,.T.);
#2703=EDGE_CURVE('',#2198,#2197,#175,.T.);
#2704=EDGE_CURVE('',#2199,#2198,#562,.T.);
#2705=EDGE_CURVE('',#2184,#2199,#176,.F.);
#2706=EDGE_CURVE('',#2188,#2200,#177,.T.);
#2707=EDGE_CURVE('',#2200,#2201,#563,.T.);
#2708=EDGE_CURVE('',#2201,#2202,#178,.T.);
#2709=EDGE_CURVE('',#2202,#2203,#564,.T.);
#2710=EDGE_CURVE('',#2203,#2204,#353,.T.);
#2711=EDGE_CURVE('',#2204,#2205,#565,.T.);
#2712=EDGE_CURVE('',#2205,#2206,#354,.T.);
#2713=EDGE_CURVE('',#2206,#2125,#566,.T.);
#2714=EDGE_CURVE('',#2207,#2208,#179,.T.);
#2715=EDGE_CURVE('',#2209,#2207,#567,.T.);
#2716=EDGE_CURVE('',#2210,#2209,#180,.T.);
#2717=EDGE_CURVE('',#2211,#2210,#568,.T.);
#2718=EDGE_CURVE('',#2212,#2211,#181,.T.);
#2719=EDGE_CURVE('',#2213,#2212,#569,.T.);
#2720=EDGE_CURVE('',#2214,#2213,#182,.T.);
#2721=EDGE_CURVE('',#2208,#2214,#570,.T.);
#2722=EDGE_CURVE('',#2215,#2216,#183,.T.);
#2723=EDGE_CURVE('',#2217,#2215,#571,.T.);
#2724=EDGE_CURVE('',#2218,#2217,#184,.T.);
#2725=EDGE_CURVE('',#2219,#2218,#572,.T.);
#2726=EDGE_CURVE('',#2220,#2219,#185,.T.);
#2727=EDGE_CURVE('',#2221,#2220,#573,.T.);
#2728=EDGE_CURVE('',#2222,#2221,#186,.T.);
#2729=EDGE_CURVE('',#2216,#2222,#574,.T.);
#2730=EDGE_CURVE('',#2223,#2224,#187,.T.);
#2731=EDGE_CURVE('',#2224,#2223,#188,.T.);
#2732=EDGE_CURVE('',#2224,#2190,#575,.T.);
#2733=EDGE_CURVE('',#2208,#2225,#576,.T.);
#2734=EDGE_CURVE('',#2225,#2226,#189,.T.);
#2735=EDGE_CURVE('',#2226,#2207,#577,.T.);
#2736=EDGE_CURVE('',#2214,#2227,#578,.T.);
#2737=EDGE_CURVE('',#2227,#2225,#579,.T.);
#2738=EDGE_CURVE('',#2213,#2228,#580,.T.);
#2739=EDGE_CURVE('',#2228,#2227,#190,.T.);
#2740=EDGE_CURVE('',#2212,#2229,#581,.T.);
#2741=EDGE_CURVE('',#2229,#2228,#582,.T.);
#2742=EDGE_CURVE('',#2211,#2230,#583,.T.);
#2743=EDGE_CURVE('',#2230,#2229,#191,.T.);
#2744=EDGE_CURVE('',#2210,#2231,#584,.T.);
#2745=EDGE_CURVE('',#2231,#2230,#585,.T.);
#2746=EDGE_CURVE('',#2209,#2232,#586,.T.);
#2747=EDGE_CURVE('',#2232,#2231,#192,.T.);
#2748=EDGE_CURVE('',#2226,#2232,#587,.T.);
#2749=EDGE_CURVE('',#2233,#2231,#588,.T.);
#2750=EDGE_CURVE('',#2234,#2233,#589,.T.);
#2751=EDGE_CURVE('',#2230,#2234,#590,.T.);
#2752=EDGE_CURVE('',#2232,#2235,#591,.T.);
#2753=EDGE_CURVE('',#2233,#2235,#193,.T.);
#2754=EDGE_CURVE('',#2236,#2226,#592,.T.);
#2755=EDGE_CURVE('',#2235,#2236,#593,.T.);
#2756=EDGE_CURVE('',#2225,#2237,#594,.T.);
#2757=EDGE_CURVE('',#2236,#2237,#194,.T.);
#2758=EDGE_CURVE('',#2216,#2238,#595,.T.);
#2759=EDGE_CURVE('',#2238,#2239,#195,.T.);
#2760=EDGE_CURVE('',#2239,#2215,#596,.T.);
#2761=EDGE_CURVE('',#2222,#2240,#597,.T.);
#2762=EDGE_CURVE('',#2240,#2238,#598,.T.);
#2763=EDGE_CURVE('',#2221,#2241,#599,.T.);
#2764=EDGE_CURVE('',#2241,#2240,#196,.T.);
#2765=EDGE_CURVE('',#2220,#2242,#600,.T.);
#2766=EDGE_CURVE('',#2242,#2241,#601,.T.);
#2767=EDGE_CURVE('',#2219,#2243,#602,.T.);
#2768=EDGE_CURVE('',#2243,#2242,#197,.T.);
#2769=EDGE_CURVE('',#2218,#2244,#603,.T.);
#2770=EDGE_CURVE('',#2244,#2243,#604,.T.);
#2771=EDGE_CURVE('',#2217,#2245,#605,.T.);
#2772=EDGE_CURVE('',#2245,#2244,#198,.T.);
#2773=EDGE_CURVE('',#2239,#2245,#606,.T.);
#2774=EDGE_CURVE('',#2246,#2244,#607,.T.);
#2775=EDGE_CURVE('',#2247,#2246,#608,.T.);
#2776=EDGE_CURVE('',#2243,#2247,#609,.T.);
#2777=EDGE_CURVE('',#2245,#2248,#610,.T.);
#2778=EDGE_CURVE('',#2246,#2248,#199,.T.);
#2779=EDGE_CURVE('',#2249,#2239,#611,.T.);
#2780=EDGE_CURVE('',#2248,#2249,#612,.T.);
#2781=EDGE_CURVE('',#2238,#2250,#613,.T.);
#2782=EDGE_CURVE('',#2249,#2250,#200,.T.);
#2783=EDGE_CURVE('',#2040,#2199,#42,.F.);
#2784=EDGE_CURVE('',#2198,#2041,#614,.T.);
#2785=EDGE_CURVE('',#2197,#2251,#615,.T.);
#2786=EDGE_CURVE('',#2251,#2041,#201,.T.);
#2787=EDGE_CURVE('',#2196,#2252,#616,.T.);
#2788=EDGE_CURVE('',#2252,#2251,#617,.T.);
#2789=EDGE_CURVE('',#2195,#2253,#618,.T.);
#2790=EDGE_CURVE('',#2253,#2252,#202,.T.);
#2791=EDGE_CURVE('',#2194,#2254,#619,.T.);
#2792=EDGE_CURVE('',#2254,#2253,#620,.T.);
#2793=EDGE_CURVE('',#2193,#2255,#621,.T.);
#2794=EDGE_CURVE('',#2255,#2254,#203,.T.);
#2795=EDGE_CURVE('',#2192,#2256,#622,.T.);
#2796=EDGE_CURVE('',#2256,#2255,#623,.T.);
#2797=EDGE_CURVE('',#2191,#2134,#624,.T.);
#2798=EDGE_CURVE('',#2134,#2256,#204,.T.);
#2799=EDGE_CURVE('',#2257,#2258,#625,.F.);
#2800=EDGE_CURVE('',#2258,#2259,#626,.T.);
#2801=EDGE_CURVE('',#2259,#2260,#627,.T.);
#2802=EDGE_CURVE('',#2260,#2257,#628,.T.);
#2803=EDGE_CURVE('',#2261,#2262,#629,.T.);
#2804=EDGE_CURVE('',#2262,#2260,#205,.T.);
#2805=EDGE_CURVE('',#2259,#2261,#206,.T.);
#2806=EDGE_CURVE('',#2263,#2264,#630,.T.);
#2807=EDGE_CURVE('',#2264,#2262,#631,.T.);
#2808=EDGE_CURVE('',#2261,#2263,#632,.T.);
#2809=EDGE_CURVE('',#2265,#2266,#633,.T.);
#2810=EDGE_CURVE('',#2266,#2264,#207,.T.);
#2811=EDGE_CURVE('',#2263,#2265,#208,.T.);
#2812=EDGE_CURVE('',#2267,#2266,#634,.T.);
#2813=EDGE_CURVE('',#2265,#2268,#635,.T.);
#2814=EDGE_CURVE('',#2268,#2267,#636,.T.);
#2815=EDGE_CURVE('',#2268,#2269,#637,.T.);
#2816=EDGE_CURVE('',#2269,#2270,#638,.T.);
#2817=EDGE_CURVE('',#2270,#2267,#639,.T.);
#2818=EDGE_CURVE('',#2271,#2272,#640,.T.);
#2819=EDGE_CURVE('',#2272,#2270,#209,.T.);
#2820=EDGE_CURVE('',#2269,#2271,#210,.T.);
#2821=EDGE_CURVE('',#2273,#2274,#641,.T.);
#2822=EDGE_CURVE('',#2274,#2272,#642,.T.);
#2823=EDGE_CURVE('',#2271,#2273,#643,.T.);
#2824=EDGE_CURVE('',#2275,#2276,#644,.T.);
#2825=EDGE_CURVE('',#2276,#2274,#211,.T.);
#2826=EDGE_CURVE('',#2273,#2275,#212,.T.);
#2827=EDGE_CURVE('',#2277,#2278,#645,.T.);
#2828=EDGE_CURVE('',#2278,#2276,#646,.T.);
#2829=EDGE_CURVE('',#2275,#2277,#647,.T.);
#2830=EDGE_CURVE('',#2279,#2103,#648,.T.);
#2831=EDGE_CURVE('',#2103,#2278,#213,.T.);
#2832=EDGE_CURVE('',#2277,#2279,#214,.T.);
#2833=EDGE_CURVE('',#2280,#2102,#649,.T.);
#2834=EDGE_CURVE('',#2279,#2280,#650,.T.);
#2835=EDGE_CURVE('',#2281,#2100,#651,.T.);
#2836=EDGE_CURVE('',#2101,#2280,#652,.T.);
#2837=EDGE_CURVE('',#2280,#2281,#653,.T.);
#2838=EDGE_CURVE('',#2282,#2094,#654,.F.);
#2839=EDGE_CURVE('',#2093,#2281,#655,.T.);
#2840=EDGE_CURVE('',#2281,#2282,#656,.T.);
#2841=EDGE_CURVE('',#2260,#2079,#657,.T.);
#2842=EDGE_CURVE('',#2262,#2077,#658,.T.);
#2843=EDGE_CURVE('',#2264,#2075,#659,.T.);
#2844=EDGE_CURVE('',#2266,#2073,#660,.T.);
#2845=EDGE_CURVE('',#2267,#2070,#661,.T.);
#2846=EDGE_CURVE('',#2069,#2270,#662,.T.);
#2847=EDGE_CURVE('',#2272,#2067,#663,.T.);
#2848=EDGE_CURVE('',#2065,#2274,#664,.T.);
#2849=EDGE_CURVE('',#2276,#2063,#665,.T.);
#2850=EDGE_CURVE('',#2278,#2061,#666,.T.);
#2851=EDGE_CURVE('',#2246,#2283,#667,.T.);
#2852=EDGE_CURVE('',#2283,#2284,#668,.T.);
#2853=EDGE_CURVE('',#2284,#2247,#669,.T.);
#2854=EDGE_CURVE('',#2248,#2285,#670,.T.);
#2855=EDGE_CURVE('',#2285,#2283,#215,.T.);
#2856=EDGE_CURVE('',#2249,#2286,#671,.T.);
#2857=EDGE_CURVE('',#2286,#2285,#672,.T.);
#2858=EDGE_CURVE('',#2250,#2287,#673,.T.);
#2859=EDGE_CURVE('',#2287,#2286,#216,.T.);
#2860=EDGE_CURVE('',#2288,#2289,#674,.T.);
#2861=EDGE_CURVE('',#2289,#2287,#675,.T.);
#2862=EDGE_CURVE('',#2250,#2288,#676,.T.);
#2863=EDGE_CURVE('',#2288,#2290,#217,.T.);
#2864=EDGE_CURVE('',#2290,#2291,#677,.T.);
#2865=EDGE_CURVE('',#2291,#2289,#218,.T.);
#2866=EDGE_CURVE('',#2292,#2293,#678,.T.);
#2867=EDGE_CURVE('',#2293,#2291,#679,.T.);
#2868=EDGE_CURVE('',#2290,#2292,#680,.T.);
#2869=EDGE_CURVE('',#2292,#2247,#219,.T.);
#2870=EDGE_CURVE('',#2284,#2293,#220,.T.);
#2871=EDGE_CURVE('',#2294,#2258,#681,.T.);
#2872=EDGE_CURVE('',#2295,#2294,#221,.T.);
#2873=EDGE_CURVE('',#2296,#2295,#682,.T.);
#2874=EDGE_CURVE('',#2297,#2296,#222,.T.);
#2875=EDGE_CURVE('',#2298,#2297,#683,.T.);
#2876=EDGE_CURVE('',#2299,#2298,#223,.T.);
#2877=EDGE_CURVE('',#2300,#2299,#684,.T.);
#2878=EDGE_CURVE('',#2301,#2300,#224,.T.);
#2879=EDGE_CURVE('',#2302,#2301,#685,.T.);
#2880=EDGE_CURVE('',#2303,#2302,#225,.T.);
#2881=EDGE_CURVE('',#2304,#2303,#686,.T.);
#2882=EDGE_CURVE('',#2305,#2304,#226,.T.);
#2883=EDGE_CURVE('',#2306,#2305,#687,.T.);
#2884=EDGE_CURVE('',#2307,#2306,#227,.T.);
#2885=EDGE_CURVE('',#2308,#2307,#688,.T.);
#2886=EDGE_CURVE('',#2309,#2308,#228,.T.);
#2887=EDGE_CURVE('',#2310,#2309,#689,.T.);
#2888=EDGE_CURVE('',#2311,#2310,#229,.T.);
#2889=EDGE_CURVE('',#2312,#2311,#690,.T.);
#2890=EDGE_CURVE('',#2313,#2312,#230,.T.);
#2891=EDGE_CURVE('',#2282,#2313,#691,.T.);
#2892=EDGE_CURVE('',#2314,#2315,#692,.T.);
#2893=EDGE_CURVE('',#2316,#2314,#231,.T.);
#2894=EDGE_CURVE('',#2317,#2316,#693,.T.);
#2895=EDGE_CURVE('',#2318,#2317,#232,.T.);
#2896=EDGE_CURVE('',#2319,#2318,#694,.T.);
#2897=EDGE_CURVE('',#2320,#2319,#233,.T.);
#2898=EDGE_CURVE('',#2321,#2320,#695,.T.);
#2899=EDGE_CURVE('',#2315,#2321,#234,.T.);
#2900=EDGE_CURVE('',#2322,#2322,#235,.T.);
#2901=EDGE_CURVE('',#2323,#2314,#696,.T.);
#2902=EDGE_CURVE('',#2315,#2324,#697,.T.);
#2903=EDGE_CURVE('',#2324,#2323,#698,.T.);
#2904=EDGE_CURVE('',#2323,#2234,#236,.T.);
#2905=EDGE_CURVE('',#2234,#2316,#699,.T.);
#2906=EDGE_CURVE('',#2233,#2317,#700,.T.);
#2907=EDGE_CURVE('',#2235,#2318,#701,.T.);
#2908=EDGE_CURVE('',#2236,#2319,#702,.T.);
#2909=EDGE_CURVE('',#2237,#2320,#703,.T.);
#2910=EDGE_CURVE('',#2325,#2321,#704,.T.);
#2911=EDGE_CURVE('',#2237,#2325,#705,.T.);
#2912=EDGE_CURVE('',#2325,#2324,#237,.T.);
#2913=EDGE_CURVE('',#2323,#2229,#706,.T.);
#2914=EDGE_CURVE('',#2228,#2324,#707,.T.);
#2915=EDGE_CURVE('',#2322,#2223,#708,.T.);
#2916=EDGE_CURVE('',#2257,#2326,#709,.F.);
#2917=EDGE_CURVE('',#2326,#2327,#710,.T.);
#2918=EDGE_CURVE('',#2327,#2294,#711,.T.);
#2919=EDGE_CURVE('',#2327,#2170,#238,.T.);
#2920=EDGE_CURVE('',#2170,#2295,#712,.T.);
#2921=EDGE_CURVE('',#2169,#2296,#713,.T.);
#2922=EDGE_CURVE('',#2171,#2297,#714,.T.);
#2923=EDGE_CURVE('',#2172,#2298,#715,.T.);
#2924=EDGE_CURVE('',#2035,#2299,#716,.T.);
#2925=EDGE_CURVE('',#2034,#2300,#717,.T.);
#2926=EDGE_CURVE('',#2037,#2301,#718,.T.);
#2927=EDGE_CURVE('',#2042,#2302,#719,.T.);
#2928=EDGE_CURVE('',#2042,#2328,#239,.T.);
#2929=EDGE_CURVE('',#2328,#2303,#720,.T.);
#2930=EDGE_CURVE('',#2329,#2304,#721,.T.);
#2931=EDGE_CURVE('',#2328,#2329,#722,.T.);
#2932=EDGE_CURVE('',#2329,#2330,#240,.T.);
#2933=EDGE_CURVE('',#2330,#2305,#723,.T.);
#2934=EDGE_CURVE('',#2331,#2306,#724,.T.);
#2935=EDGE_CURVE('',#2330,#2331,#725,.T.);
#2936=EDGE_CURVE('',#2331,#2332,#241,.T.);
#2937=EDGE_CURVE('',#2332,#2307,#726,.T.);
#2938=EDGE_CURVE('',#2333,#2308,#727,.T.);
#2939=EDGE_CURVE('',#2332,#2333,#728,.T.);
#2940=EDGE_CURVE('',#2333,#2133,#242,.T.);
#2941=EDGE_CURVE('',#2133,#2309,#729,.T.);
#2942=EDGE_CURVE('',#2132,#2310,#730,.T.);
#2943=EDGE_CURVE('',#2135,#2311,#731,.T.);
#2944=EDGE_CURVE('',#2138,#2312,#732,.T.);
#2945=EDGE_CURVE('',#2138,#2334,#243,.T.);
#2946=EDGE_CURVE('',#2334,#2313,#733,.T.);
#2947=EDGE_CURVE('',#2334,#2095,#734,.T.);
#2948=EDGE_CURVE('',#2335,#2334,#735,.T.);
#2949=EDGE_CURVE('',#2096,#2335,#736,.T.);
#2950=EDGE_CURVE('',#2137,#2336,#43,.T.);
#2951=EDGE_CURVE('',#2335,#2336,#44,.T.);
#2952=EDGE_CURVE('',#2333,#2256,#737,.T.);
#2953=EDGE_CURVE('',#2255,#2332,#738,.T.);
#2954=EDGE_CURVE('',#2331,#2254,#739,.T.);
#2955=EDGE_CURVE('',#2253,#2330,#740,.T.);
#2956=EDGE_CURVE('',#2329,#2252,#741,.T.);
#2957=EDGE_CURVE('',#2251,#2328,#742,.T.);
#2958=EDGE_CURVE('',#2327,#2083,#743,.T.);
#2959=EDGE_CURVE('',#2080,#2326,#744,.T.);
#2960=EDGE_CURVE('',#2027,#2337,#244,.T.);
#2961=EDGE_CURVE('',#2337,#2338,#745,.T.);
#2962=EDGE_CURVE('',#2338,#2338,#245,.T.);
#2963=EDGE_CURVE('',#2337,#1989,#246,.T.);
#2964=EDGE_CURVE('',#2339,#2026,#247,.T.);
#2965=EDGE_CURVE('',#2340,#2339,#248,.T.);
#2966=EDGE_CURVE('',#2341,#2340,#746,.T.);
#2967=EDGE_CURVE('',#2342,#2341,#249,.T.);
#2968=EDGE_CURVE('',#2342,#2343,#747,.T.);
#2969=EDGE_CURVE('',#1990,#2343,#250,.T.);
#2970=EDGE_CURVE('',#1994,#2344,#251,.T.);
#2971=EDGE_CURVE('',#2344,#2046,#252,.T.);
#2972=EDGE_CURVE('',#2344,#2345,#748,.T.);
#2973=EDGE_CURVE('',#2345,#2047,#45,.T.);
#2974=EDGE_CURVE('',#2345,#2346,#749,.T.);
#2975=EDGE_CURVE('',#2346,#2048,#46,.T.);
#2976=EDGE_CURVE('',#2346,#2163,#750,.T.);
#2977=EDGE_CURVE('',#2162,#2048,#751,.T.);
#2978=EDGE_CURVE('',#2347,#2173,#752,.T.);
#2979=EDGE_CURVE('',#2347,#2044,#753,.T.);
#2980=EDGE_CURVE('',#2148,#2348,#754,.T.);
#2981=EDGE_CURVE('',#2349,#2348,#253,.T.);
#2982=EDGE_CURVE('',#2349,#2146,#755,.T.);
#2983=EDGE_CURVE('',#2350,#2349,#756,.T.);
#2984=EDGE_CURVE('',#2144,#2350,#757,.T.);
#2985=EDGE_CURVE('',#2140,#2351,#758,.T.);
#2986=EDGE_CURVE('',#2031,#2351,#254,.T.);
#2987=EDGE_CURVE('',#2351,#2352,#759,.T.);
#2988=EDGE_CURVE('',#2352,#2350,#255,.T.);
#2989=EDGE_CURVE('',#2348,#2353,#760,.T.);
#2990=EDGE_CURVE('',#2353,#2341,#355,.T.);
#2991=EDGE_CURVE('',#2340,#2354,#356,.T.);
#2992=EDGE_CURVE('',#2354,#2024,#761,.T.);
#2993=EDGE_CURVE('',#2352,#2142,#762,.T.);
#2994=EDGE_CURVE('',#2039,#2182,#256,.T.);
#2995=EDGE_CURVE('',#2039,#2347,#257,.T.);
#2996=EDGE_CURVE('',#2347,#2182,#258,.T.);
#2997=EDGE_CURVE('',#2325,#2227,#763,.T.);
#2998=EDGE_CURVE('',#2241,#2290,#764,.T.);
#2999=EDGE_CURVE('',#2288,#2240,#765,.T.);
#3000=EDGE_CURVE('',#2292,#2242,#766,.T.);
#3001=EDGE_CURVE('',#2355,#2356,#1968,.T.);
#3002=EDGE_CURVE('',#2356,#2357,#1969,.T.);
#3003=EDGE_CURVE('',#2357,#2358,#1970,.T.);
#3004=EDGE_CURVE('',#2358,#2359,#1971,.T.);
#3005=EDGE_CURVE('',#2359,#2360,#1972,.T.);
#3006=EDGE_CURVE('',#2360,#2361,#1973,.T.);
#3007=EDGE_CURVE('',#2361,#2362,#1974,.T.);
#3008=EDGE_CURVE('',#2362,#2355,#1975,.T.);
#3009=EDGE_CURVE('',#2361,#2136,#767,.T.);
#3010=EDGE_CURVE('',#2118,#2363,#47,.F.);
#3011=EDGE_CURVE('',#2363,#2364,#768,.T.);
#3012=EDGE_CURVE('',#2364,#2362,#1976,.T.);
#3013=EDGE_CURVE('',#2356,#2365,#259,.T.);
#3014=EDGE_CURVE('',#2365,#2357,#260,.T.);
#3015=EDGE_CURVE('',#2364,#2112,#261,.T.);
#3016=EDGE_CURVE('',#2126,#2206,#262,.T.);
#3017=EDGE_CURVE('',#2205,#2366,#263,.T.);
#3018=EDGE_CURVE('',#2367,#2366,#1977,.T.);
#3019=EDGE_CURVE('',#2367,#2368,#1978,.T.);
#3020=EDGE_CURVE('',#2365,#2368,#1979,.T.);
#3021=EDGE_CURVE('',#2111,#2363,#769,.T.);
#3022=EDGE_CURVE('',#2369,#2370,#1980,.T.);
#3023=EDGE_CURVE('',#2370,#2097,#770,.T.);
#3024=EDGE_CURVE('',#2336,#2369,#357,.T.);
#3025=EDGE_CURVE('',#2371,#2358,#1981,.T.);
#3026=EDGE_CURVE('',#2372,#2371,#1982,.T.);
#3027=EDGE_CURVE('',#2098,#2372,#771,.T.);
#3028=EDGE_CURVE('',#2370,#2359,#772,.T.);
#3029=EDGE_CURVE('',#2369,#2360,#773,.T.);
#3030=EDGE_CURVE('',#2366,#2373,#774,.T.);
#3031=EDGE_CURVE('',#2373,#2098,#48,.F.);
#3032=EDGE_CURVE('',#2372,#2367,#1983,.T.);
#3033=EDGE_CURVE('',#2371,#2365,#264,.T.);
#3034=EDGE_CURVE('',#2374,#1998,#265,.T.);
#3035=EDGE_CURVE('',#2374,#2344,#775,.T.);
#3036=EDGE_CURVE('',#2375,#2374,#776,.T.);
#3037=EDGE_CURVE('',#2375,#2345,#777,.T.);
#3038=EDGE_CURVE('',#2343,#2375,#778,.T.);
#3039=EDGE_CURVE('',#2150,#2342,#779,.T.);
#3040=EDGE_CURVE('',#2353,#2342,#266,.T.);
#3041=EDGE_CURVE('',#2025,#2354,#267,.T.);
#3042=EDGE_CURVE('',#2339,#2376,#780,.T.);
#3043=EDGE_CURVE('',#2376,#2376,#268,.T.);
#3044=EDGE_CURVE('',#2343,#2374,#269,.T.);
#3045=EDGE_CURVE('',#2342,#2377,#781,.T.);
#3046=EDGE_CURVE('',#2377,#2377,#270,.T.);
#3047=EDGE_CURVE('',#2343,#2378,#782,.T.);
#3048=EDGE_CURVE('',#2378,#2378,#271,.T.);
#3049=EDGE_CURVE('',#2180,#2200,#783,.T.);
#3050=EDGE_CURVE('',#2090,#2086,#49,.T.);
#3051=EDGE_CURVE('',#2379,#2155,#784,.T.);
#3052=EDGE_CURVE('',#2168,#2379,#50,.T.);
#3053=EDGE_CURVE('',#2090,#2379,#785,.T.);
#3054=EDGE_CURVE('',#2156,#2380,#786,.T.);
#3055=EDGE_CURVE('',#2380,#2381,#51,.F.);
#3056=EDGE_CURVE('',#2181,#2381,#787,.T.);
#3057=EDGE_CURVE('',#2380,#2379,#788,.F.);
#3058=EDGE_CURVE('',#2382,#2383,#52,.T.);
#3059=EDGE_CURVE('',#2382,#2202,#789,.T.);
#3060=EDGE_CURVE('',#2201,#2383,#790,.T.);
#3061=EDGE_CURVE('',#2384,#2204,#272,.T.);
#3062=EDGE_CURVE('',#2203,#2384,#273,.T.);
#3063=EDGE_CURVE('',#2385,#2382,#791,.T.);
#3064=EDGE_CURVE('',#2386,#2385,#274,.T.);
#3065=EDGE_CURVE('',#2387,#2386,#275,.T.);
#3066=EDGE_CURVE('',#2092,#2387,#792,.T.);
#3067=EDGE_CURVE('',#2373,#2092,#793,.T.);
#3068=EDGE_CURVE('',#2387,#2385,#358,.T.);
#3069=EDGE_CURVE('',#2381,#2383,#794,.T.);
#3070=EDGE_CURVE('',#2386,#2388,#795,.T.);
#3071=EDGE_CURVE('',#2388,#2388,#276,.T.);
#3072=EDGE_CURVE('',#2384,#2389,#796,.T.);
#3073=EDGE_CURVE('',#2389,#2389,#277,.T.);
#3074=ORIENTED_EDGE('',*,*,#2390,.F.);
#3075=ORIENTED_EDGE('',*,*,#2391,.T.);
#3076=ORIENTED_EDGE('',*,*,#2392,.F.);
#3077=ORIENTED_EDGE('',*,*,#2393,.F.);
#3078=ORIENTED_EDGE('',*,*,#2394,.T.);
#3079=ORIENTED_EDGE('',*,*,#2395,.T.);
#3080=ORIENTED_EDGE('',*,*,#2396,.T.);
#3081=ORIENTED_EDGE('',*,*,#2397,.T.);
#3082=ORIENTED_EDGE('',*,*,#2398,.T.);
#3083=ORIENTED_EDGE('',*,*,#2393,.T.);
#3084=ORIENTED_EDGE('',*,*,#2399,.T.);
#3085=ORIENTED_EDGE('',*,*,#2400,.T.);
#3086=ORIENTED_EDGE('',*,*,#2401,.T.);
#3087=ORIENTED_EDGE('',*,*,#2402,.T.);
#3088=ORIENTED_EDGE('',*,*,#2403,.T.);
#3089=ORIENTED_EDGE('',*,*,#2404,.T.);
#3090=ORIENTED_EDGE('',*,*,#2405,.T.);
#3091=ORIENTED_EDGE('',*,*,#2403,.F.);
#3092=ORIENTED_EDGE('',*,*,#2406,.T.);
#3093=ORIENTED_EDGE('',*,*,#2397,.F.);
#3094=ORIENTED_EDGE('',*,*,#2407,.F.);
#3095=ORIENTED_EDGE('',*,*,#2390,.T.);
#3096=ORIENTED_EDGE('',*,*,#2408,.T.);
#3097=ORIENTED_EDGE('',*,*,#2409,.T.);
#3098=ORIENTED_EDGE('',*,*,#2410,.T.);
#3099=ORIENTED_EDGE('',*,*,#2411,.T.);
#3100=ORIENTED_EDGE('',*,*,#2412,.T.);
#3101=ORIENTED_EDGE('',*,*,#2413,.T.);
#3102=ORIENTED_EDGE('',*,*,#2414,.T.);
#3103=ORIENTED_EDGE('',*,*,#2415,.T.);
#3104=ORIENTED_EDGE('',*,*,#2414,.F.);
#3105=ORIENTED_EDGE('',*,*,#2416,.T.);
#3106=ORIENTED_EDGE('',*,*,#2417,.T.);
#3107=ORIENTED_EDGE('',*,*,#2418,.T.);
#3108=ORIENTED_EDGE('',*,*,#2417,.F.);
#3109=ORIENTED_EDGE('',*,*,#2419,.T.);
#3110=ORIENTED_EDGE('',*,*,#2420,.T.);
#3111=ORIENTED_EDGE('',*,*,#2421,.T.);
#3112=ORIENTED_EDGE('',*,*,#2420,.F.);
#3113=ORIENTED_EDGE('',*,*,#2422,.T.);
#3114=ORIENTED_EDGE('',*,*,#2423,.T.);
#3115=ORIENTED_EDGE('',*,*,#2424,.T.);
#3116=ORIENTED_EDGE('',*,*,#2423,.F.);
#3117=ORIENTED_EDGE('',*,*,#2425,.T.);
#3118=ORIENTED_EDGE('',*,*,#2426,.T.);
#3119=ORIENTED_EDGE('',*,*,#2427,.T.);
#3120=ORIENTED_EDGE('',*,*,#2426,.F.);
#3121=ORIENTED_EDGE('',*,*,#2428,.T.);
#3122=ORIENTED_EDGE('',*,*,#2429,.T.);
#3123=ORIENTED_EDGE('',*,*,#2430,.T.);
#3124=ORIENTED_EDGE('',*,*,#2429,.F.);
#3125=ORIENTED_EDGE('',*,*,#2431,.T.);
#3126=ORIENTED_EDGE('',*,*,#2432,.T.);
#3127=ORIENTED_EDGE('',*,*,#2433,.T.);
#3128=ORIENTED_EDGE('',*,*,#2434,.T.);
#3129=ORIENTED_EDGE('',*,*,#2432,.F.);
#3130=ORIENTED_EDGE('',*,*,#2435,.T.);
#3131=ORIENTED_EDGE('',*,*,#2436,.T.);
#3132=ORIENTED_EDGE('',*,*,#2409,.F.);
#3133=ORIENTED_EDGE('',*,*,#2437,.T.);
#3134=ORIENTED_EDGE('',*,*,#2438,.T.);
#3135=ORIENTED_EDGE('',*,*,#2439,.T.);
#3136=ORIENTED_EDGE('',*,*,#2440,.T.);
#3137=ORIENTED_EDGE('',*,*,#2437,.F.);
#3138=ORIENTED_EDGE('',*,*,#2441,.T.);
#3139=ORIENTED_EDGE('',*,*,#2412,.F.);
#3140=ORIENTED_EDGE('',*,*,#2442,.T.);
#3141=ORIENTED_EDGE('',*,*,#2401,.F.);
#3142=ORIENTED_EDGE('',*,*,#2443,.T.);
#3143=ORIENTED_EDGE('',*,*,#2439,.F.);
#3144=ORIENTED_EDGE('',*,*,#2444,.T.);
#3145=ORIENTED_EDGE('',*,*,#2435,.F.);
#3146=ORIENTED_EDGE('',*,*,#2445,.T.);
#3147=ORIENTED_EDGE('',*,*,#2446,.F.);
#3148=ORIENTED_EDGE('',*,*,#2447,.F.);
#3149=ORIENTED_EDGE('',*,*,#2448,.F.);
#3150=ORIENTED_EDGE('',*,*,#2449,.T.);
#3151=ORIENTED_EDGE('',*,*,#2450,.F.);
#3152=ORIENTED_EDGE('',*,*,#2431,.F.);
#3153=ORIENTED_EDGE('',*,*,#2451,.F.);
#3154=ORIENTED_EDGE('',*,*,#2452,.F.);
#3155=ORIENTED_EDGE('',*,*,#2453,.F.);
#3156=ORIENTED_EDGE('',*,*,#2454,.F.);
#3157=ORIENTED_EDGE('',*,*,#2455,.F.);
#3158=ORIENTED_EDGE('',*,*,#2445,.F.);
#3159=ORIENTED_EDGE('',*,*,#2428,.F.);
#3160=ORIENTED_EDGE('',*,*,#2456,.T.);
#3161=ORIENTED_EDGE('',*,*,#2457,.F.);
#3162=ORIENTED_EDGE('',*,*,#2458,.T.);
#3163=ORIENTED_EDGE('',*,*,#2451,.T.);
#3164=ORIENTED_EDGE('',*,*,#2425,.F.);
#3165=ORIENTED_EDGE('',*,*,#2459,.F.);
#3166=ORIENTED_EDGE('',*,*,#2460,.F.);
#3167=ORIENTED_EDGE('',*,*,#2461,.F.);
#3168=ORIENTED_EDGE('',*,*,#2462,.F.);
#3169=ORIENTED_EDGE('',*,*,#2456,.F.);
#3170=ORIENTED_EDGE('',*,*,#2422,.F.);
#3171=ORIENTED_EDGE('',*,*,#2463,.T.);
#3172=ORIENTED_EDGE('',*,*,#2464,.F.);
#3173=ORIENTED_EDGE('',*,*,#2459,.T.);
#3174=ORIENTED_EDGE('',*,*,#2419,.F.);
#3175=ORIENTED_EDGE('',*,*,#2465,.F.);
#3176=ORIENTED_EDGE('',*,*,#2466,.F.);
#3177=ORIENTED_EDGE('',*,*,#2467,.F.);
#3178=ORIENTED_EDGE('',*,*,#2468,.F.);
#3179=ORIENTED_EDGE('',*,*,#2469,.F.);
#3180=ORIENTED_EDGE('',*,*,#2470,.F.);
#3181=ORIENTED_EDGE('',*,*,#2463,.F.);
#3182=ORIENTED_EDGE('',*,*,#2416,.F.);
#3183=ORIENTED_EDGE('',*,*,#2471,.T.);
#3184=ORIENTED_EDGE('',*,*,#2472,.T.);
#3185=ORIENTED_EDGE('',*,*,#2473,.T.);
#3186=ORIENTED_EDGE('',*,*,#2465,.T.);
#3187=ORIENTED_EDGE('',*,*,#2413,.F.);
#3188=ORIENTED_EDGE('',*,*,#2441,.F.);
#3189=ORIENTED_EDGE('',*,*,#2474,.F.);
#3190=ORIENTED_EDGE('',*,*,#2475,.F.);
#3191=ORIENTED_EDGE('',*,*,#2476,.F.);
#3192=ORIENTED_EDGE('',*,*,#2477,.F.);
#3193=ORIENTED_EDGE('',*,*,#2478,.F.);
#3194=ORIENTED_EDGE('',*,*,#2471,.F.);
#3195=ORIENTED_EDGE('',*,*,#2440,.F.);
#3196=ORIENTED_EDGE('',*,*,#2479,.F.);
#3197=ORIENTED_EDGE('',*,*,#2474,.T.);
#3198=ORIENTED_EDGE('',*,*,#2438,.F.);
#3199=ORIENTED_EDGE('',*,*,#2442,.F.);
#3200=ORIENTED_EDGE('',*,*,#2415,.F.);
#3201=ORIENTED_EDGE('',*,*,#2418,.F.);
#3202=ORIENTED_EDGE('',*,*,#2421,.F.);
#3203=ORIENTED_EDGE('',*,*,#2424,.F.);
#3204=ORIENTED_EDGE('',*,*,#2427,.F.);
#3205=ORIENTED_EDGE('',*,*,#2430,.F.);
#3206=ORIENTED_EDGE('',*,*,#2433,.F.);
#3207=ORIENTED_EDGE('',*,*,#2434,.F.);
#3208=ORIENTED_EDGE('',*,*,#2408,.F.);
#3209=ORIENTED_EDGE('',*,*,#2394,.F.);
#3210=ORIENTED_EDGE('',*,*,#2398,.F.);
#3211=ORIENTED_EDGE('',*,*,#2406,.F.);
#3212=ORIENTED_EDGE('',*,*,#2402,.F.);
#3213=ORIENTED_EDGE('',*,*,#2444,.F.);
#3214=ORIENTED_EDGE('',*,*,#2480,.T.);
#3215=ORIENTED_EDGE('',*,*,#2481,.T.);
#3216=ORIENTED_EDGE('',*,*,#2482,.T.);
#3217=ORIENTED_EDGE('',*,*,#2483,.T.);
#3218=ORIENTED_EDGE('',*,*,#2484,.T.);
#3219=ORIENTED_EDGE('',*,*,#2485,.T.);
#3220=ORIENTED_EDGE('',*,*,#2486,.T.);
#3221=ORIENTED_EDGE('',*,*,#2487,.T.);
#3222=ORIENTED_EDGE('',*,*,#2488,.T.);
#3223=ORIENTED_EDGE('',*,*,#2485,.F.);
#3224=ORIENTED_EDGE('',*,*,#2489,.T.);
#3225=ORIENTED_EDGE('',*,*,#2482,.F.);
#3226=ORIENTED_EDGE('',*,*,#2490,.T.);
#3227=ORIENTED_EDGE('',*,*,#2491,.T.);
#3228=ORIENTED_EDGE('',*,*,#2492,.T.);
#3229=ORIENTED_EDGE('',*,*,#2493,.T.);
#3230=ORIENTED_EDGE('',*,*,#2492,.F.);
#3231=ORIENTED_EDGE('',*,*,#2494,.T.);
#3232=ORIENTED_EDGE('',*,*,#2495,.T.);
#3233=ORIENTED_EDGE('',*,*,#2496,.T.);
#3234=ORIENTED_EDGE('',*,*,#2495,.F.);
#3235=ORIENTED_EDGE('',*,*,#2497,.T.);
#3236=ORIENTED_EDGE('',*,*,#2498,.T.);
#3237=ORIENTED_EDGE('',*,*,#2499,.T.);
#3238=ORIENTED_EDGE('',*,*,#2500,.T.);
#3239=ORIENTED_EDGE('',*,*,#2501,.T.);
#3240=ORIENTED_EDGE('',*,*,#2498,.F.);
#3241=ORIENTED_EDGE('',*,*,#2502,.T.);
#3242=ORIENTED_EDGE('',*,*,#2500,.F.);
#3243=ORIENTED_EDGE('',*,*,#2503,.T.);
#3244=ORIENTED_EDGE('',*,*,#2504,.T.);
#3245=ORIENTED_EDGE('',*,*,#2505,.T.);
#3246=ORIENTED_EDGE('',*,*,#2506,.T.);
#3247=ORIENTED_EDGE('',*,*,#2507,.T.);
#3248=ORIENTED_EDGE('',*,*,#2504,.F.);
#3249=ORIENTED_EDGE('',*,*,#2508,.T.);
#3250=ORIENTED_EDGE('',*,*,#2509,.T.);
#3251=ORIENTED_EDGE('',*,*,#2506,.F.);
#3252=ORIENTED_EDGE('',*,*,#2510,.T.);
#3253=ORIENTED_EDGE('',*,*,#2511,.T.);
#3254=ORIENTED_EDGE('',*,*,#2512,.T.);
#3255=ORIENTED_EDGE('',*,*,#2513,.T.);
#3256=ORIENTED_EDGE('',*,*,#2514,.T.);
#3257=ORIENTED_EDGE('',*,*,#2511,.F.);
#3258=ORIENTED_EDGE('',*,*,#2513,.F.);
#3259=ORIENTED_EDGE('',*,*,#2515,.T.);
#3260=ORIENTED_EDGE('',*,*,#2516,.T.);
#3261=ORIENTED_EDGE('',*,*,#2517,.T.);
#3262=ORIENTED_EDGE('',*,*,#2516,.F.);
#3263=ORIENTED_EDGE('',*,*,#2518,.T.);
#3264=ORIENTED_EDGE('',*,*,#2519,.T.);
#3265=ORIENTED_EDGE('',*,*,#2520,.T.);
#3266=ORIENTED_EDGE('',*,*,#2519,.F.);
#3267=ORIENTED_EDGE('',*,*,#2521,.T.);
#3268=ORIENTED_EDGE('',*,*,#2522,.T.);
#3269=ORIENTED_EDGE('',*,*,#2523,.T.);
#3270=ORIENTED_EDGE('',*,*,#2524,.T.);
#3271=ORIENTED_EDGE('',*,*,#2522,.F.);
#3272=ORIENTED_EDGE('',*,*,#2525,.T.);
#3273=ORIENTED_EDGE('',*,*,#2526,.T.);
#3274=ORIENTED_EDGE('',*,*,#2527,.T.);
#3275=ORIENTED_EDGE('',*,*,#2528,.T.);
#3276=ORIENTED_EDGE('',*,*,#2529,.T.);
#3277=ORIENTED_EDGE('',*,*,#2526,.F.);
#3278=ORIENTED_EDGE('',*,*,#2530,.T.);
#3279=ORIENTED_EDGE('',*,*,#2531,.T.);
#3280=ORIENTED_EDGE('',*,*,#2528,.F.);
#3281=ORIENTED_EDGE('',*,*,#2532,.T.);
#3282=ORIENTED_EDGE('',*,*,#2533,.T.);
#3283=ORIENTED_EDGE('',*,*,#2534,.T.);
#3284=ORIENTED_EDGE('',*,*,#2530,.F.);
#3285=ORIENTED_EDGE('',*,*,#2535,.T.);
#3286=ORIENTED_EDGE('',*,*,#2536,.T.);
#3287=ORIENTED_EDGE('',*,*,#2490,.F.);
#3288=ORIENTED_EDGE('',*,*,#2537,.T.);
#3289=ORIENTED_EDGE('',*,*,#2487,.F.);
#3290=ORIENTED_EDGE('',*,*,#2535,.F.);
#3291=ORIENTED_EDGE('',*,*,#2532,.F.);
#3292=ORIENTED_EDGE('',*,*,#2527,.F.);
#3293=ORIENTED_EDGE('',*,*,#2525,.F.);
#3294=ORIENTED_EDGE('',*,*,#2521,.F.);
#3295=ORIENTED_EDGE('',*,*,#2518,.F.);
#3296=ORIENTED_EDGE('',*,*,#2515,.F.);
#3297=ORIENTED_EDGE('',*,*,#2512,.F.);
#3298=ORIENTED_EDGE('',*,*,#2510,.F.);
#3299=ORIENTED_EDGE('',*,*,#2508,.F.);
#3300=ORIENTED_EDGE('',*,*,#2503,.F.);
#3301=ORIENTED_EDGE('',*,*,#2502,.F.);
#3302=ORIENTED_EDGE('',*,*,#2497,.F.);
#3303=ORIENTED_EDGE('',*,*,#2494,.F.);
#3304=ORIENTED_EDGE('',*,*,#2491,.F.);
#3305=ORIENTED_EDGE('',*,*,#2486,.F.);
#3306=ORIENTED_EDGE('',*,*,#2481,.F.);
#3307=ORIENTED_EDGE('',*,*,#2538,.T.);
#3308=ORIENTED_EDGE('',*,*,#2480,.F.);
#3309=ORIENTED_EDGE('',*,*,#2539,.F.);
#3310=ORIENTED_EDGE('',*,*,#2540,.F.);
#3311=ORIENTED_EDGE('',*,*,#2541,.F.);
#3312=ORIENTED_EDGE('',*,*,#2538,.F.);
#3313=ORIENTED_EDGE('',*,*,#2484,.F.);
#3314=ORIENTED_EDGE('',*,*,#2542,.T.);
#3315=ORIENTED_EDGE('',*,*,#2543,.T.);
#3316=ORIENTED_EDGE('',*,*,#2544,.T.);
#3317=ORIENTED_EDGE('',*,*,#2539,.T.);
#3318=ORIENTED_EDGE('',*,*,#2483,.F.);
#3319=ORIENTED_EDGE('',*,*,#2545,.F.);
#3320=ORIENTED_EDGE('',*,*,#2546,.F.);
#3321=ORIENTED_EDGE('',*,*,#2547,.F.);
#3322=ORIENTED_EDGE('',*,*,#2548,.T.);
#3323=ORIENTED_EDGE('',*,*,#2549,.F.);
#3324=ORIENTED_EDGE('',*,*,#2550,.T.);
#3325=ORIENTED_EDGE('',*,*,#2551,.F.);
#3326=ORIENTED_EDGE('',*,*,#2542,.F.);
#3327=ORIENTED_EDGE('',*,*,#2552,.T.);
#3328=ORIENTED_EDGE('',*,*,#2489,.F.);
#3329=ORIENTED_EDGE('',*,*,#2553,.T.);
#3330=ORIENTED_EDGE('',*,*,#2554,.F.);
#3331=ORIENTED_EDGE('',*,*,#2545,.T.);
#3332=ORIENTED_EDGE('',*,*,#2488,.F.);
#3333=ORIENTED_EDGE('',*,*,#2555,.F.);
#3334=ORIENTED_EDGE('',*,*,#2556,.F.);
#3335=ORIENTED_EDGE('',*,*,#2553,.F.);
#3336=ORIENTED_EDGE('',*,*,#2537,.F.);
#3337=ORIENTED_EDGE('',*,*,#2557,.T.);
#3338=ORIENTED_EDGE('',*,*,#2558,.F.);
#3339=ORIENTED_EDGE('',*,*,#2555,.T.);
#3340=ORIENTED_EDGE('',*,*,#2493,.F.);
#3341=ORIENTED_EDGE('',*,*,#2559,.F.);
#3342=ORIENTED_EDGE('',*,*,#2560,.F.);
#3343=ORIENTED_EDGE('',*,*,#2557,.F.);
#3344=ORIENTED_EDGE('',*,*,#2561,.T.);
#3345=ORIENTED_EDGE('',*,*,#2552,.F.);
#3346=ORIENTED_EDGE('',*,*,#2562,.T.);
#3347=ORIENTED_EDGE('',*,*,#2561,.F.);
#3348=ORIENTED_EDGE('',*,*,#2562,.F.);
#3349=ORIENTED_EDGE('',*,*,#2563,.T.);
#3350=ORIENTED_EDGE('',*,*,#2564,.T.);
#3351=ORIENTED_EDGE('',*,*,#2565,.T.);
#3352=ORIENTED_EDGE('',*,*,#2566,.T.);
#3353=ORIENTED_EDGE('',*,*,#2563,.F.);
#3354=ORIENTED_EDGE('',*,*,#2567,.T.);
#3355=ORIENTED_EDGE('',*,*,#2568,.T.);
#3356=ORIENTED_EDGE('',*,*,#2569,.T.);
#3357=ORIENTED_EDGE('',*,*,#2570,.F.);
#3358=ORIENTED_EDGE('',*,*,#2571,.T.);
#3359=ORIENTED_EDGE('',*,*,#2568,.F.);
#3360=ORIENTED_EDGE('',*,*,#2572,.T.);
#3361=ORIENTED_EDGE('',*,*,#2573,.T.);
#3362=ORIENTED_EDGE('',*,*,#2574,.T.);
#3363=ORIENTED_EDGE('',*,*,#2575,.T.);
#3364=ORIENTED_EDGE('',*,*,#2576,.T.);
#3365=ORIENTED_EDGE('',*,*,#2577,.T.);
#3366=ORIENTED_EDGE('',*,*,#2578,.F.);
#3367=ORIENTED_EDGE('',*,*,#2579,.T.);
#3368=ORIENTED_EDGE('',*,*,#2580,.T.);
#3369=ORIENTED_EDGE('',*,*,#2581,.T.);
#3370=ORIENTED_EDGE('',*,*,#2580,.F.);
#3371=ORIENTED_EDGE('',*,*,#2582,.T.);
#3372=ORIENTED_EDGE('',*,*,#2583,.T.);
#3373=ORIENTED_EDGE('',*,*,#2584,.T.);
#3374=ORIENTED_EDGE('',*,*,#2585,.T.);
#3375=ORIENTED_EDGE('',*,*,#2586,.T.);
#3376=ORIENTED_EDGE('',*,*,#2583,.F.);
#3377=ORIENTED_EDGE('',*,*,#2587,.T.);
#3378=ORIENTED_EDGE('',*,*,#2585,.F.);
#3379=ORIENTED_EDGE('',*,*,#2588,.T.);
#3380=ORIENTED_EDGE('',*,*,#2576,.F.);
#3381=ORIENTED_EDGE('',*,*,#2574,.F.);
#3382=ORIENTED_EDGE('',*,*,#2589,.T.);
#3383=ORIENTED_EDGE('',*,*,#2565,.F.);
#3384=ORIENTED_EDGE('',*,*,#2572,.F.);
#3385=ORIENTED_EDGE('',*,*,#2590,.F.);
#3386=ORIENTED_EDGE('',*,*,#2591,.F.);
#3387=ORIENTED_EDGE('',*,*,#2592,.T.);
#3388=ORIENTED_EDGE('',*,*,#2593,.T.);
#3389=ORIENTED_EDGE('',*,*,#2567,.F.);
#3390=ORIENTED_EDGE('',*,*,#2594,.T.);
#3391=ORIENTED_EDGE('',*,*,#2595,.F.);
#3392=ORIENTED_EDGE('',*,*,#2590,.T.);
#3393=ORIENTED_EDGE('',*,*,#2566,.F.);
#3394=ORIENTED_EDGE('',*,*,#2596,.F.);
#3395=ORIENTED_EDGE('',*,*,#2597,.F.);
#3396=ORIENTED_EDGE('',*,*,#2594,.F.);
#3397=ORIENTED_EDGE('',*,*,#2589,.F.);
#3398=ORIENTED_EDGE('',*,*,#2598,.T.);
#3399=ORIENTED_EDGE('',*,*,#2599,.T.);
#3400=ORIENTED_EDGE('',*,*,#2596,.T.);
#3401=ORIENTED_EDGE('',*,*,#2577,.F.);
#3402=ORIENTED_EDGE('',*,*,#2600,.F.);
#3403=ORIENTED_EDGE('',*,*,#2601,.F.);
#3404=ORIENTED_EDGE('',*,*,#2598,.F.);
#3405=ORIENTED_EDGE('',*,*,#2588,.F.);
#3406=ORIENTED_EDGE('',*,*,#2602,.T.);
#3407=ORIENTED_EDGE('',*,*,#2603,.F.);
#3408=ORIENTED_EDGE('',*,*,#2600,.T.);
#3409=ORIENTED_EDGE('',*,*,#2587,.F.);
#3410=ORIENTED_EDGE('',*,*,#2604,.F.);
#3411=ORIENTED_EDGE('',*,*,#2605,.F.);
#3412=ORIENTED_EDGE('',*,*,#2606,.F.);
#3413=ORIENTED_EDGE('',*,*,#2607,.F.);
#3414=ORIENTED_EDGE('',*,*,#2602,.F.);
#3415=ORIENTED_EDGE('',*,*,#2582,.F.);
#3416=ORIENTED_EDGE('',*,*,#2608,.T.);
#3417=ORIENTED_EDGE('',*,*,#2609,.F.);
#3418=ORIENTED_EDGE('',*,*,#2604,.T.);
#3419=ORIENTED_EDGE('',*,*,#2579,.F.);
#3420=ORIENTED_EDGE('',*,*,#2610,.F.);
#3421=ORIENTED_EDGE('',*,*,#2611,.F.);
#3422=ORIENTED_EDGE('',*,*,#2612,.F.);
#3423=ORIENTED_EDGE('',*,*,#2613,.F.);
#3424=ORIENTED_EDGE('',*,*,#2608,.F.);
#3425=ORIENTED_EDGE('',*,*,#2453,.T.);
#3426=ORIENTED_EDGE('',*,*,#2614,.T.);
#3427=ORIENTED_EDGE('',*,*,#2615,.T.);
#3428=ORIENTED_EDGE('',*,*,#2616,.T.);
#3429=ORIENTED_EDGE('',*,*,#2615,.F.);
#3430=ORIENTED_EDGE('',*,*,#2617,.T.);
#3431=ORIENTED_EDGE('',*,*,#2618,.T.);
#3432=ORIENTED_EDGE('',*,*,#2619,.T.);
#3433=ORIENTED_EDGE('',*,*,#2620,.T.);
#3434=ORIENTED_EDGE('',*,*,#2621,.T.);
#3435=ORIENTED_EDGE('',*,*,#2618,.F.);
#3436=ORIENTED_EDGE('',*,*,#2622,.T.);
#3437=ORIENTED_EDGE('',*,*,#2620,.F.);
#3438=ORIENTED_EDGE('',*,*,#2623,.T.);
#3439=ORIENTED_EDGE('',*,*,#2624,.T.);
#3440=ORIENTED_EDGE('',*,*,#2625,.T.);
#3441=ORIENTED_EDGE('',*,*,#2626,.T.);
#3442=ORIENTED_EDGE('',*,*,#2627,.T.);
#3443=ORIENTED_EDGE('',*,*,#2624,.F.);
#3444=ORIENTED_EDGE('',*,*,#2628,.T.);
#3445=ORIENTED_EDGE('',*,*,#2629,.T.);
#3446=ORIENTED_EDGE('',*,*,#2630,.T.);
#3447=ORIENTED_EDGE('',*,*,#2626,.F.);
#3448=ORIENTED_EDGE('',*,*,#2631,.T.);
#3449=ORIENTED_EDGE('',*,*,#2631,.F.);
#3450=ORIENTED_EDGE('',*,*,#2628,.F.);
#3451=ORIENTED_EDGE('',*,*,#2623,.F.);
#3452=ORIENTED_EDGE('',*,*,#2622,.F.);
#3453=ORIENTED_EDGE('',*,*,#2617,.F.);
#3454=ORIENTED_EDGE('',*,*,#2614,.F.);
#3455=ORIENTED_EDGE('',*,*,#2452,.T.);
#3456=ORIENTED_EDGE('',*,*,#2458,.F.);
#3457=ORIENTED_EDGE('',*,*,#2632,.F.);
#3458=ORIENTED_EDGE('',*,*,#2633,.F.);
#3459=ORIENTED_EDGE('',*,*,#2634,.F.);
#3460=ORIENTED_EDGE('',*,*,#2635,.F.);
#3461=ORIENTED_EDGE('',*,*,#2636,.F.);
#3462=ORIENTED_EDGE('',*,*,#2637,.T.);
#3463=ORIENTED_EDGE('',*,*,#2638,.F.);
#3464=ORIENTED_EDGE('',*,*,#2639,.F.);
#3465=ORIENTED_EDGE('',*,*,#2640,.F.);
#3466=ORIENTED_EDGE('',*,*,#2641,.F.);
#3467=ORIENTED_EDGE('',*,*,#2642,.F.);
#3468=ORIENTED_EDGE('',*,*,#2643,.F.);
#3469=ORIENTED_EDGE('',*,*,#2644,.F.);
#3470=ORIENTED_EDGE('',*,*,#2645,.F.);
#3471=ORIENTED_EDGE('',*,*,#2457,.T.);
#3472=ORIENTED_EDGE('',*,*,#2462,.T.);
#3473=ORIENTED_EDGE('',*,*,#2646,.T.);
#3474=ORIENTED_EDGE('',*,*,#2632,.T.);
#3475=ORIENTED_EDGE('',*,*,#2646,.F.);
#3476=ORIENTED_EDGE('',*,*,#2647,.T.);
#3477=ORIENTED_EDGE('',*,*,#2648,.T.);
#3478=ORIENTED_EDGE('',*,*,#2633,.T.);
#3479=ORIENTED_EDGE('',*,*,#2649,.T.);
#3480=ORIENTED_EDGE('',*,*,#2634,.T.);
#3481=ORIENTED_EDGE('',*,*,#2648,.F.);
#3482=ORIENTED_EDGE('',*,*,#2650,.T.);
#3483=ORIENTED_EDGE('',*,*,#2649,.F.);
#3484=ORIENTED_EDGE('',*,*,#2651,.T.);
#3485=ORIENTED_EDGE('',*,*,#2652,.T.);
#3486=ORIENTED_EDGE('',*,*,#2635,.T.);
#3487=ORIENTED_EDGE('',*,*,#2653,.T.);
#3488=ORIENTED_EDGE('',*,*,#2636,.T.);
#3489=ORIENTED_EDGE('',*,*,#2652,.F.);
#3490=ORIENTED_EDGE('',*,*,#2654,.T.);
#3491=ORIENTED_EDGE('',*,*,#2534,.F.);
#3492=ORIENTED_EDGE('',*,*,#2655,.F.);
#3493=ORIENTED_EDGE('',*,*,#2656,.F.);
#3494=ORIENTED_EDGE('',*,*,#2654,.F.);
#3495=ORIENTED_EDGE('',*,*,#2657,.F.);
#3496=ORIENTED_EDGE('',*,*,#2658,.F.);
#3497=ORIENTED_EDGE('',*,*,#2659,.F.);
#3498=ORIENTED_EDGE('',*,*,#2651,.F.);
#3499=ORIENTED_EDGE('',*,*,#2660,.F.);
#3500=ORIENTED_EDGE('',*,*,#2661,.F.);
#3501=ORIENTED_EDGE('',*,*,#2657,.T.);
#3502=ORIENTED_EDGE('',*,*,#2650,.F.);
#3503=ORIENTED_EDGE('',*,*,#2662,.F.);
#3504=ORIENTED_EDGE('',*,*,#2663,.F.);
#3505=ORIENTED_EDGE('',*,*,#2660,.T.);
#3506=ORIENTED_EDGE('',*,*,#2647,.F.);
#3507=ORIENTED_EDGE('',*,*,#2461,.T.);
#3508=ORIENTED_EDGE('',*,*,#2664,.F.);
#3509=ORIENTED_EDGE('',*,*,#2662,.T.);
#3510=ORIENTED_EDGE('',*,*,#2665,.T.);
#3511=ORIENTED_EDGE('',*,*,#2642,.T.);
#3512=ORIENTED_EDGE('',*,*,#2666,.T.);
#3513=ORIENTED_EDGE('',*,*,#2667,.T.);
#3514=ORIENTED_EDGE('',*,*,#2668,.T.);
#3515=ORIENTED_EDGE('',*,*,#2669,.T.);
#3516=ORIENTED_EDGE('',*,*,#2670,.T.);
#3517=ORIENTED_EDGE('',*,*,#2666,.F.);
#3518=ORIENTED_EDGE('',*,*,#2641,.T.);
#3519=ORIENTED_EDGE('',*,*,#2669,.F.);
#3520=ORIENTED_EDGE('',*,*,#2640,.T.);
#3521=ORIENTED_EDGE('',*,*,#2671,.T.);
#3522=ORIENTED_EDGE('',*,*,#2672,.T.);
#3523=ORIENTED_EDGE('',*,*,#2673,.T.);
#3524=ORIENTED_EDGE('',*,*,#2639,.T.);
#3525=ORIENTED_EDGE('',*,*,#2674,.T.);
#3526=ORIENTED_EDGE('',*,*,#2675,.T.);
#3527=ORIENTED_EDGE('',*,*,#2676,.T.);
#3528=ORIENTED_EDGE('',*,*,#2677,.T.);
#3529=ORIENTED_EDGE('',*,*,#2674,.F.);
#3530=ORIENTED_EDGE('',*,*,#2638,.T.);
#3531=ORIENTED_EDGE('',*,*,#2678,.F.);
#3532=ORIENTED_EDGE('',*,*,#2679,.T.);
#3533=ORIENTED_EDGE('',*,*,#2676,.F.);
#3534=ORIENTED_EDGE('',*,*,#2673,.F.);
#3535=ORIENTED_EDGE('',*,*,#2680,.T.);
#3536=ORIENTED_EDGE('',*,*,#2671,.F.);
#3537=ORIENTED_EDGE('',*,*,#2681,.T.);
#3538=ORIENTED_EDGE('',*,*,#2667,.F.);
#3539=ORIENTED_EDGE('',*,*,#2682,.F.);
#3540=ORIENTED_EDGE('',*,*,#2683,.F.);
#3541=ORIENTED_EDGE('',*,*,#2684,.F.);
#3542=ORIENTED_EDGE('',*,*,#2670,.F.);
#3543=ORIENTED_EDGE('',*,*,#2685,.T.);
#3544=ORIENTED_EDGE('',*,*,#2686,.F.);
#3545=ORIENTED_EDGE('',*,*,#2682,.T.);
#3546=ORIENTED_EDGE('',*,*,#2672,.F.);
#3547=ORIENTED_EDGE('',*,*,#2687,.F.);
#3548=ORIENTED_EDGE('',*,*,#2688,.F.);
#3549=ORIENTED_EDGE('',*,*,#2685,.F.);
#3550=ORIENTED_EDGE('',*,*,#2680,.F.);
#3551=ORIENTED_EDGE('',*,*,#2689,.T.);
#3552=ORIENTED_EDGE('',*,*,#2690,.T.);
#3553=ORIENTED_EDGE('',*,*,#2687,.T.);
#3554=ORIENTED_EDGE('',*,*,#2675,.F.);
#3555=ORIENTED_EDGE('',*,*,#2691,.F.);
#3556=ORIENTED_EDGE('',*,*,#2692,.F.);
#3557=ORIENTED_EDGE('',*,*,#2689,.F.);
#3558=ORIENTED_EDGE('',*,*,#2693,.T.);
#3559=ORIENTED_EDGE('',*,*,#2694,.T.);
#3560=ORIENTED_EDGE('',*,*,#2695,.T.);
#3561=ORIENTED_EDGE('',*,*,#2694,.F.);
#3562=ORIENTED_EDGE('',*,*,#2696,.F.);
#3563=ORIENTED_EDGE('',*,*,#2697,.F.);
#3564=ORIENTED_EDGE('',*,*,#2698,.F.);
#3565=ORIENTED_EDGE('',*,*,#2699,.F.);
#3566=ORIENTED_EDGE('',*,*,#2700,.F.);
#3567=ORIENTED_EDGE('',*,*,#2701,.F.);
#3568=ORIENTED_EDGE('',*,*,#2702,.F.);
#3569=ORIENTED_EDGE('',*,*,#2703,.F.);
#3570=ORIENTED_EDGE('',*,*,#2704,.F.);
#3571=ORIENTED_EDGE('',*,*,#2705,.F.);
#3572=ORIENTED_EDGE('',*,*,#2683,.T.);
#3573=ORIENTED_EDGE('',*,*,#2686,.T.);
#3574=ORIENTED_EDGE('',*,*,#2688,.T.);
#3575=ORIENTED_EDGE('',*,*,#2690,.F.);
#3576=ORIENTED_EDGE('',*,*,#2692,.T.);
#3577=ORIENTED_EDGE('',*,*,#2706,.T.);
#3578=ORIENTED_EDGE('',*,*,#2707,.T.);
#3579=ORIENTED_EDGE('',*,*,#2708,.T.);
#3580=ORIENTED_EDGE('',*,*,#2709,.T.);
#3581=ORIENTED_EDGE('',*,*,#2710,.T.);
#3582=ORIENTED_EDGE('',*,*,#2711,.T.);
#3583=ORIENTED_EDGE('',*,*,#2712,.T.);
#3584=ORIENTED_EDGE('',*,*,#2713,.T.);
#3585=ORIENTED_EDGE('',*,*,#2591,.T.);
#3586=ORIENTED_EDGE('',*,*,#2595,.T.);
#3587=ORIENTED_EDGE('',*,*,#2597,.T.);
#3588=ORIENTED_EDGE('',*,*,#2599,.F.);
#3589=ORIENTED_EDGE('',*,*,#2601,.T.);
#3590=ORIENTED_EDGE('',*,*,#2714,.F.);
#3591=ORIENTED_EDGE('',*,*,#2715,.F.);
#3592=ORIENTED_EDGE('',*,*,#2716,.F.);
#3593=ORIENTED_EDGE('',*,*,#2717,.F.);
#3594=ORIENTED_EDGE('',*,*,#2718,.F.);
#3595=ORIENTED_EDGE('',*,*,#2719,.F.);
#3596=ORIENTED_EDGE('',*,*,#2720,.F.);
#3597=ORIENTED_EDGE('',*,*,#2721,.F.);
#3598=ORIENTED_EDGE('',*,*,#2722,.F.);
#3599=ORIENTED_EDGE('',*,*,#2723,.F.);
#3600=ORIENTED_EDGE('',*,*,#2724,.F.);
#3601=ORIENTED_EDGE('',*,*,#2725,.F.);
#3602=ORIENTED_EDGE('',*,*,#2726,.F.);
#3603=ORIENTED_EDGE('',*,*,#2727,.F.);
#3604=ORIENTED_EDGE('',*,*,#2728,.F.);
#3605=ORIENTED_EDGE('',*,*,#2729,.F.);
#3606=ORIENTED_EDGE('',*,*,#2693,.F.);
#3607=ORIENTED_EDGE('',*,*,#2730,.F.);
#3608=ORIENTED_EDGE('',*,*,#2731,.F.);
#3609=ORIENTED_EDGE('',*,*,#2732,.T.);
#3610=ORIENTED_EDGE('',*,*,#2695,.F.);
#3611=ORIENTED_EDGE('',*,*,#2732,.F.);
#3612=ORIENTED_EDGE('',*,*,#2733,.T.);
#3613=ORIENTED_EDGE('',*,*,#2734,.T.);
#3614=ORIENTED_EDGE('',*,*,#2735,.T.);
#3615=ORIENTED_EDGE('',*,*,#2714,.T.);
#3616=ORIENTED_EDGE('',*,*,#2733,.F.);
#3617=ORIENTED_EDGE('',*,*,#2721,.T.);
#3618=ORIENTED_EDGE('',*,*,#2736,.T.);
#3619=ORIENTED_EDGE('',*,*,#2737,.T.);
#3620=ORIENTED_EDGE('',*,*,#2738,.T.);
#3621=ORIENTED_EDGE('',*,*,#2739,.T.);
#3622=ORIENTED_EDGE('',*,*,#2736,.F.);
#3623=ORIENTED_EDGE('',*,*,#2720,.T.);
#3624=ORIENTED_EDGE('',*,*,#2738,.F.);
#3625=ORIENTED_EDGE('',*,*,#2719,.T.);
#3626=ORIENTED_EDGE('',*,*,#2740,.T.);
#3627=ORIENTED_EDGE('',*,*,#2741,.T.);
#3628=ORIENTED_EDGE('',*,*,#2742,.T.);
#3629=ORIENTED_EDGE('',*,*,#2743,.T.);
#3630=ORIENTED_EDGE('',*,*,#2740,.F.);
#3631=ORIENTED_EDGE('',*,*,#2718,.T.);
#3632=ORIENTED_EDGE('',*,*,#2742,.F.);
#3633=ORIENTED_EDGE('',*,*,#2717,.T.);
#3634=ORIENTED_EDGE('',*,*,#2744,.T.);
#3635=ORIENTED_EDGE('',*,*,#2745,.T.);
#3636=ORIENTED_EDGE('',*,*,#2746,.T.);
#3637=ORIENTED_EDGE('',*,*,#2747,.T.);
#3638=ORIENTED_EDGE('',*,*,#2744,.F.);
#3639=ORIENTED_EDGE('',*,*,#2716,.T.);
#3640=ORIENTED_EDGE('',*,*,#2746,.F.);
#3641=ORIENTED_EDGE('',*,*,#2715,.T.);
#3642=ORIENTED_EDGE('',*,*,#2735,.F.);
#3643=ORIENTED_EDGE('',*,*,#2748,.T.);
#3644=ORIENTED_EDGE('',*,*,#2745,.F.);
#3645=ORIENTED_EDGE('',*,*,#2749,.F.);
#3646=ORIENTED_EDGE('',*,*,#2750,.F.);
#3647=ORIENTED_EDGE('',*,*,#2751,.F.);
#3648=ORIENTED_EDGE('',*,*,#2747,.F.);
#3649=ORIENTED_EDGE('',*,*,#2752,.T.);
#3650=ORIENTED_EDGE('',*,*,#2753,.F.);
#3651=ORIENTED_EDGE('',*,*,#2749,.T.);
#3652=ORIENTED_EDGE('',*,*,#2748,.F.);
#3653=ORIENTED_EDGE('',*,*,#2754,.F.);
#3654=ORIENTED_EDGE('',*,*,#2755,.F.);
#3655=ORIENTED_EDGE('',*,*,#2752,.F.);
#3656=ORIENTED_EDGE('',*,*,#2734,.F.);
#3657=ORIENTED_EDGE('',*,*,#2756,.T.);
#3658=ORIENTED_EDGE('',*,*,#2757,.F.);
#3659=ORIENTED_EDGE('',*,*,#2754,.T.);
#3660=ORIENTED_EDGE('',*,*,#2758,.T.);
#3661=ORIENTED_EDGE('',*,*,#2759,.T.);
#3662=ORIENTED_EDGE('',*,*,#2760,.T.);
#3663=ORIENTED_EDGE('',*,*,#2722,.T.);
#3664=ORIENTED_EDGE('',*,*,#2758,.F.);
#3665=ORIENTED_EDGE('',*,*,#2729,.T.);
#3666=ORIENTED_EDGE('',*,*,#2761,.T.);
#3667=ORIENTED_EDGE('',*,*,#2762,.T.);
#3668=ORIENTED_EDGE('',*,*,#2763,.T.);
#3669=ORIENTED_EDGE('',*,*,#2764,.T.);
#3670=ORIENTED_EDGE('',*,*,#2761,.F.);
#3671=ORIENTED_EDGE('',*,*,#2728,.T.);
#3672=ORIENTED_EDGE('',*,*,#2763,.F.);
#3673=ORIENTED_EDGE('',*,*,#2727,.T.);
#3674=ORIENTED_EDGE('',*,*,#2765,.T.);
#3675=ORIENTED_EDGE('',*,*,#2766,.T.);
#3676=ORIENTED_EDGE('',*,*,#2767,.T.);
#3677=ORIENTED_EDGE('',*,*,#2768,.T.);
#3678=ORIENTED_EDGE('',*,*,#2765,.F.);
#3679=ORIENTED_EDGE('',*,*,#2726,.T.);
#3680=ORIENTED_EDGE('',*,*,#2767,.F.);
#3681=ORIENTED_EDGE('',*,*,#2725,.T.);
#3682=ORIENTED_EDGE('',*,*,#2769,.T.);
#3683=ORIENTED_EDGE('',*,*,#2770,.T.);
#3684=ORIENTED_EDGE('',*,*,#2771,.T.);
#3685=ORIENTED_EDGE('',*,*,#2772,.T.);
#3686=ORIENTED_EDGE('',*,*,#2769,.F.);
#3687=ORIENTED_EDGE('',*,*,#2724,.T.);
#3688=ORIENTED_EDGE('',*,*,#2771,.F.);
#3689=ORIENTED_EDGE('',*,*,#2723,.T.);
#3690=ORIENTED_EDGE('',*,*,#2760,.F.);
#3691=ORIENTED_EDGE('',*,*,#2773,.T.);
#3692=ORIENTED_EDGE('',*,*,#2770,.F.);
#3693=ORIENTED_EDGE('',*,*,#2774,.F.);
#3694=ORIENTED_EDGE('',*,*,#2775,.F.);
#3695=ORIENTED_EDGE('',*,*,#2776,.F.);
#3696=ORIENTED_EDGE('',*,*,#2772,.F.);
#3697=ORIENTED_EDGE('',*,*,#2777,.T.);
#3698=ORIENTED_EDGE('',*,*,#2778,.F.);
#3699=ORIENTED_EDGE('',*,*,#2774,.T.);
#3700=ORIENTED_EDGE('',*,*,#2773,.F.);
#3701=ORIENTED_EDGE('',*,*,#2779,.F.);
#3702=ORIENTED_EDGE('',*,*,#2780,.F.);
#3703=ORIENTED_EDGE('',*,*,#2777,.F.);
#3704=ORIENTED_EDGE('',*,*,#2759,.F.);
#3705=ORIENTED_EDGE('',*,*,#2781,.T.);
#3706=ORIENTED_EDGE('',*,*,#2782,.F.);
#3707=ORIENTED_EDGE('',*,*,#2779,.T.);
#3708=ORIENTED_EDGE('',*,*,#2783,.T.);
#3709=ORIENTED_EDGE('',*,*,#2704,.T.);
#3710=ORIENTED_EDGE('',*,*,#2784,.T.);
#3711=ORIENTED_EDGE('',*,*,#2468,.T.);
#3712=ORIENTED_EDGE('',*,*,#2785,.T.);
#3713=ORIENTED_EDGE('',*,*,#2786,.T.);
#3714=ORIENTED_EDGE('',*,*,#2784,.F.);
#3715=ORIENTED_EDGE('',*,*,#2703,.T.);
#3716=ORIENTED_EDGE('',*,*,#2785,.F.);
#3717=ORIENTED_EDGE('',*,*,#2702,.T.);
#3718=ORIENTED_EDGE('',*,*,#2787,.T.);
#3719=ORIENTED_EDGE('',*,*,#2788,.T.);
#3720=ORIENTED_EDGE('',*,*,#2789,.T.);
#3721=ORIENTED_EDGE('',*,*,#2790,.T.);
#3722=ORIENTED_EDGE('',*,*,#2787,.F.);
#3723=ORIENTED_EDGE('',*,*,#2701,.T.);
#3724=ORIENTED_EDGE('',*,*,#2789,.F.);
#3725=ORIENTED_EDGE('',*,*,#2700,.T.);
#3726=ORIENTED_EDGE('',*,*,#2791,.T.);
#3727=ORIENTED_EDGE('',*,*,#2792,.T.);
#3728=ORIENTED_EDGE('',*,*,#2793,.T.);
#3729=ORIENTED_EDGE('',*,*,#2794,.T.);
#3730=ORIENTED_EDGE('',*,*,#2791,.F.);
#3731=ORIENTED_EDGE('',*,*,#2699,.T.);
#3732=ORIENTED_EDGE('',*,*,#2793,.F.);
#3733=ORIENTED_EDGE('',*,*,#2698,.T.);
#3734=ORIENTED_EDGE('',*,*,#2795,.T.);
#3735=ORIENTED_EDGE('',*,*,#2796,.T.);
#3736=ORIENTED_EDGE('',*,*,#2797,.T.);
#3737=ORIENTED_EDGE('',*,*,#2798,.T.);
#3738=ORIENTED_EDGE('',*,*,#2795,.F.);
#3739=ORIENTED_EDGE('',*,*,#2697,.T.);
#3740=ORIENTED_EDGE('',*,*,#2603,.T.);
#3741=ORIENTED_EDGE('',*,*,#2607,.T.);
#3742=ORIENTED_EDGE('',*,*,#2797,.F.);
#3743=ORIENTED_EDGE('',*,*,#2696,.T.);
#3744=ORIENTED_EDGE('',*,*,#2799,.T.);
#3745=ORIENTED_EDGE('',*,*,#2800,.T.);
#3746=ORIENTED_EDGE('',*,*,#2801,.T.);
#3747=ORIENTED_EDGE('',*,*,#2802,.T.);
#3748=ORIENTED_EDGE('',*,*,#2803,.T.);
#3749=ORIENTED_EDGE('',*,*,#2804,.T.);
#3750=ORIENTED_EDGE('',*,*,#2801,.F.);
#3751=ORIENTED_EDGE('',*,*,#2805,.T.);
#3752=ORIENTED_EDGE('',*,*,#2806,.T.);
#3753=ORIENTED_EDGE('',*,*,#2807,.T.);
#3754=ORIENTED_EDGE('',*,*,#2803,.F.);
#3755=ORIENTED_EDGE('',*,*,#2808,.T.);
#3756=ORIENTED_EDGE('',*,*,#2809,.T.);
#3757=ORIENTED_EDGE('',*,*,#2810,.T.);
#3758=ORIENTED_EDGE('',*,*,#2806,.F.);
#3759=ORIENTED_EDGE('',*,*,#2811,.T.);
#3760=ORIENTED_EDGE('',*,*,#2812,.T.);
#3761=ORIENTED_EDGE('',*,*,#2809,.F.);
#3762=ORIENTED_EDGE('',*,*,#2813,.T.);
#3763=ORIENTED_EDGE('',*,*,#2814,.T.);
#3764=ORIENTED_EDGE('',*,*,#2815,.T.);
#3765=ORIENTED_EDGE('',*,*,#2816,.T.);
#3766=ORIENTED_EDGE('',*,*,#2817,.T.);
#3767=ORIENTED_EDGE('',*,*,#2814,.F.);
#3768=ORIENTED_EDGE('',*,*,#2818,.T.);
#3769=ORIENTED_EDGE('',*,*,#2819,.T.);
#3770=ORIENTED_EDGE('',*,*,#2816,.F.);
#3771=ORIENTED_EDGE('',*,*,#2820,.T.);
#3772=ORIENTED_EDGE('',*,*,#2821,.T.);
#3773=ORIENTED_EDGE('',*,*,#2822,.T.);
#3774=ORIENTED_EDGE('',*,*,#2818,.F.);
#3775=ORIENTED_EDGE('',*,*,#2823,.T.);
#3776=ORIENTED_EDGE('',*,*,#2824,.T.);
#3777=ORIENTED_EDGE('',*,*,#2825,.T.);
#3778=ORIENTED_EDGE('',*,*,#2821,.F.);
#3779=ORIENTED_EDGE('',*,*,#2826,.T.);
#3780=ORIENTED_EDGE('',*,*,#2827,.T.);
#3781=ORIENTED_EDGE('',*,*,#2828,.T.);
#3782=ORIENTED_EDGE('',*,*,#2824,.F.);
#3783=ORIENTED_EDGE('',*,*,#2829,.T.);
#3784=ORIENTED_EDGE('',*,*,#2830,.T.);
#3785=ORIENTED_EDGE('',*,*,#2831,.T.);
#3786=ORIENTED_EDGE('',*,*,#2827,.F.);
#3787=ORIENTED_EDGE('',*,*,#2832,.T.);
#3788=ORIENTED_EDGE('',*,*,#2833,.T.);
#3789=ORIENTED_EDGE('',*,*,#2560,.T.);
#3790=ORIENTED_EDGE('',*,*,#2830,.F.);
#3791=ORIENTED_EDGE('',*,*,#2834,.T.);
#3792=ORIENTED_EDGE('',*,*,#2835,.T.);
#3793=ORIENTED_EDGE('',*,*,#2556,.T.);
#3794=ORIENTED_EDGE('',*,*,#2836,.T.);
#3795=ORIENTED_EDGE('',*,*,#2837,.T.);
#3796=ORIENTED_EDGE('',*,*,#2836,.F.);
#3797=ORIENTED_EDGE('',*,*,#2558,.T.);
#3798=ORIENTED_EDGE('',*,*,#2833,.F.);
#3799=ORIENTED_EDGE('',*,*,#2838,.T.);
#3800=ORIENTED_EDGE('',*,*,#2546,.T.);
#3801=ORIENTED_EDGE('',*,*,#2839,.T.);
#3802=ORIENTED_EDGE('',*,*,#2840,.T.);
#3803=ORIENTED_EDGE('',*,*,#2839,.F.);
#3804=ORIENTED_EDGE('',*,*,#2554,.T.);
#3805=ORIENTED_EDGE('',*,*,#2835,.F.);
#3806=ORIENTED_EDGE('',*,*,#2523,.F.);
#3807=ORIENTED_EDGE('',*,*,#2841,.F.);
#3808=ORIENTED_EDGE('',*,*,#2804,.F.);
#3809=ORIENTED_EDGE('',*,*,#2842,.T.);
#3810=ORIENTED_EDGE('',*,*,#2520,.F.);
#3811=ORIENTED_EDGE('',*,*,#2842,.F.);
#3812=ORIENTED_EDGE('',*,*,#2807,.F.);
#3813=ORIENTED_EDGE('',*,*,#2843,.T.);
#3814=ORIENTED_EDGE('',*,*,#2517,.F.);
#3815=ORIENTED_EDGE('',*,*,#2843,.F.);
#3816=ORIENTED_EDGE('',*,*,#2810,.F.);
#3817=ORIENTED_EDGE('',*,*,#2844,.T.);
#3818=ORIENTED_EDGE('',*,*,#2514,.F.);
#3819=ORIENTED_EDGE('',*,*,#2844,.F.);
#3820=ORIENTED_EDGE('',*,*,#2812,.F.);
#3821=ORIENTED_EDGE('',*,*,#2845,.T.);
#3822=ORIENTED_EDGE('',*,*,#2509,.F.);
#3823=ORIENTED_EDGE('',*,*,#2845,.F.);
#3824=ORIENTED_EDGE('',*,*,#2817,.F.);
#3825=ORIENTED_EDGE('',*,*,#2846,.F.);
#3826=ORIENTED_EDGE('',*,*,#2507,.F.);
#3827=ORIENTED_EDGE('',*,*,#2846,.T.);
#3828=ORIENTED_EDGE('',*,*,#2819,.F.);
#3829=ORIENTED_EDGE('',*,*,#2847,.T.);
#3830=ORIENTED_EDGE('',*,*,#2505,.F.);
#3831=ORIENTED_EDGE('',*,*,#2847,.F.);
#3832=ORIENTED_EDGE('',*,*,#2822,.F.);
#3833=ORIENTED_EDGE('',*,*,#2848,.F.);
#3834=ORIENTED_EDGE('',*,*,#2501,.F.);
#3835=ORIENTED_EDGE('',*,*,#2848,.T.);
#3836=ORIENTED_EDGE('',*,*,#2825,.F.);
#3837=ORIENTED_EDGE('',*,*,#2849,.T.);
#3838=ORIENTED_EDGE('',*,*,#2499,.F.);
#3839=ORIENTED_EDGE('',*,*,#2849,.F.);
#3840=ORIENTED_EDGE('',*,*,#2828,.F.);
#3841=ORIENTED_EDGE('',*,*,#2850,.T.);
#3842=ORIENTED_EDGE('',*,*,#2496,.F.);
#3843=ORIENTED_EDGE('',*,*,#2850,.F.);
#3844=ORIENTED_EDGE('',*,*,#2831,.F.);
#3845=ORIENTED_EDGE('',*,*,#2559,.T.);
#3846=ORIENTED_EDGE('',*,*,#2851,.T.);
#3847=ORIENTED_EDGE('',*,*,#2852,.T.);
#3848=ORIENTED_EDGE('',*,*,#2853,.T.);
#3849=ORIENTED_EDGE('',*,*,#2775,.T.);
#3850=ORIENTED_EDGE('',*,*,#2851,.F.);
#3851=ORIENTED_EDGE('',*,*,#2778,.T.);
#3852=ORIENTED_EDGE('',*,*,#2854,.T.);
#3853=ORIENTED_EDGE('',*,*,#2855,.T.);
#3854=ORIENTED_EDGE('',*,*,#2856,.T.);
#3855=ORIENTED_EDGE('',*,*,#2857,.T.);
#3856=ORIENTED_EDGE('',*,*,#2854,.F.);
#3857=ORIENTED_EDGE('',*,*,#2780,.T.);
#3858=ORIENTED_EDGE('',*,*,#2856,.F.);
#3859=ORIENTED_EDGE('',*,*,#2782,.T.);
#3860=ORIENTED_EDGE('',*,*,#2858,.T.);
#3861=ORIENTED_EDGE('',*,*,#2859,.T.);
#3862=ORIENTED_EDGE('',*,*,#2860,.T.);
#3863=ORIENTED_EDGE('',*,*,#2861,.T.);
#3864=ORIENTED_EDGE('',*,*,#2858,.F.);
#3865=ORIENTED_EDGE('',*,*,#2862,.T.);
#3866=ORIENTED_EDGE('',*,*,#2860,.F.);
#3867=ORIENTED_EDGE('',*,*,#2863,.T.);
#3868=ORIENTED_EDGE('',*,*,#2864,.T.);
#3869=ORIENTED_EDGE('',*,*,#2865,.T.);
#3870=ORIENTED_EDGE('',*,*,#2866,.T.);
#3871=ORIENTED_EDGE('',*,*,#2867,.T.);
#3872=ORIENTED_EDGE('',*,*,#2864,.F.);
#3873=ORIENTED_EDGE('',*,*,#2868,.T.);
#3874=ORIENTED_EDGE('',*,*,#2866,.F.);
#3875=ORIENTED_EDGE('',*,*,#2869,.T.);
#3876=ORIENTED_EDGE('',*,*,#2853,.F.);
#3877=ORIENTED_EDGE('',*,*,#2870,.T.);
#3878=ORIENTED_EDGE('',*,*,#2871,.F.);
#3879=ORIENTED_EDGE('',*,*,#2872,.F.);
#3880=ORIENTED_EDGE('',*,*,#2873,.F.);
#3881=ORIENTED_EDGE('',*,*,#2874,.F.);
#3882=ORIENTED_EDGE('',*,*,#2875,.F.);
#3883=ORIENTED_EDGE('',*,*,#2876,.F.);
#3884=ORIENTED_EDGE('',*,*,#2877,.F.);
#3885=ORIENTED_EDGE('',*,*,#2878,.F.);
#3886=ORIENTED_EDGE('',*,*,#2879,.F.);
#3887=ORIENTED_EDGE('',*,*,#2880,.F.);
#3888=ORIENTED_EDGE('',*,*,#2881,.F.);
#3889=ORIENTED_EDGE('',*,*,#2882,.F.);
#3890=ORIENTED_EDGE('',*,*,#2883,.F.);
#3891=ORIENTED_EDGE('',*,*,#2884,.F.);
#3892=ORIENTED_EDGE('',*,*,#2885,.F.);
#3893=ORIENTED_EDGE('',*,*,#2886,.F.);
#3894=ORIENTED_EDGE('',*,*,#2887,.F.);
#3895=ORIENTED_EDGE('',*,*,#2888,.F.);
#3896=ORIENTED_EDGE('',*,*,#2889,.F.);
#3897=ORIENTED_EDGE('',*,*,#2890,.F.);
#3898=ORIENTED_EDGE('',*,*,#2891,.F.);
#3899=ORIENTED_EDGE('',*,*,#2840,.F.);
#3900=ORIENTED_EDGE('',*,*,#2837,.F.);
#3901=ORIENTED_EDGE('',*,*,#2834,.F.);
#3902=ORIENTED_EDGE('',*,*,#2832,.F.);
#3903=ORIENTED_EDGE('',*,*,#2829,.F.);
#3904=ORIENTED_EDGE('',*,*,#2826,.F.);
#3905=ORIENTED_EDGE('',*,*,#2823,.F.);
#3906=ORIENTED_EDGE('',*,*,#2820,.F.);
#3907=ORIENTED_EDGE('',*,*,#2815,.F.);
#3908=ORIENTED_EDGE('',*,*,#2813,.F.);
#3909=ORIENTED_EDGE('',*,*,#2811,.F.);
#3910=ORIENTED_EDGE('',*,*,#2808,.F.);
#3911=ORIENTED_EDGE('',*,*,#2805,.F.);
#3912=ORIENTED_EDGE('',*,*,#2800,.F.);
#3913=ORIENTED_EDGE('',*,*,#2892,.F.);
#3914=ORIENTED_EDGE('',*,*,#2893,.F.);
#3915=ORIENTED_EDGE('',*,*,#2894,.F.);
#3916=ORIENTED_EDGE('',*,*,#2895,.F.);
#3917=ORIENTED_EDGE('',*,*,#2896,.F.);
#3918=ORIENTED_EDGE('',*,*,#2897,.F.);
#3919=ORIENTED_EDGE('',*,*,#2898,.F.);
#3920=ORIENTED_EDGE('',*,*,#2899,.F.);
#3921=ORIENTED_EDGE('',*,*,#2900,.F.);
#3922=ORIENTED_EDGE('',*,*,#2852,.F.);
#3923=ORIENTED_EDGE('',*,*,#2855,.F.);
#3924=ORIENTED_EDGE('',*,*,#2857,.F.);
#3925=ORIENTED_EDGE('',*,*,#2859,.F.);
#3926=ORIENTED_EDGE('',*,*,#2861,.F.);
#3927=ORIENTED_EDGE('',*,*,#2865,.F.);
#3928=ORIENTED_EDGE('',*,*,#2867,.F.);
#3929=ORIENTED_EDGE('',*,*,#2870,.F.);
#3930=ORIENTED_EDGE('',*,*,#2901,.T.);
#3931=ORIENTED_EDGE('',*,*,#2892,.T.);
#3932=ORIENTED_EDGE('',*,*,#2902,.T.);
#3933=ORIENTED_EDGE('',*,*,#2903,.T.);
#3934=ORIENTED_EDGE('',*,*,#2901,.F.);
#3935=ORIENTED_EDGE('',*,*,#2904,.T.);
#3936=ORIENTED_EDGE('',*,*,#2905,.T.);
#3937=ORIENTED_EDGE('',*,*,#2893,.T.);
#3938=ORIENTED_EDGE('',*,*,#2906,.T.);
#3939=ORIENTED_EDGE('',*,*,#2894,.T.);
#3940=ORIENTED_EDGE('',*,*,#2905,.F.);
#3941=ORIENTED_EDGE('',*,*,#2750,.T.);
#3942=ORIENTED_EDGE('',*,*,#2906,.F.);
#3943=ORIENTED_EDGE('',*,*,#2753,.T.);
#3944=ORIENTED_EDGE('',*,*,#2907,.T.);
#3945=ORIENTED_EDGE('',*,*,#2895,.T.);
#3946=ORIENTED_EDGE('',*,*,#2908,.T.);
#3947=ORIENTED_EDGE('',*,*,#2896,.T.);
#3948=ORIENTED_EDGE('',*,*,#2907,.F.);
#3949=ORIENTED_EDGE('',*,*,#2755,.T.);
#3950=ORIENTED_EDGE('',*,*,#2908,.F.);
#3951=ORIENTED_EDGE('',*,*,#2757,.T.);
#3952=ORIENTED_EDGE('',*,*,#2909,.T.);
#3953=ORIENTED_EDGE('',*,*,#2897,.T.);
#3954=ORIENTED_EDGE('',*,*,#2910,.T.);
#3955=ORIENTED_EDGE('',*,*,#2898,.T.);
#3956=ORIENTED_EDGE('',*,*,#2909,.F.);
#3957=ORIENTED_EDGE('',*,*,#2911,.T.);
#3958=ORIENTED_EDGE('',*,*,#2910,.F.);
#3959=ORIENTED_EDGE('',*,*,#2912,.T.);
#3960=ORIENTED_EDGE('',*,*,#2902,.F.);
#3961=ORIENTED_EDGE('',*,*,#2899,.T.);
#3962=ORIENTED_EDGE('',*,*,#2743,.F.);
#3963=ORIENTED_EDGE('',*,*,#2751,.T.);
#3964=ORIENTED_EDGE('',*,*,#2904,.F.);
#3965=ORIENTED_EDGE('',*,*,#2913,.T.);
#3966=ORIENTED_EDGE('',*,*,#2741,.F.);
#3967=ORIENTED_EDGE('',*,*,#2913,.F.);
#3968=ORIENTED_EDGE('',*,*,#2903,.F.);
#3969=ORIENTED_EDGE('',*,*,#2914,.F.);
#3970=ORIENTED_EDGE('',*,*,#2900,.T.);
#3971=ORIENTED_EDGE('',*,*,#2915,.T.);
#3972=ORIENTED_EDGE('',*,*,#2730,.T.);
#3973=ORIENTED_EDGE('',*,*,#2731,.T.);
#3974=ORIENTED_EDGE('',*,*,#2915,.F.);
#3975=ORIENTED_EDGE('',*,*,#2916,.T.);
#3976=ORIENTED_EDGE('',*,*,#2917,.T.);
#3977=ORIENTED_EDGE('',*,*,#2918,.T.);
#3978=ORIENTED_EDGE('',*,*,#2871,.T.);
#3979=ORIENTED_EDGE('',*,*,#2799,.F.);
#3980=ORIENTED_EDGE('',*,*,#2918,.F.);
#3981=ORIENTED_EDGE('',*,*,#2919,.T.);
#3982=ORIENTED_EDGE('',*,*,#2920,.T.);
#3983=ORIENTED_EDGE('',*,*,#2872,.T.);
#3984=ORIENTED_EDGE('',*,*,#2921,.T.);
#3985=ORIENTED_EDGE('',*,*,#2873,.T.);
#3986=ORIENTED_EDGE('',*,*,#2920,.F.);
#3987=ORIENTED_EDGE('',*,*,#2658,.T.);
#3988=ORIENTED_EDGE('',*,*,#2921,.F.);
#3989=ORIENTED_EDGE('',*,*,#2661,.T.);
#3990=ORIENTED_EDGE('',*,*,#2922,.T.);
#3991=ORIENTED_EDGE('',*,*,#2874,.T.);
#3992=ORIENTED_EDGE('',*,*,#2923,.T.);
#3993=ORIENTED_EDGE('',*,*,#2875,.T.);
#3994=ORIENTED_EDGE('',*,*,#2922,.F.);
#3995=ORIENTED_EDGE('',*,*,#2663,.T.);
#3996=ORIENTED_EDGE('',*,*,#2923,.F.);
#3997=ORIENTED_EDGE('',*,*,#2664,.T.);
#3998=ORIENTED_EDGE('',*,*,#2924,.T.);
#3999=ORIENTED_EDGE('',*,*,#2876,.T.);
#4000=ORIENTED_EDGE('',*,*,#2925,.T.);
#4001=ORIENTED_EDGE('',*,*,#2877,.T.);
#4002=ORIENTED_EDGE('',*,*,#2924,.F.);
#4003=ORIENTED_EDGE('',*,*,#2460,.T.);
#4004=ORIENTED_EDGE('',*,*,#2925,.F.);
#4005=ORIENTED_EDGE('',*,*,#2464,.T.);
#4006=ORIENTED_EDGE('',*,*,#2926,.T.);
#4007=ORIENTED_EDGE('',*,*,#2878,.T.);
#4008=ORIENTED_EDGE('',*,*,#2927,.T.);
#4009=ORIENTED_EDGE('',*,*,#2879,.T.);
#4010=ORIENTED_EDGE('',*,*,#2926,.F.);
#4011=ORIENTED_EDGE('',*,*,#2470,.T.);
#4012=ORIENTED_EDGE('',*,*,#2927,.F.);
#4013=ORIENTED_EDGE('',*,*,#2928,.T.);
#4014=ORIENTED_EDGE('',*,*,#2929,.T.);
#4015=ORIENTED_EDGE('',*,*,#2880,.T.);
#4016=ORIENTED_EDGE('',*,*,#2930,.T.);
#4017=ORIENTED_EDGE('',*,*,#2881,.T.);
#4018=ORIENTED_EDGE('',*,*,#2929,.F.);
#4019=ORIENTED_EDGE('',*,*,#2931,.T.);
#4020=ORIENTED_EDGE('',*,*,#2930,.F.);
#4021=ORIENTED_EDGE('',*,*,#2932,.T.);
#4022=ORIENTED_EDGE('',*,*,#2933,.T.);
#4023=ORIENTED_EDGE('',*,*,#2882,.T.);
#4024=ORIENTED_EDGE('',*,*,#2934,.T.);
#4025=ORIENTED_EDGE('',*,*,#2883,.T.);
#4026=ORIENTED_EDGE('',*,*,#2933,.F.);
#4027=ORIENTED_EDGE('',*,*,#2935,.T.);
#4028=ORIENTED_EDGE('',*,*,#2934,.F.);
#4029=ORIENTED_EDGE('',*,*,#2936,.T.);
#4030=ORIENTED_EDGE('',*,*,#2937,.T.);
#4031=ORIENTED_EDGE('',*,*,#2884,.T.);
#4032=ORIENTED_EDGE('',*,*,#2938,.T.);
#4033=ORIENTED_EDGE('',*,*,#2885,.T.);
#4034=ORIENTED_EDGE('',*,*,#2937,.F.);
#4035=ORIENTED_EDGE('',*,*,#2939,.T.);
#4036=ORIENTED_EDGE('',*,*,#2938,.F.);
#4037=ORIENTED_EDGE('',*,*,#2940,.T.);
#4038=ORIENTED_EDGE('',*,*,#2941,.T.);
#4039=ORIENTED_EDGE('',*,*,#2886,.T.);
#4040=ORIENTED_EDGE('',*,*,#2942,.T.);
#4041=ORIENTED_EDGE('',*,*,#2887,.T.);
#4042=ORIENTED_EDGE('',*,*,#2941,.F.);
#4043=ORIENTED_EDGE('',*,*,#2605,.T.);
#4044=ORIENTED_EDGE('',*,*,#2942,.F.);
#4045=ORIENTED_EDGE('',*,*,#2609,.T.);
#4046=ORIENTED_EDGE('',*,*,#2943,.T.);
#4047=ORIENTED_EDGE('',*,*,#2888,.T.);
#4048=ORIENTED_EDGE('',*,*,#2944,.T.);
#4049=ORIENTED_EDGE('',*,*,#2889,.T.);
#4050=ORIENTED_EDGE('',*,*,#2943,.F.);
#4051=ORIENTED_EDGE('',*,*,#2613,.T.);
#4052=ORIENTED_EDGE('',*,*,#2944,.F.);
#4053=ORIENTED_EDGE('',*,*,#2945,.T.);
#4054=ORIENTED_EDGE('',*,*,#2946,.T.);
#4055=ORIENTED_EDGE('',*,*,#2890,.T.);
#4056=ORIENTED_EDGE('',*,*,#2547,.T.);
#4057=ORIENTED_EDGE('',*,*,#2838,.F.);
#4058=ORIENTED_EDGE('',*,*,#2891,.T.);
#4059=ORIENTED_EDGE('',*,*,#2946,.F.);
#4060=ORIENTED_EDGE('',*,*,#2947,.T.);
#4061=ORIENTED_EDGE('',*,*,#2947,.F.);
#4062=ORIENTED_EDGE('',*,*,#2948,.F.);
#4063=ORIENTED_EDGE('',*,*,#2949,.F.);
#4064=ORIENTED_EDGE('',*,*,#2548,.F.);
#4065=ORIENTED_EDGE('',*,*,#2945,.F.);
#4066=ORIENTED_EDGE('',*,*,#2612,.T.);
#4067=ORIENTED_EDGE('',*,*,#2950,.T.);
#4068=ORIENTED_EDGE('',*,*,#2951,.F.);
#4069=ORIENTED_EDGE('',*,*,#2948,.T.);
#4070=ORIENTED_EDGE('',*,*,#2798,.F.);
#4071=ORIENTED_EDGE('',*,*,#2606,.T.);
#4072=ORIENTED_EDGE('',*,*,#2940,.F.);
#4073=ORIENTED_EDGE('',*,*,#2952,.T.);
#4074=ORIENTED_EDGE('',*,*,#2796,.F.);
#4075=ORIENTED_EDGE('',*,*,#2952,.F.);
#4076=ORIENTED_EDGE('',*,*,#2939,.F.);
#4077=ORIENTED_EDGE('',*,*,#2953,.F.);
#4078=ORIENTED_EDGE('',*,*,#2794,.F.);
#4079=ORIENTED_EDGE('',*,*,#2953,.T.);
#4080=ORIENTED_EDGE('',*,*,#2936,.F.);
#4081=ORIENTED_EDGE('',*,*,#2954,.T.);
#4082=ORIENTED_EDGE('',*,*,#2792,.F.);
#4083=ORIENTED_EDGE('',*,*,#2954,.F.);
#4084=ORIENTED_EDGE('',*,*,#2935,.F.);
#4085=ORIENTED_EDGE('',*,*,#2955,.F.);
#4086=ORIENTED_EDGE('',*,*,#2790,.F.);
#4087=ORIENTED_EDGE('',*,*,#2955,.T.);
#4088=ORIENTED_EDGE('',*,*,#2932,.F.);
#4089=ORIENTED_EDGE('',*,*,#2956,.T.);
#4090=ORIENTED_EDGE('',*,*,#2788,.F.);
#4091=ORIENTED_EDGE('',*,*,#2956,.F.);
#4092=ORIENTED_EDGE('',*,*,#2931,.F.);
#4093=ORIENTED_EDGE('',*,*,#2957,.F.);
#4094=ORIENTED_EDGE('',*,*,#2786,.F.);
#4095=ORIENTED_EDGE('',*,*,#2957,.T.);
#4096=ORIENTED_EDGE('',*,*,#2928,.F.);
#4097=ORIENTED_EDGE('',*,*,#2469,.T.);
#4098=ORIENTED_EDGE('',*,*,#2531,.F.);
#4099=ORIENTED_EDGE('',*,*,#2659,.T.);
#4100=ORIENTED_EDGE('',*,*,#2919,.F.);
#4101=ORIENTED_EDGE('',*,*,#2958,.T.);
#4102=ORIENTED_EDGE('',*,*,#2529,.F.);
#4103=ORIENTED_EDGE('',*,*,#2958,.F.);
#4104=ORIENTED_EDGE('',*,*,#2917,.F.);
#4105=ORIENTED_EDGE('',*,*,#2959,.F.);
#4106=ORIENTED_EDGE('',*,*,#2411,.F.);
#4107=ORIENTED_EDGE('',*,*,#2410,.F.);
#4108=ORIENTED_EDGE('',*,*,#2436,.F.);
#4109=ORIENTED_EDGE('',*,*,#2450,.T.);
#4110=ORIENTED_EDGE('',*,*,#2960,.T.);
#4111=ORIENTED_EDGE('',*,*,#2961,.T.);
#4112=ORIENTED_EDGE('',*,*,#2962,.F.);
#4113=ORIENTED_EDGE('',*,*,#2961,.F.);
#4114=ORIENTED_EDGE('',*,*,#2963,.T.);
#4115=ORIENTED_EDGE('',*,*,#2399,.F.);
#4116=ORIENTED_EDGE('',*,*,#2392,.T.);
#4117=ORIENTED_EDGE('',*,*,#2391,.F.);
#4118=ORIENTED_EDGE('',*,*,#2395,.F.);
#4119=ORIENTED_EDGE('',*,*,#2963,.F.);
#4120=ORIENTED_EDGE('',*,*,#2960,.F.);
#4121=ORIENTED_EDGE('',*,*,#2449,.F.);
#4122=ORIENTED_EDGE('',*,*,#2964,.F.);
#4123=ORIENTED_EDGE('',*,*,#2965,.F.);
#4124=ORIENTED_EDGE('',*,*,#2966,.F.);
#4125=ORIENTED_EDGE('',*,*,#2967,.F.);
#4126=ORIENTED_EDGE('',*,*,#2968,.T.);
#4127=ORIENTED_EDGE('',*,*,#2969,.F.);
#4128=ORIENTED_EDGE('',*,*,#2443,.F.);
#4129=ORIENTED_EDGE('',*,*,#2970,.T.);
#4130=ORIENTED_EDGE('',*,*,#2971,.T.);
#4131=ORIENTED_EDGE('',*,*,#2475,.T.);
#4132=ORIENTED_EDGE('',*,*,#2479,.T.);
#4133=ORIENTED_EDGE('',*,*,#2476,.T.);
#4134=ORIENTED_EDGE('',*,*,#2971,.F.);
#4135=ORIENTED_EDGE('',*,*,#2972,.T.);
#4136=ORIENTED_EDGE('',*,*,#2973,.T.);
#4137=ORIENTED_EDGE('',*,*,#2477,.T.);
#4138=ORIENTED_EDGE('',*,*,#2973,.F.);
#4139=ORIENTED_EDGE('',*,*,#2974,.T.);
#4140=ORIENTED_EDGE('',*,*,#2975,.T.);
#4141=ORIENTED_EDGE('',*,*,#2976,.T.);
#4142=ORIENTED_EDGE('',*,*,#2644,.T.);
#4143=ORIENTED_EDGE('',*,*,#2977,.T.);
#4144=ORIENTED_EDGE('',*,*,#2975,.F.);
#4145=ORIENTED_EDGE('',*,*,#2977,.F.);
#4146=ORIENTED_EDGE('',*,*,#2643,.T.);
#4147=ORIENTED_EDGE('',*,*,#2665,.F.);
#4148=ORIENTED_EDGE('',*,*,#2978,.F.);
#4149=ORIENTED_EDGE('',*,*,#2979,.T.);
#4150=ORIENTED_EDGE('',*,*,#2472,.F.);
#4151=ORIENTED_EDGE('',*,*,#2478,.T.);
#4152=ORIENTED_EDGE('',*,*,#2627,.F.);
#4153=ORIENTED_EDGE('',*,*,#2980,.T.);
#4154=ORIENTED_EDGE('',*,*,#2981,.F.);
#4155=ORIENTED_EDGE('',*,*,#2982,.T.);
#4156=ORIENTED_EDGE('',*,*,#2625,.F.);
#4157=ORIENTED_EDGE('',*,*,#2982,.F.);
#4158=ORIENTED_EDGE('',*,*,#2983,.F.);
#4159=ORIENTED_EDGE('',*,*,#2984,.F.);
#4160=ORIENTED_EDGE('',*,*,#2616,.F.);
#4161=ORIENTED_EDGE('',*,*,#2985,.T.);
#4162=ORIENTED_EDGE('',*,*,#2986,.F.);
#4163=ORIENTED_EDGE('',*,*,#2454,.T.);
#4164=ORIENTED_EDGE('',*,*,#2446,.T.);
#4165=ORIENTED_EDGE('',*,*,#2455,.T.);
#4166=ORIENTED_EDGE('',*,*,#2986,.T.);
#4167=ORIENTED_EDGE('',*,*,#2987,.T.);
#4168=ORIENTED_EDGE('',*,*,#2988,.T.);
#4169=ORIENTED_EDGE('',*,*,#2983,.T.);
#4170=ORIENTED_EDGE('',*,*,#2981,.T.);
#4171=ORIENTED_EDGE('',*,*,#2989,.T.);
#4172=ORIENTED_EDGE('',*,*,#2990,.T.);
#4173=ORIENTED_EDGE('',*,*,#2966,.T.);
#4174=ORIENTED_EDGE('',*,*,#2991,.T.);
#4175=ORIENTED_EDGE('',*,*,#2992,.T.);
#4176=ORIENTED_EDGE('',*,*,#2619,.F.);
#4177=ORIENTED_EDGE('',*,*,#2993,.F.);
#4178=ORIENTED_EDGE('',*,*,#2987,.F.);
#4179=ORIENTED_EDGE('',*,*,#2985,.F.);
#4180=ORIENTED_EDGE('',*,*,#2621,.F.);
#4181=ORIENTED_EDGE('',*,*,#2984,.T.);
#4182=ORIENTED_EDGE('',*,*,#2988,.F.);
#4183=ORIENTED_EDGE('',*,*,#2993,.T.);
#4184=ORIENTED_EDGE('',*,*,#2705,.T.);
#4185=ORIENTED_EDGE('',*,*,#2783,.F.);
#4186=ORIENTED_EDGE('',*,*,#2467,.T.);
#4187=ORIENTED_EDGE('',*,*,#2994,.T.);
#4188=ORIENTED_EDGE('',*,*,#2684,.T.);
#4189=ORIENTED_EDGE('',*,*,#2995,.T.);
#4190=ORIENTED_EDGE('',*,*,#2996,.T.);
#4191=ORIENTED_EDGE('',*,*,#2994,.F.);
#4192=ORIENTED_EDGE('',*,*,#2979,.F.);
#4193=ORIENTED_EDGE('',*,*,#2995,.F.);
#4194=ORIENTED_EDGE('',*,*,#2466,.T.);
#4195=ORIENTED_EDGE('',*,*,#2473,.F.);
#4196=ORIENTED_EDGE('',*,*,#2739,.F.);
#4197=ORIENTED_EDGE('',*,*,#2914,.T.);
#4198=ORIENTED_EDGE('',*,*,#2912,.F.);
#4199=ORIENTED_EDGE('',*,*,#2997,.T.);
#4200=ORIENTED_EDGE('',*,*,#2737,.F.);
#4201=ORIENTED_EDGE('',*,*,#2997,.F.);
#4202=ORIENTED_EDGE('',*,*,#2911,.F.);
#4203=ORIENTED_EDGE('',*,*,#2756,.F.);
#4204=ORIENTED_EDGE('',*,*,#2764,.F.);
#4205=ORIENTED_EDGE('',*,*,#2998,.T.);
#4206=ORIENTED_EDGE('',*,*,#2863,.F.);
#4207=ORIENTED_EDGE('',*,*,#2999,.T.);
#4208=ORIENTED_EDGE('',*,*,#2762,.F.);
#4209=ORIENTED_EDGE('',*,*,#2999,.F.);
#4210=ORIENTED_EDGE('',*,*,#2862,.F.);
#4211=ORIENTED_EDGE('',*,*,#2781,.F.);
#4212=ORIENTED_EDGE('',*,*,#2768,.F.);
#4213=ORIENTED_EDGE('',*,*,#2776,.T.);
#4214=ORIENTED_EDGE('',*,*,#2869,.F.);
#4215=ORIENTED_EDGE('',*,*,#3000,.T.);
#4216=ORIENTED_EDGE('',*,*,#2766,.F.);
#4217=ORIENTED_EDGE('',*,*,#3000,.F.);
#4218=ORIENTED_EDGE('',*,*,#2868,.F.);
#4219=ORIENTED_EDGE('',*,*,#2998,.F.);
#4220=ORIENTED_EDGE('',*,*,#2996,.F.);
#4221=ORIENTED_EDGE('',*,*,#2978,.T.);
#4222=ORIENTED_EDGE('',*,*,#2668,.F.);
#4223=ORIENTED_EDGE('',*,*,#2681,.F.);
#4224=ORIENTED_EDGE('',*,*,#3001,.T.);
#4225=ORIENTED_EDGE('',*,*,#3002,.T.);
#4226=ORIENTED_EDGE('',*,*,#3003,.T.);
#4227=ORIENTED_EDGE('',*,*,#3004,.T.);
#4228=ORIENTED_EDGE('',*,*,#3005,.T.);
#4229=ORIENTED_EDGE('',*,*,#3006,.T.);
#4230=ORIENTED_EDGE('',*,*,#3007,.T.);
#4231=ORIENTED_EDGE('',*,*,#3008,.T.);
#4232=ORIENTED_EDGE('',*,*,#3009,.T.);
#4233=ORIENTED_EDGE('',*,*,#2610,.T.);
#4234=ORIENTED_EDGE('',*,*,#2578,.T.);
#4235=ORIENTED_EDGE('',*,*,#3010,.T.);
#4236=ORIENTED_EDGE('',*,*,#3011,.T.);
#4237=ORIENTED_EDGE('',*,*,#3012,.T.);
#4238=ORIENTED_EDGE('',*,*,#3007,.F.);
#4239=ORIENTED_EDGE('',*,*,#3002,.F.);
#4240=ORIENTED_EDGE('',*,*,#3013,.T.);
#4241=ORIENTED_EDGE('',*,*,#3014,.T.);
#4242=ORIENTED_EDGE('',*,*,#3001,.F.);
#4243=ORIENTED_EDGE('',*,*,#3008,.F.);
#4244=ORIENTED_EDGE('',*,*,#3012,.F.);
#4245=ORIENTED_EDGE('',*,*,#3015,.T.);
#4246=ORIENTED_EDGE('',*,*,#2573,.F.);
#4247=ORIENTED_EDGE('',*,*,#2593,.F.);
#4248=ORIENTED_EDGE('',*,*,#3016,.T.);
#4249=ORIENTED_EDGE('',*,*,#2712,.F.);
#4250=ORIENTED_EDGE('',*,*,#3017,.T.);
#4251=ORIENTED_EDGE('',*,*,#3018,.F.);
#4252=ORIENTED_EDGE('',*,*,#3019,.T.);
#4253=ORIENTED_EDGE('',*,*,#3020,.F.);
#4254=ORIENTED_EDGE('',*,*,#3013,.F.);
#4255=ORIENTED_EDGE('',*,*,#3011,.F.);
#4256=ORIENTED_EDGE('',*,*,#3021,.F.);
#4257=ORIENTED_EDGE('',*,*,#2570,.T.);
#4258=ORIENTED_EDGE('',*,*,#3015,.F.);
#4259=ORIENTED_EDGE('',*,*,#3022,.T.);
#4260=ORIENTED_EDGE('',*,*,#3023,.T.);
#4261=ORIENTED_EDGE('',*,*,#2549,.T.);
#4262=ORIENTED_EDGE('',*,*,#2949,.T.);
#4263=ORIENTED_EDGE('',*,*,#2951,.T.);
#4264=ORIENTED_EDGE('',*,*,#3024,.T.);
#4265=ORIENTED_EDGE('',*,*,#3004,.F.);
#4266=ORIENTED_EDGE('',*,*,#3025,.F.);
#4267=ORIENTED_EDGE('',*,*,#3026,.F.);
#4268=ORIENTED_EDGE('',*,*,#3027,.F.);
#4269=ORIENTED_EDGE('',*,*,#2550,.F.);
#4270=ORIENTED_EDGE('',*,*,#3023,.F.);
#4271=ORIENTED_EDGE('',*,*,#3028,.T.);
#4272=ORIENTED_EDGE('',*,*,#3005,.F.);
#4273=ORIENTED_EDGE('',*,*,#3028,.F.);
#4274=ORIENTED_EDGE('',*,*,#3022,.F.);
#4275=ORIENTED_EDGE('',*,*,#3029,.T.);
#4276=ORIENTED_EDGE('',*,*,#3006,.F.);
#4277=ORIENTED_EDGE('',*,*,#3029,.F.);
#4278=ORIENTED_EDGE('',*,*,#3024,.F.);
#4279=ORIENTED_EDGE('',*,*,#2950,.F.);
#4280=ORIENTED_EDGE('',*,*,#2611,.T.);
#4281=ORIENTED_EDGE('',*,*,#3009,.F.);
#4282=ORIENTED_EDGE('',*,*,#3030,.T.);
#4283=ORIENTED_EDGE('',*,*,#3031,.T.);
#4284=ORIENTED_EDGE('',*,*,#3027,.T.);
#4285=ORIENTED_EDGE('',*,*,#3032,.T.);
#4286=ORIENTED_EDGE('',*,*,#3018,.T.);
#4287=ORIENTED_EDGE('',*,*,#3026,.T.);
#4288=ORIENTED_EDGE('',*,*,#3033,.T.);
#4289=ORIENTED_EDGE('',*,*,#3020,.T.);
#4290=ORIENTED_EDGE('',*,*,#3019,.F.);
#4291=ORIENTED_EDGE('',*,*,#3032,.F.);
#4292=ORIENTED_EDGE('',*,*,#3003,.F.);
#4293=ORIENTED_EDGE('',*,*,#3014,.F.);
#4294=ORIENTED_EDGE('',*,*,#3033,.F.);
#4295=ORIENTED_EDGE('',*,*,#3025,.T.);
#4296=ORIENTED_EDGE('',*,*,#2405,.F.);
#4297=ORIENTED_EDGE('',*,*,#3034,.F.);
#4298=ORIENTED_EDGE('',*,*,#3035,.T.);
#4299=ORIENTED_EDGE('',*,*,#2970,.F.);
#4300=ORIENTED_EDGE('',*,*,#2400,.F.);
#4301=ORIENTED_EDGE('',*,*,#2972,.F.);
#4302=ORIENTED_EDGE('',*,*,#3035,.F.);
#4303=ORIENTED_EDGE('',*,*,#3036,.F.);
#4304=ORIENTED_EDGE('',*,*,#3037,.T.);
#4305=ORIENTED_EDGE('',*,*,#2974,.F.);
#4306=ORIENTED_EDGE('',*,*,#3037,.F.);
#4307=ORIENTED_EDGE('',*,*,#3038,.F.);
#4308=ORIENTED_EDGE('',*,*,#2968,.F.);
#4309=ORIENTED_EDGE('',*,*,#3039,.F.);
#4310=ORIENTED_EDGE('',*,*,#2629,.F.);
#4311=ORIENTED_EDGE('',*,*,#2645,.T.);
#4312=ORIENTED_EDGE('',*,*,#2976,.F.);
#4313=ORIENTED_EDGE('',*,*,#3039,.T.);
#4314=ORIENTED_EDGE('',*,*,#3040,.F.);
#4315=ORIENTED_EDGE('',*,*,#2989,.F.);
#4316=ORIENTED_EDGE('',*,*,#2980,.F.);
#4317=ORIENTED_EDGE('',*,*,#2630,.F.);
#4318=ORIENTED_EDGE('',*,*,#2448,.T.);
#4319=ORIENTED_EDGE('',*,*,#3041,.T.);
#4320=ORIENTED_EDGE('',*,*,#2991,.F.);
#4321=ORIENTED_EDGE('',*,*,#2965,.T.);
#4322=ORIENTED_EDGE('',*,*,#3042,.T.);
#4323=ORIENTED_EDGE('',*,*,#3043,.F.);
#4324=ORIENTED_EDGE('',*,*,#3042,.F.);
#4325=ORIENTED_EDGE('',*,*,#2964,.T.);
#4326=ORIENTED_EDGE('',*,*,#3036,.T.);
#4327=ORIENTED_EDGE('',*,*,#3044,.F.);
#4328=ORIENTED_EDGE('',*,*,#3038,.T.);
#4329=ORIENTED_EDGE('',*,*,#2447,.T.);
#4330=ORIENTED_EDGE('',*,*,#2992,.F.);
#4331=ORIENTED_EDGE('',*,*,#3041,.F.);
#4332=ORIENTED_EDGE('',*,*,#2990,.F.);
#4333=ORIENTED_EDGE('',*,*,#3040,.T.);
#4334=ORIENTED_EDGE('',*,*,#3045,.T.);
#4335=ORIENTED_EDGE('',*,*,#3046,.F.);
#4336=ORIENTED_EDGE('',*,*,#3045,.F.);
#4337=ORIENTED_EDGE('',*,*,#2967,.T.);
#4338=ORIENTED_EDGE('',*,*,#2404,.F.);
#4339=ORIENTED_EDGE('',*,*,#2407,.T.);
#4340=ORIENTED_EDGE('',*,*,#2396,.F.);
#4341=ORIENTED_EDGE('',*,*,#2969,.T.);
#4342=ORIENTED_EDGE('',*,*,#3047,.T.);
#4343=ORIENTED_EDGE('',*,*,#3048,.F.);
#4344=ORIENTED_EDGE('',*,*,#3047,.F.);
#4345=ORIENTED_EDGE('',*,*,#3044,.T.);
#4346=ORIENTED_EDGE('',*,*,#3034,.T.);
#4347=ORIENTED_EDGE('',*,*,#3046,.T.);
#4348=ORIENTED_EDGE('',*,*,#3048,.T.);
#4349=ORIENTED_EDGE('',*,*,#3043,.T.);
#4350=ORIENTED_EDGE('',*,*,#2962,.T.);
#4351=ORIENTED_EDGE('',*,*,#2677,.F.);
#4352=ORIENTED_EDGE('',*,*,#3049,.T.);
#4353=ORIENTED_EDGE('',*,*,#2706,.F.);
#4354=ORIENTED_EDGE('',*,*,#2691,.T.);
#4355=ORIENTED_EDGE('',*,*,#2536,.F.);
#4356=ORIENTED_EDGE('',*,*,#2541,.T.);
#4357=ORIENTED_EDGE('',*,*,#3050,.T.);
#4358=ORIENTED_EDGE('',*,*,#3051,.T.);
#4359=ORIENTED_EDGE('',*,*,#2653,.F.);
#4360=ORIENTED_EDGE('',*,*,#2656,.T.);
#4361=ORIENTED_EDGE('',*,*,#3052,.T.);
#4362=ORIENTED_EDGE('',*,*,#2533,.F.);
#4363=ORIENTED_EDGE('',*,*,#3050,.F.);
#4364=ORIENTED_EDGE('',*,*,#3053,.T.);
#4365=ORIENTED_EDGE('',*,*,#3052,.F.);
#4366=ORIENTED_EDGE('',*,*,#2655,.T.);
#4367=ORIENTED_EDGE('',*,*,#3054,.T.);
#4368=ORIENTED_EDGE('',*,*,#3055,.T.);
#4369=ORIENTED_EDGE('',*,*,#3056,.F.);
#4370=ORIENTED_EDGE('',*,*,#2678,.T.);
#4371=ORIENTED_EDGE('',*,*,#3051,.F.);
#4372=ORIENTED_EDGE('',*,*,#3057,.F.);
#4373=ORIENTED_EDGE('',*,*,#3054,.F.);
#4374=ORIENTED_EDGE('',*,*,#2637,.F.);
#4375=ORIENTED_EDGE('',*,*,#3058,.F.);
#4376=ORIENTED_EDGE('',*,*,#3059,.T.);
#4377=ORIENTED_EDGE('',*,*,#2708,.F.);
#4378=ORIENTED_EDGE('',*,*,#3060,.T.);
#4379=ORIENTED_EDGE('',*,*,#3030,.F.);
#4380=ORIENTED_EDGE('',*,*,#3017,.F.);
#4381=ORIENTED_EDGE('',*,*,#2711,.F.);
#4382=ORIENTED_EDGE('',*,*,#3061,.F.);
#4383=ORIENTED_EDGE('',*,*,#3062,.F.);
#4384=ORIENTED_EDGE('',*,*,#2709,.F.);
#4385=ORIENTED_EDGE('',*,*,#3059,.F.);
#4386=ORIENTED_EDGE('',*,*,#3063,.F.);
#4387=ORIENTED_EDGE('',*,*,#3064,.F.);
#4388=ORIENTED_EDGE('',*,*,#3065,.F.);
#4389=ORIENTED_EDGE('',*,*,#3066,.F.);
#4390=ORIENTED_EDGE('',*,*,#3067,.F.);
#4391=ORIENTED_EDGE('',*,*,#2551,.T.);
#4392=ORIENTED_EDGE('',*,*,#3031,.F.);
#4393=ORIENTED_EDGE('',*,*,#3067,.T.);
#4394=ORIENTED_EDGE('',*,*,#2543,.F.);
#4395=ORIENTED_EDGE('',*,*,#3053,.F.);
#4396=ORIENTED_EDGE('',*,*,#2540,.T.);
#4397=ORIENTED_EDGE('',*,*,#2544,.F.);
#4398=ORIENTED_EDGE('',*,*,#3066,.T.);
#4399=ORIENTED_EDGE('',*,*,#3068,.T.);
#4400=ORIENTED_EDGE('',*,*,#3063,.T.);
#4401=ORIENTED_EDGE('',*,*,#3058,.T.);
#4402=ORIENTED_EDGE('',*,*,#3069,.F.);
#4403=ORIENTED_EDGE('',*,*,#3055,.F.);
#4404=ORIENTED_EDGE('',*,*,#3057,.T.);
#4405=ORIENTED_EDGE('',*,*,#3016,.F.);
#4406=ORIENTED_EDGE('',*,*,#2592,.F.);
#4407=ORIENTED_EDGE('',*,*,#2713,.F.);
#4408=ORIENTED_EDGE('',*,*,#3068,.F.);
#4409=ORIENTED_EDGE('',*,*,#3065,.T.);
#4410=ORIENTED_EDGE('',*,*,#3070,.T.);
#4411=ORIENTED_EDGE('',*,*,#3071,.F.);
#4412=ORIENTED_EDGE('',*,*,#3070,.F.);
#4413=ORIENTED_EDGE('',*,*,#3064,.T.);
#4414=ORIENTED_EDGE('',*,*,#2710,.F.);
#4415=ORIENTED_EDGE('',*,*,#3062,.T.);
#4416=ORIENTED_EDGE('',*,*,#3072,.T.);
#4417=ORIENTED_EDGE('',*,*,#3073,.F.);
#4418=ORIENTED_EDGE('',*,*,#3072,.F.);
#4419=ORIENTED_EDGE('',*,*,#3061,.T.);
#4420=ORIENTED_EDGE('',*,*,#3071,.T.);
#4421=ORIENTED_EDGE('',*,*,#3073,.T.);
#4422=ORIENTED_EDGE('',*,*,#2524,.F.);
#4423=ORIENTED_EDGE('',*,*,#2959,.T.);
#4424=ORIENTED_EDGE('',*,*,#2916,.F.);
#4425=ORIENTED_EDGE('',*,*,#2802,.F.);
#4426=ORIENTED_EDGE('',*,*,#2841,.T.);
#4427=ORIENTED_EDGE('',*,*,#3056,.T.);
#4428=ORIENTED_EDGE('',*,*,#3069,.T.);
#4429=ORIENTED_EDGE('',*,*,#3060,.F.);
#4430=ORIENTED_EDGE('',*,*,#2707,.F.);
#4431=ORIENTED_EDGE('',*,*,#3049,.F.);
#4432=ORIENTED_EDGE('',*,*,#2679,.F.);
#4433=ORIENTED_EDGE('',*,*,#2571,.F.);
#4434=ORIENTED_EDGE('',*,*,#3021,.T.);
#4435=ORIENTED_EDGE('',*,*,#3010,.F.);
#4436=ORIENTED_EDGE('',*,*,#2581,.F.);
#4437=ORIENTED_EDGE('',*,*,#2584,.F.);
#4438=ORIENTED_EDGE('',*,*,#2586,.F.);
#4439=ORIENTED_EDGE('',*,*,#2575,.F.);
#4440=ORIENTED_EDGE('',*,*,#2564,.F.);
#4441=ORIENTED_EDGE('',*,*,#2569,.F.);
#4442=B_SPLINE_SURFACE_WITH_KNOTS('',3,3,((#6590,#6591,#6592,#6593,#6594,
#6595),(#6596,#6597,#6598,#6599,#6600,#6601),(#6602,#6603,#6604,#6605,#6606,
#6607),(#6608,#6609,#6610,#6611,#6612,#6613)),.UNSPECIFIED.,.F.,.F.,.F.,
(4,4),(4,1,1,4),(0.,1.),(-1.17110617548662,-0.873983053835906,-0.675900972735427,
-0.477818891634948),.UNSPECIFIED.);
#4443=B_SPLINE_SURFACE_WITH_KNOTS('',3,3,((#6676,#6677,#6678,#6679,#6680,
#6681),(#6682,#6683,#6684,#6685,#6686,#6687),(#6688,#6689,#6690,#6691,#6692,
#6693),(#6694,#6695,#6696,#6697,#6698,#6699)),.UNSPECIFIED.,.F.,.F.,.F.,
(4,4),(4,1,1,4),(0.,1.),(-1.29480755141366,-0.954063045924772,-0.726900042265512,
-0.499737038606252),.UNSPECIFIED.);
#4444=B_SPLINE_SURFACE_WITH_KNOTS('',3,3,((#6722,#6723,#6724,#6725),(#6726,
#6727,#6728,#6729),(#6730,#6731,#6732,#6733),(#6734,#6735,#6736,#6737)),
 .UNSPECIFIED.,.F.,.F.,.F.,(4,4),(4,4),(0.,1.),(-1.2823163488734,-1.17110617548662),
 .UNSPECIFIED.);
#4445=B_SPLINE_SURFACE_WITH_KNOTS('',3,3,((#6834,#6835,#6836,#6837,#6838),
(#6839,#6840,#6841,#6842,#6843),(#6844,#6845,#6846,#6847,#6848),(#6849,
#6850,#6851,#6852,#6853)),.UNSPECIFIED.,.F.,.F.,.F.,(4,4),(4,1,4),(0.,1.),
(1.70393265434654,1.9928750585754,2.28181746280425),.UNSPECIFIED.);
#4446=B_SPLINE_SURFACE_WITH_KNOTS('',3,3,((#6870,#6871,#6872,#6873),(#6874,
#6875,#6876,#6877),(#6878,#6879,#6880,#6881),(#6882,#6883,#6884,#6885)),
 .UNSPECIFIED.,.F.,.F.,.F.,(4,4),(4,4),(0.,1.),(1.5707963267949,1.70393265434654),
 .UNSPECIFIED.);
#4447=B_SPLINE_SURFACE_WITH_KNOTS('',3,3,((#6894,#6895,#6896,#6897,#6898),
(#6899,#6900,#6901,#6902,#6903),(#6904,#6905,#6906,#6907,#6908),(#6909,
#6910,#6911,#6912,#6913)),.UNSPECIFIED.,.F.,.F.,.F.,(4,4),(4,1,4),(0.,1.),
(2.28181746248643,2.77311757168835,3.14159265358979),.UNSPECIFIED.);
#4448=B_SPLINE_SURFACE_WITH_KNOTS('',3,3,((#8087,#8088,#8089,#8090,#8091,
#8092,#8093,#8094),(#8095,#8096,#8097,#8098,#8099,#8100,#8101,#8102),(#8103,
#8104,#8105,#8106,#8107,#8108,#8109,#8110),(#8111,#8112,#8113,#8114,#8115,
#8116,#8117,#8118),(#8119,#8120,#8121,#8122,#8123,#8124,#8125,#8126)),
 .UNSPECIFIED.,.F.,.F.,.F.,(4,1,4),(4,1,1,1,1,4),(0.,0.5,1.),(0.612049645806779,
0.693659015397529,0.734463700192903,0.856877754579027,1.02009649376053,
1.18331523294202),.UNSPECIFIED.);
#4449=B_SPLINE_SURFACE_WITH_KNOTS('',3,3,((#8371,#8372,#8373,#8374,#8375,
#8376),(#8377,#8378,#8379,#8380,#8381,#8382),(#8383,#8384,#8385,#8386,#8387,
#8388),(#8389,#8390,#8391,#8392,#8393,#8394),(#8395,#8396,#8397,#8398,#8399,
#8400)),.UNSPECIFIED.,.F.,.F.,.F.,(4,1,4),(4,1,1,4),(0.,0.5,1.),(0.361582813426752,
0.517644439403022,0.621685523387202,0.725726607371382),.UNSPECIFIED.);
#4450=B_SPLINE_SURFACE_WITH_KNOTS('',3,3,((#8402,#8403,#8404,#8405),(#8406,
#8407,#8408,#8409),(#8410,#8411,#8412,#8413),(#8414,#8415,#8416,#8417),
(#8418,#8419,#8420,#8421)),.UNSPECIFIED.,.F.,.F.,.F.,(4,1,4),(4,4),(0.,
0.571428571428571,1.),(-0.719864712286901,-0.672878652425405),
 .UNSPECIFIED.);
#4451=ADVANCED_FACE('',(#1376),#4442,.T.);
#4452=ADVANCED_FACE('',(#1377),#1235,.T.);
#4453=ADVANCED_FACE('',(#1378),#1236,.T.);
#4454=ADVANCED_FACE('',(#1379),#4443,.T.);
#4455=ADVANCED_FACE('',(#1380),#4444,.T.);
#4456=ADVANCED_FACE('',(#1381),#1237,.T.);
#4457=ADVANCED_FACE('',(#1382),#278,.T.);
#4458=ADVANCED_FACE('',(#1383),#1238,.T.);
#4459=ADVANCED_FACE('',(#1384),#279,.T.);
#4460=ADVANCED_FACE('',(#1385),#1239,.T.);
#4461=ADVANCED_FACE('',(#1386),#280,.T.);
#4462=ADVANCED_FACE('',(#1387),#1240,.T.);
#4463=ADVANCED_FACE('',(#1388),#281,.F.);
#4464=ADVANCED_FACE('',(#1389),#4445,.T.);
#4465=ADVANCED_FACE('',(#1390),#4446,.T.);
#4466=ADVANCED_FACE('',(#1391),#4447,.T.);
#4467=ADVANCED_FACE('',(#1392),#53,.F.);
#4468=ADVANCED_FACE('',(#1393),#1241,.T.);
#4469=ADVANCED_FACE('',(#1394),#54,.T.);
#4470=ADVANCED_FACE('',(#1395),#1242,.T.);
#4471=ADVANCED_FACE('',(#1396),#55,.T.);
#4472=ADVANCED_FACE('',(#1397),#1243,.T.);
#4473=ADVANCED_FACE('',(#1398),#56,.T.);
#4474=ADVANCED_FACE('',(#1399),#1244,.T.);
#4475=ADVANCED_FACE('',(#1400),#25,.T.);
#4476=ADVANCED_FACE('',(#1401),#1245,.T.);
#4477=ADVANCED_FACE('',(#1402),#1246,.T.);
#4478=ADVANCED_FACE('',(#1403),#1247,.T.);
#4479=ADVANCED_FACE('',(#1404),#282,.T.);
#4480=ADVANCED_FACE('',(#1405),#1248,.T.);
#4481=ADVANCED_FACE('',(#1406),#283,.F.);
#4482=ADVANCED_FACE('',(#1407),#1249,.T.);
#4483=ADVANCED_FACE('',(#1408),#284,.F.);
#4484=ADVANCED_FACE('',(#1409),#1250,.T.);
#4485=ADVANCED_FACE('',(#1410),#285,.T.);
#4486=ADVANCED_FACE('',(#1411),#1251,.T.);
#4487=ADVANCED_FACE('',(#1412),#1252,.T.);
#4488=ADVANCED_FACE('',(#1413),#286,.T.);
#4489=ADVANCED_FACE('',(#1414),#1253,.T.);
#4490=ADVANCED_FACE('',(#1415),#287,.F.);
#4491=ADVANCED_FACE('',(#1416),#1254,.T.);
#4492=ADVANCED_FACE('',(#1417),#1255,.T.);
#4493=ADVANCED_FACE('',(#1418),#288,.T.);
#4494=ADVANCED_FACE('',(#1419),#1256,.T.);
#4495=ADVANCED_FACE('',(#1420),#289,.T.);
#4496=ADVANCED_FACE('',(#1421),#1257,.T.);
#4497=ADVANCED_FACE('',(#1422),#1258,.T.);
#4498=ADVANCED_FACE('',(#1423),#57,.T.);
#4499=ADVANCED_FACE('',(#1424,#17),#1259,.T.);
#4500=ADVANCED_FACE('',(#1425),#58,.T.);
#4501=ADVANCED_FACE('',(#1426),#1260,.T.);
#4502=ADVANCED_FACE('',(#1427),#59,.T.);
#4503=ADVANCED_FACE('',(#1428,#18),#1261,.T.);
#4504=ADVANCED_FACE('',(#1429),#60,.F.);
#4505=ADVANCED_FACE('',(#1430),#1262,.T.);
#4506=ADVANCED_FACE('',(#1431),#290,.F.);
#4507=ADVANCED_FACE('',(#1432),#1263,.T.);
#4508=ADVANCED_FACE('',(#1433),#1264,.T.);
#4509=ADVANCED_FACE('',(#1434),#1265,.T.);
#4510=ADVANCED_FACE('',(#1435),#291,.T.);
#4511=ADVANCED_FACE('',(#1436),#1266,.T.);
#4512=ADVANCED_FACE('',(#1437),#292,.T.);
#4513=ADVANCED_FACE('',(#1438),#293,.T.);
#4514=ADVANCED_FACE('',(#1439),#1267,.T.);
#4515=ADVANCED_FACE('',(#1440),#61,.F.);
#4516=ADVANCED_FACE('',(#1441),#1268,.T.);
#4517=ADVANCED_FACE('',(#1442),#62,.T.);
#4518=ADVANCED_FACE('',(#1443),#1269,.T.);
#4519=ADVANCED_FACE('',(#1444),#63,.T.);
#4520=ADVANCED_FACE('',(#1445),#1270,.T.);
#4521=ADVANCED_FACE('',(#1446),#64,.T.);
#4522=ADVANCED_FACE('',(#1447),#1271,.T.);
#4523=ADVANCED_FACE('',(#1448),#294,.F.);
#4524=ADVANCED_FACE('',(#1449),#1272,.T.);
#4525=ADVANCED_FACE('',(#1450),#295,.F.);
#4526=ADVANCED_FACE('',(#1451),#1273,.T.);
#4527=ADVANCED_FACE('',(#1452),#296,.F.);
#4528=ADVANCED_FACE('',(#1453),#1274,.T.);
#4529=ADVANCED_FACE('',(#1454),#1275,.T.);
#4530=ADVANCED_FACE('',(#1455),#1276,.T.);
#4531=ADVANCED_FACE('',(#1456),#297,.T.);
#4532=ADVANCED_FACE('',(#1457),#1277,.T.);
#4533=ADVANCED_FACE('',(#1458),#298,.T.);
#4534=ADVANCED_FACE('',(#1459),#1278,.T.);
#4535=ADVANCED_FACE('',(#1460),#1279,.T.);
#4536=ADVANCED_FACE('',(#1461),#65,.T.);
#4537=ADVANCED_FACE('',(#1462),#1280,.T.);
#4538=ADVANCED_FACE('',(#1463),#66,.T.);
#4539=ADVANCED_FACE('',(#1464),#1281,.T.);
#4540=ADVANCED_FACE('',(#1465),#299,.F.);
#4541=ADVANCED_FACE('',(#1466),#1282,.T.);
#4542=ADVANCED_FACE('',(#1467),#1283,.T.);
#4543=ADVANCED_FACE('',(#1468),#300,.F.);
#4544=ADVANCED_FACE('',(#1469),#1284,.T.);
#4545=ADVANCED_FACE('',(#1470),#301,.T.);
#4546=ADVANCED_FACE('',(#1471),#1285,.T.);
#4547=ADVANCED_FACE('',(#1472),#67,.F.);
#4548=ADVANCED_FACE('',(#1473),#1286,.T.);
#4549=ADVANCED_FACE('',(#1474),#68,.T.);
#4550=ADVANCED_FACE('',(#1475),#1287,.T.);
#4551=ADVANCED_FACE('',(#1476),#302,.F.);
#4552=ADVANCED_FACE('',(#1477,#19,#20,#21),#1288,.T.);
#4553=ADVANCED_FACE('',(#1478),#69,.F.);
#4554=ADVANCED_FACE('',(#1479),#303,.F.);
#4555=ADVANCED_FACE('',(#1480),#1289,.T.);
#4556=ADVANCED_FACE('',(#1481),#304,.F.);
#4557=ADVANCED_FACE('',(#1482),#1290,.T.);
#4558=ADVANCED_FACE('',(#1483),#305,.F.);
#4559=ADVANCED_FACE('',(#1484),#1291,.T.);
#4560=ADVANCED_FACE('',(#1485),#306,.F.);
#4561=ADVANCED_FACE('',(#1486),#1292,.T.);
#4562=ADVANCED_FACE('',(#1487),#1293,.F.);
#4563=ADVANCED_FACE('',(#1488),#70,.F.);
#4564=ADVANCED_FACE('',(#1489),#1294,.F.);
#4565=ADVANCED_FACE('',(#1490),#71,.F.);
#4566=ADVANCED_FACE('',(#1491),#307,.F.);
#4567=ADVANCED_FACE('',(#1492),#1295,.T.);
#4568=ADVANCED_FACE('',(#1493),#308,.F.);
#4569=ADVANCED_FACE('',(#1494),#1296,.T.);
#4570=ADVANCED_FACE('',(#1495),#309,.F.);
#4571=ADVANCED_FACE('',(#1496),#1297,.T.);
#4572=ADVANCED_FACE('',(#1497),#310,.F.);
#4573=ADVANCED_FACE('',(#1498),#1298,.T.);
#4574=ADVANCED_FACE('',(#1499),#1299,.F.);
#4575=ADVANCED_FACE('',(#1500),#72,.F.);
#4576=ADVANCED_FACE('',(#1501),#1300,.F.);
#4577=ADVANCED_FACE('',(#1502),#73,.F.);
#4578=ADVANCED_FACE('',(#1503),#1301,.T.);
#4579=ADVANCED_FACE('',(#1504),#311,.T.);
#4580=ADVANCED_FACE('',(#1505),#1302,.T.);
#4581=ADVANCED_FACE('',(#1506),#312,.F.);
#4582=ADVANCED_FACE('',(#1507),#1303,.T.);
#4583=ADVANCED_FACE('',(#1508),#313,.F.);
#4584=ADVANCED_FACE('',(#1509),#1304,.T.);
#4585=ADVANCED_FACE('',(#1510),#314,.T.);
#4586=ADVANCED_FACE('',(#1511),#1305,.T.);
#4587=ADVANCED_FACE('',(#1512),#1306,.T.);
#4588=ADVANCED_FACE('',(#1513),#315,.F.);
#4589=ADVANCED_FACE('',(#1514),#1307,.T.);
#4590=ADVANCED_FACE('',(#1515),#316,.T.);
#4591=ADVANCED_FACE('',(#1516),#1308,.T.);
#4592=ADVANCED_FACE('',(#1517),#1309,.T.);
#4593=ADVANCED_FACE('',(#1518),#317,.T.);
#4594=ADVANCED_FACE('',(#1519),#1310,.T.);
#4595=ADVANCED_FACE('',(#1520),#318,.F.);
#4596=ADVANCED_FACE('',(#1521),#1311,.T.);
#4597=ADVANCED_FACE('',(#1522),#319,.F.);
#4598=ADVANCED_FACE('',(#1523),#1312,.T.);
#4599=ADVANCED_FACE('',(#1524),#1313,.T.);
#4600=ADVANCED_FACE('',(#1525),#320,.T.);
#4601=ADVANCED_FACE('',(#1526),#1314,.T.);
#4602=ADVANCED_FACE('',(#1527),#321,.T.);
#4603=ADVANCED_FACE('',(#1528),#74,.F.);
#4604=ADVANCED_FACE('',(#1529),#1315,.T.);
#4605=ADVANCED_FACE('',(#1530),#75,.T.);
#4606=ADVANCED_FACE('',(#1531),#1316,.T.);
#4607=ADVANCED_FACE('',(#1532),#1317,.T.);
#4608=ADVANCED_FACE('',(#1533),#76,.T.);
#4609=ADVANCED_FACE('',(#1534),#1318,.T.);
#4610=ADVANCED_FACE('',(#1535),#77,.F.);
#4611=ADVANCED_FACE('',(#1536),#1319,.T.);
#4612=ADVANCED_FACE('',(#1537),#78,.F.);
#4613=ADVANCED_FACE('',(#1538),#1320,.T.);
#4614=ADVANCED_FACE('',(#1539),#322,.F.);
#4615=ADVANCED_FACE('',(#1540),#1321,.T.);
#4616=ADVANCED_FACE('',(#1541),#323,.F.);
#4617=ADVANCED_FACE('',(#1542),#1322,.T.);
#4618=ADVANCED_FACE('',(#1543),#324,.F.);
#4619=ADVANCED_FACE('',(#1544),#1323,.T.);
#4620=ADVANCED_FACE('',(#1545),#325,.F.);
#4621=ADVANCED_FACE('',(#1546,#22,#23,#24),#1324,.F.);
#4622=ADVANCED_FACE('',(#1547),#1325,.T.);
#4623=ADVANCED_FACE('',(#1548),#326,.F.);
#4624=ADVANCED_FACE('',(#1549),#1326,.T.);
#4625=ADVANCED_FACE('',(#1550),#327,.F.);
#4626=ADVANCED_FACE('',(#1551),#1327,.T.);
#4627=ADVANCED_FACE('',(#1552),#328,.F.);
#4628=ADVANCED_FACE('',(#1553),#1328,.T.);
#4629=ADVANCED_FACE('',(#1554),#329,.F.);
#4630=ADVANCED_FACE('',(#1555),#79,.F.);
#4631=ADVANCED_FACE('',(#1556),#1329,.F.);
#4632=ADVANCED_FACE('',(#1557),#330,.F.);
#4633=ADVANCED_FACE('',(#1558),#1330,.T.);
#4634=ADVANCED_FACE('',(#1559),#331,.T.);
#4635=ADVANCED_FACE('',(#1560),#1331,.T.);
#4636=ADVANCED_FACE('',(#1561),#332,.T.);
#4637=ADVANCED_FACE('',(#1562),#1332,.T.);
#4638=ADVANCED_FACE('',(#1563),#333,.T.);
#4639=ADVANCED_FACE('',(#1564),#1333,.T.);
#4640=ADVANCED_FACE('',(#1565),#334,.T.);
#4641=ADVANCED_FACE('',(#1566),#1334,.T.);
#4642=ADVANCED_FACE('',(#1567),#335,.T.);
#4643=ADVANCED_FACE('',(#1568),#1335,.T.);
#4644=ADVANCED_FACE('',(#1569),#336,.F.);
#4645=ADVANCED_FACE('',(#1570),#1336,.T.);
#4646=ADVANCED_FACE('',(#1571),#337,.F.);
#4647=ADVANCED_FACE('',(#1572),#1337,.T.);
#4648=ADVANCED_FACE('',(#1573),#338,.T.);
#4649=ADVANCED_FACE('',(#1574),#1338,.T.);
#4650=ADVANCED_FACE('',(#1575),#339,.T.);
#4651=ADVANCED_FACE('',(#1576),#1339,.T.);
#4652=ADVANCED_FACE('',(#1577),#340,.T.);
#4653=ADVANCED_FACE('',(#1578),#1340,.T.);
#4654=ADVANCED_FACE('',(#1579),#1341,.T.);
#4655=ADVANCED_FACE('',(#1580),#80,.T.);
#4656=ADVANCED_FACE('',(#1581),#81,.T.);
#4657=ADVANCED_FACE('',(#1582),#1342,.F.);
#4658=ADVANCED_FACE('',(#1583),#82,.F.);
#4659=ADVANCED_FACE('',(#1584),#1343,.F.);
#4660=ADVANCED_FACE('',(#1585),#83,.F.);
#4661=ADVANCED_FACE('',(#1586),#1344,.F.);
#4662=ADVANCED_FACE('',(#1587),#84,.T.);
#4663=ADVANCED_FACE('',(#1588),#85,.T.);
#4664=ADVANCED_FACE('',(#1589),#1345,.T.);
#4665=ADVANCED_FACE('',(#1590),#341,.T.);
#4666=ADVANCED_FACE('',(#1591),#1346,.T.);
#4667=ADVANCED_FACE('',(#1592),#16,.T.);
#4668=ADVANCED_FACE('',(#1593),#86,.T.);
#4669=ADVANCED_FACE('',(#1594),#87,.T.);
#4670=ADVANCED_FACE('',(#1595),#88,.T.);
#4671=ADVANCED_FACE('',(#1596),#1347,.T.);
#4672=ADVANCED_FACE('',(#1597),#89,.F.);
#4673=ADVANCED_FACE('',(#1598),#1348,.T.);
#4674=ADVANCED_FACE('',(#1599),#90,.F.);
#4675=ADVANCED_FACE('',(#1600),#1349,.T.);
#4676=ADVANCED_FACE('',(#1601),#1350,.T.);
#4677=ADVANCED_FACE('',(#1602),#91,.F.);
#4678=ADVANCED_FACE('',(#1603),#92,.T.);
#4679=ADVANCED_FACE('',(#1604),#15,.T.);
#4680=ADVANCED_FACE('',(#1605),#93,.T.);
#4681=ADVANCED_FACE('',(#1606),#94,.F.);
#4682=ADVANCED_FACE('',(#1607),#1351,.F.);
#4683=ADVANCED_FACE('',(#1608),#95,.F.);
#4684=ADVANCED_FACE('',(#1609),#1352,.F.);
#4685=ADVANCED_FACE('',(#1610),#96,.F.);
#4686=ADVANCED_FACE('',(#1611),#1353,.F.);
#4687=ADVANCED_FACE('',(#1612),#97,.T.);
#4688=ADVANCED_FACE('',(#1613),#4448,.F.);
#4689=ADVANCED_FACE('',(#1614),#98,.T.);
#4690=ADVANCED_FACE('',(#1615),#1354,.T.);
#4691=ADVANCED_FACE('',(#1616),#342,.T.);
#4692=ADVANCED_FACE('',(#1617),#1355,.T.);
#4693=ADVANCED_FACE('',(#1618),#99,.T.);
#4694=ADVANCED_FACE('',(#1619),#1356,.T.);
#4695=ADVANCED_FACE('',(#1620),#100,.T.);
#4696=ADVANCED_FACE('',(#1621),#1357,.T.);
#4697=ADVANCED_FACE('',(#1622),#101,.T.);
#4698=ADVANCED_FACE('',(#1623),#4449,.F.);
#4699=ADVANCED_FACE('',(#1624),#4450,.F.);
#4700=ADVANCED_FACE('',(#1625),#102,.T.);
#4701=ADVANCED_FACE('',(#1626),#1358,.F.);
#4702=ADVANCED_FACE('',(#1627),#1359,.F.);
#4703=ADVANCED_FACE('',(#1628),#1360,.T.);
#4704=ADVANCED_FACE('',(#1629),#343,.T.);
#4705=ADVANCED_FACE('',(#1630),#1361,.T.);
#4706=ADVANCED_FACE('',(#1631),#1362,.T.);
#4707=ADVANCED_FACE('',(#1632),#344,.T.);
#4708=ADVANCED_FACE('',(#1633),#345,.T.);
#4709=ADVANCED_FACE('',(#1634),#1363,.T.);
#4710=ADVANCED_FACE('',(#1635),#1364,.T.);
#4711=ADVANCED_FACE('',(#1636),#1365,.T.);
#4712=ADVANCED_FACE('',(#1637),#1366,.T.);
#4713=ADVANCED_FACE('',(#1638),#103,.F.);
#4714=ADVANCED_FACE('',(#1639),#104,.T.);
#4715=ADVANCED_FACE('',(#1640),#105,.T.);
#4716=ADVANCED_FACE('',(#1641),#106,.T.);
#4717=ADVANCED_FACE('',(#1642),#107,.T.);
#4718=ADVANCED_FACE('',(#1643),#1367,.T.);
#4719=ADVANCED_FACE('',(#1644),#108,.F.);
#4720=ADVANCED_FACE('',(#1645),#1368,.T.);
#4721=ADVANCED_FACE('',(#1646),#109,.T.);
#4722=ADVANCED_FACE('',(#1647),#1369,.T.);
#4723=ADVANCED_FACE('',(#1648),#1370,.T.);
#4724=ADVANCED_FACE('',(#1649),#346,.T.);
#4725=ADVANCED_FACE('',(#1650),#347,.T.);
#4726=ADVANCED_FACE('',(#1651),#1371,.T.);
#4727=ADVANCED_FACE('',(#1652),#1372,.T.);
#4728=ADVANCED_FACE('',(#1653),#1373,.T.);
#4729=ADVANCED_FACE('',(#1654),#1374,.T.);
#4730=ADVANCED_FACE('',(#1655),#1375,.T.);
#4731=CLOSED_SHELL('',(#4451,#4452,#4453,#4454,#4455,#4456,#4457,#4458,
#4459,#4460,#4461,#4462,#4463,#4464,#4465,#4466,#4467,#4468,#4469,#4470,
#4471,#4472,#4473,#4474,#4475,#4476,#4477,#4478,#4479,#4480,#4481,#4482,
#4483,#4484,#4485,#4486,#4487,#4488,#4489,#4490,#4491,#4492,#4493,#4494,
#4495,#4496,#4497,#4498,#4499,#4500,#4501,#4502,#4503,#4504,#4505,#4506,
#4507,#4508,#4509,#4510,#4511,#4512,#4513,#4514,#4515,#4516,#4517,#4518,
#4519,#4520,#4521,#4522,#4523,#4524,#4525,#4526,#4527,#4528,#4529,#4530,
#4531,#4532,#4533,#4534,#4535,#4536,#4537,#4538,#4539,#4540,#4541,#4542,
#4543,#4544,#4545,#4546,#4547,#4548,#4549,#4550,#4551,#4552,#4553,#4554,
#4555,#4556,#4557,#4558,#4559,#4560,#4561,#4562,#4563,#4564,#4565,#4566,
#4567,#4568,#4569,#4570,#4571,#4572,#4573,#4574,#4575,#4576,#4577,#4578,
#4579,#4580,#4581,#4582,#4583,#4584,#4585,#4586,#4587,#4588,#4589,#4590,
#4591,#4592,#4593,#4594,#4595,#4596,#4597,#4598,#4599,#4600,#4601,#4602,
#4603,#4604,#4605,#4606,#4607,#4608,#4609,#4610,#4611,#4612,#4613,#4614,
#4615,#4616,#4617,#4618,#4619,#4620,#4621,#4622,#4623,#4624,#4625,#4626,
#4627,#4628,#4629,#4630,#4631,#4632,#4633,#4634,#4635,#4636,#4637,#4638,
#4639,#4640,#4641,#4642,#4643,#4644,#4645,#4646,#4647,#4648,#4649,#4650,
#4651,#4652,#4653,#4654,#4655,#4656,#4657,#4658,#4659,#4660,#4661,#4662,
#4663,#4664,#4665,#4666,#4667,#4668,#4669,#4670,#4671,#4672,#4673,#4674,
#4675,#4676,#4677,#4678,#4679,#4680,#4681,#4682,#4683,#4684,#4685,#4686,
#4687,#4688,#4689,#4690,#4691,#4692,#4693,#4694,#4695,#4696,#4697,#4698,
#4699,#4700,#4701,#4702,#4703,#4704,#4705,#4706,#4707,#4708,#4709,#4710,
#4711,#4712,#4713,#4714,#4715,#4716,#4717,#4718,#4719,#4720,#4721,#4722,
#4723,#4724,#4725,#4726,#4727,#4728,#4729,#4730));
#4732=DERIVED_UNIT_ELEMENT(#4735,1.);
#4733=DERIVED_UNIT_ELEMENT(#8516,-3.);
#4734=DIMENSIONAL_EXPONENTS(0.,1.,0.,0.,0.,0.,0.);
#4735=(
CONVERSION_BASED_UNIT('gram',#4737)
MASS_UNIT()
NAMED_UNIT(#4734)
);
#4736=(
MASS_UNIT()
NAMED_UNIT(*)
SI_UNIT(.KILO.,.GRAM.)
);
#4737=MASS_MEASURE_WITH_UNIT(MASS_MEASURE(0.001),#4736);
#4738=DERIVED_UNIT((#4732,#4733));
#4739=MEASURE_REPRESENTATION_ITEM('density measure',
POSITIVE_RATIO_MEASURE(1.),#4738);
#4740=PROPERTY_DEFINITION_REPRESENTATION(#4745,#4742);
#4741=PROPERTY_DEFINITION_REPRESENTATION(#4746,#4743);
#4742=REPRESENTATION('material name',(#4744),#8513);
#4743=REPRESENTATION('density',(#4739),#8513);
#4744=DESCRIPTIVE_REPRESENTATION_ITEM('Generisch','Generisch');
#4745=PROPERTY_DEFINITION('material property','material name',#8523);
#4746=PROPERTY_DEFINITION('material property','density of part',#8523);
#4747=DATE_TIME_ROLE('creation_date');
#4748=APPLIED_DATE_AND_TIME_ASSIGNMENT(#4749,#4747,(#8523));
#4749=DATE_AND_TIME(#4750,#4751);
#4750=CALENDAR_DATE(2024,28,10);
#4751=LOCAL_TIME(0,0,0.,#4752);
#4752=COORDINATED_UNIVERSAL_TIME_OFFSET(0,0,.BEHIND.);
#4753=AXIS2_PLACEMENT_3D('',#6589,#5219,#5220);
#4754=AXIS2_PLACEMENT_3D('',#6645,#5221,#5222);
#4755=AXIS2_PLACEMENT_3D('',#6664,#5225,#5226);
#4756=AXIS2_PLACEMENT_3D('',#6781,#5230,#5231);
#4757=AXIS2_PLACEMENT_3D('',#6790,#5236,#5237);
#4758=AXIS2_PLACEMENT_3D('',#6792,#5238,#5239);
#4759=AXIS2_PLACEMENT_3D('',#6795,#5241,#5242);
#4760=AXIS2_PLACEMENT_3D('',#6796,#5243,#5244);
#4761=AXIS2_PLACEMENT_3D('',#6802,#5248,#5249);
#4762=AXIS2_PLACEMENT_3D('',#6804,#5250,#5251);
#4763=AXIS2_PLACEMENT_3D('',#6807,#5253,#5254);
#4764=AXIS2_PLACEMENT_3D('',#6808,#5255,#5256);
#4765=AXIS2_PLACEMENT_3D('',#6814,#5260,#5261);
#4766=AXIS2_PLACEMENT_3D('',#6816,#5262,#5263);
#4767=AXIS2_PLACEMENT_3D('',#6819,#5265,#5266);
#4768=AXIS2_PLACEMENT_3D('',#6820,#5267,#5268);
#4769=AXIS2_PLACEMENT_3D('',#6826,#5272,#5273);
#4770=AXIS2_PLACEMENT_3D('',#6827,#5274,#5275);
#4771=AXIS2_PLACEMENT_3D('',#6829,#5276,#5277);
#4772=AXIS2_PLACEMENT_3D('',#6924,#5280,#5281);
#4773=AXIS2_PLACEMENT_3D('',#6928,#5283,#5284);
#4774=AXIS2_PLACEMENT_3D('',#6968,#5287,#5288);
#4775=AXIS2_PLACEMENT_3D('',#6980,#5293,#5294);
#4776=AXIS2_PLACEMENT_3D('',#6984,#5296,#5297);
#4777=AXIS2_PLACEMENT_3D('',#6985,#5298,#5299);
#4778=AXIS2_PLACEMENT_3D('',#6986,#5300,#5301);
#4779=AXIS2_PLACEMENT_3D('',#6994,#5306,#5307);
#4780=AXIS2_PLACEMENT_3D('',#6997,#5309,#5310);
#4781=AXIS2_PLACEMENT_3D('',#6998,#5311,#5312);
#4782=AXIS2_PLACEMENT_3D('',#7010,#5319,#5320);
#4783=AXIS2_PLACEMENT_3D('',#7014,#5322,#5323);
#4784=AXIS2_PLACEMENT_3D('',#7015,#5324,#5325);
#4785=AXIS2_PLACEMENT_3D('',#7016,#5326,#5327);
#4786=AXIS2_PLACEMENT_3D('',#7018,#5328,#5329);
#4787=AXIS2_PLACEMENT_3D('',#7020,#5330,#5331);
#4788=AXIS2_PLACEMENT_3D('',#7035,#5335,#5336);
#4789=AXIS2_PLACEMENT_3D('',#7036,#5337,#5338);
#4790=AXIS2_PLACEMENT_3D('',#7037,#5339,#5340);
#4791=AXIS2_PLACEMENT_3D('',#7047,#5345,#5346);
#4792=AXIS2_PLACEMENT_3D('',#7048,#5347,#5348);
#4793=AXIS2_PLACEMENT_3D('',#7056,#5353,#5354);
#4794=AXIS2_PLACEMENT_3D('',#7057,#5355,#5356);
#4795=AXIS2_PLACEMENT_3D('',#7058,#5357,#5358);
#4796=AXIS2_PLACEMENT_3D('',#7066,#5363,#5364);
#4797=AXIS2_PLACEMENT_3D('',#7068,#5365,#5366);
#4798=AXIS2_PLACEMENT_3D('',#7071,#5368,#5369);
#4799=AXIS2_PLACEMENT_3D('',#7072,#5370,#5371);
#4800=AXIS2_PLACEMENT_3D('',#7078,#5375,#5376);
#4801=AXIS2_PLACEMENT_3D('',#7082,#5378,#5379);
#4802=AXIS2_PLACEMENT_3D('',#7083,#5380,#5381);
#4803=AXIS2_PLACEMENT_3D('',#7084,#5382,#5383);
#4804=AXIS2_PLACEMENT_3D('',#7090,#5387,#5388);
#4805=AXIS2_PLACEMENT_3D('',#7094,#5390,#5391);
#4806=AXIS2_PLACEMENT_3D('',#7095,#5392,#5393);
#4807=AXIS2_PLACEMENT_3D('',#7096,#5394,#5395);
#4808=AXIS2_PLACEMENT_3D('',#7102,#5399,#5400);
#4809=AXIS2_PLACEMENT_3D('',#7108,#5404,#5405);
#4810=AXIS2_PLACEMENT_3D('',#7110,#5406,#5407);
#4811=AXIS2_PLACEMENT_3D('',#7113,#5409,#5410);
#4812=AXIS2_PLACEMENT_3D('',#7114,#5411,#5412);
#4813=AXIS2_PLACEMENT_3D('',#7120,#5416,#5417);
#4814=AXIS2_PLACEMENT_3D('',#7122,#5418,#5419);
#4815=AXIS2_PLACEMENT_3D('',#7125,#5421,#5422);
#4816=AXIS2_PLACEMENT_3D('',#7126,#5423,#5424);
#4817=AXIS2_PLACEMENT_3D('',#7132,#5428,#5429);
#4818=AXIS2_PLACEMENT_3D('',#7138,#5433,#5434);
#4819=AXIS2_PLACEMENT_3D('',#7142,#5436,#5437);
#4820=AXIS2_PLACEMENT_3D('',#7143,#5438,#5439);
#4821=AXIS2_PLACEMENT_3D('',#7144,#5440,#5441);
#4822=AXIS2_PLACEMENT_3D('',#7147,#5442,#5443);
#4823=AXIS2_PLACEMENT_3D('',#7151,#5446,#5447);
#4824=AXIS2_PLACEMENT_3D('',#7152,#5448,#5449);
#4825=AXIS2_PLACEMENT_3D('',#7153,#5450,#5451);
#4826=AXIS2_PLACEMENT_3D('',#7154,#5452,#5453);
#4827=AXIS2_PLACEMENT_3D('',#7156,#5455,#5456);
#4828=AXIS2_PLACEMENT_3D('',#7158,#5457,#5458);
#4829=AXIS2_PLACEMENT_3D('',#7162,#5461,#5462);
#4830=AXIS2_PLACEMENT_3D('',#7166,#5464,#5465);
#4831=AXIS2_PLACEMENT_3D('',#7168,#5467,#5468);
#4832=AXIS2_PLACEMENT_3D('',#7178,#5473,#5474);
#4833=AXIS2_PLACEMENT_3D('',#7183,#5477,#5478);
#4834=AXIS2_PLACEMENT_3D('',#7184,#5479,#5480);
#4835=AXIS2_PLACEMENT_3D('',#7187,#5482,#5483);
#4836=AXIS2_PLACEMENT_3D('',#7188,#5484,#5485);
#4837=AXIS2_PLACEMENT_3D('',#7192,#5488,#5489);
#4838=AXIS2_PLACEMENT_3D('',#7195,#5491,#5492);
#4839=AXIS2_PLACEMENT_3D('',#7196,#5493,#5494);
#4840=AXIS2_PLACEMENT_3D('',#7201,#5497,#5498);
#4841=AXIS2_PLACEMENT_3D('',#7202,#5499,#5500);
#4842=AXIS2_PLACEMENT_3D('',#7204,#5502,#5503);
#4843=AXIS2_PLACEMENT_3D('',#7213,#5508,#5509);
#4844=AXIS2_PLACEMENT_3D('',#7215,#5510,#5511);
#4845=AXIS2_PLACEMENT_3D('',#7218,#5513,#5514);
#4846=AXIS2_PLACEMENT_3D('',#7219,#5515,#5516);
#4847=AXIS2_PLACEMENT_3D('',#7229,#5520,#5521);
#4848=AXIS2_PLACEMENT_3D('',#7237,#5526,#5527);
#4849=AXIS2_PLACEMENT_3D('',#7240,#5528,#5529);
#4850=AXIS2_PLACEMENT_3D('',#7246,#5533,#5534);
#4851=AXIS2_PLACEMENT_3D('',#7248,#5535,#5536);
#4852=AXIS2_PLACEMENT_3D('',#7251,#5538,#5539);
#4853=AXIS2_PLACEMENT_3D('',#7252,#5540,#5541);
#4854=AXIS2_PLACEMENT_3D('',#7257,#5545,#5546);
#4855=AXIS2_PLACEMENT_3D('',#7258,#5547,#5548);
#4856=AXIS2_PLACEMENT_3D('',#7259,#5549,#5550);
#4857=AXIS2_PLACEMENT_3D('',#7260,#5551,#5552);
#4858=AXIS2_PLACEMENT_3D('',#7261,#5553,#5554);
#4859=AXIS2_PLACEMENT_3D('',#7271,#5558,#5559);
#4860=AXIS2_PLACEMENT_3D('',#7274,#5561,#5562);
#4861=AXIS2_PLACEMENT_3D('',#7275,#5563,#5564);
#4862=AXIS2_PLACEMENT_3D('',#7279,#5567,#5568);
#4863=AXIS2_PLACEMENT_3D('',#7282,#5570,#5571);
#4864=AXIS2_PLACEMENT_3D('',#7283,#5572,#5573);
#4865=AXIS2_PLACEMENT_3D('',#7287,#5576,#5577);
#4866=AXIS2_PLACEMENT_3D('',#7290,#5579,#5580);
#4867=AXIS2_PLACEMENT_3D('',#7291,#5581,#5582);
#4868=AXIS2_PLACEMENT_3D('',#7299,#5587,#5588);
#4869=AXIS2_PLACEMENT_3D('',#7302,#5590,#5591);
#4870=AXIS2_PLACEMENT_3D('',#7303,#5592,#5593);
#4871=AXIS2_PLACEMENT_3D('',#7305,#5594,#5595);
#4872=AXIS2_PLACEMENT_3D('',#7311,#5599,#5600);
#4873=AXIS2_PLACEMENT_3D('',#7313,#5601,#5602);
#4874=AXIS2_PLACEMENT_3D('',#7316,#5604,#5605);
#4875=AXIS2_PLACEMENT_3D('',#7317,#5606,#5607);
#4876=AXIS2_PLACEMENT_3D('',#7323,#5611,#5612);
#4877=AXIS2_PLACEMENT_3D('',#7327,#5614,#5615);
#4878=AXIS2_PLACEMENT_3D('',#7328,#5616,#5617);
#4879=AXIS2_PLACEMENT_3D('',#7329,#5618,#5619);
#4880=AXIS2_PLACEMENT_3D('',#7335,#5623,#5624);
#4881=AXIS2_PLACEMENT_3D('',#7339,#5626,#5627);
#4882=AXIS2_PLACEMENT_3D('',#7340,#5628,#5629);
#4883=AXIS2_PLACEMENT_3D('',#7341,#5630,#5631);
#4884=AXIS2_PLACEMENT_3D('',#7347,#5635,#5636);
#4885=AXIS2_PLACEMENT_3D('',#7351,#5638,#5639);
#4886=AXIS2_PLACEMENT_3D('',#7355,#5641,#5642);
#4887=AXIS2_PLACEMENT_3D('',#7361,#5645,#5646);
#4888=AXIS2_PLACEMENT_3D('',#7367,#5649,#5650);
#4889=AXIS2_PLACEMENT_3D('',#7373,#5653,#5654);
#4890=AXIS2_PLACEMENT_3D('',#7375,#5656,#5657);
#4891=AXIS2_PLACEMENT_3D('',#7377,#5659,#5660);
#4892=AXIS2_PLACEMENT_3D('',#7379,#5661,#5662);
#4893=AXIS2_PLACEMENT_3D('',#7381,#5664,#5665);
#4894=AXIS2_PLACEMENT_3D('',#7385,#5668,#5669);
#4895=AXIS2_PLACEMENT_3D('',#7387,#5670,#5671);
#4896=AXIS2_PLACEMENT_3D('',#7389,#5673,#5674);
#4897=AXIS2_PLACEMENT_3D('',#7391,#5675,#5676);
#4898=AXIS2_PLACEMENT_3D('',#7393,#5678,#5679);
#4899=AXIS2_PLACEMENT_3D('',#7402,#5685,#5686);
#4900=AXIS2_PLACEMENT_3D('',#7405,#5688,#5689);
#4901=AXIS2_PLACEMENT_3D('',#7406,#5690,#5691);
#4902=AXIS2_PLACEMENT_3D('',#7410,#5694,#5695);
#4903=AXIS2_PLACEMENT_3D('',#7411,#5696,#5697);
#4904=AXIS2_PLACEMENT_3D('',#7412,#5698,#5699);
#4905=AXIS2_PLACEMENT_3D('',#7419,#5703,#5704);
#4906=AXIS2_PLACEMENT_3D('',#7420,#5705,#5706);
#4907=AXIS2_PLACEMENT_3D('',#7423,#5708,#5709);
#4908=AXIS2_PLACEMENT_3D('',#7424,#5710,#5711);
#4909=AXIS2_PLACEMENT_3D('',#7428,#5714,#5715);
#4910=AXIS2_PLACEMENT_3D('',#7434,#5719,#5720);
#4911=AXIS2_PLACEMENT_3D('',#7437,#5722,#5723);
#4912=AXIS2_PLACEMENT_3D('',#7438,#5724,#5725);
#4913=AXIS2_PLACEMENT_3D('',#7440,#5726,#5727);
#4914=AXIS2_PLACEMENT_3D('',#7442,#5729,#5730);
#4915=AXIS2_PLACEMENT_3D('',#7443,#5731,#5732);
#4916=AXIS2_PLACEMENT_3D('',#7444,#5733,#5734);
#4917=AXIS2_PLACEMENT_3D('',#7452,#5739,#5740);
#4918=AXIS2_PLACEMENT_3D('',#7455,#5742,#5743);
#4919=AXIS2_PLACEMENT_3D('',#7456,#5744,#5745);
#4920=AXIS2_PLACEMENT_3D('',#7460,#5748,#5749);
#4921=AXIS2_PLACEMENT_3D('',#7463,#5751,#5752);
#4922=AXIS2_PLACEMENT_3D('',#7464,#5753,#5754);
#4923=AXIS2_PLACEMENT_3D('',#7468,#5757,#5758);
#4924=AXIS2_PLACEMENT_3D('',#7470,#5759,#5760);
#4925=AXIS2_PLACEMENT_3D('',#7473,#5762,#5763);
#4926=AXIS2_PLACEMENT_3D('',#7474,#5764,#5765);
#4927=AXIS2_PLACEMENT_3D('',#7478,#5767,#5768);
#4928=AXIS2_PLACEMENT_3D('',#7482,#5770,#5771);
#4929=AXIS2_PLACEMENT_3D('',#7486,#5773,#5774);
#4930=AXIS2_PLACEMENT_3D('',#7490,#5776,#5777);
#4931=AXIS2_PLACEMENT_3D('',#7493,#5779,#5780);
#4932=AXIS2_PLACEMENT_3D('',#7495,#5781,#5782);
#4933=AXIS2_PLACEMENT_3D('',#7499,#5784,#5785);
#4934=AXIS2_PLACEMENT_3D('',#7515,#5789,#5790);
#4935=AXIS2_PLACEMENT_3D('',#7519,#5792,#5793);
#4936=AXIS2_PLACEMENT_3D('',#7523,#5795,#5796);
#4937=AXIS2_PLACEMENT_3D('',#7527,#5798,#5799);
#4938=AXIS2_PLACEMENT_3D('',#7531,#5801,#5802);
#4939=AXIS2_PLACEMENT_3D('',#7535,#5804,#5805);
#4940=AXIS2_PLACEMENT_3D('',#7539,#5807,#5808);
#4941=AXIS2_PLACEMENT_3D('',#7543,#5810,#5811);
#4942=AXIS2_PLACEMENT_3D('',#7545,#5813,#5814);
#4943=AXIS2_PLACEMENT_3D('',#7548,#5815,#5816);
#4944=AXIS2_PLACEMENT_3D('',#7549,#5817,#5818);
#4945=AXIS2_PLACEMENT_3D('',#7551,#5820,#5821);
#4946=AXIS2_PLACEMENT_3D('',#7555,#5823,#5824);
#4947=AXIS2_PLACEMENT_3D('',#7557,#5826,#5827);
#4948=AXIS2_PLACEMENT_3D('',#7561,#5830,#5831);
#4949=AXIS2_PLACEMENT_3D('',#7564,#5833,#5834);
#4950=AXIS2_PLACEMENT_3D('',#7565,#5835,#5836);
#4951=AXIS2_PLACEMENT_3D('',#7569,#5839,#5840);
#4952=AXIS2_PLACEMENT_3D('',#7572,#5842,#5843);
#4953=AXIS2_PLACEMENT_3D('',#7573,#5844,#5845);
#4954=AXIS2_PLACEMENT_3D('',#7577,#5848,#5849);
#4955=AXIS2_PLACEMENT_3D('',#7580,#5851,#5852);
#4956=AXIS2_PLACEMENT_3D('',#7581,#5853,#5854);
#4957=AXIS2_PLACEMENT_3D('',#7583,#5856,#5857);
#4958=AXIS2_PLACEMENT_3D('',#7589,#5861,#5862);
#4959=AXIS2_PLACEMENT_3D('',#7592,#5864,#5865);
#4960=AXIS2_PLACEMENT_3D('',#7593,#5866,#5867);
#4961=AXIS2_PLACEMENT_3D('',#7597,#5870,#5871);
#4962=AXIS2_PLACEMENT_3D('',#7600,#5873,#5874);
#4963=AXIS2_PLACEMENT_3D('',#7601,#5875,#5876);
#4964=AXIS2_PLACEMENT_3D('',#7605,#5878,#5879);
#4965=AXIS2_PLACEMENT_3D('',#7607,#5881,#5882);
#4966=AXIS2_PLACEMENT_3D('',#7611,#5885,#5886);
#4967=AXIS2_PLACEMENT_3D('',#7614,#5888,#5889);
#4968=AXIS2_PLACEMENT_3D('',#7615,#5890,#5891);
#4969=AXIS2_PLACEMENT_3D('',#7619,#5894,#5895);
#4970=AXIS2_PLACEMENT_3D('',#7622,#5897,#5898);
#4971=AXIS2_PLACEMENT_3D('',#7623,#5899,#5900);
#4972=AXIS2_PLACEMENT_3D('',#7627,#5903,#5904);
#4973=AXIS2_PLACEMENT_3D('',#7630,#5906,#5907);
#4974=AXIS2_PLACEMENT_3D('',#7631,#5908,#5909);
#4975=AXIS2_PLACEMENT_3D('',#7633,#5911,#5912);
#4976=AXIS2_PLACEMENT_3D('',#7639,#5916,#5917);
#4977=AXIS2_PLACEMENT_3D('',#7642,#5919,#5920);
#4978=AXIS2_PLACEMENT_3D('',#7643,#5921,#5922);
#4979=AXIS2_PLACEMENT_3D('',#7647,#5925,#5926);
#4980=AXIS2_PLACEMENT_3D('',#7650,#5928,#5929);
#4981=AXIS2_PLACEMENT_3D('',#7651,#5930,#5931);
#4982=AXIS2_PLACEMENT_3D('',#7652,#5932,#5933);
#4983=AXIS2_PLACEMENT_3D('',#7654,#5935,#5936);
#4984=AXIS2_PLACEMENT_3D('',#7657,#5938,#5939);
#4985=AXIS2_PLACEMENT_3D('',#7658,#5940,#5941);
#4986=AXIS2_PLACEMENT_3D('',#7662,#5944,#5945);
#4987=AXIS2_PLACEMENT_3D('',#7665,#5947,#5948);
#4988=AXIS2_PLACEMENT_3D('',#7666,#5949,#5950);
#4989=AXIS2_PLACEMENT_3D('',#7670,#5953,#5954);
#4990=AXIS2_PLACEMENT_3D('',#7673,#5956,#5957);
#4991=AXIS2_PLACEMENT_3D('',#7674,#5958,#5959);
#4992=AXIS2_PLACEMENT_3D('',#7678,#5962,#5963);
#4993=AXIS2_PLACEMENT_3D('',#7680,#5965,#5966);
#4994=AXIS2_PLACEMENT_3D('',#7681,#5967,#5968);
#4995=AXIS2_PLACEMENT_3D('',#7682,#5969,#5970);
#4996=AXIS2_PLACEMENT_3D('',#7691,#5975,#5976);
#4997=AXIS2_PLACEMENT_3D('',#7695,#5978,#5979);
#4998=AXIS2_PLACEMENT_3D('',#7696,#5980,#5981);
#4999=AXIS2_PLACEMENT_3D('',#7697,#5982,#5983);
#5000=AXIS2_PLACEMENT_3D('',#7703,#5987,#5988);
#5001=AXIS2_PLACEMENT_3D('',#7707,#5990,#5991);
#5002=AXIS2_PLACEMENT_3D('',#7708,#5992,#5993);
#5003=AXIS2_PLACEMENT_3D('',#7709,#5994,#5995);
#5004=AXIS2_PLACEMENT_3D('',#7715,#5999,#6000);
#5005=AXIS2_PLACEMENT_3D('',#7721,#6004,#6005);
#5006=AXIS2_PLACEMENT_3D('',#7725,#6007,#6008);
#5007=AXIS2_PLACEMENT_3D('',#7726,#6009,#6010);
#5008=AXIS2_PLACEMENT_3D('',#7727,#6011,#6012);
#5009=AXIS2_PLACEMENT_3D('',#7733,#6016,#6017);
#5010=AXIS2_PLACEMENT_3D('',#7737,#6019,#6020);
#5011=AXIS2_PLACEMENT_3D('',#7738,#6021,#6022);
#5012=AXIS2_PLACEMENT_3D('',#7739,#6023,#6024);
#5013=AXIS2_PLACEMENT_3D('',#7745,#6028,#6029);
#5014=AXIS2_PLACEMENT_3D('',#7748,#6031,#6032);
#5015=AXIS2_PLACEMENT_3D('',#7749,#6033,#6034);
#5016=AXIS2_PLACEMENT_3D('',#7750,#6035,#6036);
#5017=AXIS2_PLACEMENT_3D('',#7754,#6039,#6040);
#5018=AXIS2_PLACEMENT_3D('',#7759,#6044,#6045);
#5019=AXIS2_PLACEMENT_3D('',#7760,#6046,#6047);
#5020=AXIS2_PLACEMENT_3D('',#7765,#6051,#6052);
#5021=AXIS2_PLACEMENT_3D('',#7766,#6053,#6054);
#5022=AXIS2_PLACEMENT_3D('',#7769,#6057,#6058);
#5023=AXIS2_PLACEMENT_3D('',#7771,#6060,#6061);
#5024=AXIS2_PLACEMENT_3D('',#7773,#6063,#6064);
#5025=AXIS2_PLACEMENT_3D('',#7775,#6066,#6067);
#5026=AXIS2_PLACEMENT_3D('',#7777,#6069,#6070);
#5027=AXIS2_PLACEMENT_3D('',#7779,#6072,#6073);
#5028=AXIS2_PLACEMENT_3D('',#7781,#6075,#6076);
#5029=AXIS2_PLACEMENT_3D('',#7783,#6078,#6079);
#5030=AXIS2_PLACEMENT_3D('',#7785,#6081,#6082);
#5031=AXIS2_PLACEMENT_3D('',#7786,#6083,#6084);
#5032=AXIS2_PLACEMENT_3D('',#7792,#6088,#6089);
#5033=AXIS2_PLACEMENT_3D('',#7795,#6091,#6092);
#5034=AXIS2_PLACEMENT_3D('',#7796,#6093,#6094);
#5035=AXIS2_PLACEMENT_3D('',#7800,#6097,#6098);
#5036=AXIS2_PLACEMENT_3D('',#7803,#6100,#6101);
#5037=AXIS2_PLACEMENT_3D('',#7804,#6102,#6103);
#5038=AXIS2_PLACEMENT_3D('',#7810,#6107,#6108);
#5039=AXIS2_PLACEMENT_3D('',#7812,#6109,#6110);
#5040=AXIS2_PLACEMENT_3D('',#7815,#6112,#6113);
#5041=AXIS2_PLACEMENT_3D('',#7816,#6114,#6115);
#5042=AXIS2_PLACEMENT_3D('',#7822,#6119,#6120);
#5043=AXIS2_PLACEMENT_3D('',#7823,#6121,#6122);
#5044=AXIS2_PLACEMENT_3D('',#7824,#6123,#6124);
#5045=AXIS2_PLACEMENT_3D('',#7825,#6125,#6126);
#5046=AXIS2_PLACEMENT_3D('',#7829,#6128,#6129);
#5047=AXIS2_PLACEMENT_3D('',#7833,#6131,#6132);
#5048=AXIS2_PLACEMENT_3D('',#7837,#6134,#6135);
#5049=AXIS2_PLACEMENT_3D('',#7841,#6137,#6138);
#5050=AXIS2_PLACEMENT_3D('',#7845,#6140,#6141);
#5051=AXIS2_PLACEMENT_3D('',#7849,#6143,#6144);
#5052=AXIS2_PLACEMENT_3D('',#7853,#6146,#6147);
#5053=AXIS2_PLACEMENT_3D('',#7857,#6149,#6150);
#5054=AXIS2_PLACEMENT_3D('',#7861,#6152,#6153);
#5055=AXIS2_PLACEMENT_3D('',#7865,#6155,#6156);
#5056=AXIS2_PLACEMENT_3D('',#7871,#6159,#6160);
#5057=AXIS2_PLACEMENT_3D('',#7875,#6162,#6163);
#5058=AXIS2_PLACEMENT_3D('',#7879,#6165,#6166);
#5059=AXIS2_PLACEMENT_3D('',#7882,#6168,#6169);
#5060=AXIS2_PLACEMENT_3D('',#7884,#6170,#6171);
#5061=AXIS2_PLACEMENT_3D('',#7885,#6172,#6173);
#5062=AXIS2_PLACEMENT_3D('',#7891,#6177,#6178);
#5063=AXIS2_PLACEMENT_3D('',#7892,#6179,#6180);
#5064=AXIS2_PLACEMENT_3D('',#7894,#6182,#6183);
#5065=AXIS2_PLACEMENT_3D('',#7896,#6185,#6186);
#5066=AXIS2_PLACEMENT_3D('',#7898,#6188,#6189);
#5067=AXIS2_PLACEMENT_3D('',#7900,#6191,#6192);
#5068=AXIS2_PLACEMENT_3D('',#7902,#6194,#6195);
#5069=AXIS2_PLACEMENT_3D('',#7906,#6198,#6199);
#5070=AXIS2_PLACEMENT_3D('',#7907,#6200,#6201);
#5071=AXIS2_PLACEMENT_3D('',#7908,#6202,#6203);
#5072=AXIS2_PLACEMENT_3D('',#7910,#6205,#6206);
#5073=AXIS2_PLACEMENT_3D('',#7912,#6208,#6209);
#5074=AXIS2_PLACEMENT_3D('',#7914,#6211,#6212);
#5075=AXIS2_PLACEMENT_3D('',#7920,#6216,#6217);
#5076=AXIS2_PLACEMENT_3D('',#7921,#6218,#6219);
#5077=AXIS2_PLACEMENT_3D('',#7923,#6221,#6222);
#5078=AXIS2_PLACEMENT_3D('',#7925,#6224,#6225);
#5079=AXIS2_PLACEMENT_3D('',#7927,#6227,#6228);
#5080=AXIS2_PLACEMENT_3D('',#7929,#6230,#6231);
#5081=AXIS2_PLACEMENT_3D('',#7931,#6233,#6234);
#5082=AXIS2_PLACEMENT_3D('',#7933,#6236,#6237);
#5083=AXIS2_PLACEMENT_3D('',#7935,#6239,#6240);
#5084=AXIS2_PLACEMENT_3D('',#7937,#6242,#6243);
#5085=AXIS2_PLACEMENT_3D('',#7939,#6244,#6245);
#5086=AXIS2_PLACEMENT_3D('',#7941,#6247,#6248);
#5087=AXIS2_PLACEMENT_3D('',#7945,#6251,#6252);
#5088=AXIS2_PLACEMENT_3D('',#7947,#6253,#6254);
#5089=AXIS2_PLACEMENT_3D('',#7949,#6256,#6257);
#5090=AXIS2_PLACEMENT_3D('',#7953,#6260,#6261);
#5091=AXIS2_PLACEMENT_3D('',#7955,#6262,#6263);
#5092=AXIS2_PLACEMENT_3D('',#7957,#6265,#6266);
#5093=AXIS2_PLACEMENT_3D('',#7961,#6269,#6270);
#5094=AXIS2_PLACEMENT_3D('',#7962,#6271,#6272);
#5095=AXIS2_PLACEMENT_3D('',#7964,#6274,#6275);
#5096=AXIS2_PLACEMENT_3D('',#7966,#6277,#6278);
#5097=AXIS2_PLACEMENT_3D('',#7968,#6280,#6281);
#5098=AXIS2_PLACEMENT_3D('',#7970,#6283,#6284);
#5099=AXIS2_PLACEMENT_3D('',#7972,#6285,#6286);
#5100=AXIS2_PLACEMENT_3D('',#7974,#6288,#6289);
#5101=AXIS2_PLACEMENT_3D('',#7976,#6291,#6292);
#5102=AXIS2_PLACEMENT_3D('',#7980,#6295,#6296);
#5103=AXIS2_PLACEMENT_3D('',#7982,#6297,#6298);
#5104=AXIS2_PLACEMENT_3D('',#7983,#6299,#6300);
#5105=AXIS2_PLACEMENT_3D('',#7984,#6301,#6302);
#5106=AXIS2_PLACEMENT_3D('',#7986,#6304,#6305);
#5107=AXIS2_PLACEMENT_3D('',#7988,#6307,#6308);
#5108=AXIS2_PLACEMENT_3D('',#7990,#6310,#6311);
#5109=AXIS2_PLACEMENT_3D('',#7992,#6313,#6314);
#5110=AXIS2_PLACEMENT_3D('',#7994,#6316,#6317);
#5111=AXIS2_PLACEMENT_3D('',#7996,#6319,#6320);
#5112=AXIS2_PLACEMENT_3D('',#7997,#6321,#6322);
#5113=AXIS2_PLACEMENT_3D('',#7999,#6324,#6325);
#5114=AXIS2_PLACEMENT_3D('',#8001,#6327,#6328);
#5115=AXIS2_PLACEMENT_3D('',#8003,#6329,#6330);
#5116=AXIS2_PLACEMENT_3D('',#8006,#6332,#6333);
#5117=AXIS2_PLACEMENT_3D('',#8007,#6334,#6335);
#5118=AXIS2_PLACEMENT_3D('',#8008,#6336,#6337);
#5119=AXIS2_PLACEMENT_3D('',#8010,#6338,#6339);
#5120=AXIS2_PLACEMENT_3D('',#8012,#6340,#6341);
#5121=AXIS2_PLACEMENT_3D('',#8016,#6343,#6344);
#5122=AXIS2_PLACEMENT_3D('',#8019,#6346,#6347);
#5123=AXIS2_PLACEMENT_3D('',#8020,#6348,#6349);
#5124=AXIS2_PLACEMENT_3D('',#8022,#6350,#6351);
#5125=AXIS2_PLACEMENT_3D('',#8023,#6352,#6353);
#5126=AXIS2_PLACEMENT_3D('',#8024,#6354,#6355);
#5127=AXIS2_PLACEMENT_3D('',#8027,#6357,#6358);
#5128=AXIS2_PLACEMENT_3D('',#8028,#6359,#6360);
#5129=AXIS2_PLACEMENT_3D('',#8031,#6362,#6363);
#5130=AXIS2_PLACEMENT_3D('',#8032,#6364,#6365);
#5131=AXIS2_PLACEMENT_3D('',#8035,#6368,#6369);
#5132=AXIS2_PLACEMENT_3D('',#8039,#6372,#6373);
#5133=AXIS2_PLACEMENT_3D('',#8043,#6375,#6376);
#5134=AXIS2_PLACEMENT_3D('',#8045,#6378,#6379);
#5135=AXIS2_PLACEMENT_3D('',#8049,#6382,#6383);
#5136=AXIS2_PLACEMENT_3D('',#8052,#6385,#6386);
#5137=AXIS2_PLACEMENT_3D('',#8053,#6387,#6388);
#5138=AXIS2_PLACEMENT_3D('',#8056,#6390,#6391);
#5139=AXIS2_PLACEMENT_3D('',#8067,#6394,#6395);
#5140=AXIS2_PLACEMENT_3D('',#8069,#6397,#6398);
#5141=AXIS2_PLACEMENT_3D('',#8070,#6399,#6400);
#5142=AXIS2_PLACEMENT_3D('',#8071,#6401,#6402);
#5143=AXIS2_PLACEMENT_3D('',#8072,#6403,#6404);
#5144=AXIS2_PLACEMENT_3D('',#8073,#6405,#6406);
#5145=AXIS2_PLACEMENT_3D('',#8074,#6407,#6408);
#5146=AXIS2_PLACEMENT_3D('',#8075,#6409,#6410);
#5147=AXIS2_PLACEMENT_3D('',#8076,#6411,#6412);
#5148=AXIS2_PLACEMENT_3D('',#8078,#6414,#6415);
#5149=AXIS2_PLACEMENT_3D('',#8079,#6416,#6417);
#5150=AXIS2_PLACEMENT_3D('',#8082,#6420,#6421);
#5151=AXIS2_PLACEMENT_3D('',#8083,#6422,#6423);
#5152=AXIS2_PLACEMENT_3D('',#8085,#6425,#6426);
#5153=AXIS2_PLACEMENT_3D('',#8086,#6427,#6428);
#5154=AXIS2_PLACEMENT_3D('',#8254,#6429,#6430);
#5155=AXIS2_PLACEMENT_3D('',#8257,#6432,#6433);
#5156=AXIS2_PLACEMENT_3D('',#8266,#6435,#6436);
#5157=AXIS2_PLACEMENT_3D('',#8268,#6437,#6438);
#5158=AXIS2_PLACEMENT_3D('',#8269,#6439,#6440);
#5159=AXIS2_PLACEMENT_3D('',#8270,#6441,#6442);
#5160=AXIS2_PLACEMENT_3D('',#8271,#6443,#6444);
#5161=AXIS2_PLACEMENT_3D('',#8272,#6445,#6446);
#5162=AXIS2_PLACEMENT_3D('',#8274,#6447,#6448);
#5163=AXIS2_PLACEMENT_3D('',#8293,#6449,#6450);
#5164=AXIS2_PLACEMENT_3D('',#8295,#6452,#6453);
#5165=AXIS2_PLACEMENT_3D('',#8312,#6455,#6456);
#5166=AXIS2_PLACEMENT_3D('',#8327,#6459,#6460);
#5167=AXIS2_PLACEMENT_3D('',#8329,#6462,#6463);
#5168=AXIS2_PLACEMENT_3D('',#8330,#6464,#6465);
#5169=AXIS2_PLACEMENT_3D('',#8333,#6467,#6468);
#5170=AXIS2_PLACEMENT_3D('',#8401,#6469,#6470);
#5171=AXIS2_PLACEMENT_3D('',#8422,#6471,#6472);
#5172=AXIS2_PLACEMENT_3D('',#8424,#6473,#6474);
#5173=AXIS2_PLACEMENT_3D('',#8426,#6476,#6477);
#5174=AXIS2_PLACEMENT_3D('',#8430,#6480,#6481);
#5175=AXIS2_PLACEMENT_3D('',#8433,#6484,#6485);
#5176=AXIS2_PLACEMENT_3D('',#8434,#6486,#6487);
#5177=AXIS2_PLACEMENT_3D('',#8435,#6488,#6489);
#5178=AXIS2_PLACEMENT_3D('',#8436,#6490,#6491);
#5179=AXIS2_PLACEMENT_3D('',#8439,#6493,#6494);
#5180=AXIS2_PLACEMENT_3D('',#8440,#6495,#6496);
#5181=AXIS2_PLACEMENT_3D('',#8441,#6497,#6498);
#5182=AXIS2_PLACEMENT_3D('',#8442,#6499,#6500);
#5183=AXIS2_PLACEMENT_3D('',#8443,#6501,#6502);
#5184=AXIS2_PLACEMENT_3D('',#8446,#6504,#6505);
#5185=AXIS2_PLACEMENT_3D('',#8447,#6506,#6507);
#5186=AXIS2_PLACEMENT_3D('',#8450,#6509,#6510);
#5187=AXIS2_PLACEMENT_3D('',#8451,#6511,#6512);
#5188=AXIS2_PLACEMENT_3D('',#8452,#6513,#6514);
#5189=AXIS2_PLACEMENT_3D('',#8453,#6515,#6516);
#5190=AXIS2_PLACEMENT_3D('',#8454,#6517,#6518);
#5191=AXIS2_PLACEMENT_3D('',#8455,#6519,#6520);
#5192=AXIS2_PLACEMENT_3D('',#8457,#6522,#6523);
#5193=AXIS2_PLACEMENT_3D('',#8458,#6524,#6525);
#5194=AXIS2_PLACEMENT_3D('',#8459,#6526,#6527);
#5195=AXIS2_PLACEMENT_3D('',#8462,#6529,#6530);
#5196=AXIS2_PLACEMENT_3D('',#8463,#6531,#6532);
#5197=AXIS2_PLACEMENT_3D('',#8465,#6534,#6535);
#5198=AXIS2_PLACEMENT_3D('',#8469,#6537,#6538);
#5199=AXIS2_PLACEMENT_3D('',#8471,#6540,#6541);
#5200=AXIS2_PLACEMENT_3D('',#8473,#6543,#6544);
#5201=AXIS2_PLACEMENT_3D('',#8476,#6545,#6546);
#5202=AXIS2_PLACEMENT_3D('',#8479,#6549,#6550);
#5203=AXIS2_PLACEMENT_3D('',#8481,#6551,#6552);
#5204=AXIS2_PLACEMENT_3D('',#8482,#6553,#6554);
#5205=AXIS2_PLACEMENT_3D('',#8486,#6556,#6557);
#5206=AXIS2_PLACEMENT_3D('',#8488,#6558,#6559);
#5207=AXIS2_PLACEMENT_3D('',#8491,#6562,#6563);
#5208=AXIS2_PLACEMENT_3D('',#8492,#6564,#6565);
#5209=AXIS2_PLACEMENT_3D('',#8497,#6567,#6568);
#5210=AXIS2_PLACEMENT_3D('',#8498,#6569,#6570);
#5211=AXIS2_PLACEMENT_3D('',#8501,#6572,#6573);
#5212=AXIS2_PLACEMENT_3D('',#8502,#6574,#6575);
#5213=AXIS2_PLACEMENT_3D('',#8505,#6577,#6578);
#5214=AXIS2_PLACEMENT_3D('',#8506,#6579,#6580);
#5215=AXIS2_PLACEMENT_3D('',#8507,#6581,#6582);
#5216=AXIS2_PLACEMENT_3D('',#8508,#6583,#6584);
#5217=AXIS2_PLACEMENT_3D('',#8509,#6585,#6586);
#5218=AXIS2_PLACEMENT_3D('',#8510,#6587,#6588);
#5219=DIRECTION('axis',(0.,0.,1.));
#5220=DIRECTION('refdir',(1.,0.,0.));
#5221=DIRECTION('center_axis',(-0.653281482438201,0.707106781186534,0.270598050073104));
#5222=DIRECTION('ref_axis',(0.382683432365091,0.,0.923879532511286));
#5223=DIRECTION('',(0.382683432365091,0.,0.923879532511286));
#5224=DIRECTION('',(-0.382683432365091,0.,-0.923879532511286));
#5225=DIRECTION('center_axis',(0.107091466058355,0.960045635836506,0.258541669772499));
#5226=DIRECTION('ref_axis',(0.,-0.260037098152425,0.965598626544418));
#5227=DIRECTION('',(0.923879532511287,0.,-0.38268343236509));
#5228=DIRECTION('',(-0.367393559149044,0.279843486812324,-0.88696651322613));
#5229=DIRECTION('',(-0.923879532511286,0.,0.38268343236509));
#5230=DIRECTION('center_axis',(0.653281482438188,0.707106781186548,-0.270598050073099));
#5231=DIRECTION('ref_axis',(-0.38268343236509,0.,-0.923879532511286));
#5232=DIRECTION('',(0.653281482438187,-0.707106781186547,-0.270598050073102));
#5233=DIRECTION('',(-0.38268343236509,0.,-0.923879532511286));
#5234=DIRECTION('',(-0.653281482438186,0.707106781186546,0.270598050073108));
#5235=DIRECTION('',(0.38268343236509,0.,0.923879532511286));
#5236=DIRECTION('center_axis',(0.,-1.,0.));
#5237=DIRECTION('ref_axis',(0.257781352995316,0.,-0.966203277808508));
#5238=DIRECTION('center_axis',(0.,1.,0.));
#5239=DIRECTION('ref_axis',(0.257781352995316,0.,-0.966203277808508));
#5240=DIRECTION('',(0.431663498306228,0.707106781186547,0.560059482760564));
#5241=DIRECTION('center_axis',(0.,-1.,0.));
#5242=DIRECTION('ref_axis',(0.257781352995316,0.,-0.966203277808508));
#5243=DIRECTION('center_axis',(-0.431663498306226,0.707106781186548,-0.560059482760563));
#5244=DIRECTION('ref_axis',(-0.79204371625565,0.,0.610464373686082));
#5245=DIRECTION('',(-0.79204371625565,0.,0.610464373686082));
#5246=DIRECTION('',(0.431663498306226,0.707106781186544,0.560059482760568));
#5247=DIRECTION('',(0.79204371625565,0.,-0.610464373686082));
#5248=DIRECTION('center_axis',(0.,-1.,0.));
#5249=DIRECTION('ref_axis',(-0.966203277808508,0.,-0.257781352995316));
#5250=DIRECTION('center_axis',(0.,1.,0.));
#5251=DIRECTION('ref_axis',(-0.966203277808508,0.,-0.257781352995316));
#5252=DIRECTION('',(0.653281482438188,0.707106781186548,-0.270598050073099));
#5253=DIRECTION('center_axis',(0.,-1.,0.));
#5254=DIRECTION('ref_axis',(-0.966203277808508,0.,-0.257781352995316));
#5255=DIRECTION('center_axis',(-0.653281482438182,0.707106781186554,0.270598050073096));
#5256=DIRECTION('ref_axis',(0.38268343236509,0.,0.923879532511287));
#5257=DIRECTION('',(0.38268343236509,0.,0.923879532511287));
#5258=DIRECTION('',(0.653281482438188,0.707106781186548,-0.270598050073099));
#5259=DIRECTION('',(-0.38268343236509,0.,-0.923879532511287));
#5260=DIRECTION('center_axis',(0.,-1.,0.));
#5261=DIRECTION('ref_axis',(-0.382683432365081,0.,0.923879532511291));
#5262=DIRECTION('center_axis',(0.,1.,0.));
#5263=DIRECTION('ref_axis',(-0.382683432365081,0.,0.923879532511291));
#5264=DIRECTION('',(-0.270598050073104,0.707106781186542,-0.653281482438192));
#5265=DIRECTION('center_axis',(0.,-1.,0.));
#5266=DIRECTION('ref_axis',(-0.382683432365081,0.,0.923879532511291));
#5267=DIRECTION('center_axis',(0.270598050073097,0.707106781186546,0.65328148243819));
#5268=DIRECTION('ref_axis',(0.923879532511288,0.,-0.382683432365087));
#5269=DIRECTION('',(0.923879532511288,0.,-0.382683432365087));
#5270=DIRECTION('',(-0.270598050073094,0.707106781186549,-0.653281482438189));
#5271=DIRECTION('',(-0.923879532511288,0.,0.382683432365087));
#5272=DIRECTION('center_axis',(0.,1.,0.));
#5273=DIRECTION('ref_axis',(0.382683432365081,0.,-0.92387953251129));
#5274=DIRECTION('center_axis',(0.,1.,0.));
#5275=DIRECTION('ref_axis',(0.382683432365081,0.,-0.923879532511291));
#5276=DIRECTION('center_axis',(0.,-1.,0.));
#5277=DIRECTION('ref_axis',(0.382683432365081,0.,-0.923879532511291));
#5278=DIRECTION('',(-0.68949529233236,0.700764888226735,0.18309782434558));
#5279=DIRECTION('',(0.774301153781277,-0.579097675109938,0.255154082732862));
#5280=DIRECTION('center_axis',(0.,1.,0.));
#5281=DIRECTION('ref_axis',(0.382683432365081,0.,-0.923879532511291));
#5282=DIRECTION('',(0.,-1.,0.));
#5283=DIRECTION('center_axis',(0.,1.,0.));
#5284=DIRECTION('ref_axis',(0.382683432365081,0.,-0.923879532511291));
#5285=DIRECTION('',(0.,-1.,0.));
#5286=DIRECTION('',(0.,1.,0.));
#5287=DIRECTION('center_axis',(0.382683432365087,0.,0.923879532511288));
#5288=DIRECTION('ref_axis',(0.923879532511288,0.,-0.382683432365087));
#5289=DIRECTION('',(0.,1.,0.));
#5290=DIRECTION('',(-0.923879532511289,0.,0.382683432365085));
#5291=DIRECTION('',(0.,1.,0.));
#5292=DIRECTION('',(-0.923879532511288,0.,0.382683432365087));
#5293=DIRECTION('center_axis',(0.,1.,0.));
#5294=DIRECTION('ref_axis',(-0.382683432365081,0.,0.923879532511291));
#5295=DIRECTION('',(0.,-1.,0.));
#5296=DIRECTION('center_axis',(-0.653281482438196,0.70710678118654,0.270598050073102));
#5297=DIRECTION('ref_axis',(-0.653281482438181,-0.707106781186556,0.270598050073096));
#5298=DIRECTION('center_axis',(0.,-1.,0.));
#5299=DIRECTION('ref_axis',(-0.382683432365081,0.,0.923879532511291));
#5300=DIRECTION('center_axis',(-0.923879532511287,0.,0.38268343236509));
#5301=DIRECTION('ref_axis',(0.38268343236509,0.,0.923879532511287));
#5302=DIRECTION('',(0.,1.,0.));
#5303=DIRECTION('',(-0.38268343236509,0.,-0.923879532511287));
#5304=DIRECTION('',(0.,-1.,0.));
#5305=DIRECTION('',(0.38268343236509,0.,0.923879532511287));
#5306=DIRECTION('center_axis',(0.,1.,0.));
#5307=DIRECTION('ref_axis',(-0.966203277808508,0.,-0.257781352995316));
#5308=DIRECTION('',(0.,-1.,0.));
#5309=DIRECTION('center_axis',(0.,-1.,0.));
#5310=DIRECTION('ref_axis',(-0.966203277808508,0.,-0.257781352995316));
#5311=DIRECTION('center_axis',(-0.610464373686082,0.,-0.79204371625565));
#5312=DIRECTION('ref_axis',(-0.79204371625565,0.,0.610464373686082));
#5313=DIRECTION('',(0.,1.,0.));
#5314=DIRECTION('',(-0.569840019872432,0.694538785894377,0.439201806280611));
#5315=DIRECTION('',(0.,1.,0.));
#5316=DIRECTION('',(-0.79204371625565,0.,0.610464373686082));
#5317=DIRECTION('',(0.,1.,0.));
#5318=DIRECTION('',(0.79204371625565,0.,-0.610464373686082));
#5319=DIRECTION('center_axis',(0.,1.,0.));
#5320=DIRECTION('ref_axis',(0.257781352995316,0.,-0.966203277808508));
#5321=DIRECTION('',(0.,-1.,0.));
#5322=DIRECTION('center_axis',(0.653281482438188,0.707106781186547,-0.270598050073099));
#5323=DIRECTION('ref_axis',(0.653281482438188,-0.707106781186548,-0.270598050073099));
#5324=DIRECTION('center_axis',(-0.309536731038034,0.92047237489628,0.238574137724713));
#5325=DIRECTION('ref_axis',(-0.729054360523516,-0.390807634332804,0.561915591836394));
#5326=DIRECTION('center_axis',(0.923879532511287,0.,-0.38268343236509));
#5327=DIRECTION('ref_axis',(-0.38268343236509,0.,-0.923879532511286));
#5328=DIRECTION('center_axis',(0.923879532511287,0.,-0.38268343236509));
#5329=DIRECTION('ref_axis',(0.173383945428931,0.891472868217055,0.418585872552281));
#5330=DIRECTION('center_axis',(-0.923879532511287,0.,0.38268343236509));
#5331=DIRECTION('ref_axis',(0.300891418882005,0.617886671965006,0.72641614426662));
#5332=DIRECTION('',(-0.0878088985683055,0.973319103521873,-0.211989433820646));
#5333=DIRECTION('',(0.,1.,0.));
#5334=DIRECTION('',(0.38268343236509,0.,0.923879532511287));
#5335=DIRECTION('center_axis',(0.341151897069655,-0.453074083603178,0.823613536734867));
#5336=DIRECTION('ref_axis',(0.923879532511286,0.,-0.382683432365092));
#5337=DIRECTION('center_axis',(0.,1.,0.));
#5338=DIRECTION('ref_axis',(0.,0.,1.));
#5339=DIRECTION('center_axis',(-2.07501205993975E-16,0.707106781186549,
-0.707106781186546));
#5340=DIRECTION('ref_axis',(-1.,0.,2.93451019725454E-16));
#5341=DIRECTION('',(1.57009245868378E-16,0.707106781186546,0.707106781186549));
#5342=DIRECTION('',(1.,0.,-2.93451019725454E-16));
#5343=DIRECTION('',(0.,-0.707106781186546,-0.707106781186549));
#5344=DIRECTION('',(-1.,0.,2.93451019725454E-16));
#5345=DIRECTION('center_axis',(-2.07501205993975E-16,0.707106781186549,
-0.707106781186546));
#5346=DIRECTION('ref_axis',(0.816496580927727,-0.408248290463862,-0.408248290463864));
#5347=DIRECTION('center_axis',(0.707106781186546,0.707106781186549,-3.14018491736755E-16));
#5348=DIRECTION('ref_axis',(-4.44089209850063E-16,0.,-1.));
#5349=DIRECTION('',(-0.707106781186549,0.707106781186546,0.));
#5350=DIRECTION('',(4.44089209850063E-16,0.,1.));
#5351=DIRECTION('',(0.707106781186549,-0.707106781186546,0.));
#5352=DIRECTION('',(-4.44089209850063E-16,0.,-1.));
#5353=DIRECTION('center_axis',(0.,-1.,0.));
#5354=DIRECTION('ref_axis',(0.707106781186545,0.,-0.70710678118655));
#5355=DIRECTION('center_axis',(0.,1.,0.));
#5356=DIRECTION('ref_axis',(0.707106781186545,0.,-0.70710678118655));
#5357=DIRECTION('center_axis',(2.61682076447295E-16,0.707106781186549,0.707106781186546));
#5358=DIRECTION('ref_axis',(1.,0.,-3.70074341541719E-16));
#5359=DIRECTION('',(0.,0.707106781186546,-0.707106781186549));
#5360=DIRECTION('',(-1.,0.,3.70074341541719E-16));
#5361=DIRECTION('',(0.,-0.707106781186546,0.707106781186549));
#5362=DIRECTION('',(1.,0.,-3.70074341541719E-16));
#5363=DIRECTION('center_axis',(0.,1.,0.));
#5364=DIRECTION('ref_axis',(0.,0.,-1.));
#5365=DIRECTION('center_axis',(0.,1.,0.));
#5366=DIRECTION('ref_axis',(0.,0.,-1.));
#5367=DIRECTION('',(0.707106781186549,-0.707106781186546,-1.5044625939108E-11));
#5368=DIRECTION('center_axis',(0.,-1.,0.));
#5369=DIRECTION('ref_axis',(0.,0.,-1.));
#5370=DIRECTION('center_axis',(0.707106781186548,0.707106781186548,-1.50452691141667E-11));
#5371=DIRECTION('ref_axis',(-2.12772236308075E-11,0.,-1.));
#5372=DIRECTION('',(2.12772236308075E-11,0.,1.));
#5373=DIRECTION('',(0.707106781186548,-0.707106781186548,-1.50454109853373E-11));
#5374=DIRECTION('',(-2.12772236308075E-11,0.,-1.));
#5375=DIRECTION('center_axis',(0.,1.,0.));
#5376=DIRECTION('ref_axis',(-0.707106781179025,0.,0.70710678119407));
#5377=DIRECTION('',(0.,-0.707106781186546,-0.707106781186549));
#5378=DIRECTION('center_axis',(0.,-1.,0.));
#5379=DIRECTION('ref_axis',(-0.707106781179025,0.,0.70710678119407));
#5380=DIRECTION('center_axis',(0.,1.,0.));
#5381=DIRECTION('ref_axis',(-0.707106781179025,0.,0.70710678119407));
#5382=DIRECTION('center_axis',(-8.76167666211847E-17,0.707106781186549,
-0.707106781186546));
#5383=DIRECTION('ref_axis',(-1.,0.,1.23908819646958E-16));
#5384=DIRECTION('',(1.,0.,-1.23908819646958E-16));
#5385=DIRECTION('',(0.,-0.707106781186546,-0.707106781186549));
#5386=DIRECTION('',(-1.,0.,1.23908819646958E-16));
#5387=DIRECTION('center_axis',(0.,-1.,0.));
#5388=DIRECTION('ref_axis',(0.707106781169851,0.,-0.707106781203244));
#5389=DIRECTION('',(0.707106781186548,-0.707106781186547,-3.33919413650573E-11));
#5390=DIRECTION('center_axis',(0.,1.,0.));
#5391=DIRECTION('ref_axis',(0.707106781169851,0.,-0.707106781203244));
#5392=DIRECTION('center_axis',(0.,-1.,0.));
#5393=DIRECTION('ref_axis',(0.707106781169851,0.,-0.707106781203244));
#5394=DIRECTION('center_axis',(0.707106781186546,0.707106781186549,-3.33920230667565E-11));
#5395=DIRECTION('ref_axis',(-4.72234518960824E-11,0.,-1.));
#5396=DIRECTION('',(-4.72234518960824E-11,0.,-1.));
#5397=DIRECTION('',(4.72234518960824E-11,0.,1.));
#5398=DIRECTION('',(0.678598344633591,-0.678598344620313,0.281084637323211));
#5399=DIRECTION('center_axis',(0.500000000514671,0.707106781186549,0.499999999485327));
#5400=DIRECTION('ref_axis',(0.707106780458691,0.,-0.707106781914404));
#5401=DIRECTION('',(-0.707106780458691,0.,0.707106781914404));
#5402=DIRECTION('',(0.500000000514674,-0.707106781186547,0.499999999485327));
#5403=DIRECTION('',(0.707106780458691,0.,-0.707106781914404));
#5404=DIRECTION('center_axis',(0.,-1.,0.));
#5405=DIRECTION('ref_axis',(-1.,0.,4.72234876762613E-11));
#5406=DIRECTION('center_axis',(0.,-1.,0.));
#5407=DIRECTION('ref_axis',(-1.,0.,4.72234876762613E-11));
#5408=DIRECTION('',(-0.70710678118655,-0.707106781186545,3.33919413650572E-11));
#5409=DIRECTION('center_axis',(0.,1.,0.));
#5410=DIRECTION('ref_axis',(-1.,0.,4.72234876762613E-11));
#5411=DIRECTION('center_axis',(-0.707106781186546,0.707106781186549,3.33924520067569E-11));
#5412=DIRECTION('ref_axis',(4.72240585088484E-11,0.,1.));
#5413=DIRECTION('',(-4.72240585088484E-11,0.,-1.));
#5414=DIRECTION('',(-0.707106781186549,-0.707106781186546,3.33919413650572E-11));
#5415=DIRECTION('',(4.72240585088484E-11,0.,1.));
#5416=DIRECTION('center_axis',(0.,1.,0.));
#5417=DIRECTION('ref_axis',(1.,0.,-4.72233361049203E-11));
#5418=DIRECTION('center_axis',(0.,1.,0.));
#5419=DIRECTION('ref_axis',(1.,0.,-4.72233361049203E-11));
#5420=DIRECTION('',(0.,-0.707106781186547,0.707106781186548));
#5421=DIRECTION('center_axis',(0.,-1.,0.));
#5422=DIRECTION('ref_axis',(1.,0.,-4.72233361049203E-11));
#5423=DIRECTION('center_axis',(9.3457884449041E-17,0.707106781186548,0.707106781186547));
#5424=DIRECTION('ref_axis',(1.,0.,-1.32169407698532E-16));
#5425=DIRECTION('',(1.,0.,-1.32169407698532E-16));
#5426=DIRECTION('',(-1.,0.,1.32169407698532E-16));
#5427=DIRECTION('',(0.577350269189627,-0.577350269189624,0.577350269189627));
#5428=DIRECTION('center_axis',(0.707106781186546,0.707106781186549,1.39563774105224E-16));
#5429=DIRECTION('ref_axis',(1.97372982155583E-16,0.,-1.));
#5430=DIRECTION('',(-1.97372982155583E-16,0.,1.));
#5431=DIRECTION('',(0.707106781186549,-0.707106781186546,0.));
#5432=DIRECTION('',(1.97372982155583E-16,0.,-1.));
#5433=DIRECTION('center_axis',(0.,-1.,0.));
#5434=DIRECTION('ref_axis',(0.707106781186549,0.,0.707106781186546));
#5435=DIRECTION('',(0.,-0.707106781186551,0.707106781186544));
#5436=DIRECTION('center_axis',(0.,1.,0.));
#5437=DIRECTION('ref_axis',(0.707106781186549,0.,0.707106781186546));
#5438=DIRECTION('center_axis',(0.,-1.,0.));
#5439=DIRECTION('ref_axis',(0.707106781186549,0.,0.707106781186546));
#5440=DIRECTION('center_axis',(0.,0.707106781186548,0.707106781186548));
#5441=DIRECTION('ref_axis',(1.,0.,0.));
#5442=DIRECTION('center_axis',(0.,0.707106781186548,0.707106781186548));
#5443=DIRECTION('ref_axis',(0.816496580927726,-0.408248290463863,0.408248290463863));
#5444=DIRECTION('',(1.,0.,0.));
#5445=DIRECTION('',(-1.,0.,0.));
#5446=DIRECTION('center_axis',(0.,0.707106781186548,0.707106781186548));
#5447=DIRECTION('ref_axis',(-4.9065389333868E-17,-0.707106781186547,0.707106781186547));
#5448=DIRECTION('center_axis',(0.,-1.,0.));
#5449=DIRECTION('ref_axis',(0.707106781186549,0.,0.707106781186546));
#5450=DIRECTION('center_axis',(0.,1.,0.));
#5451=DIRECTION('ref_axis',(0.707106781186549,0.,0.707106781186546));
#5452=DIRECTION('center_axis',(0.,1.,0.));
#5453=DIRECTION('ref_axis',(0.,0.,1.));
#5454=DIRECTION('',(2.22044604925031E-16,0.,1.));
#5455=DIRECTION('center_axis',(-1.,0.,2.22044604925031E-16));
#5456=DIRECTION('ref_axis',(2.22044604925031E-16,0.,1.));
#5457=DIRECTION('center_axis',(1.,0.,-2.22044604925031E-16));
#5458=DIRECTION('ref_axis',(-6.93889390390829E-17,-1.,1.47196168001604E-16));
#5459=DIRECTION('',(-2.22044604925031E-16,0.,-1.));
#5460=DIRECTION('',(0.,-1.,0.));
#5461=DIRECTION('center_axis',(0.707106781186548,-0.707106781186548,-2.07501205993976E-16));
#5462=DIRECTION('ref_axis',(-0.500000000000038,-0.500000000000038,-0.707106781186494));
#5463=DIRECTION('',(0.707106781186548,-0.707106781186548,-2.07501205993976E-16));
#5464=DIRECTION('center_axis',(-0.382683432365091,0.923879532511286,-9.05542654730026E-15));
#5465=DIRECTION('ref_axis',(-0.923879532511286,-0.382683432365091,2.24039603654036E-14));
#5466=DIRECTION('',(-0.707106781186548,0.707106781186548,2.07501205993976E-16));
#5467=DIRECTION('center_axis',(-2.93451019725454E-16,0.,-1.));
#5468=DIRECTION('ref_axis',(-1.,0.,2.93451019725454E-16));
#5469=DIRECTION('',(0.,1.,0.));
#5470=DIRECTION('',(1.,0.,-2.93451019725454E-16));
#5471=DIRECTION('',(0.707106781186548,0.707106781186547,-2.07501205993976E-16));
#5472=DIRECTION('',(0.,1.,0.));
#5473=DIRECTION('center_axis',(2.93451019725454E-16,0.,1.));
#5474=DIRECTION('ref_axis',(-8.50480178636845E-16,1.,-1.6618319103055E-29));
#5475=DIRECTION('',(-1.,-1.8805869863404E-13,2.93451019725454E-16));
#5476=DIRECTION('',(0.,-1.,0.));
#5477=DIRECTION('center_axis',(2.93451019725454E-16,0.,1.));
#5478=DIRECTION('ref_axis',(-1.,0.,2.93451019725454E-16));
#5479=DIRECTION('center_axis',(0.,1.,0.));
#5480=DIRECTION('ref_axis',(0.707106781186546,0.,-0.707106781186549));
#5481=DIRECTION('',(0.,-1.,0.));
#5482=DIRECTION('center_axis',(0.,-1.,0.));
#5483=DIRECTION('ref_axis',(0.707106781186545,0.,-0.70710678118655));
#5484=DIRECTION('center_axis',(1.,0.,-4.44089209850063E-16));
#5485=DIRECTION('ref_axis',(-4.44089209850063E-16,0.,-1.));
#5486=DIRECTION('',(0.,1.,0.));
#5487=DIRECTION('',(4.44089209850063E-16,0.,1.));
#5488=DIRECTION('center_axis',(0.,1.,0.));
#5489=DIRECTION('ref_axis',(0.707106781186549,0.,0.707106781186546));
#5490=DIRECTION('',(0.,-1.,0.));
#5491=DIRECTION('center_axis',(0.,-1.,0.));
#5492=DIRECTION('ref_axis',(0.707106781186549,0.,0.707106781186546));
#5493=DIRECTION('center_axis',(3.70074341541719E-16,0.,1.));
#5494=DIRECTION('ref_axis',(1.,0.,-3.70074341541719E-16));
#5495=DIRECTION('',(0.,1.,0.));
#5496=DIRECTION('',(-1.,0.,3.70074341541719E-16));
#5497=DIRECTION('center_axis',(-3.70074341541719E-16,0.,-1.));
#5498=DIRECTION('ref_axis',(-1.,0.,2.93451019725454E-16));
#5499=DIRECTION('center_axis',(-2.93451019725454E-16,0.,-1.));
#5500=DIRECTION('ref_axis',(-1.,0.,2.93451019725454E-16));
#5501=DIRECTION('',(2.93451019725454E-16,0.,1.));
#5502=DIRECTION('center_axis',(0.707106781186546,0.707106781186549,-3.11817427542338E-16));
#5503=DIRECTION('ref_axis',(-4.40976435014665E-16,0.,-1.));
#5504=DIRECTION('',(-0.707106781186551,0.707106781186544,0.));
#5505=DIRECTION('',(4.40976435014665E-16,0.,1.));
#5506=DIRECTION('',(0.707106781186551,-0.707106781186544,0.));
#5507=DIRECTION('',(-4.40976435014665E-16,0.,-1.));
#5508=DIRECTION('center_axis',(0.,1.,0.));
#5509=DIRECTION('ref_axis',(-0.707106781186541,0.,-0.707106781186554));
#5510=DIRECTION('center_axis',(0.,-1.,0.));
#5511=DIRECTION('ref_axis',(-0.707106781186541,0.,-0.707106781186554));
#5512=DIRECTION('',(0.,0.707106781186549,-0.707106781186546));
#5513=DIRECTION('center_axis',(0.,1.,0.));
#5514=DIRECTION('ref_axis',(-0.707106781186541,0.,-0.707106781186554));
#5515=DIRECTION('center_axis',(0.,0.707106781186546,0.707106781186549));
#5516=DIRECTION('ref_axis',(1.,0.,0.));
#5517=DIRECTION('',(1.58474665523113E-13,-0.707106781186549,0.707106781186546));
#5518=DIRECTION('',(-1.,0.,0.));
#5519=DIRECTION('',(1.,0.,0.));
#5520=DIRECTION('center_axis',(0.,0.707106781186546,0.707106781186549));
#5521=DIRECTION('ref_axis',(1.,0.,0.));
#5522=DIRECTION('',(0.,0.707106781186549,-0.707106781186546));
#5523=DIRECTION('',(-1.,0.,0.));
#5524=DIRECTION('',(0.,-0.707106781186549,0.707106781186546));
#5525=DIRECTION('',(1.,0.,0.));
#5526=DIRECTION('center_axis',(0.,0.707106781186546,-0.707106781186549));
#5527=DIRECTION('ref_axis',(-1.,0.,0.));
#5528=DIRECTION('center_axis',(0.,0.707106781186546,-0.707106781186549));
#5529=DIRECTION('ref_axis',(1.71724683979833E-13,0.707106781186549,0.707106781186546));
#5530=DIRECTION('',(-1.,0.,0.));
#5531=DIRECTION('',(0.,0.707106781186549,0.707106781186546));
#5532=DIRECTION('',(1.,0.,0.));
#5533=DIRECTION('center_axis',(0.,-1.,0.));
#5534=DIRECTION('ref_axis',(-0.707106781186549,0.,-0.707106781186546));
#5535=DIRECTION('center_axis',(0.,1.,0.));
#5536=DIRECTION('ref_axis',(-0.707106781186549,0.,-0.707106781186546));
#5537=DIRECTION('',(0.707106781186548,0.707106781186547,0.));
#5538=DIRECTION('center_axis',(0.,-1.,0.));
#5539=DIRECTION('ref_axis',(-0.707106781186549,0.,-0.707106781186546));
#5540=DIRECTION('center_axis',(-0.707106781186547,0.707106781186548,-2.2679113292099E-16));
#5541=DIRECTION('ref_axis',(-3.20731096002823E-16,0.,1.));
#5542=DIRECTION('',(0.707106781186549,0.707106781186546,0.));
#5543=DIRECTION('',(3.20731096002823E-16,0.,-1.));
#5544=DIRECTION('',(-3.20731096002823E-16,0.,1.));
#5545=DIRECTION('center_axis',(0.,-1.,0.));
#5546=DIRECTION('ref_axis',(-0.707106781186552,0.,0.707106781186543));
#5547=DIRECTION('center_axis',(0.,1.,0.));
#5548=DIRECTION('ref_axis',(-0.707106781186552,0.,0.707106781186543));
#5549=DIRECTION('center_axis',(0.,-1.,0.));
#5550=DIRECTION('ref_axis',(0.707106781186552,0.,0.707106781186543));
#5551=DIRECTION('center_axis',(0.,1.,0.));
#5552=DIRECTION('ref_axis',(0.707106781186552,0.,0.707106781186543));
#5553=DIRECTION('center_axis',(0.,0.,1.));
#5554=DIRECTION('ref_axis',(1.,0.,0.));
#5555=DIRECTION('',(0.,1.,0.));
#5556=DIRECTION('',(-1.,0.,0.));
#5557=DIRECTION('',(0.,1.,0.));
#5558=DIRECTION('center_axis',(0.,1.,0.));
#5559=DIRECTION('ref_axis',(-0.707106781186541,0.,-0.707106781186554));
#5560=DIRECTION('',(0.,-1.,0.));
#5561=DIRECTION('center_axis',(0.,1.,0.));
#5562=DIRECTION('ref_axis',(-0.707106781186541,0.,-0.707106781186554));
#5563=DIRECTION('center_axis',(1.,0.,-4.40976435014665E-16));
#5564=DIRECTION('ref_axis',(-4.40976435014665E-16,0.,-1.));
#5565=DIRECTION('',(0.,1.,0.));
#5566=DIRECTION('',(4.40976435014665E-16,0.,1.));
#5567=DIRECTION('center_axis',(0.,1.,0.));
#5568=DIRECTION('ref_axis',(0.707106781186554,0.,0.707106781186541));
#5569=DIRECTION('',(0.,-1.,0.));
#5570=DIRECTION('center_axis',(0.,-1.,0.));
#5571=DIRECTION('ref_axis',(0.707106781186554,0.,0.707106781186541));
#5572=DIRECTION('center_axis',(0.,0.,1.));
#5573=DIRECTION('ref_axis',(1.,0.,0.));
#5574=DIRECTION('',(0.,1.,0.));
#5575=DIRECTION('',(-1.,0.,0.));
#5576=DIRECTION('center_axis',(0.,1.,0.));
#5577=DIRECTION('ref_axis',(-0.707106781186557,0.,0.707106781186538));
#5578=DIRECTION('',(0.,-1.,0.));
#5579=DIRECTION('center_axis',(-0.707106781186547,0.707106781186548,-2.2679113292099E-16));
#5580=DIRECTION('ref_axis',(-0.707106781186548,-0.707106781186547,-2.4532694666934E-16));
#5581=DIRECTION('center_axis',(-1.,0.,-3.20731096002823E-16));
#5582=DIRECTION('ref_axis',(-3.20731096002823E-16,0.,1.));
#5583=DIRECTION('',(0.,1.,0.));
#5584=DIRECTION('',(3.20731096002823E-16,0.,-1.));
#5585=DIRECTION('',(0.,-1.,0.));
#5586=DIRECTION('',(-3.20731096002823E-16,0.,1.));
#5587=DIRECTION('center_axis',(0.,1.,0.));
#5588=DIRECTION('ref_axis',(-0.707106781186549,0.,-0.707106781186546));
#5589=DIRECTION('',(0.,-1.,0.));
#5590=DIRECTION('center_axis',(0.,-1.,0.));
#5591=DIRECTION('ref_axis',(-0.707106781186549,0.,-0.707106781186546));
#5592=DIRECTION('center_axis',(0.,0.,-1.));
#5593=DIRECTION('ref_axis',(-1.,0.,0.));
#5594=DIRECTION('center_axis',(0.,0.,1.));
#5595=DIRECTION('ref_axis',(2.65072559108517E-13,1.,0.));
#5596=DIRECTION('',(-1.,0.,0.));
#5597=DIRECTION('',(0.,1.,0.));
#5598=DIRECTION('',(1.,0.,0.));
#5599=DIRECTION('center_axis',(0.,1.,0.));
#5600=DIRECTION('ref_axis',(-0.923879532511286,0.,-0.382683432365092));
#5601=DIRECTION('center_axis',(0.,1.,0.));
#5602=DIRECTION('ref_axis',(-0.923879532511286,0.,-0.382683432365092));
#5603=DIRECTION('',(0.653281482438187,-0.70710678118655,-0.270598050073095));
#5604=DIRECTION('center_axis',(0.,-1.,0.));
#5605=DIRECTION('ref_axis',(-0.923879532511286,0.,-0.382683432365092));
#5606=DIRECTION('center_axis',(0.653281482438189,0.707106781186546,-0.2705980500731));
#5607=DIRECTION('ref_axis',(-0.38268343236509,0.,-0.923879532511286));
#5608=DIRECTION('',(0.38268343236509,0.,0.923879532511286));
#5609=DIRECTION('',(0.653281482438187,-0.707106781186549,-0.270598050073096));
#5610=DIRECTION('',(-0.38268343236509,0.,-0.923879532511286));
#5611=DIRECTION('center_axis',(0.,1.,0.));
#5612=DIRECTION('ref_axis',(-0.382683432365082,0.,0.92387953251129));
#5613=DIRECTION('',(-0.270598050073093,-0.70710678118655,-0.653281482438188));
#5614=DIRECTION('center_axis',(0.,-1.,0.));
#5615=DIRECTION('ref_axis',(-0.382683432365082,0.,0.92387953251129));
#5616=DIRECTION('center_axis',(0.,1.,0.));
#5617=DIRECTION('ref_axis',(-0.382683432365082,0.,0.92387953251129));
#5618=DIRECTION('center_axis',(-0.270598050073099,0.707106781186544,-0.653281482438193));
#5619=DIRECTION('ref_axis',(-0.923879532511287,0.,0.382683432365088));
#5620=DIRECTION('',(0.923879532511287,0.,-0.382683432365088));
#5621=DIRECTION('',(-0.270598050073094,-0.707106781186552,-0.653281482438186));
#5622=DIRECTION('',(-0.923879532511287,0.,0.382683432365088));
#5623=DIRECTION('center_axis',(0.,1.,0.));
#5624=DIRECTION('ref_axis',(0.923879532511287,0.,0.382683432365089));
#5625=DIRECTION('',(-0.65328148243818,-0.707106781186555,0.270598050073098));
#5626=DIRECTION('center_axis',(0.,-1.,0.));
#5627=DIRECTION('ref_axis',(0.923879532511287,0.,0.382683432365089));
#5628=DIRECTION('center_axis',(0.,1.,0.));
#5629=DIRECTION('ref_axis',(0.923879532511287,0.,0.382683432365089));
#5630=DIRECTION('center_axis',(-0.653281482438198,0.707106781186537,0.270598050073103));
#5631=DIRECTION('ref_axis',(0.38268343236509,0.,0.923879532511286));
#5632=DIRECTION('',(0.653281482438179,0.707106781186558,-0.270598050073095));
#5633=DIRECTION('',(0.382683432365091,0.,0.923879532511286));
#5634=DIRECTION('',(-0.382683432365091,0.,-0.923879532511286));
#5635=DIRECTION('center_axis',(0.,1.,0.));
#5636=DIRECTION('ref_axis',(0.,0.,1.));
#5637=DIRECTION('',(-0.38268343236509,0.,-0.923879532511287));
#5638=DIRECTION('center_axis',(0.,-1.,0.));
#5639=DIRECTION('ref_axis',(-0.794006779648631,0.,0.607908902609603));
#5640=DIRECTION('',(-0.792043716255649,0.,-0.610464373686083));
#5641=DIRECTION('center_axis',(0.,-1.,0.));
#5642=DIRECTION('ref_axis',(-0.707106781186549,0.,0.707106781186546));
#5643=DIRECTION('',(-1.,0.,0.));
#5644=DIRECTION('',(0.,0.,-1.));
#5645=DIRECTION('center_axis',(0.,1.,0.));
#5646=DIRECTION('ref_axis',(-0.707106781186548,0.,0.707106781186548));
#5647=DIRECTION('',(4.40976435014665E-16,0.,1.));
#5648=DIRECTION('',(1.,0.,0.));
#5649=DIRECTION('center_axis',(0.,1.,0.));
#5650=DIRECTION('ref_axis',(-0.335302372496264,0.,0.942110566227965));
#5651=DIRECTION('',(0.775144637996753,0.,0.63178381602007));
#5652=DIRECTION('',(-0.38268343236509,0.,-0.923879532511286));
#5653=DIRECTION('center_axis',(0.,-1.,0.));
#5654=DIRECTION('ref_axis',(0.923879532511286,6.93889390390723E-17,-0.38268343236509));
#5655=DIRECTION('',(0.923879532511286,0.,-0.38268343236509));
#5656=DIRECTION('center_axis',(-0.653281482438196,0.70710678118654,0.270598050073102));
#5657=DIRECTION('ref_axis',(0.38268343236509,0.,0.923879532511287));
#5658=DIRECTION('',(0.65328148243818,0.707106781186555,-0.270598050073098));
#5659=DIRECTION('center_axis',(0.,-1.,0.));
#5660=DIRECTION('ref_axis',(-0.79400677964863,0.,0.607908902609602));
#5661=DIRECTION('center_axis',(0.,1.,0.));
#5662=DIRECTION('ref_axis',(-0.794006779648631,0.,0.607908902609602));
#5663=DIRECTION('',(0.431663498306228,0.707106781186549,-0.560059482760561));
#5664=DIRECTION('center_axis',(-0.431663498306228,0.707106781186547,0.560059482760563));
#5665=DIRECTION('ref_axis',(0.792043716255649,0.,0.610464373686083));
#5666=DIRECTION('',(0.431663498306231,0.707106781186549,-0.560059482760558));
#5667=DIRECTION('',(0.792043716255649,0.,0.610464373686083));
#5668=DIRECTION('center_axis',(0.,-1.,0.));
#5669=DIRECTION('ref_axis',(-0.707106781186549,0.,0.707106781186546));
#5670=DIRECTION('center_axis',(0.,1.,0.));
#5671=DIRECTION('ref_axis',(-0.707106781186549,0.,0.707106781186546));
#5672=DIRECTION('',(0.,0.707106781186549,-0.707106781186546));
#5673=DIRECTION('center_axis',(0.,0.707106781186546,0.707106781186549));
#5674=DIRECTION('ref_axis',(1.,0.,0.));
#5675=DIRECTION('center_axis',(0.,0.707106781186546,0.707106781186549));
#5676=DIRECTION('ref_axis',(0.,-0.707106781186549,0.707106781186546));
#5677=DIRECTION('',(1.,0.,0.));
#5678=DIRECTION('center_axis',(0.,0.,1.));
#5679=DIRECTION('ref_axis',(1.,0.,0.));
#5680=DIRECTION('',(-0.707106781186548,0.707106781186548,0.));
#5681=DIRECTION('',(0.,1.,0.));
#5682=DIRECTION('',(0.,1.,0.));
#5683=DIRECTION('',(-1.,0.,0.));
#5684=DIRECTION('',(0.,-1.,0.));
#5685=DIRECTION('center_axis',(0.,1.,0.));
#5686=DIRECTION('ref_axis',(-0.707106781186549,0.,0.707106781186546));
#5687=DIRECTION('',(0.,1.,0.));
#5688=DIRECTION('center_axis',(0.,-1.,0.));
#5689=DIRECTION('ref_axis',(-0.707106781186549,0.,0.707106781186546));
#5690=DIRECTION('center_axis',(-0.610464373686083,0.,0.792043716255649));
#5691=DIRECTION('ref_axis',(0.792043716255649,0.,0.610464373686083));
#5692=DIRECTION('',(0.,1.,0.));
#5693=DIRECTION('',(-0.792043716255649,0.,-0.610464373686083));
#5694=DIRECTION('center_axis',(0.,1.,0.));
#5695=DIRECTION('ref_axis',(-0.794006779648631,0.,0.607908902609602));
#5696=DIRECTION('center_axis',(0.,-1.,0.));
#5697=DIRECTION('ref_axis',(-0.794006779648631,0.,0.607908902609602));
#5698=DIRECTION('center_axis',(0.446738620551707,0.707106781186546,-0.548110029927897));
#5699=DIRECTION('ref_axis',(-0.775144637996753,0.,-0.63178381602007));
#5700=DIRECTION('',(0.575923421491762,-0.696117476306885,-0.428640492437842));
#5701=DIRECTION('',(0.446738620551704,-0.707106781186549,-0.548110029927895));
#5702=DIRECTION('',(-0.775144637996753,0.,-0.63178381602007));
#5703=DIRECTION('center_axis',(0.446738620551707,0.707106781186546,-0.548110029927897));
#5704=DIRECTION('ref_axis',(0.876973055291116,-0.224870337230132,0.424678221395178));
#5705=DIRECTION('center_axis',(0.,1.,0.));
#5706=DIRECTION('ref_axis',(-0.335302372496264,0.,0.942110566227965));
#5707=DIRECTION('',(0.,-0.707106781186549,-0.707106781186546));
#5708=DIRECTION('center_axis',(0.,-1.,0.));
#5709=DIRECTION('ref_axis',(-0.335302372496264,0.,0.942110566227965));
#5710=DIRECTION('center_axis',(0.,0.707106781186548,-0.707106781186547));
#5711=DIRECTION('ref_axis',(-1.,0.,0.));
#5712=DIRECTION('',(0.,-0.707106781186547,-0.707106781186548));
#5713=DIRECTION('',(-1.,0.,0.));
#5714=DIRECTION('center_axis',(0.707106781186547,0.707106781186548,-3.11817427542338E-16));
#5715=DIRECTION('ref_axis',(-4.40976435014665E-16,0.,-1.));
#5716=DIRECTION('',(-0.707106781186549,0.707106781186546,0.));
#5717=DIRECTION('',(0.707106781186549,-0.707106781186546,0.));
#5718=DIRECTION('',(-4.40976435014665E-16,0.,-1.));
#5719=DIRECTION('center_axis',(0.,1.,0.));
#5720=DIRECTION('ref_axis',(-0.707106781186548,0.,0.707106781186548));
#5721=DIRECTION('',(5.02429586778809E-14,-0.707106781186549,-0.707106781186546));
#5722=DIRECTION('center_axis',(0.,-1.,0.));
#5723=DIRECTION('ref_axis',(-0.707106781186548,0.,0.707106781186548));
#5724=DIRECTION('center_axis',(0.,0.707106781186546,-0.707106781186549));
#5725=DIRECTION('ref_axis',(-1.,0.,0.));
#5726=DIRECTION('center_axis',(0.,0.707106781186546,-0.707106781186549));
#5727=DIRECTION('ref_axis',(0.,-0.707106781186549,-0.707106781186546));
#5728=DIRECTION('',(-1.,0.,0.));
#5729=DIRECTION('center_axis',(0.,-1.,0.));
#5730=DIRECTION('ref_axis',(0.707106781186545,0.,-0.70710678118655));
#5731=DIRECTION('center_axis',(0.,1.,0.));
#5732=DIRECTION('ref_axis',(0.707106781186545,0.,-0.70710678118655));
#5733=DIRECTION('center_axis',(0.63178381602007,0.,-0.775144637996753));
#5734=DIRECTION('ref_axis',(-0.775144637996753,0.,-0.63178381602007));
#5735=DIRECTION('',(0.700342413322498,-0.428590175182752,0.570816052540954));
#5736=DIRECTION('',(0.,1.,0.));
#5737=DIRECTION('',(0.775144637996753,0.,0.63178381602007));
#5738=DIRECTION('',(0.,-1.,0.));
#5739=DIRECTION('center_axis',(0.,-1.,0.));
#5740=DIRECTION('ref_axis',(-0.335302372496264,0.,0.942110566227965));
#5741=DIRECTION('',(0.,-1.,0.));
#5742=DIRECTION('center_axis',(0.,1.,0.));
#5743=DIRECTION('ref_axis',(-0.335302372496264,0.,0.942110566227965));
#5744=DIRECTION('center_axis',(0.,0.,-1.));
#5745=DIRECTION('ref_axis',(-1.,0.,0.));
#5746=DIRECTION('',(0.,1.,0.));
#5747=DIRECTION('',(1.,0.,0.));
#5748=DIRECTION('center_axis',(0.,1.,0.));
#5749=DIRECTION('ref_axis',(0.707106781186544,0.,-0.707106781186551));
#5750=DIRECTION('',(0.,-1.,0.));
#5751=DIRECTION('center_axis',(0.,-1.,0.));
#5752=DIRECTION('ref_axis',(0.707106781186544,0.,-0.707106781186551));
#5753=DIRECTION('center_axis',(1.,0.,-4.40976435014665E-16));
#5754=DIRECTION('ref_axis',(-4.40976435014665E-16,0.,-1.));
#5755=DIRECTION('',(0.,1.,0.));
#5756=DIRECTION('',(4.40976435014665E-16,0.,1.));
#5757=DIRECTION('center_axis',(0.,1.,0.));
#5758=DIRECTION('ref_axis',(1.,0.,0.));
#5759=DIRECTION('center_axis',(0.,1.,0.));
#5760=DIRECTION('ref_axis',(1.,0.,0.));
#5761=DIRECTION('',(0.707106781186548,-0.707106781186547,-8.65956056235494E-17));
#5762=DIRECTION('center_axis',(0.,-1.,0.));
#5763=DIRECTION('ref_axis',(1.,0.,0.));
#5764=DIRECTION('center_axis',(0.,1.,0.));
#5765=DIRECTION('ref_axis',(0.,0.,1.));
#5766=DIRECTION('',(3.20731096002823E-16,0.,-1.));
#5767=DIRECTION('center_axis',(0.,-1.,0.));
#5768=DIRECTION('ref_axis',(-0.707106781186548,0.,0.707106781186548));
#5769=DIRECTION('',(-1.,0.,0.));
#5770=DIRECTION('center_axis',(0.,1.,0.));
#5771=DIRECTION('ref_axis',(0.707106781186549,0.,-0.707106781186546));
#5772=DIRECTION('',(0.,0.,-1.));
#5773=DIRECTION('center_axis',(0.,1.,0.));
#5774=DIRECTION('ref_axis',(0.707106781186546,0.,0.707106781186549));
#5775=DIRECTION('',(1.,0.,0.));
#5776=DIRECTION('center_axis',(0.,-1.,0.));
#5777=DIRECTION('ref_axis',(-0.322456418562532,0.,-0.946584311156606));
#5778=DIRECTION('',(0.79204371625565,0.,-0.610464373686082));
#5779=DIRECTION('center_axis',(0.,-1.,0.));
#5780=DIRECTION('ref_axis',(0.0136023662227653,0.,-0.999907483536923));
#5781=DIRECTION('center_axis',(0.,1.,0.));
#5782=DIRECTION('ref_axis',(-0.707106781186548,0.,0.707106781186548));
#5783=DIRECTION('',(1.,0.,0.));
#5784=DIRECTION('center_axis',(0.,1.,0.));
#5785=DIRECTION('ref_axis',(0.707106781186625,0.,0.707106781186471));
#5786=DIRECTION('',(0.,0.,-1.));
#5787=DIRECTION('',(0.,0.,-1.));
#5788=DIRECTION('',(0.,0.,-1.));
#5789=DIRECTION('center_axis',(0.,1.,0.));
#5790=DIRECTION('ref_axis',(0.707106781186548,0.,-0.707106781186548));
#5791=DIRECTION('',(0.,0.,-1.));
#5792=DIRECTION('center_axis',(0.,1.,0.));
#5793=DIRECTION('ref_axis',(0.70710678118655,0.,0.707106781186545));
#5794=DIRECTION('',(1.,0.,0.));
#5795=DIRECTION('center_axis',(0.,1.,0.));
#5796=DIRECTION('ref_axis',(-0.707106781186548,0.,0.707106781186548));
#5797=DIRECTION('',(0.,0.,1.));
#5798=DIRECTION('center_axis',(0.,1.,0.));
#5799=DIRECTION('ref_axis',(-0.707106781186548,0.,-0.707106781186548));
#5800=DIRECTION('',(-1.,0.,0.));
#5801=DIRECTION('center_axis',(0.,1.,0.));
#5802=DIRECTION('ref_axis',(0.707106781186549,0.,0.707106781186546));
#5803=DIRECTION('',(1.,0.,0.));
#5804=DIRECTION('center_axis',(0.,1.,0.));
#5805=DIRECTION('ref_axis',(-0.707106781186549,0.,0.707106781186546));
#5806=DIRECTION('',(0.,0.,1.));
#5807=DIRECTION('center_axis',(0.,1.,0.));
#5808=DIRECTION('ref_axis',(-0.707106781186551,0.,-0.707106781186544));
#5809=DIRECTION('',(-1.,0.,0.));
#5810=DIRECTION('center_axis',(0.,1.,0.));
#5811=DIRECTION('ref_axis',(0.707106781186549,0.,-0.707106781186546));
#5812=DIRECTION('',(0.,0.,-1.));
#5813=DIRECTION('center_axis',(0.,1.,0.));
#5814=DIRECTION('ref_axis',(1.,0.,0.));
#5815=DIRECTION('center_axis',(0.,1.,0.));
#5816=DIRECTION('ref_axis',(-1.,0.,0.));
#5817=DIRECTION('center_axis',(0.,1.,0.));
#5818=DIRECTION('ref_axis',(-1.,0.,0.));
#5819=DIRECTION('',(0.,1.,0.));
#5820=DIRECTION('center_axis',(0.,1.,0.));
#5821=DIRECTION('ref_axis',(0.707106781186547,0.,-0.707106781186547));
#5822=DIRECTION('',(0.,-0.707106781186549,0.707106781186546));
#5823=DIRECTION('center_axis',(0.,-1.,0.));
#5824=DIRECTION('ref_axis',(0.707106781186548,0.,-0.707106781186548));
#5825=DIRECTION('',(0.707106781186546,0.707106781186549,0.));
#5826=DIRECTION('center_axis',(0.,0.707106781186549,0.707106781186546));
#5827=DIRECTION('ref_axis',(1.,0.,0.));
#5828=DIRECTION('',(0.,-0.707106781186546,0.707106781186549));
#5829=DIRECTION('',(1.,0.,0.));
#5830=DIRECTION('center_axis',(0.,1.,0.));
#5831=DIRECTION('ref_axis',(-0.707106781186547,0.,-0.707106781186547));
#5832=DIRECTION('',(0.707106781186546,-0.707106781186549,0.));
#5833=DIRECTION('center_axis',(0.,-1.,0.));
#5834=DIRECTION('ref_axis',(-0.707106781186548,0.,-0.707106781186548));
#5835=DIRECTION('center_axis',(0.707106781186549,0.707106781186546,0.));
#5836=DIRECTION('ref_axis',(0.,0.,-1.));
#5837=DIRECTION('',(0.707106781186546,-0.707106781186549,0.));
#5838=DIRECTION('',(0.,0.,-1.));
#5839=DIRECTION('center_axis',(0.,1.,0.));
#5840=DIRECTION('ref_axis',(-0.707106781186548,0.,0.707106781186548));
#5841=DIRECTION('',(0.,-0.707106781186549,-0.707106781186546));
#5842=DIRECTION('center_axis',(0.,-1.,0.));
#5843=DIRECTION('ref_axis',(-0.707106781186548,0.,0.707106781186548));
#5844=DIRECTION('center_axis',(0.,0.707106781186548,-0.707106781186547));
#5845=DIRECTION('ref_axis',(-1.,0.,0.));
#5846=DIRECTION('',(0.,-0.707106781186547,-0.707106781186548));
#5847=DIRECTION('',(-1.,0.,0.));
#5848=DIRECTION('center_axis',(0.,1.,0.));
#5849=DIRECTION('ref_axis',(0.70710678118655,0.,0.707106781186545));
#5850=DIRECTION('',(-0.707106781186545,-0.70710678118655,0.));
#5851=DIRECTION('center_axis',(0.,-1.,0.));
#5852=DIRECTION('ref_axis',(0.70710678118655,0.,0.707106781186545));
#5853=DIRECTION('center_axis',(-0.707106781186546,0.707106781186549,0.));
#5854=DIRECTION('ref_axis',(0.,0.,1.));
#5855=DIRECTION('',(0.,0.,1.));
#5856=DIRECTION('center_axis',(0.,0.,1.));
#5857=DIRECTION('ref_axis',(1.,0.,0.));
#5858=DIRECTION('',(0.,1.,0.));
#5859=DIRECTION('',(1.,0.,0.));
#5860=DIRECTION('',(0.,-1.,0.));
#5861=DIRECTION('center_axis',(0.,1.,0.));
#5862=DIRECTION('ref_axis',(0.70710678118655,0.,0.707106781186545));
#5863=DIRECTION('',(0.,-1.,0.));
#5864=DIRECTION('center_axis',(0.,1.,0.));
#5865=DIRECTION('ref_axis',(0.70710678118655,0.,0.707106781186545));
#5866=DIRECTION('center_axis',(1.,0.,0.));
#5867=DIRECTION('ref_axis',(0.,0.,-1.));
#5868=DIRECTION('',(0.,1.,0.));
#5869=DIRECTION('',(0.,0.,-1.));
#5870=DIRECTION('center_axis',(0.,1.,0.));
#5871=DIRECTION('ref_axis',(0.707106781186548,0.,-0.707106781186548));
#5872=DIRECTION('',(0.,-1.,0.));
#5873=DIRECTION('center_axis',(0.,1.,0.));
#5874=DIRECTION('ref_axis',(0.707106781186548,0.,-0.707106781186548));
#5875=DIRECTION('center_axis',(0.,1.,0.));
#5876=DIRECTION('ref_axis',(0.707106781186549,0.,0.707106781186546));
#5877=DIRECTION('',(-0.707106781186546,-0.707106781186549,0.));
#5878=DIRECTION('center_axis',(0.,-1.,0.));
#5879=DIRECTION('ref_axis',(0.707106781186549,0.,0.707106781186546));
#5880=DIRECTION('',(0.,0.707106781186547,0.707106781186548));
#5881=DIRECTION('center_axis',(-0.707106781186547,0.707106781186548,0.));
#5882=DIRECTION('ref_axis',(0.,0.,1.));
#5883=DIRECTION('',(-0.707106781186548,-0.707106781186547,0.));
#5884=DIRECTION('',(0.,0.,1.));
#5885=DIRECTION('center_axis',(0.,1.,0.));
#5886=DIRECTION('ref_axis',(0.707106781186549,0.,-0.707106781186546));
#5887=DIRECTION('',(0.,-0.707106781186549,0.707106781186546));
#5888=DIRECTION('center_axis',(0.,-1.,0.));
#5889=DIRECTION('ref_axis',(0.707106781186549,0.,-0.707106781186546));
#5890=DIRECTION('center_axis',(0.,0.707106781186546,0.707106781186549));
#5891=DIRECTION('ref_axis',(1.,0.,0.));
#5892=DIRECTION('',(0.,-0.707106781186549,0.707106781186546));
#5893=DIRECTION('',(1.,0.,0.));
#5894=DIRECTION('center_axis',(0.,1.,0.));
#5895=DIRECTION('ref_axis',(-0.707106781186551,0.,-0.707106781186544));
#5896=DIRECTION('',(0.707106781186545,-0.70710678118655,0.));
#5897=DIRECTION('center_axis',(0.,-1.,0.));
#5898=DIRECTION('ref_axis',(-0.707106781186551,0.,-0.707106781186544));
#5899=DIRECTION('center_axis',(0.70710678118655,0.707106781186545,0.));
#5900=DIRECTION('ref_axis',(0.,0.,-1.));
#5901=DIRECTION('',(0.707106781186545,-0.70710678118655,0.));
#5902=DIRECTION('',(0.,0.,-1.));
#5903=DIRECTION('center_axis',(0.,1.,0.));
#5904=DIRECTION('ref_axis',(-0.707106781186549,0.,0.707106781186546));
#5905=DIRECTION('',(0.,-0.707106781186547,-0.707106781186548));
#5906=DIRECTION('center_axis',(0.,-1.,0.));
#5907=DIRECTION('ref_axis',(-0.707106781186549,0.,0.707106781186546));
#5908=DIRECTION('center_axis',(0.,0.707106781186548,-0.707106781186547));
#5909=DIRECTION('ref_axis',(-1.,0.,0.));
#5910=DIRECTION('',(-1.,0.,0.));
#5911=DIRECTION('center_axis',(-1.,0.,0.));
#5912=DIRECTION('ref_axis',(0.,0.,1.));
#5913=DIRECTION('',(0.,1.,0.));
#5914=DIRECTION('',(0.,0.,1.));
#5915=DIRECTION('',(0.,-1.,0.));
#5916=DIRECTION('center_axis',(0.,1.,0.));
#5917=DIRECTION('ref_axis',(-0.707106781186549,0.,0.707106781186546));
#5918=DIRECTION('',(0.,-1.,0.));
#5919=DIRECTION('center_axis',(0.,1.,0.));
#5920=DIRECTION('ref_axis',(-0.707106781186549,0.,0.707106781186546));
#5921=DIRECTION('center_axis',(0.,0.,1.));
#5922=DIRECTION('ref_axis',(1.,0.,0.));
#5923=DIRECTION('',(0.,1.,0.));
#5924=DIRECTION('',(1.,0.,0.));
#5925=DIRECTION('center_axis',(0.,1.,0.));
#5926=DIRECTION('ref_axis',(0.707106781186549,0.,0.707106781186546));
#5927=DIRECTION('',(0.,-1.,0.));
#5928=DIRECTION('center_axis',(0.,1.,0.));
#5929=DIRECTION('ref_axis',(0.707106781186549,0.,0.707106781186546));
#5930=DIRECTION('center_axis',(-0.43166349830623,0.707106781186543,-0.560059482760568));
#5931=DIRECTION('ref_axis',(-0.79204371625565,0.,0.610464373686082));
#5932=DIRECTION('center_axis',(-0.43166349830623,0.707106781186543,-0.560059482760568));
#5933=DIRECTION('ref_axis',(-0.431663498306224,-0.707106781186552,-0.56005948276056));
#5934=DIRECTION('',(-0.431663498306223,-0.707106781186552,-0.56005948276056));
#5935=DIRECTION('center_axis',(0.,-1.,0.));
#5936=DIRECTION('ref_axis',(-0.322456418562532,0.,-0.946584311156605));
#5937=DIRECTION('',(0.,-0.707106781186546,-0.707106781186549));
#5938=DIRECTION('center_axis',(0.,1.,0.));
#5939=DIRECTION('ref_axis',(-0.322456418562532,0.,-0.946584311156605));
#5940=DIRECTION('center_axis',(0.,0.707106781186546,-0.707106781186549));
#5941=DIRECTION('ref_axis',(-1.,0.,0.));
#5942=DIRECTION('',(0.,-0.707106781186549,-0.707106781186546));
#5943=DIRECTION('',(-1.,0.,0.));
#5944=DIRECTION('center_axis',(0.,1.,0.));
#5945=DIRECTION('ref_axis',(0.707106781186546,0.,0.707106781186549));
#5946=DIRECTION('',(-0.707106781186549,-0.707106781186546,0.));
#5947=DIRECTION('center_axis',(0.,-1.,0.));
#5948=DIRECTION('ref_axis',(0.707106781186546,0.,0.707106781186549));
#5949=DIRECTION('center_axis',(-0.707106781186547,0.707106781186548,0.));
#5950=DIRECTION('ref_axis',(0.,0.,1.));
#5951=DIRECTION('',(-0.707106781186548,-0.707106781186547,0.));
#5952=DIRECTION('',(0.,0.,1.));
#5953=DIRECTION('center_axis',(0.,1.,0.));
#5954=DIRECTION('ref_axis',(0.707106781186549,0.,-0.707106781186546));
#5955=DIRECTION('',(0.,-0.707106781186549,0.707106781186546));
#5956=DIRECTION('center_axis',(0.,-1.,0.));
#5957=DIRECTION('ref_axis',(0.707106781186549,0.,-0.707106781186546));
#5958=DIRECTION('center_axis',(0.,0.707106781186546,0.707106781186549));
#5959=DIRECTION('ref_axis',(1.,0.,0.));
#5960=DIRECTION('',(0.,-0.707106781186549,0.707106781186546));
#5961=DIRECTION('',(1.,0.,0.));
#5962=DIRECTION('center_axis',(0.,-1.,0.));
#5963=DIRECTION('ref_axis',(-0.707106781186548,0.,0.707106781186548));
#5964=DIRECTION('',(-0.707106781186548,-0.707106781186547,0.));
#5965=DIRECTION('center_axis',(0.,1.,0.));
#5966=DIRECTION('ref_axis',(-0.707106781186548,0.,0.707106781186548));
#5967=DIRECTION('center_axis',(-0.707106781186547,0.707106781186548,-2.2679113292099E-16));
#5968=DIRECTION('ref_axis',(-3.20731096002823E-16,0.,1.));
#5969=DIRECTION('center_axis',(9.34578844490412E-17,-0.707106781186547,
0.707106781186548));
#5970=DIRECTION('ref_axis',(1.,0.,-1.32169407698532E-16));
#5971=DIRECTION('',(0.577350269189626,0.577350269189626,0.577350269189625));
#5972=DIRECTION('',(1.,0.,-1.32169407698532E-16));
#5973=DIRECTION('',(0.,0.707106781186548,0.707106781186547));
#5974=DIRECTION('',(-1.,0.,1.32169407698532E-16));
#5975=DIRECTION('center_axis',(0.,-1.,0.));
#5976=DIRECTION('ref_axis',(1.,0.,-4.72233361049203E-11));
#5977=DIRECTION('',(-0.707106781186545,0.70710678118655,3.33919413650573E-11));
#5978=DIRECTION('center_axis',(0.,1.,0.));
#5979=DIRECTION('ref_axis',(1.,0.,-4.72233361049203E-11));
#5980=DIRECTION('center_axis',(0.,-1.,0.));
#5981=DIRECTION('ref_axis',(1.,0.,-4.72233361049203E-11));
#5982=DIRECTION('center_axis',(-0.707106781186547,-0.707106781186548,3.3392452006757E-11));
#5983=DIRECTION('ref_axis',(4.72240585088484E-11,0.,1.));
#5984=DIRECTION('',(-0.707106781186549,0.707106781186546,3.33919413650571E-11));
#5985=DIRECTION('',(-4.72240585088484E-11,0.,-1.));
#5986=DIRECTION('',(4.72240585088484E-11,0.,1.));
#5987=DIRECTION('center_axis',(0.,1.,0.));
#5988=DIRECTION('ref_axis',(-1.,0.,4.72234876762613E-11));
#5989=DIRECTION('',(0.500000000514672,0.707106781186548,0.499999999485328));
#5990=DIRECTION('center_axis',(0.,-1.,0.));
#5991=DIRECTION('ref_axis',(-1.,0.,4.72234876762613E-11));
#5992=DIRECTION('center_axis',(0.,1.,0.));
#5993=DIRECTION('ref_axis',(-1.,0.,4.72234876762613E-11));
#5994=DIRECTION('center_axis',(0.500000000514672,-0.707106781186548,0.499999999485327));
#5995=DIRECTION('ref_axis',(0.707106780458691,0.,-0.707106781914404));
#5996=DIRECTION('',(-0.707106780458691,0.,0.707106781914404));
#5997=DIRECTION('',(0.707106780458691,0.,-0.707106781914404));
#5998=DIRECTION('',(0.678598344633589,0.678598344620315,0.281084637323213));
#5999=DIRECTION('center_axis',(0.707106781186547,-0.707106781186548,-3.33920230667566E-11));
#6000=DIRECTION('ref_axis',(-4.72234518960824E-11,0.,-1.));
#6001=DIRECTION('',(-4.72234518960824E-11,0.,-1.));
#6002=DIRECTION('',(0.707106781186549,0.707106781186546,-3.33923338881718E-11));
#6003=DIRECTION('',(4.72234518960824E-11,0.,1.));
#6004=DIRECTION('center_axis',(0.,1.,0.));
#6005=DIRECTION('ref_axis',(0.707106781169851,0.,-0.707106781203244));
#6006=DIRECTION('',(0.,0.707106781186548,-0.707106781186547));
#6007=DIRECTION('center_axis',(0.,-1.,0.));
#6008=DIRECTION('ref_axis',(0.707106781169851,0.,-0.707106781203244));
#6009=DIRECTION('center_axis',(0.,1.,0.));
#6010=DIRECTION('ref_axis',(0.707106781169851,0.,-0.707106781203244));
#6011=DIRECTION('center_axis',(-8.76167666211849E-17,-0.707106781186547,
-0.707106781186548));
#6012=DIRECTION('ref_axis',(-1.,0.,1.23908819646958E-16));
#6013=DIRECTION('',(0.,0.707106781186548,-0.707106781186547));
#6014=DIRECTION('',(1.,0.,-1.23908819646958E-16));
#6015=DIRECTION('',(-1.,0.,1.23908819646958E-16));
#6016=DIRECTION('center_axis',(0.,-1.,0.));
#6017=DIRECTION('ref_axis',(-0.707106781179025,0.,0.70710678119407));
#6018=DIRECTION('',(0.707106781186546,0.707106781186549,-1.50448222006653E-11));
#6019=DIRECTION('center_axis',(0.,1.,0.));
#6020=DIRECTION('ref_axis',(-0.707106781179025,0.,0.70710678119407));
#6021=DIRECTION('center_axis',(0.,-1.,0.));
#6022=DIRECTION('ref_axis',(-0.707106781179025,0.,0.70710678119407));
#6023=DIRECTION('center_axis',(0.707106781186549,-0.707106781186546,-1.50452691141667E-11));
#6024=DIRECTION('ref_axis',(-2.12772236308075E-11,0.,-1.));
#6025=DIRECTION('',(0.707106781186548,0.707106781186547,-1.50446259391079E-11));
#6026=DIRECTION('',(2.12772236308075E-11,0.,1.));
#6027=DIRECTION('',(-2.12772236308075E-11,0.,-1.));
#6028=DIRECTION('center_axis',(0.,-1.,0.));
#6029=DIRECTION('ref_axis',(0.,0.,-1.));
#6030=DIRECTION('',(0.,0.707106781186547,0.707106781186548));
#6031=DIRECTION('center_axis',(0.,1.,0.));
#6032=DIRECTION('ref_axis',(0.,0.,-1.));
#6033=DIRECTION('center_axis',(0.,-1.,0.));
#6034=DIRECTION('ref_axis',(0.,0.,-1.));
#6035=DIRECTION('center_axis',(2.61682076447296E-16,-0.707106781186548,
0.707106781186547));
#6036=DIRECTION('ref_axis',(1.,0.,-3.70074341541719E-16));
#6037=DIRECTION('',(0.,0.707106781186547,0.707106781186548));
#6038=DIRECTION('',(1.,0.,-3.70074341541719E-16));
#6039=DIRECTION('center_axis',(0.707106781186547,-0.707106781186548,-3.14018491736755E-16));
#6040=DIRECTION('ref_axis',(-4.44089209850063E-16,0.,-1.));
#6041=DIRECTION('',(0.707106781186548,0.707106781186547,0.));
#6042=DIRECTION('',(-0.707106781186548,-0.707106781186547,0.));
#6043=DIRECTION('',(-4.44089209850063E-16,0.,-1.));
#6044=DIRECTION('center_axis',(0.,1.,0.));
#6045=DIRECTION('ref_axis',(0.707106781186549,0.,0.707106781186546));
#6046=DIRECTION('center_axis',(-2.07501205993976E-16,-0.707106781186548,
-0.707106781186547));
#6047=DIRECTION('ref_axis',(-1.,0.,2.93451019725454E-16));
#6048=DIRECTION('',(-0.577350269189626,-0.577350269189625,0.577350269189626));
#6049=DIRECTION('',(0.,-0.707106781186547,0.707106781186548));
#6050=DIRECTION('',(-1.,0.,2.93451019725454E-16));
#6051=DIRECTION('center_axis',(0.,1.,0.));
#6052=DIRECTION('ref_axis',(0.707106781186545,0.,-0.70710678118655));
#6053=DIRECTION('center_axis',(0.,1.,0.));
#6054=DIRECTION('ref_axis',(-1.,0.,4.72233361049203E-11));
#6055=DIRECTION('',(0.,1.,0.));
#6056=DIRECTION('',(0.,1.,0.));
#6057=DIRECTION('center_axis',(-1.,0.,4.72240585088484E-11));
#6058=DIRECTION('ref_axis',(4.72240585088484E-11,0.,1.));
#6059=DIRECTION('',(0.,1.,0.));
#6060=DIRECTION('center_axis',(0.,1.,0.));
#6061=DIRECTION('ref_axis',(-1.,0.,4.72234876762613E-11));
#6062=DIRECTION('',(0.,1.,0.));
#6063=DIRECTION('center_axis',(0.707106781914404,0.,0.707106780458691));
#6064=DIRECTION('ref_axis',(0.707106780458691,0.,-0.707106781914404));
#6065=DIRECTION('',(0.,1.,0.));
#6066=DIRECTION('center_axis',(1.,0.,-4.72234518960824E-11));
#6067=DIRECTION('ref_axis',(-4.72234518960824E-11,0.,-1.));
#6068=DIRECTION('',(0.,-1.,0.));
#6069=DIRECTION('center_axis',(0.,1.,0.));
#6070=DIRECTION('ref_axis',(0.707106781169851,0.,-0.707106781203244));
#6071=DIRECTION('',(0.,1.,0.));
#6072=DIRECTION('center_axis',(-1.23908819646958E-16,0.,-1.));
#6073=DIRECTION('ref_axis',(-1.,0.,1.23908819646958E-16));
#6074=DIRECTION('',(0.,-1.,0.));
#6075=DIRECTION('center_axis',(0.,1.,0.));
#6076=DIRECTION('ref_axis',(-0.707106781179025,0.,0.70710678119407));
#6077=DIRECTION('',(0.,1.,0.));
#6078=DIRECTION('center_axis',(1.,0.,-2.12772236308075E-11));
#6079=DIRECTION('ref_axis',(-2.12772236308075E-11,0.,-1.));
#6080=DIRECTION('',(0.,1.,0.));
#6081=DIRECTION('center_axis',(0.,1.,0.));
#6082=DIRECTION('ref_axis',(0.,0.,1.));
#6083=DIRECTION('center_axis',(0.707106781186547,-0.707106781186548,0.));
#6084=DIRECTION('ref_axis',(0.,0.,-1.));
#6085=DIRECTION('',(-0.707106781186548,-0.707106781186547,0.));
#6086=DIRECTION('',(0.,0.,-1.));
#6087=DIRECTION('',(0.707106781186548,0.707106781186547,0.));
#6088=DIRECTION('center_axis',(0.,-1.,0.));
#6089=DIRECTION('ref_axis',(-0.707106781186549,0.,0.707106781186546));
#6090=DIRECTION('',(0.,-0.707106781186548,0.707106781186547));
#6091=DIRECTION('center_axis',(0.,-1.,0.));
#6092=DIRECTION('ref_axis',(-0.707106781186549,0.,0.707106781186546));
#6093=DIRECTION('center_axis',(0.,-0.707106781186548,-0.707106781186547));
#6094=DIRECTION('ref_axis',(-1.,0.,0.));
#6095=DIRECTION('',(0.,-0.707106781186547,0.707106781186548));
#6096=DIRECTION('',(-1.,0.,0.));
#6097=DIRECTION('center_axis',(0.,-1.,0.));
#6098=DIRECTION('ref_axis',(0.707106781186549,0.,0.707106781186546));
#6099=DIRECTION('',(0.707106781186547,-0.707106781186548,0.));
#6100=DIRECTION('center_axis',(0.,-1.,0.));
#6101=DIRECTION('ref_axis',(0.707106781186549,0.,0.707106781186546));
#6102=DIRECTION('center_axis',(-0.707106781186547,-0.707106781186548,0.));
#6103=DIRECTION('ref_axis',(0.,0.,1.));
#6104=DIRECTION('',(0.707106781186548,-0.707106781186547,0.));
#6105=DIRECTION('',(0.,0.,1.));
#6106=DIRECTION('',(0.,0.,-1.));
#6107=DIRECTION('center_axis',(0.,-1.,0.));
#6108=DIRECTION('ref_axis',(0.707106781186549,0.,-0.707106781186546));
#6109=DIRECTION('center_axis',(0.,1.,0.));
#6110=DIRECTION('ref_axis',(0.707106781186549,0.,-0.707106781186546));
#6111=DIRECTION('',(0.,-0.707106781186548,-0.707106781186547));
#6112=DIRECTION('center_axis',(0.,-1.,0.));
#6113=DIRECTION('ref_axis',(0.707106781186549,0.,-0.707106781186546));
#6114=DIRECTION('center_axis',(0.,-0.707106781186547,0.707106781186548));
#6115=DIRECTION('ref_axis',(1.,0.,0.));
#6116=DIRECTION('',(0.,-0.707106781186548,-0.707106781186547));
#6117=DIRECTION('',(1.,0.,0.));
#6118=DIRECTION('',(-1.,0.,0.));
#6119=DIRECTION('center_axis',(0.,-1.,0.));
#6120=DIRECTION('ref_axis',(-0.707106781186551,0.,-0.707106781186544));
#6121=DIRECTION('center_axis',(0.,1.,0.));
#6122=DIRECTION('ref_axis',(-0.707106781186551,0.,-0.707106781186544));
#6123=DIRECTION('center_axis',(0.,-1.,0.));
#6124=DIRECTION('ref_axis',(-0.707106781186551,0.,-0.707106781186544));
#6125=DIRECTION('center_axis',(0.,1.,0.));
#6126=DIRECTION('ref_axis',(0.,0.,1.));
#6127=DIRECTION('',(1.97372982155583E-16,0.,-1.));
#6128=DIRECTION('center_axis',(0.,1.,0.));
#6129=DIRECTION('ref_axis',(0.707106781186549,0.,0.707106781186546));
#6130=DIRECTION('',(1.,0.,0.));
#6131=DIRECTION('center_axis',(0.,1.,0.));
#6132=DIRECTION('ref_axis',(-0.707106781186549,0.,0.707106781186546));
#6133=DIRECTION('',(0.792043716255649,0.,0.610464373686083));
#6134=DIRECTION('center_axis',(0.,1.,0.));
#6135=DIRECTION('ref_axis',(-0.794006779648631,0.,0.607908902609602));
#6136=DIRECTION('',(0.38268343236509,0.,0.923879532511287));
#6137=DIRECTION('center_axis',(0.,1.,0.));
#6138=DIRECTION('ref_axis',(-0.966203277808508,0.,-0.257781352995316));
#6139=DIRECTION('',(-0.79204371625565,0.,0.610464373686082));
#6140=DIRECTION('center_axis',(0.,1.,0.));
#6141=DIRECTION('ref_axis',(-0.322456418562532,0.,-0.946584311156605));
#6142=DIRECTION('',(-1.,0.,0.));
#6143=DIRECTION('center_axis',(0.,-1.,0.));
#6144=DIRECTION('ref_axis',(0.707106781186546,0.,0.707106781186549));
#6145=DIRECTION('',(0.,0.,1.));
#6146=DIRECTION('center_axis',(0.,-1.,0.));
#6147=DIRECTION('ref_axis',(0.707106781186549,0.,-0.707106781186546));
#6148=DIRECTION('',(1.,0.,0.));
#6149=DIRECTION('center_axis',(0.,1.,0.));
#6150=DIRECTION('ref_axis',(-0.707106781186548,0.,0.707106781186548));
#6151=DIRECTION('',(-3.20731096002823E-16,0.,1.));
#6152=DIRECTION('center_axis',(0.,1.,0.));
#6153=DIRECTION('ref_axis',(-0.707106781186549,0.,-0.707106781186546));
#6154=DIRECTION('',(-1.,0.,0.));
#6155=DIRECTION('center_axis',(0.,1.,0.));
#6156=DIRECTION('ref_axis',(0.707106781186549,0.,-0.707106781186546));
#6157=DIRECTION('',(1.97372982155583E-16,0.,-1.));
#6158=DIRECTION('',(0.,0.,-1.));
#6159=DIRECTION('center_axis',(0.,-1.,0.));
#6160=DIRECTION('ref_axis',(-0.707106781186548,0.,0.707106781186548));
#6161=DIRECTION('',(-1.,0.,0.));
#6162=DIRECTION('center_axis',(0.,-1.,0.));
#6163=DIRECTION('ref_axis',(0.70710678118655,0.,0.707106781186545));
#6164=DIRECTION('',(0.,0.,1.));
#6165=DIRECTION('center_axis',(0.,-1.,0.));
#6166=DIRECTION('ref_axis',(0.707106781186548,0.,-0.707106781186548));
#6167=DIRECTION('',(1.,0.,0.));
#6168=DIRECTION('center_axis',(0.,-1.,0.));
#6169=DIRECTION('ref_axis',(-0.707106781186548,0.,-0.707106781186548));
#6170=DIRECTION('center_axis',(0.,-1.,0.));
#6171=DIRECTION('ref_axis',(-1.,0.,0.));
#6172=DIRECTION('center_axis',(0.707106781186548,-0.707106781186547,0.));
#6173=DIRECTION('ref_axis',(0.,0.,-1.));
#6174=DIRECTION('',(-0.707106781186547,-0.707106781186548,0.));
#6175=DIRECTION('',(0.707106781186547,0.707106781186548,0.));
#6176=DIRECTION('',(0.,0.,1.));
#6177=DIRECTION('center_axis',(0.,-1.,0.));
#6178=DIRECTION('ref_axis',(-0.707106781186547,0.,0.707106781186547));
#6179=DIRECTION('center_axis',(0.,1.,0.));
#6180=DIRECTION('ref_axis',(-0.707106781186548,0.,0.707106781186548));
#6181=DIRECTION('',(0.,-0.707106781186548,0.707106781186547));
#6182=DIRECTION('center_axis',(0.,-0.707106781186547,-0.707106781186548));
#6183=DIRECTION('ref_axis',(-1.,0.,0.));
#6184=DIRECTION('',(0.,-0.707106781186548,0.707106781186547));
#6185=DIRECTION('center_axis',(0.,-1.,0.));
#6186=DIRECTION('ref_axis',(0.70710678118655,0.,0.707106781186545));
#6187=DIRECTION('',(0.707106781186547,-0.707106781186548,0.));
#6188=DIRECTION('center_axis',(-0.707106781186547,-0.707106781186548,0.));
#6189=DIRECTION('ref_axis',(0.,0.,1.));
#6190=DIRECTION('',(0.707106781186548,-0.707106781186547,0.));
#6191=DIRECTION('center_axis',(0.,-1.,0.));
#6192=DIRECTION('ref_axis',(0.707106781186547,0.,-0.707106781186547));
#6193=DIRECTION('',(0.,-0.707106781186548,-0.707106781186547));
#6194=DIRECTION('center_axis',(0.,-0.707106781186548,0.707106781186547));
#6195=DIRECTION('ref_axis',(1.,0.,0.));
#6196=DIRECTION('',(0.,-0.707106781186547,-0.707106781186548));
#6197=DIRECTION('',(-1.,0.,0.));
#6198=DIRECTION('center_axis',(0.,-1.,0.));
#6199=DIRECTION('ref_axis',(-0.707106781186547,0.,-0.707106781186547));
#6200=DIRECTION('center_axis',(0.,1.,0.));
#6201=DIRECTION('ref_axis',(-0.707106781186548,0.,-0.707106781186548));
#6202=DIRECTION('center_axis',(0.,1.,0.));
#6203=DIRECTION('ref_axis',(-0.707106781186548,0.,0.707106781186548));
#6204=DIRECTION('',(0.,1.,0.));
#6205=DIRECTION('center_axis',(-1.,0.,0.));
#6206=DIRECTION('ref_axis',(0.,0.,1.));
#6207=DIRECTION('',(0.,-1.,0.));
#6208=DIRECTION('center_axis',(0.,-1.,0.));
#6209=DIRECTION('ref_axis',(-1.,0.,0.));
#6210=DIRECTION('',(-0.707106781186547,0.707106781186548,-8.65956056235492E-17));
#6211=DIRECTION('center_axis',(0.707106781186547,-0.707106781186548,1.39563774105224E-16));
#6212=DIRECTION('ref_axis',(1.97372982155583E-16,0.,-1.));
#6213=DIRECTION('',(-0.707106781186548,-0.707106781186547,9.34578844490412E-17));
#6214=DIRECTION('',(-1.97372982155583E-16,0.,1.));
#6215=DIRECTION('',(-0.707106781186548,-0.707106781186547,0.));
#6216=DIRECTION('center_axis',(0.,1.,0.));
#6217=DIRECTION('ref_axis',(0.707106781186549,0.,0.707106781186546));
#6218=DIRECTION('center_axis',(0.,-1.,0.));
#6219=DIRECTION('ref_axis',(0.707106781186549,0.,0.707106781186546));
#6220=DIRECTION('',(0.,-0.707106781186551,-0.707106781186545));
#6221=DIRECTION('center_axis',(0.,-0.707106781186549,0.707106781186546));
#6222=DIRECTION('ref_axis',(1.,0.,0.));
#6223=DIRECTION('',(0.,-0.707106781186546,-0.707106781186549));
#6224=DIRECTION('center_axis',(0.,1.,0.));
#6225=DIRECTION('ref_axis',(-0.707106781186549,0.,0.707106781186546));
#6226=DIRECTION('',(0.431663498306228,-0.707106781186543,-0.560059482760569));
#6227=DIRECTION('center_axis',(-0.431663498306228,-0.707106781186547,0.560059482760563));
#6228=DIRECTION('ref_axis',(0.792043716255649,0.,0.610464373686083));
#6229=DIRECTION('',(0.431663498306226,-0.707106781186546,-0.560059482760567));
#6230=DIRECTION('center_axis',(0.,1.,0.));
#6231=DIRECTION('ref_axis',(-0.794006779648631,0.,0.607908902609602));
#6232=DIRECTION('',(0.653281482438186,-0.70710678118655,-0.270598050073098));
#6233=DIRECTION('center_axis',(-0.653281482438182,-0.707106781186555,0.270598050073096));
#6234=DIRECTION('ref_axis',(0.38268343236509,0.,0.923879532511287));
#6235=DIRECTION('',(0.653281482438195,-0.707106781186541,-0.270598050073099));
#6236=DIRECTION('center_axis',(0.,1.,0.));
#6237=DIRECTION('ref_axis',(-0.966203277808508,0.,-0.257781352995316));
#6238=DIRECTION('',(0.431663498306226,-0.707106781186547,0.560059482760565));
#6239=DIRECTION('center_axis',(-0.431663498306227,-0.707106781186547,-0.560059482760564));
#6240=DIRECTION('ref_axis',(-0.79204371625565,0.,0.610464373686082));
#6241=DIRECTION('',(0.431663498306223,-0.707106781186549,0.560059482760565));
#6242=DIRECTION('center_axis',(0.,1.,0.));
#6243=DIRECTION('ref_axis',(-0.322456418562532,0.,-0.946584311156605));
#6244=DIRECTION('center_axis',(0.,-1.,0.));
#6245=DIRECTION('ref_axis',(-0.322456418562532,0.,-0.946584311156605));
#6246=DIRECTION('',(0.,-0.707106781186548,0.707106781186547));
#6247=DIRECTION('center_axis',(0.,-0.707106781186547,-0.707106781186548));
#6248=DIRECTION('ref_axis',(-1.,0.,0.));
#6249=DIRECTION('',(0.,-0.707106781186548,0.707106781186547));
#6250=DIRECTION('',(1.,0.,0.));
#6251=DIRECTION('center_axis',(0.,-1.,0.));
#6252=DIRECTION('ref_axis',(0.707106781186546,0.,0.707106781186549));
#6253=DIRECTION('center_axis',(0.,1.,0.));
#6254=DIRECTION('ref_axis',(0.707106781186546,0.,0.707106781186549));
#6255=DIRECTION('',(0.707106781186549,-0.707106781186546,0.));
#6256=DIRECTION('center_axis',(-0.707106781186547,-0.707106781186548,0.));
#6257=DIRECTION('ref_axis',(0.,0.,1.));
#6258=DIRECTION('',(0.707106781186548,-0.707106781186547,0.));
#6259=DIRECTION('',(0.,0.,-1.));
#6260=DIRECTION('center_axis',(0.,-1.,0.));
#6261=DIRECTION('ref_axis',(0.707106781186549,0.,-0.707106781186546));
#6262=DIRECTION('center_axis',(0.,1.,0.));
#6263=DIRECTION('ref_axis',(0.707106781186549,0.,-0.707106781186546));
#6264=DIRECTION('',(0.,-0.707106781186542,-0.707106781186553));
#6265=DIRECTION('center_axis',(0.,-0.707106781186549,0.707106781186546));
#6266=DIRECTION('ref_axis',(1.,0.,0.));
#6267=DIRECTION('',(0.,-0.707106781186546,-0.707106781186549));
#6268=DIRECTION('',(-1.,0.,0.));
#6269=DIRECTION('center_axis',(0.,1.,0.));
#6270=DIRECTION('ref_axis',(-0.707106781186548,0.,0.707106781186548));
#6271=DIRECTION('center_axis',(0.,-1.,0.));
#6272=DIRECTION('ref_axis',(-0.707106781186548,0.,0.707106781186548));
#6273=DIRECTION('',(0.707106781186546,-0.707106781186549,0.));
#6274=DIRECTION('center_axis',(-0.707106781186546,-0.707106781186549,-2.26791132920989E-16));
#6275=DIRECTION('ref_axis',(-3.20731096002823E-16,0.,1.));
#6276=DIRECTION('',(0.707106781186548,-0.707106781186547,0.));
#6277=DIRECTION('center_axis',(0.,1.,0.));
#6278=DIRECTION('ref_axis',(-0.707106781186549,0.,-0.707106781186546));
#6279=DIRECTION('',(0.,-0.707106781186546,0.707106781186549));
#6280=DIRECTION('center_axis',(0.,-0.707106781186549,-0.707106781186546));
#6281=DIRECTION('ref_axis',(-1.,0.,0.));
#6282=DIRECTION('',(0.,-0.707106781186546,0.707106781186549));
#6283=DIRECTION('center_axis',(0.,1.,0.));
#6284=DIRECTION('ref_axis',(0.707106781186549,0.,-0.707106781186546));
#6285=DIRECTION('center_axis',(0.,-1.,0.));
#6286=DIRECTION('ref_axis',(0.707106781186549,0.,-0.707106781186546));
#6287=DIRECTION('',(-0.70710678118655,-0.707106781186545,0.));
#6288=DIRECTION('center_axis',(0.707106781186547,-0.707106781186548,1.39563774105224E-16));
#6289=DIRECTION('ref_axis',(1.97372982155583E-16,0.,-1.));
#6290=DIRECTION('',(-1.97372982155583E-16,0.,1.));
#6291=DIRECTION('center_axis',(1.,0.,1.97372982155583E-16));
#6292=DIRECTION('ref_axis',(1.97372982155583E-16,0.,-1.));
#6293=DIRECTION('',(0.,-1.,0.));
#6294=DIRECTION('',(1.51196476202106E-16,-0.642787609686539,-0.766044443118978));
#6295=DIRECTION('center_axis',(0.,1.,0.));
#6296=DIRECTION('ref_axis',(0.707106781186549,0.,-0.707106781186546));
#6297=DIRECTION('center_axis',(0.,-0.763561497295069,0.645735115855188));
#6298=DIRECTION('ref_axis',(5.29827221883903E-17,-0.645735115855188,-0.763561497295069));
#6299=DIRECTION('center_axis',(0.,0.906307787036647,0.422618261740705));
#6300=DIRECTION('ref_axis',(6.28877357853228E-17,0.422618261740705,-0.906307787036647));
#6301=DIRECTION('center_axis',(0.,1.,0.));
#6302=DIRECTION('ref_axis',(-0.707106781186548,0.,0.707106781186548));
#6303=DIRECTION('',(0.,1.,0.));
#6304=DIRECTION('center_axis',(0.,0.,-1.));
#6305=DIRECTION('ref_axis',(-1.,0.,0.));
#6306=DIRECTION('',(0.,-1.,0.));
#6307=DIRECTION('center_axis',(0.,1.,0.));
#6308=DIRECTION('ref_axis',(0.707106781186549,0.,-0.707106781186546));
#6309=DIRECTION('',(0.,1.,0.));
#6310=DIRECTION('center_axis',(1.,0.,0.));
#6311=DIRECTION('ref_axis',(0.,0.,-1.));
#6312=DIRECTION('',(0.,-1.,0.));
#6313=DIRECTION('center_axis',(0.,1.,0.));
#6314=DIRECTION('ref_axis',(0.707106781186546,0.,0.707106781186549));
#6315=DIRECTION('',(0.,1.,0.));
#6316=DIRECTION('center_axis',(0.,0.,1.));
#6317=DIRECTION('ref_axis',(1.,0.,0.));
#6318=DIRECTION('',(0.,-1.,0.));
#6319=DIRECTION('center_axis',(0.,-1.,0.));
#6320=DIRECTION('ref_axis',(-0.322456418562532,0.,-0.946584311156605));
#6321=DIRECTION('center_axis',(0.,1.,0.));
#6322=DIRECTION('ref_axis',(0.707106781186549,0.,0.707106781186546));
#6323=DIRECTION('',(0.,1.,0.));
#6324=DIRECTION('center_axis',(1.,0.,1.97372982155583E-16));
#6325=DIRECTION('ref_axis',(1.97372982155583E-16,0.,-1.));
#6326=DIRECTION('',(0.,-1.,0.));
#6327=DIRECTION('center_axis',(0.923879532511286,0.,-0.382683432365091));
#6328=DIRECTION('ref_axis',(-0.38268343236509,0.,-0.923879532511287));
#6329=DIRECTION('center_axis',(-0.923879532511287,0.,0.382683432365091));
#6330=DIRECTION('ref_axis',(-0.382683432365091,0.,-0.923879532511287));
#6331=DIRECTION('',(-0.923879532511287,8.65956056235495E-17,-0.382683432365091));
#6332=DIRECTION('center_axis',(-0.923879532511287,0.,0.38268343236509));
#6333=DIRECTION('ref_axis',(0.38268343236509,0.,0.923879532511286));
#6334=DIRECTION('center_axis',(-0.923879532511287,0.,0.382683432365091));
#6335=DIRECTION('ref_axis',(-0.382683432365091,0.,-0.923879532511287));
#6336=DIRECTION('center_axis',(-0.923879532511287,0.,0.382683432365091));
#6337=DIRECTION('ref_axis',(0.382683432365091,0.,0.923879532511286));
#6338=DIRECTION('center_axis',(-0.923879532511287,0.,0.382683432365091));
#6339=DIRECTION('ref_axis',(-0.382683432365091,0.,-0.923879532511287));
#6340=DIRECTION('center_axis',(-0.923879532511287,0.,0.382683432365091));
#6341=DIRECTION('ref_axis',(-0.382683432365091,0.,-0.923879532511287));
#6342=DIRECTION('',(-0.382683432365091,0.,-0.923879532511286));
#6343=DIRECTION('center_axis',(-0.923879532511287,0.,0.382683432365091));
#6344=DIRECTION('ref_axis',(-0.38268343236509,0.,-0.923879532511287));
#6345=DIRECTION('',(0.,1.,0.));
#6346=DIRECTION('center_axis',(-0.923879532511287,0.,0.382683432365091));
#6347=DIRECTION('ref_axis',(-0.38268343236509,0.,-0.923879532511287));
#6348=DIRECTION('center_axis',(0.923879532511287,0.,-0.38268343236509));
#6349=DIRECTION('ref_axis',(-0.382683432365091,0.,-0.923879532511287));
#6350=DIRECTION('center_axis',(0.923879532511287,0.,-0.38268343236509));
#6351=DIRECTION('ref_axis',(0.300891418882005,0.617886671965006,0.72641614426662));
#6352=DIRECTION('center_axis',(-0.0878088985683071,0.973319103521872,-0.21198943382065));
#6353=DIRECTION('ref_axis',(0.372473095322261,0.229455709711872,0.899229598346093));
#6354=DIRECTION('center_axis',(0.0878088985683055,-0.973319103521873,0.211989433820646));
#6355=DIRECTION('ref_axis',(0.916659733950103,0.162249688319234,0.365253296761081));
#6356=DIRECTION('',(0.0878088985683055,-0.973319103521873,0.211989433820646));
#6357=DIRECTION('center_axis',(-0.0442002648473001,0.993307380301258,-0.106708878854953));
#6358=DIRECTION('ref_axis',(-0.380122277687622,-0.115500858174528,-0.917696358152588));
#6359=DIRECTION('center_axis',(0.,-1.,0.));
#6360=DIRECTION('ref_axis',(0.923879532511285,0.,0.382683432365093));
#6361=DIRECTION('',(0.,-1.,0.));
#6362=DIRECTION('center_axis',(-0.353553390593276,0.923879532511286,0.146446609406725));
#6363=DIRECTION('ref_axis',(0.853553390593275,0.382683432365092,-0.353553390593269));
#6364=DIRECTION('center_axis',(0.653281482438188,-0.707106781186548,-0.270598050073099));
#6365=DIRECTION('ref_axis',(0.732537816328743,0.499999999999999,0.461939766255643));
#6366=DIRECTION('',(0.653281482438188,-0.707106781186548,-0.270598050073099));
#6367=DIRECTION('',(-0.653281482438188,0.707106781186548,0.270598050073099));
#6368=DIRECTION('center_axis',(0.653281482438188,0.707106781186547,-0.270598050073099));
#6369=DIRECTION('ref_axis',(-0.38268343236509,0.,-0.923879532511286));
#6370=DIRECTION('',(0.700342413322498,-0.428590175182752,0.570816052540954));
#6371=DIRECTION('',(-0.569840019872432,0.694538785894377,0.439201806280611));
#6372=DIRECTION('center_axis',(0.,1.,0.));
#6373=DIRECTION('ref_axis',(0.923879532511287,0.,0.382683432365089));
#6374=DIRECTION('',(0.,-1.,0.));
#6375=DIRECTION('center_axis',(0.,1.,0.));
#6376=DIRECTION('ref_axis',(0.923879532511287,0.,0.382683432365089));
#6377=DIRECTION('',(0.,1.,0.));
#6378=DIRECTION('center_axis',(-0.382683432365088,0.,-0.923879532511287));
#6379=DIRECTION('ref_axis',(-0.923879532511287,0.,0.382683432365088));
#6380=DIRECTION('',(0.923879532511287,0.,-0.382683432365088));
#6381=DIRECTION('',(0.,-1.,0.));
#6382=DIRECTION('center_axis',(0.,1.,0.));
#6383=DIRECTION('ref_axis',(-0.923879532511286,0.,-0.382683432365092));
#6384=DIRECTION('',(0.,-1.,0.));
#6385=DIRECTION('center_axis',(0.,1.,0.));
#6386=DIRECTION('ref_axis',(-0.923879532511286,0.,-0.382683432365092));
#6387=DIRECTION('center_axis',(0.,1.,0.));
#6388=DIRECTION('ref_axis',(0.,0.,1.));
#6389=DIRECTION('',(0.38268343236509,0.,0.923879532511286));
#6390=DIRECTION('center_axis',(0.,1.,0.));
#6391=DIRECTION('ref_axis',(-0.382683432365082,0.,0.92387953251129));
#6392=DIRECTION('',(-0.382683432365091,0.,-0.923879532511286));
#6393=DIRECTION('',(-0.382683432365091,0.,-0.923879532511286));
#6394=DIRECTION('center_axis',(0.923879532511287,0.,-0.38268343236509));
#6395=DIRECTION('ref_axis',(-0.38268343236509,0.,-0.923879532511286));
#6396=DIRECTION('',(0.,1.,0.));
#6397=DIRECTION('center_axis',(0.,1.,0.));
#6398=DIRECTION('ref_axis',(-0.382683432365082,0.,0.92387953251129));
#6399=DIRECTION('center_axis',(0.,1.,0.));
#6400=DIRECTION('ref_axis',(0.0136023662227653,0.,-0.999907483536923));
#6401=DIRECTION('center_axis',(0.,-1.,0.));
#6402=DIRECTION('ref_axis',(-0.610464373686079,0.,-0.792043716255652));
#6403=DIRECTION('center_axis',(0.117062213659352,-0.940528785850552,-0.318907574572412));
#6404=DIRECTION('ref_axis',(0.324097273336179,0.33971400175219,-0.882924319763346));
#6405=DIRECTION('center_axis',(0.569840019872438,-0.694538785894369,-0.439201806280615));
#6406=DIRECTION('ref_axis',(-0.610464373686082,0.,-0.792043716255649));
#6407=DIRECTION('center_axis',(-0.700342413322498,0.428590175182752,-0.570816052540954));
#6408=DIRECTION('ref_axis',(0.713378167024564,0.392536114747385,-0.58052303092272));
#6409=DIRECTION('center_axis',(-0.569840019872432,0.694538785894377,0.439201806280611));
#6410=DIRECTION('ref_axis',(0.0335262455683362,0.553672031578571,-0.832059656698815));
#6411=DIRECTION('center_axis',(0.,1.,0.));
#6412=DIRECTION('ref_axis',(-0.707106781186548,0.,-0.707106781186548));
#6413=DIRECTION('',(0.,1.,0.));
#6414=DIRECTION('center_axis',(0.,0.,-1.));
#6415=DIRECTION('ref_axis',(-1.,0.,0.));
#6416=DIRECTION('center_axis',(0.,1.,0.));
#6417=DIRECTION('ref_axis',(0.707106781186549,0.,-0.707106781186546));
#6418=DIRECTION('',(0.,-1.,0.));
#6419=DIRECTION('',(0.,1.,0.));
#6420=DIRECTION('center_axis',(1.,0.,0.));
#6421=DIRECTION('ref_axis',(0.,0.,-1.));
#6422=DIRECTION('center_axis',(0.,1.,0.));
#6423=DIRECTION('ref_axis',(-0.707106781186551,0.,-0.707106781186544));
#6424=DIRECTION('',(0.,1.,0.));
#6425=DIRECTION('center_axis',(0.,0.,-1.));
#6426=DIRECTION('ref_axis',(-1.,0.,0.));
#6427=DIRECTION('center_axis',(0.700342413322498,-0.428590175182752,0.570816052540954));
#6428=DIRECTION('ref_axis',(0.713378167024558,0.392536114747388,-0.580523030922726));
#6429=DIRECTION('center_axis',(1.71127128334299E-13,0.645735115855188,0.763561497295069));
#6430=DIRECTION('ref_axis',(-0.707106781186597,0.539919512590336,-0.456603679271361));
#6431=DIRECTION('',(-1.71127128334299E-13,-0.645735115855188,-0.763561497295069));
#6432=DIRECTION('center_axis',(0.,-1.,0.));
#6433=DIRECTION('ref_axis',(-2.2398956607273E-13,0.,-1.));
#6434=DIRECTION('',(1.71127128334299E-13,0.645735115855188,0.763561497295069));
#6435=DIRECTION('center_axis',(-1.,0.,2.24117021275326E-13));
#6436=DIRECTION('ref_axis',(2.24117021275326E-13,0.,1.));
#6437=DIRECTION('center_axis',(-1.,0.,2.24117021275326E-13));
#6438=DIRECTION('ref_axis',(2.24117021275326E-13,0.,1.));
#6439=DIRECTION('center_axis',(-1.,0.,2.24117021275326E-13));
#6440=DIRECTION('ref_axis',(2.24117021275326E-13,0.,1.));
#6441=DIRECTION('center_axis',(1.,0.,-2.22044604925042E-13));
#6442=DIRECTION('ref_axis',(1.44387293004998E-13,-0.764804390183726,0.644262558865327));
#6443=DIRECTION('center_axis',(-1.,0.,2.24117021275326E-13));
#6444=DIRECTION('ref_axis',(2.24117021275326E-13,0.,1.));
#6445=DIRECTION('center_axis',(-1.,0.,2.24117021275326E-13));
#6446=DIRECTION('ref_axis',(2.24117021275326E-13,0.,1.));
#6447=DIRECTION('center_axis',(-1.,0.,2.24117021275326E-13));
#6448=DIRECTION('ref_axis',(2.24117021275326E-13,0.,1.));
#6449=DIRECTION('center_axis',(-1.,0.,2.24117021275326E-13));
#6450=DIRECTION('ref_axis',(2.24117021275326E-13,0.,1.));
#6451=DIRECTION('',(-2.24117021275326E-13,0.,-1.));
#6452=DIRECTION('center_axis',(1.51196476202106E-16,-0.642787609686539,
-0.766044443118978));
#6453=DIRECTION('ref_axis',(0.707106781186495,0.541675220419742,-0.454519477672078));
#6454=DIRECTION('',(-1.51196476202106E-16,0.642787609686539,0.766044443118978));
#6455=DIRECTION('center_axis',(-1.44249947748322E-13,0.766044443118978,
-0.642787609686539));
#6456=DIRECTION('ref_axis',(1.71683598756341E-13,0.642787609686539,0.766044443118978));
#6457=DIRECTION('',(-1.71683598756341E-13,-0.642787609686539,-0.766044443118978));
#6458=DIRECTION('',(-1.,0.,2.22044604925031E-13));
#6459=DIRECTION('center_axis',(-1.,0.,2.22044604925031E-13));
#6460=DIRECTION('ref_axis',(2.22044604925031E-13,0.,1.));
#6461=DIRECTION('',(-1.,0.,2.22044604925031E-13));
#6462=DIRECTION('center_axis',(0.,0.763561497295069,-0.645735115855188));
#6463=DIRECTION('ref_axis',(1.5070640978031E-16,-0.645735115855188,-0.763561497295069));
#6464=DIRECTION('center_axis',(-1.71683598756341E-13,-0.642787609686539,
-0.766044443118978));
#6465=DIRECTION('ref_axis',(-0.707106781186649,0.541675220419701,-0.454519477671886));
#6466=DIRECTION('',(1.71683598756341E-13,0.642787609686539,0.766044443118978));
#6467=DIRECTION('center_axis',(9.38401049623177E-14,0.906307787036649,0.422618261740702));
#6468=DIRECTION('ref_axis',(-2.05391345074864E-13,0.422618261740702,-0.906307787036649));
#6469=DIRECTION('center_axis',(0.480408652113637,0.563753510706439,0.671855271721911));
#6470=DIRECTION('ref_axis',(-1.39888101102771E-13,0.766044443118987,-0.642787609686529));
#6471=DIRECTION('center_axis',(0.923879532511287,0.,-0.38268343236509));
#6472=DIRECTION('ref_axis',(0.173383945428933,-0.891472868217053,0.418585872552285));
#6473=DIRECTION('center_axis',(-0.923879532511287,0.,0.382683432365091));
#6474=DIRECTION('ref_axis',(-0.38268343236509,0.,-0.923879532511287));
#6475=DIRECTION('',(0.923879532511286,0.,-0.38268343236509));
#6476=DIRECTION('center_axis',(-0.372473095322263,-0.229455709711868,-0.899229598346093));
#6477=DIRECTION('ref_axis',(-0.0878088985683055,0.973319103521873,-0.211989433820646));
#6478=DIRECTION('',(-0.0878088985683055,0.973319103521873,-0.211989433820646));
#6479=DIRECTION('',(0.923879532511286,0.,-0.38268343236509));
#6480=DIRECTION('center_axis',(-0.38268343236509,0.,-0.923879532511287));
#6481=DIRECTION('ref_axis',(0.,1.,0.));
#6482=DIRECTION('',(0.,1.,0.));
#6483=DIRECTION('',(0.,1.,0.));
#6484=DIRECTION('center_axis',(-0.923879532511287,0.,0.382683432365091));
#6485=DIRECTION('ref_axis',(0.382683432365091,0.,0.923879532511286));
#6486=DIRECTION('center_axis',(-0.923879532511287,0.,0.382683432365091));
#6487=DIRECTION('ref_axis',(-0.38268343236509,0.,-0.923879532511287));
#6488=DIRECTION('center_axis',(0.923879532511286,0.,-0.382683432365091));
#6489=DIRECTION('ref_axis',(-0.38268343236509,0.,-0.923879532511287));
#6490=DIRECTION('center_axis',(-0.923879532511287,0.,0.382683432365091));
#6491=DIRECTION('ref_axis',(-0.382683432365091,0.,-0.923879532511287));
#6492=DIRECTION('',(-0.923879532511287,8.65956056235495E-17,-0.382683432365091));
#6493=DIRECTION('center_axis',(-0.923879532511287,0.,0.38268343236509));
#6494=DIRECTION('ref_axis',(0.38268343236509,0.,0.923879532511286));
#6495=DIRECTION('center_axis',(-0.923879532511287,0.,0.382683432365091));
#6496=DIRECTION('ref_axis',(0.382683432365091,0.,0.923879532511286));
#6497=DIRECTION('center_axis',(-0.923879532511287,0.,0.382683432365091));
#6498=DIRECTION('ref_axis',(-0.38268343236509,0.,-0.923879532511287));
#6499=DIRECTION('center_axis',(-0.923879532511287,0.,0.382683432365091));
#6500=DIRECTION('ref_axis',(0.382683432365091,0.,0.923879532511286));
#6501=DIRECTION('center_axis',(0.923879532511286,0.,-0.382683432365091));
#6502=DIRECTION('ref_axis',(-0.38268343236509,0.,-0.923879532511287));
#6503=DIRECTION('',(-0.923879532511293,8.65956056235481E-17,-0.382683432365076));
#6504=DIRECTION('center_axis',(-0.923879532511287,0.,0.38268343236509));
#6505=DIRECTION('ref_axis',(0.38268343236509,0.,0.923879532511286));
#6506=DIRECTION('center_axis',(0.923879532511286,0.,-0.382683432365091));
#6507=DIRECTION('ref_axis',(-0.38268343236509,0.,-0.923879532511287));
#6508=DIRECTION('',(-0.923879532511293,8.65956056235481E-17,-0.382683432365076));
#6509=DIRECTION('center_axis',(-0.923879532511287,0.,0.38268343236509));
#6510=DIRECTION('ref_axis',(0.38268343236509,0.,0.923879532511286));
#6511=DIRECTION('center_axis',(-0.923879532511287,0.,0.382683432365091));
#6512=DIRECTION('ref_axis',(0.382683432365091,0.,0.923879532511286));
#6513=DIRECTION('center_axis',(-0.923879532511287,0.,0.382683432365091));
#6514=DIRECTION('ref_axis',(0.382683432365091,0.,0.923879532511286));
#6515=DIRECTION('center_axis',(-0.923879532511287,0.,0.382683432365091));
#6516=DIRECTION('ref_axis',(0.382683432365091,0.,0.923879532511286));
#6517=DIRECTION('center_axis',(-0.923879532511287,0.,0.382683432365091));
#6518=DIRECTION('ref_axis',(0.382683432365091,0.,0.923879532511286));
#6519=DIRECTION('center_axis',(0.,1.,0.));
#6520=DIRECTION('ref_axis',(-0.707106781186548,0.,0.707106781186548));
#6521=DIRECTION('',(0.,-1.,0.));
#6522=DIRECTION('center_axis',(0.,1.,0.));
#6523=DIRECTION('ref_axis',(-0.707106781186551,0.,0.707106781186544));
#6524=DIRECTION('center_axis',(-0.382683432382544,0.923879532504057,0.));
#6525=DIRECTION('ref_axis',(-0.923879532504057,-0.382683432382544,0.));
#6526=DIRECTION('center_axis',(0.,1.,0.));
#6527=DIRECTION('ref_axis',(-0.707106781186548,0.,0.707106781186548));
#6528=DIRECTION('',(0.,-1.,0.));
#6529=DIRECTION('center_axis',(0.382683432382543,-0.923879532504058,-1.81108530945497E-14));
#6530=DIRECTION('ref_axis',(-0.923879532504058,-0.382683432382543,4.37234671646724E-14));
#6531=DIRECTION('center_axis',(-0.707106781186548,0.707106781186548,0.));
#6532=DIRECTION('ref_axis',(-0.49999999999996,-0.499999999999961,0.707106781186604));
#6533=DIRECTION('',(0.707106781186548,-0.707106781186548,0.));
#6534=DIRECTION('center_axis',(0.,1.,0.));
#6535=DIRECTION('ref_axis',(-0.707106781186548,0.,-0.707106781186548));
#6536=DIRECTION('',(0.,1.,0.));
#6537=DIRECTION('center_axis',(0.707106781186548,0.707106781186548,-1.58474665523113E-13));
#6538=DIRECTION('ref_axis',(-0.707106781186548,0.707106781186548,1.58481207548394E-13));
#6539=DIRECTION('',(0.,1.,0.));
#6540=DIRECTION('center_axis',(-1.,0.,0.));
#6541=DIRECTION('ref_axis',(0.,0.,1.));
#6542=DIRECTION('',(0.,-2.22044604925031E-16,-1.));
#6543=DIRECTION('center_axis',(0.,1.,0.));
#6544=DIRECTION('ref_axis',(0.707106781186625,0.,0.707106781186471));
#6545=DIRECTION('center_axis',(-0.707106781186548,-0.707106781186548,1.58474665523113E-13));
#6546=DIRECTION('ref_axis',(0.707106781186547,-0.707106781186547,-1.58383076769726E-13));
#6547=DIRECTION('',(0.,-1.,0.));
#6548=DIRECTION('',(0.,1.,0.));
#6549=DIRECTION('center_axis',(-1.,0.,2.24117021275326E-13));
#6550=DIRECTION('ref_axis',(2.24117021275326E-13,0.,1.));
#6551=DIRECTION('center_axis',(-1.,0.,2.24117021275326E-13));
#6552=DIRECTION('ref_axis',(2.24117021275326E-13,0.,1.));
#6553=DIRECTION('center_axis',(-1.,0.,2.24117021275326E-13));
#6554=DIRECTION('ref_axis',(2.24117021275326E-13,0.,1.));
#6555=DIRECTION('',(2.24117021275326E-13,0.,1.));
#6556=DIRECTION('center_axis',(-1.,0.,2.24117021275326E-13));
#6557=DIRECTION('ref_axis',(2.24117021275326E-13,0.,1.));
#6558=DIRECTION('center_axis',(-1.,0.,2.24117021275326E-13));
#6559=DIRECTION('ref_axis',(2.24117021275326E-13,0.,1.));
#6560=DIRECTION('',(2.24117021275326E-13,0.,1.));
#6561=DIRECTION('',(0.,1.,0.));
#6562=DIRECTION('center_axis',(0.,1.,0.));
#6563=DIRECTION('ref_axis',(-0.707106781186628,0.,-0.707106781186467));
#6564=DIRECTION('center_axis',(-0.707106781186548,-0.707106781186548,1.58474665523113E-13));
#6565=DIRECTION('ref_axis',(2.24117021275326E-13,0.,1.));
#6566=DIRECTION('',(0.707106781186548,-0.707106781186547,0.));
#6567=DIRECTION('center_axis',(-1.,0.,2.24117021275326E-13));
#6568=DIRECTION('ref_axis',(2.24117021275326E-13,0.,1.));
#6569=DIRECTION('center_axis',(1.,0.,-2.24265050974283E-13));
#6570=DIRECTION('ref_axis',(2.24169889024953E-13,0.,1.));
#6571=DIRECTION('',(-0.707106781186387,-8.65956056235496E-17,0.707106781186708));
#6572=DIRECTION('center_axis',(-1.,0.,2.24117021275326E-13));
#6573=DIRECTION('ref_axis',(2.24117021275326E-13,0.,1.));
#6574=DIRECTION('center_axis',(1.,0.,-2.24265050974283E-13));
#6575=DIRECTION('ref_axis',(2.24169889024953E-13,0.,1.));
#6576=DIRECTION('',(-0.707106781186387,-8.65956056235496E-17,0.707106781186708));
#6577=DIRECTION('center_axis',(-1.,0.,2.24117021275326E-13));
#6578=DIRECTION('ref_axis',(2.24117021275326E-13,0.,1.));
#6579=DIRECTION('center_axis',(-1.,0.,2.24117021275326E-13));
#6580=DIRECTION('ref_axis',(2.24117021275326E-13,0.,1.));
#6581=DIRECTION('center_axis',(-1.,0.,2.24117021275326E-13));
#6582=DIRECTION('ref_axis',(2.24117021275326E-13,0.,1.));
#6583=DIRECTION('center_axis',(1.32169407698532E-16,0.,1.));
#6584=DIRECTION('ref_axis',(1.,0.,-1.32169407698532E-16));
#6585=DIRECTION('center_axis',(0.,0.,-1.));
#6586=DIRECTION('ref_axis',(-1.,0.,0.));
#6587=DIRECTION('center_axis',(0.,1.,0.));
#6588=DIRECTION('ref_axis',(0.,0.,1.));
#6589=CARTESIAN_POINT('',(0.,0.,0.));
#6590=CARTESIAN_POINT('Ctrl Pts',(-52.5007515988416,27.1,-10.5352172054277));
#6591=CARTESIAN_POINT('Ctrl Pts',(-52.5115510550864,27.1,-10.1088098629764));
#6592=CARTESIAN_POINT('Ctrl Pts',(-52.4164685875798,27.1,-9.626108495085));
#6593=CARTESIAN_POINT('Ctrl Pts',(-52.0436090124002,27.1,-9.03029494153135));
#6594=CARTESIAN_POINT('Ctrl Pts',(-51.6160411575784,27.1,-8.63670897717269));
#6595=CARTESIAN_POINT('Ctrl Pts',(-51.306575085098,27.1,-8.40878679035908));
#6596=CARTESIAN_POINT('Ctrl Pts',(-52.7695871889114,26.9683881991497,-10.5420259019556));
#6597=CARTESIAN_POINT('Ctrl Pts',(-52.7908284067655,26.9758917967761,-10.0847877093827));
#6598=CARTESIAN_POINT('Ctrl Pts',(-52.6952025283425,26.9870769689042,-9.51992455240243));
#6599=CARTESIAN_POINT('Ctrl Pts',(-52.2505796639468,26.9747953492445,-8.83967427277256));
#6600=CARTESIAN_POINT('Ctrl Pts',(-51.7838781141024,26.9638615702907,-8.4333999469304));
#6601=CARTESIAN_POINT('Ctrl Pts',(-51.4581676717628,26.9590612517752,-8.20295881429346));
#6602=CARTESIAN_POINT('Ctrl Pts',(-53.0384227789811,26.8367763982994,-10.5488345984834));
#6603=CARTESIAN_POINT('Ctrl Pts',(-53.0701057584445,26.8517835935522,-10.0607655557889));
#6604=CARTESIAN_POINT('Ctrl Pts',(-52.9739364691052,26.8741539378083,-9.41374060971985));
#6605=CARTESIAN_POINT('Ctrl Pts',(-52.4575503154934,26.8495906984891,-8.64905360401376));
#6606=CARTESIAN_POINT('Ctrl Pts',(-51.9517150706264,26.8277231405814,-8.2300909166881));
#6607=CARTESIAN_POINT('Ctrl Pts',(-51.6097602584276,26.8181225035503,-7.99713083822785));
#6608=CARTESIAN_POINT('Ctrl Pts',(-53.3072583690509,26.7051645974491,-10.5556432950113));
#6609=CARTESIAN_POINT('Ctrl Pts',(-53.3493831101236,26.7276753903283,-10.0367434021952));
#6610=CARTESIAN_POINT('Ctrl Pts',(-53.2526704098679,26.7612309067125,-9.30755666703727));
#6611=CARTESIAN_POINT('Ctrl Pts',(-52.6645209670399,26.7243860477336,-8.45843293525496));
#6612=CARTESIAN_POINT('Ctrl Pts',(-52.1195520271504,26.6915847108722,-8.0267818864458));
#6613=CARTESIAN_POINT('Ctrl Pts',(-51.7613528450924,26.6771837553254,-7.79130286216223));
#6614=CARTESIAN_POINT('',(-53.3072583690509,26.7051645974491,-10.5556432950113));
#6615=CARTESIAN_POINT('',(-52.5007515988416,27.1,-10.5352172054277));
#6616=CARTESIAN_POINT('Ctrl Pts',(-53.3072583690509,26.7051645974491,-10.5556432950113));
#6617=CARTESIAN_POINT('Ctrl Pts',(-53.0384227789811,26.8367763982994,-10.5488345984834));
#6618=CARTESIAN_POINT('Ctrl Pts',(-52.7695871889114,26.9683881991497,-10.5420259019556));
#6619=CARTESIAN_POINT('Ctrl Pts',(-52.5007515988416,27.1,-10.5352172054277));
#6620=CARTESIAN_POINT('',(-51.8771559905009,26.6820309965193,-7.86879429085538));
#6621=CARTESIAN_POINT('Ctrl Pts',(-53.3072583690509,26.7051645974491,-10.5556432950113));
#6622=CARTESIAN_POINT('Ctrl Pts',(-53.3493831101236,26.7276753903283,-10.0367434021952));
#6623=CARTESIAN_POINT('Ctrl Pts',(-53.2526704098679,26.7612309067125,-9.30755666703727));
#6624=CARTESIAN_POINT('Ctrl Pts',(-52.6831152009589,26.7255508910144,-8.48527782219221));
#6625=CARTESIAN_POINT('Ctrl Pts',(-52.1792144600673,26.695178281717,-8.07470882230085));
#6626=CARTESIAN_POINT('Ctrl Pts',(-51.8771559905009,26.6820309965193,-7.86879429085538));
#6627=CARTESIAN_POINT('',(-51.7613528450927,26.6771837553255,-7.79130286216238));
#6628=CARTESIAN_POINT('Ctrl Pts',(-51.7613528450924,26.6771837553254,-7.79130286216223));
#6629=CARTESIAN_POINT('Ctrl Pts',(-51.8009882440833,26.6787772475709,-7.81735904974989));
#6630=CARTESIAN_POINT('Ctrl Pts',(-51.8395741667149,26.6803952239609,-7.84317460322714));
#6631=CARTESIAN_POINT('Ctrl Pts',(-51.8771559905009,26.6820309965193,-7.86879429085538));
#6632=CARTESIAN_POINT('',(-51.6857026352396,27.1,-8.71353919201831));
#6633=CARTESIAN_POINT('Ctrl Pts',(-51.6857026352396,27.1,-8.7135391920183));
#6634=CARTESIAN_POINT('Ctrl Pts',(-51.6839306890356,27.0388308027663,-8.54941852006726));
#6635=CARTESIAN_POINT('Ctrl Pts',(-51.6930035132817,26.9670123507598,-8.38365159623826));
#6636=CARTESIAN_POINT('Ctrl Pts',(-51.7209565179395,26.8248871104809,-8.0797449685471));
#6637=CARTESIAN_POINT('Ctrl Pts',(-51.7397205395898,26.7515311859182,-7.93335705552422));
#6638=CARTESIAN_POINT('Ctrl Pts',(-51.7613528450928,26.6771837553254,-7.79130286216241));
#6639=CARTESIAN_POINT('Ctrl Pts',(-51.6868167990077,27.1,-8.71398366104745));
#6640=CARTESIAN_POINT('Ctrl Pts',(-51.8067668688869,27.1,-8.82039327554812));
#6641=CARTESIAN_POINT('Ctrl Pts',(-52.0941351368632,27.1,-9.11103351381854));
#6642=CARTESIAN_POINT('Ctrl Pts',(-52.4164685875798,27.1,-9.626108495085));
#6643=CARTESIAN_POINT('Ctrl Pts',(-52.5115510550864,27.1,-10.1088098629764));
#6644=CARTESIAN_POINT('Ctrl Pts',(-52.5007515988416,27.1,-10.5352172054277));
#6645=CARTESIAN_POINT('Origin',(-50.2874136968899,26.85,-4.68448959050007));
#6646=CARTESIAN_POINT('',(-51.8450179337511,26.6,-7.79159738150181));
#6647=CARTESIAN_POINT('',(-48.4761413451463,26.6,0.34159016866906));
#6648=CARTESIAN_POINT('',(-50.5183835800177,26.6,-4.5888187324088));
#6649=CARTESIAN_POINT('',(-48.4171894502295,26.6771837553255,0.28222176050806));
#6650=CARTESIAN_POINT('Ctrl Pts',(-48.4761413452532,26.599999999961,0.341590168512814));
#6651=CARTESIAN_POINT('Ctrl Pts',(-48.4469741280453,26.6382577104079,0.312033844690831));
#6652=CARTESIAN_POINT('Ctrl Pts',(-48.4171894503339,26.677183755288,0.28222176035405));
#6653=CARTESIAN_POINT('',(-47.7115771111464,27.1,0.880848546820537));
#6654=CARTESIAN_POINT('Ctrl Pts',(-48.4171894502295,26.6771837553254,0.282221760508127));
#6655=CARTESIAN_POINT('Ctrl Pts',(-48.3018866664375,26.751247880109,0.367048419981675));
#6656=CARTESIAN_POINT('Ctrl Pts',(-48.1855660669344,26.8243212822644,0.456921186938012));
#6657=CARTESIAN_POINT('Ctrl Pts',(-47.9508805593367,26.96650424703,0.651960130274673));
#6658=CARTESIAN_POINT('Ctrl Pts',(-47.826776431797,27.0386169007152,0.76313455291955));
#6659=CARTESIAN_POINT('Ctrl Pts',(-47.7115771111464,27.1,0.880848546820526));
#6660=CARTESIAN_POINT('',(-50.0564438137621,27.1,-4.78016044859134));
#6661=CARTESIAN_POINT('Ctrl Pts',(-51.7613528450747,26.6771837553063,-7.79130286206838));
#6662=CARTESIAN_POINT('Ctrl Pts',(-51.8034941196557,26.6382577104267,-7.79132224147979));
#6663=CARTESIAN_POINT('Ctrl Pts',(-51.8450179337331,26.5999999999801,-7.79159738140603));
#6664=CARTESIAN_POINT('Origin',(-47.336462032595,26.9656687408843,3.09301942178634));
#6665=CARTESIAN_POINT('',(-46.9615140679104,26.8313374817686,3.43652463669017));
#6666=CARTESIAN_POINT('',(-46.236225208536,26.8313374817686,3.13610015449918));
#6667=CARTESIAN_POINT('',(-47.1601047410473,26.8313374817686,3.51878358686427));
#6668=CARTESIAN_POINT('',(-46.5889397916315,27.1,2.28457182434333));
#6669=CARTESIAN_POINT('',(-46.236225208536,26.8313374817686,3.13610015449918));
#6670=CARTESIAN_POINT('',(-47.2000625331855,27.1,2.53770715216964));
#6671=CARTESIAN_POINT('',(-47.5128193241428,27.1,2.66725525670842));
#6672=CARTESIAN_POINT('Ctrl Pts',(-47.2000625331855,27.1,2.53770715216964));
#6673=CARTESIAN_POINT('Ctrl Pts',(-47.1773435557401,27.0131480355399,2.85080500178524));
#6674=CARTESIAN_POINT('Ctrl Pts',(-47.0887144996609,26.9222470081836,3.15163743287463));
#6675=CARTESIAN_POINT('Ctrl Pts',(-46.9615140678996,26.8313374817609,3.43652463671424));
#6676=CARTESIAN_POINT('Ctrl Pts',(-47.6589859393028,27.1,0.397272395384587));
#6677=CARTESIAN_POINT('Ctrl Pts',(-47.7581741545542,27.1,1.05093982735192));
#6678=CARTESIAN_POINT('Ctrl Pts',(-47.7113461797104,27.1,1.70547997689551));
#6679=CARTESIAN_POINT('Ctrl Pts',(-47.3790373448694,27.1,2.38133663149496));
#6680=CARTESIAN_POINT('Ctrl Pts',(-46.9525615254018,27.1,2.81181257763628));
#6681=CARTESIAN_POINT('Ctrl Pts',(-46.6221713802501,27.1,3.06521962348478));
#6682=CARTESIAN_POINT('Ctrl Pts',(-47.911720442945,26.9590612517752,0.358922183758978));
#6683=CARTESIAN_POINT('Ctrl Pts',(-48.0276039665271,26.9673188495835,1.03541290627142));
#6684=CARTESIAN_POINT('Ctrl Pts',(-48.0054749396269,26.9859815195767,1.76664137231814));
#6685=CARTESIAN_POINT('Ctrl Pts',(-47.6053872507064,26.9799594960733,2.56256677770523));
#6686=CARTESIAN_POINT('Ctrl Pts',(-47.129048879261,26.966288022572,3.01254268598279));
#6687=CARTESIAN_POINT('Ctrl Pts',(-46.7792672413212,26.9606714295683,3.27003999131722));
#6688=CARTESIAN_POINT('Ctrl Pts',(-48.1644549465872,26.8181225035503,0.320571972133369));
#6689=CARTESIAN_POINT('Ctrl Pts',(-48.2970337785,26.8346376991671,1.01988598519091));
#6690=CARTESIAN_POINT('Ctrl Pts',(-48.2996036995435,26.8719630391534,1.82780276774077));
#6691=CARTESIAN_POINT('Ctrl Pts',(-47.8317371565435,26.8599189921466,2.7437969239155));
#6692=CARTESIAN_POINT('Ctrl Pts',(-47.3055362331202,26.832576045144,3.2132727943293));
#6693=CARTESIAN_POINT('Ctrl Pts',(-46.9363631023923,26.8213428591366,3.47486035914966));
#6694=CARTESIAN_POINT('Ctrl Pts',(-48.4171894502294,26.6771837553254,0.28222176050776));
#6695=CARTESIAN_POINT('Ctrl Pts',(-48.5664635904729,26.7019565487506,1.00435906411041));
#6696=CARTESIAN_POINT('Ctrl Pts',(-48.5937324594601,26.7579445587301,1.8889641631634));
#6697=CARTESIAN_POINT('Ctrl Pts',(-48.0580870623805,26.7398784882199,2.92502707012577));
#6698=CARTESIAN_POINT('Ctrl Pts',(-47.4820235869794,26.6988640677159,3.41400290267581));
#6699=CARTESIAN_POINT('Ctrl Pts',(-47.0934589634634,26.6820142887049,3.6796807269821));
#6700=CARTESIAN_POINT('',(-48.4443415851236,26.682064765212,0.419236244640463));
#6701=CARTESIAN_POINT('',(-47.0934589634634,26.6820142887049,3.67968072698209));
#6702=CARTESIAN_POINT('Ctrl Pts',(-48.4443415851236,26.682064765212,0.419236244640463));
#6703=CARTESIAN_POINT('Ctrl Pts',(-48.5679579288943,26.7061755972894,1.07242564532631));
#6704=CARTESIAN_POINT('Ctrl Pts',(-48.5789660276171,26.7574465214086,1.91752588026965));
#6705=CARTESIAN_POINT('Ctrl Pts',(-48.0580870623805,26.7398784882199,2.92502707012577));
#6706=CARTESIAN_POINT('Ctrl Pts',(-47.4820235869794,26.6988640677159,3.41400290267581));
#6707=CARTESIAN_POINT('Ctrl Pts',(-47.0934589634634,26.6820142887049,3.6796807269821));
#6708=CARTESIAN_POINT('Ctrl Pts',(-47.0934589634634,26.6820142887049,3.67968072698208));
#6709=CARTESIAN_POINT('Ctrl Pts',(-47.0445136919339,26.7321098797791,3.6015815735631));
#6710=CARTESIAN_POINT('Ctrl Pts',(-47.0001902229304,26.782109534461,3.52059235426485));
#6711=CARTESIAN_POINT('Ctrl Pts',(-46.9615140679104,26.8313374817686,3.43652463669017));
#6712=CARTESIAN_POINT('Ctrl Pts',(-47.2013893966914,27.1,2.53774945007608));
#6713=CARTESIAN_POINT('Ctrl Pts',(-47.2446161017724,27.1,2.48846555617741));
#6714=CARTESIAN_POINT('Ctrl Pts',(-47.451787705898,27.1,2.23337542652358));
#6715=CARTESIAN_POINT('Ctrl Pts',(-47.6720798632407,27.1,1.78534063212118));
#6716=CARTESIAN_POINT('Ctrl Pts',(-47.7374667252466,27.1,1.26279591916725));
#6717=CARTESIAN_POINT('Ctrl Pts',(-47.7132306520677,27.1,0.882608093527756));
#6718=CARTESIAN_POINT('Ctrl Pts',(-48.4443415851236,26.682064765212,0.419236244640463));
#6719=CARTESIAN_POINT('Ctrl Pts',(-48.4358434132553,26.6804072336216,0.374331860476909));
#6720=CARTESIAN_POINT('Ctrl Pts',(-48.4267914026957,26.6787772475709,0.328672726844327));
#6721=CARTESIAN_POINT('Ctrl Pts',(-48.4171894502294,26.6771837553254,0.28222176050776));
#6722=CARTESIAN_POINT('Ctrl Pts',(-52.486982106873,27.1,-11.0788938817522));
#6723=CARTESIAN_POINT('Ctrl Pts',(-52.4915719375292,27.1,-10.8976683229774));
#6724=CARTESIAN_POINT('Ctrl Pts',(-52.4961617681854,27.1,-10.7164427642026));
#6725=CARTESIAN_POINT('Ctrl Pts',(-52.5007515988416,27.1,-10.5352172054277));
#6726=CARTESIAN_POINT('Ctrl Pts',(-52.7385807209873,26.9566450871374,-11.0852660239596));
#6727=CARTESIAN_POINT('Ctrl Pts',(-52.751231362161,26.9614268585289,-10.9042446182605));
#6728=CARTESIAN_POINT('Ctrl Pts',(-52.7616302090411,26.9657712705191,-10.7231661822256));
#6729=CARTESIAN_POINT('Ctrl Pts',(-52.7695871889114,26.9683881991497,-10.5420259019556));
#6730=CARTESIAN_POINT('Ctrl Pts',(-52.9901793351016,26.8132901742748,-11.091638166167));
#6731=CARTESIAN_POINT('Ctrl Pts',(-53.0108907867928,26.8228537170579,-10.9108209135437));
#6732=CARTESIAN_POINT('Ctrl Pts',(-53.0270986498969,26.8315425410382,-10.7298896002486));
#6733=CARTESIAN_POINT('Ctrl Pts',(-53.0384227789812,26.8367763982994,-10.5488345984834));
#6734=CARTESIAN_POINT('Ctrl Pts',(-53.241777949216,26.6699352614122,-11.0980103083744));
#6735=CARTESIAN_POINT('Ctrl Pts',(-53.2705502114246,26.6842805755868,-10.9173972088268));
#6736=CARTESIAN_POINT('Ctrl Pts',(-53.2925670907526,26.6973138115574,-10.7366130182717));
#6737=CARTESIAN_POINT('Ctrl Pts',(-53.3072583690509,26.7051645974491,-10.5556432950113));
#6738=CARTESIAN_POINT('',(-52.4992794899073,27.1,-10.5933421743391));
#6739=CARTESIAN_POINT('Ctrl Pts',(-52.5007515988416,27.1,-10.5352172054277));
#6740=CARTESIAN_POINT('Ctrl Pts',(-52.5002608958635,27.1,-10.5545921950648));
#6741=CARTESIAN_POINT('Ctrl Pts',(-52.4997701928854,27.1,-10.573967184702));
#6742=CARTESIAN_POINT('Ctrl Pts',(-52.4992794899073,27.1,-10.5933421743391));
#6743=CARTESIAN_POINT('',(-53.2417779492759,26.6699352571649,-11.0980102848569));
#6744=CARTESIAN_POINT('Ctrl Pts',(-52.4992794899073,27.1,-10.5933421743391));
#6745=CARTESIAN_POINT('Ctrl Pts',(-52.5163326255403,27.0910321003329,-10.6357456835981));
#6746=CARTESIAN_POINT('Ctrl Pts',(-52.5369924806715,27.0800763389421,-10.6757350667362));
#6747=CARTESIAN_POINT('Ctrl Pts',(-52.5609378498092,27.0671213554078,-10.7132050722794));
#6748=CARTESIAN_POINT('Ctrl Pts',(-52.5712490573953,27.0615427600757,-10.7293401756136));
#6749=CARTESIAN_POINT('Ctrl Pts',(-52.5821698504151,27.0555938801669,-10.7450081241466));
#6750=CARTESIAN_POINT('Ctrl Pts',(-52.5936768672935,27.049276069968,-10.7602005716575));
#6751=CARTESIAN_POINT('Ctrl Pts',(-52.6168999869794,27.0365256530742,-10.7908615179826));
#6752=CARTESIAN_POINT('Ctrl Pts',(-52.6421734049624,27.0224541588452,-10.819144636066));
#6753=CARTESIAN_POINT('Ctrl Pts',(-52.6691372202257,27.00721883924,-10.8451835935739));
#6754=CARTESIAN_POINT('Ctrl Pts',(-52.6752177238572,27.0037831824057,-10.8510555361807));
#6755=CARTESIAN_POINT('Ctrl Pts',(-52.6813843638339,27.000288459985,-10.8568133609541));
#6756=CARTESIAN_POINT('Ctrl Pts',(-52.687633314581,26.9967366737117,-10.8624586083883));
#6757=CARTESIAN_POINT('Ctrl Pts',(-52.7180621659346,26.9794414859396,-10.8899477664859));
#6758=CARTESIAN_POINT('Ctrl Pts',(-52.7502477581289,26.9608990925574,-10.9145918473008));
#6759=CARTESIAN_POINT('Ctrl Pts',(-52.7836470948106,26.9414468007459,-10.9366481536907));
#6760=CARTESIAN_POINT('Ctrl Pts',(-52.8127238904856,26.9245120238728,-10.9558499336647));
#6761=CARTESIAN_POINT('Ctrl Pts',(-52.8427221465814,26.9068886006076,-10.9730904538718));
#6762=CARTESIAN_POINT('Ctrl Pts',(-52.8733118892307,26.8888135803293,-10.9885402050388));
#6763=CARTESIAN_POINT('Ctrl Pts',(-52.9177759382111,26.8625404404671,-11.0109973567875));
#6764=CARTESIAN_POINT('Ctrl Pts',(-52.9639810849514,26.8350209315814,-11.029921592047));
#6765=CARTESIAN_POINT('Ctrl Pts',(-53.0111358435745,26.8068997746195,-11.0456506051953));
#6766=CARTESIAN_POINT('Ctrl Pts',(-53.0788113508949,26.7665408878518,-11.068224550552));
#6767=CARTESIAN_POINT('Ctrl Pts',(-53.1484512120177,26.724947627365,-11.0842173882047));
#6768=CARTESIAN_POINT('Ctrl Pts',(-53.2178031156699,26.6840513922045,-11.0946295872795));
#6769=CARTESIAN_POINT('Ctrl Pts',(-53.2257997868138,26.6793358223877,-11.0958301733846));
#6770=CARTESIAN_POINT('Ctrl Pts',(-53.233792575227,26.674629475434,-11.0969565612445));
#6771=CARTESIAN_POINT('Ctrl Pts',(-53.2417779533024,26.6699352634496,-11.0980102827225));
#6772=CARTESIAN_POINT('',(-53.2548531653048,26.6765930084193,-11.012757709479));
#6773=CARTESIAN_POINT('Ctrl Pts',(-53.2417779527967,26.6699352631975,-11.0980102858969));
#6774=CARTESIAN_POINT('Ctrl Pts',(-53.2463042806963,26.6721920060312,-11.0695970133646));
#6775=CARTESIAN_POINT('Ctrl Pts',(-53.2506634248726,26.6744162772568,-11.0411795066339));
#6776=CARTESIAN_POINT('Ctrl Pts',(-53.2548531653048,26.6765930084193,-11.012757709479));
#6777=CARTESIAN_POINT('Ctrl Pts',(-53.2548531653048,26.6765930084193,-11.012757709479));
#6778=CARTESIAN_POINT('Ctrl Pts',(-53.2772961182227,26.6882529849223,-10.8605122265639));
#6779=CARTESIAN_POINT('Ctrl Pts',(-53.2948782597942,26.6985488636023,-10.7081436357325));
#6780=CARTESIAN_POINT('Ctrl Pts',(-53.3072583690509,26.7051645974491,-10.5556432950113));
#6781=CARTESIAN_POINT('Origin',(-41.7672334279373,26.85,11.96535627404));
#6782=CARTESIAN_POINT('',(-46.3183417415584,27.1,1.63129034190514));
#6783=CARTESIAN_POINT('',(-45.8564019753027,26.6,1.4399486257226));
#6784=CARTESIAN_POINT('',(-46.3183417415584,27.1,1.63129034190514));
#6785=CARTESIAN_POINT('',(-52.9160981686127,26.6,-15.6036656704001));
#6786=CARTESIAN_POINT('',(-41.5362635448094,26.6,11.8696854159487));
#6787=CARTESIAN_POINT('',(-53.3780379348684,27.1,-15.4123239542176));
#6788=CARTESIAN_POINT('',(-52.9160981686127,26.6,-15.6036656704001));
#6789=CARTESIAN_POINT('',(-41.9982033110651,27.1,12.0610271321312));
#6790=CARTESIAN_POINT('Origin',(-53.839977701124,26.85,-15.220982238035));
#6791=CARTESIAN_POINT('',(-54.4504420748101,26.6,-16.0130259542907));
#6792=CARTESIAN_POINT('Origin',(-53.839977701124,26.6,-15.220982238035));
#6793=CARTESIAN_POINT('',(-54.1452098879671,27.1,-15.6170040961628));
#6794=CARTESIAN_POINT('',(-54.4504420748101,26.6,-16.0130259542907));
#6795=CARTESIAN_POINT('Origin',(-53.839977701124,27.1,-15.220982238035));
#6796=CARTESIAN_POINT('Origin',(-38.6651186030101,26.85,-27.863858697486));
#6797=CARTESIAN_POINT('',(-58.1425038307621,26.6,-13.1673848347416));
#6798=CARTESIAN_POINT('',(-38.8177346964316,26.6,-28.0618696265499));
#6799=CARTESIAN_POINT('',(-57.837271643919,27.1,-12.7713629766137));
#6800=CARTESIAN_POINT('',(-58.1425038307621,26.6,-13.1673848347416));
#6801=CARTESIAN_POINT('',(-38.5125025095886,27.1,-27.6658477684221));
#6802=CARTESIAN_POINT('Origin',(-57.532039457076,26.85,-12.3753411184859));
#6803=CARTESIAN_POINT('',(-58.4559189895873,26.6,-11.9926576861208));
#6804=CARTESIAN_POINT('Origin',(-57.532039457076,26.6,-12.3753411184859));
#6805=CARTESIAN_POINT('',(-57.9939792233316,27.1,-12.1839994023034));
#6806=CARTESIAN_POINT('',(-58.4559189895873,26.6,-11.9926576861208));
#6807=CARTESIAN_POINT('Origin',(-57.532039457076,27.1,-12.3753411184859));
#6808=CARTESIAN_POINT('Origin',(-55.0243360365734,26.85,-4.36136506298468));
#6809=CARTESIAN_POINT('',(-57.9726643148361,26.6,-10.8259776962563));
#6810=CARTESIAN_POINT('',(-55.2553059197012,26.6,-4.26569420489341));
#6811=CARTESIAN_POINT('',(-57.5107245485804,27.1,-11.0173194124388));
#6812=CARTESIAN_POINT('',(-57.9726643148361,26.6,-10.8259776962563));
#6813=CARTESIAN_POINT('',(-54.7933661534456,27.1,-4.45703592107595));
#6814=CARTESIAN_POINT('Origin',(-57.0487847823248,26.85,-11.2086611286214));
#6815=CARTESIAN_POINT('',(-56.6661013499597,26.6,-10.2847815961101));
#6816=CARTESIAN_POINT('Origin',(-57.0487847823248,26.6,-11.2086611286214));
#6817=CARTESIAN_POINT('',(-56.8574430661422,27.1,-10.7467213623657));
#6818=CARTESIAN_POINT('',(-56.6661013499597,26.6,-10.2847815961101));
#6819=CARTESIAN_POINT('Origin',(-57.0487847823248,27.1,-11.2086611286214));
#6820=CARTESIAN_POINT('Origin',(-54.897159110471,26.85,-11.288099512834));
#6821=CARTESIAN_POINT('',(-54.3564025186815,26.6,-11.2414901770228));
#6822=CARTESIAN_POINT('',(-54.8014882523797,26.6,-11.0571296297062));
#6823=CARTESIAN_POINT('',(-54.547744234864,27.1,-11.7034299432784));
#6824=CARTESIAN_POINT('',(-54.3564025186815,26.6,-11.2414901770228));
#6825=CARTESIAN_POINT('',(-54.9928299685623,27.1,-11.5190693959618));
#6826=CARTESIAN_POINT('Origin',(-53.9737190863164,26.85,-10.3176106445115));
#6827=CARTESIAN_POINT('Origin',(-53.9737190863164,27.1,-10.3176106445115));
#6828=CARTESIAN_POINT('',(-53.2945043164988,26.5999999823349,-11.0515502172705));
#6829=CARTESIAN_POINT('Origin',(-53.9737190863164,26.6,-10.3176106445115));
#6830=CARTESIAN_POINT('Ctrl Pts',(-53.2945043060724,26.5999999900046,-11.0515501940028));
#6831=CARTESIAN_POINT('Ctrl Pts',(-53.2769728335193,26.6233124103276,-11.067089327737));
#6832=CARTESIAN_POINT('Ctrl Pts',(-53.2593968410006,26.6466238431005,-11.0825749907042));
#6833=CARTESIAN_POINT('Ctrl Pts',(-53.2417779566903,26.6699352515117,-11.0980103018597));
#6834=CARTESIAN_POINT('Ctrl Pts',(-45.8051497298967,26.600079725744,1.56368249168392));
#6835=CARTESIAN_POINT('Ctrl Pts',(-45.7676307925222,26.6003121625569,1.65426121913927));
#6836=CARTESIAN_POINT('Ctrl Pts',(-45.7112364939628,26.6017822655493,1.84766698474809));
#6837=CARTESIAN_POINT('Ctrl Pts',(-45.6853179862239,26.6108925584174,2.06534819851886));
#6838=CARTESIAN_POINT('Ctrl Pts',(-45.674145213918,26.6278858892256,2.18713518484884));
#6839=CARTESIAN_POINT('Ctrl Pts',(-45.969109940343,26.7667198171626,1.60722268426509));
#6840=CARTESIAN_POINT('Ctrl Pts',(-45.9399773502582,26.7668747750379,1.68312314125073));
#6841=CARTESIAN_POINT('Ctrl Pts',(-45.8986587329124,26.7678548436995,1.84428610428568));
#6842=CARTESIAN_POINT('Ctrl Pts',(-45.8869882159457,26.7739283722783,2.02135912783432));
#6843=CARTESIAN_POINT('Ctrl Pts',(-45.8845636606912,26.7852572594837,2.11779636810417));
#6844=CARTESIAN_POINT('Ctrl Pts',(-46.1330701507892,26.9333599085813,1.65076287684625));
#6845=CARTESIAN_POINT('Ctrl Pts',(-46.1123239079942,26.933437387519,1.7119850633622));
#6846=CARTESIAN_POINT('Ctrl Pts',(-46.0860809718619,26.9339274218497,1.84090522382328));
#6847=CARTESIAN_POINT('Ctrl Pts',(-46.0886584456675,26.9369641861391,1.97737005714978));
#6848=CARTESIAN_POINT('Ctrl Pts',(-46.0949821074645,26.9426286297419,2.04845755135951));
#6849=CARTESIAN_POINT('Ctrl Pts',(-46.2970303612355,27.1,1.69430306942741));
#6850=CARTESIAN_POINT('Ctrl Pts',(-46.2846704657303,27.1,1.74084698547366));
#6851=CARTESIAN_POINT('Ctrl Pts',(-46.2735032108114,27.1,1.83752434336087));
#6852=CARTESIAN_POINT('Ctrl Pts',(-46.2903286753893,27.1,1.93338098646524));
#6853=CARTESIAN_POINT('Ctrl Pts',(-46.3054005542378,27.1,1.97911873461484));
#6854=CARTESIAN_POINT('',(-45.8051497298967,26.600079725744,1.56368249168393));
#6855=CARTESIAN_POINT('',(-46.2970303612355,27.1,1.69430306942742));
#6856=CARTESIAN_POINT('',(-45.8051497298967,26.600079725744,1.56368249168393));
#6857=CARTESIAN_POINT('',(-46.305400554188,27.1,1.97911873446391));
#6858=CARTESIAN_POINT('Ctrl Pts',(-46.2970303612355,27.1,1.69430306942741));
#6859=CARTESIAN_POINT('Ctrl Pts',(-46.2846704657303,27.1,1.74084698547366));
#6860=CARTESIAN_POINT('Ctrl Pts',(-46.2735032108176,27.1,1.8375243433077));
#6861=CARTESIAN_POINT('Ctrl Pts',(-46.2903286753708,27.1,1.9333809863598));
#6862=CARTESIAN_POINT('Ctrl Pts',(-46.305400554188,27.1,1.97911873446391));
#6863=CARTESIAN_POINT('',(-45.6741452147376,26.6278858907916,2.18713518429243));
#6864=CARTESIAN_POINT('',(-46.305400554188,27.1,1.97911873446391));
#6865=CARTESIAN_POINT('Ctrl Pts',(-45.6741452139548,26.6278858891695,2.18713518444695));
#6866=CARTESIAN_POINT('Ctrl Pts',(-45.6853179862524,26.6108925584074,2.06534819827942));
#6867=CARTESIAN_POINT('Ctrl Pts',(-45.7112364939939,26.6017822655485,1.84766698464172));
#6868=CARTESIAN_POINT('Ctrl Pts',(-45.7676307925222,26.6003121625569,1.65426121913927));
#6869=CARTESIAN_POINT('Ctrl Pts',(-45.8051497298967,26.600079725744,1.56368249168392));
#6870=CARTESIAN_POINT('Ctrl Pts',(-45.8564019753027,26.6,1.4399486257226));
#6871=CARTESIAN_POINT('Ctrl Pts',(-45.8394189530361,26.6,1.48094926840883));
#6872=CARTESIAN_POINT('Ctrl Pts',(-45.8224373742942,26.5999726255634,1.52194642611788));
#6873=CARTESIAN_POINT('Ctrl Pts',(-45.8051497298967,26.6000797257439,1.56368249168393));
#6874=CARTESIAN_POINT('Ctrl Pts',(-46.0103818973879,26.7666666666667,1.50372919778345));
#6875=CARTESIAN_POINT('Ctrl Pts',(-45.9962293788324,26.7666666666667,1.53789640002197));
#6876=CARTESIAN_POINT('Ctrl Pts',(-45.982533397749,26.7666484170423,1.57224994244989));
#6877=CARTESIAN_POINT('Ctrl Pts',(-45.969109940343,26.7667198171626,1.60722268426509));
#6878=CARTESIAN_POINT('Ctrl Pts',(-46.1643618194732,26.9333333333333,1.56750976984429));
#6879=CARTESIAN_POINT('Ctrl Pts',(-46.1530398046287,26.9333333333333,1.59484353163511));
#6880=CARTESIAN_POINT('Ctrl Pts',(-46.1426294212037,26.9333242085211,1.62255345878189));
#6881=CARTESIAN_POINT('Ctrl Pts',(-46.1330701507892,26.9333599085813,1.65076287684625));
#6882=CARTESIAN_POINT('Ctrl Pts',(-46.3183417415584,27.1,1.63129034190514));
#6883=CARTESIAN_POINT('Ctrl Pts',(-46.309850230425,27.1,1.65179066324826));
#6884=CARTESIAN_POINT('Ctrl Pts',(-46.3027254446584,27.1,1.67285697511389));
#6885=CARTESIAN_POINT('Ctrl Pts',(-46.2970303612355,27.1,1.69430306942742));
#6886=CARTESIAN_POINT('Ctrl Pts',(-45.8051497298967,26.6000797257439,1.56368249168393));
#6887=CARTESIAN_POINT('Ctrl Pts',(-45.8224373742942,26.5999726255634,1.52194642611788));
#6888=CARTESIAN_POINT('Ctrl Pts',(-45.8394189530361,26.6,1.48094926840883));
#6889=CARTESIAN_POINT('Ctrl Pts',(-45.8564019753027,26.6,1.4399486257226));
#6890=CARTESIAN_POINT('Ctrl Pts',(-46.3183417415584,27.1,1.63129034190514));
#6891=CARTESIAN_POINT('Ctrl Pts',(-46.309850230425,27.1,1.65179066324826));
#6892=CARTESIAN_POINT('Ctrl Pts',(-46.3027254446584,27.1,1.67285697511389));
#6893=CARTESIAN_POINT('Ctrl Pts',(-46.2970303612355,27.1,1.69430306942742));
#6894=CARTESIAN_POINT('Ctrl Pts',(-45.6741452139548,26.6278858891695,2.18713518444695));
#6895=CARTESIAN_POINT('Ctrl Pts',(-45.6551477114673,26.6567803161042,2.39421437643143));
#6896=CARTESIAN_POINT('Ctrl Pts',(-45.7328248845898,26.7724797081139,2.81170193310728));
#6897=CARTESIAN_POINT('Ctrl Pts',(-46.0748984537359,26.8313374817685,3.06927642468737));
#6898=CARTESIAN_POINT('Ctrl Pts',(-46.236225208536,26.8313374817685,3.13610015449919));
#6899=CARTESIAN_POINT('Ctrl Pts',(-45.8845636606992,26.7852572594464,2.11779636778594));
#6900=CARTESIAN_POINT('Ctrl Pts',(-45.8804410947289,26.8045202107361,2.28177239181718));
#6901=CARTESIAN_POINT('Ctrl Pts',(-45.9585456680334,26.8816531387426,2.60166623297982));
#6902=CARTESIAN_POINT('Ctrl Pts',(-46.2273329782339,26.9208916545124,2.79987437406808));
#6903=CARTESIAN_POINT('Ctrl Pts',(-46.3537967362345,26.9208916545124,2.85225737778057));
#6904=CARTESIAN_POINT('Ctrl Pts',(-46.0949821074436,26.9426286297232,2.04845755112492));
#6905=CARTESIAN_POINT('Ctrl Pts',(-46.1057344779905,26.9522601053681,2.16933040720294));
#6906=CARTESIAN_POINT('Ctrl Pts',(-46.1842664514771,26.9908265693713,2.39163053285235));
#6907=CARTESIAN_POINT('Ctrl Pts',(-46.3797675027319,27.0104458272562,2.53047232344878));
#6908=CARTESIAN_POINT('Ctrl Pts',(-46.471368263933,27.0104458272562,2.56841460106195));
#6909=CARTESIAN_POINT('Ctrl Pts',(-46.305400554188,27.1,1.97911873446391));
#6910=CARTESIAN_POINT('Ctrl Pts',(-46.3310278612521,27.1,2.0568884225887));
#6911=CARTESIAN_POINT('Ctrl Pts',(-46.4099872349207,27.1,2.18159483272489));
#6912=CARTESIAN_POINT('Ctrl Pts',(-46.5322020272299,27.1,2.26107027282949));
#6913=CARTESIAN_POINT('Ctrl Pts',(-46.5889397916315,27.1,2.28457182434333));
#6914=CARTESIAN_POINT('Ctrl Pts',(-46.236225208536,26.8313374817685,3.13610015449919));
#6915=CARTESIAN_POINT('Ctrl Pts',(-46.0748984537359,26.8313374817685,3.06927642468737));
#6916=CARTESIAN_POINT('Ctrl Pts',(-45.7328248845898,26.7724797081139,2.81170193310728));
#6917=CARTESIAN_POINT('Ctrl Pts',(-45.6551477114673,26.6567803161042,2.39421437643143));
#6918=CARTESIAN_POINT('Ctrl Pts',(-45.6741452139548,26.6278858891695,2.18713518444695));
#6919=CARTESIAN_POINT('Ctrl Pts',(-46.305400554188,27.1,1.97911873446391));
#6920=CARTESIAN_POINT('Ctrl Pts',(-46.3310278612521,27.1,2.0568884225887));
#6921=CARTESIAN_POINT('Ctrl Pts',(-46.4099872349207,27.1,2.18159483272489));
#6922=CARTESIAN_POINT('Ctrl Pts',(-46.5322020272299,27.1,2.26107027282949));
#6923=CARTESIAN_POINT('Ctrl Pts',(-46.5889397916315,27.1,2.28457182434333));
#6924=CARTESIAN_POINT('Origin',(-53.9737190863164,1.5,-10.3176106445115));
#6925=CARTESIAN_POINT('',(-54.3564025186815,1.5,-11.2414901770228));
#6926=CARTESIAN_POINT('',(-54.3564025186815,1.5,-11.2414901770228));
#6927=CARTESIAN_POINT('',(-53.0498395538051,1.5,-10.7002940768766));
#6928=CARTESIAN_POINT('Origin',(-53.9737190863164,1.5,-10.3176106445115));
#6929=CARTESIAN_POINT('',(-53.0498395538051,1.57145787565054,-10.7002940768766));
#6930=CARTESIAN_POINT('',(-53.0498395538051,1.5,-10.7002940768766));
#6931=CARTESIAN_POINT('',(-53.0498395538051,6.02854212434946,-10.7002940768766));
#6932=CARTESIAN_POINT('Ctrl Pts',(-53.0498395538051,6.02854212434946,-10.7002940768766));
#6933=CARTESIAN_POINT('Ctrl Pts',(-53.0580147746904,6.01608027950632,-10.7200308060134));
#6934=CARTESIAN_POINT('Ctrl Pts',(-53.0666734127473,6.00264011031998,-10.7391414546712));
#6935=CARTESIAN_POINT('Ctrl Pts',(-53.1122713240478,5.93055657794931,-10.8322190383104));
#6936=CARTESIAN_POINT('Ctrl Pts',(-53.1548104642471,5.85883455783202,-10.8950149566496));
#6937=CARTESIAN_POINT('Ctrl Pts',(-53.3390424991808,5.52899769177239,-11.1240768028167));
#6938=CARTESIAN_POINT('Ctrl Pts',(-53.4910120692434,5.205627706218,-11.2016358769542));
#6939=CARTESIAN_POINT('Ctrl Pts',(-53.7147179013468,4.5155012341448,-11.2909676944878));
#6940=CARTESIAN_POINT('Ctrl Pts',(-53.7815300471518,4.14667583269352,-11.2989685676084));
#6941=CARTESIAN_POINT('Ctrl Pts',(-53.7815300471518,3.8,-11.2989685676084));
#6942=CARTESIAN_POINT('Ctrl Pts',(-53.7815300471518,3.45332416730648,-11.2989685676084));
#6943=CARTESIAN_POINT('Ctrl Pts',(-53.7147179013468,3.08449876585521,-11.2909676944878));
#6944=CARTESIAN_POINT('Ctrl Pts',(-53.4910120692434,2.394372293782,-11.2016358769542));
#6945=CARTESIAN_POINT('Ctrl Pts',(-53.3390424991808,2.07100230822761,-11.1240768028168));
#6946=CARTESIAN_POINT('Ctrl Pts',(-53.1548104642471,1.74116544216798,-10.8950149566496));
#6947=CARTESIAN_POINT('Ctrl Pts',(-53.1122713240478,1.6694434220507,-10.8322190383104));
#6948=CARTESIAN_POINT('Ctrl Pts',(-53.0666734127473,1.59735988968003,-10.7391414546711));
#6949=CARTESIAN_POINT('Ctrl Pts',(-53.0580147746904,1.58391972049369,-10.7200308060134));
#6950=CARTESIAN_POINT('Ctrl Pts',(-53.0498395538051,1.57145787565054,-10.7002940768766));
#6951=CARTESIAN_POINT('',(-53.0498395538051,22.5714578756505,-10.7002940768766));
#6952=CARTESIAN_POINT('',(-53.0498395538051,1.5,-10.7002940768766));
#6953=CARTESIAN_POINT('Ctrl Pts',(-53.2945043104668,26.5999999765469,-11.0515502116883));
#6954=CARTESIAN_POINT('Ctrl Pts',(-53.4068578854742,26.378774911542,-11.1555263586047));
#6955=CARTESIAN_POINT('Ctrl Pts',(-53.5166149183697,26.1266436056409,-11.2118597903184));
#6956=CARTESIAN_POINT('Ctrl Pts',(-53.7147179013468,25.5155012341448,-11.2909676944878));
#6957=CARTESIAN_POINT('Ctrl Pts',(-53.7815300471518,25.1466758326935,-11.2989685676084));
#6958=CARTESIAN_POINT('Ctrl Pts',(-53.7815300471518,24.8,-11.2989685676084));
#6959=CARTESIAN_POINT('Ctrl Pts',(-53.7815300471518,24.4533241673065,-11.2989685676084));
#6960=CARTESIAN_POINT('Ctrl Pts',(-53.7147179013468,24.0844987658552,-11.2909676944878));
#6961=CARTESIAN_POINT('Ctrl Pts',(-53.4910120692434,23.394372293782,-11.2016358769542));
#6962=CARTESIAN_POINT('Ctrl Pts',(-53.3390424991808,23.0710023082276,-11.1240768028168));
#6963=CARTESIAN_POINT('Ctrl Pts',(-53.1548104642471,22.741165442168,-10.8950149566496));
#6964=CARTESIAN_POINT('Ctrl Pts',(-53.1122713240478,22.6694434220507,-10.8322190383104));
#6965=CARTESIAN_POINT('Ctrl Pts',(-53.0666734127473,22.59735988968,-10.7391414546711));
#6966=CARTESIAN_POINT('Ctrl Pts',(-53.0580147746904,22.5839197204937,-10.7200308060134));
#6967=CARTESIAN_POINT('Ctrl Pts',(-53.0498395538051,22.5714578756505,-10.7002940768766));
#6968=CARTESIAN_POINT('Origin',(-55.7422218174484,1.5,-10.6674650284752));
#6969=CARTESIAN_POINT('',(-56.6661013499597,3.5,-10.2847815961101));
#6970=CARTESIAN_POINT('',(-56.6661013499597,0.75,-10.2847815961101));
#6971=CARTESIAN_POINT('',(-55.8512710037951,3.5,-10.6222953765246));
#6972=CARTESIAN_POINT('',(-55.725367784891,3.5,-10.6744461973411));
#6973=CARTESIAN_POINT('',(-54.8183422849371,3.,-11.0501484608402));
#6974=CARTESIAN_POINT('Ctrl Pts',(-55.8512710037951,3.5,-10.6222953765246));
#6975=CARTESIAN_POINT('Ctrl Pts',(-55.2315137724803,3.,-10.879007227114));
#6976=CARTESIAN_POINT('Ctrl Pts',(-54.8183422849371,3.,-11.0501484608402));
#6977=CARTESIAN_POINT('',(-54.8183422849371,1.5,-11.0501484608402));
#6978=CARTESIAN_POINT('',(-54.8183422849371,1.5,-11.0501484608402));
#6979=CARTESIAN_POINT('',(-38.5375483360192,1.5,-17.7938741206838));
#6980=CARTESIAN_POINT('Origin',(-57.0487847823248,0.75,-11.2086611286214));
#6981=CARTESIAN_POINT('',(-57.9726643148361,3.,-10.8259776962563));
#6982=CARTESIAN_POINT('',(-57.9726643148361,0.75,-10.8259776962563));
#6983=CARTESIAN_POINT('',(-57.1793109745448,3.5,-10.2172162672476));
#6984=CARTESIAN_POINT('Origin',(-57.0487847823248,4.00000000000002,-11.2086611286214));
#6985=CARTESIAN_POINT('Origin',(-57.0487847823248,3.5,-11.2086611286214));
#6986=CARTESIAN_POINT('Origin',(-58.7489097692364,0.,-12.7));
#6987=CARTESIAN_POINT('',(-58.4559189895873,0.7,-11.9926576861208));
#6988=CARTESIAN_POINT('',(-58.4559189895873,0.,-11.9926576861208));
#6989=CARTESIAN_POINT('',(-47.7531895044038,0.7,13.8460169914195));
#6990=CARTESIAN_POINT('',(-52.9814981564082,0.7,1.2237633354779));
#6991=CARTESIAN_POINT('',(-47.7531895044038,3.,13.8460169914195));
#6992=CARTESIAN_POINT('',(-47.7531895044038,0.,13.8460169914195));
#6993=CARTESIAN_POINT('',(-49.7416487780898,3.,9.0454516446602));
#6994=CARTESIAN_POINT('Origin',(-57.532039457076,0.,-12.3753411184859));
#6995=CARTESIAN_POINT('',(-58.1425038307621,0.7,-13.1673848347416));
#6996=CARTESIAN_POINT('',(-58.1425038307621,0.,-13.1673848347416));
#6997=CARTESIAN_POINT('Origin',(-57.532039457076,0.7,-12.3753411184859));
#6998=CARTESIAN_POINT('Origin',(-18.1999999999425,0.,-43.9529022046753));
#6999=CARTESIAN_POINT('',(-54.4504420748101,13.0857864376269,-16.0130259542907));
#7000=CARTESIAN_POINT('',(-54.4504420748101,0.75,-16.0130259542907));
#7001=CARTESIAN_POINT('',(-54.0437533874512,12.5901015834489,-16.3264795550432));
#7002=CARTESIAN_POINT('',(-42.7450775249649,-1.18107689134837,-25.0348866067172));
#7003=CARTESIAN_POINT('',(-54.0437533874512,1.,-16.3264795550432));
#7004=CARTESIAN_POINT('',(-54.0437533874512,0.75,-16.3264795550432));
#7005=CARTESIAN_POINT('',(-31.3831511622642,1.,-33.7920437162556));
#7006=CARTESIAN_POINT('',(-25.7097349220549,1.,-38.1648054977808));
#7007=CARTESIAN_POINT('',(-31.3831511622642,0.7,-33.7920437162556));
#7008=CARTESIAN_POINT('',(-31.3831511622642,0.,-33.7920437162556));
#7009=CARTESIAN_POINT('',(-22.6098841574291,0.7,-40.5540024785909));
#7010=CARTESIAN_POINT('Origin',(-53.839977701124,0.75,-15.220982238035));
#7011=CARTESIAN_POINT('',(-52.9160981686127,13.5,-15.6036656704001));
#7012=CARTESIAN_POINT('',(-52.9160981686127,0.75,-15.6036656704001));
#7013=CARTESIAN_POINT('',(-52.9489101345918,13.5030721244891,-15.674852915513));
#7014=CARTESIAN_POINT('Origin',(-53.839977701124,14.5,-15.220982238035));
#7015=CARTESIAN_POINT('Origin',(-53.839977701124,13.0857864376269,-15.220982238035));
#7016=CARTESIAN_POINT('Origin',(-37.3160419807761,1.5,22.0582015520573));
#7017=CARTESIAN_POINT('',(-45.6471024883666,26.2085271317829,1.9452422856816));
#7018=CARTESIAN_POINT('Origin',(-45.4737185429376,27.1,2.36382815823388));
#7019=CARTESIAN_POINT('',(-45.3325416315351,25.1625400213448,2.70465937243582));
#7020=CARTESIAN_POINT('Origin',(-45.9210491221443,24.8,1.28387660704899));
#7021=CARTESIAN_POINT('',(-45.3164092990074,24.9837209302326,2.74360626841681));
#7022=CARTESIAN_POINT('',(-44.0971640024771,11.4689774550131,5.68712479916006));
#7023=CARTESIAN_POINT('',(-45.3164092990074,13.5,2.74360626841681));
#7024=CARTESIAN_POINT('',(-45.3164092990074,2.5,2.74360626841681));
#7025=CARTESIAN_POINT('',(-36.022606403198,13.5,25.1808312655023));
#7026=CARTESIAN_POINT('Ctrl Pts',(-45.6741452143523,26.62788589028,2.18713518522246));
#7027=CARTESIAN_POINT('Ctrl Pts',(-45.7277722817065,26.6991064643104,2.05766799190559));
#7028=CARTESIAN_POINT('Ctrl Pts',(-45.7578452755929,26.8352477874372,1.98506536220391));
#7029=CARTESIAN_POINT('Ctrl Pts',(-45.6037749867954,26.4313002946744,2.04984412759853));
#7030=CARTESIAN_POINT('Ctrl Pts',(-45.6797320560694,26.5321767054547,1.86646754079909));
#7031=CARTESIAN_POINT('Ctrl Pts',(-45.7223272713702,26.7250064912696,1.76363359432763));
#7032=CARTESIAN_POINT('Ctrl Pts',(-45.6471024857751,26.2085271283413,1.94524229193803));
#7033=CARTESIAN_POINT('Ctrl Pts',(-45.7483641823621,26.3430098907602,1.70077493068879));
#7034=CARTESIAN_POINT('Ctrl Pts',(-45.8051497298967,26.600079725744,1.56368249168393));
#7035=CARTESIAN_POINT('Origin',(-46.5709820208778,26.2085271317829,2.32792571804669));
#7036=CARTESIAN_POINT('Origin',(-48.0324758750063,27.1,2.62391552302096));
#7037=CARTESIAN_POINT('Origin',(4.32500000001436,59.85,-12.45));
#7038=CARTESIAN_POINT('',(-16.1999999999425,60.0673310873556,-12.2326689126444));
#7039=CARTESIAN_POINT('',(-16.1999999999425,60.1,-12.2));
#7040=CARTESIAN_POINT('',(-16.1999999999425,59.35,-12.95));
#7041=CARTESIAN_POINT('',(9.5,60.1,-12.2));
#7042=CARTESIAN_POINT('',(4.32500000001436,60.1,-12.2));
#7043=CARTESIAN_POINT('',(9.5,59.6,-12.7));
#7044=CARTESIAN_POINT('',(9.5,60.1,-12.2));
#7045=CARTESIAN_POINT('',(-14.5357864375692,59.6,-12.7));
#7046=CARTESIAN_POINT('',(4.32500000001436,59.6,-12.7));
#7047=CARTESIAN_POINT('Origin',(-15.5357864375692,60.6,-11.7));
#7048=CARTESIAN_POINT('Origin',(9.75,59.85,-7.02500000063017));
#7049=CARTESIAN_POINT('',(10.,59.6,-12.2));
#7050=CARTESIAN_POINT('',(10.,59.6,-12.2));
#7051=CARTESIAN_POINT('',(9.5,60.1,-10.7));
#7052=CARTESIAN_POINT('',(9.5,60.1,-7.02500000063017));
#7053=CARTESIAN_POINT('',(10.,59.6,-10.7));
#7054=CARTESIAN_POINT('',(9.5,60.1,-10.7));
#7055=CARTESIAN_POINT('',(10.,59.6,-7.02500000063017));
#7056=CARTESIAN_POINT('Origin',(9.5,59.6,-12.2));
#7057=CARTESIAN_POINT('Origin',(9.5,59.6,-12.2));
#7058=CARTESIAN_POINT('Origin',(-4.67499999998564,59.85,-10.45));
#7059=CARTESIAN_POINT('',(9.5,59.6,-10.2));
#7060=CARTESIAN_POINT('',(9.5,59.6,-10.2));
#7061=CARTESIAN_POINT('',(-8.,60.1,-10.7));
#7062=CARTESIAN_POINT('',(-4.67499999998564,60.1,-10.7));
#7063=CARTESIAN_POINT('',(-8.,59.6,-10.2));
#7064=CARTESIAN_POINT('',(-8.,60.1,-10.7));
#7065=CARTESIAN_POINT('',(-4.67499999998564,59.6,-10.2));
#7066=CARTESIAN_POINT('Origin',(-8.,59.85,-8.));
#7067=CARTESIAN_POINT('',(-10.7,60.1,-7.99999999994255));
#7068=CARTESIAN_POINT('Origin',(-8.,60.1,-8.));
#7069=CARTESIAN_POINT('',(-10.2,59.6,-7.99999999995319));
#7070=CARTESIAN_POINT('',(-10.7,60.1,-7.99999999994255));
#7071=CARTESIAN_POINT('Origin',(-8.,59.6,-8.));
#7072=CARTESIAN_POINT('Origin',(-10.4499999998676,59.85,-1.77500000179101));
#7073=CARTESIAN_POINT('',(-10.6999999998553,60.1,-1.20000000247808));
#7074=CARTESIAN_POINT('',(-10.6999999998675,60.1,-1.77500000178569));
#7075=CARTESIAN_POINT('',(-10.1999999998553,59.6,-1.20000000248872));
#7076=CARTESIAN_POINT('',(-10.6999999998553,60.1,-1.20000000247808));
#7077=CARTESIAN_POINT('',(-10.1999999998676,59.6,-1.77500000179633));
#7078=CARTESIAN_POINT('Origin',(-8.69999999985532,59.85,-1.20000000252064));
#7079=CARTESIAN_POINT('',(-8.69999999985532,60.1,0.799999997479362));
#7080=CARTESIAN_POINT('',(-8.69999999985532,59.6,0.299999997479362));
#7081=CARTESIAN_POINT('',(-8.69999999985532,60.1,0.799999997479362));
#7082=CARTESIAN_POINT('Origin',(-8.69999999985532,59.6,-1.20000000252064));
#7083=CARTESIAN_POINT('Origin',(-8.69999999985532,60.1,-1.20000000252064));
#7084=CARTESIAN_POINT('Origin',(-3.67499999878435,59.85,0.549999997479361));
#7085=CARTESIAN_POINT('',(-7.49999999752658,60.1,0.799999997479362));
#7086=CARTESIAN_POINT('',(-3.67499999878435,60.1,0.799999997479361));
#7087=CARTESIAN_POINT('',(-7.49999999752658,59.6,0.299999997479362));
#7088=CARTESIAN_POINT('',(-7.49999999752658,60.1,0.799999997479362));
#7089=CARTESIAN_POINT('',(-3.67499999878435,59.6,0.299999997479361));
#7090=CARTESIAN_POINT('Origin',(-7.49999999752658,59.85,1.79999999747936));
#7091=CARTESIAN_POINT('',(-6.49999999752658,60.1,1.79999999743214));
#7092=CARTESIAN_POINT('',(-5.99999999752658,59.6,1.79999999740853));
#7093=CARTESIAN_POINT('',(-6.49999999752658,60.1,1.79999999743214));
#7094=CARTESIAN_POINT('Origin',(-7.49999999752658,59.6,1.79999999747936));
#7095=CARTESIAN_POINT('Origin',(-7.49999999752658,60.1,1.79999999747936));
#7096=CARTESIAN_POINT('Origin',(-6.24999999759755,59.85,0.297182538323909));
#7097=CARTESIAN_POINT('',(-5.99999999740171,59.6,4.44436507766494));
#7098=CARTESIAN_POINT('',(-5.99999999759755,59.6,0.297182538312103));
#7099=CARTESIAN_POINT('',(-6.49999999741149,60.1,4.23725829678966));
#7100=CARTESIAN_POINT('',(-6.49999999759755,60.1,0.297182538335715));
#7101=CARTESIAN_POINT('',(-6.49999999741149,60.1,4.23725829678966));
#7102=CARTESIAN_POINT('Origin',(-3.06893398409141,59.85,1.15974566736329));
#7103=CARTESIAN_POINT('',(-6.61005050417251,60.1,4.34730880377724));
#7104=CARTESIAN_POINT('',(-3.24571067957001,60.1,0.982968972248614));
#7105=CARTESIAN_POINT('',(-6.25649711321531,59.6,4.70086219400659));
#7106=CARTESIAN_POINT('',(-6.61005050417251,60.1,4.34730880377724));
#7107=CARTESIAN_POINT('',(-2.89215728861281,59.6,1.33652236247796));
#7108=CARTESIAN_POINT('Origin',(-6.97867965432649,59.85,3.97867965438215));
#7109=CARTESIAN_POINT('',(-7.4999999974237,60.1,3.97867965440677));
#7110=CARTESIAN_POINT('Origin',(-6.97867965432649,60.1,3.97867965438215));
#7111=CARTESIAN_POINT('',(-7.9999999974237,59.6,3.97867965443038));
#7112=CARTESIAN_POINT('',(-7.4999999974237,60.1,3.97867965440677));
#7113=CARTESIAN_POINT('Origin',(-6.97867965432649,59.6,3.97867965438215));
#7114=CARTESIAN_POINT('Origin',(-7.74999999763638,59.85,-0.525000000446753));
#7115=CARTESIAN_POINT('',(-7.49999999747936,60.1,2.80000000005278));
#7116=CARTESIAN_POINT('',(-7.49999999763638,60.1,-0.525000000458559));
#7117=CARTESIAN_POINT('',(-7.99999999747936,59.6,2.80000000007639));
#7118=CARTESIAN_POINT('',(-7.49999999747936,60.1,2.80000000005278));
#7119=CARTESIAN_POINT('',(-7.99999999763638,59.6,-0.525000000434947));
#7120=CARTESIAN_POINT('Origin',(-8.5000000001,59.85,2.8000000001));
#7121=CARTESIAN_POINT('',(-8.5000000001,60.1,1.79999999747936));
#7122=CARTESIAN_POINT('Origin',(-8.5000000001,60.1,2.8000000001));
#7123=CARTESIAN_POINT('',(-8.5000000001,59.6,2.29999999747936));
#7124=CARTESIAN_POINT('',(-8.5000000001,60.1,1.79999999747936));
#7125=CARTESIAN_POINT('Origin',(-8.5000000001,59.6,2.8000000001));
#7126=CARTESIAN_POINT('Origin',(-7.02499999995523,59.85,2.04999999747936));
#7127=CARTESIAN_POINT('',(-10.2000000002418,59.6,2.29999999747936));
#7128=CARTESIAN_POINT('',(-7.02499999995523,59.6,2.29999999747936));
#7129=CARTESIAN_POINT('',(-10.7000000002418,60.1,1.79999999747936));
#7130=CARTESIAN_POINT('',(-7.02499999995523,60.1,1.79999999747936));
#7131=CARTESIAN_POINT('',(-10.7000000002418,60.1,1.79999999747936));
#7132=CARTESIAN_POINT('Origin',(-10.4500000002418,59.85,16.7249999993698));
#7133=CARTESIAN_POINT('',(-10.7000000002418,60.1,36.3));
#7134=CARTESIAN_POINT('',(-10.7000000002418,60.1,16.7249999993698));
#7135=CARTESIAN_POINT('',(-10.2000000002418,59.6,36.3));
#7136=CARTESIAN_POINT('',(-10.7000000002418,60.1,36.3));
#7137=CARTESIAN_POINT('',(-10.2000000002418,59.6,16.7249999993698));
#7138=CARTESIAN_POINT('Origin',(-11.2000000002418,59.85,36.3));
#7139=CARTESIAN_POINT('',(-11.2000000002418,60.1,36.8));
#7140=CARTESIAN_POINT('',(-11.2000000002418,59.6,37.3));
#7141=CARTESIAN_POINT('',(-11.2000000002418,60.1,36.8));
#7142=CARTESIAN_POINT('Origin',(-11.2000000002418,59.6,36.3));
#7143=CARTESIAN_POINT('Origin',(-11.2000000002418,60.1,36.3));
#7144=CARTESIAN_POINT('Origin',(-9.77499999995692,59.85,37.05));
#7145=CARTESIAN_POINT('',(-16.1453215849911,59.8726485410432,37.0273514589569));
#7146=CARTESIAN_POINT('',(-15.2428932187449,59.6,37.3));
#7147=CARTESIAN_POINT('Origin',(-15.7428932187449,60.1,36.8));
#7148=CARTESIAN_POINT('',(-9.77499999995692,59.6,37.3));
#7149=CARTESIAN_POINT('',(-16.1999999999425,60.1,36.8));
#7150=CARTESIAN_POINT('',(-9.77499999995692,60.1,36.8));
#7151=CARTESIAN_POINT('Origin',(-15.6999999999425,60.1,36.8));
#7152=CARTESIAN_POINT('Origin',(9.5,59.6,-10.7));
#7153=CARTESIAN_POINT('Origin',(9.5,59.6,-10.7));
#7154=CARTESIAN_POINT('Origin',(-1.34999999997128,60.1,-3.85000000126032));
#7155=CARTESIAN_POINT('',(-16.1999999999425,60.1,-12.7));
#7156=CARTESIAN_POINT('Origin',(-16.1999999999425,58.1,-12.7));
#7157=CARTESIAN_POINT('',(-16.1999999999425,59.85,-11.6999999999998));
#7158=CARTESIAN_POINT('Origin',(-16.1999999999425,61.2642135623733,-11.7));
#7159=CARTESIAN_POINT('',(-16.1999999999425,59.85,36.8000000000001));
#7160=CARTESIAN_POINT('',(-16.1999999999425,59.85,-0.199999999999996));
#7161=CARTESIAN_POINT('',(-16.1999999999425,29.05,36.8));
#7162=CARTESIAN_POINT('Origin',(7.33210678123045,37.7321067812003,-11.7));
#7163=CARTESIAN_POINT('',(-11.6999999999423,56.7642135623731,-12.7));
#7164=CARTESIAN_POINT('',(7.33210678123045,37.7321067812003,-12.7));
#7165=CARTESIAN_POINT('',(-12.6999999999423,56.35,-11.6999999999998));
#7166=CARTESIAN_POINT('Origin',(-11.6999999999423,56.7642135623731,-11.7));
#7167=CARTESIAN_POINT('',(6.6250000000439,37.0250000000138,-11.6999999999998));
#7168=CARTESIAN_POINT('Origin',(10.,0.,-12.7));
#7169=CARTESIAN_POINT('',(9.5,0.5,-12.7));
#7170=CARTESIAN_POINT('',(9.5,0.,-12.7));
#7171=CARTESIAN_POINT('',(-10.4000000002418,0.5,-12.7));
#7172=CARTESIAN_POINT('',(4.32500000001436,0.5,-12.7));
#7173=CARTESIAN_POINT('',(-10.2000000002418,0.7,-12.7));
#7174=CARTESIAN_POINT('',(-5.50000000018137,5.40000000006045,-12.7));
#7175=CARTESIAN_POINT('',(-10.2000000002418,35.7874983940262,-12.7));
#7176=CARTESIAN_POINT('',(-10.2000000002418,0.,-12.7));
#7177=CARTESIAN_POINT('',(-11.200000000242,37.0929056833585,-12.7));
#7178=CARTESIAN_POINT('Origin',(-11.2000000002418,35.7874983940262,-12.7));
#7179=CARTESIAN_POINT('',(-11.6999999999423,37.0929056833584,-12.7));
#7180=CARTESIAN_POINT('',(-1.34999999998156,37.0929056833604,-12.7));
#7181=CARTESIAN_POINT('',(-11.6999999999423,0.,-12.7));
#7182=CARTESIAN_POINT('',(2.75,30.3,-12.7));
#7183=CARTESIAN_POINT('Origin',(-1.11022302462516E-15,30.3,-12.7));
#7184=CARTESIAN_POINT('Origin',(9.5,0.,-12.2));
#7185=CARTESIAN_POINT('',(10.,0.5,-12.2));
#7186=CARTESIAN_POINT('',(10.,0.,-12.2));
#7187=CARTESIAN_POINT('Origin',(9.5,0.5,-12.2));
#7188=CARTESIAN_POINT('Origin',(10.,0.,-10.2));
#7189=CARTESIAN_POINT('',(10.,0.5,-10.7));
#7190=CARTESIAN_POINT('',(10.,0.,-10.7));
#7191=CARTESIAN_POINT('',(10.,0.5,-7.02500000063017));
#7192=CARTESIAN_POINT('Origin',(9.5,0.,-10.7));
#7193=CARTESIAN_POINT('',(9.5,0.5,-10.2));
#7194=CARTESIAN_POINT('',(9.5,0.,-10.2));
#7195=CARTESIAN_POINT('Origin',(9.5,0.5,-10.7));
#7196=CARTESIAN_POINT('Origin',(-8.,0.,-10.2));
#7197=CARTESIAN_POINT('',(-8.,0.5,-10.2));
#7198=CARTESIAN_POINT('',(-8.,0.,-10.2));
#7199=CARTESIAN_POINT('',(-4.67499999998564,0.5,-10.2));
#7200=CARTESIAN_POINT('',(2.75,30.3,-10.2));
#7201=CARTESIAN_POINT('Origin',(-3.76595475311517E-16,30.3,-10.2));
#7202=CARTESIAN_POINT('Origin',(3.64797534988416E-14,30.3,115.396254559398));
#7203=CARTESIAN_POINT('',(2.75000000000004,30.3,115.396254559398));
#7204=CARTESIAN_POINT('Origin',(-16.4499999999426,3.25,-40.2));
#7205=CARTESIAN_POINT('',(-16.1999999999426,3.,-50.));
#7206=CARTESIAN_POINT('',(-16.6999999999426,3.5,-50.));
#7207=CARTESIAN_POINT('',(-16.1999999999426,3.,-50.));
#7208=CARTESIAN_POINT('',(-16.6999999999426,3.5,-48.2));
#7209=CARTESIAN_POINT('',(-16.6999999999426,3.5,-40.2));
#7210=CARTESIAN_POINT('',(-16.1999999999426,3.,-48.2));
#7211=CARTESIAN_POINT('',(-16.6999999999426,3.5,-48.2));
#7212=CARTESIAN_POINT('',(-16.1999999999426,3.,-40.2));
#7213=CARTESIAN_POINT('Origin',(-15.6999999999426,3.25,-50.));
#7214=CARTESIAN_POINT('',(-15.6999999999426,3.,-50.5));
#7215=CARTESIAN_POINT('Origin',(-15.6999999999426,3.,-50.));
#7216=CARTESIAN_POINT('',(-15.6999999999426,3.5,-51.));
#7217=CARTESIAN_POINT('',(-15.6999999999426,3.,-50.5));
#7218=CARTESIAN_POINT('Origin',(-15.6999999999426,3.5,-50.));
#7219=CARTESIAN_POINT('Origin',(-15.2000000000174,3.25,-50.75));
#7220=CARTESIAN_POINT('',(-12.6999999999511,3.5,-51.));
#7221=CARTESIAN_POINT('',(-12.6999999999511,3.15691785736083,-50.6569178573608));
#7222=CARTESIAN_POINT('',(-12.6999999999488,-7.07499999999986,-40.4250000000002));
#7223=CARTESIAN_POINT('',(-15.2000000000174,3.5,-51.));
#7224=CARTESIAN_POINT('',(-12.7581535370485,3.,-50.5));
#7225=CARTESIAN_POINT('',(-15.2000000000174,3.,-50.5));
#7226=CARTESIAN_POINT('Ctrl Pts',(-12.6999999999511,3.15691785736084,-50.6569178573608));
#7227=CARTESIAN_POINT('Ctrl Pts',(-12.7318304742428,3.07794866894395,-50.5779486689439));
#7228=CARTESIAN_POINT('Ctrl Pts',(-12.7581535370484,2.99999999999999,-50.5));
#7229=CARTESIAN_POINT('Origin',(-16.2000000000174,3.25,-47.95));
#7230=CARTESIAN_POINT('',(-16.6999999999426,3.,-47.7));
#7231=CARTESIAN_POINT('',(-16.6999999999426,3.,-47.7));
#7232=CARTESIAN_POINT('',(-17.6999999999425,3.5,-48.2));
#7233=CARTESIAN_POINT('',(-16.2000000000174,3.5,-48.2));
#7234=CARTESIAN_POINT('',(-17.6999999999425,3.,-47.7));
#7235=CARTESIAN_POINT('',(-17.6999999999425,3.5,-48.2));
#7236=CARTESIAN_POINT('',(-16.2000000000174,3.,-47.7));
#7237=CARTESIAN_POINT('Origin',(-12.200000000167,3.25,-52.45));
#7238=CARTESIAN_POINT('',(-12.4860056979315,3.,-52.7));
#7239=CARTESIAN_POINT('',(-12.4358611661322,3.5,-52.2));
#7240=CARTESIAN_POINT('Origin',(-11.6999999999527,-2.24686614150068,-57.9468661415007));
#7241=CARTESIAN_POINT('',(-17.1999999999425,3.,-52.7));
#7242=CARTESIAN_POINT('',(-12.200000000167,3.,-52.7));
#7243=CARTESIAN_POINT('',(-17.1999999999425,3.5,-52.2));
#7244=CARTESIAN_POINT('',(-17.1999999999425,3.,-52.7));
#7245=CARTESIAN_POINT('',(-12.200000000167,3.5,-52.2));
#7246=CARTESIAN_POINT('Origin',(-17.1999999999425,3.25,-51.7));
#7247=CARTESIAN_POINT('',(-18.1999999999425,3.,-51.7));
#7248=CARTESIAN_POINT('Origin',(-17.1999999999425,3.,-51.7));
#7249=CARTESIAN_POINT('',(-17.6999999999425,3.5,-51.7));
#7250=CARTESIAN_POINT('',(-18.1999999999425,3.,-51.7));
#7251=CARTESIAN_POINT('Origin',(-17.1999999999425,3.5,-51.7));
#7252=CARTESIAN_POINT('Origin',(-17.9499999999425,3.25,-42.7));
#7253=CARTESIAN_POINT('',(-18.1999999999425,3.,-48.2));
#7254=CARTESIAN_POINT('',(-18.1999999999425,3.,-48.2));
#7255=CARTESIAN_POINT('',(-17.6999999999425,3.5,-42.7));
#7256=CARTESIAN_POINT('',(-18.1999999999425,3.,-42.7));
#7257=CARTESIAN_POINT('Origin',(-17.6999999999425,3.,-48.2));
#7258=CARTESIAN_POINT('Origin',(-17.6999999999425,3.,-48.2));
#7259=CARTESIAN_POINT('Origin',(-16.6999999999426,3.,-48.2));
#7260=CARTESIAN_POINT('Origin',(-16.6999999999426,3.,-48.2));
#7261=CARTESIAN_POINT('Origin',(-16.1999999999426,1.5,-50.5));
#7262=CARTESIAN_POINT('',(-15.6999999999426,1.5,-50.5));
#7263=CARTESIAN_POINT('',(-15.6999999999426,1.5,-50.5));
#7264=CARTESIAN_POINT('',(-12.6999999999426,1.5,-50.5));
#7265=CARTESIAN_POINT('',(-15.1999999999234,1.5,-50.5));
#7266=CARTESIAN_POINT('',(-12.6999999999426,2.88960584136121,-50.5));
#7267=CARTESIAN_POINT('',(-12.6999999999426,1.5,-50.5));
#7268=CARTESIAN_POINT('Ctrl Pts',(-12.6999999999426,2.88960584134542,-50.5));
#7269=CARTESIAN_POINT('Ctrl Pts',(-12.7297582200457,2.94516189635133,-50.5));
#7270=CARTESIAN_POINT('Ctrl Pts',(-12.7581535370487,3.00000000000038,-50.5));
#7271=CARTESIAN_POINT('Origin',(-15.6999999999426,1.5,-50.));
#7272=CARTESIAN_POINT('',(-16.1999999999426,1.5,-50.));
#7273=CARTESIAN_POINT('',(-16.1999999999426,1.5,-50.));
#7274=CARTESIAN_POINT('Origin',(-15.6999999999426,1.5,-50.));
#7275=CARTESIAN_POINT('Origin',(-16.1999999999426,1.5,-47.7));
#7276=CARTESIAN_POINT('',(-16.1999999999426,1.5,-48.2));
#7277=CARTESIAN_POINT('',(-16.1999999999426,1.5,-48.2));
#7278=CARTESIAN_POINT('',(-16.1999999999426,1.5,-27.7));
#7279=CARTESIAN_POINT('Origin',(-16.6999999999426,1.5,-48.2));
#7280=CARTESIAN_POINT('',(-16.6999999999426,1.5,-47.7));
#7281=CARTESIAN_POINT('',(-16.6999999999426,1.5,-47.7));
#7282=CARTESIAN_POINT('Origin',(-16.6999999999426,1.5,-48.2));
#7283=CARTESIAN_POINT('Origin',(-18.1999999999425,1.5,-47.7));
#7284=CARTESIAN_POINT('',(-17.6999999999425,1.5,-47.7));
#7285=CARTESIAN_POINT('',(-17.6999999999425,0.75,-47.7));
#7286=CARTESIAN_POINT('',(-16.1999999999234,1.5,-47.7));
#7287=CARTESIAN_POINT('Origin',(-17.6999999999425,0.75,-48.2));
#7288=CARTESIAN_POINT('',(-18.1999999999425,1.,-48.2));
#7289=CARTESIAN_POINT('',(-18.1999999999425,0.75,-48.2));
#7290=CARTESIAN_POINT('Origin',(-17.6999999999425,1.5,-48.2));
#7291=CARTESIAN_POINT('Origin',(-18.1999999999425,0.,-52.7));
#7292=CARTESIAN_POINT('',(-18.1999999999425,0.7,-51.7));
#7293=CARTESIAN_POINT('',(-18.1999999999425,0.,-51.7));
#7294=CARTESIAN_POINT('',(-18.1999999999425,0.7,-45.));
#7295=CARTESIAN_POINT('',(-18.1999999999426,0.7,-28.2750000006302));
#7296=CARTESIAN_POINT('',(-18.1999999999425,1.,-45.));
#7297=CARTESIAN_POINT('',(-18.1999999999425,0.,-45.));
#7298=CARTESIAN_POINT('',(-18.1999999999425,1.,-30.2));
#7299=CARTESIAN_POINT('Origin',(-17.1999999999425,0.,-51.7));
#7300=CARTESIAN_POINT('',(-17.1999999999425,0.7,-52.7));
#7301=CARTESIAN_POINT('',(-17.1999999999425,0.,-52.7));
#7302=CARTESIAN_POINT('Origin',(-17.1999999999425,0.7,-51.7));
#7303=CARTESIAN_POINT('Origin',(-10.2000000002418,0.,-52.7));
#7304=CARTESIAN_POINT('',(-11.6999999999514,3.5,-52.7));
#7305=CARTESIAN_POINT('Origin',(-11.6999999999515,2.19034779314761,-52.7));
#7306=CARTESIAN_POINT('',(-11.2000000002418,3.5,-52.7));
#7307=CARTESIAN_POINT('',(-10.2000000002418,3.5,-52.7));
#7308=CARTESIAN_POINT('',(-11.2000000002418,0.7,-52.7));
#7309=CARTESIAN_POINT('',(-11.2000000002418,0.,-52.7));
#7310=CARTESIAN_POINT('',(-5.77500000010655,0.7,-52.7));
#7311=CARTESIAN_POINT('Origin',(-54.435658852572,3.25,-10.126268928329));
#7312=CARTESIAN_POINT('',(-55.821478151339,3.5,-9.55224377978132));
#7313=CARTESIAN_POINT('Origin',(-54.435658852572,3.5,-10.126268928329));
#7314=CARTESIAN_POINT('',(-55.3595383850833,3.,-9.74358549596386));
#7315=CARTESIAN_POINT('',(-55.821478151339,3.5,-9.55224377978132));
#7316=CARTESIAN_POINT('Origin',(-54.435658852572,3.,-10.126268928329));
#7317=CARTESIAN_POINT('Origin',(-42.8383889347217,3.25,21.1384248060376));
#7318=CARTESIAN_POINT('',(-47.1728325798879,3.5,11.3274336549737));
#7319=CARTESIAN_POINT('',(-43.0693588178495,3.5,21.2340956641289));
#7320=CARTESIAN_POINT('',(-46.7108928136323,3.,11.1360919387912));
#7321=CARTESIAN_POINT('',(-47.1728325798879,3.5,11.3274336549737));
#7322=CARTESIAN_POINT('',(-42.6074190515939,3.,21.0427539479464));
#7323=CARTESIAN_POINT('Origin',(-45.787013281121,3.25,10.7534085064261));
#7324=CARTESIAN_POINT('',(-45.2129881325734,3.5,12.139227805193));
#7325=CARTESIAN_POINT('',(-45.4043298487559,3.,11.6772880389374));
#7326=CARTESIAN_POINT('',(-45.2129881325734,3.5,12.139227805193));
#7327=CARTESIAN_POINT('Origin',(-45.787013281121,3.,10.7534085064261));
#7328=CARTESIAN_POINT('Origin',(-45.787013281121,3.5,10.7534085064261));
#7329=CARTESIAN_POINT('Origin',(-32.7343747466226,3.25,6.69981885104869));
#7330=CARTESIAN_POINT('',(-44.7510483663177,3.5,11.9478860890105));
#7331=CARTESIAN_POINT('',(-32.6387038885313,3.5,6.93078873417651));
#7332=CARTESIAN_POINT('',(-44.9423900825003,3.,11.4859463227549));
#7333=CARTESIAN_POINT('',(-44.7510483663177,3.5,11.9478860890105));
#7334=CARTESIAN_POINT('',(-32.8300456047138,3.,6.46884896792087));
#7335=CARTESIAN_POINT('Origin',(-45.3250735148654,3.25,10.5620667902436));
#7336=CARTESIAN_POINT('',(-43.9392542160984,3.5,9.98804164169593));
#7337=CARTESIAN_POINT('',(-44.4011939823541,3.,10.1793833578785));
#7338=CARTESIAN_POINT('',(-43.9392542160984,3.5,9.98804164169593));
#7339=CARTESIAN_POINT('Origin',(-45.3250735148654,3.,10.5620667902436));
#7340=CARTESIAN_POINT('Origin',(-45.3250735148654,3.5,10.5620667902436));
#7341=CARTESIAN_POINT('Origin',(-44.7737565552785,3.25,8.62665625905354));
#7342=CARTESIAN_POINT('',(-46.3195451654093,3.5,4.24151094947574));
#7343=CARTESIAN_POINT('',(-46.7814849316649,3.,4.43285266565828));
#7344=CARTESIAN_POINT('',(-46.5505150485371,3.25,4.33718180756701));
#7345=CARTESIAN_POINT('',(-45.0047264384063,3.,8.72232711714481));
#7346=CARTESIAN_POINT('',(-44.5427866721507,3.5,8.53098540096227));
#7347=CARTESIAN_POINT('Origin',(-14.2000000000922,3.5,19.7999999987397));
#7348=CARTESIAN_POINT('',(-47.2912497381482,3.5,13.654675275237));
#7349=CARTESIAN_POINT('',(-49.2797090118342,3.5,8.85410992847765));
#7350=CARTESIAN_POINT('',(-47.1345421587355,3.5,13.8593554171823));
#7351=CARTESIAN_POINT('Origin',(-46.8293099718925,3.5,13.4633335590544));
#7352=CARTESIAN_POINT('',(-17.5052321867856,3.5,36.6960218581278));
#7353=CARTESIAN_POINT('',(-35.4735396301592,3.5,22.8470242277021));
#7354=CARTESIAN_POINT('',(-17.1999999999426,3.5,36.8));
#7355=CARTESIAN_POINT('Origin',(-17.1999999999426,3.5,36.3));
#7356=CARTESIAN_POINT('',(-15.6999999999426,3.5,36.8));
#7357=CARTESIAN_POINT('',(-16.2000000000174,3.5,36.8));
#7358=CARTESIAN_POINT('',(-15.6999999999426,3.5,35.6));
#7359=CARTESIAN_POINT('',(-15.6999999999426,3.5,27.4499999993698));
#7360=CARTESIAN_POINT('',(-16.6999999999425,3.5,34.6));
#7361=CARTESIAN_POINT('Origin',(-15.6999999999425,3.5,34.6));
#7362=CARTESIAN_POINT('',(-16.6999999999425,3.5,12.8));
#7363=CARTESIAN_POINT('',(-16.6999999999425,3.5,27.4499999993698));
#7364=CARTESIAN_POINT('',(-17.3440944570945,3.5,12.8));
#7365=CARTESIAN_POINT('',(-15.2000000000174,3.5,12.8));
#7366=CARTESIAN_POINT('',(-18.2917701811246,3.5,12.4627169569951));
#7367=CARTESIAN_POINT('Origin',(-17.3440944570945,3.5,11.3));
#7368=CARTESIAN_POINT('',(-36.6719613299264,3.5,-2.51810950292676));
#7369=CARTESIAN_POINT('',(-15.1279414010256,3.5,15.0414044972854));
#7370=CARTESIAN_POINT('',(-36.0776139738946,3.5,-1.08322805523409));
#7371=CARTESIAN_POINT('',(-26.7838110780851,3.5,21.3539969418514));
#7372=CARTESIAN_POINT('',(-37.0014935064059,3.5,0.381847577423392));
#7373=CARTESIAN_POINT('Origin',(-37.3841769387709,3.5,-0.542031955087892));
#7374=CARTESIAN_POINT('',(-46.7814849316649,3.5,4.43285266565828));
#7375=CARTESIAN_POINT('Origin',(-49.510678894962,3.25,8.94978078656893));
#7376=CARTESIAN_POINT('',(-47.7531895044038,3.,13.8460169914195));
#7377=CARTESIAN_POINT('Origin',(-46.8293099718925,3.25,13.4633335590544));
#7378=CARTESIAN_POINT('',(-47.4397743455786,3.,14.2553772753101));
#7379=CARTESIAN_POINT('Origin',(-46.8293099718925,3.,13.4633335590544));
#7380=CARTESIAN_POINT('',(-47.4397743455786,3.,14.2553772753101));
#7381=CARTESIAN_POINT('Origin',(-35.6261557235808,3.25,23.0450351567661));
#7382=CARTESIAN_POINT('',(-17.8104643736287,3.,37.0920437162557));
#7383=CARTESIAN_POINT('',(-17.8104643736287,3.,37.0920437162557));
#7384=CARTESIAN_POINT('',(-35.7787718170023,3.,23.24304608583));
#7385=CARTESIAN_POINT('Origin',(-17.1999999999426,3.25,36.3));
#7386=CARTESIAN_POINT('',(-17.1999999999426,3.,37.3));
#7387=CARTESIAN_POINT('Origin',(-17.1999999999426,3.,36.3));
#7388=CARTESIAN_POINT('',(-17.1999999999426,3.,37.3));
#7389=CARTESIAN_POINT('Origin',(-16.2000000000174,3.25,37.05));
#7390=CARTESIAN_POINT('',(-15.1999999999426,3.,37.3));
#7391=CARTESIAN_POINT('Origin',(-15.1999999999426,3.5,36.8));
#7392=CARTESIAN_POINT('',(-16.2000000000174,3.,37.3));
#7393=CARTESIAN_POINT('Origin',(-18.1999999999426,0.,37.3));
#7394=CARTESIAN_POINT('',(-15.1999999999426,59.5571067811976,37.3));
#7395=CARTESIAN_POINT('',(-0.0714466093430341,44.4285533905981,37.3));
#7396=CARTESIAN_POINT('',(-15.1999999999426,1.75,37.3));
#7397=CARTESIAN_POINT('',(-17.1999999999426,0.7,37.3));
#7398=CARTESIAN_POINT('',(-17.1999999999426,0.,37.3));
#7399=CARTESIAN_POINT('',(-11.2000000002418,0.7,37.3));
#7400=CARTESIAN_POINT('',(-9.77499999995692,0.7,37.3));
#7401=CARTESIAN_POINT('',(-11.2000000002418,0.,37.3));
#7402=CARTESIAN_POINT('Origin',(-17.1999999999426,0.,36.3));
#7403=CARTESIAN_POINT('',(-17.8104643736287,0.7,37.0920437162557));
#7404=CARTESIAN_POINT('',(-17.8104643736287,0.,37.0920437162557));
#7405=CARTESIAN_POINT('Origin',(-17.1999999999426,0.7,36.3));
#7406=CARTESIAN_POINT('Origin',(-47.6510902306488,0.,14.0925064428273));
#7407=CARTESIAN_POINT('',(-47.4397743455786,0.7,14.2553772753101));
#7408=CARTESIAN_POINT('',(-47.4397743455786,0.,14.2553772753101));
#7409=CARTESIAN_POINT('',(-37.4657143172647,0.7,21.9428422262052));
#7410=CARTESIAN_POINT('Origin',(-46.8293099718925,0.,13.4633335590544));
#7411=CARTESIAN_POINT('Origin',(-46.8293099718925,0.7,13.4633335590544));
#7412=CARTESIAN_POINT('Origin',(-14.9699954470206,3.25,14.8476183377862));
#7413=CARTESIAN_POINT('',(-36.5706247698568,3.37751470452341,-2.59353090686568));
#7414=CARTESIAN_POINT('',(-38.4774418687706,5.68228068059109,-1.17435087395395));
#7415=CARTESIAN_POINT('',(-17.9758782731146,3.,12.0751446379968));
#7416=CARTESIAN_POINT('',(-18.2917701811246,3.5,12.4627169569951));
#7417=CARTESIAN_POINT('',(-37.1306959355013,3.,-3.53704333918697));
#7418=CARTESIAN_POINT('',(-14.8120494930156,3.,14.653832178287));
#7419=CARTESIAN_POINT('Origin',(-39.3965405720334,4.,-4.09374456605998));
#7420=CARTESIAN_POINT('Origin',(-17.3440944570945,3.25,11.3));
#7421=CARTESIAN_POINT('',(-17.3440944570945,3.,12.3));
#7422=CARTESIAN_POINT('',(-17.3440944570945,3.5,12.8));
#7423=CARTESIAN_POINT('Origin',(-17.3440944570945,3.,11.3));
#7424=CARTESIAN_POINT('Origin',(-15.2000000000174,3.25,12.55));
#7425=CARTESIAN_POINT('',(-16.6999999999425,3.,12.3));
#7426=CARTESIAN_POINT('',(-16.6999999999425,3.5,12.8));
#7427=CARTESIAN_POINT('',(-15.2000000000174,3.,12.3));
#7428=CARTESIAN_POINT('Origin',(-16.4499999999425,3.25,27.4499999993698));
#7429=CARTESIAN_POINT('',(-16.1999999999425,3.,12.8));
#7430=CARTESIAN_POINT('',(-16.1999999999425,3.,12.8));
#7431=CARTESIAN_POINT('',(-16.1999999999425,3.,34.6));
#7432=CARTESIAN_POINT('',(-16.6999999999425,3.5,34.6));
#7433=CARTESIAN_POINT('',(-16.1999999999425,3.,27.4499999993698));
#7434=CARTESIAN_POINT('Origin',(-15.6999999999425,3.25,34.6));
#7435=CARTESIAN_POINT('',(-15.6999999999425,3.,35.1));
#7436=CARTESIAN_POINT('',(-15.6999999999426,3.5,35.6));
#7437=CARTESIAN_POINT('Origin',(-15.6999999999425,3.,34.6));
#7438=CARTESIAN_POINT('Origin',(-13.4500000000174,3.25,35.35));
#7439=CARTESIAN_POINT('',(-15.1999999999426,3.,35.1));
#7440=CARTESIAN_POINT('Origin',(-15.1999999999426,3.5,35.6));
#7441=CARTESIAN_POINT('',(-13.4500000000174,3.,35.1));
#7442=CARTESIAN_POINT('Origin',(-16.6999999999425,3.,12.8));
#7443=CARTESIAN_POINT('Origin',(-16.6999999999425,3.,12.8));
#7444=CARTESIAN_POINT('Origin',(-17.6999999999426,1.5,12.3));
#7445=CARTESIAN_POINT('',(-52.801505197745,12.5901015834489,-16.3095804767843));
#7446=CARTESIAN_POINT('',(-23.037903350457,-5.62439904815101,7.94932687007964));
#7447=CARTESIAN_POINT('',(-17.9758782731146,1.5,12.0751446379968));
#7448=CARTESIAN_POINT('',(-17.9758782731146,1.5,12.0751446379968));
#7449=CARTESIAN_POINT('',(-52.801505197745,1.5,-16.3095804767843));
#7450=CARTESIAN_POINT('',(-21.5457522563654,1.5,9.16550881354246));
#7451=CARTESIAN_POINT('',(-52.801505197745,0.75,-16.3095804767843));
#7452=CARTESIAN_POINT('Origin',(-17.3440944570945,1.5,11.3));
#7453=CARTESIAN_POINT('',(-17.3440944570945,1.5,12.3));
#7454=CARTESIAN_POINT('',(-17.3440944570945,1.5,12.3));
#7455=CARTESIAN_POINT('Origin',(-17.3440944570945,1.5,11.3));
#7456=CARTESIAN_POINT('Origin',(-16.1999999999425,1.5,12.3));
#7457=CARTESIAN_POINT('',(-16.6999999999425,1.5,12.3));
#7458=CARTESIAN_POINT('',(-16.6999999999425,1.5,12.3));
#7459=CARTESIAN_POINT('',(-15.1999999999234,1.5,12.3));
#7460=CARTESIAN_POINT('Origin',(-16.6999999999425,1.5,12.8));
#7461=CARTESIAN_POINT('',(-16.1999999999425,1.5,12.8));
#7462=CARTESIAN_POINT('',(-16.1999999999425,1.5,12.8));
#7463=CARTESIAN_POINT('Origin',(-16.6999999999425,1.5,12.8));
#7464=CARTESIAN_POINT('Origin',(-16.1999999999425,1.5,35.1));
#7465=CARTESIAN_POINT('',(-16.1999999999425,1.5,34.6));
#7466=CARTESIAN_POINT('',(-16.1999999999425,1.5,34.6));
#7467=CARTESIAN_POINT('',(-16.1999999999425,1.5,13.7));
#7468=CARTESIAN_POINT('Origin',(-19.1999999999425,1.25,3.8));
#7469=CARTESIAN_POINT('',(-23.1999999999425,1.5,3.8));
#7470=CARTESIAN_POINT('Origin',(-19.1999999999425,1.5,3.8));
#7471=CARTESIAN_POINT('',(-22.6999999999425,1.,3.8));
#7472=CARTESIAN_POINT('',(-22.9499999999425,1.25,3.8));
#7473=CARTESIAN_POINT('Origin',(-19.1999999999425,1.,3.8));
#7474=CARTESIAN_POINT('Origin',(-14.1999999999043,1.5,-7.7));
#7475=CARTESIAN_POINT('',(-17.6999999999425,1.5,-45.));
#7476=CARTESIAN_POINT('',(-17.6999999999425,1.5,-30.2));
#7477=CARTESIAN_POINT('',(-17.1999999999425,1.5,-44.5));
#7478=CARTESIAN_POINT('Origin',(-17.1999999999425,1.5,-45.));
#7479=CARTESIAN_POINT('',(-16.6999999999426,1.5,-44.5));
#7480=CARTESIAN_POINT('',(-14.9499999999234,1.5,-44.5));
#7481=CARTESIAN_POINT('',(-15.1999999999426,1.5,-43.));
#7482=CARTESIAN_POINT('Origin',(-16.6999999999426,1.5,-43.));
#7483=CARTESIAN_POINT('',(-15.1999999999426,1.5,-35.));
#7484=CARTESIAN_POINT('',(-15.1999999999426,1.5,-20.85));
#7485=CARTESIAN_POINT('',(-16.6999999999426,1.5,-33.5));
#7486=CARTESIAN_POINT('Origin',(-16.6999999999426,1.5,-35.));
#7487=CARTESIAN_POINT('',(-30.7726867885782,1.5,-33.5));
#7488=CARTESIAN_POINT('',(-24.5999999999234,1.5,-33.5));
#7489=CARTESIAN_POINT('',(-31.0779189754212,1.5,-33.3960218581278));
#7490=CARTESIAN_POINT('Origin',(-30.7726867885782,1.5,-33.));
#7491=CARTESIAN_POINT('',(-53.0525912214229,1.5,-16.4591353526329));
#7492=CARTESIAN_POINT('',(-25.4045027352118,1.5,-37.768783639653));
#7493=CARTESIAN_POINT('Origin',(-53.4332890137651,1.5,-15.5344358387876));
#7494=CARTESIAN_POINT('',(-15.6999999999425,1.5,35.1));
#7495=CARTESIAN_POINT('Origin',(-15.6999999999425,1.5,34.6));
#7496=CARTESIAN_POINT('',(-13.6999999999321,1.5,35.1));
#7497=CARTESIAN_POINT('',(-13.4499999999234,1.5,35.1));
#7498=CARTESIAN_POINT('',(-12.6999999999426,1.5,34.0999999999998));
#7499=CARTESIAN_POINT('Origin',(-13.6999999999321,1.5,34.1));
#7500=CARTESIAN_POINT('',(-12.6999999999426,1.5,13.7103941586388));
#7501=CARTESIAN_POINT('',(-12.6999999999426,1.5,-2.70000000126032));
#7502=CARTESIAN_POINT('',(-12.6999999999426,1.5,8.88960584136122));
#7503=CARTESIAN_POINT('Ctrl Pts',(-12.6999999999282,1.5,13.7103941586546));
#7504=CARTESIAN_POINT('Ctrl Pts',(-13.9911111110543,1.5,11.3000000000003));
#7505=CARTESIAN_POINT('Ctrl Pts',(-12.6999999999292,1.5,8.88960584134542));
#7506=CARTESIAN_POINT('',(-12.6999999999426,1.5,-44.2896058413612));
#7507=CARTESIAN_POINT('',(-12.6999999999426,1.5,-2.70000000126032));
#7508=CARTESIAN_POINT('',(-12.6999999999426,1.5,-49.1103941586388));
#7509=CARTESIAN_POINT('Ctrl Pts',(-12.6999999999268,1.5,-44.2896058413185));
#7510=CARTESIAN_POINT('Ctrl Pts',(-13.9911111110775,1.5,-46.6999999999997));
#7511=CARTESIAN_POINT('Ctrl Pts',(-12.6999999999279,1.5,-49.1103941586815));
#7512=CARTESIAN_POINT('',(-12.6999999999426,1.5,-2.70000000126032));
#7513=CARTESIAN_POINT('',(-15.1999999999426,1.5,-13.5));
#7514=CARTESIAN_POINT('',(-16.6999999999425,1.5,-15.));
#7515=CARTESIAN_POINT('Origin',(-16.6999999999425,1.5,-13.5));
#7516=CARTESIAN_POINT('',(-15.1999999999426,1.5,-7.9));
#7517=CARTESIAN_POINT('',(-15.1999999999425,1.5,-7.3));
#7518=CARTESIAN_POINT('',(-16.6999999999426,1.5,-6.4));
#7519=CARTESIAN_POINT('Origin',(-16.6999999999426,1.5,-7.9));
#7520=CARTESIAN_POINT('',(-18.6999999999425,1.5,-6.4));
#7521=CARTESIAN_POINT('',(-16.9499999999234,1.5,-6.4));
#7522=CARTESIAN_POINT('',(-20.1999999999425,1.5,-7.9));
#7523=CARTESIAN_POINT('Origin',(-18.6999999999425,1.5,-7.9));
#7524=CARTESIAN_POINT('',(-20.1999999999425,1.5,-13.5));
#7525=CARTESIAN_POINT('',(-20.1999999999425,1.5,-11.1));
#7526=CARTESIAN_POINT('',(-18.6999999999425,1.5,-15.));
#7527=CARTESIAN_POINT('Origin',(-18.6999999999425,1.5,-13.5));
#7528=CARTESIAN_POINT('',(-14.9499999999234,1.5,-15.));
#7529=CARTESIAN_POINT('',(-16.6999999999426,1.5,-19.9));
#7530=CARTESIAN_POINT('',(-15.1999999999426,1.5,-21.4));
#7531=CARTESIAN_POINT('Origin',(-16.6999999999426,1.5,-21.4));
#7532=CARTESIAN_POINT('',(-18.6999999999425,1.5,-19.9));
#7533=CARTESIAN_POINT('',(-16.9499999999234,1.5,-19.9));
#7534=CARTESIAN_POINT('',(-20.1999999999425,1.5,-21.4));
#7535=CARTESIAN_POINT('Origin',(-18.6999999999425,1.5,-21.4));
#7536=CARTESIAN_POINT('',(-20.1999999999425,1.5,-27.));
#7537=CARTESIAN_POINT('',(-20.1999999999425,1.5,-17.85));
#7538=CARTESIAN_POINT('',(-18.6999999999425,1.5,-28.5));
#7539=CARTESIAN_POINT('Origin',(-18.6999999999425,1.5,-27.));
#7540=CARTESIAN_POINT('',(-16.6999999999426,1.5,-28.5));
#7541=CARTESIAN_POINT('',(-14.9499999999234,1.5,-28.5));
#7542=CARTESIAN_POINT('',(-15.1999999999426,1.5,-27.));
#7543=CARTESIAN_POINT('Origin',(-16.6999999999426,1.5,-27.));
#7544=CARTESIAN_POINT('',(-15.1999999999426,1.5,-14.05));
#7545=CARTESIAN_POINT('Origin',(-19.1999999999425,0.,3.8));
#7546=CARTESIAN_POINT('',(-15.6999999999425,0.7,3.8));
#7547=CARTESIAN_POINT('',(-22.6999999999425,0.7,3.8));
#7548=CARTESIAN_POINT('Origin',(-19.1999999999425,0.7,3.8));
#7549=CARTESIAN_POINT('Origin',(-19.1999999999425,0.7,3.8));
#7550=CARTESIAN_POINT('',(-22.6999999999425,0.,3.8));
#7551=CARTESIAN_POINT('Origin',(-16.6999999999425,1.25,-13.5));
#7552=CARTESIAN_POINT('',(-16.6999999999425,1.,-14.5));
#7553=CARTESIAN_POINT('',(-16.6999999999425,1.5,-15.));
#7554=CARTESIAN_POINT('',(-15.6999999999425,1.,-13.5));
#7555=CARTESIAN_POINT('Origin',(-16.6999999999425,1.,-13.5));
#7556=CARTESIAN_POINT('',(-15.6999999999425,1.,-13.5));
#7557=CARTESIAN_POINT('Origin',(-14.9499999999234,1.25,-14.75));
#7558=CARTESIAN_POINT('',(-18.6999999999425,1.,-14.5));
#7559=CARTESIAN_POINT('',(-18.6999999999425,1.5,-15.));
#7560=CARTESIAN_POINT('',(-14.9499999999234,1.,-14.5));
#7561=CARTESIAN_POINT('Origin',(-18.6999999999425,1.25,-13.5));
#7562=CARTESIAN_POINT('',(-19.6999999999425,1.,-13.5));
#7563=CARTESIAN_POINT('',(-20.1999999999425,1.5,-13.5));
#7564=CARTESIAN_POINT('Origin',(-18.6999999999425,1.,-13.5));
#7565=CARTESIAN_POINT('Origin',(-19.9499999999425,1.25,-11.1));
#7566=CARTESIAN_POINT('',(-19.6999999999425,1.,-7.9));
#7567=CARTESIAN_POINT('',(-20.1999999999425,1.5,-7.9));
#7568=CARTESIAN_POINT('',(-19.6999999999425,1.,-11.1));
#7569=CARTESIAN_POINT('Origin',(-18.6999999999425,1.25,-7.9));
#7570=CARTESIAN_POINT('',(-18.6999999999425,1.,-6.9));
#7571=CARTESIAN_POINT('',(-18.6999999999425,1.5,-6.4));
#7572=CARTESIAN_POINT('Origin',(-18.6999999999425,1.,-7.9));
#7573=CARTESIAN_POINT('Origin',(-16.9499999999234,1.25,-6.65));
#7574=CARTESIAN_POINT('',(-16.6999999999426,1.,-6.9));
#7575=CARTESIAN_POINT('',(-16.6999999999426,1.5,-6.4));
#7576=CARTESIAN_POINT('',(-16.9499999999234,1.,-6.9));
#7577=CARTESIAN_POINT('Origin',(-16.6999999999426,1.25,-7.9));
#7578=CARTESIAN_POINT('',(-15.6999999999425,1.,-7.9));
#7579=CARTESIAN_POINT('',(-15.1999999999426,1.5,-7.9));
#7580=CARTESIAN_POINT('Origin',(-16.6999999999426,1.,-7.9));
#7581=CARTESIAN_POINT('Origin',(-15.4499999999425,1.25,-7.3));
#7582=CARTESIAN_POINT('',(-15.6999999999425,1.,-7.3));
#7583=CARTESIAN_POINT('Origin',(-19.6999999999425,0.,-6.9));
#7584=CARTESIAN_POINT('',(-16.6999999999426,0.7,-6.9));
#7585=CARTESIAN_POINT('',(-16.6999999999426,0.,-6.9));
#7586=CARTESIAN_POINT('',(-18.6999999999425,0.7,-6.9));
#7587=CARTESIAN_POINT('',(-10.5249999999569,0.7,-6.9));
#7588=CARTESIAN_POINT('',(-18.6999999999425,0.,-6.9));
#7589=CARTESIAN_POINT('Origin',(-16.6999999999426,0.,-7.9));
#7590=CARTESIAN_POINT('',(-15.6999999999425,0.7,-7.9));
#7591=CARTESIAN_POINT('',(-15.6999999999425,0.,-7.9));
#7592=CARTESIAN_POINT('Origin',(-16.6999999999426,0.7,-7.9));
#7593=CARTESIAN_POINT('Origin',(-15.6999999999425,0.,-6.9));
#7594=CARTESIAN_POINT('',(-15.6999999999425,0.7,-13.5));
#7595=CARTESIAN_POINT('',(-15.6999999999425,0.,-13.5));
#7596=CARTESIAN_POINT('',(-15.6999999999425,0.7,-5.37500000063016));
#7597=CARTESIAN_POINT('Origin',(-16.6999999999425,0.,-13.5));
#7598=CARTESIAN_POINT('',(-16.6999999999425,0.7,-14.5));
#7599=CARTESIAN_POINT('',(-16.6999999999425,0.,-14.5));
#7600=CARTESIAN_POINT('Origin',(-16.6999999999425,0.7,-13.5));
#7601=CARTESIAN_POINT('Origin',(-16.6999999999426,1.25,-21.4));
#7602=CARTESIAN_POINT('',(-15.6999999999426,1.,-21.4));
#7603=CARTESIAN_POINT('',(-15.1999999999426,1.5,-21.4));
#7604=CARTESIAN_POINT('',(-16.6999999999426,1.,-20.4));
#7605=CARTESIAN_POINT('Origin',(-16.6999999999426,1.,-21.4));
#7606=CARTESIAN_POINT('',(-16.6999999999426,1.,-20.4));
#7607=CARTESIAN_POINT('Origin',(-15.4499999999426,1.25,-14.05));
#7608=CARTESIAN_POINT('',(-15.6999999999426,1.,-27.));
#7609=CARTESIAN_POINT('',(-15.1999999999426,1.5,-27.));
#7610=CARTESIAN_POINT('',(-15.6999999999426,1.,-14.05));
#7611=CARTESIAN_POINT('Origin',(-16.6999999999426,1.25,-27.));
#7612=CARTESIAN_POINT('',(-16.6999999999426,1.,-28.));
#7613=CARTESIAN_POINT('',(-16.6999999999426,1.5,-28.5));
#7614=CARTESIAN_POINT('Origin',(-16.6999999999426,1.,-27.));
#7615=CARTESIAN_POINT('Origin',(-14.9499999999234,1.25,-28.25));
#7616=CARTESIAN_POINT('',(-18.6999999999425,1.,-28.));
#7617=CARTESIAN_POINT('',(-18.6999999999425,1.5,-28.5));
#7618=CARTESIAN_POINT('',(-14.9499999999234,1.,-28.));
#7619=CARTESIAN_POINT('Origin',(-18.6999999999425,1.25,-27.));
#7620=CARTESIAN_POINT('',(-19.6999999999425,1.,-27.));
#7621=CARTESIAN_POINT('',(-20.1999999999425,1.5,-27.));
#7622=CARTESIAN_POINT('Origin',(-18.6999999999425,1.,-27.));
#7623=CARTESIAN_POINT('Origin',(-19.9499999999425,1.25,-17.85));
#7624=CARTESIAN_POINT('',(-19.6999999999425,1.,-21.4));
#7625=CARTESIAN_POINT('',(-20.1999999999425,1.5,-21.4));
#7626=CARTESIAN_POINT('',(-19.6999999999425,1.,-17.85));
#7627=CARTESIAN_POINT('Origin',(-18.6999999999425,1.25,-21.4));
#7628=CARTESIAN_POINT('',(-18.6999999999425,1.,-20.4));
#7629=CARTESIAN_POINT('',(-18.6999999999425,1.5,-19.9));
#7630=CARTESIAN_POINT('Origin',(-18.6999999999425,1.,-21.4));
#7631=CARTESIAN_POINT('Origin',(-16.9499999999234,1.25,-20.15));
#7632=CARTESIAN_POINT('',(-16.9499999999234,1.,-20.4));
#7633=CARTESIAN_POINT('Origin',(-19.6999999999425,0.,-28.));
#7634=CARTESIAN_POINT('',(-19.6999999999425,0.7,-21.4));
#7635=CARTESIAN_POINT('',(-19.6999999999425,0.,-21.4));
#7636=CARTESIAN_POINT('',(-19.6999999999425,0.7,-27.));
#7637=CARTESIAN_POINT('',(-19.6999999999425,0.7,-15.9250000006302));
#7638=CARTESIAN_POINT('',(-19.6999999999425,0.,-27.));
#7639=CARTESIAN_POINT('Origin',(-18.6999999999425,0.,-21.4));
#7640=CARTESIAN_POINT('',(-18.6999999999425,0.7,-20.4));
#7641=CARTESIAN_POINT('',(-18.6999999999425,0.,-20.4));
#7642=CARTESIAN_POINT('Origin',(-18.6999999999425,0.7,-21.4));
#7643=CARTESIAN_POINT('Origin',(-19.6999999999425,0.,-20.4));
#7644=CARTESIAN_POINT('',(-16.6999999999426,0.7,-20.4));
#7645=CARTESIAN_POINT('',(-16.6999999999426,0.,-20.4));
#7646=CARTESIAN_POINT('',(-10.5249999999569,0.7,-20.4));
#7647=CARTESIAN_POINT('Origin',(-16.6999999999426,0.,-21.4));
#7648=CARTESIAN_POINT('',(-15.6999999999426,0.7,-21.4));
#7649=CARTESIAN_POINT('',(-15.6999999999426,0.,-21.4));
#7650=CARTESIAN_POINT('Origin',(-16.6999999999426,0.7,-21.4));
#7651=CARTESIAN_POINT('Origin',(-25.5571188286333,1.25,-37.9667945687169));
#7652=CARTESIAN_POINT('Origin',(-53.4332890137651,2.,-15.5344358387876));
#7653=CARTESIAN_POINT('',(-31.0779189754212,1.5,-33.3960218581278));
#7654=CARTESIAN_POINT('Origin',(-30.7726867885782,1.25,-33.));
#7655=CARTESIAN_POINT('',(-30.7726867885782,1.,-34.));
#7656=CARTESIAN_POINT('',(-30.7726867885782,1.5,-33.5));
#7657=CARTESIAN_POINT('Origin',(-30.7726867885782,1.,-33.));
#7658=CARTESIAN_POINT('Origin',(-24.5999999999234,1.25,-33.75));
#7659=CARTESIAN_POINT('',(-16.6999999999426,1.,-34.));
#7660=CARTESIAN_POINT('',(-16.6999999999426,1.5,-33.5));
#7661=CARTESIAN_POINT('',(-24.5999999999234,1.,-34.));
#7662=CARTESIAN_POINT('Origin',(-16.6999999999426,1.25,-35.));
#7663=CARTESIAN_POINT('',(-15.6999999999426,1.,-35.));
#7664=CARTESIAN_POINT('',(-15.1999999999426,1.5,-35.));
#7665=CARTESIAN_POINT('Origin',(-16.6999999999426,1.,-35.));
#7666=CARTESIAN_POINT('Origin',(-15.4499999999426,1.25,-20.85));
#7667=CARTESIAN_POINT('',(-15.6999999999426,1.,-43.));
#7668=CARTESIAN_POINT('',(-15.1999999999426,1.5,-43.));
#7669=CARTESIAN_POINT('',(-15.6999999999426,1.,-20.85));
#7670=CARTESIAN_POINT('Origin',(-16.6999999999426,1.25,-43.));
#7671=CARTESIAN_POINT('',(-16.6999999999426,1.,-44.));
#7672=CARTESIAN_POINT('',(-16.6999999999426,1.5,-44.5));
#7673=CARTESIAN_POINT('Origin',(-16.6999999999426,1.,-43.));
#7674=CARTESIAN_POINT('Origin',(-14.9499999999234,1.25,-44.25));
#7675=CARTESIAN_POINT('',(-17.1999999999425,1.,-44.));
#7676=CARTESIAN_POINT('',(-17.1999999999425,1.5,-44.5));
#7677=CARTESIAN_POINT('',(-14.9499999999234,1.,-44.));
#7678=CARTESIAN_POINT('Origin',(-17.1999999999425,1.25,-45.));
#7679=CARTESIAN_POINT('',(-17.6999999999425,1.5,-45.));
#7680=CARTESIAN_POINT('Origin',(-17.1999999999425,1.,-45.));
#7681=CARTESIAN_POINT('Origin',(-17.9499999999425,1.25,-30.2));
#7682=CARTESIAN_POINT('Origin',(-7.02499999995523,0.25,2.04999999747936));
#7683=CARTESIAN_POINT('',(-10.4000000002418,0.5,2.29999999747936));
#7684=CARTESIAN_POINT('',(-10.9000000002418,0.,1.79999999747936));
#7685=CARTESIAN_POINT('',(-7.56666666654565,3.33333333369618,5.13333333117554));
#7686=CARTESIAN_POINT('',(-8.5000000001,0.,1.79999999747936));
#7687=CARTESIAN_POINT('',(-7.02499999995523,0.,1.79999999747936));
#7688=CARTESIAN_POINT('',(-8.5000000001,0.5,2.29999999747936));
#7689=CARTESIAN_POINT('',(-8.5000000001,0.,1.79999999747936));
#7690=CARTESIAN_POINT('',(-7.02499999995523,0.5,2.29999999747936));
#7691=CARTESIAN_POINT('Origin',(-8.5000000001,0.25,2.8000000001));
#7692=CARTESIAN_POINT('',(-7.49999999747936,0.,2.80000000005278));
#7693=CARTESIAN_POINT('',(-7.99999999747936,0.5,2.80000000007639));
#7694=CARTESIAN_POINT('',(-7.49999999747936,0.,2.80000000005278));
#7695=CARTESIAN_POINT('Origin',(-8.5000000001,0.5,2.8000000001));
#7696=CARTESIAN_POINT('Origin',(-8.5000000001,0.,2.8000000001));
#7697=CARTESIAN_POINT('Origin',(-7.74999999763638,0.25,-0.525000000446753));
#7698=CARTESIAN_POINT('',(-7.4999999974237,0.,3.97867965440677));
#7699=CARTESIAN_POINT('',(-7.9999999974237,0.5,3.97867965443038));
#7700=CARTESIAN_POINT('',(-7.4999999974237,0.,3.97867965440677));
#7701=CARTESIAN_POINT('',(-7.99999999763638,0.5,-0.525000000434947));
#7702=CARTESIAN_POINT('',(-7.49999999763638,0.,-0.525000000458559));
#7703=CARTESIAN_POINT('Origin',(-6.97867965432649,0.25,3.97867965438215));
#7704=CARTESIAN_POINT('',(-6.61005050417251,0.,4.34730880377724));
#7705=CARTESIAN_POINT('',(-6.25649711321531,0.5,4.70086219400659));
#7706=CARTESIAN_POINT('',(-6.61005050417251,0.,4.34730880377724));
#7707=CARTESIAN_POINT('Origin',(-6.97867965432649,0.5,3.97867965438215));
#7708=CARTESIAN_POINT('Origin',(-6.97867965432649,0.,3.97867965438215));
#7709=CARTESIAN_POINT('Origin',(-3.06893398409141,0.25,1.15974566736329));
#7710=CARTESIAN_POINT('',(-5.99999999740171,0.5,4.44436507766494));
#7711=CARTESIAN_POINT('',(-2.89215728861281,0.5,1.33652236247796));
#7712=CARTESIAN_POINT('',(-6.49999999741149,0.,4.23725829678966));
#7713=CARTESIAN_POINT('',(-3.24571067957001,0.,0.982968972248614));
#7714=CARTESIAN_POINT('',(-6.49999999741149,0.,4.23725829678966));
#7715=CARTESIAN_POINT('Origin',(-6.24999999759755,0.25,0.297182538323909));
#7716=CARTESIAN_POINT('',(-6.49999999752658,0.,1.79999999743214));
#7717=CARTESIAN_POINT('',(-6.49999999759755,0.,0.297182538335715));
#7718=CARTESIAN_POINT('',(-5.99999999752658,0.5,1.79999999740853));
#7719=CARTESIAN_POINT('',(-6.49999999752658,0.,1.79999999743214));
#7720=CARTESIAN_POINT('',(-5.99999999759755,0.5,0.297182538312103));
#7721=CARTESIAN_POINT('Origin',(-7.49999999752658,0.25,1.79999999747936));
#7722=CARTESIAN_POINT('',(-7.49999999752658,0.,0.799999997479361));
#7723=CARTESIAN_POINT('',(-7.49999999752658,0.5,0.299999997479362));
#7724=CARTESIAN_POINT('',(-7.49999999752658,0.,0.799999997479361));
#7725=CARTESIAN_POINT('Origin',(-7.49999999752658,0.5,1.79999999747936));
#7726=CARTESIAN_POINT('Origin',(-7.49999999752658,0.,1.79999999747936));
#7727=CARTESIAN_POINT('Origin',(-3.67499999878435,0.25,0.549999997479361));
#7728=CARTESIAN_POINT('',(-8.69999999985532,0.,0.799999997479362));
#7729=CARTESIAN_POINT('',(-8.69999999985532,0.5,0.299999997479362));
#7730=CARTESIAN_POINT('',(-8.69999999985532,0.,0.799999997479362));
#7731=CARTESIAN_POINT('',(-3.67499999878435,0.5,0.299999997479361));
#7732=CARTESIAN_POINT('',(-3.67499999878435,0.,0.799999997479361));
#7733=CARTESIAN_POINT('Origin',(-8.69999999985532,0.25,-1.20000000252064));
#7734=CARTESIAN_POINT('',(-10.6999999998553,0.,-1.20000000247808));
#7735=CARTESIAN_POINT('',(-10.1999999998553,0.5,-1.20000000248872));
#7736=CARTESIAN_POINT('',(-10.6999999998553,0.,-1.20000000247808));
#7737=CARTESIAN_POINT('Origin',(-8.69999999985532,0.5,-1.20000000252064));
#7738=CARTESIAN_POINT('Origin',(-8.69999999985532,0.,-1.20000000252064));
#7739=CARTESIAN_POINT('Origin',(-10.4499999998676,0.25,-1.77500000179101));
#7740=CARTESIAN_POINT('',(-10.7,0.,-7.99999999994255));
#7741=CARTESIAN_POINT('',(-10.2,0.5,-7.99999999995319));
#7742=CARTESIAN_POINT('',(-10.7,0.,-7.99999999994255));
#7743=CARTESIAN_POINT('',(-10.1999999998676,0.5,-1.77500000179633));
#7744=CARTESIAN_POINT('',(-10.6999999998675,0.,-1.77500000178569));
#7745=CARTESIAN_POINT('Origin',(-8.,0.25,-8.));
#7746=CARTESIAN_POINT('',(-8.,0.,-10.7));
#7747=CARTESIAN_POINT('',(-8.,0.,-10.7));
#7748=CARTESIAN_POINT('Origin',(-8.,0.5,-8.));
#7749=CARTESIAN_POINT('Origin',(-8.,0.,-8.));
#7750=CARTESIAN_POINT('Origin',(-4.67499999998564,0.25,-10.45));
#7751=CARTESIAN_POINT('',(9.5,0.,-10.7));
#7752=CARTESIAN_POINT('',(9.5,0.,-10.7));
#7753=CARTESIAN_POINT('',(-4.67499999998564,0.,-10.7));
#7754=CARTESIAN_POINT('Origin',(9.75,0.25,-7.02500000063017));
#7755=CARTESIAN_POINT('',(9.5,0.,-12.2));
#7756=CARTESIAN_POINT('',(9.5,0.,-12.2));
#7757=CARTESIAN_POINT('',(10.,0.5,-10.7));
#7758=CARTESIAN_POINT('',(9.5,0.,-7.02500000063017));
#7759=CARTESIAN_POINT('Origin',(9.5,0.5,-10.7));
#7760=CARTESIAN_POINT('Origin',(4.32500000001436,0.25,-12.45));
#7761=CARTESIAN_POINT('',(-10.9000000002418,0.,-12.2));
#7762=CARTESIAN_POINT('',(-12.9833333334274,-2.08333333318561,-10.1166666668144));
#7763=CARTESIAN_POINT('',(9.5,0.5,-12.7));
#7764=CARTESIAN_POINT('',(4.32500000001436,0.,-12.2));
#7765=CARTESIAN_POINT('Origin',(9.5,0.5,-12.2));
#7766=CARTESIAN_POINT('Origin',(-8.5000000001,0.,2.8000000001));
#7767=CARTESIAN_POINT('',(-8.5000000001,0.,2.29999999747936));
#7768=CARTESIAN_POINT('',(-7.99999999747936,0.,2.80000000007639));
#7769=CARTESIAN_POINT('Origin',(-7.99999999747936,0.,2.80000000007639));
#7770=CARTESIAN_POINT('',(-7.9999999974237,0.,3.97867965443038));
#7771=CARTESIAN_POINT('Origin',(-6.97867965432649,0.,3.97867965438215));
#7772=CARTESIAN_POINT('',(-6.25649711321531,0.,4.70086219400659));
#7773=CARTESIAN_POINT('Origin',(-6.25649711321531,0.,4.70086219400659));
#7774=CARTESIAN_POINT('',(-5.99999999740171,0.,4.44436507766494));
#7775=CARTESIAN_POINT('Origin',(-5.99999999740171,0.,4.44436507766494));
#7776=CARTESIAN_POINT('',(-5.99999999752658,0.,1.79999999740853));
#7777=CARTESIAN_POINT('Origin',(-7.49999999752658,0.,1.79999999747936));
#7778=CARTESIAN_POINT('',(-7.49999999752658,0.,0.299999997479362));
#7779=CARTESIAN_POINT('Origin',(-5.99999999759742,0.,0.299999997479362));
#7780=CARTESIAN_POINT('',(-8.69999999985532,0.,0.299999997479362));
#7781=CARTESIAN_POINT('Origin',(-8.69999999985532,0.,-1.20000000252064));
#7782=CARTESIAN_POINT('',(-10.1999999998553,0.,-1.20000000248872));
#7783=CARTESIAN_POINT('Origin',(-10.1999999998234,0.,0.299999997479362));
#7784=CARTESIAN_POINT('',(-10.2,0.,-7.99999999995319));
#7785=CARTESIAN_POINT('Origin',(-8.,0.,-8.));
#7786=CARTESIAN_POINT('Origin',(-20.0499999999425,0.35,-15.9250000006302));
#7787=CARTESIAN_POINT('',(-20.3999999999425,0.,-21.4));
#7788=CARTESIAN_POINT('',(-19.6999999999425,0.7,-21.4));
#7789=CARTESIAN_POINT('',(-20.3999999999425,0.,-27.));
#7790=CARTESIAN_POINT('',(-20.3999999999425,0.,-15.9250000006302));
#7791=CARTESIAN_POINT('',(-20.3999999999425,0.,-27.));
#7792=CARTESIAN_POINT('Origin',(-18.6999999999425,0.35,-21.4));
#7793=CARTESIAN_POINT('',(-18.6999999999425,0.,-19.7));
#7794=CARTESIAN_POINT('',(-18.6999999999425,0.7,-20.4));
#7795=CARTESIAN_POINT('Origin',(-18.6999999999425,0.,-21.4));
#7796=CARTESIAN_POINT('Origin',(-10.5249999999569,0.35,-20.05));
#7797=CARTESIAN_POINT('',(-16.6999999999426,0.,-19.7));
#7798=CARTESIAN_POINT('',(-16.6999999999426,0.7,-20.4));
#7799=CARTESIAN_POINT('',(-10.5249999999569,0.,-19.7));
#7800=CARTESIAN_POINT('Origin',(-16.6999999999426,0.35,-21.4));
#7801=CARTESIAN_POINT('',(-14.9999999999426,0.,-21.4));
#7802=CARTESIAN_POINT('',(-15.6999999999426,0.7,-21.4));
#7803=CARTESIAN_POINT('Origin',(-16.6999999999426,0.,-21.4));
#7804=CARTESIAN_POINT('Origin',(-15.3499999999426,0.35,-12.1250000006302));
#7805=CARTESIAN_POINT('',(-15.6999999999426,0.7,-27.));
#7806=CARTESIAN_POINT('',(-14.9999999999426,0.,-27.));
#7807=CARTESIAN_POINT('',(-15.6999999999426,0.7,-27.));
#7808=CARTESIAN_POINT('',(-14.9999999999426,0.,-12.1250000006302));
#7809=CARTESIAN_POINT('',(-15.6999999999426,0.7,-12.1250000006302));
#7810=CARTESIAN_POINT('Origin',(-16.6999999999426,0.35,-27.));
#7811=CARTESIAN_POINT('',(-16.6999999999426,0.7,-28.));
#7812=CARTESIAN_POINT('Origin',(-16.6999999999426,0.7,-27.));
#7813=CARTESIAN_POINT('',(-16.6999999999426,0.,-28.7));
#7814=CARTESIAN_POINT('',(-16.6999999999426,0.7,-28.));
#7815=CARTESIAN_POINT('Origin',(-16.6999999999426,0.,-27.));
#7816=CARTESIAN_POINT('Origin',(-8.52499999995692,0.35,-28.35));
#7817=CARTESIAN_POINT('',(-18.6999999999425,0.7,-28.));
#7818=CARTESIAN_POINT('',(-18.6999999999425,0.,-28.7));
#7819=CARTESIAN_POINT('',(-18.6999999999425,0.7,-28.));
#7820=CARTESIAN_POINT('',(-8.52499999995692,0.,-28.7));
#7821=CARTESIAN_POINT('',(-8.52499999995692,0.7,-28.));
#7822=CARTESIAN_POINT('Origin',(-18.6999999999425,0.35,-27.));
#7823=CARTESIAN_POINT('Origin',(-18.6999999999425,0.7,-27.));
#7824=CARTESIAN_POINT('Origin',(-18.6999999999425,0.,-27.));
#7825=CARTESIAN_POINT('Origin',(-1.34999999997128,0.,-3.85000000126032));
#7826=CARTESIAN_POINT('',(-10.9000000002418,0.,36.3));
#7827=CARTESIAN_POINT('',(-10.9000000002418,0.,16.7249999993698));
#7828=CARTESIAN_POINT('',(-11.2000000002418,0.,36.6));
#7829=CARTESIAN_POINT('Origin',(-11.2000000002418,0.,36.3));
#7830=CARTESIAN_POINT('',(-17.1999999999426,0.,36.6));
#7831=CARTESIAN_POINT('',(-9.77499999995692,0.,36.6));
#7832=CARTESIAN_POINT('',(-17.3831393120484,0.,36.5376131148767));
#7833=CARTESIAN_POINT('Origin',(-17.1999999999426,0.,36.3));
#7834=CARTESIAN_POINT('',(-47.0124492839983,0.,13.7009466739311));
#7835=CARTESIAN_POINT('',(-37.0383892556844,0.,21.3884116248263));
#7836=CARTESIAN_POINT('',(-47.1064738316459,0.,13.578138588764));
#7837=CARTESIAN_POINT('Origin',(-46.8293099718925,0.,13.4633335590544));
#7838=CARTESIAN_POINT('',(-57.8092033168294,0.,-12.2605360887764));
#7839=CARTESIAN_POINT('',(-52.3347824836503,0.,0.955884932822336));
#7840=CARTESIAN_POINT('',(-57.7151787691818,0.,-12.6129542333626));
#7841=CARTESIAN_POINT('Origin',(-57.532039457076,0.,-12.3753411184859));
#7842=CARTESIAN_POINT('',(-30.955826100684,0.,-33.2376131148767));
#7843=CARTESIAN_POINT('',(-22.1825590958488,0.,-39.9995718772119));
#7844=CARTESIAN_POINT('',(-30.7726867885782,0.,-33.3));
#7845=CARTESIAN_POINT('Origin',(-30.7726867885782,0.,-33.));
#7846=CARTESIAN_POINT('',(-16.6999999999426,0.,-33.3));
#7847=CARTESIAN_POINT('',(-18.1749999999569,0.,-33.3));
#7848=CARTESIAN_POINT('',(-14.9999999999426,0.,-35.));
#7849=CARTESIAN_POINT('Origin',(-16.6999999999426,0.,-35.));
#7850=CARTESIAN_POINT('',(-14.9999999999426,0.,-43.));
#7851=CARTESIAN_POINT('',(-14.9999999999426,0.,-18.9250000006302));
#7852=CARTESIAN_POINT('',(-16.6999999999426,0.,-44.7));
#7853=CARTESIAN_POINT('Origin',(-16.6999999999426,0.,-43.));
#7854=CARTESIAN_POINT('',(-17.1999999999425,0.,-44.7));
#7855=CARTESIAN_POINT('',(-8.52499999995692,0.,-44.7));
#7856=CARTESIAN_POINT('',(-17.4999999999425,0.,-45.));
#7857=CARTESIAN_POINT('Origin',(-17.1999999999425,0.,-45.));
#7858=CARTESIAN_POINT('',(-17.4999999999425,0.,-51.7));
#7859=CARTESIAN_POINT('',(-17.4999999999425,0.,-28.2750000006302));
#7860=CARTESIAN_POINT('',(-17.1999999999425,0.,-52.));
#7861=CARTESIAN_POINT('Origin',(-17.1999999999425,0.,-51.7));
#7862=CARTESIAN_POINT('',(-11.2000000002418,0.,-52.));
#7863=CARTESIAN_POINT('',(-5.77500000010655,0.,-52.));
#7864=CARTESIAN_POINT('',(-10.9000000002418,0.,-51.7));
#7865=CARTESIAN_POINT('Origin',(-11.2000000002418,0.,-51.7));
#7866=CARTESIAN_POINT('',(-10.9000000002418,0.,16.7249999993698));
#7867=CARTESIAN_POINT('',(-20.3999999999425,0.,-7.9));
#7868=CARTESIAN_POINT('',(-20.3999999999425,0.,-13.5));
#7869=CARTESIAN_POINT('',(-20.3999999999425,0.,-9.17500000063016));
#7870=CARTESIAN_POINT('',(-18.6999999999425,0.,-6.2));
#7871=CARTESIAN_POINT('Origin',(-18.6999999999425,0.,-7.9));
#7872=CARTESIAN_POINT('',(-16.6999999999426,0.,-6.2));
#7873=CARTESIAN_POINT('',(-10.5249999999569,0.,-6.2));
#7874=CARTESIAN_POINT('',(-14.9999999999426,0.,-7.9));
#7875=CARTESIAN_POINT('Origin',(-16.6999999999426,0.,-7.9));
#7876=CARTESIAN_POINT('',(-14.9999999999425,0.,-13.5));
#7877=CARTESIAN_POINT('',(-14.9999999999425,0.,-5.37500000063016));
#7878=CARTESIAN_POINT('',(-16.6999999999425,0.,-15.2));
#7879=CARTESIAN_POINT('Origin',(-16.6999999999425,0.,-13.5));
#7880=CARTESIAN_POINT('',(-18.6999999999425,0.,-15.2));
#7881=CARTESIAN_POINT('',(-8.52499999995691,0.,-15.2));
#7882=CARTESIAN_POINT('Origin',(-18.6999999999425,0.,-13.5));
#7883=CARTESIAN_POINT('',(-14.9999999999425,0.,3.8));
#7884=CARTESIAN_POINT('Origin',(-19.1999999999425,0.,3.8));
#7885=CARTESIAN_POINT('Origin',(-20.0499999999425,0.35,-9.17500000063016));
#7886=CARTESIAN_POINT('',(-19.6999999999425,0.7,-7.9));
#7887=CARTESIAN_POINT('',(-19.6999999999425,0.7,-7.9));
#7888=CARTESIAN_POINT('',(-19.6999999999425,0.7,-13.5));
#7889=CARTESIAN_POINT('',(-20.3999999999425,0.,-13.5));
#7890=CARTESIAN_POINT('',(-19.6999999999425,0.7,-9.17500000063016));
#7891=CARTESIAN_POINT('Origin',(-18.6999999999425,0.35,-7.9));
#7892=CARTESIAN_POINT('Origin',(-18.6999999999425,0.7,-7.9));
#7893=CARTESIAN_POINT('',(-18.6999999999425,0.7,-6.9));
#7894=CARTESIAN_POINT('Origin',(-10.5249999999569,0.35,-6.55));
#7895=CARTESIAN_POINT('',(-16.6999999999426,0.7,-6.9));
#7896=CARTESIAN_POINT('Origin',(-16.6999999999426,0.35,-7.9));
#7897=CARTESIAN_POINT('',(-15.6999999999425,0.7,-7.9));
#7898=CARTESIAN_POINT('Origin',(-15.3499999999426,0.35,-5.37500000063016));
#7899=CARTESIAN_POINT('',(-15.6999999999425,0.7,-13.5));
#7900=CARTESIAN_POINT('Origin',(-16.6999999999425,0.35,-13.5));
#7901=CARTESIAN_POINT('',(-16.6999999999425,0.7,-14.5));
#7902=CARTESIAN_POINT('Origin',(-8.52499999995691,0.35,-14.85));
#7903=CARTESIAN_POINT('',(-18.6999999999425,0.7,-14.5));
#7904=CARTESIAN_POINT('',(-18.6999999999425,0.7,-14.5));
#7905=CARTESIAN_POINT('',(-8.52499999995691,0.7,-14.5));
#7906=CARTESIAN_POINT('Origin',(-18.6999999999425,0.35,-13.5));
#7907=CARTESIAN_POINT('Origin',(-18.6999999999425,0.7,-13.5));
#7908=CARTESIAN_POINT('Origin',(-18.6999999999425,0.,-7.9));
#7909=CARTESIAN_POINT('',(-19.6999999999425,0.,-7.9));
#7910=CARTESIAN_POINT('Origin',(-19.6999999999425,0.,-14.5));
#7911=CARTESIAN_POINT('',(-19.6999999999425,0.,-13.5));
#7912=CARTESIAN_POINT('Origin',(-19.1999999999425,0.35,3.8));
#7913=CARTESIAN_POINT('',(-15.3499999999425,0.35,3.8));
#7914=CARTESIAN_POINT('Origin',(-10.5500000002418,0.35,16.7249999993698));
#7915=CARTESIAN_POINT('',(-10.2000000002418,0.7,2.29999999747936));
#7916=CARTESIAN_POINT('',(-11.1750000001662,-0.274999999924342,2.29999999747936));
#7917=CARTESIAN_POINT('',(-10.2000000002418,0.7,36.3));
#7918=CARTESIAN_POINT('',(-10.2000000002418,0.7,16.7249999993698));
#7919=CARTESIAN_POINT('',(-10.2000000002418,0.7,36.3));
#7920=CARTESIAN_POINT('Origin',(-11.2000000002418,0.35,36.3));
#7921=CARTESIAN_POINT('Origin',(-11.2000000002418,0.7,36.3));
#7922=CARTESIAN_POINT('',(-11.2000000002418,0.7,37.3));
#7923=CARTESIAN_POINT('Origin',(-9.77499999995692,0.35,36.95));
#7924=CARTESIAN_POINT('',(-17.1999999999426,0.7,37.3));
#7925=CARTESIAN_POINT('Origin',(-17.1999999999426,0.35,36.3));
#7926=CARTESIAN_POINT('',(-17.8104643736287,0.7,37.0920437162557));
#7927=CARTESIAN_POINT('Origin',(-37.2520517864746,0.35,21.6656269255157));
#7928=CARTESIAN_POINT('',(-47.4397743455786,0.7,14.2553772753101));
#7929=CARTESIAN_POINT('Origin',(-46.8293099718925,0.35,13.4633335590544));
#7930=CARTESIAN_POINT('',(-47.7531895044038,0.7,13.8460169914195));
#7931=CARTESIAN_POINT('Origin',(-52.6581403200292,0.35,1.08982413415012));
#7932=CARTESIAN_POINT('',(-58.4559189895873,0.7,-11.9926576861208));
#7933=CARTESIAN_POINT('Origin',(-57.532039457076,0.35,-12.3753411184859));
#7934=CARTESIAN_POINT('',(-58.1425038307621,0.7,-13.1673848347416));
#7935=CARTESIAN_POINT('Origin',(-22.396221626639,0.35,-40.2767871779014));
#7936=CARTESIAN_POINT('',(-31.3831511622642,0.7,-33.7920437162556));
#7937=CARTESIAN_POINT('Origin',(-30.7726867885782,0.35,-33.));
#7938=CARTESIAN_POINT('',(-30.7726867885782,0.7,-34.));
#7939=CARTESIAN_POINT('Origin',(-30.7726867885782,0.7,-33.));
#7940=CARTESIAN_POINT('',(-30.7726867885782,0.7,-34.));
#7941=CARTESIAN_POINT('Origin',(-18.1749999999569,0.35,-33.65));
#7942=CARTESIAN_POINT('',(-16.6999999999426,0.7,-34.));
#7943=CARTESIAN_POINT('',(-16.6999999999426,0.7,-34.));
#7944=CARTESIAN_POINT('',(-18.1749999999569,0.7,-34.));
#7945=CARTESIAN_POINT('Origin',(-16.6999999999426,0.35,-35.));
#7946=CARTESIAN_POINT('',(-15.6999999999426,0.7,-35.));
#7947=CARTESIAN_POINT('Origin',(-16.6999999999426,0.7,-35.));
#7948=CARTESIAN_POINT('',(-15.6999999999426,0.7,-35.));
#7949=CARTESIAN_POINT('Origin',(-15.3499999999426,0.35,-18.9250000006302));
#7950=CARTESIAN_POINT('',(-15.6999999999426,0.7,-43.));
#7951=CARTESIAN_POINT('',(-15.6999999999426,0.7,-43.));
#7952=CARTESIAN_POINT('',(-15.6999999999426,0.7,-18.9250000006302));
#7953=CARTESIAN_POINT('Origin',(-16.6999999999426,0.35,-43.));
#7954=CARTESIAN_POINT('',(-16.6999999999426,0.7,-44.));
#7955=CARTESIAN_POINT('Origin',(-16.6999999999426,0.7,-43.));
#7956=CARTESIAN_POINT('',(-16.6999999999426,0.7,-44.));
#7957=CARTESIAN_POINT('Origin',(-8.52499999995692,0.35,-44.35));
#7958=CARTESIAN_POINT('',(-17.1999999999425,0.7,-44.));
#7959=CARTESIAN_POINT('',(-17.1999999999425,0.7,-44.));
#7960=CARTESIAN_POINT('',(-8.52499999995692,0.7,-44.));
#7961=CARTESIAN_POINT('Origin',(-17.1999999999425,0.35,-45.));
#7962=CARTESIAN_POINT('Origin',(-17.1999999999425,0.7,-45.));
#7963=CARTESIAN_POINT('',(-18.1999999999425,0.7,-45.));
#7964=CARTESIAN_POINT('Origin',(-17.8499999999426,0.35,-28.2750000006302));
#7965=CARTESIAN_POINT('',(-18.1999999999425,0.7,-51.7));
#7966=CARTESIAN_POINT('Origin',(-17.1999999999425,0.35,-51.7));
#7967=CARTESIAN_POINT('',(-17.1999999999425,0.7,-52.7));
#7968=CARTESIAN_POINT('Origin',(-5.77500000010655,0.35,-52.35));
#7969=CARTESIAN_POINT('',(-11.2000000002418,0.7,-52.7));
#7970=CARTESIAN_POINT('Origin',(-11.2000000002418,0.35,-51.7));
#7971=CARTESIAN_POINT('',(-10.2000000002418,0.7,-51.7));
#7972=CARTESIAN_POINT('Origin',(-11.2000000002418,0.7,-51.7));
#7973=CARTESIAN_POINT('',(-10.2000000002418,0.7,-51.7));
#7974=CARTESIAN_POINT('Origin',(-10.5500000002418,0.35,16.7249999993698));
#7975=CARTESIAN_POINT('',(-10.2000000002418,0.7,16.7249999993698));
#7976=CARTESIAN_POINT('Origin',(-10.2000000002418,0.,37.3));
#7977=CARTESIAN_POINT('',(-10.2000000002418,3.0626127781123,-51.7));
#7978=CARTESIAN_POINT('',(-10.2000000002418,0.,-51.7));
#7979=CARTESIAN_POINT('',(-10.2000000002418,26.0351133133437,-24.3224399562656));
#7980=CARTESIAN_POINT('Origin',(-11.2000000002418,0.,-51.7));
#7981=CARTESIAN_POINT('',(-10.9911932348847,3.51864157862582,-52.6779569186529));
#7982=CARTESIAN_POINT('Origin',(-11.2000000002418,4.34568841952183,-51.7));
#7983=CARTESIAN_POINT('Origin',(-11.2000000002418,3.0626127781123,-51.7));
#7984=CARTESIAN_POINT('Origin',(-17.1999999999425,0.,-45.));
#7985=CARTESIAN_POINT('',(-17.1999999999425,0.,-44.));
#7986=CARTESIAN_POINT('Origin',(-15.6999999999426,0.,-44.));
#7987=CARTESIAN_POINT('',(-16.6999999999426,0.,-44.));
#7988=CARTESIAN_POINT('Origin',(-16.6999999999426,0.,-43.));
#7989=CARTESIAN_POINT('',(-15.6999999999426,0.,-43.));
#7990=CARTESIAN_POINT('Origin',(-15.6999999999426,0.,-34.));
#7991=CARTESIAN_POINT('',(-15.6999999999426,0.,-35.));
#7992=CARTESIAN_POINT('Origin',(-16.6999999999426,0.,-35.));
#7993=CARTESIAN_POINT('',(-16.6999999999426,0.,-34.));
#7994=CARTESIAN_POINT('Origin',(-34.9999999999425,0.,-34.));
#7995=CARTESIAN_POINT('',(-30.7726867885782,0.,-34.));
#7996=CARTESIAN_POINT('Origin',(-30.7726867885782,0.,-33.));
#7997=CARTESIAN_POINT('Origin',(-11.2000000002418,0.,36.3));
#7998=CARTESIAN_POINT('',(-10.2000000002418,0.,36.3));
#7999=CARTESIAN_POINT('Origin',(-10.2000000002418,0.,37.3));
#8000=CARTESIAN_POINT('',(-10.2000000002418,0.,2.29999999747936));
#8001=CARTESIAN_POINT('Origin',(-53.0512460392866,24.8,-9.29260163113477));
#8002=CARTESIAN_POINT('',(-51.5650278362286,24.8,-7.1156414907328));
#8003=CARTESIAN_POINT('Origin',(-52.5523510917305,24.8,-9.49925068461191));
#8004=CARTESIAN_POINT('',(-52.976115838295,24.8,-7.70013327889068));
#8005=CARTESIAN_POINT('',(-52.2705718372618,24.8,-7.40788738481174));
#8006=CARTESIAN_POINT('Origin',(-53.5501409868427,24.8,-9.08595257765761));
#8007=CARTESIAN_POINT('Origin',(-52.5523510917305,24.8,-9.49925068461191));
#8008=CARTESIAN_POINT('Origin',(-53.4325229861702,1.5,-11.6241736093879));
#8009=CARTESIAN_POINT('',(-51.5650278362286,3.8,-7.11564149073279));
#8010=CARTESIAN_POINT('Origin',(-52.5523510917305,3.8,-9.49925068461191));
#8011=CARTESIAN_POINT('',(-52.1050205125238,1.5,-8.41929913342702));
#8012=CARTESIAN_POINT('Origin',(-52.5523510917305,3.8,-9.49925068461191));
#8013=CARTESIAN_POINT('',(-48.2161387663735,1.5,0.969291920594274));
#8014=CARTESIAN_POINT('',(-49.8660855588273,1.5,-3.01403200294159));
#8015=CARTESIAN_POINT('',(-46.7814849316649,3.8,4.43285266565828));
#8016=CARTESIAN_POINT('Origin',(-47.7688081871668,3.8,2.04924347177917));
#8017=CARTESIAN_POINT('',(-46.7814849316649,24.8,4.43285266565828));
#8018=CARTESIAN_POINT('',(-46.7814849316649,2.5,4.43285266565828));
#8019=CARTESIAN_POINT('Origin',(-47.7688081871668,24.8,2.04924347177917));
#8020=CARTESIAN_POINT('Origin',(-46.8449286546556,24.8,1.66656003941408));
#8021=CARTESIAN_POINT('',(-45.8839480687241,25.3919957310566,3.98657240314698));
#8022=CARTESIAN_POINT('Origin',(-46.8449286546556,24.8,1.66656003941408));
#8023=CARTESIAN_POINT('Origin',(-46.2564211640464,25.1625400213448,3.08734280480091));
#8024=CARTESIAN_POINT('Origin',(-45.0210435349883,11.4689774550131,6.06980823152515));
#8025=CARTESIAN_POINT('',(-45.8576053991536,25.1,4.05016923329319));
#8026=CARTESIAN_POINT('',(-44.6485704396661,11.698433164725,6.96903782987124));
#8027=CARTESIAN_POINT('Origin',(-46.2402888315187,24.9837209302326,3.12628970078189));
#8028=CARTESIAN_POINT('Origin',(-46.2402888315187,2.5,3.1262897007819));
#8029=CARTESIAN_POINT('',(-45.8576053991536,13.0857864376269,4.05016923329319));
#8030=CARTESIAN_POINT('',(-45.8576053991536,2.5,4.05016923329319));
#8031=CARTESIAN_POINT('Origin',(-46.2402888315187,13.0857864376269,3.1262897007819));
#8032=CARTESIAN_POINT('Origin',(-41.8122328851448,8.29289321881345,1.292128872847));
#8033=CARTESIAN_POINT('',(-41.4295494527797,8.29289321881345,2.21600840535829));
#8034=CARTESIAN_POINT('',(-41.1589514027066,9.,1.02153082277391));
#8035=CARTESIAN_POINT('Origin',(-31.4032087406416,8.5,23.2674141036768));
#8036=CARTESIAN_POINT('',(-52.7800075313269,13.2972083646355,-15.8050338888607));
#8037=CARTESIAN_POINT('',(-23.0164056840389,-4.91729226696446,8.4538734580033));
#8038=CARTESIAN_POINT('',(-41.4813316688407,-0.473970110161822,-24.5134409405346));
#8039=CARTESIAN_POINT('Origin',(-45.3250735148654,1.5,10.5620667902436));
#8040=CARTESIAN_POINT('',(-44.4011939823541,1.5,10.1793833578785));
#8041=CARTESIAN_POINT('',(-44.4011939823541,1.5,10.1793833578785));
#8042=CARTESIAN_POINT('',(-44.9423900825003,1.5,11.4859463227549));
#8043=CARTESIAN_POINT('Origin',(-45.3250735148654,1.5,10.5620667902436));
#8044=CARTESIAN_POINT('',(-44.9423900825003,1.5,11.4859463227549));
#8045=CARTESIAN_POINT('Origin',(-44.018510549989,1.5,11.1032628903898));
#8046=CARTESIAN_POINT('',(-45.4043298487559,1.5,11.6772880389374));
#8047=CARTESIAN_POINT('',(-27.9686864841989,1.5,4.45520808863746));
#8048=CARTESIAN_POINT('',(-45.4043298487559,1.5,11.6772880389374));
#8049=CARTESIAN_POINT('Origin',(-54.435658852572,1.5,-10.126268928329));
#8050=CARTESIAN_POINT('',(-55.3595383850833,1.5,-9.74358549596387));
#8051=CARTESIAN_POINT('',(-55.3595383850833,1.5,-9.74358549596386));
#8052=CARTESIAN_POINT('Origin',(-54.435658852572,1.5,-10.126268928329));
#8053=CARTESIAN_POINT('Origin',(-14.1999999999043,1.5,-7.7));
#8054=CARTESIAN_POINT('',(-46.7108928136323,1.5,11.1360919387912));
#8055=CARTESIAN_POINT('',(-47.4687781720149,1.5,9.30639482785994));
#8056=CARTESIAN_POINT('Origin',(-45.787013281121,1.5,10.7534085064261));
#8057=CARTESIAN_POINT('',(-47.3214776079602,1.5,3.12919502296406));
#8058=CARTESIAN_POINT('',(-49.8660855588273,1.5,-3.01403200294159));
#8059=CARTESIAN_POINT('Ctrl Pts',(-47.3214776079602,1.5,3.12919502296406));
#8060=CARTESIAN_POINT('Ctrl Pts',(-48.258106246568,1.5,2.25191736404848));
#8061=CARTESIAN_POINT('Ctrl Pts',(-48.2161387663735,1.5,0.969291920594274));
#8062=CARTESIAN_POINT('',(-52.9996816709371,1.5,-10.5792022357968));
#8063=CARTESIAN_POINT('Ctrl Pts',(-52.1050205125239,1.5,-8.41929913342702));
#8064=CARTESIAN_POINT('Ctrl Pts',(-53.0416491511316,1.5,-9.29657679234268));
#8065=CARTESIAN_POINT('Ctrl Pts',(-52.9996816709371,1.5,-10.5792022357968));
#8066=CARTESIAN_POINT('',(-49.8660855588273,1.5,-3.01403200294159));
#8067=CARTESIAN_POINT('Origin',(-46.3282093812672,1.5,12.0599714713025));
#8068=CARTESIAN_POINT('',(-46.7108928136323,1.5,11.1360919387912));
#8069=CARTESIAN_POINT('Origin',(-45.787013281121,1.5,10.7534085064261));
#8070=CARTESIAN_POINT('Origin',(-53.4332890137651,0.75,-15.5344358387876));
#8071=CARTESIAN_POINT('Origin',(-53.4332890137651,12.5901015834489,-15.5344358387876));
#8072=CARTESIAN_POINT('Origin',(-53.4332890137651,12.5901015834489,-15.5344358387876));
#8073=CARTESIAN_POINT('Origin',(-53.4332890137651,12.5901015834489,-15.5344358387876));
#8074=CARTESIAN_POINT('Origin',(-53.4332890137651,12.5901015834489,-15.5344358387876));
#8075=CARTESIAN_POINT('Origin',(-42.1346131512788,-1.18107689134837,-24.2428428904615));
#8076=CARTESIAN_POINT('Origin',(-18.6999999999425,0.,-13.5));
#8077=CARTESIAN_POINT('',(-18.6999999999425,0.,-14.5));
#8078=CARTESIAN_POINT('Origin',(-15.6999999999425,0.,-14.5));
#8079=CARTESIAN_POINT('Origin',(-16.6999999999426,0.,-27.));
#8080=CARTESIAN_POINT('',(-16.6999999999426,0.,-28.));
#8081=CARTESIAN_POINT('',(-15.6999999999426,0.,-27.));
#8082=CARTESIAN_POINT('Origin',(-15.6999999999426,0.,-20.4));
#8083=CARTESIAN_POINT('Origin',(-18.6999999999425,0.,-27.));
#8084=CARTESIAN_POINT('',(-18.6999999999425,0.,-28.));
#8085=CARTESIAN_POINT('Origin',(-15.6999999999426,0.,-28.));
#8086=CARTESIAN_POINT('Origin',(-23.669687166477,-5.62439904815101,8.72447150807639));
#8087=CARTESIAN_POINT('Ctrl Pts',(-13.9928932187561,7.84306234379281,-47.5644651581625));
#8088=CARTESIAN_POINT('Ctrl Pts',(-14.1235799225765,7.68899991112388,-47.7466391469657));
#8089=CARTESIAN_POINT('Ctrl Pts',(-14.2889923845982,7.44346796044976,-48.0369729685083));
#8090=CARTESIAN_POINT('Ctrl Pts',(-14.2921282580102,6.90522025984543,-48.6734339725607));
#8091=CARTESIAN_POINT('Ctrl Pts',(-13.7541538970458,6.27220352812463,-49.4219563799962));
#8092=CARTESIAN_POINT('Ctrl Pts',(-12.8050119547409,5.53466915442993,-50.2940676170304));
#8093=CARTESIAN_POINT('Ctrl Pts',(-12.0704833177739,5.01199377603224,-50.9121148390714));
#8094=CARTESIAN_POINT('Ctrl Pts',(-11.6999999999498,4.75480013065199,-51.2162382484066));
#8095=CARTESIAN_POINT('Ctrl Pts',(-14.1299702116392,7.89154741421559,-47.507133084903));
#8096=CARTESIAN_POINT('Ctrl Pts',(-14.2582111786185,7.72832757832659,-47.70004251729));
#8097=CARTESIAN_POINT('Ctrl Pts',(-14.4197187238016,7.46470413057366,-48.011503954407));
#8098=CARTESIAN_POINT('Ctrl Pts',(-14.422938127262,6.87727352374577,-48.7061001635722));
#8099=CARTESIAN_POINT('Ctrl Pts',(-13.8967849538518,6.20261443518198,-49.5039714867393));
#8100=CARTESIAN_POINT('Ctrl Pts',(-12.9579553872129,5.44876872459029,-50.3957202839787));
#8101=CARTESIAN_POINT('Ctrl Pts',(-12.2281873986837,4.91856761602266,-51.0224712238334));
#8102=CARTESIAN_POINT('Ctrl Pts',(-11.8596448972796,4.65891036126525,-51.3296248896012));
#8103=CARTESIAN_POINT('Ctrl Pts',(-14.4039865061363,7.93143796554573,-47.3442961665407));
#8104=CARTESIAN_POINT('Ctrl Pts',(-14.5274080378635,7.75673662966704,-47.5643685185729));
#8105=CARTESIAN_POINT('Ctrl Pts',(-14.6812563198637,7.46846282795679,-47.9278922108038));
#8106=CARTESIAN_POINT('Ctrl Pts',(-14.6846563740052,6.78232891785589,-48.7384250375975));
#8107=CARTESIAN_POINT('Ctrl Pts',(-14.1819819862735,5.99122877369906,-49.606880579126));
#8108=CARTESIAN_POINT('Ctrl Pts',(-13.2633685539521,5.17968270201683,-50.5161472386971));
#8109=CARTESIAN_POINT('Ctrl Pts',(-12.5430699213302,4.62357698490801,-51.151114935331));
#8110=CARTESIAN_POINT('Ctrl Pts',(-12.1782921748983,4.35451037585615,-51.4603736498286));
#8111=CARTESIAN_POINT('Ctrl Pts',(-14.6189064326894,7.84885901664833,-47.1202823498096));
#8112=CARTESIAN_POINT('Ctrl Pts',(-14.745085331838,7.67917636851635,-47.368866890825));
#8113=CARTESIAN_POINT('Ctrl Pts',(-14.9030938609659,7.39384594970605,-47.7891399000505));
#8114=CARTESIAN_POINT('Ctrl Pts',(-14.9064300217029,6.62062819321976,-48.6997083126018));
#8115=CARTESIAN_POINT('Ctrl Pts',(-14.3904254573459,5.68637464185584,-49.5618763333864));
#8116=CARTESIAN_POINT('Ctrl Pts',(-13.4592604619621,4.81407751359304,-50.4281773833359));
#8117=CARTESIAN_POINT('Ctrl Pts',(-12.7328359374994,4.22915292673475,-51.0454877748959));
#8118=CARTESIAN_POINT('Ctrl Pts',(-12.3656633560309,3.95040377006563,-51.3468810571659));
#8119=CARTESIAN_POINT('Ctrl Pts',(-14.6999999999427,7.78132575301014,-47.0049959138836));
#8120=CARTESIAN_POINT('Ctrl Pts',(-14.8306867037631,7.61765906338136,-47.2653063269737));
#8121=CARTESIAN_POINT('Ctrl Pts',(-14.9960991657849,7.34022188474268,-47.7113413279448));
#8122=CARTESIAN_POINT('Ctrl Pts',(-14.9992350391969,6.52907701040583,-48.6644874027359));
#8123=CARTESIAN_POINT('Ctrl Pts',(-14.4612606782325,5.52947185583152,-49.5052379124026));
#8124=CARTESIAN_POINT('Ctrl Pts',(-13.5121187359276,4.64018997774773,-50.339259085572));
#8125=CARTESIAN_POINT('Ctrl Pts',(-12.7775900989606,4.04590445212832,-50.9443346586669));
#8126=CARTESIAN_POINT('Ctrl Pts',(-12.4071067811366,3.76473779895562,-51.2403519005694));
#8127=CARTESIAN_POINT('',(-12.6999999994066,3.98995245531378,-51.005087157435));
#8128=CARTESIAN_POINT('',(-14.6999999999506,6.01279153720995,-49.0962320890264));
#8129=CARTESIAN_POINT('Ctrl Pts',(-12.6994235500193,3.99048270970632,-51.0048904423587));
#8130=CARTESIAN_POINT('Ctrl Pts',(-12.9705443428056,4.20355287693125,-50.7847269927603));
#8131=CARTESIAN_POINT('Ctrl Pts',(-13.6031461723935,4.72547653611115,-50.259272303861));
#8132=CARTESIAN_POINT('Ctrl Pts',(-14.2807458945171,5.3603416986556,-49.6638581829631));
#8133=CARTESIAN_POINT('Ctrl Pts',(-14.6387155344965,5.90889528417633,-49.1910032531147));
#8134=CARTESIAN_POINT('Ctrl Pts',(-14.6991473144831,6.0146353134875,-49.0977705149025));
#8135=CARTESIAN_POINT('',(-14.6999999999502,7.78132575300079,-47.0049959138985));
#8136=CARTESIAN_POINT('Ctrl Pts',(-14.6999999999507,6.01279153721012,-49.0962320890262));
#8137=CARTESIAN_POINT('Ctrl Pts',(-14.6999999999507,6.09739019582619,-49.0710670775914));
#8138=CARTESIAN_POINT('Ctrl Pts',(-14.6999999999507,6.1799419676015,-49.036939865893));
#8139=CARTESIAN_POINT('Ctrl Pts',(-14.6999999999507,6.53406517058945,-48.8586310238476));
#8140=CARTESIAN_POINT('Ctrl Pts',(-14.6999999999506,6.78767490834172,-48.6402090981717));
#8141=CARTESIAN_POINT('Ctrl Pts',(-14.6999999999505,7.02635173952152,-48.3859184791225));
#8142=CARTESIAN_POINT('Ctrl Pts',(-14.6999999999506,7.05426175998763,-48.3552439325452));
#8143=CARTESIAN_POINT('Ctrl Pts',(-14.6999999999505,7.09393155713477,-48.3103214062436));
#8144=CARTESIAN_POINT('Ctrl Pts',(-14.6999999999505,7.10612239309578,-48.2963292791791));
#8145=CARTESIAN_POINT('Ctrl Pts',(-14.6999999999505,7.12726360904069,-48.2717374281076));
#8146=CARTESIAN_POINT('Ctrl Pts',(-14.6999999999505,7.13626239042249,-48.2611643422496));
#8147=CARTESIAN_POINT('Ctrl Pts',(-14.6999999999505,7.15474072230184,-48.2392343189915));
#8148=CARTESIAN_POINT('Ctrl Pts',(-14.6999999999505,7.16421790776937,-48.2278656502796));
#8149=CARTESIAN_POINT('Ctrl Pts',(-14.6999999999505,7.18834913163252,-48.1986048206903));
#8150=CARTESIAN_POINT('Ctrl Pts',(-14.6999999999504,7.20292829855866,-48.1806257157324));
#8151=CARTESIAN_POINT('Ctrl Pts',(-14.6999999999504,7.24593157247492,-48.1266756960713));
#8152=CARTESIAN_POINT('Ctrl Pts',(-14.6999999999505,7.27399107662066,-48.0902499281189));
#8153=CARTESIAN_POINT('Ctrl Pts',(-14.6999999999504,7.37133778993641,-47.9591836196728));
#8154=CARTESIAN_POINT('Ctrl Pts',(-14.6999999999505,7.43799644408001,-47.8605710270206));
#8155=CARTESIAN_POINT('Ctrl Pts',(-14.6999999999504,7.57780153240345,-47.6255092337333));
#8156=CARTESIAN_POINT('Ctrl Pts',(-14.6999999999504,7.64845408100313,-47.4830824118965));
#8157=CARTESIAN_POINT('Ctrl Pts',(-14.6999999999504,7.7385301194118,-47.2293013041664));
#8158=CARTESIAN_POINT('Ctrl Pts',(-14.6999999999503,7.76749720077437,-47.1174995285445));
#8159=CARTESIAN_POINT('Ctrl Pts',(-14.6999999999502,7.78132575300069,-47.0049959138986));
#8160=CARTESIAN_POINT('',(-14.2438530443485,7.5912421843049,-47.8587134625019));
#8161=CARTESIAN_POINT('Ctrl Pts',(-14.6999999999425,7.78132575301032,-47.0049959138839));
#8162=CARTESIAN_POINT('Ctrl Pts',(-14.6999999999434,7.78117762963442,-47.0062009868968));
#8163=CARTESIAN_POINT('Ctrl Pts',(-14.6999326412776,7.78109275072976,-47.0074289333184));
#8164=CARTESIAN_POINT('Ctrl Pts',(-14.6996794036813,7.78099888431202,-47.0101935977155));
#8165=CARTESIAN_POINT('Ctrl Pts',(-14.699459923295,7.78101703042297,-47.0117715191299));
#8166=CARTESIAN_POINT('Ctrl Pts',(-14.6985179053977,7.78124023736745,-47.0172954905602));
#8167=CARTESIAN_POINT('Ctrl Pts',(-14.6974733546204,7.78171343922156,-47.021463450554));
#8168=CARTESIAN_POINT('Ctrl Pts',(-14.6922307931455,7.78431940379384,-47.039600282543));
#8169=CARTESIAN_POINT('Ctrl Pts',(-14.6847389899121,7.78871745073571,-47.0579719959379));
#8170=CARTESIAN_POINT('Ctrl Pts',(-14.6394362395869,7.81210985561312,-47.1504762756112));
#8171=CARTESIAN_POINT('Ctrl Pts',(-14.5756349217724,7.83858311657253,-47.2455739163123));
#8172=CARTESIAN_POINT('Ctrl Pts',(-14.4238719135522,7.83920241226063,-47.4271424225751));
#8173=CARTESIAN_POINT('Ctrl Pts',(-14.3647860414051,7.82629272719654,-47.4898994624805));
#8174=CARTESIAN_POINT('Ctrl Pts',(-14.2919247526244,7.79287052710199,-47.5774251866126));
#8175=CARTESIAN_POINT('Ctrl Pts',(-14.2666469368824,7.77643301644072,-47.6103180085783));
#8176=CARTESIAN_POINT('Ctrl Pts',(-14.2311081202213,7.7357601435429,-47.6761630976977));
#8177=CARTESIAN_POINT('Ctrl Pts',(-14.2226544250208,7.71484200092008,-47.7049080455112));
#8178=CARTESIAN_POINT('Ctrl Pts',(-14.2172600105993,7.66338668157089,-47.7720202115998));
#8179=CARTESIAN_POINT('Ctrl Pts',(-14.2259238215003,7.6302002322335,-47.8122850689226));
#8180=CARTESIAN_POINT('Ctrl Pts',(-14.2438530443483,7.59124218430501,-47.8587134625018));
#8181=CARTESIAN_POINT('',(-14.2918491973765,7.21511110779745,-48.306969024216));
#8182=CARTESIAN_POINT('Ctrl Pts',(-14.2438530443485,7.59124218430491,-47.8587134625019));
#8183=CARTESIAN_POINT('Ctrl Pts',(-14.261691965977,7.55248035008104,-47.9049080176937));
#8184=CARTESIAN_POINT('Ctrl Pts',(-14.2766912833223,7.51326760555805,-47.9516399468542));
#8185=CARTESIAN_POINT('Ctrl Pts',(-14.3155110532324,7.37886307881933,-48.1118170244559));
#8186=CARTESIAN_POINT('Ctrl Pts',(-14.3140320221256,7.31029212698055,-48.1935367026577));
#8187=CARTESIAN_POINT('Ctrl Pts',(-14.3073128516884,7.25406301004677,-48.2605479547719));
#8188=CARTESIAN_POINT('Ctrl Pts',(-14.3035792447127,7.23851066669488,-48.2790825158348));
#8189=CARTESIAN_POINT('Ctrl Pts',(-14.2978253466681,7.22424404026375,-48.2960848191383));
#8190=CARTESIAN_POINT('Ctrl Pts',(-14.2955630688954,7.21941199196582,-48.301843430057));
#8191=CARTESIAN_POINT('Ctrl Pts',(-14.2924293634576,7.21572977978481,-48.3062317196524));
#8192=CARTESIAN_POINT('Ctrl Pts',(-14.2921464206926,7.21541627187949,-48.3066053438249));
#8193=CARTESIAN_POINT('Ctrl Pts',(-14.2918491973765,7.21511110779745,-48.306969024216));
#8194=CARTESIAN_POINT('',(-14.285786437577,7.20890374323785,-48.3143377896378));
#8195=CARTESIAN_POINT('Ctrl Pts',(-14.2918491973765,7.21511110779745,-48.306969024216));
#8196=CARTESIAN_POINT('Ctrl Pts',(-14.2910364706381,7.2142766678481,-48.3079634710247));
#8197=CARTESIAN_POINT('Ctrl Pts',(-14.290222544778,7.21344193671202,-48.3089566918194));
#8198=CARTESIAN_POINT('Ctrl Pts',(-14.2882030310641,7.21137313639081,-48.3114144110169));
#8199=CARTESIAN_POINT('Ctrl Pts',(-14.2869960534863,7.21013875728988,-48.3128774243028));
#8200=CARTESIAN_POINT('Ctrl Pts',(-14.285786437577,7.20890374323785,-48.3143377896378));
#8201=CARTESIAN_POINT('',(-11.699999999951,4.75480013065199,-51.2162382484066));
#8202=CARTESIAN_POINT('Ctrl Pts',(-14.2859238127856,7.20890340316685,-48.3143381917611));
#8203=CARTESIAN_POINT('Ctrl Pts',(-14.2856818167876,7.16814451307903,-48.36253429939));
#8204=CARTESIAN_POINT('Ctrl Pts',(-14.2558933309482,6.86258381326494,-48.7238502317837));
#8205=CARTESIAN_POINT('Ctrl Pts',(-13.7541538970458,6.27220352812463,-49.4219563799962));
#8206=CARTESIAN_POINT('Ctrl Pts',(-12.8050119547409,5.53466915442993,-50.2940676170304));
#8207=CARTESIAN_POINT('Ctrl Pts',(-12.0704833177739,5.01199377603224,-50.9121148390714));
#8208=CARTESIAN_POINT('Ctrl Pts',(-11.6999999999498,4.75480013065199,-51.2162382484066));
#8209=CARTESIAN_POINT('',(-12.6609296087299,3.95954484771423,-51.0366277216643));
#8210=CARTESIAN_POINT('Ctrl Pts',(-11.6999999999499,4.75480013065199,-51.2162382484066));
#8211=CARTESIAN_POINT('Ctrl Pts',(-11.7014967076383,4.75442012587244,-51.2166875921256));
#8212=CARTESIAN_POINT('Ctrl Pts',(-11.7029934034896,4.75403747407552,-51.2171346630731));
#8213=CARTESIAN_POINT('Ctrl Pts',(-11.7044900767433,4.75365218170233,-51.217579461486));
#8214=CARTESIAN_POINT('Ctrl Pts',(-11.7482984201118,4.74237448930016,-51.2305989241856));
#8215=CARTESIAN_POINT('Ctrl Pts',(-11.7920268987302,4.72885341285207,-51.2416562211163));
#8216=CARTESIAN_POINT('Ctrl Pts',(-11.8354063972043,4.71324812311892,-51.2507555677875));
#8217=CARTESIAN_POINT('Ctrl Pts',(-11.8788599986224,4.69761617567986,-51.2598704584));
#8218=CARTESIAN_POINT('Ctrl Pts',(-11.9219642021032,4.67989221562976,-51.2670210631615));
#8219=CARTESIAN_POINT('Ctrl Pts',(-11.9644403792083,4.66020094659698,-51.2721749854302));
#8220=CARTESIAN_POINT('Ctrl Pts',(-11.9855230648464,4.65042735435944,-51.2747330904764));
#8221=CARTESIAN_POINT('Ctrl Pts',(-12.0064508352241,4.64016862367444,-51.2767987037296));
#8222=CARTESIAN_POINT('Ctrl Pts',(-12.0271879560523,4.629437566868,-51.278364079572));
#8223=CARTESIAN_POINT('Ctrl Pts',(-12.068313758297,4.60815576387538,-51.281468528732));
#8224=CARTESIAN_POINT('Ctrl Pts',(-12.1085595910558,4.58508648496747,-51.2825975927118));
#8225=CARTESIAN_POINT('Ctrl Pts',(-12.1476463347328,4.56034269167255,-51.2817018392435));
#8226=CARTESIAN_POINT('Ctrl Pts',(-12.1851695348616,4.53658869682911,-51.2808419176053));
#8227=CARTESIAN_POINT('Ctrl Pts',(-12.2216250735558,4.51129077391129,-51.2781160258465));
#8228=CARTESIAN_POINT('Ctrl Pts',(-12.256743172188,4.48453304951507,-51.2734420208348));
#8229=CARTESIAN_POINT('Ctrl Pts',(-12.2728091835367,4.4722917858773,-51.2713037325877));
#8230=CARTESIAN_POINT('Ctrl Pts',(-12.2885949068699,4.45974483534112,-51.2687571674013));
#8231=CARTESIAN_POINT('Ctrl Pts',(-12.3040723368156,4.44689967573227,-51.2657915139354));
#8232=CARTESIAN_POINT('Ctrl Pts',(-12.3069973242665,4.44447214539985,-51.2652310527218));
#8233=CARTESIAN_POINT('Ctrl Pts',(-12.3099112964894,4.44203396394665,-51.2646556180977));
#8234=CARTESIAN_POINT('Ctrl Pts',(-12.3128141216679,4.43958523041264,-51.2640652478583));
#8235=CARTESIAN_POINT('Ctrl Pts',(-12.3471602502578,4.41061189868589,-51.257080007305));
#8236=CARTESIAN_POINT('Ctrl Pts',(-12.3797758173331,4.38030803504406,-51.2480421964179));
#8237=CARTESIAN_POINT('Ctrl Pts',(-12.410473610942,4.34886505120011,-51.2370598626702));
#8238=CARTESIAN_POINT('Ctrl Pts',(-12.4402976937766,4.31831698749645,-51.2263901045898));
#8239=CARTESIAN_POINT('Ctrl Pts',(-12.4683119539769,4.28669283719204,-51.2138846248152));
#8240=CARTESIAN_POINT('Ctrl Pts',(-12.4943140766083,4.25416738373137,-51.1996058991629));
#8241=CARTESIAN_POINT('Ctrl Pts',(-12.5181970575612,4.22429271555543,-51.1864908724545));
#8242=CARTESIAN_POINT('Ctrl Pts',(-12.5403824841648,4.19365712150924,-51.1718793931165));
#8243=CARTESIAN_POINT('Ctrl Pts',(-12.5606857452943,4.16240511921207,-51.1557943924542));
#8244=CARTESIAN_POINT('Ctrl Pts',(-12.5824565870412,4.12889412844335,-51.1385467196945));
#8245=CARTESIAN_POINT('Ctrl Pts',(-12.6019324590452,4.09487237108754,-51.1197090551187));
#8246=CARTESIAN_POINT('Ctrl Pts',(-12.6189259512916,4.06054294398469,-51.0993399294626));
#8247=CARTESIAN_POINT('Ctrl Pts',(-12.6353438085896,4.02737638662732,-51.0796607844432));
#8248=CARTESIAN_POINT('Ctrl Pts',(-12.6494448315977,3.99392191411685,-51.0585518454898));
#8249=CARTESIAN_POINT('Ctrl Pts',(-12.6610268527436,3.96037728183572,-51.0360371813354));
#8250=CARTESIAN_POINT('Ctrl Pts',(-12.6604860070375,3.95995422191524,-51.0364754313824));
#8251=CARTESIAN_POINT('Ctrl Pts',(-12.6734715213297,3.97011140955318,-51.0259533607158));
#8252=CARTESIAN_POINT('Ctrl Pts',(-12.686450816612,3.98028761383024,-51.0154249414221));
#8253=CARTESIAN_POINT('Ctrl Pts',(-12.6994235500193,3.99048270970632,-51.0048904423587));
#8254=CARTESIAN_POINT('Origin',(-11.6999999999485,13.7223555929567,-39.0637629017912));
#8255=CARTESIAN_POINT('',(-11.6999999999485,14.4859170902518,-39.7094980176464));
#8256=CARTESIAN_POINT('',(-12.6999999999512,3.5,-51.1513773907498));
#8257=CARTESIAN_POINT('Origin',(-11.6999999999512,3.5,-51.15137739075));
#8258=CARTESIAN_POINT('',(-12.6999999999511,3.70572017031355,-50.9081197493245));
#8259=CARTESIAN_POINT('',(-12.6999999999485,13.7223555929567,-39.063762901791));
#8260=CARTESIAN_POINT('Ctrl Pts',(-12.6999999999511,3.70572017031355,-50.9081197493245));
#8261=CARTESIAN_POINT('Ctrl Pts',(-12.6999999999511,3.72874999360543,-50.9168447821046));
#8262=CARTESIAN_POINT('Ctrl Pts',(-12.6991895433421,3.75156232767914,-50.9261369621571));
#8263=CARTESIAN_POINT('Ctrl Pts',(-12.6926737369678,3.84010414642333,-50.9649593951205));
#8264=CARTESIAN_POINT('Ctrl Pts',(-12.6803662096823,3.90312590516768,-50.9988446399206));
#8265=CARTESIAN_POINT('Ctrl Pts',(-12.6609296082136,3.95954484695715,-51.0366277225316));
#8266=CARTESIAN_POINT('Origin',(-14.6999999999502,5.3,-46.6999999999996));
#8267=CARTESIAN_POINT('',(-14.6999999997991,7.78248275793065,-46.9954307989267));
#8268=CARTESIAN_POINT('Origin',(-14.6999999999502,5.3,-46.6999999999996));
#8269=CARTESIAN_POINT('Origin',(-14.6999999999502,5.3,-46.6999999999996));
#8270=CARTESIAN_POINT('Origin',(-13.6999999999501,5.3,-46.6999999999998));
#8271=CARTESIAN_POINT('Origin',(-12.6999999999502,5.3,-46.7));
#8272=CARTESIAN_POINT('Origin',(-12.6999999999502,5.3,-46.7));
#8273=CARTESIAN_POINT('',(-12.6999999999497,9.17618353071073,-44.4141300920116));
#8274=CARTESIAN_POINT('Origin',(-12.6999999999502,5.3,-46.7));
#8275=CARTESIAN_POINT('',(-12.6609296083152,9.3459367448349,-44.6424393384725));
#8276=CARTESIAN_POINT('Ctrl Pts',(-12.6609296081939,9.34593674500545,-44.6424393382626));
#8277=CARTESIAN_POINT('Ctrl Pts',(-12.680366209673,9.29911982067668,-44.5932576961262));
#8278=CARTESIAN_POINT('Ctrl Pts',(-12.6926737369648,9.25502259884571,-44.5369071245197));
#8279=CARTESIAN_POINT('Ctrl Pts',(-12.6991895433406,9.20172530710697,-44.4562458967494));
#8280=CARTESIAN_POINT('Ctrl Pts',(-12.6999999999497,9.18869343612814,-44.4353433243046));
#8281=CARTESIAN_POINT('Ctrl Pts',(-12.6999999999497,9.17618353071074,-44.4141300920116));
#8282=CARTESIAN_POINT('',(-12.6999999997943,9.32001925290285,-44.6777623267801));
#8283=CARTESIAN_POINT('Ctrl Pts',(-12.661095940801,9.34604719115645,-44.6423318278301));
#8284=CARTESIAN_POINT('Ctrl Pts',(-12.6741394971508,9.33741895523799,-44.6540824293815));
#8285=CARTESIAN_POINT('Ctrl Pts',(-12.6871770404931,9.32879011272947,-44.6658484923263));
#8286=CARTESIAN_POINT('Ctrl Pts',(-12.7002081742922,9.3201604491511,-44.6776307093799));
#8287=CARTESIAN_POINT('Ctrl Pts',(-14.6999999998134,7.78248275798777,-46.9954307989644));
#8288=CARTESIAN_POINT('Ctrl Pts',(-14.5333928646241,7.98985421808774,-46.6627700318901));
#8289=CARTESIAN_POINT('Ctrl Pts',(-14.1281834906905,8.33518319934908,-46.0976027218478));
#8290=CARTESIAN_POINT('Ctrl Pts',(-13.4401446222317,8.82642514551394,-45.3627868877892));
#8291=CARTESIAN_POINT('Ctrl Pts',(-12.9551019246025,9.15136106858269,-44.9080951906797));
#8292=CARTESIAN_POINT('Ctrl Pts',(-12.7002081742922,9.32016044915111,-44.6776307093799));
#8293=CARTESIAN_POINT('Origin',(-12.6999999999426,0.,-12.7));
#8294=CARTESIAN_POINT('',(-12.6999999999486,3.5,-39.7000000000002));
#8295=CARTESIAN_POINT('Origin',(-11.2000000002418,26.0351133133437,-24.3224399562656));
#8296=CARTESIAN_POINT('',(-11.193906422742,7.20890374323768,-48.3143377896383));
#8297=CARTESIAN_POINT('',(-11.200000000242,7.21511110779745,-48.3069690242167));
#8298=CARTESIAN_POINT('Ctrl Pts',(-11.1939064227416,7.20890374323783,-48.3143377896381));
#8299=CARTESIAN_POINT('Ctrl Pts',(-11.1959388213643,7.21097884860888,-48.3118840426988));
#8300=CARTESIAN_POINT('Ctrl Pts',(-11.1979700285593,7.21304797358556,-48.3094277718257));
#8301=CARTESIAN_POINT('Ctrl Pts',(-11.200000000242,7.21511110779745,-48.3069690242167));
#8302=CARTESIAN_POINT('',(-11.200000000242,26.8011577564627,-24.9652275659521));
#8303=CARTESIAN_POINT('Ctrl Pts',(-10.9911932348847,3.51864157862582,-52.6779569186529));
#8304=CARTESIAN_POINT('Ctrl Pts',(-11.006523680379,4.0670832908175,-52.0294418160081));
#8305=CARTESIAN_POINT('Ctrl Pts',(-11.0361478986259,4.96520917651275,-50.9674361588855));
#8306=CARTESIAN_POINT('Ctrl Pts',(-11.0632097210454,5.6511876339047,-50.156288173934));
#8307=CARTESIAN_POINT('Ctrl Pts',(-11.0874334353552,6.15817678924073,-49.5567894180888));
#8308=CARTESIAN_POINT('Ctrl Pts',(-11.1088258893395,6.52261806816655,-49.1258490498479));
#8309=CARTESIAN_POINT('Ctrl Pts',(-11.1274252255787,6.77642955605415,-48.8257249355422));
#8310=CARTESIAN_POINT('Ctrl Pts',(-11.1649424251866,7.17933112569017,-48.3493064812564));
#8311=CARTESIAN_POINT('Ctrl Pts',(-11.1939064227056,7.20890374323798,-48.3143377896376));
#8312=CARTESIAN_POINT('Origin',(-12.6999999999505,7.21511110779744,-48.3069690242164));
#8313=CARTESIAN_POINT('',(-13.9928932186242,7.84637504420775,-47.5546579601239));
#8314=CARTESIAN_POINT('Ctrl Pts',(-13.9928932186242,7.84637504420779,-47.5546579601239));
#8315=CARTESIAN_POINT('Ctrl Pts',(-14.0681349175566,7.7580798568629,-47.6598840668509));
#8316=CARTESIAN_POINT('Ctrl Pts',(-14.1531391845317,7.67348206358831,-47.7607037909114));
#8317=CARTESIAN_POINT('Ctrl Pts',(-14.2438530443485,7.59124218430491,-47.8587134625019));
#8318=CARTESIAN_POINT('',(-11.6999999999545,9.65801278113332,-45.3956321786641));
#8319=CARTESIAN_POINT('Ctrl Pts',(-11.6999999999545,9.65801278113332,-45.3956321786641));
#8320=CARTESIAN_POINT('Ctrl Pts',(-12.0542827265849,9.4131884101076,-45.6874025023886));
#8321=CARTESIAN_POINT('Ctrl Pts',(-12.6405566216873,9.00169206012822,-46.1778047558158));
#8322=CARTESIAN_POINT('Ctrl Pts',(-13.4210767095041,8.4048739437988,-46.8890648900765));
#8323=CARTESIAN_POINT('Ctrl Pts',(-13.8262860834377,8.04188642177193,-47.3216565735188));
#8324=CARTESIAN_POINT('Ctrl Pts',(-13.992893218627,7.84637504420443,-47.5546579601279));
#8325=CARTESIAN_POINT('',(-11.6999999999486,14.4910608438099,-39.6358297867888));
#8326=CARTESIAN_POINT('',(-12.6999999999505,7.21511110779745,-48.3069690242164));
#8327=CARTESIAN_POINT('Origin',(-12.6999999999502,5.3,-46.7));
#8328=CARTESIAN_POINT('',(-12.6999999999505,7.20890374323768,-48.314337789638));
#8329=CARTESIAN_POINT('Origin',(-10.2000000002418,7.20890374323767,-48.314337789638));
#8330=CARTESIAN_POINT('Origin',(-11.6999999999484,13.7250164006909,-38.9930421771023));
#8331=CARTESIAN_POINT('',(-12.6999999999423,36.6265980252034,-11.6999999999998));
#8332=CARTESIAN_POINT('',(-12.6999999999484,13.7250164006909,-38.9930421771021));
#8333=CARTESIAN_POINT('Origin',(-11.6999999999423,36.6265980252034,-11.7));
#8334=CARTESIAN_POINT('Ctrl Pts',(-11.6999999999545,9.65801278113331,-45.3956321786642));
#8335=CARTESIAN_POINT('Ctrl Pts',(-11.7014918609887,9.65838982643415,-45.3951828335723));
#8336=CARTESIAN_POINT('Ctrl Pts',(-11.7029837110483,9.65876420179458,-45.3947312779517));
#8337=CARTESIAN_POINT('Ctrl Pts',(-11.7044755394906,9.65913590856499,-45.3942775180193));
#8338=CARTESIAN_POINT('Ctrl Pts',(-11.7492087317998,9.67028171459155,-45.3806713085241));
#8339=CARTESIAN_POINT('Ctrl Pts',(-11.7938722445725,9.67901931646393,-45.3651014396155));
#8340=CARTESIAN_POINT('Ctrl Pts',(-11.83817869681,9.68537812185811,-45.3477298660725));
#8341=CARTESIAN_POINT('Ctrl Pts',(-11.8824851490475,9.69173692725229,-45.3303582925295));
#8342=CARTESIAN_POINT('Ctrl Pts',(-11.9264353932692,9.6957171813415,-45.3111842027277));
#8343=CARTESIAN_POINT('Ctrl Pts',(-11.9697319781109,9.69730199377281,-45.2903399910387));
#8344=CARTESIAN_POINT('Ctrl Pts',(-12.0123434951749,9.69886173023255,-45.2698255905307));
#8345=CARTESIAN_POINT('Ctrl Pts',(-12.0542168441366,9.69809706331563,-45.2477444783094));
#8346=CARTESIAN_POINT('Ctrl Pts',(-12.0950598657266,9.69498192212981,-45.2242229377382));
#8347=CARTESIAN_POINT('Ctrl Pts',(-12.1359028873165,9.69186678094399,-45.2007013971671));
#8348=CARTESIAN_POINT('Ctrl Pts',(-12.1757164573225,9.68640146870188,-45.1757386288018));
#8349=CARTESIAN_POINT('Ctrl Pts',(-12.2141821364596,9.67851059478434,-45.1494483580595));
#8350=CARTESIAN_POINT('Ctrl Pts',(-12.2452010610799,9.67214735283132,-45.1282477463794));
#8351=CARTESIAN_POINT('Ctrl Pts',(-12.2752348187329,9.664227574113,-45.106258786316));
#8352=CARTESIAN_POINT('Ctrl Pts',(-12.3041196038082,9.65472184652028,-45.0835500316314));
#8353=CARTESIAN_POINT('Ctrl Pts',(-12.3402792224559,9.64282203546665,-45.055121919488));
#8354=CARTESIAN_POINT('Ctrl Pts',(-12.374639721418,9.62843790932647,-45.0255649112612));
#8355=CARTESIAN_POINT('Ctrl Pts',(-12.4069667196372,9.61170073622437,-44.9950652372596));
#8356=CARTESIAN_POINT('Ctrl Pts',(-12.4369225806939,9.59619120983632,-44.9668026689112));
#8357=CARTESIAN_POINT('Ctrl Pts',(-12.4651324037657,9.57866042761042,-44.9377298831553));
#8358=CARTESIAN_POINT('Ctrl Pts',(-12.4913751170202,9.55917806043678,-44.9080065416525));
#8359=CARTESIAN_POINT('Ctrl Pts',(-12.493452342326,9.55763594603276,-44.9056538094275));
#8360=CARTESIAN_POINT('Ctrl Pts',(-12.4955172231897,9.55608158797484,-44.9032970109668));
#8361=CARTESIAN_POINT('Ctrl Pts',(-12.4975696395513,9.55451501260409,-44.9009362309339));
#8362=CARTESIAN_POINT('Ctrl Pts',(-12.5237634402614,9.53452171893018,-44.8708069633746));
#8363=CARTESIAN_POINT('Ctrl Pts',(-12.5477504309344,9.51267844954934,-44.8402324080785));
#8364=CARTESIAN_POINT('Ctrl Pts',(-12.5693456727224,9.48910019736101,-44.809402677138));
#8365=CARTESIAN_POINT('Ctrl Pts',(-12.5901000066541,9.46644007045682,-44.7797734404178));
#8366=CARTESIAN_POINT('Ctrl Pts',(-12.6086454504644,9.44217692206567,-44.7499077778568));
#8367=CARTESIAN_POINT('Ctrl Pts',(-12.624785551558,9.41638214609066,-44.7199883122652));
#8368=CARTESIAN_POINT('Ctrl Pts',(-12.6387476936503,9.39406813917609,-44.6941062048673));
#8369=CARTESIAN_POINT('Ctrl Pts',(-12.6509095298668,9.37060738488811,-44.66818372338));
#8370=CARTESIAN_POINT('Ctrl Pts',(-12.6611210075197,9.34603060966365,-44.6423544098124));
#8371=CARTESIAN_POINT('Ctrl Pts',(-11.6999999999545,9.65801278113332,-45.3956321786641));
#8372=CARTESIAN_POINT('Ctrl Pts',(-12.0542827265849,9.4131884101076,-45.6874025023886));
#8373=CARTESIAN_POINT('Ctrl Pts',(-12.6405566216873,9.00169206012822,-46.1778047558158));
#8374=CARTESIAN_POINT('Ctrl Pts',(-13.4210767095041,8.4048739437988,-46.8890648900765));
#8375=CARTESIAN_POINT('Ctrl Pts',(-13.8262860834377,8.04188642177193,-47.3216565735188));
#8376=CARTESIAN_POINT('Ctrl Pts',(-13.992893218627,7.84637504420443,-47.5546579601279));
#8377=CARTESIAN_POINT('Ctrl Pts',(-11.8596448972841,9.7534648545053,-45.2818768273025));
#8378=CARTESIAN_POINT('Ctrl Pts',(-12.2120716760214,9.50618498992342,-45.5764609863034));
#8379=CARTESIAN_POINT('Ctrl Pts',(-12.7946657344401,9.08996528102238,-46.0729398664663));
#8380=CARTESIAN_POINT('Ctrl Pts',(-13.5674018646452,8.47934187432748,-46.8002885362799));
#8381=CARTESIAN_POINT('Ctrl Pts',(-13.9664810462204,8.10177174517493,-47.2504069993533));
#8382=CARTESIAN_POINT('Ctrl Pts',(-14.1299702115125,7.8946388009107,-47.4971394546811));
#8383=CARTESIAN_POINT('Ctrl Pts',(-12.1782925868683,9.83061180289612,-44.9596921788295));
#8384=CARTESIAN_POINT('Ctrl Pts',(-12.5271192368211,9.58287649608105,-45.2634854058013));
#8385=CARTESIAN_POINT('Ctrl Pts',(-13.1022659158742,9.16497729167236,-45.7787445124885));
#8386=CARTESIAN_POINT('Ctrl Pts',(-13.8597862119386,8.54649443860343,-46.5543558027815));
#8387=CARTESIAN_POINT('Ctrl Pts',(-14.2466415418962,8.15553837561759,-47.0527326084039));
#8388=CARTESIAN_POINT('Ctrl Pts',(-14.4039866062429,7.93390170243475,-47.3341501132468));
#8389=CARTESIAN_POINT('Ctrl Pts',(-12.3656633560352,9.65012936958467,-44.5807340867366));
#8390=CARTESIAN_POINT('Ctrl Pts',(-12.7167801190532,9.41137894360446,-44.8923743853411));
#8391=CARTESIAN_POINT('Ctrl Pts',(-13.2969244936625,9.01244258116789,-45.4240956708655));
#8392=CARTESIAN_POINT('Ctrl Pts',(-14.0637916519377,8.43053301404016,-46.2451058581453));
#8393=CARTESIAN_POINT('Ctrl Pts',(-14.4580461132358,8.06555834005776,-46.7927145095043));
#8394=CARTESIAN_POINT('Ctrl Pts',(-14.6189064325646,7.850459825672,-47.1104561104339));
#8395=CARTESIAN_POINT('Ctrl Pts',(-12.4071067811408,9.51361247149855,-44.4158600421745));
#8396=CARTESIAN_POINT('Ctrl Pts',(-12.7613895077712,9.28032096112816,-44.7289053343275));
#8397=CARTESIAN_POINT('Ctrl Pts',(-13.3476634028737,8.89245434279297,-45.2640182462886));
#8398=CARTESIAN_POINT('Ctrl Pts',(-14.1281834906905,8.33518319934908,-46.0976027218478));
#8399=CARTESIAN_POINT('Ctrl Pts',(-14.5333928646241,7.98985421808774,-46.6627700318901));
#8400=CARTESIAN_POINT('Ctrl Pts',(-14.6999999998134,7.78248275798777,-46.9954307989644));
#8401=CARTESIAN_POINT('Origin',(-13.992893218624,7.08033060108877,-46.9118703504374));
#8402=CARTESIAN_POINT('Ctrl Pts',(-14.6999999999504,7.66817894808602,-47.5010795652377));
#8403=CARTESIAN_POINT('Ctrl Pts',(-14.6999999999503,7.72748221083143,-47.3257652213439));
#8404=CARTESIAN_POINT('Ctrl Pts',(-14.6999999999503,7.7635459089325,-47.154555714492));
#8405=CARTESIAN_POINT('Ctrl Pts',(-14.6999999999502,7.78248275785274,-46.9954307989422));
#8406=CARTESIAN_POINT('Ctrl Pts',(-14.6235600365986,7.68175551671402,-47.5832214534238));
#8407=CARTESIAN_POINT('Ctrl Pts',(-14.6126690319633,7.75666075822836,-47.4268090900076));
#8408=CARTESIAN_POINT('Ctrl Pts',(-14.6067599377469,7.81565105693428,-47.2726328783329));
#8409=CARTESIAN_POINT('Ctrl Pts',(-14.6073216373758,7.86017083524637,-47.1268882977755));
#8410=CARTESIAN_POINT('Ctrl Pts',(-14.4743651234275,7.67694789048074,-47.7172762627553));
#8411=CARTESIAN_POINT('Ctrl Pts',(-14.4350941189203,7.76829707959775,-47.5924136892013));
#8412=CARTESIAN_POINT('Ctrl Pts',(-14.4039376768995,7.85492173152571,-47.4688722035249));
#8413=CARTESIAN_POINT('Ctrl Pts',(-14.3846226574193,7.93562369207178,-47.3494411837459));
#8414=CARTESIAN_POINT('Ctrl Pts',(-14.3130040873884,7.62275773576326,-47.8211546908288));
#8415=CARTESIAN_POINT('Ctrl Pts',(-14.2377175661882,7.71009882619828,-47.7170656325218));
#8416=CARTESIAN_POINT('Ctrl Pts',(-14.1688616773195,7.79830123380644,-47.6119500963793));
#8417=CARTESIAN_POINT('Ctrl Pts',(-14.1103877839835,7.88774397852144,-47.5053563840338));
#8418=CARTESIAN_POINT('Ctrl Pts',(-14.2438530443485,7.59124218430491,-47.8587134625019));
#8419=CARTESIAN_POINT('Ctrl Pts',(-14.1531391845317,7.67348206358831,-47.7607037909114));
#8420=CARTESIAN_POINT('Ctrl Pts',(-14.0681349175566,7.7580798568629,-47.6598840668509));
#8421=CARTESIAN_POINT('Ctrl Pts',(-13.9928932186242,7.84637504420779,-47.5546579601239));
#8422=CARTESIAN_POINT('Origin',(-47.7688081871668,24.8,2.04924347177917));
#8423=CARTESIAN_POINT('',(-46.8078276012354,25.3919957310566,4.36925583551207));
#8424=CARTESIAN_POINT('Origin',(-47.7688081871668,24.8,2.04924347177917));
#8425=CARTESIAN_POINT('',(-46.8078276012354,25.3919957310566,4.36925583551207));
#8426=CARTESIAN_POINT('Origin',(-46.7814849316649,25.1,4.43285266565828));
#8427=CARTESIAN_POINT('',(-46.7814849316649,25.1,4.43285266565828));
#8428=CARTESIAN_POINT('',(-45.9480735259098,15.8620382952021,6.44488578446875));
#8429=CARTESIAN_POINT('',(-46.7814849316649,25.1,4.43285266565828));
#8430=CARTESIAN_POINT('Origin',(-46.7814849316649,3.5,4.43285266565828));
#8431=CARTESIAN_POINT('',(-46.7814849316649,2.5,4.43285266565828));
#8432=CARTESIAN_POINT('',(-46.7814849316649,2.5,4.43285266565828));
#8433=CARTESIAN_POINT('Origin',(-53.4325229861702,1.5,-11.6241736093879));
#8434=CARTESIAN_POINT('Origin',(-47.7688081871668,3.8,2.04924347177917));
#8435=CARTESIAN_POINT('Origin',(-53.0512460392866,3.8,-9.29260163113477));
#8436=CARTESIAN_POINT('Origin',(-52.5523510917305,3.8,-9.49925068461191));
#8437=CARTESIAN_POINT('',(-52.976115838295,3.8,-7.70013327889068));
#8438=CARTESIAN_POINT('',(-52.2705718372618,3.8,-7.40788738481174));
#8439=CARTESIAN_POINT('Origin',(-53.5501409868427,3.8,-9.08595257765761));
#8440=CARTESIAN_POINT('Origin',(-53.4325229861702,1.5,-11.6241736093879));
#8441=CARTESIAN_POINT('Origin',(-47.7688081871668,24.8,2.04924347177917));
#8442=CARTESIAN_POINT('Origin',(-53.4325229861702,1.5,-11.6241736093879));
#8443=CARTESIAN_POINT('Origin',(-48.267703134723,3.8,2.25589252525632));
#8444=CARTESIAN_POINT('',(-48.1925729337314,3.8,3.8483608775004));
#8445=CARTESIAN_POINT('',(-47.4870289326982,3.8,4.14060677157935));
#8446=CARTESIAN_POINT('Origin',(-48.766598082279,3.8,2.46254157873347));
#8447=CARTESIAN_POINT('Origin',(-48.267703134723,24.8,2.25589252525632));
#8448=CARTESIAN_POINT('',(-48.1925729337314,24.8,3.8483608775004));
#8449=CARTESIAN_POINT('',(-47.4870289326982,24.8,4.14060677157935));
#8450=CARTESIAN_POINT('Origin',(-48.766598082279,24.8,2.46254157873347));
#8451=CARTESIAN_POINT('Origin',(-48.766598082279,3.8,2.46254157873347));
#8452=CARTESIAN_POINT('Origin',(-48.766598082279,24.8,2.46254157873347));
#8453=CARTESIAN_POINT('Origin',(-53.5501409868427,3.8,-9.08595257765761));
#8454=CARTESIAN_POINT('Origin',(-53.5501409868427,24.8,-9.08595257765761));
#8455=CARTESIAN_POINT('Origin',(-15.6999999999425,1.5,34.6));
#8456=CARTESIAN_POINT('',(-15.6999999999425,1.5,35.1));
#8457=CARTESIAN_POINT('Origin',(-15.6999999999425,29.05,36.8));
#8458=CARTESIAN_POINT('Origin',(-15.6999999999425,60.0571067811976,36.8));
#8459=CARTESIAN_POINT('Origin',(-15.1999999999426,1.75,36.8));
#8460=CARTESIAN_POINT('',(-15.6999999999426,59.35,36.8));
#8461=CARTESIAN_POINT('',(-15.6999999999426,1.75,36.8));
#8462=CARTESIAN_POINT('Origin',(-15.1999999999426,59.5571067811977,36.8));
#8463=CARTESIAN_POINT('Origin',(-0.0714466093430341,44.4285533905981,36.8));
#8464=CARTESIAN_POINT('',(-0.424999999936305,44.0750000000048,36.8000000000001));
#8465=CARTESIAN_POINT('Origin',(-15.1999999999426,2.5,35.6));
#8466=CARTESIAN_POINT('',(-15.6999999999426,59.35,35.6));
#8467=CARTESIAN_POINT('',(-15.6999999999426,2.5,35.6));
#8468=CARTESIAN_POINT('',(-15.1999999999426,58.85,35.1));
#8469=CARTESIAN_POINT('Origin',(-15.1999999999426,58.8500000000108,35.6));
#8470=CARTESIAN_POINT('',(-15.1999999999426,2.5,35.1));
#8471=CARTESIAN_POINT('Origin',(-15.6999999999426,3.5,35.1));
#8472=CARTESIAN_POINT('',(-15.6999999999426,59.35,17.45));
#8473=CARTESIAN_POINT('Origin',(-13.6999999999321,0.75,34.1));
#8474=CARTESIAN_POINT('',(-12.6999999999321,56.35,34.0999999999998));
#8475=CARTESIAN_POINT('',(-13.6999999999321,57.3499999999895,35.1));
#8476=CARTESIAN_POINT('Origin',(-13.6999999999321,57.35,34.1));
#8477=CARTESIAN_POINT('',(-12.6999999999321,0.75,34.0999999999998));
#8478=CARTESIAN_POINT('',(-13.6999999999321,0.75,35.1));
#8479=CARTESIAN_POINT('Origin',(-12.6999999999426,0.,-12.7));
#8480=CARTESIAN_POINT('',(-12.6999999999297,5.3,6.79999999999154));
#8481=CARTESIAN_POINT('Origin',(-12.6999999999372,5.3,11.3));
#8482=CARTESIAN_POINT('Origin',(-12.6999999999372,5.3,11.3));
#8483=CARTESIAN_POINT('',(-12.6999999999363,56.35,15.3059330997908));
#8484=CARTESIAN_POINT('',(-12.6999999999398,56.35,-0.200000000000052));
#8485=CARTESIAN_POINT('',(-12.6999999999275,54.3,6.79999999998927));
#8486=CARTESIAN_POINT('Origin',(-12.6999999999372,54.3,11.3));
#8487=CARTESIAN_POINT('',(-12.6999999999381,56.35,7.29406690020913));
#8488=CARTESIAN_POINT('Origin',(-12.6999999999372,54.3,11.3));
#8489=CARTESIAN_POINT('',(-12.6999999999398,56.35,-0.200000000000052));
#8490=CARTESIAN_POINT('',(-12.6999999999423,0.,-11.6999999999998));
#8491=CARTESIAN_POINT('Origin',(-11.6999999999423,0.,-11.7));
#8492=CARTESIAN_POINT('Origin',(-13.5749999999397,57.225,-0.199999999999856));
#8493=CARTESIAN_POINT('Ctrl Pts',(-12.6999999999274,56.3499999999893,7.2940669001916));
#8494=CARTESIAN_POINT('Ctrl Pts',(-15.1499999999479,58.8000000000107,11.3000000000005));
#8495=CARTESIAN_POINT('Ctrl Pts',(-12.6999999999256,56.3499999999893,15.3059330998084));
#8496=CARTESIAN_POINT('',(-0.299999999942542,43.95,35.1));
#8497=CARTESIAN_POINT('Origin',(-12.6999999999426,0.,-12.7));
#8498=CARTESIAN_POINT('Origin',(-13.6999999999372,54.3,11.3000000000002));
#8499=CARTESIAN_POINT('',(-14.6999999999377,54.3,8.80000000000044));
#8500=CARTESIAN_POINT('',(-13.699999999938,54.3,7.80000000000021));
#8501=CARTESIAN_POINT('Origin',(-14.6999999999372,54.3,11.3000000000004));
#8502=CARTESIAN_POINT('Origin',(-13.6999999999372,5.3,11.3000000000002));
#8503=CARTESIAN_POINT('',(-14.6999999999377,5.3,8.80000000000045));
#8504=CARTESIAN_POINT('',(-13.699999999938,5.3,7.80000000000023));
#8505=CARTESIAN_POINT('Origin',(-14.6999999999372,5.3,11.3000000000005));
#8506=CARTESIAN_POINT('Origin',(-14.6999999999372,54.3,11.3000000000004));
#8507=CARTESIAN_POINT('Origin',(-14.6999999999372,5.3,11.3000000000005));
#8508=CARTESIAN_POINT('Origin',(-12.6999999999392,0.,2.29999999747936));
#8509=CARTESIAN_POINT('Origin',(-12.6999999999426,1.5,35.1));
#8510=CARTESIAN_POINT('Origin',(-14.2000000000922,3.5,-32.7));
#8511=UNCERTAINTY_MEASURE_WITH_UNIT(LENGTH_MEASURE(0.01),#8515,
'DISTANCE_ACCURACY_VALUE',
'Maximum model space distance between geometric entities at asserted c
onnectivities');
#8512=UNCERTAINTY_MEASURE_WITH_UNIT(LENGTH_MEASURE(0.01),#8515,
'DISTANCE_ACCURACY_VALUE',
'Maximum model space distance between geometric entities at asserted c
onnectivities');
#8513=(
GEOMETRIC_REPRESENTATION_CONTEXT(3)
GLOBAL_UNCERTAINTY_ASSIGNED_CONTEXT((#8511))
GLOBAL_UNIT_ASSIGNED_CONTEXT((#8515,#8517,#8518))
REPRESENTATION_CONTEXT('','3D')
);
#8514=(
GEOMETRIC_REPRESENTATION_CONTEXT(3)
GLOBAL_UNCERTAINTY_ASSIGNED_CONTEXT((#8512))
GLOBAL_UNIT_ASSIGNED_CONTEXT((#8515,#8517,#8518))
REPRESENTATION_CONTEXT('','3D')
);
#8515=(
LENGTH_UNIT()
NAMED_UNIT(*)
SI_UNIT(.MILLI.,.METRE.)
);
#8516=(
LENGTH_UNIT()
NAMED_UNIT(*)
SI_UNIT(.CENTI.,.METRE.)
);
#8517=(
NAMED_UNIT(*)
PLANE_ANGLE_UNIT()
SI_UNIT($,.RADIAN.)
);
#8518=(
NAMED_UNIT(*)
SI_UNIT($,.STERADIAN.)
SOLID_ANGLE_UNIT()
);
#8519=SHAPE_DEFINITION_REPRESENTATION(#8520,#8521);
#8520=PRODUCT_DEFINITION_SHAPE('',$,#8523);
#8521=SHAPE_REPRESENTATION('',(#4753),#8513);
#8522=PRODUCT_DEFINITION_CONTEXT('part definition',#8527,'design');
#8523=PRODUCT_DEFINITION('Cameraholder',
'VolumanXR_Rig_Cameraholder_v07',#8524,#8522);
#8524=PRODUCT_DEFINITION_FORMATION('4',$,#8529);
#8525=PRODUCT_RELATED_PRODUCT_CATEGORY('VolumanXR_Rig_Cameraholder_v07',
'VolumanXR_Rig_Cameraholder_v07',(#8529));
#8526=APPLICATION_PROTOCOL_DEFINITION('international standard',
'automotive_design',2009,#8527);
#8527=APPLICATION_CONTEXT(
'Core Data for Automotive Mechanical Design Process');
#8528=PRODUCT_CONTEXT('part definition',#8527,'mechanical');
#8529=PRODUCT('Cameraholder','VolumanXR_Rig_Cameraholder_v07',$,(#8528));
#8530=PRESENTATION_STYLE_ASSIGNMENT((#8532));
#8531=PRESENTATION_STYLE_ASSIGNMENT((#8533));
#8532=SURFACE_STYLE_USAGE(.BOTH.,#8538);
#8533=SURFACE_STYLE_USAGE(.BOTH.,#8539);
#8534=SURFACE_STYLE_RENDERING_WITH_PROPERTIES($,#8546,(#8536));
#8535=SURFACE_STYLE_RENDERING_WITH_PROPERTIES($,#8547,(#8537));
#8536=SURFACE_STYLE_TRANSPARENT(0.);
#8537=SURFACE_STYLE_TRANSPARENT(0.);
#8538=SURFACE_SIDE_STYLE('',(#8540,#8534));
#8539=SURFACE_SIDE_STYLE('',(#8541,#8535));
#8540=SURFACE_STYLE_FILL_AREA(#8542);
#8541=SURFACE_STYLE_FILL_AREA(#8543);
#8542=FILL_AREA_STYLE('',(#8544));
#8543=FILL_AREA_STYLE('',(#8545));
#8544=FILL_AREA_STYLE_COLOUR('',#8546);
#8545=FILL_AREA_STYLE_COLOUR('',#8547);
#8546=COLOUR_RGB('',0.749019607843137,0.749019607843137,0.749019607843137);
#8547=COLOUR_RGB('',0.850980392156863,0.83921568627451,0.858823529411765);
ENDSEC;
END-ISO-10303-21;
