ISO-10303-21;
HEADER;
/* Generated by software containing ST-Developer
 * from STEP Tools, Inc. (www.steptools.com) 
 */

FILE_DESCRIPTION(
/* description */ (''),
/* implementation_level */ '2;1');

FILE_NAME(
/* name */ 'VolumanXR_Rig_Cameraholder_v08.stp',
/* time_stamp */ '2025-03-30T10:43:30+02:00',
/* author */ ('Aldi'),
/* organization */ (''),
/* preprocessor_version */ 'ST-DEVELOPER v20',
/* originating_system */ 'Autodesk Inventor 2025',
/* authorisation */ '');

FILE_SCHEMA (('AUTOMOTIVE_DESIGN { 1 0 10303 214 3 1 1 }'));
ENDSEC;

DATA;
#10=MECHANICAL_DESIGN_GEOMETRIC_PRESENTATION_REPRESENTATION('',(#13),#8643);
#11=SHAPE_REPRESENTATION_RELATIONSHIP('SRR','None',#8650,#12);
#12=ADVANCED_BREP_SHAPE_REPRESENTATION('',(#14),#8642);
#13=STYLED_ITEM('',(#8659),#14);
#14=MANIFOLD_SOLID_BREP('Halter',#4865);
#15=SPHERICAL_SURFACE('',#5277,1.);
#16=(
BOUNDED_SURFACE()
B_SPLINE_SURFACE(2,2,((#8139,#8140,#8141),(#8142,#8143,#8144),(#8145,#8146,
#8147)),.UNSPECIFIED.,.F.,.F.,.F.)
B_SPLINE_SURFACE_WITH_KNOTS((3,3),(3,3),(-2.19338863107461,-1.5707963267949),
(-3.14159275913149,-2.45250732153472),.UNSPECIFIED.)
GEOMETRIC_REPRESENTATION_ITEM()
RATIONAL_B_SPLINE_SURFACE(((1.,0.941230005191771,1.),(0.951937367627087,
0.895992013473884,0.951937367627087),(1.,0.941230005191771,1.)))
REPRESENTATION_ITEM('')
SURFACE()
);
#17=TOROIDAL_SURFACE('',#5248,1.58,1.);
#18=CYLINDRICAL_SURFACE('',#4992,1.);
#19=CYLINDRICAL_SURFACE('',#4995,1.);
#20=CYLINDRICAL_SURFACE('',#5011,1.);
#21=CYLINDRICAL_SURFACE('',#5014,0.5);
#22=CYLINDRICAL_SURFACE('',#5017,0.5);
#23=CYLINDRICAL_SURFACE('',#5059,1.);
#24=CYLINDRICAL_SURFACE('',#5062,1.);
#25=CYLINDRICAL_SURFACE('',#5065,1.);
#26=CYLINDRICAL_SURFACE('',#5068,1.);
#27=CYLINDRICAL_SURFACE('',#5070,1.);
#28=CYLINDRICAL_SURFACE('',#5073,1.);
#29=CYLINDRICAL_SURFACE('',#5076,1.);
#30=CYLINDRICAL_SURFACE('',#5079,1.);
#31=CYLINDRICAL_SURFACE('',#5082,1.);
#32=CYLINDRICAL_SURFACE('',#5141,1.);
#33=CYLINDRICAL_SURFACE('',#5142,0.5);
#34=CYLINDRICAL_SURFACE('',#5144,0.5);
#35=CYLINDRICAL_SURFACE('',#5147,0.5);
#36=CYLINDRICAL_SURFACE('',#5155,0.5);
#37=CYLINDRICAL_SURFACE('',#5162,0.5);
#38=CYLINDRICAL_SURFACE('',#5168,0.5);
#39=CYLINDRICAL_SURFACE('',#5173,0.5);
#40=CYLINDRICAL_SURFACE('',#5192,0.5);
#41=CYLINDRICAL_SURFACE('',#5195,0.5);
#42=CYLINDRICAL_SURFACE('',#5198,0.5);
#43=CYLINDRICAL_SURFACE('',#5200,1.);
#44=CYLINDRICAL_SURFACE('',#5203,0.5);
#45=CYLINDRICAL_SURFACE('',#5207,0.5);
#46=CYLINDRICAL_SURFACE('',#5210,0.5);
#47=CYLINDRICAL_SURFACE('',#5218,1.);
#48=CYLINDRICAL_SURFACE('',#5222,0.5);
#49=CYLINDRICAL_SURFACE('',#5223,0.5);
#50=CYLINDRICAL_SURFACE('',#5226,0.5);
#51=CYLINDRICAL_SURFACE('',#5227,0.5);
#52=CYLINDRICAL_SURFACE('',#5230,0.5);
#53=CYLINDRICAL_SURFACE('',#5232,0.5);
#54=CYLINDRICAL_SURFACE('',#5235,2.5);
#55=CYLINDRICAL_SURFACE('',#5237,1.);
#56=CYLINDRICAL_SURFACE('',#5253,1.);
#57=CYLINDRICAL_SURFACE('',#5255,1.);
#58=CYLINDRICAL_SURFACE('',#5257,1.);
#59=CYLINDRICAL_SURFACE('',#5262,1.);
#60=CYLINDRICAL_SURFACE('',#5265,1.);
#61=CYLINDRICAL_SURFACE('',#5270,1.);
#62=CYLINDRICAL_SURFACE('',#5271,1.);
#63=CYLINDRICAL_SURFACE('',#5272,1.);
#64=CYLINDRICAL_SURFACE('',#5274,1.);
#65=CYLINDRICAL_SURFACE('',#5280,1.);
#66=CYLINDRICAL_SURFACE('',#5281,1.);
#67=CYLINDRICAL_SURFACE('',#5284,1.);
#68=CYLINDRICAL_SURFACE('',#5287,1.);
#69=CYLINDRICAL_SURFACE('',#5290,1.);
#70=CYLINDRICAL_SURFACE('',#5293,1.);
#71=CYLINDRICAL_SURFACE('',#5294,1.);
#72=CYLINDRICAL_SURFACE('',#5304,1.);
#73=CYLINDRICAL_SURFACE('',#5308,3.5);
#74=CYLINDRICAL_SURFACE('',#5312,2.58);
#75=CYLINDRICAL_SURFACE('',#5334,0.5);
#76=CYLINDRICAL_SURFACE('',#5335,0.5);
#77=CYLINDRICAL_SURFACE('',#5338,1.);
#78=CYLINDRICAL_SURFACE('',#5345,1.);
#79=B_SPLINE_SURFACE_WITH_KNOTS('',3,3,((#7164,#7165,#7166,#7167,#7168),
(#7169,#7170,#7171,#7172,#7173),(#7174,#7175,#7176,#7177,#7178),(#7179,
#7180,#7181,#7182,#7183)),.UNSPECIFIED.,.F.,.F.,.F.,(4,4),(4,1,4),(0.,0.252187439255945),
(1.6540814849779,2.00475715528957,2.35543282560124),.UNSPECIFIED.);
#80=B_SPLINE_SURFACE_WITH_KNOTS('',3,3,((#7271,#7272,#7273,#7274),(#7275,
#7276,#7277,#7278),(#7279,#7280,#7281,#7282),(#7283,#7284,#7285,#7286)),
 .UNSPECIFIED.,.F.,.F.,.F.,(4,4),(4,4),(0.754822912913437,1.),(-1.65408148497789,
-1.5707963267949),.UNSPECIFIED.);
#81=B_SPLINE_SURFACE_WITH_KNOTS('',3,3,((#8237,#8238,#8239,#8240,#8241,
#8242,#8243,#8244,#8245,#8246,#8247,#8248,#8249),(#8250,#8251,#8252,#8253,
#8254,#8255,#8256,#8257,#8258,#8259,#8260,#8261,#8262),(#8263,#8264,#8265,
#8266,#8267,#8268,#8269,#8270,#8271,#8272,#8273,#8274,#8275),(#8276,#8277,
#8278,#8279,#8280,#8281,#8282,#8283,#8284,#8285,#8286,#8287,#8288),(#8289,
#8290,#8291,#8292,#8293,#8294,#8295,#8296,#8297,#8298,#8299,#8300,#8301)),
 .UNSPECIFIED.,.F.,.F.,.F.,(4,1,4),(4,1,1,1,1,1,1,1,1,1,4),(0.,0.5,1.),
(0.725682717560376,0.766486694792686,0.807290672024996,0.888898626489616,
0.899099620797693,0.909300615105771,0.929702603721926,0.970506580954235,
1.05211453541886,1.17452646711578,1.29693839881271),.UNSPECIFIED.);
#82=B_SPLINE_SURFACE_WITH_KNOTS('',3,3,((#8492,#8493,#8494,#8495,#8496,
#8497),(#8498,#8499,#8500,#8501,#8502,#8503),(#8504,#8505,#8506,#8507,#8508,
#8509),(#8510,#8511,#8512,#8513,#8514,#8515),(#8516,#8517,#8518,#8519,#8520,
#8521)),.UNSPECIFIED.,.F.,.F.,.F.,(4,1,4),(4,1,1,4),(0.,0.5,1.),(0.361582813426752,
0.517644439403022,0.621685523387202,0.725726607371382),.UNSPECIFIED.);
#83=B_SPLINE_SURFACE_WITH_KNOTS('',3,3,((#8523,#8524,#8525,#8526),(#8527,
#8528,#8529,#8530),(#8531,#8532,#8533,#8534),(#8535,#8536,#8537,#8538),
(#8539,#8540,#8541,#8542)),.UNSPECIFIED.,.F.,.F.,.F.,(4,1,4),(4,4),(0.,
0.571428571428571,1.),(-0.719864712286886,-0.672878652425405),
 .UNSPECIFIED.);
#84=B_SPLINE_CURVE_WITH_KNOTS('',3,(#7127,#7128,#7129,#7130,#7131,#7132,
#7133,#7134,#7135,#7136,#7137,#7138,#7139,#7140),.UNSPECIFIED.,.F.,.F.,
(4,2,2,2,2,2,4),(0.223041690361115,0.281540403745214,0.341020850045963,
0.362148892906955,0.38841330469976,0.406758878823576,0.42231060561782),
 .UNSPECIFIED.);
#85=B_SPLINE_CURVE_WITH_KNOTS('',3,(#7186,#7187,#7188,#7189,#7190,#7191,
#7192,#7193,#7194,#7195,#7196,#7197,#7198,#7199,#7200,#7201,#7202,#7203,
#7204,#7205,#7206,#7207,#7208,#7209),.UNSPECIFIED.,.F.,.F.,(4,2,2,2,2,2,
2,2,2,2,2,4),(0.0349778368640662,0.0362135355971261,0.038537040740493,0.0414470467001514,
0.0511385833357557,0.0762676043752544,0.093704003250696,0.0985207702509588,
0.101513387350292,0.104292833760258,0.108004896028951,0.108198924822453),
 .UNSPECIFIED.);
#86=B_SPLINE_CURVE_WITH_KNOTS('',3,(#7211,#7212,#7213,#7214,#7215),
 .UNSPECIFIED.,.F.,.F.,(4,1,4),(-2.35467233646801,-2.00475715528957,-1.65408151325317),
 .UNSPECIFIED.);
#87=B_SPLINE_CURVE_WITH_KNOTS('',3,(#7219,#7220,#7221,#7222),
 .UNSPECIFIED.,.F.,.F.,(4,4),(0.284144142202437,0.330777965371527),
 .UNSPECIFIED.);
#88=B_SPLINE_CURVE_WITH_KNOTS('',3,(#7252,#7253,#7254,#7255,#7256,#7257,
#7258,#7259,#7260,#7261,#7262,#7263,#7264,#7265,#7266,#7267),
 .UNSPECIFIED.,.F.,.F.,(4,2,2,2,2,2,2,4),(0.137319482800168,0.153429517776258,
0.198669121959809,0.211087376724436,0.219211441529129,0.226146323782159,
0.233733254772201,0.241055994048226),.UNSPECIFIED.);
#89=B_SPLINE_CURVE_WITH_KNOTS('',3,(#7287,#7288,#7289,#7290,#7291,#7292,
#7293),.UNSPECIFIED.,.F.,.F.,(4,3,4),(0.,0.00377738429851798,0.00756651407346084),
 .UNSPECIFIED.);
#90=B_SPLINE_CURVE_WITH_KNOTS('',3,(#7294,#7295,#7296,#7297),
 .UNSPECIFIED.,.F.,.F.,(4,4),(-1.65408148497789,-1.5707963267949),
 .UNSPECIFIED.);
#91=B_SPLINE_CURVE_WITH_KNOTS('',3,(#7927,#7928,#7929,#7930,#7931,#7932,
#7933,#7934,#7935,#7936,#7937,#7938,#7939,#7940),.UNSPECIFIED.,.F.,.F.,
(4,2,2,2,2,2,4),(0.194171926375249,0.217472706378976,0.240773486382704,
0.2504390172977,0.260104548212696,0.270341012460287,0.280577476707878),
 .UNSPECIFIED.);
#92=B_SPLINE_CURVE_WITH_KNOTS('',3,(#8011,#8012,#8013,#8014,#8015,#8016,
#8017,#8018,#8019,#8020),.UNSPECIFIED.,.F.,.F.,(4,2,2,2,4),(1.43059844642802,
1.53043349522478,1.7475343965289,1.82613156943077,1.85380922578824),
 .UNSPECIFIED.);
#93=B_SPLINE_CURVE_WITH_KNOTS('',3,(#8022,#8023,#8024,#8025),
 .UNSPECIFIED.,.F.,.F.,(4,4),(0.672878652425405,0.719864712286886),
 .UNSPECIFIED.);
#94=B_SPLINE_CURVE_WITH_KNOTS('',3,(#8026,#8027,#8028,#8029,#8030,#8031),
 .UNSPECIFIED.,.F.,.F.,(4,1,1,4),(0.361582813426752,0.517644439403022,0.621685523387202,
0.725726607371382),.UNSPECIFIED.);
#95=B_SPLINE_CURVE_WITH_KNOTS('',3,(#8035,#8036,#8037,#8038,#8039,#8040),
 .UNSPECIFIED.,.F.,.F.,(4,2,4),(0.,0.000910437741819939,0.00113838994390157),
 .UNSPECIFIED.);
#96=B_SPLINE_CURVE_WITH_KNOTS('',3,(#8042,#8043,#8044,#8045,#8046,#8047,
#8048,#8049,#8050,#8051,#8052),.UNSPECIFIED.,.F.,.F.,(4,1,1,1,1,1,1,1,4),
(0.829320171493773,0.888898626489616,0.899099620797693,0.909300615105771,
0.929702603721926,0.970506580954235,1.05211453541886,1.17452646711578,1.29693839881271),
 .UNSPECIFIED.);
#97=B_SPLINE_CURVE_WITH_KNOTS('',3,(#8061,#8062,#8063,#8064,#8065,#8066,
#8067,#8068,#8069,#8070,#8071,#8072,#8073,#8074,#8075,#8076,#8077,#8078,
#8079),.UNSPECIFIED.,.F.,.F.,(4,2,2,2,3,2,2,2,4),(-0.243583422525123,-0.236548144767524,
-0.20800549961611,-0.104002749808055,0.,0.104002749808055,0.208005499616111,
0.236548144767524,0.243583422525123),.UNSPECIFIED.);
#98=B_SPLINE_CURVE_WITH_KNOTS('',3,(#8082,#8083,#8084,#8085,#8086,#8087,
#8088,#8089,#8090,#8091,#8092,#8093,#8094,#8095,#8096),.UNSPECIFIED.,.F.,
 .F.,(4,2,3,2,2,2,4),(1.03483023321359,1.12739869309022,1.23140144289827,
1.33540419270633,1.43940694251438,1.46794958766579,1.47498486542339),
 .UNSPECIFIED.);
#99=B_SPLINE_CURVE_WITH_KNOTS('',3,(#8304,#8305,#8306,#8307,#8308,#8309,
#8310),.UNSPECIFIED.,.F.,.F.,(4,1,1,1,4),(-1.25379785518325,-1.17452646711578,
-1.05211453541886,-0.970506580954235,-0.932835409856059),.UNSPECIFIED.);
#100=B_SPLINE_CURVE_WITH_KNOTS('',3,(#8312,#8313,#8314,#8315,#8316,#8317,
#8318,#8319,#8320,#8321,#8322,#8323,#8324,#8325,#8326,#8327,#8328,#8329,
#8330,#8331,#8332,#8333,#8334,#8335),.UNSPECIFIED.,.F.,.F.,(4,2,2,2,2,2,
2,2,2,2,2,4),(0.,0.022575946395815,0.117229004818036,0.130735805885602,
0.136171824409396,0.139883891078124,0.143544551314982,0.148725568109485,
0.160208366942466,0.186242516063358,0.243116858946482,0.281714378862408),
 .UNSPECIFIED.);
#101=B_SPLINE_CURVE_WITH_KNOTS('',3,(#8336,#8337,#8338,#8339,#8340,#8341,
#8342,#8343,#8344,#8345,#8346,#8347,#8348,#8349,#8350,#8351,#8352,#8353,
#8354,#8355),.UNSPECIFIED.,.F.,.F.,(4,2,2,2,2,2,2,2,2,4),(-0.12155038403057,
-0.120712572892963,-0.119633061153097,-0.11684043432784,-0.106449633178671,
-0.0714047130638149,-0.0468784798230274,-0.0325820641099997,-0.018961286967722,
0.),.UNSPECIFIED.);
#102=B_SPLINE_CURVE_WITH_KNOTS('',3,(#8357,#8358,#8359,#8360,#8361,#8362,
#8363,#8364,#8365,#8366,#8367,#8368,#8369,#8370,#8371,#8372,#8373,#8374,
#8375,#8376,#8377,#8378,#8379,#8380,#8381,#8382,#8383,#8384,#8385,#8386,
#8387,#8388,#8389,#8390,#8391,#8392,#8393,#8394,#8395,#8396),
 .UNSPECIFIED.,.F.,.F.,(4,3,3,3,3,3,3,3,3,3,3,3,3,4),(-0.13495724589477,
-0.134476266584708,-0.120415332301456,-0.106325696354307,-0.0972994635715367,
-0.0834170349849231,-0.070065825775136,-0.0659021718822586,-0.0609435821964955,
-0.0473575664802258,-0.0341844181533419,-0.0221278993644534,-0.00908765290347225,
0.),.UNSPECIFIED.);
#103=B_SPLINE_CURVE_WITH_KNOTS('',3,(#8397,#8398,#8399,#8400),
 .UNSPECIFIED.,.F.,.F.,(4,4),(-1.25956918369764,-1.25379785518325),
 .UNSPECIFIED.);
#104=B_SPLINE_CURVE_WITH_KNOTS('',3,(#8406,#8407,#8408,#8409,#8410,#8411),
 .UNSPECIFIED.,.F.,.F.,(4,2,4),(-0.116905867369349,-0.109911212947661,-0.0893172363315016),
 .UNSPECIFIED.);
#105=B_SPLINE_CURVE_WITH_KNOTS('',3,(#8431,#8432,#8433,#8434,#8435,#8436),
 .UNSPECIFIED.,.F.,.F.,(4,2,4),(-0.231084920741995,-0.210490944119389,-0.203496289697702),
 .UNSPECIFIED.);
#106=B_SPLINE_CURVE_WITH_KNOTS('',3,(#8438,#8439,#8440,#8441),
 .UNSPECIFIED.,.F.,.F.,(4,4),(0.398956330753288,0.40472899583935),
 .UNSPECIFIED.);
#107=B_SPLINE_CURVE_WITH_KNOTS('',3,(#8442,#8443,#8444,#8445,#8446,#8447),
 .UNSPECIFIED.,.F.,.F.,(4,1,1,4),(-0.725726607371382,-0.621685523387202,
-0.517644439403022,-0.404728995839349),.UNSPECIFIED.);
#108=B_SPLINE_CURVE_WITH_KNOTS('',3,(#8455,#8456,#8457,#8458,#8459,#8460,
#8461,#8462,#8463,#8464,#8465,#8466,#8467,#8468,#8469,#8470,#8471,#8472,
#8473,#8474,#8475,#8476,#8477,#8478,#8479,#8480,#8481,#8482,#8483,#8484,
#8485,#8486,#8487,#8488,#8489,#8490,#8491),.UNSPECIFIED.,.F.,.F.,(4,3,3,
3,3,3,3,3,3,3,3,3,4),(-0.000480910715649286,0.,0.0144203387711406,0.0288406775422811,
0.0430328479839263,0.0572250184255715,0.0686696588167675,0.0829967113126069,
0.0962728958505716,0.0973237638084463,0.110735382608661,0.123624759716691,
0.13477483328941),.UNSPECIFIED.);
#109=ELLIPSE('',#4961,1.56456088290161,1.);
#110=ELLIPSE('',#4962,1.41421356237309,1.);
#111=ELLIPSE('',#4982,1.4142135623731,1.);
#112=ELLIPSE('',#4989,0.707106781186547,0.5);
#113=ELLIPSE('',#4991,0.871723397810549,0.5);
#114=ELLIPSE('',#4999,0.707106781186547,0.5);
#115=ELLIPSE('',#5009,2.21262321975788,1.);
#116=ELLIPSE('',#5021,0.707106781186547,0.5);
#117=ELLIPSE('',#5057,1.4142135623731,1.);
#118=ELLIPSE('',#5143,0.524264562570406,0.5);
#119=ELLIPSE('',#5145,0.541196100146197,0.5);
#120=ELLIPSE('',#5148,0.541196100146197,0.5);
#121=ELLIPSE('',#5156,0.551688959481247,0.5);
#122=ELLIPSE('',#5157,1.10006286762648,0.5);
#123=ELLIPSE('',#5159,1.30656296487642,0.5);
#124=ELLIPSE('',#5160,1.30656296487642,0.5);
#125=ELLIPSE('',#5163,0.999999999999998,0.5);
#126=ELLIPSE('',#5164,0.541196100146193,0.5);
#127=ELLIPSE('',#5167,0.999999999999999,0.5);
#128=ELLIPSE('',#5169,1.30656296487634,0.5);
#129=ELLIPSE('',#5171,1.30656296487634,0.5);
#130=ELLIPSE('',#5174,1.,0.5);
#131=ELLIPSE('',#5183,12.0025205314028,1.);
#132=ELLIPSE('',#5202,1.30965220685239,1.);
#133=ELLIPSE('',#5205,0.707106781186547,0.5);
#134=ELLIPSE('',#5206,1.,0.5);
#135=ELLIPSE('',#5208,0.541196100150432,0.5);
#136=ELLIPSE('',#5209,0.541196100150432,0.5);
#137=ELLIPSE('',#5213,2.,1.);
#138=ELLIPSE('',#5215,0.999999999999998,0.5);
#139=ELLIPSE('',#5219,1.08239220029239,1.);
#140=ELLIPSE('',#5220,1.41421356237309,1.);
#141=ELLIPSE('',#5224,0.524264562570408,0.5);
#142=ELLIPSE('',#5225,0.541196100146202,0.5);
#143=ELLIPSE('',#5231,0.524264562570406,0.5);
#144=ELLIPSE('',#5254,1.00673771264713,1.);
#145=ELLIPSE('',#5256,1.08239220029239,1.);
#146=ELLIPSE('',#5261,1.4142135623731,1.);
#147=ELLIPSE('',#5273,1.13703420500996,1.);
#148=ELLIPSE('',#5295,1.54862260924998,1.);
#149=ELLIPSE('',#5305,1.10337791896249,1.);
#150=ELLIPSE('',#5336,0.707106781186548,0.5);
#151=ELLIPSE('',#5339,1.4142135623731,1.);
#152=(
BOUNDED_CURVE()
B_SPLINE_CURVE(2,(#7018,#7019,#7020),.UNSPECIFIED.,.F.,.F.)
B_SPLINE_CURVE_WITH_KNOTS((3,3),(0.,0.107079771593981),.UNSPECIFIED.)
CURVE()
GEOMETRIC_REPRESENTATION_ITEM()
RATIONAL_B_SPLINE_CURVE((1.,1.09544511501037,1.))
REPRESENTATION_ITEM('')
);
#153=(
BOUNDED_CURVE()
B_SPLINE_CURVE(2,(#7101,#7102,#7103),.UNSPECIFIED.,.F.,.F.)
B_SPLINE_CURVE_WITH_KNOTS((3,3),(0.363484178424715,0.426731526734407),
 .UNSPECIFIED.)
CURVE()
GEOMETRIC_REPRESENTATION_ITEM()
RATIONAL_B_SPLINE_CURVE((1.,1.,1.))
REPRESENTATION_ITEM('')
);
#154=(
BOUNDED_CURVE()
B_SPLINE_CURVE(2,(#7107,#7108,#7109),.UNSPECIFIED.,.F.,.F.)
B_SPLINE_CURVE_WITH_KNOTS((3,3),(1.0008359027458,1.03850507441169),
 .UNSPECIFIED.)
CURVE()
GEOMETRIC_REPRESENTATION_ITEM()
RATIONAL_B_SPLINE_CURVE((1.,1.,1.))
REPRESENTATION_ITEM('')
);
#155=(
BOUNDED_CURVE()
B_SPLINE_CURVE(2,(#7113,#7114,#7115),.UNSPECIFIED.,.F.,.F.)
B_SPLINE_CURVE_WITH_KNOTS((3,3),(-0.571218469191611,-0.429876134881807),
 .UNSPECIFIED.)
CURVE()
GEOMETRIC_REPRESENTATION_ITEM()
RATIONAL_B_SPLINE_CURVE((1.96796307151963,1.90828474305213,1.81887496004342))
REPRESENTATION_ITEM('')
);
#156=(
BOUNDED_CURVE()
B_SPLINE_CURVE(2,(#7117,#7118,#7119),.UNSPECIFIED.,.F.,.F.)
B_SPLINE_CURVE_WITH_KNOTS((3,3),(-1.27997833375662,-1.13863599944398),
 .UNSPECIFIED.)
CURVE()
GEOMETRIC_REPRESENTATION_ITEM()
RATIONAL_B_SPLINE_CURVE((1.81887496004088,1.9082847430518,1.96796307152031))
REPRESENTATION_ITEM('')
);
#157=(
BOUNDED_CURVE()
B_SPLINE_CURVE(2,(#7121,#7122,#7123),.UNSPECIFIED.,.F.,.F.)
B_SPLINE_CURVE_WITH_KNOTS((3,3),(0.571218469192451,1.13863599944398),
 .UNSPECIFIED.)
CURVE()
GEOMETRIC_REPRESENTATION_ITEM()
RATIONAL_B_SPLINE_CURVE((1.96796307152031,2.20754118457344,1.96796307152031))
REPRESENTATION_ITEM('')
);
#158=(
BOUNDED_CURVE()
B_SPLINE_CURVE(2,(#7158,#7159,#7160),.UNSPECIFIED.,.F.,.F.)
B_SPLINE_CURVE_WITH_KNOTS((3,3),(0.614541340265389,0.695863563673156),
 .UNSPECIFIED.)
CURVE()
GEOMETRIC_REPRESENTATION_ITEM()
RATIONAL_B_SPLINE_CURVE((1.38185160123347,1.34574630217885,1.29339869294606))
REPRESENTATION_ITEM('')
);
#159=(
BOUNDED_CURVE()
B_SPLINE_CURVE(2,(#7161,#7162,#7163),.UNSPECIFIED.,.F.,.F.)
B_SPLINE_CURVE_WITH_KNOTS((3,3),(0.57121846919245,1.13242569141035),
 .UNSPECIFIED.)
CURVE()
GEOMETRIC_REPRESENTATION_ITEM()
RATIONAL_B_SPLINE_CURVE((1.96796307152034,2.20491903456779,1.97314997337824))
REPRESENTATION_ITEM('')
);
#160=(
BOUNDED_CURVE()
B_SPLINE_CURVE(2,(#7868,#7869,#7870),.UNSPECIFIED.,.F.,.F.)
B_SPLINE_CURVE_WITH_KNOTS((3,3),(0.474671536368636,0.506518299899103),
 .UNSPECIFIED.)
CURVE()
GEOMETRIC_REPRESENTATION_ITEM()
RATIONAL_B_SPLINE_CURVE((1.32092526526313,1.3257132374401,1.32969907916479))
REPRESENTATION_ITEM('')
);
#161=(
BOUNDED_CURVE()
B_SPLINE_CURVE(2,(#8182,#8183,#8184),.UNSPECIFIED.,.F.,.F.)
B_SPLINE_CURVE_WITH_KNOTS((3,3),(0.918042037442647,1.70254974507875),
 .UNSPECIFIED.)
CURVE()
GEOMETRIC_REPRESENTATION_ITEM()
RATIONAL_B_SPLINE_CURVE((2.62014090146261,2.93911457641874,2.62014090147755))
REPRESENTATION_ITEM('')
);
#162=(
BOUNDED_CURVE()
B_SPLINE_CURVE(2,(#8186,#8187,#8188),.UNSPECIFIED.,.F.,.F.)
B_SPLINE_CURVE_WITH_KNOTS((3,3),(0.918042037442656,1.7025497450788),
 .UNSPECIFIED.)
CURVE()
GEOMETRIC_REPRESENTATION_ITEM()
RATIONAL_B_SPLINE_CURVE((2.62014090146263,2.93911457641879,2.62014090147754))
REPRESENTATION_ITEM('')
);
#163=(
BOUNDED_CURVE()
B_SPLINE_CURVE(2,(#8419,#8420,#8421),.UNSPECIFIED.,.F.,.F.)
B_SPLINE_CURVE_WITH_KNOTS((3,3),(0.,0.00980560901448151),.UNSPECIFIED.)
CURVE()
GEOMETRIC_REPRESENTATION_ITEM()
RATIONAL_B_SPLINE_CURVE((1.,1.00359822855188,1.00705588697488))
REPRESENTATION_ITEM('')
);
#164=(
BOUNDED_CURVE()
B_SPLINE_CURVE(2,(#8425,#8426,#8427),.UNSPECIFIED.,.F.,.F.)
B_SPLINE_CURVE_WITH_KNOTS((3,3),(0.,0.501996015929911),.UNSPECIFIED.)
CURVE()
GEOMETRIC_REPRESENTATION_ITEM()
RATIONAL_B_SPLINE_CURVE((1.,1.1842105263218,1.))
REPRESENTATION_ITEM('')
);
#165=(
BOUNDED_CURVE()
B_SPLINE_CURVE(2,(#8554,#8555,#8556),.UNSPECIFIED.,.F.,.F.)
B_SPLINE_CURVE_WITH_KNOTS((3,3),(0.,0.501996015923952),.UNSPECIFIED.)
CURVE()
GEOMETRIC_REPRESENTATION_ITEM()
RATIONAL_B_SPLINE_CURVE((1.,1.18421052631802,1.))
REPRESENTATION_ITEM('')
);
#166=(
BOUNDED_CURVE()
B_SPLINE_CURVE(2,(#8625,#8626,#8627),.UNSPECIFIED.,.F.,.F.)
B_SPLINE_CURVE_WITH_KNOTS((3,3),(0.,0.872897473938215),.UNSPECIFIED.)
CURVE()
GEOMETRIC_REPRESENTATION_ITEM()
RATIONAL_B_SPLINE_CURVE((1.,1.,1.))
REPRESENTATION_ITEM('')
);
#167=CONICAL_SURFACE('',#4940,1.2,0.785398163397454);
#168=CONICAL_SURFACE('',#4944,1.2,0.785398163397445);
#169=CONICAL_SURFACE('',#4948,1.2,0.785398163397446);
#170=CONICAL_SURFACE('',#4969,1.2,0.78539816339745);
#171=CONICAL_SURFACE('',#4972,0.800000000000002,0.785398163397443);
#172=CONICAL_SURFACE('',#4975,0.800000000000001,0.785398163397445);
#173=CONICAL_SURFACE('',#4978,0.799999999999999,0.785398163397451);
#174=CONICAL_SURFACE('',#4983,0.800000000000001,0.785398163397447);
#175=CONICAL_SURFACE('',#4986,0.8,0.785398163397448);
#176=CONICAL_SURFACE('',#5000,0.7,0.785398163397449);
#177=CONICAL_SURFACE('',#5003,0.3,0.785398163397449);
#178=CONICAL_SURFACE('',#5006,1.2,0.785398163397447);
#179=CONICAL_SURFACE('',#5022,0.799999999999999,0.785398163397452);
#180=CONICAL_SURFACE('',#5026,1.2,0.785398163397448);
#181=CONICAL_SURFACE('',#5030,1.2,0.785398163397452);
#182=CONICAL_SURFACE('',#5034,0.8,0.785398163397449);
#183=CONICAL_SURFACE('',#5038,1.2,0.78539816339745);
#184=CONICAL_SURFACE('',#5041,0.800000000000001,0.78539816339745);
#185=CONICAL_SURFACE('',#5045,1.2,0.785398163397448);
#186=CONICAL_SURFACE('',#5049,1.2,0.785398163397449);
#187=CONICAL_SURFACE('',#5053,0.8,0.785398163397449);
#188=CONICAL_SURFACE('',#5086,0.7,0.785398163397448);
#189=CONICAL_SURFACE('',#5090,0.8,0.785398163397449);
#190=CONICAL_SURFACE('',#5094,0.799999999999999,0.785398163397452);
#191=CONICAL_SURFACE('',#5097,1.2,0.785398163397448);
#192=CONICAL_SURFACE('',#5100,1.2,0.785398163397452);
#193=CONICAL_SURFACE('',#5103,0.8,0.785398163397449);
#194=CONICAL_SURFACE('',#5106,1.2,0.78539816339745);
#195=CONICAL_SURFACE('',#5108,0.800000000000001,0.78539816339745);
#196=CONICAL_SURFACE('',#5111,1.2,0.785398163397448);
#197=CONICAL_SURFACE('',#5114,1.2,0.785398163397449);
#198=CONICAL_SURFACE('',#5117,0.8,0.785398163397449);
#199=CONICAL_SURFACE('',#5120,0.8,0.785398163397447);
#200=CONICAL_SURFACE('',#5124,0.800000000000001,0.785398163397446);
#201=CONICAL_SURFACE('',#5127,0.8,0.785398163397448);
#202=CONICAL_SURFACE('',#5130,0.3,0.785398163397449);
#203=CONICAL_SURFACE('',#5134,0.3,0.785398163397238);
#204=CONICAL_SURFACE('',#5138,0.300000000000001,0.785398163397236);
#205=CONICAL_SURFACE('',#5177,0.749999999999998,0.785398163397444);
#206=CONICAL_SURFACE('',#5184,0.750000000000001,0.785398163397448);
#207=CONICAL_SURFACE('',#5188,0.500000000000002,0.785398163397451);
#208=CONICAL_SURFACE('',#5190,0.500000000000002,0.785398163397451);
#209=CONICAL_SURFACE('',#5216,0.499999999999999,0.785398163397449);
#210=CONICAL_SURFACE('',#5239,2.04,0.785398163397455);
#211=CONICAL_SURFACE('',#5299,3.5,0.785398163397475);
#212=CONICAL_SURFACE('',#5318,2.04,0.785398163397455);
#213=CONICAL_SURFACE('',#5325,2.04,0.785398163397444);
#214=CONICAL_SURFACE('',#5327,2.04,0.785398163397444);
#215=CONICAL_SURFACE('',#5350,3.5,0.785398163397451);
#216=CONICAL_SURFACE('',#5352,3.5,0.785398163397451);
#217=CIRCLE('',#4939,2.5);
#218=CIRCLE('',#4941,1.4);
#219=CIRCLE('',#4942,1.);
#220=CIRCLE('',#4945,1.);
#221=CIRCLE('',#4946,1.4);
#222=CIRCLE('',#4949,1.);
#223=CIRCLE('',#4950,1.4);
#224=CIRCLE('',#4953,1.);
#225=CIRCLE('',#4954,0.600000000000002);
#226=CIRCLE('',#4955,0.6);
#227=CIRCLE('',#4956,0.5);
#228=CIRCLE('',#4957,0.5);
#229=CIRCLE('',#4958,0.9);
#230=CIRCLE('',#4959,0.0999999999999998);
#231=CIRCLE('',#4960,1.4);
#232=CIRCLE('',#4965,0.599999999999998);
#233=CIRCLE('',#4966,0.600000000000002);
#234=CIRCLE('',#4967,0.600000000000004);
#235=CIRCLE('',#4968,1.4);
#236=CIRCLE('',#4970,1.);
#237=CIRCLE('',#4973,1.);
#238=CIRCLE('',#4976,1.);
#239=CIRCLE('',#4979,1.);
#240=CIRCLE('',#4984,1.);
#241=CIRCLE('',#4987,1.);
#242=CIRCLE('',#4993,1.);
#243=CIRCLE('',#4996,1.);
#244=CIRCLE('',#5001,0.5);
#245=CIRCLE('',#5004,0.5);
#246=CIRCLE('',#5007,1.);
#247=CIRCLE('',#5012,1.);
#248=CIRCLE('',#5015,0.5);
#249=CIRCLE('',#5018,0.5);
#250=CIRCLE('',#5023,1.);
#251=CIRCLE('',#5024,0.599999999999997);
#252=CIRCLE('',#5027,1.);
#253=CIRCLE('',#5028,1.4);
#254=CIRCLE('',#5031,1.);
#255=CIRCLE('',#5032,1.4);
#256=CIRCLE('',#5035,1.);
#257=CIRCLE('',#5036,0.6);
#258=CIRCLE('',#5039,1.);
#259=CIRCLE('',#5040,1.4);
#260=CIRCLE('',#5042,1.);
#261=CIRCLE('',#5043,0.6);
#262=CIRCLE('',#5046,1.);
#263=CIRCLE('',#5047,1.4);
#264=CIRCLE('',#5050,1.);
#265=CIRCLE('',#5051,1.4);
#266=CIRCLE('',#5054,1.);
#267=CIRCLE('',#5055,0.599999999999999);
#268=CIRCLE('',#5060,1.);
#269=CIRCLE('',#5063,1.);
#270=CIRCLE('',#5066,1.);
#271=CIRCLE('',#5069,1.);
#272=CIRCLE('',#5071,1.);
#273=CIRCLE('',#5074,1.);
#274=CIRCLE('',#5077,1.);
#275=CIRCLE('',#5080,1.);
#276=CIRCLE('',#5083,1.);
#277=CIRCLE('',#5087,0.5);
#278=CIRCLE('',#5088,0.9);
#279=CIRCLE('',#5091,1.);
#280=CIRCLE('',#5092,0.6);
#281=CIRCLE('',#5095,0.599999999999997);
#282=CIRCLE('',#5098,1.4);
#283=CIRCLE('',#5101,1.4);
#284=CIRCLE('',#5104,0.6);
#285=CIRCLE('',#5107,1.4);
#286=CIRCLE('',#5109,0.6);
#287=CIRCLE('',#5112,1.4);
#288=CIRCLE('',#5115,1.4);
#289=CIRCLE('',#5118,0.599999999999999);
#290=CIRCLE('',#5121,1.);
#291=CIRCLE('',#5122,0.600000000000001);
#292=CIRCLE('',#5125,0.600000000000002);
#293=CIRCLE('',#5128,0.6);
#294=CIRCLE('',#5131,0.5);
#295=CIRCLE('',#5132,0.1);
#296=CIRCLE('',#5135,0.5);
#297=CIRCLE('',#5136,0.0999999999999998);
#298=CIRCLE('',#5139,0.5);
#299=CIRCLE('',#5140,0.100000000000002);
#300=CIRCLE('',#5150,1.);
#301=CIRCLE('',#5151,1.);
#302=CIRCLE('',#5152,1.);
#303=CIRCLE('',#5153,1.);
#304=CIRCLE('',#5154,3.5);
#305=CIRCLE('',#5178,0.5);
#306=CIRCLE('',#5179,0.999999999999996);
#307=CIRCLE('',#5185,1.);
#308=CIRCLE('',#5186,0.500000000000001);
#309=CIRCLE('',#5189,0.500000000000002);
#310=CIRCLE('',#5191,0.500000000000002);
#311=CIRCLE('',#5193,0.5);
#312=CIRCLE('',#5196,0.5);
#313=CIRCLE('',#5199,0.5);
#314=CIRCLE('',#5217,0.499999999999999);
#315=CIRCLE('',#5238,1.);
#316=CIRCLE('',#5240,2.58);
#317=CIRCLE('',#5241,1.5);
#318=CIRCLE('',#5242,2.58);
#319=CIRCLE('',#5244,2.58);
#320=CIRCLE('',#5245,2.58);
#321=CIRCLE('',#5246,2.58);
#322=CIRCLE('',#5247,2.58);
#323=CIRCLE('',#5249,0.999999999999995);
#324=CIRCLE('',#5250,2.58);
#325=CIRCLE('',#5251,0.999999999999974);
#326=CIRCLE('',#5252,1.58);
#327=CIRCLE('',#5258,0.999999999999998);
#328=CIRCLE('',#5263,1.);
#329=CIRCLE('',#5266,1.);
#330=CIRCLE('',#5268,1.);
#331=CIRCLE('',#5275,1.);
#332=CIRCLE('',#5276,0.999999999999994);
#333=CIRCLE('',#5278,0.999999999999991);
#334=CIRCLE('',#5279,1.);
#335=CIRCLE('',#5282,1.);
#336=CIRCLE('',#5285,1.);
#337=CIRCLE('',#5288,1.);
#338=CIRCLE('',#5291,1.);
#339=CIRCLE('',#5297,2.5);
#340=CIRCLE('',#5298,2.5);
#341=CIRCLE('',#5300,4.5);
#342=CIRCLE('',#5301,4.5);
#343=CIRCLE('',#5302,4.5);
#344=CIRCLE('',#5306,0.999999999999992);
#345=CIRCLE('',#5309,3.5);
#346=CIRCLE('',#5311,1.);
#347=CIRCLE('',#5313,2.58);
#348=CIRCLE('',#5317,2.58);
#349=CIRCLE('',#5319,2.58);
#350=CIRCLE('',#5320,1.5);
#351=CIRCLE('',#5323,2.58);
#352=CIRCLE('',#5326,1.5);
#353=CIRCLE('',#5328,1.5);
#354=CIRCLE('',#5341,4.5);
#355=CIRCLE('',#5342,4.5);
#356=CIRCLE('',#5343,4.5);
#357=CIRCLE('',#5344,4.5);
#358=CIRCLE('',#5351,2.5);
#359=CIRCLE('',#5353,2.5);
#360=FACE_BOUND('',#677,.T.);
#361=FACE_BOUND('',#678,.T.);
#362=FACE_BOUND('',#684,.T.);
#363=FACE_BOUND('',#710,.T.);
#364=FACE_BOUND('',#829,.T.);
#365=FACE_BOUND('',#830,.T.);
#366=FACE_BOUND('',#921,.T.);
#367=FACE_BOUND('',#922,.T.);
#368=FACE_OUTER_BOUND('',#656,.T.);
#369=FACE_OUTER_BOUND('',#657,.T.);
#370=FACE_OUTER_BOUND('',#658,.T.);
#371=FACE_OUTER_BOUND('',#659,.T.);
#372=FACE_OUTER_BOUND('',#660,.T.);
#373=FACE_OUTER_BOUND('',#661,.T.);
#374=FACE_OUTER_BOUND('',#662,.T.);
#375=FACE_OUTER_BOUND('',#663,.T.);
#376=FACE_OUTER_BOUND('',#664,.T.);
#377=FACE_OUTER_BOUND('',#665,.T.);
#378=FACE_OUTER_BOUND('',#666,.T.);
#379=FACE_OUTER_BOUND('',#667,.T.);
#380=FACE_OUTER_BOUND('',#668,.T.);
#381=FACE_OUTER_BOUND('',#669,.T.);
#382=FACE_OUTER_BOUND('',#670,.T.);
#383=FACE_OUTER_BOUND('',#671,.T.);
#384=FACE_OUTER_BOUND('',#672,.T.);
#385=FACE_OUTER_BOUND('',#673,.T.);
#386=FACE_OUTER_BOUND('',#674,.T.);
#387=FACE_OUTER_BOUND('',#675,.T.);
#388=FACE_OUTER_BOUND('',#676,.T.);
#389=FACE_OUTER_BOUND('',#679,.T.);
#390=FACE_OUTER_BOUND('',#680,.T.);
#391=FACE_OUTER_BOUND('',#681,.T.);
#392=FACE_OUTER_BOUND('',#682,.T.);
#393=FACE_OUTER_BOUND('',#683,.T.);
#394=FACE_OUTER_BOUND('',#685,.T.);
#395=FACE_OUTER_BOUND('',#686,.T.);
#396=FACE_OUTER_BOUND('',#687,.T.);
#397=FACE_OUTER_BOUND('',#688,.T.);
#398=FACE_OUTER_BOUND('',#689,.T.);
#399=FACE_OUTER_BOUND('',#690,.T.);
#400=FACE_OUTER_BOUND('',#691,.T.);
#401=FACE_OUTER_BOUND('',#692,.T.);
#402=FACE_OUTER_BOUND('',#693,.T.);
#403=FACE_OUTER_BOUND('',#694,.T.);
#404=FACE_OUTER_BOUND('',#695,.T.);
#405=FACE_OUTER_BOUND('',#696,.T.);
#406=FACE_OUTER_BOUND('',#697,.T.);
#407=FACE_OUTER_BOUND('',#698,.T.);
#408=FACE_OUTER_BOUND('',#699,.T.);
#409=FACE_OUTER_BOUND('',#700,.T.);
#410=FACE_OUTER_BOUND('',#701,.T.);
#411=FACE_OUTER_BOUND('',#702,.T.);
#412=FACE_OUTER_BOUND('',#703,.T.);
#413=FACE_OUTER_BOUND('',#704,.T.);
#414=FACE_OUTER_BOUND('',#705,.T.);
#415=FACE_OUTER_BOUND('',#706,.T.);
#416=FACE_OUTER_BOUND('',#707,.T.);
#417=FACE_OUTER_BOUND('',#708,.T.);
#418=FACE_OUTER_BOUND('',#709,.T.);
#419=FACE_OUTER_BOUND('',#711,.T.);
#420=FACE_OUTER_BOUND('',#712,.T.);
#421=FACE_OUTER_BOUND('',#713,.T.);
#422=FACE_OUTER_BOUND('',#714,.T.);
#423=FACE_OUTER_BOUND('',#715,.T.);
#424=FACE_OUTER_BOUND('',#716,.T.);
#425=FACE_OUTER_BOUND('',#717,.T.);
#426=FACE_OUTER_BOUND('',#718,.T.);
#427=FACE_OUTER_BOUND('',#719,.T.);
#428=FACE_OUTER_BOUND('',#720,.T.);
#429=FACE_OUTER_BOUND('',#721,.T.);
#430=FACE_OUTER_BOUND('',#722,.T.);
#431=FACE_OUTER_BOUND('',#723,.T.);
#432=FACE_OUTER_BOUND('',#724,.T.);
#433=FACE_OUTER_BOUND('',#725,.T.);
#434=FACE_OUTER_BOUND('',#726,.T.);
#435=FACE_OUTER_BOUND('',#727,.T.);
#436=FACE_OUTER_BOUND('',#728,.T.);
#437=FACE_OUTER_BOUND('',#729,.T.);
#438=FACE_OUTER_BOUND('',#730,.T.);
#439=FACE_OUTER_BOUND('',#731,.T.);
#440=FACE_OUTER_BOUND('',#732,.T.);
#441=FACE_OUTER_BOUND('',#733,.T.);
#442=FACE_OUTER_BOUND('',#734,.T.);
#443=FACE_OUTER_BOUND('',#735,.T.);
#444=FACE_OUTER_BOUND('',#736,.T.);
#445=FACE_OUTER_BOUND('',#737,.T.);
#446=FACE_OUTER_BOUND('',#738,.T.);
#447=FACE_OUTER_BOUND('',#739,.T.);
#448=FACE_OUTER_BOUND('',#740,.T.);
#449=FACE_OUTER_BOUND('',#741,.T.);
#450=FACE_OUTER_BOUND('',#742,.T.);
#451=FACE_OUTER_BOUND('',#743,.T.);
#452=FACE_OUTER_BOUND('',#744,.T.);
#453=FACE_OUTER_BOUND('',#745,.T.);
#454=FACE_OUTER_BOUND('',#746,.T.);
#455=FACE_OUTER_BOUND('',#747,.T.);
#456=FACE_OUTER_BOUND('',#748,.T.);
#457=FACE_OUTER_BOUND('',#749,.T.);
#458=FACE_OUTER_BOUND('',#750,.T.);
#459=FACE_OUTER_BOUND('',#751,.T.);
#460=FACE_OUTER_BOUND('',#752,.T.);
#461=FACE_OUTER_BOUND('',#753,.T.);
#462=FACE_OUTER_BOUND('',#754,.T.);
#463=FACE_OUTER_BOUND('',#755,.T.);
#464=FACE_OUTER_BOUND('',#756,.T.);
#465=FACE_OUTER_BOUND('',#757,.T.);
#466=FACE_OUTER_BOUND('',#758,.T.);
#467=FACE_OUTER_BOUND('',#759,.T.);
#468=FACE_OUTER_BOUND('',#760,.T.);
#469=FACE_OUTER_BOUND('',#761,.T.);
#470=FACE_OUTER_BOUND('',#762,.T.);
#471=FACE_OUTER_BOUND('',#763,.T.);
#472=FACE_OUTER_BOUND('',#764,.T.);
#473=FACE_OUTER_BOUND('',#765,.T.);
#474=FACE_OUTER_BOUND('',#766,.T.);
#475=FACE_OUTER_BOUND('',#767,.T.);
#476=FACE_OUTER_BOUND('',#768,.T.);
#477=FACE_OUTER_BOUND('',#769,.T.);
#478=FACE_OUTER_BOUND('',#770,.T.);
#479=FACE_OUTER_BOUND('',#771,.T.);
#480=FACE_OUTER_BOUND('',#772,.T.);
#481=FACE_OUTER_BOUND('',#773,.T.);
#482=FACE_OUTER_BOUND('',#774,.T.);
#483=FACE_OUTER_BOUND('',#775,.T.);
#484=FACE_OUTER_BOUND('',#776,.T.);
#485=FACE_OUTER_BOUND('',#777,.T.);
#486=FACE_OUTER_BOUND('',#778,.T.);
#487=FACE_OUTER_BOUND('',#779,.T.);
#488=FACE_OUTER_BOUND('',#780,.T.);
#489=FACE_OUTER_BOUND('',#781,.T.);
#490=FACE_OUTER_BOUND('',#782,.T.);
#491=FACE_OUTER_BOUND('',#783,.T.);
#492=FACE_OUTER_BOUND('',#784,.T.);
#493=FACE_OUTER_BOUND('',#785,.T.);
#494=FACE_OUTER_BOUND('',#786,.T.);
#495=FACE_OUTER_BOUND('',#787,.T.);
#496=FACE_OUTER_BOUND('',#788,.T.);
#497=FACE_OUTER_BOUND('',#789,.T.);
#498=FACE_OUTER_BOUND('',#790,.T.);
#499=FACE_OUTER_BOUND('',#791,.T.);
#500=FACE_OUTER_BOUND('',#792,.T.);
#501=FACE_OUTER_BOUND('',#793,.T.);
#502=FACE_OUTER_BOUND('',#794,.T.);
#503=FACE_OUTER_BOUND('',#795,.T.);
#504=FACE_OUTER_BOUND('',#796,.T.);
#505=FACE_OUTER_BOUND('',#797,.T.);
#506=FACE_OUTER_BOUND('',#798,.T.);
#507=FACE_OUTER_BOUND('',#799,.T.);
#508=FACE_OUTER_BOUND('',#800,.T.);
#509=FACE_OUTER_BOUND('',#801,.T.);
#510=FACE_OUTER_BOUND('',#802,.T.);
#511=FACE_OUTER_BOUND('',#803,.T.);
#512=FACE_OUTER_BOUND('',#804,.T.);
#513=FACE_OUTER_BOUND('',#805,.T.);
#514=FACE_OUTER_BOUND('',#806,.T.);
#515=FACE_OUTER_BOUND('',#807,.T.);
#516=FACE_OUTER_BOUND('',#808,.T.);
#517=FACE_OUTER_BOUND('',#809,.T.);
#518=FACE_OUTER_BOUND('',#810,.T.);
#519=FACE_OUTER_BOUND('',#811,.T.);
#520=FACE_OUTER_BOUND('',#812,.T.);
#521=FACE_OUTER_BOUND('',#813,.T.);
#522=FACE_OUTER_BOUND('',#814,.T.);
#523=FACE_OUTER_BOUND('',#815,.T.);
#524=FACE_OUTER_BOUND('',#816,.T.);
#525=FACE_OUTER_BOUND('',#817,.T.);
#526=FACE_OUTER_BOUND('',#818,.T.);
#527=FACE_OUTER_BOUND('',#819,.T.);
#528=FACE_OUTER_BOUND('',#820,.T.);
#529=FACE_OUTER_BOUND('',#821,.T.);
#530=FACE_OUTER_BOUND('',#822,.T.);
#531=FACE_OUTER_BOUND('',#823,.T.);
#532=FACE_OUTER_BOUND('',#824,.T.);
#533=FACE_OUTER_BOUND('',#825,.T.);
#534=FACE_OUTER_BOUND('',#826,.T.);
#535=FACE_OUTER_BOUND('',#827,.T.);
#536=FACE_OUTER_BOUND('',#828,.T.);
#537=FACE_OUTER_BOUND('',#831,.T.);
#538=FACE_OUTER_BOUND('',#832,.T.);
#539=FACE_OUTER_BOUND('',#833,.T.);
#540=FACE_OUTER_BOUND('',#834,.T.);
#541=FACE_OUTER_BOUND('',#835,.T.);
#542=FACE_OUTER_BOUND('',#836,.T.);
#543=FACE_OUTER_BOUND('',#837,.T.);
#544=FACE_OUTER_BOUND('',#838,.T.);
#545=FACE_OUTER_BOUND('',#839,.T.);
#546=FACE_OUTER_BOUND('',#840,.T.);
#547=FACE_OUTER_BOUND('',#841,.T.);
#548=FACE_OUTER_BOUND('',#842,.T.);
#549=FACE_OUTER_BOUND('',#843,.T.);
#550=FACE_OUTER_BOUND('',#844,.T.);
#551=FACE_OUTER_BOUND('',#845,.T.);
#552=FACE_OUTER_BOUND('',#846,.T.);
#553=FACE_OUTER_BOUND('',#847,.T.);
#554=FACE_OUTER_BOUND('',#848,.T.);
#555=FACE_OUTER_BOUND('',#849,.T.);
#556=FACE_OUTER_BOUND('',#850,.T.);
#557=FACE_OUTER_BOUND('',#851,.T.);
#558=FACE_OUTER_BOUND('',#852,.T.);
#559=FACE_OUTER_BOUND('',#853,.T.);
#560=FACE_OUTER_BOUND('',#854,.T.);
#561=FACE_OUTER_BOUND('',#855,.T.);
#562=FACE_OUTER_BOUND('',#856,.T.);
#563=FACE_OUTER_BOUND('',#857,.T.);
#564=FACE_OUTER_BOUND('',#858,.T.);
#565=FACE_OUTER_BOUND('',#859,.T.);
#566=FACE_OUTER_BOUND('',#860,.T.);
#567=FACE_OUTER_BOUND('',#861,.T.);
#568=FACE_OUTER_BOUND('',#862,.T.);
#569=FACE_OUTER_BOUND('',#863,.T.);
#570=FACE_OUTER_BOUND('',#864,.T.);
#571=FACE_OUTER_BOUND('',#865,.T.);
#572=FACE_OUTER_BOUND('',#866,.T.);
#573=FACE_OUTER_BOUND('',#867,.T.);
#574=FACE_OUTER_BOUND('',#868,.T.);
#575=FACE_OUTER_BOUND('',#869,.T.);
#576=FACE_OUTER_BOUND('',#870,.T.);
#577=FACE_OUTER_BOUND('',#871,.T.);
#578=FACE_OUTER_BOUND('',#872,.T.);
#579=FACE_OUTER_BOUND('',#873,.T.);
#580=FACE_OUTER_BOUND('',#874,.T.);
#581=FACE_OUTER_BOUND('',#875,.T.);
#582=FACE_OUTER_BOUND('',#876,.T.);
#583=FACE_OUTER_BOUND('',#877,.T.);
#584=FACE_OUTER_BOUND('',#878,.T.);
#585=FACE_OUTER_BOUND('',#879,.T.);
#586=FACE_OUTER_BOUND('',#880,.T.);
#587=FACE_OUTER_BOUND('',#881,.T.);
#588=FACE_OUTER_BOUND('',#882,.T.);
#589=FACE_OUTER_BOUND('',#883,.T.);
#590=FACE_OUTER_BOUND('',#884,.T.);
#591=FACE_OUTER_BOUND('',#885,.T.);
#592=FACE_OUTER_BOUND('',#886,.T.);
#593=FACE_OUTER_BOUND('',#887,.T.);
#594=FACE_OUTER_BOUND('',#888,.T.);
#595=FACE_OUTER_BOUND('',#889,.T.);
#596=FACE_OUTER_BOUND('',#890,.T.);
#597=FACE_OUTER_BOUND('',#891,.T.);
#598=FACE_OUTER_BOUND('',#892,.T.);
#599=FACE_OUTER_BOUND('',#893,.T.);
#600=FACE_OUTER_BOUND('',#894,.T.);
#601=FACE_OUTER_BOUND('',#895,.T.);
#602=FACE_OUTER_BOUND('',#896,.T.);
#603=FACE_OUTER_BOUND('',#897,.T.);
#604=FACE_OUTER_BOUND('',#898,.T.);
#605=FACE_OUTER_BOUND('',#899,.T.);
#606=FACE_OUTER_BOUND('',#900,.T.);
#607=FACE_OUTER_BOUND('',#901,.T.);
#608=FACE_OUTER_BOUND('',#902,.T.);
#609=FACE_OUTER_BOUND('',#903,.T.);
#610=FACE_OUTER_BOUND('',#904,.T.);
#611=FACE_OUTER_BOUND('',#905,.T.);
#612=FACE_OUTER_BOUND('',#906,.T.);
#613=FACE_OUTER_BOUND('',#907,.T.);
#614=FACE_OUTER_BOUND('',#908,.T.);
#615=FACE_OUTER_BOUND('',#909,.T.);
#616=FACE_OUTER_BOUND('',#910,.T.);
#617=FACE_OUTER_BOUND('',#911,.T.);
#618=FACE_OUTER_BOUND('',#912,.T.);
#619=FACE_OUTER_BOUND('',#913,.T.);
#620=FACE_OUTER_BOUND('',#914,.T.);
#621=FACE_OUTER_BOUND('',#915,.T.);
#622=FACE_OUTER_BOUND('',#916,.T.);
#623=FACE_OUTER_BOUND('',#917,.T.);
#624=FACE_OUTER_BOUND('',#918,.T.);
#625=FACE_OUTER_BOUND('',#919,.T.);
#626=FACE_OUTER_BOUND('',#920,.T.);
#627=FACE_OUTER_BOUND('',#923,.T.);
#628=FACE_OUTER_BOUND('',#924,.T.);
#629=FACE_OUTER_BOUND('',#925,.T.);
#630=FACE_OUTER_BOUND('',#926,.T.);
#631=FACE_OUTER_BOUND('',#927,.T.);
#632=FACE_OUTER_BOUND('',#928,.T.);
#633=FACE_OUTER_BOUND('',#929,.T.);
#634=FACE_OUTER_BOUND('',#930,.T.);
#635=FACE_OUTER_BOUND('',#931,.T.);
#636=FACE_OUTER_BOUND('',#932,.T.);
#637=FACE_OUTER_BOUND('',#933,.T.);
#638=FACE_OUTER_BOUND('',#934,.T.);
#639=FACE_OUTER_BOUND('',#935,.T.);
#640=FACE_OUTER_BOUND('',#936,.T.);
#641=FACE_OUTER_BOUND('',#937,.T.);
#642=FACE_OUTER_BOUND('',#938,.T.);
#643=FACE_OUTER_BOUND('',#939,.T.);
#644=FACE_OUTER_BOUND('',#940,.T.);
#645=FACE_OUTER_BOUND('',#941,.T.);
#646=FACE_OUTER_BOUND('',#942,.T.);
#647=FACE_OUTER_BOUND('',#943,.T.);
#648=FACE_OUTER_BOUND('',#944,.T.);
#649=FACE_OUTER_BOUND('',#945,.T.);
#650=FACE_OUTER_BOUND('',#946,.T.);
#651=FACE_OUTER_BOUND('',#947,.T.);
#652=FACE_OUTER_BOUND('',#948,.T.);
#653=FACE_OUTER_BOUND('',#949,.T.);
#654=FACE_OUTER_BOUND('',#950,.T.);
#655=FACE_OUTER_BOUND('',#951,.T.);
#656=EDGE_LOOP('',(#3010,#3011,#3012));
#657=EDGE_LOOP('',(#3013,#3014,#3015));
#658=EDGE_LOOP('',(#3016,#3017,#3018));
#659=EDGE_LOOP('',(#3019,#3020,#3021));
#660=EDGE_LOOP('',(#3022,#3023,#3024));
#661=EDGE_LOOP('',(#3025,#3026,#3027));
#662=EDGE_LOOP('',(#3028,#3029,#3030,#3031));
#663=EDGE_LOOP('',(#3032,#3033,#3034,#3035));
#664=EDGE_LOOP('',(#3036,#3037,#3038));
#665=EDGE_LOOP('',(#3039,#3040,#3041));
#666=EDGE_LOOP('',(#3042,#3043,#3044,#3045));
#667=EDGE_LOOP('',(#3046,#3047,#3048,#3049));
#668=EDGE_LOOP('',(#3050,#3051,#3052,#3053));
#669=EDGE_LOOP('',(#3054,#3055,#3056,#3057));
#670=EDGE_LOOP('',(#3058,#3059,#3060,#3061));
#671=EDGE_LOOP('',(#3062,#3063,#3064,#3065));
#672=EDGE_LOOP('',(#3066,#3067,#3068,#3069));
#673=EDGE_LOOP('',(#3070,#3071,#3072,#3073));
#674=EDGE_LOOP('',(#3074,#3075,#3076,#3077));
#675=EDGE_LOOP('',(#3078,#3079,#3080,#3081));
#676=EDGE_LOOP('',(#3082,#3083,#3084,#3085,#3086,#3087,#3088,#3089,#3090,
#3091,#3092));
#677=EDGE_LOOP('',(#3093,#3094,#3095,#3096));
#678=EDGE_LOOP('',(#3097,#3098,#3099,#3100));
#679=EDGE_LOOP('',(#3101,#3102,#3103,#3104));
#680=EDGE_LOOP('',(#3105,#3106,#3107,#3108));
#681=EDGE_LOOP('',(#3109,#3110,#3111,#3112));
#682=EDGE_LOOP('',(#3113,#3114,#3115,#3116));
#683=EDGE_LOOP('',(#3117,#3118,#3119,#3120,#3121));
#684=EDGE_LOOP('',(#3122,#3123,#3124,#3125));
#685=EDGE_LOOP('',(#3126,#3127,#3128));
#686=EDGE_LOOP('',(#3129,#3130,#3131));
#687=EDGE_LOOP('',(#3132,#3133,#3134));
#688=EDGE_LOOP('',(#3135,#3136,#3137));
#689=EDGE_LOOP('',(#3138,#3139,#3140));
#690=EDGE_LOOP('',(#3141,#3142,#3143,#3144));
#691=EDGE_LOOP('',(#3145,#3146,#3147,#3148));
#692=EDGE_LOOP('',(#3149,#3150,#3151));
#693=EDGE_LOOP('',(#3152,#3153,#3154));
#694=EDGE_LOOP('',(#3155,#3156,#3157));
#695=EDGE_LOOP('',(#3158,#3159,#3160,#3161));
#696=EDGE_LOOP('',(#3162,#3163,#3164,#3165));
#697=EDGE_LOOP('',(#3166,#3167,#3168,#3169));
#698=EDGE_LOOP('',(#3170,#3171,#3172,#3173));
#699=EDGE_LOOP('',(#3174,#3175,#3176,#3177));
#700=EDGE_LOOP('',(#3178,#3179,#3180,#3181));
#701=EDGE_LOOP('',(#3182,#3183,#3184,#3185));
#702=EDGE_LOOP('',(#3186,#3187,#3188,#3189));
#703=EDGE_LOOP('',(#3190,#3191,#3192,#3193));
#704=EDGE_LOOP('',(#3194,#3195,#3196,#3197));
#705=EDGE_LOOP('',(#3198,#3199,#3200,#3201));
#706=EDGE_LOOP('',(#3202,#3203,#3204,#3205));
#707=EDGE_LOOP('',(#3206,#3207,#3208,#3209));
#708=EDGE_LOOP('',(#3210,#3211,#3212,#3213));
#709=EDGE_LOOP('',(#3214,#3215,#3216,#3217,#3218,#3219,#3220,#3221,#3222,
#3223));
#710=EDGE_LOOP('',(#3224,#3225,#3226,#3227));
#711=EDGE_LOOP('',(#3228,#3229,#3230,#3231));
#712=EDGE_LOOP('',(#3232,#3233,#3234,#3235));
#713=EDGE_LOOP('',(#3236,#3237,#3238,#3239));
#714=EDGE_LOOP('',(#3240,#3241,#3242,#3243));
#715=EDGE_LOOP('',(#3244,#3245,#3246,#3247));
#716=EDGE_LOOP('',(#3248,#3249,#3250,#3251));
#717=EDGE_LOOP('',(#3252,#3253,#3254,#3255,#3256,#3257,#3258,#3259,#3260,
#3261,#3262,#3263,#3264,#3265,#3266,#3267,#3268,#3269,#3270,#3271,#3272,
#3273,#3274,#3275,#3276,#3277,#3278));
#718=EDGE_LOOP('',(#3279,#3280,#3281,#3282));
#719=EDGE_LOOP('',(#3283,#3284,#3285,#3286,#3287,#3288,#3289,#3290,#3291,
#3292,#3293,#3294,#3295,#3296,#3297,#3298));
#720=EDGE_LOOP('',(#3299,#3300,#3301));
#721=EDGE_LOOP('',(#3302,#3303,#3304,#3305));
#722=EDGE_LOOP('',(#3306,#3307,#3308,#3309));
#723=EDGE_LOOP('',(#3310,#3311,#3312,#3313));
#724=EDGE_LOOP('',(#3314,#3315,#3316,#3317));
#725=EDGE_LOOP('',(#3318,#3319,#3320,#3321));
#726=EDGE_LOOP('',(#3322,#3323,#3324,#3325));
#727=EDGE_LOOP('',(#3326,#3327,#3328,#3329));
#728=EDGE_LOOP('',(#3330,#3331,#3332,#3333,#3334));
#729=EDGE_LOOP('',(#3335,#3336,#3337,#3338));
#730=EDGE_LOOP('',(#3339,#3340,#3341,#3342));
#731=EDGE_LOOP('',(#3343,#3344,#3345,#3346));
#732=EDGE_LOOP('',(#3347,#3348,#3349,#3350));
#733=EDGE_LOOP('',(#3351,#3352,#3353,#3354));
#734=EDGE_LOOP('',(#3355,#3356,#3357,#3358));
#735=EDGE_LOOP('',(#3359,#3360,#3361,#3362,#3363,#3364,#3365,#3366,#3367,
#3368));
#736=EDGE_LOOP('',(#3369,#3370,#3371,#3372));
#737=EDGE_LOOP('',(#3373,#3374,#3375,#3376));
#738=EDGE_LOOP('',(#3377,#3378,#3379,#3380));
#739=EDGE_LOOP('',(#3381,#3382,#3383,#3384,#3385,#3386));
#740=EDGE_LOOP('',(#3387,#3388,#3389,#3390));
#741=EDGE_LOOP('',(#3391,#3392,#3393,#3394));
#742=EDGE_LOOP('',(#3395,#3396,#3397,#3398));
#743=EDGE_LOOP('',(#3399,#3400,#3401,#3402));
#744=EDGE_LOOP('',(#3403,#3404,#3405,#3406));
#745=EDGE_LOOP('',(#3407,#3408,#3409,#3410));
#746=EDGE_LOOP('',(#3411,#3412,#3413,#3414));
#747=EDGE_LOOP('',(#3415,#3416,#3417,#3418,#3419));
#748=EDGE_LOOP('',(#3420,#3421,#3422,#3423));
#749=EDGE_LOOP('',(#3424,#3425,#3426,#3427));
#750=EDGE_LOOP('',(#3428,#3429,#3430,#3431));
#751=EDGE_LOOP('',(#3432,#3433,#3434,#3435));
#752=EDGE_LOOP('',(#3436,#3437,#3438,#3439));
#753=EDGE_LOOP('',(#3440,#3441,#3442,#3443,#3444,#3445));
#754=EDGE_LOOP('',(#3446,#3447,#3448,#3449));
#755=EDGE_LOOP('',(#3450,#3451,#3452,#3453));
#756=EDGE_LOOP('',(#3454,#3455,#3456,#3457));
#757=EDGE_LOOP('',(#3458,#3459,#3460,#3461));
#758=EDGE_LOOP('',(#3462,#3463,#3464,#3465));
#759=EDGE_LOOP('',(#3466,#3467,#3468,#3469));
#760=EDGE_LOOP('',(#3470,#3471,#3472,#3473));
#761=EDGE_LOOP('',(#3474,#3475,#3476,#3477));
#762=EDGE_LOOP('',(#3478,#3479,#3480,#3481));
#763=EDGE_LOOP('',(#3482,#3483,#3484,#3485));
#764=EDGE_LOOP('',(#3486,#3487,#3488,#3489));
#765=EDGE_LOOP('',(#3490,#3491,#3492,#3493));
#766=EDGE_LOOP('',(#3494,#3495,#3496,#3497));
#767=EDGE_LOOP('',(#3498,#3499,#3500,#3501));
#768=EDGE_LOOP('',(#3502,#3503,#3504,#3505));
#769=EDGE_LOOP('',(#3506,#3507,#3508,#3509));
#770=EDGE_LOOP('',(#3510,#3511,#3512,#3513));
#771=EDGE_LOOP('',(#3514,#3515,#3516,#3517));
#772=EDGE_LOOP('',(#3518,#3519,#3520,#3521,#3522,#3523,#3524,#3525));
#773=EDGE_LOOP('',(#3526,#3527,#3528,#3529));
#774=EDGE_LOOP('',(#3530,#3531,#3532,#3533));
#775=EDGE_LOOP('',(#3534,#3535,#3536,#3537));
#776=EDGE_LOOP('',(#3538,#3539,#3540,#3541));
#777=EDGE_LOOP('',(#3542,#3543,#3544,#3545));
#778=EDGE_LOOP('',(#3546,#3547,#3548,#3549));
#779=EDGE_LOOP('',(#3550,#3551,#3552,#3553));
#780=EDGE_LOOP('',(#3554,#3555,#3556,#3557));
#781=EDGE_LOOP('',(#3558,#3559,#3560,#3561));
#782=EDGE_LOOP('',(#3562,#3563,#3564,#3565));
#783=EDGE_LOOP('',(#3566,#3567,#3568,#3569));
#784=EDGE_LOOP('',(#3570,#3571,#3572,#3573));
#785=EDGE_LOOP('',(#3574,#3575,#3576,#3577));
#786=EDGE_LOOP('',(#3578,#3579,#3580,#3581));
#787=EDGE_LOOP('',(#3582,#3583,#3584,#3585));
#788=EDGE_LOOP('',(#3586,#3587,#3588,#3589));
#789=EDGE_LOOP('',(#3590,#3591,#3592,#3593,#3594,#3595));
#790=EDGE_LOOP('',(#3596,#3597,#3598,#3599));
#791=EDGE_LOOP('',(#3600,#3601,#3602,#3603));
#792=EDGE_LOOP('',(#3604,#3605,#3606,#3607));
#793=EDGE_LOOP('',(#3608,#3609,#3610,#3611));
#794=EDGE_LOOP('',(#3612,#3613,#3614,#3615));
#795=EDGE_LOOP('',(#3616,#3617,#3618,#3619));
#796=EDGE_LOOP('',(#3620,#3621,#3622,#3623));
#797=EDGE_LOOP('',(#3624,#3625,#3626,#3627));
#798=EDGE_LOOP('',(#3628,#3629,#3630,#3631));
#799=EDGE_LOOP('',(#3632,#3633,#3634,#3635));
#800=EDGE_LOOP('',(#3636,#3637,#3638,#3639));
#801=EDGE_LOOP('',(#3640,#3641,#3642,#3643));
#802=EDGE_LOOP('',(#3644,#3645,#3646,#3647));
#803=EDGE_LOOP('',(#3648,#3649,#3650,#3651));
#804=EDGE_LOOP('',(#3652,#3653,#3654,#3655));
#805=EDGE_LOOP('',(#3656,#3657,#3658,#3659));
#806=EDGE_LOOP('',(#3660,#3661,#3662,#3663));
#807=EDGE_LOOP('',(#3664,#3665,#3666,#3667));
#808=EDGE_LOOP('',(#3668,#3669,#3670,#3671));
#809=EDGE_LOOP('',(#3672,#3673,#3674,#3675));
#810=EDGE_LOOP('',(#3676,#3677,#3678,#3679));
#811=EDGE_LOOP('',(#3680,#3681,#3682,#3683));
#812=EDGE_LOOP('',(#3684,#3685,#3686,#3687));
#813=EDGE_LOOP('',(#3688,#3689,#3690,#3691));
#814=EDGE_LOOP('',(#3692,#3693,#3694,#3695));
#815=EDGE_LOOP('',(#3696,#3697,#3698,#3699));
#816=EDGE_LOOP('',(#3700,#3701,#3702,#3703));
#817=EDGE_LOOP('',(#3704,#3705,#3706,#3707));
#818=EDGE_LOOP('',(#3708,#3709,#3710,#3711));
#819=EDGE_LOOP('',(#3712,#3713,#3714,#3715));
#820=EDGE_LOOP('',(#3716,#3717,#3718,#3719));
#821=EDGE_LOOP('',(#3720,#3721,#3722,#3723));
#822=EDGE_LOOP('',(#3724,#3725,#3726,#3727));
#823=EDGE_LOOP('',(#3728,#3729,#3730,#3731));
#824=EDGE_LOOP('',(#3732,#3733,#3734,#3735));
#825=EDGE_LOOP('',(#3736,#3737,#3738,#3739));
#826=EDGE_LOOP('',(#3740,#3741,#3742,#3743));
#827=EDGE_LOOP('',(#3744,#3745,#3746,#3747));
#828=EDGE_LOOP('',(#3748,#3749,#3750,#3751,#3752,#3753,#3754,#3755,#3756,
#3757,#3758,#3759,#3760,#3761,#3762,#3763,#3764,#3765,#3766,#3767,#3768,
#3769,#3770,#3771,#3772,#3773,#3774,#3775,#3776,#3777,#3778,#3779,#3780));
#829=EDGE_LOOP('',(#3781,#3782,#3783,#3784,#3785,#3786,#3787,#3788));
#830=EDGE_LOOP('',(#3789));
#831=EDGE_LOOP('',(#3790,#3791,#3792,#3793));
#832=EDGE_LOOP('',(#3794,#3795,#3796,#3797,#3798,#3799));
#833=EDGE_LOOP('',(#3800,#3801,#3802,#3803));
#834=EDGE_LOOP('',(#3804,#3805,#3806,#3807,#3808));
#835=EDGE_LOOP('',(#3809,#3810,#3811,#3812,#3813));
#836=EDGE_LOOP('',(#3814,#3815,#3816,#3817,#3818));
#837=EDGE_LOOP('',(#3819,#3820,#3821,#3822,#3823));
#838=EDGE_LOOP('',(#3824,#3825,#3826,#3827,#3828,#3829));
#839=EDGE_LOOP('',(#3830,#3831,#3832,#3833));
#840=EDGE_LOOP('',(#3834,#3835,#3836,#3837,#3838));
#841=EDGE_LOOP('',(#3839,#3840,#3841,#3842,#3843));
#842=EDGE_LOOP('',(#3844,#3845,#3846,#3847));
#843=EDGE_LOOP('',(#3848,#3849,#3850,#3851));
#844=EDGE_LOOP('',(#3852,#3853,#3854,#3855,#3856));
#845=EDGE_LOOP('',(#3857,#3858,#3859,#3860));
#846=EDGE_LOOP('',(#3861,#3862,#3863,#3864));
#847=EDGE_LOOP('',(#3865,#3866,#3867,#3868));
#848=EDGE_LOOP('',(#3869,#3870,#3871,#3872));
#849=EDGE_LOOP('',(#3873,#3874,#3875));
#850=EDGE_LOOP('',(#3876,#3877,#3878));
#851=EDGE_LOOP('',(#3879,#3880,#3881,#3882));
#852=EDGE_LOOP('',(#3883,#3884,#3885,#3886));
#853=EDGE_LOOP('',(#3887,#3888,#3889,#3890));
#854=EDGE_LOOP('',(#3891,#3892,#3893,#3894));
#855=EDGE_LOOP('',(#3895,#3896,#3897,#3898,#3899));
#856=EDGE_LOOP('',(#3900,#3901,#3902,#3903));
#857=EDGE_LOOP('',(#3904,#3905,#3906,#3907,#3908));
#858=EDGE_LOOP('',(#3909,#3910,#3911,#3912));
#859=EDGE_LOOP('',(#3913,#3914,#3915,#3916,#3917));
#860=EDGE_LOOP('',(#3918,#3919,#3920,#3921,#3922));
#861=EDGE_LOOP('',(#3923,#3924,#3925));
#862=EDGE_LOOP('',(#3926,#3927,#3928,#3929,#3930,#3931));
#863=EDGE_LOOP('',(#3932,#3933,#3934,#3935,#3936));
#864=EDGE_LOOP('',(#3937,#3938,#3939,#3940,#3941));
#865=EDGE_LOOP('',(#3942,#3943,#3944));
#866=EDGE_LOOP('',(#3945,#3946,#3947,#3948,#3949));
#867=EDGE_LOOP('',(#3950,#3951,#3952,#3953,#3954));
#868=EDGE_LOOP('',(#3955,#3956,#3957,#3958));
#869=EDGE_LOOP('',(#3959,#3960,#3961,#3962));
#870=EDGE_LOOP('',(#3963,#3964,#3965,#3966));
#871=EDGE_LOOP('',(#3967,#3968,#3969,#3970,#3971));
#872=EDGE_LOOP('',(#3972,#3973,#3974,#3975));
#873=EDGE_LOOP('',(#3976,#3977,#3978,#3979));
#874=EDGE_LOOP('',(#3980,#3981,#3982,#3983));
#875=EDGE_LOOP('',(#3984,#3985,#3986,#3987));
#876=EDGE_LOOP('',(#3988,#3989,#3990,#3991));
#877=EDGE_LOOP('',(#3992,#3993,#3994,#3995,#3996));
#878=EDGE_LOOP('',(#3997,#3998,#3999,#4000));
#879=EDGE_LOOP('',(#4001,#4002,#4003));
#880=EDGE_LOOP('',(#4004,#4005,#4006,#4007,#4008,#4009,#4010));
#881=EDGE_LOOP('',(#4011,#4012,#4013,#4014,#4015,#4016,#4017,#4018,#4019,
#4020,#4021));
#882=EDGE_LOOP('',(#4022,#4023,#4024,#4025,#4026,#4027,#4028,#4029,#4030,
#4031));
#883=EDGE_LOOP('',(#4032,#4033,#4034,#4035,#4036,#4037,#4038,#4039));
#884=EDGE_LOOP('',(#4040,#4041,#4042,#4043));
#885=EDGE_LOOP('',(#4044,#4045,#4046,#4047));
#886=EDGE_LOOP('',(#4048,#4049,#4050,#4051));
#887=EDGE_LOOP('',(#4052,#4053,#4054));
#888=EDGE_LOOP('',(#4055,#4056,#4057,#4058,#4059,#4060,#4061,#4062));
#889=EDGE_LOOP('',(#4063,#4064,#4065,#4066,#4067,#4068));
#890=EDGE_LOOP('',(#4069,#4070,#4071,#4072));
#891=EDGE_LOOP('',(#4073,#4074,#4075,#4076));
#892=EDGE_LOOP('',(#4077,#4078,#4079,#4080));
#893=EDGE_LOOP('',(#4081,#4082,#4083,#4084,#4085,#4086,#4087,#4088,#4089,
#4090,#4091,#4092));
#894=EDGE_LOOP('',(#4093,#4094,#4095,#4096));
#895=EDGE_LOOP('',(#4097,#4098,#4099,#4100));
#896=EDGE_LOOP('',(#4101,#4102,#4103,#4104,#4105));
#897=EDGE_LOOP('',(#4106,#4107,#4108,#4109,#4110));
#898=EDGE_LOOP('',(#4111,#4112,#4113,#4114,#4115));
#899=EDGE_LOOP('',(#4116,#4117,#4118));
#900=EDGE_LOOP('',(#4119,#4120,#4121,#4122));
#901=EDGE_LOOP('',(#4123,#4124,#4125,#4126));
#902=EDGE_LOOP('',(#4127,#4128,#4129,#4130));
#903=EDGE_LOOP('',(#4131,#4132,#4133,#4134));
#904=EDGE_LOOP('',(#4135,#4136,#4137,#4138));
#905=EDGE_LOOP('',(#4139,#4140,#4141,#4142));
#906=EDGE_LOOP('',(#4143,#4144,#4145,#4146));
#907=EDGE_LOOP('',(#4147,#4148,#4149,#4150));
#908=EDGE_LOOP('',(#4151,#4152,#4153,#4154));
#909=EDGE_LOOP('',(#4155,#4156,#4157,#4158,#4159));
#910=EDGE_LOOP('',(#4160,#4161,#4162,#4163,#4164,#4165,#4166,#4167));
#911=EDGE_LOOP('',(#4168,#4169,#4170,#4171,#4172,#4173,#4174,#4175));
#912=EDGE_LOOP('',(#4176,#4177,#4178));
#913=EDGE_LOOP('',(#4179,#4180,#4181,#4182,#4183,#4184,#4185,#4186,#4187,
#4188,#4189,#4190,#4191));
#914=EDGE_LOOP('',(#4192,#4193,#4194,#4195));
#915=EDGE_LOOP('',(#4196,#4197,#4198,#4199,#4200,#4201));
#916=EDGE_LOOP('',(#4202,#4203,#4204,#4205,#4206));
#917=EDGE_LOOP('',(#4207,#4208,#4209,#4210));
#918=EDGE_LOOP('',(#4211,#4212,#4213,#4214,#4215));
#919=EDGE_LOOP('',(#4216,#4217,#4218,#4219));
#920=EDGE_LOOP('',(#4220,#4221,#4222,#4223,#4224,#4225,#4226,#4227,#4228,
#4229,#4230,#4231,#4232,#4233,#4234,#4235,#4236,#4237,#4238,#4239,#4240,
#4241,#4242,#4243,#4244,#4245,#4246,#4247,#4248,#4249,#4250,#4251,#4252,
#4253,#4254,#4255,#4256,#4257));
#921=EDGE_LOOP('',(#4258));
#922=EDGE_LOOP('',(#4259,#4260,#4261,#4262,#4263,#4264,#4265,#4266));
#923=EDGE_LOOP('',(#4267,#4268,#4269,#4270));
#924=EDGE_LOOP('',(#4271,#4272,#4273,#4274));
#925=EDGE_LOOP('',(#4275,#4276,#4277,#4278,#4279,#4280,#4281,#4282));
#926=EDGE_LOOP('',(#4283,#4284,#4285,#4286,#4287));
#927=EDGE_LOOP('',(#4288,#4289,#4290,#4291,#4292,#4293,#4294,#4295));
#928=EDGE_LOOP('',(#4296,#4297,#4298,#4299,#4300,#4301,#4302));
#929=EDGE_LOOP('',(#4303,#4304,#4305));
#930=EDGE_LOOP('',(#4306,#4307,#4308));
#931=EDGE_LOOP('',(#4309,#4310,#4311,#4312,#4313,#4314));
#932=EDGE_LOOP('',(#4315,#4316,#4317,#4318,#4319,#4320,#4321,#4322,#4323));
#933=EDGE_LOOP('',(#4324));
#934=EDGE_LOOP('',(#4325));
#935=EDGE_LOOP('',(#4326));
#936=EDGE_LOOP('',(#4327));
#937=EDGE_LOOP('',(#4328,#4329,#4330,#4331,#4332));
#938=EDGE_LOOP('',(#4333,#4334,#4335,#4336,#4337));
#939=EDGE_LOOP('',(#4338,#4339,#4340,#4341,#4342));
#940=EDGE_LOOP('',(#4343,#4344,#4345,#4346));
#941=EDGE_LOOP('',(#4347,#4348,#4349,#4350));
#942=EDGE_LOOP('',(#4351,#4352,#4353,#4354,#4355,#4356,#4357,#4358,#4359,
#4360,#4361,#4362));
#943=EDGE_LOOP('',(#4363,#4364,#4365,#4366));
#944=EDGE_LOOP('',(#4367,#4368,#4369,#4370,#4371));
#945=EDGE_LOOP('',(#4372,#4373,#4374,#4375,#4376,#4377,#4378,#4379,#4380,
#4381));
#946=EDGE_LOOP('',(#4382,#4383,#4384,#4385,#4386,#4387,#4388,#4389,#4390));
#947=EDGE_LOOP('',(#4391,#4392,#4393));
#948=EDGE_LOOP('',(#4394,#4395,#4396,#4397,#4398,#4399));
#949=EDGE_LOOP('',(#4400,#4401,#4402,#4403,#4404,#4405));
#950=EDGE_LOOP('',(#4406));
#951=EDGE_LOOP('',(#4407));
#952=LINE('',#6771,#1425);
#953=LINE('',#6773,#1426);
#954=LINE('',#6774,#1427);
#955=LINE('',#6778,#1428);
#956=LINE('',#6780,#1429);
#957=LINE('',#6781,#1430);
#958=LINE('',#6785,#1431);
#959=LINE('',#6787,#1432);
#960=LINE('',#6788,#1433);
#961=LINE('',#6792,#1434);
#962=LINE('',#6794,#1435);
#963=LINE('',#6795,#1436);
#964=LINE('',#6799,#1437);
#965=LINE('',#6801,#1438);
#966=LINE('',#6802,#1439);
#967=LINE('',#6806,#1440);
#968=LINE('',#6808,#1441);
#969=LINE('',#6809,#1442);
#970=LINE('',#6811,#1443);
#971=LINE('',#6812,#1444);
#972=LINE('',#6814,#1445);
#973=LINE('',#6815,#1446);
#974=LINE('',#6819,#1447);
#975=LINE('',#6821,#1448);
#976=LINE('',#6822,#1449);
#977=LINE('',#6826,#1450);
#978=LINE('',#6828,#1451);
#979=LINE('',#6829,#1452);
#980=LINE('',#6831,#1453);
#981=LINE('',#6832,#1454);
#982=LINE('',#6834,#1455);
#983=LINE('',#6835,#1456);
#984=LINE('',#6837,#1457);
#985=LINE('',#6838,#1458);
#986=LINE('',#6840,#1459);
#987=LINE('',#6841,#1460);
#988=LINE('',#6843,#1461);
#989=LINE('',#6844,#1462);
#990=LINE('',#6846,#1463);
#991=LINE('',#6847,#1464);
#992=LINE('',#6849,#1465);
#993=LINE('',#6850,#1466);
#994=LINE('',#6852,#1467);
#995=LINE('',#6853,#1468);
#996=LINE('',#6855,#1469);
#997=LINE('',#6856,#1470);
#998=LINE('',#6858,#1471);
#999=LINE('',#6859,#1472);
#1000=LINE('',#6863,#1473);
#1001=LINE('',#6865,#1474);
#1002=LINE('',#6867,#1475);
#1003=LINE('',#6869,#1476);
#1004=LINE('',#6871,#1477);
#1005=LINE('',#6873,#1478);
#1006=LINE('',#6875,#1479);
#1007=LINE('',#6877,#1480);
#1008=LINE('',#6879,#1481);
#1009=LINE('',#6881,#1482);
#1010=LINE('',#6882,#1483);
#1011=LINE('',#6885,#1484);
#1012=LINE('',#6887,#1485);
#1013=LINE('',#6889,#1486);
#1014=LINE('',#6890,#1487);
#1015=LINE('',#6898,#1488);
#1016=LINE('',#6900,#1489);
#1017=LINE('',#6902,#1490);
#1018=LINE('',#6904,#1491);
#1019=LINE('',#6905,#1492);
#1020=LINE('',#6909,#1493);
#1021=LINE('',#6911,#1494);
#1022=LINE('',#6912,#1495);
#1023=LINE('',#6916,#1496);
#1024=LINE('',#6918,#1497);
#1025=LINE('',#6919,#1498);
#1026=LINE('',#6923,#1499);
#1027=LINE('',#6925,#1500);
#1028=LINE('',#6926,#1501);
#1029=LINE('',#6929,#1502);
#1030=LINE('',#6931,#1503);
#1031=LINE('',#6932,#1504);
#1032=LINE('',#6935,#1505);
#1033=LINE('',#6937,#1506);
#1034=LINE('',#6938,#1507);
#1035=LINE('',#6940,#1508);
#1036=LINE('',#6942,#1509);
#1037=LINE('',#6943,#1510);
#1038=LINE('',#6947,#1511);
#1039=LINE('',#6949,#1512);
#1040=LINE('',#6950,#1513);
#1041=LINE('',#6953,#1514);
#1042=LINE('',#6955,#1515);
#1043=LINE('',#6956,#1516);
#1044=LINE('',#6960,#1517);
#1045=LINE('',#6961,#1518);
#1046=LINE('',#6962,#1519);
#1047=LINE('',#6964,#1520);
#1048=LINE('',#6966,#1521);
#1049=LINE('',#6968,#1522);
#1050=LINE('',#6969,#1523);
#1051=LINE('',#6971,#1524);
#1052=LINE('',#6972,#1525);
#1053=LINE('',#6974,#1526);
#1054=LINE('',#6976,#1527);
#1055=LINE('',#6977,#1528);
#1056=LINE('',#6979,#1529);
#1057=LINE('',#6980,#1530);
#1058=LINE('',#6982,#1531);
#1059=LINE('',#6983,#1532);
#1060=LINE('',#6985,#1533);
#1061=LINE('',#6986,#1534);
#1062=LINE('',#6988,#1535);
#1063=LINE('',#6989,#1536);
#1064=LINE('',#6997,#1537);
#1065=LINE('',#6999,#1538);
#1066=LINE('',#7001,#1539);
#1067=LINE('',#7003,#1540);
#1068=LINE('',#7007,#1541);
#1069=LINE('',#7009,#1542);
#1070=LINE('',#7011,#1543);
#1071=LINE('',#7013,#1544);
#1072=LINE('',#7014,#1545);
#1073=LINE('',#7024,#1546);
#1074=LINE('',#7028,#1547);
#1075=LINE('',#7030,#1548);
#1076=LINE('',#7031,#1549);
#1077=LINE('',#7035,#1550);
#1078=LINE('',#7040,#1551);
#1079=LINE('',#7042,#1552);
#1080=LINE('',#7043,#1553);
#1081=LINE('',#7047,#1554);
#1082=LINE('',#7053,#1555);
#1083=LINE('',#7054,#1556);
#1084=LINE('',#7055,#1557);
#1085=LINE('',#7058,#1558);
#1086=LINE('',#7062,#1559);
#1087=LINE('',#7066,#1560);
#1088=LINE('',#7070,#1561);
#1089=LINE('',#7074,#1562);
#1090=LINE('',#7078,#1563);
#1091=LINE('',#7082,#1564);
#1092=LINE('',#7086,#1565);
#1093=LINE('',#7090,#1566);
#1094=LINE('',#7094,#1567);
#1095=LINE('',#7097,#1568);
#1096=LINE('',#7105,#1569);
#1097=LINE('',#7110,#1570);
#1098=LINE('',#7125,#1571);
#1099=LINE('',#7142,#1572);
#1100=LINE('',#7146,#1573);
#1101=LINE('',#7150,#1574);
#1102=LINE('',#7154,#1575);
#1103=LINE('',#7216,#1576);
#1104=LINE('',#7224,#1577);
#1105=LINE('',#7228,#1578);
#1106=LINE('',#7229,#1579);
#1107=LINE('',#7232,#1580);
#1108=LINE('',#7236,#1581);
#1109=LINE('',#7237,#1582);
#1110=LINE('',#7240,#1583);
#1111=LINE('',#7244,#1584);
#1112=LINE('',#7245,#1585);
#1113=LINE('',#7248,#1586);
#1114=LINE('',#7269,#1587);
#1115=LINE('',#7270,#1588);
#1116=LINE('',#7302,#1589);
#1117=LINE('',#7303,#1590);
#1118=LINE('',#7307,#1591);
#1119=LINE('',#7310,#1592);
#1120=LINE('',#7311,#1593);
#1121=LINE('',#7315,#1594);
#1122=LINE('',#7319,#1595);
#1123=LINE('',#7322,#1596);
#1124=LINE('',#7324,#1597);
#1125=LINE('',#7326,#1598);
#1126=LINE('',#7328,#1599);
#1127=LINE('',#7330,#1600);
#1128=LINE('',#7333,#1601);
#1129=LINE('',#7334,#1602);
#1130=LINE('',#7337,#1603);
#1131=LINE('',#7341,#1604);
#1132=LINE('',#7342,#1605);
#1133=LINE('',#7345,#1606);
#1134=LINE('',#7349,#1607);
#1135=LINE('',#7350,#1608);
#1136=LINE('',#7351,#1609);
#1137=LINE('',#7356,#1610);
#1138=LINE('',#7357,#1611);
#1139=LINE('',#7361,#1612);
#1140=LINE('',#7364,#1613);
#1141=LINE('',#7365,#1614);
#1142=LINE('',#7369,#1615);
#1143=LINE('',#7372,#1616);
#1144=LINE('',#7373,#1617);
#1145=LINE('',#7377,#1618);
#1146=LINE('',#7381,#1619);
#1147=LINE('',#7384,#1620);
#1148=LINE('',#7386,#1621);
#1149=LINE('',#7388,#1622);
#1150=LINE('',#7389,#1623);
#1151=LINE('',#7392,#1624);
#1152=LINE('',#7396,#1625);
#1153=LINE('',#7397,#1626);
#1154=LINE('',#7400,#1627);
#1155=LINE('',#7404,#1628);
#1156=LINE('',#7405,#1629);
#1157=LINE('',#7408,#1630);
#1158=LINE('',#7412,#1631);
#1159=LINE('',#7414,#1632);
#1160=LINE('',#7416,#1633);
#1161=LINE('',#7417,#1634);
#1162=LINE('',#7423,#1635);
#1163=LINE('',#7425,#1636);
#1164=LINE('',#7426,#1637);
#1165=LINE('',#7431,#1638);
#1166=LINE('',#7436,#1639);
#1167=LINE('',#7437,#1640);
#1168=LINE('',#7438,#1641);
#1169=LINE('',#7443,#1642);
#1170=LINE('',#7448,#1643);
#1171=LINE('',#7449,#1644);
#1172=LINE('',#7450,#1645);
#1173=LINE('',#7455,#1646);
#1174=LINE('',#7460,#1647);
#1175=LINE('',#7461,#1648);
#1176=LINE('',#7462,#1649);
#1177=LINE('',#7467,#1650);
#1178=LINE('',#7472,#1651);
#1179=LINE('',#7473,#1652);
#1180=LINE('',#7474,#1653);
#1181=LINE('',#7479,#1654);
#1182=LINE('',#7485,#1655);
#1183=LINE('',#7490,#1656);
#1184=LINE('',#7491,#1657);
#1185=LINE('',#7492,#1658);
#1186=LINE('',#7497,#1659);
#1187=LINE('',#7502,#1660);
#1188=LINE('',#7503,#1661);
#1189=LINE('',#7504,#1662);
#1190=LINE('',#7509,#1663);
#1191=LINE('',#7514,#1664);
#1192=LINE('',#7515,#1665);
#1193=LINE('',#7516,#1666);
#1194=LINE('',#7521,#1667);
#1195=LINE('',#7527,#1668);
#1196=LINE('',#7528,#1669);
#1197=LINE('',#7531,#1670);
#1198=LINE('',#7533,#1671);
#1199=LINE('',#7534,#1672);
#1200=LINE('',#7536,#1673);
#1201=LINE('',#7538,#1674);
#1202=LINE('',#7539,#1675);
#1203=LINE('',#7542,#1676);
#1204=LINE('',#7546,#1677);
#1205=LINE('',#7547,#1678);
#1206=LINE('',#7550,#1679);
#1207=LINE('',#7554,#1680);
#1208=LINE('',#7555,#1681);
#1209=LINE('',#7558,#1682);
#1210=LINE('',#7562,#1683);
#1211=LINE('',#7563,#1684);
#1212=LINE('',#7566,#1685);
#1213=LINE('',#7570,#1686);
#1214=LINE('',#7574,#1687);
#1215=LINE('',#7575,#1688);
#1216=LINE('',#7578,#1689);
#1217=LINE('',#7582,#1690);
#1218=LINE('',#7583,#1691);
#1219=LINE('',#7586,#1692);
#1220=LINE('',#7590,#1693);
#1221=LINE('',#7591,#1694);
#1222=LINE('',#7594,#1695);
#1223=LINE('',#7598,#1696);
#1224=LINE('',#7599,#1697);
#1225=LINE('',#7602,#1698);
#1226=LINE('',#7606,#1699);
#1227=LINE('',#7608,#1700);
#1228=LINE('',#7610,#1701);
#1229=LINE('',#7611,#1702);
#1230=LINE('',#7614,#1703);
#1231=LINE('',#7616,#1704);
#1232=LINE('',#7617,#1705);
#1233=LINE('',#7621,#1706);
#1234=LINE('',#7626,#1707);
#1235=LINE('',#7628,#1708);
#1236=LINE('',#7629,#1709);
#1237=LINE('',#7632,#1710);
#1238=LINE('',#7637,#1711);
#1239=LINE('',#7638,#1712);
#1240=LINE('',#7641,#1713);
#1241=LINE('',#7645,#1714);
#1242=LINE('',#7646,#1715);
#1243=LINE('',#7649,#1716);
#1244=LINE('',#7653,#1717);
#1245=LINE('',#7654,#1718);
#1246=LINE('',#7657,#1719);
#1247=LINE('',#7661,#1720);
#1248=LINE('',#7662,#1721);
#1249=LINE('',#7665,#1722);
#1250=LINE('',#7669,#1723);
#1251=LINE('',#7670,#1724);
#1252=LINE('',#7673,#1725);
#1253=LINE('',#7677,#1726);
#1254=LINE('',#7681,#1727);
#1255=LINE('',#7682,#1728);
#1256=LINE('',#7685,#1729);
#1257=LINE('',#7689,#1730);
#1258=LINE('',#7690,#1731);
#1259=LINE('',#7693,#1732);
#1260=LINE('',#7697,#1733);
#1261=LINE('',#7698,#1734);
#1262=LINE('',#7701,#1735);
#1263=LINE('',#7705,#1736);
#1264=LINE('',#7706,#1737);
#1265=LINE('',#7709,#1738);
#1266=LINE('',#7714,#1739);
#1267=LINE('',#7715,#1740);
#1268=LINE('',#7718,#1741);
#1269=LINE('',#7722,#1742);
#1270=LINE('',#7723,#1743);
#1271=LINE('',#7726,#1744);
#1272=LINE('',#7730,#1745);
#1273=LINE('',#7731,#1746);
#1274=LINE('',#7734,#1747);
#1275=LINE('',#7739,#1748);
#1276=LINE('',#7740,#1749);
#1277=LINE('',#7744,#1750);
#1278=LINE('',#7750,#1751);
#1279=LINE('',#7751,#1752);
#1280=LINE('',#7752,#1753);
#1281=LINE('',#7761,#1754);
#1282=LINE('',#7765,#1755);
#1283=LINE('',#7766,#1756);
#1284=LINE('',#7772,#1757);
#1285=LINE('',#7776,#1758);
#1286=LINE('',#7780,#1759);
#1287=LINE('',#7784,#1760);
#1288=LINE('',#7793,#1761);
#1289=LINE('',#7799,#1762);
#1290=LINE('',#7803,#1763);
#1291=LINE('',#7805,#1764);
#1292=LINE('',#7806,#1765);
#1293=LINE('',#7809,#1766);
#1294=LINE('',#7811,#1767);
#1295=LINE('',#7812,#1768);
#1296=LINE('',#7818,#1769);
#1297=LINE('',#7819,#1770);
#1298=LINE('',#7824,#1771);
#1299=LINE('',#7826,#1772);
#1300=LINE('',#7827,#1773);
#1301=LINE('',#7831,#1774);
#1302=LINE('',#7834,#1775);
#1303=LINE('',#7836,#1776);
#1304=LINE('',#7839,#1777);
#1305=LINE('',#7841,#1778);
#1306=LINE('',#7845,#1779);
#1307=LINE('',#7849,#1780);
#1308=LINE('',#7851,#1781);
#1309=LINE('',#7853,#1782);
#1310=LINE('',#7854,#1783);
#1311=LINE('',#7859,#1784);
#1312=LINE('',#7864,#1785);
#1313=LINE('',#7865,#1786);
#1314=LINE('',#7867,#1787);
#1315=LINE('',#7873,#1788);
#1316=LINE('',#7875,#1789);
#1317=LINE('',#7877,#1790);
#1318=LINE('',#7878,#1791);
#1319=LINE('',#7884,#1792);
#1320=LINE('',#7886,#1793);
#1321=LINE('',#7887,#1794);
#1322=LINE('',#7891,#1795);
#1323=LINE('',#7894,#1796);
#1324=LINE('',#7895,#1797);
#1325=LINE('',#7902,#1798);
#1326=LINE('',#7905,#1799);
#1327=LINE('',#7908,#1800);
#1328=LINE('',#7909,#1801);
#1329=LINE('',#7912,#1802);
#1330=LINE('',#7916,#1803);
#1331=LINE('',#7917,#1804);
#1332=LINE('',#7921,#1805);
#1333=LINE('',#7925,#1806);
#1334=LINE('',#7943,#1807);
#1335=LINE('',#7951,#1808);
#1336=LINE('',#7954,#1809);
#1337=LINE('',#7957,#1810);
#1338=LINE('',#7959,#1811);
#1339=LINE('',#7960,#1812);
#1340=LINE('',#7963,#1813);
#1341=LINE('',#7965,#1814);
#1342=LINE('',#7967,#1815);
#1343=LINE('',#7971,#1816);
#1344=LINE('',#7976,#1817);
#1345=LINE('',#7980,#1818);
#1346=LINE('',#7983,#1819);
#1347=LINE('',#7985,#1820);
#1348=LINE('',#7986,#1821);
#1349=LINE('',#7990,#1822);
#1350=LINE('',#7994,#1823);
#1351=LINE('',#7998,#1824);
#1352=LINE('',#7999,#1825);
#1353=LINE('',#8001,#1826);
#1354=LINE('',#8006,#1827);
#1355=LINE('',#8009,#1828);
#1356=LINE('',#8034,#1829);
#1357=LINE('',#8055,#1830);
#1358=LINE('',#8059,#1831);
#1359=LINE('',#8081,#1832);
#1360=LINE('',#8101,#1833);
#1361=LINE('',#8110,#1834);
#1362=LINE('',#8114,#1835);
#1363=LINE('',#8126,#1836);
#1364=LINE('',#8128,#1837);
#1365=LINE('',#8132,#1838);
#1366=LINE('',#8134,#1839);
#1367=LINE('',#8137,#1840);
#1368=LINE('',#8138,#1841);
#1369=LINE('',#8151,#1842);
#1370=LINE('',#8152,#1843);
#1371=LINE('',#8155,#1844);
#1372=LINE('',#8157,#1845);
#1373=LINE('',#8161,#1846);
#1374=LINE('',#8164,#1847);
#1375=LINE('',#8167,#1848);
#1376=LINE('',#8168,#1849);
#1377=LINE('',#8171,#1850);
#1378=LINE('',#8174,#1851);
#1379=LINE('',#8176,#1852);
#1380=LINE('',#8178,#1853);
#1381=LINE('',#8181,#1854);
#1382=LINE('',#8189,#1855);
#1383=LINE('',#8191,#1856);
#1384=LINE('',#8194,#1857);
#1385=LINE('',#8206,#1858);
#1386=LINE('',#8209,#1859);
#1387=LINE('',#8212,#1860);
#1388=LINE('',#8213,#1861);
#1389=LINE('',#8216,#1862);
#1390=LINE('',#8220,#1863);
#1391=LINE('',#8221,#1864);
#1392=LINE('',#8224,#1865);
#1393=LINE('',#8228,#1866);
#1394=LINE('',#8229,#1867);
#1395=LINE('',#8232,#1868);
#1396=LINE('',#8235,#1869);
#1397=LINE('',#8405,#1870);
#1398=LINE('',#8449,#1871);
#1399=LINE('',#8452,#1872);
#1400=LINE('',#8454,#1873);
#1401=LINE('',#8546,#1874);
#1402=LINE('',#8552,#1875);
#1403=LINE('',#8557,#1876);
#1404=LINE('',#8559,#1877);
#1405=LINE('',#8560,#1878);
#1406=LINE('',#8564,#1879);
#1407=LINE('',#8567,#1880);
#1408=LINE('',#8568,#1881);
#1409=LINE('',#8570,#1882);
#1410=LINE('',#8571,#1883);
#1411=LINE('',#8577,#1884);
#1412=LINE('',#8585,#1885);
#1413=LINE('',#8589,#1886);
#1414=LINE('',#8596,#1887);
#1415=LINE('',#8598,#1888);
#1416=LINE('',#8601,#1889);
#1417=LINE('',#8604,#1890);
#1418=LINE('',#8608,#1891);
#1419=LINE('',#8614,#1892);
#1420=LINE('',#8619,#1893);
#1421=LINE('',#8620,#1894);
#1422=LINE('',#8623,#1895);
#1423=LINE('',#8632,#1896);
#1424=LINE('',#8636,#1897);
#1425=VECTOR('',#5360,10.);
#1426=VECTOR('',#5361,10.);
#1427=VECTOR('',#5362,10.);
#1428=VECTOR('',#5365,10.);
#1429=VECTOR('',#5366,10.);
#1430=VECTOR('',#5367,10.);
#1431=VECTOR('',#5370,10.);
#1432=VECTOR('',#5371,10.);
#1433=VECTOR('',#5372,10.);
#1434=VECTOR('',#5375,10.);
#1435=VECTOR('',#5376,10.);
#1436=VECTOR('',#5377,10.);
#1437=VECTOR('',#5380,10.);
#1438=VECTOR('',#5381,10.);
#1439=VECTOR('',#5382,10.);
#1440=VECTOR('',#5385,10.);
#1441=VECTOR('',#5386,10.);
#1442=VECTOR('',#5387,10.);
#1443=VECTOR('',#5390,10.);
#1444=VECTOR('',#5391,10.);
#1445=VECTOR('',#5394,10.);
#1446=VECTOR('',#5395,10.);
#1447=VECTOR('',#5398,10.);
#1448=VECTOR('',#5399,10.);
#1449=VECTOR('',#5400,10.);
#1450=VECTOR('',#5403,10.);
#1451=VECTOR('',#5404,10.);
#1452=VECTOR('',#5405,10.);
#1453=VECTOR('',#5408,10.);
#1454=VECTOR('',#5409,10.);
#1455=VECTOR('',#5412,10.);
#1456=VECTOR('',#5413,10.);
#1457=VECTOR('',#5416,10.);
#1458=VECTOR('',#5417,10.);
#1459=VECTOR('',#5420,10.);
#1460=VECTOR('',#5421,10.);
#1461=VECTOR('',#5424,10.);
#1462=VECTOR('',#5425,10.);
#1463=VECTOR('',#5428,10.);
#1464=VECTOR('',#5429,10.);
#1465=VECTOR('',#5432,10.);
#1466=VECTOR('',#5433,10.);
#1467=VECTOR('',#5436,10.);
#1468=VECTOR('',#5437,10.);
#1469=VECTOR('',#5440,10.);
#1470=VECTOR('',#5441,10.);
#1471=VECTOR('',#5444,10.);
#1472=VECTOR('',#5445,10.);
#1473=VECTOR('',#5448,10.);
#1474=VECTOR('',#5449,10.);
#1475=VECTOR('',#5450,10.);
#1476=VECTOR('',#5451,10.);
#1477=VECTOR('',#5452,10.);
#1478=VECTOR('',#5453,10.);
#1479=VECTOR('',#5454,10.);
#1480=VECTOR('',#5455,10.);
#1481=VECTOR('',#5456,10.);
#1482=VECTOR('',#5457,10.);
#1483=VECTOR('',#5458,10.);
#1484=VECTOR('',#5459,10.);
#1485=VECTOR('',#5460,10.);
#1486=VECTOR('',#5461,10.);
#1487=VECTOR('',#5462,10.);
#1488=VECTOR('',#5473,10.);
#1489=VECTOR('',#5474,10.);
#1490=VECTOR('',#5475,10.);
#1491=VECTOR('',#5476,10.);
#1492=VECTOR('',#5477,10.);
#1493=VECTOR('',#5480,10.);
#1494=VECTOR('',#5481,10.);
#1495=VECTOR('',#5482,10.);
#1496=VECTOR('',#5485,10.);
#1497=VECTOR('',#5486,10.);
#1498=VECTOR('',#5487,10.);
#1499=VECTOR('',#5490,10.);
#1500=VECTOR('',#5491,10.);
#1501=VECTOR('',#5492,10.);
#1502=VECTOR('',#5495,10.);
#1503=VECTOR('',#5496,10.);
#1504=VECTOR('',#5497,10.);
#1505=VECTOR('',#5500,10.);
#1506=VECTOR('',#5501,10.);
#1507=VECTOR('',#5502,10.);
#1508=VECTOR('',#5505,10.);
#1509=VECTOR('',#5508,10.);
#1510=VECTOR('',#5509,10.);
#1511=VECTOR('',#5512,10.);
#1512=VECTOR('',#5513,10.);
#1513=VECTOR('',#5514,10.);
#1514=VECTOR('',#5517,10.);
#1515=VECTOR('',#5518,10.);
#1516=VECTOR('',#5519,10.);
#1517=VECTOR('',#5522,10.);
#1518=VECTOR('',#5523,10.);
#1519=VECTOR('',#5524,10.);
#1520=VECTOR('',#5527,10.);
#1521=VECTOR('',#5530,10.);
#1522=VECTOR('',#5533,10.);
#1523=VECTOR('',#5534,10.);
#1524=VECTOR('',#5537,10.);
#1525=VECTOR('',#5538,10.);
#1526=VECTOR('',#5541,10.);
#1527=VECTOR('',#5544,10.);
#1528=VECTOR('',#5545,10.);
#1529=VECTOR('',#5548,10.);
#1530=VECTOR('',#5549,10.);
#1531=VECTOR('',#5552,10.);
#1532=VECTOR('',#5553,10.);
#1533=VECTOR('',#5556,10.);
#1534=VECTOR('',#5557,10.);
#1535=VECTOR('',#5560,10.);
#1536=VECTOR('',#5561,10.);
#1537=VECTOR('',#5572,10.);
#1538=VECTOR('',#5573,10.);
#1539=VECTOR('',#5574,10.);
#1540=VECTOR('',#5575,10.);
#1541=VECTOR('',#5578,10.);
#1542=VECTOR('',#5579,10.);
#1543=VECTOR('',#5580,10.);
#1544=VECTOR('',#5581,10.);
#1545=VECTOR('',#5582,10.);
#1546=VECTOR('',#5587,10.);
#1547=VECTOR('',#5592,10.);
#1548=VECTOR('',#5593,10.);
#1549=VECTOR('',#5594,10.);
#1550=VECTOR('',#5597,10.);
#1551=VECTOR('',#5604,10.);
#1552=VECTOR('',#5605,10.);
#1553=VECTOR('',#5606,10.);
#1554=VECTOR('',#5609,10.);
#1555=VECTOR('',#5616,10.);
#1556=VECTOR('',#5617,10.);
#1557=VECTOR('',#5618,10.);
#1558=VECTOR('',#5621,10.);
#1559=VECTOR('',#5624,10.);
#1560=VECTOR('',#5627,10.);
#1561=VECTOR('',#5630,10.);
#1562=VECTOR('',#5633,10.);
#1563=VECTOR('',#5636,10.);
#1564=VECTOR('',#5639,10.);
#1565=VECTOR('',#5642,10.);
#1566=VECTOR('',#5645,10.);
#1567=VECTOR('',#5648,10.);
#1568=VECTOR('',#5651,10.);
#1569=VECTOR('',#5654,10.);
#1570=VECTOR('',#5655,10.);
#1571=VECTOR('',#5658,10.);
#1572=VECTOR('',#5659,10.);
#1573=VECTOR('',#5662,10.);
#1574=VECTOR('',#5665,10.);
#1575=VECTOR('',#5668,10.);
#1576=VECTOR('',#5671,10.);
#1577=VECTOR('',#5674,10.);
#1578=VECTOR('',#5679,10.);
#1579=VECTOR('',#5680,10.);
#1580=VECTOR('',#5683,10.);
#1581=VECTOR('',#5688,10.);
#1582=VECTOR('',#5689,10.);
#1583=VECTOR('',#5692,10.);
#1584=VECTOR('',#5697,10.);
#1585=VECTOR('',#5698,10.);
#1586=VECTOR('',#5701,10.);
#1587=VECTOR('',#5706,10.);
#1588=VECTOR('',#5707,10.);
#1589=VECTOR('',#5712,10.);
#1590=VECTOR('',#5713,10.);
#1591=VECTOR('',#5718,10.);
#1592=VECTOR('',#5721,10.);
#1593=VECTOR('',#5722,10.);
#1594=VECTOR('',#5727,10.);
#1595=VECTOR('',#5732,10.);
#1596=VECTOR('',#5735,10.);
#1597=VECTOR('',#5736,10.);
#1598=VECTOR('',#5737,10.);
#1599=VECTOR('',#5738,10.);
#1600=VECTOR('',#5739,10.);
#1601=VECTOR('',#5742,10.);
#1602=VECTOR('',#5743,10.);
#1603=VECTOR('',#5746,10.);
#1604=VECTOR('',#5751,10.);
#1605=VECTOR('',#5752,10.);
#1606=VECTOR('',#5755,10.);
#1607=VECTOR('',#5760,10.);
#1608=VECTOR('',#5761,10.);
#1609=VECTOR('',#5762,10.);
#1610=VECTOR('',#5767,10.);
#1611=VECTOR('',#5768,10.);
#1612=VECTOR('',#5773,10.);
#1613=VECTOR('',#5776,10.);
#1614=VECTOR('',#5777,10.);
#1615=VECTOR('',#5782,10.);
#1616=VECTOR('',#5785,10.);
#1617=VECTOR('',#5786,10.);
#1618=VECTOR('',#5791,10.);
#1619=VECTOR('',#5796,10.);
#1620=VECTOR('',#5799,10.);
#1621=VECTOR('',#5800,10.);
#1622=VECTOR('',#5801,10.);
#1623=VECTOR('',#5802,10.);
#1624=VECTOR('',#5805,10.);
#1625=VECTOR('',#5810,10.);
#1626=VECTOR('',#5811,10.);
#1627=VECTOR('',#5814,10.);
#1628=VECTOR('',#5819,10.);
#1629=VECTOR('',#5820,10.);
#1630=VECTOR('',#5823,10.);
#1631=VECTOR('',#5828,10.);
#1632=VECTOR('',#5829,10.);
#1633=VECTOR('',#5830,10.);
#1634=VECTOR('',#5831,10.);
#1635=VECTOR('',#5836,10.);
#1636=VECTOR('',#5837,10.);
#1637=VECTOR('',#5838,10.);
#1638=VECTOR('',#5843,10.);
#1639=VECTOR('',#5848,10.);
#1640=VECTOR('',#5849,10.);
#1641=VECTOR('',#5850,10.);
#1642=VECTOR('',#5855,10.);
#1643=VECTOR('',#5860,10.);
#1644=VECTOR('',#5861,10.);
#1645=VECTOR('',#5862,10.);
#1646=VECTOR('',#5867,10.);
#1647=VECTOR('',#5872,10.);
#1648=VECTOR('',#5873,10.);
#1649=VECTOR('',#5874,10.);
#1650=VECTOR('',#5879,10.);
#1651=VECTOR('',#5884,10.);
#1652=VECTOR('',#5885,10.);
#1653=VECTOR('',#5886,10.);
#1654=VECTOR('',#5891,10.);
#1655=VECTOR('',#5898,10.);
#1656=VECTOR('',#5903,10.);
#1657=VECTOR('',#5904,10.);
#1658=VECTOR('',#5905,10.);
#1659=VECTOR('',#5910,10.);
#1660=VECTOR('',#5915,10.);
#1661=VECTOR('',#5916,10.);
#1662=VECTOR('',#5917,10.);
#1663=VECTOR('',#5922,10.);
#1664=VECTOR('',#5927,10.);
#1665=VECTOR('',#5928,10.);
#1666=VECTOR('',#5929,10.);
#1667=VECTOR('',#5934,10.);
#1668=VECTOR('',#5941,10.);
#1669=VECTOR('',#5942,10.);
#1670=VECTOR('',#5945,10.);
#1671=VECTOR('',#5946,10.);
#1672=VECTOR('',#5947,10.);
#1673=VECTOR('',#5948,10.);
#1674=VECTOR('',#5949,10.);
#1675=VECTOR('',#5950,10.);
#1676=VECTOR('',#5953,10.);
#1677=VECTOR('',#5958,10.);
#1678=VECTOR('',#5959,10.);
#1679=VECTOR('',#5962,10.);
#1680=VECTOR('',#5967,10.);
#1681=VECTOR('',#5968,10.);
#1682=VECTOR('',#5971,10.);
#1683=VECTOR('',#5976,1.);
#1684=VECTOR('',#5977,10.);
#1685=VECTOR('',#5980,10.);
#1686=VECTOR('',#5985,10.);
#1687=VECTOR('',#5990,10.);
#1688=VECTOR('',#5991,10.);
#1689=VECTOR('',#5994,10.);
#1690=VECTOR('',#5999,10.);
#1691=VECTOR('',#6000,10.);
#1692=VECTOR('',#6003,10.);
#1693=VECTOR('',#6008,10.);
#1694=VECTOR('',#6009,10.);
#1695=VECTOR('',#6012,10.);
#1696=VECTOR('',#6017,10.);
#1697=VECTOR('',#6018,10.);
#1698=VECTOR('',#6021,10.);
#1699=VECTOR('',#6026,10.);
#1700=VECTOR('',#6027,10.);
#1701=VECTOR('',#6028,10.);
#1702=VECTOR('',#6029,10.);
#1703=VECTOR('',#6032,10.);
#1704=VECTOR('',#6033,10.);
#1705=VECTOR('',#6034,10.);
#1706=VECTOR('',#6037,10.);
#1707=VECTOR('',#6044,10.);
#1708=VECTOR('',#6045,10.);
#1709=VECTOR('',#6046,10.);
#1710=VECTOR('',#6049,10.);
#1711=VECTOR('',#6056,10.);
#1712=VECTOR('',#6057,10.);
#1713=VECTOR('',#6060,10.);
#1714=VECTOR('',#6065,10.);
#1715=VECTOR('',#6066,10.);
#1716=VECTOR('',#6069,10.);
#1717=VECTOR('',#6074,10.);
#1718=VECTOR('',#6075,10.);
#1719=VECTOR('',#6078,10.);
#1720=VECTOR('',#6083,10.);
#1721=VECTOR('',#6084,10.);
#1722=VECTOR('',#6087,10.);
#1723=VECTOR('',#6092,10.);
#1724=VECTOR('',#6093,10.);
#1725=VECTOR('',#6096,10.);
#1726=VECTOR('',#6101,10.);
#1727=VECTOR('',#6106,10.);
#1728=VECTOR('',#6107,10.);
#1729=VECTOR('',#6110,10.);
#1730=VECTOR('',#6115,10.);
#1731=VECTOR('',#6116,10.);
#1732=VECTOR('',#6119,10.);
#1733=VECTOR('',#6124,10.);
#1734=VECTOR('',#6125,10.);
#1735=VECTOR('',#6128,10.);
#1736=VECTOR('',#6133,10.);
#1737=VECTOR('',#6134,10.);
#1738=VECTOR('',#6137,10.);
#1739=VECTOR('',#6144,10.);
#1740=VECTOR('',#6145,10.);
#1741=VECTOR('',#6148,10.);
#1742=VECTOR('',#6153,10.);
#1743=VECTOR('',#6154,10.);
#1744=VECTOR('',#6157,10.);
#1745=VECTOR('',#6162,10.);
#1746=VECTOR('',#6163,10.);
#1747=VECTOR('',#6166,10.);
#1748=VECTOR('',#6173,10.);
#1749=VECTOR('',#6174,10.);
#1750=VECTOR('',#6177,10.);
#1751=VECTOR('',#6184,10.);
#1752=VECTOR('',#6185,10.);
#1753=VECTOR('',#6186,10.);
#1754=VECTOR('',#6201,10.);
#1755=VECTOR('',#6206,10.);
#1756=VECTOR('',#6207,10.);
#1757=VECTOR('',#6214,10.);
#1758=VECTOR('',#6217,10.);
#1759=VECTOR('',#6220,10.);
#1760=VECTOR('',#6223,10.);
#1761=VECTOR('',#6234,10.);
#1762=VECTOR('',#6239,10.);
#1763=VECTOR('',#6242,10.);
#1764=VECTOR('',#6243,10.);
#1765=VECTOR('',#6244,10.);
#1766=VECTOR('',#6247,10.);
#1767=VECTOR('',#6248,10.);
#1768=VECTOR('',#6249,10.);
#1769=VECTOR('',#6258,10.);
#1770=VECTOR('',#6259,10.);
#1771=VECTOR('',#6264,10.);
#1772=VECTOR('',#6265,10.);
#1773=VECTOR('',#6266,10.);
#1774=VECTOR('',#6271,10.);
#1775=VECTOR('',#6274,10.);
#1776=VECTOR('',#6275,10.);
#1777=VECTOR('',#6278,10.);
#1778=VECTOR('',#6281,10.);
#1779=VECTOR('',#6288,10.);
#1780=VECTOR('',#6291,10.);
#1781=VECTOR('',#6292,10.);
#1782=VECTOR('',#6293,10.);
#1783=VECTOR('',#6294,10.);
#1784=VECTOR('',#6299,10.);
#1785=VECTOR('',#6304,10.);
#1786=VECTOR('',#6305,10.);
#1787=VECTOR('',#6306,10.);
#1788=VECTOR('',#6309,10.);
#1789=VECTOR('',#6310,10.);
#1790=VECTOR('',#6311,10.);
#1791=VECTOR('',#6312,10.);
#1792=VECTOR('',#6317,10.);
#1793=VECTOR('',#6318,10.);
#1794=VECTOR('',#6319,10.);
#1795=VECTOR('',#6324,10.);
#1796=VECTOR('',#6329,10.);
#1797=VECTOR('',#6330,10.);
#1798=VECTOR('',#6341,10.);
#1799=VECTOR('',#6344,10.);
#1800=VECTOR('',#6347,10.);
#1801=VECTOR('',#6348,10.);
#1802=VECTOR('',#6351,10.);
#1803=VECTOR('',#6356,10.);
#1804=VECTOR('',#6357,10.);
#1805=VECTOR('',#6364,10.);
#1806=VECTOR('',#6369,10.);
#1807=VECTOR('',#6374,10.);
#1808=VECTOR('',#6383,10.);
#1809=VECTOR('',#6388,10.);
#1810=VECTOR('',#6391,10.);
#1811=VECTOR('',#6392,10.);
#1812=VECTOR('',#6393,10.);
#1813=VECTOR('',#6396,10.);
#1814=VECTOR('',#6397,10.);
#1815=VECTOR('',#6398,10.);
#1816=VECTOR('',#6405,10.);
#1817=VECTOR('',#6412,10.);
#1818=VECTOR('',#6415,10.);
#1819=VECTOR('',#6420,10.);
#1820=VECTOR('',#6421,10.);
#1821=VECTOR('',#6422,10.);
#1822=VECTOR('',#6427,10.);
#1823=VECTOR('',#6434,10.);
#1824=VECTOR('',#6439,10.);
#1825=VECTOR('',#6440,10.);
#1826=VECTOR('',#6443,10.);
#1827=VECTOR('',#6452,10.);
#1828=VECTOR('',#6455,10.);
#1829=VECTOR('',#6458,10.);
#1830=VECTOR('',#6463,10.);
#1831=VECTOR('',#6466,10.);
#1832=VECTOR('',#6467,10.);
#1833=VECTOR('',#6472,2.04);
#1834=VECTOR('',#6483,10.);
#1835=VECTOR('',#6486,10.);
#1836=VECTOR('',#6501,10.);
#1837=VECTOR('',#6502,10.);
#1838=VECTOR('',#6507,10.);
#1839=VECTOR('',#6508,10.);
#1840=VECTOR('',#6513,10.);
#1841=VECTOR('',#6514,10.);
#1842=VECTOR('',#6519,10.);
#1843=VECTOR('',#6520,10.);
#1844=VECTOR('',#6523,10.);
#1845=VECTOR('',#6524,10.);
#1846=VECTOR('',#6529,10.);
#1847=VECTOR('',#6532,10.);
#1848=VECTOR('',#6535,10.);
#1849=VECTOR('',#6536,10.);
#1850=VECTOR('',#6539,10.);
#1851=VECTOR('',#6542,10.);
#1852=VECTOR('',#6545,10.);
#1853=VECTOR('',#6546,10.);
#1854=VECTOR('',#6549,10.);
#1855=VECTOR('',#6550,10.);
#1856=VECTOR('',#6553,10.);
#1857=VECTOR('',#6558,10.);
#1858=VECTOR('',#6579,10.);
#1859=VECTOR('',#6582,10.);
#1860=VECTOR('',#6585,10.);
#1861=VECTOR('',#6586,10.);
#1862=VECTOR('',#6589,10.);
#1863=VECTOR('',#6594,10.);
#1864=VECTOR('',#6595,10.);
#1865=VECTOR('',#6598,10.);
#1866=VECTOR('',#6603,10.);
#1867=VECTOR('',#6604,10.);
#1868=VECTOR('',#6607,10.);
#1869=VECTOR('',#6612,10.);
#1870=VECTOR('',#6619,10.);
#1871=VECTOR('',#6636,10.);
#1872=VECTOR('',#6639,10.);
#1873=VECTOR('',#6642,10.);
#1874=VECTOR('',#6649,3.5);
#1875=VECTOR('',#6656,10.);
#1876=VECTOR('',#6657,10.);
#1877=VECTOR('',#6658,10.);
#1878=VECTOR('',#6659,10.);
#1879=VECTOR('',#6664,10.);
#1880=VECTOR('',#6667,10.);
#1881=VECTOR('',#6668,10.);
#1882=VECTOR('',#6671,10.);
#1883=VECTOR('',#6672,10.);
#1884=VECTOR('',#6681,2.04);
#1885=VECTOR('',#6694,2.04);
#1886=VECTOR('',#6699,2.04);
#1887=VECTOR('',#6712,10.);
#1888=VECTOR('',#6715,10.);
#1889=VECTOR('',#6718,10.);
#1890=VECTOR('',#6723,10.);
#1891=VECTOR('',#6728,10.);
#1892=VECTOR('',#6735,10.);
#1893=VECTOR('',#6740,10.);
#1894=VECTOR('',#6741,10.);
#1895=VECTOR('',#6746,10.);
#1896=VECTOR('',#6755,3.5);
#1897=VECTOR('',#6760,3.5);
#1898=VERTEX_POINT('',#6769);
#1899=VERTEX_POINT('',#6770);
#1900=VERTEX_POINT('',#6772);
#1901=VERTEX_POINT('',#6776);
#1902=VERTEX_POINT('',#6777);
#1903=VERTEX_POINT('',#6779);
#1904=VERTEX_POINT('',#6783);
#1905=VERTEX_POINT('',#6784);
#1906=VERTEX_POINT('',#6786);
#1907=VERTEX_POINT('',#6790);
#1908=VERTEX_POINT('',#6791);
#1909=VERTEX_POINT('',#6793);
#1910=VERTEX_POINT('',#6797);
#1911=VERTEX_POINT('',#6798);
#1912=VERTEX_POINT('',#6800);
#1913=VERTEX_POINT('',#6804);
#1914=VERTEX_POINT('',#6805);
#1915=VERTEX_POINT('',#6807);
#1916=VERTEX_POINT('',#6817);
#1917=VERTEX_POINT('',#6818);
#1918=VERTEX_POINT('',#6820);
#1919=VERTEX_POINT('',#6824);
#1920=VERTEX_POINT('',#6825);
#1921=VERTEX_POINT('',#6827);
#1922=VERTEX_POINT('',#6861);
#1923=VERTEX_POINT('',#6862);
#1924=VERTEX_POINT('',#6864);
#1925=VERTEX_POINT('',#6866);
#1926=VERTEX_POINT('',#6868);
#1927=VERTEX_POINT('',#6870);
#1928=VERTEX_POINT('',#6872);
#1929=VERTEX_POINT('',#6874);
#1930=VERTEX_POINT('',#6876);
#1931=VERTEX_POINT('',#6878);
#1932=VERTEX_POINT('',#6880);
#1933=VERTEX_POINT('',#6883);
#1934=VERTEX_POINT('',#6884);
#1935=VERTEX_POINT('',#6886);
#1936=VERTEX_POINT('',#6888);
#1937=VERTEX_POINT('',#6896);
#1938=VERTEX_POINT('',#6897);
#1939=VERTEX_POINT('',#6899);
#1940=VERTEX_POINT('',#6901);
#1941=VERTEX_POINT('',#6903);
#1942=VERTEX_POINT('',#6907);
#1943=VERTEX_POINT('',#6908);
#1944=VERTEX_POINT('',#6910);
#1945=VERTEX_POINT('',#6914);
#1946=VERTEX_POINT('',#6915);
#1947=VERTEX_POINT('',#6917);
#1948=VERTEX_POINT('',#6921);
#1949=VERTEX_POINT('',#6922);
#1950=VERTEX_POINT('',#6924);
#1951=VERTEX_POINT('',#6928);
#1952=VERTEX_POINT('',#6930);
#1953=VERTEX_POINT('',#6934);
#1954=VERTEX_POINT('',#6936);
#1955=VERTEX_POINT('',#6945);
#1956=VERTEX_POINT('',#6946);
#1957=VERTEX_POINT('',#6948);
#1958=VERTEX_POINT('',#6952);
#1959=VERTEX_POINT('',#6954);
#1960=VERTEX_POINT('',#6958);
#1961=VERTEX_POINT('',#6959);
#1962=VERTEX_POINT('',#6995);
#1963=VERTEX_POINT('',#6996);
#1964=VERTEX_POINT('',#6998);
#1965=VERTEX_POINT('',#7000);
#1966=VERTEX_POINT('',#7002);
#1967=VERTEX_POINT('',#7004);
#1968=VERTEX_POINT('',#7006);
#1969=VERTEX_POINT('',#7008);
#1970=VERTEX_POINT('',#7010);
#1971=VERTEX_POINT('',#7012);
#1972=VERTEX_POINT('',#7016);
#1973=VERTEX_POINT('',#7017);
#1974=VERTEX_POINT('',#7021);
#1975=VERTEX_POINT('',#7023);
#1976=VERTEX_POINT('',#7027);
#1977=VERTEX_POINT('',#7029);
#1978=VERTEX_POINT('',#7033);
#1979=VERTEX_POINT('',#7034);
#1980=VERTEX_POINT('',#7039);
#1981=VERTEX_POINT('',#7041);
#1982=VERTEX_POINT('',#7045);
#1983=VERTEX_POINT('',#7046);
#1984=VERTEX_POINT('',#7051);
#1985=VERTEX_POINT('',#7052);
#1986=VERTEX_POINT('',#7057);
#1987=VERTEX_POINT('',#7059);
#1988=VERTEX_POINT('',#7061);
#1989=VERTEX_POINT('',#7063);
#1990=VERTEX_POINT('',#7065);
#1991=VERTEX_POINT('',#7067);
#1992=VERTEX_POINT('',#7069);
#1993=VERTEX_POINT('',#7071);
#1994=VERTEX_POINT('',#7073);
#1995=VERTEX_POINT('',#7075);
#1996=VERTEX_POINT('',#7077);
#1997=VERTEX_POINT('',#7079);
#1998=VERTEX_POINT('',#7081);
#1999=VERTEX_POINT('',#7083);
#2000=VERTEX_POINT('',#7085);
#2001=VERTEX_POINT('',#7087);
#2002=VERTEX_POINT('',#7089);
#2003=VERTEX_POINT('',#7091);
#2004=VERTEX_POINT('',#7093);
#2005=VERTEX_POINT('',#7095);
#2006=VERTEX_POINT('',#7099);
#2007=VERTEX_POINT('',#7100);
#2008=VERTEX_POINT('',#7104);
#2009=VERTEX_POINT('',#7106);
#2010=VERTEX_POINT('',#7112);
#2011=VERTEX_POINT('',#7116);
#2012=VERTEX_POINT('',#7120);
#2013=VERTEX_POINT('',#7124);
#2014=VERTEX_POINT('',#7126);
#2015=VERTEX_POINT('',#7141);
#2016=VERTEX_POINT('',#7143);
#2017=VERTEX_POINT('',#7145);
#2018=VERTEX_POINT('',#7147);
#2019=VERTEX_POINT('',#7149);
#2020=VERTEX_POINT('',#7151);
#2021=VERTEX_POINT('',#7153);
#2022=VERTEX_POINT('',#7155);
#2023=VERTEX_POINT('',#7157);
#2024=VERTEX_POINT('',#7184);
#2025=VERTEX_POINT('',#7185);
#2026=VERTEX_POINT('',#7210);
#2027=VERTEX_POINT('',#7218);
#2028=VERTEX_POINT('',#7223);
#2029=VERTEX_POINT('',#7227);
#2030=VERTEX_POINT('',#7231);
#2031=VERTEX_POINT('',#7235);
#2032=VERTEX_POINT('',#7239);
#2033=VERTEX_POINT('',#7243);
#2034=VERTEX_POINT('',#7247);
#2035=VERTEX_POINT('',#7251);
#2036=VERTEX_POINT('',#7268);
#2037=VERTEX_POINT('',#7299);
#2038=VERTEX_POINT('',#7301);
#2039=VERTEX_POINT('',#7305);
#2040=VERTEX_POINT('',#7309);
#2041=VERTEX_POINT('',#7313);
#2042=VERTEX_POINT('',#7317);
#2043=VERTEX_POINT('',#7321);
#2044=VERTEX_POINT('',#7323);
#2045=VERTEX_POINT('',#7325);
#2046=VERTEX_POINT('',#7327);
#2047=VERTEX_POINT('',#7329);
#2048=VERTEX_POINT('',#7332);
#2049=VERTEX_POINT('',#7336);
#2050=VERTEX_POINT('',#7340);
#2051=VERTEX_POINT('',#7344);
#2052=VERTEX_POINT('',#7348);
#2053=VERTEX_POINT('',#7353);
#2054=VERTEX_POINT('',#7355);
#2055=VERTEX_POINT('',#7359);
#2056=VERTEX_POINT('',#7363);
#2057=VERTEX_POINT('',#7367);
#2058=VERTEX_POINT('',#7371);
#2059=VERTEX_POINT('',#7375);
#2060=VERTEX_POINT('',#7379);
#2061=VERTEX_POINT('',#7383);
#2062=VERTEX_POINT('',#7385);
#2063=VERTEX_POINT('',#7387);
#2064=VERTEX_POINT('',#7391);
#2065=VERTEX_POINT('',#7395);
#2066=VERTEX_POINT('',#7399);
#2067=VERTEX_POINT('',#7403);
#2068=VERTEX_POINT('',#7407);
#2069=VERTEX_POINT('',#7411);
#2070=VERTEX_POINT('',#7413);
#2071=VERTEX_POINT('',#7415);
#2072=VERTEX_POINT('',#7419);
#2073=VERTEX_POINT('',#7420);
#2074=VERTEX_POINT('',#7422);
#2075=VERTEX_POINT('',#7424);
#2076=VERTEX_POINT('',#7428);
#2077=VERTEX_POINT('',#7430);
#2078=VERTEX_POINT('',#7434);
#2079=VERTEX_POINT('',#7435);
#2080=VERTEX_POINT('',#7440);
#2081=VERTEX_POINT('',#7442);
#2082=VERTEX_POINT('',#7446);
#2083=VERTEX_POINT('',#7447);
#2084=VERTEX_POINT('',#7452);
#2085=VERTEX_POINT('',#7454);
#2086=VERTEX_POINT('',#7458);
#2087=VERTEX_POINT('',#7459);
#2088=VERTEX_POINT('',#7464);
#2089=VERTEX_POINT('',#7466);
#2090=VERTEX_POINT('',#7470);
#2091=VERTEX_POINT('',#7471);
#2092=VERTEX_POINT('',#7476);
#2093=VERTEX_POINT('',#7478);
#2094=VERTEX_POINT('',#7482);
#2095=VERTEX_POINT('',#7484);
#2096=VERTEX_POINT('',#7488);
#2097=VERTEX_POINT('',#7489);
#2098=VERTEX_POINT('',#7494);
#2099=VERTEX_POINT('',#7496);
#2100=VERTEX_POINT('',#7500);
#2101=VERTEX_POINT('',#7501);
#2102=VERTEX_POINT('',#7506);
#2103=VERTEX_POINT('',#7508);
#2104=VERTEX_POINT('',#7512);
#2105=VERTEX_POINT('',#7513);
#2106=VERTEX_POINT('',#7518);
#2107=VERTEX_POINT('',#7520);
#2108=VERTEX_POINT('',#7524);
#2109=VERTEX_POINT('',#7525);
#2110=VERTEX_POINT('',#7530);
#2111=VERTEX_POINT('',#7532);
#2112=VERTEX_POINT('',#7535);
#2113=VERTEX_POINT('',#7537);
#2114=VERTEX_POINT('',#7541);
#2115=VERTEX_POINT('',#7545);
#2116=VERTEX_POINT('',#7549);
#2117=VERTEX_POINT('',#7553);
#2118=VERTEX_POINT('',#7557);
#2119=VERTEX_POINT('',#7561);
#2120=VERTEX_POINT('',#7565);
#2121=VERTEX_POINT('',#7569);
#2122=VERTEX_POINT('',#7573);
#2123=VERTEX_POINT('',#7577);
#2124=VERTEX_POINT('',#7581);
#2125=VERTEX_POINT('',#7585);
#2126=VERTEX_POINT('',#7589);
#2127=VERTEX_POINT('',#7593);
#2128=VERTEX_POINT('',#7597);
#2129=VERTEX_POINT('',#7601);
#2130=VERTEX_POINT('',#7605);
#2131=VERTEX_POINT('',#7607);
#2132=VERTEX_POINT('',#7609);
#2133=VERTEX_POINT('',#7613);
#2134=VERTEX_POINT('',#7615);
#2135=VERTEX_POINT('',#7619);
#2136=VERTEX_POINT('',#7620);
#2137=VERTEX_POINT('',#7625);
#2138=VERTEX_POINT('',#7627);
#2139=VERTEX_POINT('',#7631);
#2140=VERTEX_POINT('',#7636);
#2141=VERTEX_POINT('',#7640);
#2142=VERTEX_POINT('',#7644);
#2143=VERTEX_POINT('',#7648);
#2144=VERTEX_POINT('',#7652);
#2145=VERTEX_POINT('',#7656);
#2146=VERTEX_POINT('',#7660);
#2147=VERTEX_POINT('',#7664);
#2148=VERTEX_POINT('',#7668);
#2149=VERTEX_POINT('',#7672);
#2150=VERTEX_POINT('',#7676);
#2151=VERTEX_POINT('',#7680);
#2152=VERTEX_POINT('',#7684);
#2153=VERTEX_POINT('',#7688);
#2154=VERTEX_POINT('',#7692);
#2155=VERTEX_POINT('',#7696);
#2156=VERTEX_POINT('',#7700);
#2157=VERTEX_POINT('',#7704);
#2158=VERTEX_POINT('',#7708);
#2159=VERTEX_POINT('',#7713);
#2160=VERTEX_POINT('',#7717);
#2161=VERTEX_POINT('',#7721);
#2162=VERTEX_POINT('',#7725);
#2163=VERTEX_POINT('',#7729);
#2164=VERTEX_POINT('',#7733);
#2165=VERTEX_POINT('',#7738);
#2166=VERTEX_POINT('',#7742);
#2167=VERTEX_POINT('',#7743);
#2168=VERTEX_POINT('',#7748);
#2169=VERTEX_POINT('',#7749);
#2170=VERTEX_POINT('',#7760);
#2171=VERTEX_POINT('',#7764);
#2172=VERTEX_POINT('',#7770);
#2173=VERTEX_POINT('',#7771);
#2174=VERTEX_POINT('',#7773);
#2175=VERTEX_POINT('',#7775);
#2176=VERTEX_POINT('',#7777);
#2177=VERTEX_POINT('',#7779);
#2178=VERTEX_POINT('',#7781);
#2179=VERTEX_POINT('',#7783);
#2180=VERTEX_POINT('',#7786);
#2181=VERTEX_POINT('',#7789);
#2182=VERTEX_POINT('',#7791);
#2183=VERTEX_POINT('',#7795);
#2184=VERTEX_POINT('',#7796);
#2185=VERTEX_POINT('',#7798);
#2186=VERTEX_POINT('',#7800);
#2187=VERTEX_POINT('',#7802);
#2188=VERTEX_POINT('',#7804);
#2189=VERTEX_POINT('',#7808);
#2190=VERTEX_POINT('',#7810);
#2191=VERTEX_POINT('',#7817);
#2192=VERTEX_POINT('',#7821);
#2193=VERTEX_POINT('',#7823);
#2194=VERTEX_POINT('',#7825);
#2195=VERTEX_POINT('',#7829);
#2196=VERTEX_POINT('',#7833);
#2197=VERTEX_POINT('',#7835);
#2198=VERTEX_POINT('',#7837);
#2199=VERTEX_POINT('',#7847);
#2200=VERTEX_POINT('',#7848);
#2201=VERTEX_POINT('',#7850);
#2202=VERTEX_POINT('',#7852);
#2203=VERTEX_POINT('',#7856);
#2204=VERTEX_POINT('',#7858);
#2205=VERTEX_POINT('',#7862);
#2206=VERTEX_POINT('',#7863);
#2207=VERTEX_POINT('',#7866);
#2208=VERTEX_POINT('',#7872);
#2209=VERTEX_POINT('',#7874);
#2210=VERTEX_POINT('',#7876);
#2211=VERTEX_POINT('',#7880);
#2212=VERTEX_POINT('',#7881);
#2213=VERTEX_POINT('',#7883);
#2214=VERTEX_POINT('',#7885);
#2215=VERTEX_POINT('',#7890);
#2216=VERTEX_POINT('',#7901);
#2217=VERTEX_POINT('',#7903);
#2218=VERTEX_POINT('',#7907);
#2219=VERTEX_POINT('',#7911);
#2220=VERTEX_POINT('',#7915);
#2221=VERTEX_POINT('',#7923);
#2222=VERTEX_POINT('',#7942);
#2223=VERTEX_POINT('',#7944);
#2224=VERTEX_POINT('',#7948);
#2225=VERTEX_POINT('',#7950);
#2226=VERTEX_POINT('',#7956);
#2227=VERTEX_POINT('',#7958);
#2228=VERTEX_POINT('',#7962);
#2229=VERTEX_POINT('',#7964);
#2230=VERTEX_POINT('',#7966);
#2231=VERTEX_POINT('',#7975);
#2232=VERTEX_POINT('',#7977);
#2233=VERTEX_POINT('',#7979);
#2234=VERTEX_POINT('',#7984);
#2235=VERTEX_POINT('',#7989);
#2236=VERTEX_POINT('',#7997);
#2237=VERTEX_POINT('',#8008);
#2238=VERTEX_POINT('',#8010);
#2239=VERTEX_POINT('',#8021);
#2240=VERTEX_POINT('',#8033);
#2241=VERTEX_POINT('',#8054);
#2242=VERTEX_POINT('',#8056);
#2243=VERTEX_POINT('',#8058);
#2244=VERTEX_POINT('',#8060);
#2245=VERTEX_POINT('',#8080);
#2246=VERTEX_POINT('',#8098);
#2247=VERTEX_POINT('',#8100);
#2248=VERTEX_POINT('',#8105);
#2249=VERTEX_POINT('',#8107);
#2250=VERTEX_POINT('',#8109);
#2251=VERTEX_POINT('',#8111);
#2252=VERTEX_POINT('',#8113);
#2253=VERTEX_POINT('',#8117);
#2254=VERTEX_POINT('',#8119);
#2255=VERTEX_POINT('',#8121);
#2256=VERTEX_POINT('',#8125);
#2257=VERTEX_POINT('',#8127);
#2258=VERTEX_POINT('',#8131);
#2259=VERTEX_POINT('',#8133);
#2260=VERTEX_POINT('',#8150);
#2261=VERTEX_POINT('',#8154);
#2262=VERTEX_POINT('',#8156);
#2263=VERTEX_POINT('',#8160);
#2264=VERTEX_POINT('',#8162);
#2265=VERTEX_POINT('',#8166);
#2266=VERTEX_POINT('',#8170);
#2267=VERTEX_POINT('',#8172);
#2268=VERTEX_POINT('',#8177);
#2269=VERTEX_POINT('',#8180);
#2270=VERTEX_POINT('',#8185);
#2271=VERTEX_POINT('',#8205);
#2272=VERTEX_POINT('',#8207);
#2273=VERTEX_POINT('',#8211);
#2274=VERTEX_POINT('',#8215);
#2275=VERTEX_POINT('',#8219);
#2276=VERTEX_POINT('',#8223);
#2277=VERTEX_POINT('',#8227);
#2278=VERTEX_POINT('',#8231);
#2279=VERTEX_POINT('',#8302);
#2280=VERTEX_POINT('',#8303);
#2281=VERTEX_POINT('',#8311);
#2282=VERTEX_POINT('',#8356);
#2283=VERTEX_POINT('',#8402);
#2284=VERTEX_POINT('',#8404);
#2285=VERTEX_POINT('',#8413);
#2286=VERTEX_POINT('',#8418);
#2287=VERTEX_POINT('',#8422);
#2288=VERTEX_POINT('',#8424);
#2289=VERTEX_POINT('',#8428);
#2290=VERTEX_POINT('',#8430);
#2291=VERTEX_POINT('',#8437);
#2292=VERTEX_POINT('',#8451);
#2293=VERTEX_POINT('',#8545);
#2294=VERTEX_POINT('',#8549);
#2295=VERTEX_POINT('',#8551);
#2296=VERTEX_POINT('',#8553);
#2297=VERTEX_POINT('',#8558);
#2298=VERTEX_POINT('',#8562);
#2299=VERTEX_POINT('',#8566);
#2300=VERTEX_POINT('',#8576);
#2301=VERTEX_POINT('',#8584);
#2302=VERTEX_POINT('',#8588);
#2303=VERTEX_POINT('',#8600);
#2304=VERTEX_POINT('',#8606);
#2305=VERTEX_POINT('',#8610);
#2306=VERTEX_POINT('',#8613);
#2307=VERTEX_POINT('',#8615);
#2308=VERTEX_POINT('',#8617);
#2309=VERTEX_POINT('',#8631);
#2310=VERTEX_POINT('',#8635);
#2311=EDGE_CURVE('',#1898,#1899,#952,.T.);
#2312=EDGE_CURVE('',#1900,#1898,#953,.T.);
#2313=EDGE_CURVE('',#1899,#1900,#954,.T.);
#2314=EDGE_CURVE('',#1901,#1902,#955,.T.);
#2315=EDGE_CURVE('',#1903,#1901,#956,.T.);
#2316=EDGE_CURVE('',#1902,#1903,#957,.T.);
#2317=EDGE_CURVE('',#1904,#1905,#958,.T.);
#2318=EDGE_CURVE('',#1906,#1904,#959,.T.);
#2319=EDGE_CURVE('',#1905,#1906,#960,.T.);
#2320=EDGE_CURVE('',#1907,#1908,#961,.T.);
#2321=EDGE_CURVE('',#1909,#1907,#962,.T.);
#2322=EDGE_CURVE('',#1908,#1909,#963,.T.);
#2323=EDGE_CURVE('',#1910,#1911,#964,.T.);
#2324=EDGE_CURVE('',#1912,#1910,#965,.T.);
#2325=EDGE_CURVE('',#1911,#1912,#966,.T.);
#2326=EDGE_CURVE('',#1913,#1914,#967,.T.);
#2327=EDGE_CURVE('',#1915,#1913,#968,.T.);
#2328=EDGE_CURVE('',#1914,#1915,#969,.T.);
#2329=EDGE_CURVE('',#1913,#1909,#970,.T.);
#2330=EDGE_CURVE('',#1907,#1915,#971,.T.);
#2331=EDGE_CURVE('',#1901,#1914,#972,.T.);
#2332=EDGE_CURVE('',#1915,#1903,#973,.T.);
#2333=EDGE_CURVE('',#1916,#1917,#974,.T.);
#2334=EDGE_CURVE('',#1918,#1916,#975,.T.);
#2335=EDGE_CURVE('',#1917,#1918,#976,.T.);
#2336=EDGE_CURVE('',#1919,#1920,#977,.T.);
#2337=EDGE_CURVE('',#1921,#1919,#978,.T.);
#2338=EDGE_CURVE('',#1920,#1921,#979,.T.);
#2339=EDGE_CURVE('',#1919,#1913,#980,.T.);
#2340=EDGE_CURVE('',#1914,#1921,#981,.T.);
#2341=EDGE_CURVE('',#1910,#1920,#982,.T.);
#2342=EDGE_CURVE('',#1921,#1912,#983,.T.);
#2343=EDGE_CURVE('',#1916,#1919,#984,.T.);
#2344=EDGE_CURVE('',#1920,#1918,#985,.T.);
#2345=EDGE_CURVE('',#1904,#1917,#986,.T.);
#2346=EDGE_CURVE('',#1918,#1906,#987,.T.);
#2347=EDGE_CURVE('',#1909,#1916,#988,.T.);
#2348=EDGE_CURVE('',#1917,#1908,#989,.T.);
#2349=EDGE_CURVE('',#1902,#1911,#990,.T.);
#2350=EDGE_CURVE('',#1912,#1901,#991,.T.);
#2351=EDGE_CURVE('',#1911,#1905,#992,.T.);
#2352=EDGE_CURVE('',#1906,#1910,#993,.T.);
#2353=EDGE_CURVE('',#1898,#1907,#994,.T.);
#2354=EDGE_CURVE('',#1908,#1900,#995,.T.);
#2355=EDGE_CURVE('',#1905,#1899,#996,.T.);
#2356=EDGE_CURVE('',#1900,#1904,#997,.T.);
#2357=EDGE_CURVE('',#1899,#1902,#998,.T.);
#2358=EDGE_CURVE('',#1903,#1898,#999,.T.);
#2359=EDGE_CURVE('',#1922,#1923,#1000,.T.);
#2360=EDGE_CURVE('',#1924,#1922,#1001,.T.);
#2361=EDGE_CURVE('',#1925,#1924,#1002,.T.);
#2362=EDGE_CURVE('',#1926,#1925,#1003,.T.);
#2363=EDGE_CURVE('',#1927,#1926,#1004,.T.);
#2364=EDGE_CURVE('',#1928,#1927,#1005,.T.);
#2365=EDGE_CURVE('',#1929,#1928,#1006,.T.);
#2366=EDGE_CURVE('',#1930,#1929,#1007,.T.);
#2367=EDGE_CURVE('',#1931,#1930,#1008,.T.);
#2368=EDGE_CURVE('',#1932,#1931,#1009,.T.);
#2369=EDGE_CURVE('',#1923,#1932,#1010,.T.);
#2370=EDGE_CURVE('',#1933,#1934,#1011,.T.);
#2371=EDGE_CURVE('',#1935,#1933,#1012,.T.);
#2372=EDGE_CURVE('',#1936,#1935,#1013,.T.);
#2373=EDGE_CURVE('',#1934,#1936,#1014,.T.);
#2374=EDGE_CURVE('',#1937,#1938,#1015,.T.);
#2375=EDGE_CURVE('',#1939,#1937,#1016,.T.);
#2376=EDGE_CURVE('',#1940,#1939,#1017,.T.);
#2377=EDGE_CURVE('',#1941,#1940,#1018,.T.);
#2378=EDGE_CURVE('',#1938,#1941,#1019,.T.);
#2379=EDGE_CURVE('',#1942,#1943,#1020,.T.);
#2380=EDGE_CURVE('',#1944,#1942,#1021,.T.);
#2381=EDGE_CURVE('',#1943,#1944,#1022,.T.);
#2382=EDGE_CURVE('',#1945,#1946,#1023,.T.);
#2383=EDGE_CURVE('',#1947,#1945,#1024,.T.);
#2384=EDGE_CURVE('',#1946,#1947,#1025,.T.);
#2385=EDGE_CURVE('',#1948,#1949,#1026,.T.);
#2386=EDGE_CURVE('',#1950,#1948,#1027,.T.);
#2387=EDGE_CURVE('',#1949,#1950,#1028,.T.);
#2388=EDGE_CURVE('',#1935,#1951,#1029,.T.);
#2389=EDGE_CURVE('',#1952,#1935,#1030,.T.);
#2390=EDGE_CURVE('',#1951,#1952,#1031,.T.);
#2391=EDGE_CURVE('',#1936,#1953,#1032,.T.);
#2392=EDGE_CURVE('',#1954,#1936,#1033,.T.);
#2393=EDGE_CURVE('',#1953,#1954,#1034,.T.);
#2394=EDGE_CURVE('',#1951,#1954,#1035,.T.);
#2395=EDGE_CURVE('',#1945,#1953,#1036,.T.);
#2396=EDGE_CURVE('',#1954,#1947,#1037,.T.);
#2397=EDGE_CURVE('',#1955,#1956,#1038,.T.);
#2398=EDGE_CURVE('',#1957,#1955,#1039,.T.);
#2399=EDGE_CURVE('',#1956,#1957,#1040,.T.);
#2400=EDGE_CURVE('',#1933,#1958,#1041,.T.);
#2401=EDGE_CURVE('',#1959,#1933,#1042,.T.);
#2402=EDGE_CURVE('',#1958,#1959,#1043,.T.);
#2403=EDGE_CURVE('',#1960,#1961,#1044,.T.);
#2404=EDGE_CURVE('',#1934,#1960,#1045,.T.);
#2405=EDGE_CURVE('',#1961,#1934,#1046,.T.);
#2406=EDGE_CURVE('',#1960,#1959,#1047,.T.);
#2407=EDGE_CURVE('',#1953,#1961,#1048,.T.);
#2408=EDGE_CURVE('',#1955,#1960,#1049,.T.);
#2409=EDGE_CURVE('',#1961,#1957,#1050,.T.);
#2410=EDGE_CURVE('',#1948,#1958,#1051,.T.);
#2411=EDGE_CURVE('',#1959,#1950,#1052,.T.);
#2412=EDGE_CURVE('',#1958,#1952,#1053,.T.);
#2413=EDGE_CURVE('',#1946,#1956,#1054,.T.);
#2414=EDGE_CURVE('',#1957,#1945,#1055,.T.);
#2415=EDGE_CURVE('',#1956,#1949,#1056,.T.);
#2416=EDGE_CURVE('',#1950,#1955,#1057,.T.);
#2417=EDGE_CURVE('',#1942,#1951,#1058,.T.);
#2418=EDGE_CURVE('',#1952,#1944,#1059,.T.);
#2419=EDGE_CURVE('',#1949,#1943,#1060,.T.);
#2420=EDGE_CURVE('',#1944,#1948,#1061,.T.);
#2421=EDGE_CURVE('',#1943,#1946,#1062,.T.);
#2422=EDGE_CURVE('',#1947,#1942,#1063,.T.);
#2423=EDGE_CURVE('',#1962,#1963,#1064,.T.);
#2424=EDGE_CURVE('',#1964,#1962,#1065,.T.);
#2425=EDGE_CURVE('',#1965,#1964,#1066,.T.);
#2426=EDGE_CURVE('',#1966,#1965,#1067,.T.);
#2427=EDGE_CURVE('',#1967,#1966,#217,.T.);
#2428=EDGE_CURVE('',#1968,#1967,#1068,.T.);
#2429=EDGE_CURVE('',#1969,#1968,#1069,.T.);
#2430=EDGE_CURVE('',#1970,#1969,#1070,.T.);
#2431=EDGE_CURVE('',#1971,#1970,#1071,.T.);
#2432=EDGE_CURVE('',#1963,#1971,#1072,.T.);
#2433=EDGE_CURVE('',#1972,#1973,#152,.F.);
#2434=EDGE_CURVE('',#1973,#1974,#218,.T.);
#2435=EDGE_CURVE('',#1974,#1975,#1073,.T.);
#2436=EDGE_CURVE('',#1975,#1972,#219,.T.);
#2437=EDGE_CURVE('',#1974,#1976,#1074,.T.);
#2438=EDGE_CURVE('',#1976,#1977,#1075,.T.);
#2439=EDGE_CURVE('',#1977,#1975,#1076,.T.);
#2440=EDGE_CURVE('',#1978,#1979,#1077,.T.);
#2441=EDGE_CURVE('',#1979,#1977,#220,.T.);
#2442=EDGE_CURVE('',#1976,#1978,#221,.T.);
#2443=EDGE_CURVE('',#1978,#1980,#1078,.T.);
#2444=EDGE_CURVE('',#1980,#1981,#1079,.T.);
#2445=EDGE_CURVE('',#1981,#1979,#1080,.T.);
#2446=EDGE_CURVE('',#1982,#1983,#1081,.T.);
#2447=EDGE_CURVE('',#1983,#1981,#222,.T.);
#2448=EDGE_CURVE('',#1980,#1982,#223,.T.);
#2449=EDGE_CURVE('',#1984,#1985,#1082,.F.);
#2450=EDGE_CURVE('',#1985,#1983,#1083,.T.);
#2451=EDGE_CURVE('',#1982,#1984,#1084,.T.);
#2452=EDGE_CURVE('',#1973,#1986,#1085,.T.);
#2453=EDGE_CURVE('',#1987,#1986,#224,.F.);
#2454=EDGE_CURVE('',#1988,#1987,#1086,.T.);
#2455=EDGE_CURVE('',#1989,#1988,#225,.T.);
#2456=EDGE_CURVE('',#1990,#1989,#1087,.T.);
#2457=EDGE_CURVE('',#1991,#1990,#226,.T.);
#2458=EDGE_CURVE('',#1992,#1991,#1088,.T.);
#2459=EDGE_CURVE('',#1993,#1992,#227,.F.);
#2460=EDGE_CURVE('',#1993,#1994,#1089,.T.);
#2461=EDGE_CURVE('',#1995,#1994,#228,.F.);
#2462=EDGE_CURVE('',#1996,#1995,#1090,.T.);
#2463=EDGE_CURVE('',#1997,#1996,#229,.T.);
#2464=EDGE_CURVE('',#1998,#1997,#1091,.T.);
#2465=EDGE_CURVE('',#1999,#1998,#230,.T.);
#2466=EDGE_CURVE('',#2000,#1999,#1092,.T.);
#2467=EDGE_CURVE('',#2001,#2000,#231,.T.);
#2468=EDGE_CURVE('',#2002,#2001,#1093,.T.);
#2469=EDGE_CURVE('',#2003,#2002,#109,.F.);
#2470=EDGE_CURVE('',#2004,#2003,#1094,.T.);
#2471=EDGE_CURVE('',#2005,#2004,#110,.F.);
#2472=EDGE_CURVE('',#1984,#2005,#1095,.T.);
#2473=EDGE_CURVE('',#2006,#2007,#153,.F.);
#2474=EDGE_CURVE('',#2007,#2008,#1096,.T.);
#2475=EDGE_CURVE('',#2008,#2009,#154,.F.);
#2476=EDGE_CURVE('',#2009,#2006,#1097,.T.);
#2477=EDGE_CURVE('',#2010,#2008,#155,.T.);
#2478=EDGE_CURVE('',#2007,#2011,#156,.T.);
#2479=EDGE_CURVE('',#2011,#2012,#157,.F.);
#2480=EDGE_CURVE('',#2012,#2013,#1098,.T.);
#2481=EDGE_CURVE('',#2014,#2013,#84,.T.);
#2482=EDGE_CURVE('',#2015,#2014,#1099,.T.);
#2483=EDGE_CURVE('',#2016,#2015,#232,.T.);
#2484=EDGE_CURVE('',#2017,#2016,#1100,.T.);
#2485=EDGE_CURVE('',#2018,#2017,#233,.T.);
#2486=EDGE_CURVE('',#2019,#2018,#1101,.T.);
#2487=EDGE_CURVE('',#2020,#2019,#234,.T.);
#2488=EDGE_CURVE('',#2021,#2020,#1102,.T.);
#2489=EDGE_CURVE('',#2022,#2021,#235,.T.);
#2490=EDGE_CURVE('',#2023,#2022,#158,.T.);
#2491=EDGE_CURVE('',#2023,#2010,#159,.F.);
#2492=EDGE_CURVE('',#2024,#2025,#85,.F.);
#2493=EDGE_CURVE('',#2025,#2026,#86,.T.);
#2494=EDGE_CURVE('',#2026,#2024,#1103,.T.);
#2495=EDGE_CURVE('',#2022,#2027,#87,.T.);
#2496=EDGE_CURVE('',#2021,#2028,#1104,.T.);
#2497=EDGE_CURVE('',#2028,#2027,#236,.T.);
#2498=EDGE_CURVE('',#2020,#2029,#1105,.T.);
#2499=EDGE_CURVE('',#2029,#2028,#1106,.T.);
#2500=EDGE_CURVE('',#2019,#2030,#1107,.T.);
#2501=EDGE_CURVE('',#2030,#2029,#237,.T.);
#2502=EDGE_CURVE('',#2018,#2031,#1108,.T.);
#2503=EDGE_CURVE('',#2031,#2030,#1109,.T.);
#2504=EDGE_CURVE('',#2017,#2032,#1110,.T.);
#2505=EDGE_CURVE('',#2032,#2031,#238,.T.);
#2506=EDGE_CURVE('',#2016,#2033,#1111,.T.);
#2507=EDGE_CURVE('',#2033,#2032,#1112,.T.);
#2508=EDGE_CURVE('',#2015,#2034,#1113,.T.);
#2509=EDGE_CURVE('',#2034,#2033,#239,.T.);
#2510=EDGE_CURVE('',#2014,#2035,#88,.F.);
#2511=EDGE_CURVE('',#2035,#2036,#1114,.T.);
#2512=EDGE_CURVE('',#2036,#2034,#1115,.T.);
#2513=EDGE_CURVE('',#2035,#2024,#89,.F.);
#2514=EDGE_CURVE('',#2026,#2036,#90,.T.);
#2515=EDGE_CURVE('',#1987,#2037,#111,.F.);
#2516=EDGE_CURVE('',#2037,#2038,#1116,.T.);
#2517=EDGE_CURVE('',#2038,#1988,#1117,.T.);
#2518=EDGE_CURVE('',#2038,#2039,#240,.T.);
#2519=EDGE_CURVE('',#2039,#1989,#1118,.T.);
#2520=EDGE_CURVE('',#2040,#1990,#1119,.T.);
#2521=EDGE_CURVE('',#2039,#2040,#1120,.T.);
#2522=EDGE_CURVE('',#2040,#2041,#241,.T.);
#2523=EDGE_CURVE('',#2041,#1991,#1121,.T.);
#2524=EDGE_CURVE('',#2042,#1992,#112,.F.);
#2525=EDGE_CURVE('',#2041,#2042,#1122,.T.);
#2526=EDGE_CURVE('',#2042,#2043,#1123,.T.);
#2527=EDGE_CURVE('',#2044,#2041,#1124,.T.);
#2528=EDGE_CURVE('',#2045,#2044,#1125,.T.);
#2529=EDGE_CURVE('',#2046,#2045,#1126,.T.);
#2530=EDGE_CURVE('',#2046,#2047,#1127,.T.);
#2531=EDGE_CURVE('',#1939,#2047,#113,.F.);
#2532=EDGE_CURVE('',#2048,#1937,#1128,.T.);
#2533=EDGE_CURVE('',#2043,#2048,#1129,.T.);
#2534=EDGE_CURVE('',#2049,#2040,#1130,.T.);
#2535=EDGE_CURVE('',#2044,#2049,#242,.T.);
#2536=EDGE_CURVE('',#2050,#2039,#1131,.T.);
#2537=EDGE_CURVE('',#2049,#2050,#1132,.T.);
#2538=EDGE_CURVE('',#2038,#2051,#1133,.T.);
#2539=EDGE_CURVE('',#2050,#2051,#243,.T.);
#2540=EDGE_CURVE('',#2052,#2031,#1134,.T.);
#2541=EDGE_CURVE('',#2051,#2052,#1135,.T.);
#2542=EDGE_CURVE('',#2030,#2037,#1136,.T.);
#2543=EDGE_CURVE('',#1995,#2053,#114,.F.);
#2544=EDGE_CURVE('',#2053,#2054,#1137,.T.);
#2545=EDGE_CURVE('',#2054,#1996,#1138,.T.);
#2546=EDGE_CURVE('',#2054,#2055,#244,.T.);
#2547=EDGE_CURVE('',#2055,#1997,#1139,.T.);
#2548=EDGE_CURVE('',#2056,#1998,#1140,.T.);
#2549=EDGE_CURVE('',#2055,#2056,#1141,.T.);
#2550=EDGE_CURVE('',#2056,#2057,#245,.T.);
#2551=EDGE_CURVE('',#2057,#1999,#1142,.T.);
#2552=EDGE_CURVE('',#2058,#2000,#1143,.T.);
#2553=EDGE_CURVE('',#2057,#2058,#1144,.T.);
#2554=EDGE_CURVE('',#2058,#2059,#246,.T.);
#2555=EDGE_CURVE('',#2059,#2001,#1145,.T.);
#2556=EDGE_CURVE('',#2060,#2002,#115,.F.);
#2557=EDGE_CURVE('',#2059,#2060,#1146,.T.);
#2558=EDGE_CURVE('',#2060,#2061,#1147,.T.);
#2559=EDGE_CURVE('',#2062,#2059,#1148,.T.);
#2560=EDGE_CURVE('',#2063,#2062,#1149,.T.);
#2561=EDGE_CURVE('',#2061,#2063,#1150,.T.);
#2562=EDGE_CURVE('',#2058,#2064,#1151,.T.);
#2563=EDGE_CURVE('',#2062,#2064,#247,.T.);
#2564=EDGE_CURVE('',#2065,#2057,#1152,.T.);
#2565=EDGE_CURVE('',#2064,#2065,#1153,.T.);
#2566=EDGE_CURVE('',#2056,#2066,#1154,.T.);
#2567=EDGE_CURVE('',#2066,#2065,#248,.F.);
#2568=EDGE_CURVE('',#2067,#2055,#1155,.T.);
#2569=EDGE_CURVE('',#2066,#2067,#1156,.T.);
#2570=EDGE_CURVE('',#2054,#2068,#1157,.T.);
#2571=EDGE_CURVE('',#2067,#2068,#249,.T.);
#2572=EDGE_CURVE('',#2069,#2053,#1158,.T.);
#2573=EDGE_CURVE('',#2069,#2070,#1159,.T.);
#2574=EDGE_CURVE('',#2071,#2070,#1160,.T.);
#2575=EDGE_CURVE('',#2068,#2071,#1161,.T.);
#2576=EDGE_CURVE('',#2072,#2073,#116,.F.);
#2577=EDGE_CURVE('',#2073,#2074,#1162,.T.);
#2578=EDGE_CURVE('',#2074,#2075,#1163,.T.);
#2579=EDGE_CURVE('',#2075,#2072,#1164,.T.);
#2580=EDGE_CURVE('',#2074,#2076,#250,.T.);
#2581=EDGE_CURVE('',#2076,#2077,#1165,.T.);
#2582=EDGE_CURVE('',#2077,#2075,#251,.T.);
#2583=EDGE_CURVE('',#2078,#2079,#1166,.T.);
#2584=EDGE_CURVE('',#2079,#2077,#1167,.T.);
#2585=EDGE_CURVE('',#2076,#2078,#1168,.T.);
#2586=EDGE_CURVE('',#2078,#2080,#252,.T.);
#2587=EDGE_CURVE('',#2080,#2081,#1169,.T.);
#2588=EDGE_CURVE('',#2081,#2079,#253,.T.);
#2589=EDGE_CURVE('',#2082,#2083,#1170,.T.);
#2590=EDGE_CURVE('',#2083,#2081,#1171,.T.);
#2591=EDGE_CURVE('',#2080,#2082,#1172,.T.);
#2592=EDGE_CURVE('',#2082,#2084,#254,.T.);
#2593=EDGE_CURVE('',#2084,#2085,#1173,.T.);
#2594=EDGE_CURVE('',#2085,#2083,#255,.T.);
#2595=EDGE_CURVE('',#2086,#2087,#1174,.T.);
#2596=EDGE_CURVE('',#2087,#2085,#1175,.T.);
#2597=EDGE_CURVE('',#2084,#2086,#1176,.T.);
#2598=EDGE_CURVE('',#2086,#2088,#256,.T.);
#2599=EDGE_CURVE('',#2088,#2089,#1177,.T.);
#2600=EDGE_CURVE('',#2089,#2087,#257,.T.);
#2601=EDGE_CURVE('',#2090,#2091,#1178,.T.);
#2602=EDGE_CURVE('',#2091,#2089,#1179,.T.);
#2603=EDGE_CURVE('',#2088,#2090,#1180,.T.);
#2604=EDGE_CURVE('',#2090,#2092,#258,.T.);
#2605=EDGE_CURVE('',#2092,#2093,#1181,.T.);
#2606=EDGE_CURVE('',#2093,#2091,#259,.T.);
#2607=EDGE_CURVE('',#2092,#2094,#260,.T.);
#2608=EDGE_CURVE('',#2094,#2095,#1182,.T.);
#2609=EDGE_CURVE('',#2095,#2093,#261,.T.);
#2610=EDGE_CURVE('',#2096,#2097,#1183,.T.);
#2611=EDGE_CURVE('',#2097,#2095,#1184,.T.);
#2612=EDGE_CURVE('',#2094,#2096,#1185,.T.);
#2613=EDGE_CURVE('',#2096,#2098,#262,.T.);
#2614=EDGE_CURVE('',#2098,#2099,#1186,.T.);
#2615=EDGE_CURVE('',#2099,#2097,#263,.T.);
#2616=EDGE_CURVE('',#2100,#2101,#1187,.T.);
#2617=EDGE_CURVE('',#2101,#2099,#1188,.T.);
#2618=EDGE_CURVE('',#2098,#2100,#1189,.T.);
#2619=EDGE_CURVE('',#2100,#2102,#264,.T.);
#2620=EDGE_CURVE('',#2102,#2103,#1190,.T.);
#2621=EDGE_CURVE('',#2103,#2101,#265,.T.);
#2622=EDGE_CURVE('',#2104,#2105,#1191,.T.);
#2623=EDGE_CURVE('',#2105,#2103,#1192,.T.);
#2624=EDGE_CURVE('',#2102,#2104,#1193,.T.);
#2625=EDGE_CURVE('',#2104,#2106,#266,.T.);
#2626=EDGE_CURVE('',#2106,#2107,#1194,.T.);
#2627=EDGE_CURVE('',#2107,#2105,#267,.T.);
#2628=EDGE_CURVE('',#2108,#2109,#117,.F.);
#2629=EDGE_CURVE('',#2109,#2107,#1195,.T.);
#2630=EDGE_CURVE('',#2106,#2108,#1196,.T.);
#2631=EDGE_CURVE('',#2110,#2033,#1197,.T.);
#2632=EDGE_CURVE('',#2111,#2110,#1198,.T.);
#2633=EDGE_CURVE('',#2108,#2111,#1199,.T.);
#2634=EDGE_CURVE('',#2112,#2106,#1200,.T.);
#2635=EDGE_CURVE('',#2113,#2112,#1201,.T.);
#2636=EDGE_CURVE('',#2032,#2113,#1202,.T.);
#2637=EDGE_CURVE('',#2104,#2114,#1203,.T.);
#2638=EDGE_CURVE('',#2112,#2114,#268,.T.);
#2639=EDGE_CURVE('',#2115,#2102,#1204,.T.);
#2640=EDGE_CURVE('',#2114,#2115,#1205,.T.);
#2641=EDGE_CURVE('',#2100,#2116,#1206,.T.);
#2642=EDGE_CURVE('',#2115,#2116,#269,.T.);
#2643=EDGE_CURVE('',#2117,#2098,#1207,.T.);
#2644=EDGE_CURVE('',#2116,#2117,#1208,.T.);
#2645=EDGE_CURVE('',#2096,#2118,#1209,.T.);
#2646=EDGE_CURVE('',#2117,#2118,#270,.T.);
#2647=EDGE_CURVE('',#2119,#2094,#1210,.T.);
#2648=EDGE_CURVE('',#2118,#2119,#1211,.T.);
#2649=EDGE_CURVE('',#2120,#2092,#1212,.T.);
#2650=EDGE_CURVE('',#2119,#2120,#271,.T.);
#2651=EDGE_CURVE('',#2090,#2121,#1213,.T.);
#2652=EDGE_CURVE('',#2120,#2121,#272,.T.);
#2653=EDGE_CURVE('',#2122,#2088,#1214,.T.);
#2654=EDGE_CURVE('',#2121,#2122,#1215,.T.);
#2655=EDGE_CURVE('',#2086,#2123,#1216,.T.);
#2656=EDGE_CURVE('',#2122,#2123,#273,.T.);
#2657=EDGE_CURVE('',#2124,#2084,#1217,.T.);
#2658=EDGE_CURVE('',#2123,#2124,#1218,.T.);
#2659=EDGE_CURVE('',#2082,#2125,#1219,.T.);
#2660=EDGE_CURVE('',#2124,#2125,#274,.T.);
#2661=EDGE_CURVE('',#2126,#2080,#1220,.T.);
#2662=EDGE_CURVE('',#2125,#2126,#1221,.T.);
#2663=EDGE_CURVE('',#2078,#2127,#1222,.T.);
#2664=EDGE_CURVE('',#2126,#2127,#275,.T.);
#2665=EDGE_CURVE('',#2128,#2076,#1223,.T.);
#2666=EDGE_CURVE('',#2127,#2128,#1224,.T.);
#2667=EDGE_CURVE('',#2074,#2129,#1225,.T.);
#2668=EDGE_CURVE('',#2128,#2129,#276,.T.);
#2669=EDGE_CURVE('',#2130,#2073,#1226,.T.);
#2670=EDGE_CURVE('',#2131,#2130,#1227,.T.);
#2671=EDGE_CURVE('',#2132,#2131,#1228,.T.);
#2672=EDGE_CURVE('',#2129,#2132,#1229,.T.);
#2673=EDGE_CURVE('',#2133,#1962,#1230,.T.);
#2674=EDGE_CURVE('',#1963,#2134,#1231,.T.);
#2675=EDGE_CURVE('',#2134,#2133,#1232,.T.);
#2676=EDGE_CURVE('',#2135,#2136,#1233,.T.);
#2677=EDGE_CURVE('',#2136,#1962,#277,.T.);
#2678=EDGE_CURVE('',#2133,#2135,#278,.T.);
#2679=EDGE_CURVE('',#2135,#2137,#1234,.T.);
#2680=EDGE_CURVE('',#2137,#2138,#1235,.T.);
#2681=EDGE_CURVE('',#2138,#2136,#1236,.T.);
#2682=EDGE_CURVE('',#2139,#2132,#1237,.T.);
#2683=EDGE_CURVE('',#2132,#2138,#279,.T.);
#2684=EDGE_CURVE('',#2137,#2139,#280,.T.);
#2685=EDGE_CURVE('',#2139,#2140,#1238,.T.);
#2686=EDGE_CURVE('',#2140,#2129,#1239,.T.);
#2687=EDGE_CURVE('',#2141,#2128,#1240,.T.);
#2688=EDGE_CURVE('',#2140,#2141,#281,.T.);
#2689=EDGE_CURVE('',#2141,#2142,#1241,.T.);
#2690=EDGE_CURVE('',#2142,#2127,#1242,.T.);
#2691=EDGE_CURVE('',#2143,#2126,#1243,.T.);
#2692=EDGE_CURVE('',#2142,#2143,#282,.T.);
#2693=EDGE_CURVE('',#2143,#2144,#1244,.T.);
#2694=EDGE_CURVE('',#2144,#2125,#1245,.T.);
#2695=EDGE_CURVE('',#2145,#2124,#1246,.T.);
#2696=EDGE_CURVE('',#2144,#2145,#283,.T.);
#2697=EDGE_CURVE('',#2145,#2146,#1247,.T.);
#2698=EDGE_CURVE('',#2146,#2123,#1248,.T.);
#2699=EDGE_CURVE('',#2147,#2122,#1249,.T.);
#2700=EDGE_CURVE('',#2146,#2147,#284,.T.);
#2701=EDGE_CURVE('',#2147,#2148,#1250,.T.);
#2702=EDGE_CURVE('',#2148,#2121,#1251,.T.);
#2703=EDGE_CURVE('',#2149,#2120,#1252,.T.);
#2704=EDGE_CURVE('',#2148,#2149,#285,.T.);
#2705=EDGE_CURVE('',#2150,#2119,#1253,.T.);
#2706=EDGE_CURVE('',#2149,#2150,#286,.T.);
#2707=EDGE_CURVE('',#2150,#2151,#1254,.T.);
#2708=EDGE_CURVE('',#2151,#2118,#1255,.T.);
#2709=EDGE_CURVE('',#2152,#2117,#1256,.T.);
#2710=EDGE_CURVE('',#2151,#2152,#287,.T.);
#2711=EDGE_CURVE('',#2152,#2153,#1257,.T.);
#2712=EDGE_CURVE('',#2153,#2116,#1258,.T.);
#2713=EDGE_CURVE('',#2154,#2115,#1259,.T.);
#2714=EDGE_CURVE('',#2153,#2154,#288,.T.);
#2715=EDGE_CURVE('',#2154,#2155,#1260,.T.);
#2716=EDGE_CURVE('',#2155,#2114,#1261,.T.);
#2717=EDGE_CURVE('',#2156,#2112,#1262,.T.);
#2718=EDGE_CURVE('',#2155,#2156,#289,.T.);
#2719=EDGE_CURVE('',#2156,#2157,#1263,.T.);
#2720=EDGE_CURVE('',#2157,#2113,#1264,.T.);
#2721=EDGE_CURVE('',#2158,#2052,#1265,.T.);
#2722=EDGE_CURVE('',#2052,#2113,#290,.T.);
#2723=EDGE_CURVE('',#2157,#2158,#291,.T.);
#2724=EDGE_CURVE('',#2158,#2159,#1266,.T.);
#2725=EDGE_CURVE('',#2159,#2051,#1267,.T.);
#2726=EDGE_CURVE('',#2160,#2050,#1268,.T.);
#2727=EDGE_CURVE('',#2159,#2160,#292,.T.);
#2728=EDGE_CURVE('',#2160,#2161,#1269,.T.);
#2729=EDGE_CURVE('',#2161,#2049,#1270,.T.);
#2730=EDGE_CURVE('',#2162,#2044,#1271,.T.);
#2731=EDGE_CURVE('',#2161,#2162,#293,.T.);
#2732=EDGE_CURVE('',#2162,#2163,#1272,.T.);
#2733=EDGE_CURVE('',#2163,#2045,#1273,.T.);
#2734=EDGE_CURVE('',#2164,#1923,#1274,.T.);
#2735=EDGE_CURVE('',#1923,#2045,#294,.T.);
#2736=EDGE_CURVE('',#2163,#2164,#295,.T.);
#2737=EDGE_CURVE('',#2165,#1922,#1275,.T.);
#2738=EDGE_CURVE('',#2164,#2165,#1276,.T.);
#2739=EDGE_CURVE('',#2166,#2167,#1277,.T.);
#2740=EDGE_CURVE('',#2167,#1922,#296,.T.);
#2741=EDGE_CURVE('',#2165,#2166,#297,.T.);
#2742=EDGE_CURVE('',#2168,#2169,#1278,.T.);
#2743=EDGE_CURVE('',#2169,#2167,#1279,.T.);
#2744=EDGE_CURVE('',#2166,#2168,#1280,.T.);
#2745=EDGE_CURVE('',#1963,#2169,#298,.T.);
#2746=EDGE_CURVE('',#2168,#2134,#299,.T.);
#2747=EDGE_CURVE('',#1932,#2046,#118,.T.);
#2748=EDGE_CURVE('',#2167,#2170,#1281,.T.);
#2749=EDGE_CURVE('',#1924,#2170,#119,.T.);
#2750=EDGE_CURVE('',#2171,#2169,#1282,.T.);
#2751=EDGE_CURVE('',#2170,#2171,#1283,.T.);
#2752=EDGE_CURVE('',#1971,#2171,#120,.T.);
#2753=EDGE_CURVE('',#2172,#2173,#1284,.T.);
#2754=EDGE_CURVE('',#2174,#2173,#300,.T.);
#2755=EDGE_CURVE('',#2174,#2175,#1285,.T.);
#2756=EDGE_CURVE('',#2176,#2175,#301,.T.);
#2757=EDGE_CURVE('',#2176,#2177,#1286,.T.);
#2758=EDGE_CURVE('',#2178,#2177,#302,.T.);
#2759=EDGE_CURVE('',#2178,#2179,#1287,.T.);
#2760=EDGE_CURVE('',#2172,#2179,#303,.T.);
#2761=EDGE_CURVE('',#2180,#2180,#304,.T.);
#2762=EDGE_CURVE('',#2181,#1927,#121,.F.);
#2763=EDGE_CURVE('',#1926,#2182,#122,.F.);
#2764=EDGE_CURVE('',#2182,#2181,#1288,.T.);
#2765=EDGE_CURVE('',#2183,#2184,#123,.T.);
#2766=EDGE_CURVE('',#2184,#2185,#1289,.T.);
#2767=EDGE_CURVE('',#2185,#2186,#124,.T.);
#2768=EDGE_CURVE('',#2186,#2187,#1290,.T.);
#2769=EDGE_CURVE('',#2187,#2188,#1291,.T.);
#2770=EDGE_CURVE('',#2188,#2183,#1292,.T.);
#2771=EDGE_CURVE('',#2189,#2184,#1293,.T.);
#2772=EDGE_CURVE('',#2189,#2190,#1294,.T.);
#2773=EDGE_CURVE('',#2185,#2190,#1295,.T.);
#2774=EDGE_CURVE('',#1938,#2183,#125,.T.);
#2775=EDGE_CURVE('',#1941,#2189,#126,.T.);
#2776=EDGE_CURVE('',#2188,#2191,#1296,.T.);
#2777=EDGE_CURVE('',#2191,#1937,#1297,.T.);
#2778=EDGE_CURVE('',#2192,#1970,#127,.T.);
#2779=EDGE_CURVE('',#2193,#1969,#1298,.T.);
#2780=EDGE_CURVE('',#2193,#2194,#1299,.T.);
#2781=EDGE_CURVE('',#2194,#2192,#1300,.T.);
#2782=EDGE_CURVE('',#2195,#2192,#128,.T.);
#2783=EDGE_CURVE('',#2195,#2171,#1301,.T.);
#2784=EDGE_CURVE('',#2194,#2196,#1302,.T.);
#2785=EDGE_CURVE('',#2196,#2197,#1303,.T.);
#2786=EDGE_CURVE('',#2197,#2198,#129,.T.);
#2787=EDGE_CURVE('',#2198,#2195,#1304,.T.);
#2788=EDGE_CURVE('',#2170,#2198,#1305,.T.);
#2789=EDGE_CURVE('',#1925,#2197,#130,.T.);
#2790=EDGE_CURVE('',#2196,#2182,#1306,.T.);
#2791=EDGE_CURVE('',#2199,#2200,#1307,.T.);
#2792=EDGE_CURVE('',#2200,#2201,#1308,.T.);
#2793=EDGE_CURVE('',#2201,#2202,#1309,.T.);
#2794=EDGE_CURVE('',#2202,#2199,#1310,.T.);
#2795=EDGE_CURVE('',#2199,#2203,#305,.T.);
#2796=EDGE_CURVE('',#2203,#2204,#1311,.T.);
#2797=EDGE_CURVE('',#2204,#2200,#306,.T.);
#2798=EDGE_CURVE('',#2205,#2206,#1312,.T.);
#2799=EDGE_CURVE('',#2205,#2204,#1313,.T.);
#2800=EDGE_CURVE('',#2203,#2207,#1314,.T.);
#2801=EDGE_CURVE('',#2207,#2206,#160,.F.);
#2802=EDGE_CURVE('',#2208,#2201,#1315,.T.);
#2803=EDGE_CURVE('',#2201,#2209,#1316,.T.);
#2804=EDGE_CURVE('',#2209,#2210,#1317,.T.);
#2805=EDGE_CURVE('',#2210,#2208,#1318,.T.);
#2806=EDGE_CURVE('',#2211,#2212,#131,.F.);
#2807=EDGE_CURVE('',#2212,#2213,#1319,.T.);
#2808=EDGE_CURVE('',#2213,#2214,#1320,.T.);
#2809=EDGE_CURVE('',#2214,#2211,#1321,.T.);
#2810=EDGE_CURVE('',#2213,#2131,#307,.T.);
#2811=EDGE_CURVE('',#2131,#2215,#1322,.T.);
#2812=EDGE_CURVE('',#2215,#2214,#308,.T.);
#2813=EDGE_CURVE('',#2130,#2209,#1323,.T.);
#2814=EDGE_CURVE('',#2209,#2215,#1324,.T.);
#2815=EDGE_CURVE('',#2130,#2210,#309,.T.);
#2816=EDGE_CURVE('',#2208,#2202,#310,.T.);
#2817=EDGE_CURVE('',#2199,#2216,#1325,.T.);
#2818=EDGE_CURVE('',#2217,#2216,#311,.T.);
#2819=EDGE_CURVE('',#2217,#2203,#1326,.T.);
#2820=EDGE_CURVE('',#2218,#2202,#1327,.T.);
#2821=EDGE_CURVE('',#2216,#2218,#1328,.T.);
#2822=EDGE_CURVE('',#2208,#2219,#1329,.T.);
#2823=EDGE_CURVE('',#2219,#2218,#312,.F.);
#2824=EDGE_CURVE('',#2220,#2210,#1330,.T.);
#2825=EDGE_CURVE('',#2219,#2220,#1331,.T.);
#2826=EDGE_CURVE('',#2072,#2220,#313,.F.);
#2827=EDGE_CURVE('',#2213,#2138,#1332,.T.);
#2828=EDGE_CURVE('',#2221,#2212,#132,.T.);
#2829=EDGE_CURVE('',#2136,#2221,#1333,.T.);
#2830=EDGE_CURVE('',#1964,#2221,#91,.T.);
#2831=EDGE_CURVE('',#2191,#2222,#1334,.T.);
#2832=EDGE_CURVE('',#2222,#2223,#133,.T.);
#2833=EDGE_CURVE('',#2223,#2048,#134,.T.);
#2834=EDGE_CURVE('',#2224,#2223,#135,.T.);
#2835=EDGE_CURVE('',#2224,#2225,#1335,.T.);
#2836=EDGE_CURVE('',#2043,#2225,#136,.T.);
#2837=EDGE_CURVE('',#2222,#2224,#1336,.T.);
#2838=EDGE_CURVE('',#2226,#2187,#1337,.T.);
#2839=EDGE_CURVE('',#2227,#2226,#1338,.T.);
#2840=EDGE_CURVE('',#2227,#2222,#1339,.T.);
#2841=EDGE_CURVE('',#2228,#2227,#1340,.T.);
#2842=EDGE_CURVE('',#2226,#2229,#1341,.T.);
#2843=EDGE_CURVE('',#2229,#2230,#1342,.T.);
#2844=EDGE_CURVE('',#2230,#2228,#137,.T.);
#2845=EDGE_CURVE('',#2186,#1929,#138,.T.);
#2846=EDGE_CURVE('',#1928,#2226,#1343,.T.);
#2847=EDGE_CURVE('',#1928,#2229,#314,.T.);
#2848=EDGE_CURVE('',#2230,#2231,#1344,.T.);
#2849=EDGE_CURVE('',#2231,#2232,#139,.T.);
#2850=EDGE_CURVE('',#2232,#2233,#1345,.T.);
#2851=EDGE_CURVE('',#2233,#2228,#140,.T.);
#2852=EDGE_CURVE('',#2181,#2229,#1346,.T.);
#2853=EDGE_CURVE('',#2181,#2234,#1347,.T.);
#2854=EDGE_CURVE('',#2231,#2234,#1348,.T.);
#2855=EDGE_CURVE('',#2190,#2235,#1349,.T.);
#2856=EDGE_CURVE('',#2235,#1931,#141,.T.);
#2857=EDGE_CURVE('',#1930,#2190,#142,.T.);
#2858=EDGE_CURVE('',#2235,#2046,#1350,.T.);
#2859=EDGE_CURVE('',#2235,#2236,#1351,.T.);
#2860=EDGE_CURVE('',#2047,#2236,#1352,.T.);
#2861=EDGE_CURVE('',#2236,#2189,#1353,.T.);
#2862=EDGE_CURVE('',#1940,#2236,#143,.T.);
#2863=EDGE_CURVE('',#2182,#2193,#1354,.T.);
#2864=EDGE_CURVE('',#1967,#2237,#1355,.T.);
#2865=EDGE_CURVE('',#2238,#2237,#92,.T.);
#2866=EDGE_CURVE('',#2239,#2238,#93,.T.);
#2867=EDGE_CURVE('',#1968,#2239,#94,.T.);
#2868=EDGE_CURVE('',#1966,#2240,#1356,.T.);
#2869=EDGE_CURVE('',#2237,#2240,#95,.T.);
#2870=EDGE_CURVE('',#2240,#1965,#96,.T.);
#2871=EDGE_CURVE('',#2028,#2241,#1357,.T.);
#2872=EDGE_CURVE('',#2242,#2241,#315,.T.);
#2873=EDGE_CURVE('',#2243,#2242,#1358,.T.);
#2874=EDGE_CURVE('',#2244,#2243,#97,.T.);
#2875=EDGE_CURVE('',#2244,#2245,#1359,.T.);
#2876=EDGE_CURVE('',#2027,#2245,#98,.T.);
#2877=EDGE_CURVE('',#2245,#2246,#316,.T.);
#2878=EDGE_CURVE('',#2246,#2247,#1360,.T.);
#2879=EDGE_CURVE('',#2247,#2247,#317,.T.);
#2880=EDGE_CURVE('',#2246,#2009,#318,.T.);
#2881=EDGE_CURVE('',#2248,#2244,#319,.T.);
#2882=EDGE_CURVE('',#2249,#2248,#320,.T.);
#2883=EDGE_CURVE('',#2250,#2249,#1361,.T.);
#2884=EDGE_CURVE('',#2251,#2250,#321,.T.);
#2885=EDGE_CURVE('',#2251,#2252,#1362,.T.);
#2886=EDGE_CURVE('',#2006,#2252,#322,.T.);
#2887=EDGE_CURVE('',#2253,#2025,#323,.T.);
#2888=EDGE_CURVE('',#2013,#2254,#324,.T.);
#2889=EDGE_CURVE('',#2254,#2255,#325,.T.);
#2890=EDGE_CURVE('',#2255,#2253,#326,.T.);
#2891=EDGE_CURVE('',#2256,#2255,#1363,.T.);
#2892=EDGE_CURVE('',#2254,#2257,#1364,.T.);
#2893=EDGE_CURVE('',#2257,#2256,#144,.T.);
#2894=EDGE_CURVE('',#2258,#2256,#1365,.T.);
#2895=EDGE_CURVE('',#2257,#2259,#1366,.T.);
#2896=EDGE_CURVE('',#2259,#2258,#145,.T.);
#2897=EDGE_CURVE('',#2259,#2005,#1367,.T.);
#2898=EDGE_CURVE('',#2004,#2258,#1368,.T.);
#2899=EDGE_CURVE('',#2253,#2026,#327,.T.);
#2900=EDGE_CURVE('',#2260,#2258,#1369,.T.);
#2901=EDGE_CURVE('',#2034,#2260,#1370,.T.);
#2902=EDGE_CURVE('',#2261,#2003,#1371,.T.);
#2903=EDGE_CURVE('',#2261,#2262,#1372,.T.);
#2904=EDGE_CURVE('',#2260,#2262,#146,.T.);
#2905=EDGE_CURVE('',#1983,#2263,#1373,.T.);
#2906=EDGE_CURVE('',#2264,#2263,#328,.T.);
#2907=EDGE_CURVE('',#2264,#1981,#1374,.T.);
#2908=EDGE_CURVE('',#2265,#2264,#1375,.T.);
#2909=EDGE_CURVE('',#1979,#2265,#1376,.T.);
#2910=EDGE_CURVE('',#1975,#2266,#1377,.T.);
#2911=EDGE_CURVE('',#2267,#2266,#329,.T.);
#2912=EDGE_CURVE('',#2267,#1972,#1378,.T.);
#2913=EDGE_CURVE('',#2241,#2267,#1379,.T.);
#2914=EDGE_CURVE('',#2266,#2268,#1380,.T.);
#2915=EDGE_CURVE('',#2268,#2265,#330,.T.);
#2916=EDGE_CURVE('',#2263,#2269,#1381,.T.);
#2917=EDGE_CURVE('',#2269,#2250,#161,.T.);
#2918=EDGE_CURVE('',#2249,#2270,#162,.T.);
#2919=EDGE_CURVE('',#2270,#2242,#1382,.T.);
#2920=EDGE_CURVE('',#2268,#1977,#1383,.T.);
#2921=EDGE_CURVE('',#1986,#2029,#1384,.T.);
#2922=EDGE_CURVE('',#2262,#2110,#147,.T.);
#2923=EDGE_CURVE('',#2063,#2109,#331,.F.);
#2924=EDGE_CURVE('',#2111,#2061,#332,.T.);
#2925=EDGE_CURVE('',#2111,#2261,#333,.T.);
#2926=EDGE_CURVE('',#2261,#2061,#334,.T.);
#2927=EDGE_CURVE('',#2175,#2271,#1385,.T.);
#2928=EDGE_CURVE('',#2271,#2272,#335,.T.);
#2929=EDGE_CURVE('',#2272,#2176,#1386,.T.);
#2930=EDGE_CURVE('',#2273,#2174,#1387,.T.);
#2931=EDGE_CURVE('',#2271,#2273,#1388,.T.);
#2932=EDGE_CURVE('',#2173,#2274,#1389,.T.);
#2933=EDGE_CURVE('',#2274,#2273,#336,.T.);
#2934=EDGE_CURVE('',#2275,#2172,#1390,.T.);
#2935=EDGE_CURVE('',#2274,#2275,#1391,.T.);
#2936=EDGE_CURVE('',#2179,#2276,#1392,.T.);
#2937=EDGE_CURVE('',#2276,#2275,#337,.T.);
#2938=EDGE_CURVE('',#2277,#2178,#1393,.T.);
#2939=EDGE_CURVE('',#2276,#2277,#1394,.T.);
#2940=EDGE_CURVE('',#2177,#2278,#1395,.T.);
#2941=EDGE_CURVE('',#2278,#2277,#338,.T.);
#2942=EDGE_CURVE('',#2278,#2272,#1396,.T.);
#2943=EDGE_CURVE('',#2279,#2280,#99,.T.);
#2944=EDGE_CURVE('',#2280,#2281,#100,.T.);
#2945=EDGE_CURVE('',#2281,#2238,#101,.T.);
#2946=EDGE_CURVE('',#1965,#2282,#102,.T.);
#2947=EDGE_CURVE('',#2282,#2279,#103,.T.);
#2948=EDGE_CURVE('',#2211,#2283,#148,.F.);
#2949=EDGE_CURVE('',#2283,#2284,#1397,.T.);
#2950=EDGE_CURVE('',#2284,#2282,#104,.T.);
#2951=EDGE_CURVE('',#2280,#2285,#339,.T.);
#2952=EDGE_CURVE('',#2285,#2281,#340,.T.);
#2953=EDGE_CURVE('',#2284,#2206,#341,.T.);
#2954=EDGE_CURVE('',#2286,#2207,#163,.T.);
#2955=EDGE_CURVE('',#2286,#2287,#342,.T.);
#2956=EDGE_CURVE('',#2288,#2287,#164,.T.);
#2957=EDGE_CURVE('',#2288,#2289,#343,.T.);
#2958=EDGE_CURVE('',#2290,#2289,#105,.T.);
#2959=EDGE_CURVE('',#2290,#2291,#106,.T.);
#2960=EDGE_CURVE('',#2285,#2291,#107,.T.);
#2961=EDGE_CURVE('',#2205,#2283,#1398,.T.);
#2962=EDGE_CURVE('',#2289,#2292,#1399,.T.);
#2963=EDGE_CURVE('',#2292,#2234,#149,.F.);
#2964=EDGE_CURVE('',#2234,#1969,#1400,.T.);
#2965=EDGE_CURVE('',#1968,#2290,#108,.T.);
#2966=EDGE_CURVE('',#2239,#2285,#344,.T.);
#2967=EDGE_CURVE('',#2180,#2293,#1401,.T.);
#2968=EDGE_CURVE('',#2293,#2293,#345,.T.);
#2969=EDGE_CURVE('',#2071,#2294,#346,.T.);
#2970=EDGE_CURVE('',#2294,#2295,#1402,.T.);
#2971=EDGE_CURVE('',#2295,#2296,#165,.T.);
#2972=EDGE_CURVE('',#2296,#2288,#1403,.T.);
#2973=EDGE_CURVE('',#2287,#2297,#1404,.T.);
#2974=EDGE_CURVE('',#2297,#2217,#1405,.T.);
#2975=EDGE_CURVE('',#2298,#2012,#347,.T.);
#2976=EDGE_CURVE('',#2298,#2254,#1406,.T.);
#2977=EDGE_CURVE('',#2299,#2298,#1407,.T.);
#2978=EDGE_CURVE('',#2299,#2257,#1408,.T.);
#2979=EDGE_CURVE('',#2252,#2299,#1409,.T.);
#2980=EDGE_CURVE('',#1985,#2251,#1410,.T.);
#2981=EDGE_CURVE('',#2269,#2251,#348,.T.);
#2982=EDGE_CURVE('',#2243,#2270,#349,.T.);
#2983=EDGE_CURVE('',#2248,#2300,#1411,.T.);
#2984=EDGE_CURVE('',#2300,#2300,#350,.T.);
#2985=EDGE_CURVE('',#2252,#2298,#351,.T.);
#2986=EDGE_CURVE('',#2251,#2301,#1412,.T.);
#2987=EDGE_CURVE('',#2301,#2301,#352,.T.);
#2988=EDGE_CURVE('',#2252,#2302,#1413,.T.);
#2989=EDGE_CURVE('',#2302,#2302,#353,.T.);
#2990=EDGE_CURVE('',#2297,#2286,#1414,.T.);
#2991=EDGE_CURVE('',#2225,#1993,#1415,.T.);
#2992=EDGE_CURVE('',#1994,#2303,#1416,.T.);
#2993=EDGE_CURVE('',#2303,#2069,#150,.F.);
#2994=EDGE_CURVE('',#2303,#2225,#1417,.F.);
#2995=EDGE_CURVE('',#2304,#2070,#151,.T.);
#2996=EDGE_CURVE('',#2304,#2294,#1418,.T.);
#2997=EDGE_CURVE('',#2305,#2296,#354,.T.);
#2998=EDGE_CURVE('',#2295,#2305,#355,.T.);
#2999=EDGE_CURVE('',#2306,#2304,#1419,.T.);
#3000=EDGE_CURVE('',#2307,#2306,#356,.T.);
#3001=EDGE_CURVE('',#2308,#2307,#357,.T.);
#3002=EDGE_CURVE('',#2232,#2308,#1420,.T.);
#3003=EDGE_CURVE('',#2292,#2232,#1421,.T.);
#3004=EDGE_CURVE('',#2224,#2233,#1422,.T.);
#3005=EDGE_CURVE('',#2308,#2306,#166,.T.);
#3006=EDGE_CURVE('',#2307,#2309,#1423,.T.);
#3007=EDGE_CURVE('',#2309,#2309,#358,.T.);
#3008=EDGE_CURVE('',#2305,#2310,#1424,.T.);
#3009=EDGE_CURVE('',#2310,#2310,#359,.T.);
#3010=ORIENTED_EDGE('',*,*,#2311,.F.);
#3011=ORIENTED_EDGE('',*,*,#2312,.F.);
#3012=ORIENTED_EDGE('',*,*,#2313,.F.);
#3013=ORIENTED_EDGE('',*,*,#2314,.F.);
#3014=ORIENTED_EDGE('',*,*,#2315,.F.);
#3015=ORIENTED_EDGE('',*,*,#2316,.F.);
#3016=ORIENTED_EDGE('',*,*,#2317,.F.);
#3017=ORIENTED_EDGE('',*,*,#2318,.F.);
#3018=ORIENTED_EDGE('',*,*,#2319,.F.);
#3019=ORIENTED_EDGE('',*,*,#2320,.F.);
#3020=ORIENTED_EDGE('',*,*,#2321,.F.);
#3021=ORIENTED_EDGE('',*,*,#2322,.F.);
#3022=ORIENTED_EDGE('',*,*,#2323,.F.);
#3023=ORIENTED_EDGE('',*,*,#2324,.F.);
#3024=ORIENTED_EDGE('',*,*,#2325,.F.);
#3025=ORIENTED_EDGE('',*,*,#2326,.F.);
#3026=ORIENTED_EDGE('',*,*,#2327,.F.);
#3027=ORIENTED_EDGE('',*,*,#2328,.F.);
#3028=ORIENTED_EDGE('',*,*,#2327,.T.);
#3029=ORIENTED_EDGE('',*,*,#2329,.T.);
#3030=ORIENTED_EDGE('',*,*,#2321,.T.);
#3031=ORIENTED_EDGE('',*,*,#2330,.T.);
#3032=ORIENTED_EDGE('',*,*,#2315,.T.);
#3033=ORIENTED_EDGE('',*,*,#2331,.T.);
#3034=ORIENTED_EDGE('',*,*,#2328,.T.);
#3035=ORIENTED_EDGE('',*,*,#2332,.T.);
#3036=ORIENTED_EDGE('',*,*,#2333,.F.);
#3037=ORIENTED_EDGE('',*,*,#2334,.F.);
#3038=ORIENTED_EDGE('',*,*,#2335,.F.);
#3039=ORIENTED_EDGE('',*,*,#2336,.F.);
#3040=ORIENTED_EDGE('',*,*,#2337,.F.);
#3041=ORIENTED_EDGE('',*,*,#2338,.F.);
#3042=ORIENTED_EDGE('',*,*,#2337,.T.);
#3043=ORIENTED_EDGE('',*,*,#2339,.T.);
#3044=ORIENTED_EDGE('',*,*,#2326,.T.);
#3045=ORIENTED_EDGE('',*,*,#2340,.T.);
#3046=ORIENTED_EDGE('',*,*,#2324,.T.);
#3047=ORIENTED_EDGE('',*,*,#2341,.T.);
#3048=ORIENTED_EDGE('',*,*,#2338,.T.);
#3049=ORIENTED_EDGE('',*,*,#2342,.T.);
#3050=ORIENTED_EDGE('',*,*,#2334,.T.);
#3051=ORIENTED_EDGE('',*,*,#2343,.T.);
#3052=ORIENTED_EDGE('',*,*,#2336,.T.);
#3053=ORIENTED_EDGE('',*,*,#2344,.T.);
#3054=ORIENTED_EDGE('',*,*,#2318,.T.);
#3055=ORIENTED_EDGE('',*,*,#2345,.T.);
#3056=ORIENTED_EDGE('',*,*,#2335,.T.);
#3057=ORIENTED_EDGE('',*,*,#2346,.T.);
#3058=ORIENTED_EDGE('',*,*,#2322,.T.);
#3059=ORIENTED_EDGE('',*,*,#2347,.T.);
#3060=ORIENTED_EDGE('',*,*,#2333,.T.);
#3061=ORIENTED_EDGE('',*,*,#2348,.T.);
#3062=ORIENTED_EDGE('',*,*,#2314,.T.);
#3063=ORIENTED_EDGE('',*,*,#2349,.T.);
#3064=ORIENTED_EDGE('',*,*,#2325,.T.);
#3065=ORIENTED_EDGE('',*,*,#2350,.T.);
#3066=ORIENTED_EDGE('',*,*,#2323,.T.);
#3067=ORIENTED_EDGE('',*,*,#2351,.T.);
#3068=ORIENTED_EDGE('',*,*,#2319,.T.);
#3069=ORIENTED_EDGE('',*,*,#2352,.T.);
#3070=ORIENTED_EDGE('',*,*,#2312,.T.);
#3071=ORIENTED_EDGE('',*,*,#2353,.T.);
#3072=ORIENTED_EDGE('',*,*,#2320,.T.);
#3073=ORIENTED_EDGE('',*,*,#2354,.T.);
#3074=ORIENTED_EDGE('',*,*,#2317,.T.);
#3075=ORIENTED_EDGE('',*,*,#2355,.T.);
#3076=ORIENTED_EDGE('',*,*,#2313,.T.);
#3077=ORIENTED_EDGE('',*,*,#2356,.T.);
#3078=ORIENTED_EDGE('',*,*,#2311,.T.);
#3079=ORIENTED_EDGE('',*,*,#2357,.T.);
#3080=ORIENTED_EDGE('',*,*,#2316,.T.);
#3081=ORIENTED_EDGE('',*,*,#2358,.T.);
#3082=ORIENTED_EDGE('',*,*,#2359,.F.);
#3083=ORIENTED_EDGE('',*,*,#2360,.F.);
#3084=ORIENTED_EDGE('',*,*,#2361,.F.);
#3085=ORIENTED_EDGE('',*,*,#2362,.F.);
#3086=ORIENTED_EDGE('',*,*,#2363,.F.);
#3087=ORIENTED_EDGE('',*,*,#2364,.F.);
#3088=ORIENTED_EDGE('',*,*,#2365,.F.);
#3089=ORIENTED_EDGE('',*,*,#2366,.F.);
#3090=ORIENTED_EDGE('',*,*,#2367,.F.);
#3091=ORIENTED_EDGE('',*,*,#2368,.F.);
#3092=ORIENTED_EDGE('',*,*,#2369,.F.);
#3093=ORIENTED_EDGE('',*,*,#2370,.F.);
#3094=ORIENTED_EDGE('',*,*,#2371,.F.);
#3095=ORIENTED_EDGE('',*,*,#2372,.F.);
#3096=ORIENTED_EDGE('',*,*,#2373,.F.);
#3097=ORIENTED_EDGE('',*,*,#2329,.F.);
#3098=ORIENTED_EDGE('',*,*,#2339,.F.);
#3099=ORIENTED_EDGE('',*,*,#2343,.F.);
#3100=ORIENTED_EDGE('',*,*,#2347,.F.);
#3101=ORIENTED_EDGE('',*,*,#2330,.F.);
#3102=ORIENTED_EDGE('',*,*,#2353,.F.);
#3103=ORIENTED_EDGE('',*,*,#2358,.F.);
#3104=ORIENTED_EDGE('',*,*,#2332,.F.);
#3105=ORIENTED_EDGE('',*,*,#2331,.F.);
#3106=ORIENTED_EDGE('',*,*,#2350,.F.);
#3107=ORIENTED_EDGE('',*,*,#2342,.F.);
#3108=ORIENTED_EDGE('',*,*,#2340,.F.);
#3109=ORIENTED_EDGE('',*,*,#2341,.F.);
#3110=ORIENTED_EDGE('',*,*,#2352,.F.);
#3111=ORIENTED_EDGE('',*,*,#2346,.F.);
#3112=ORIENTED_EDGE('',*,*,#2344,.F.);
#3113=ORIENTED_EDGE('',*,*,#2345,.F.);
#3114=ORIENTED_EDGE('',*,*,#2356,.F.);
#3115=ORIENTED_EDGE('',*,*,#2354,.F.);
#3116=ORIENTED_EDGE('',*,*,#2348,.F.);
#3117=ORIENTED_EDGE('',*,*,#2374,.F.);
#3118=ORIENTED_EDGE('',*,*,#2375,.F.);
#3119=ORIENTED_EDGE('',*,*,#2376,.F.);
#3120=ORIENTED_EDGE('',*,*,#2377,.F.);
#3121=ORIENTED_EDGE('',*,*,#2378,.F.);
#3122=ORIENTED_EDGE('',*,*,#2349,.F.);
#3123=ORIENTED_EDGE('',*,*,#2357,.F.);
#3124=ORIENTED_EDGE('',*,*,#2355,.F.);
#3125=ORIENTED_EDGE('',*,*,#2351,.F.);
#3126=ORIENTED_EDGE('',*,*,#2379,.F.);
#3127=ORIENTED_EDGE('',*,*,#2380,.F.);
#3128=ORIENTED_EDGE('',*,*,#2381,.F.);
#3129=ORIENTED_EDGE('',*,*,#2382,.F.);
#3130=ORIENTED_EDGE('',*,*,#2383,.F.);
#3131=ORIENTED_EDGE('',*,*,#2384,.F.);
#3132=ORIENTED_EDGE('',*,*,#2385,.F.);
#3133=ORIENTED_EDGE('',*,*,#2386,.F.);
#3134=ORIENTED_EDGE('',*,*,#2387,.F.);
#3135=ORIENTED_EDGE('',*,*,#2388,.F.);
#3136=ORIENTED_EDGE('',*,*,#2389,.F.);
#3137=ORIENTED_EDGE('',*,*,#2390,.F.);
#3138=ORIENTED_EDGE('',*,*,#2391,.F.);
#3139=ORIENTED_EDGE('',*,*,#2392,.F.);
#3140=ORIENTED_EDGE('',*,*,#2393,.F.);
#3141=ORIENTED_EDGE('',*,*,#2392,.T.);
#3142=ORIENTED_EDGE('',*,*,#2372,.T.);
#3143=ORIENTED_EDGE('',*,*,#2388,.T.);
#3144=ORIENTED_EDGE('',*,*,#2394,.T.);
#3145=ORIENTED_EDGE('',*,*,#2383,.T.);
#3146=ORIENTED_EDGE('',*,*,#2395,.T.);
#3147=ORIENTED_EDGE('',*,*,#2393,.T.);
#3148=ORIENTED_EDGE('',*,*,#2396,.T.);
#3149=ORIENTED_EDGE('',*,*,#2397,.F.);
#3150=ORIENTED_EDGE('',*,*,#2398,.F.);
#3151=ORIENTED_EDGE('',*,*,#2399,.F.);
#3152=ORIENTED_EDGE('',*,*,#2400,.F.);
#3153=ORIENTED_EDGE('',*,*,#2401,.F.);
#3154=ORIENTED_EDGE('',*,*,#2402,.F.);
#3155=ORIENTED_EDGE('',*,*,#2403,.F.);
#3156=ORIENTED_EDGE('',*,*,#2404,.F.);
#3157=ORIENTED_EDGE('',*,*,#2405,.F.);
#3158=ORIENTED_EDGE('',*,*,#2401,.T.);
#3159=ORIENTED_EDGE('',*,*,#2370,.T.);
#3160=ORIENTED_EDGE('',*,*,#2404,.T.);
#3161=ORIENTED_EDGE('',*,*,#2406,.T.);
#3162=ORIENTED_EDGE('',*,*,#2405,.T.);
#3163=ORIENTED_EDGE('',*,*,#2373,.T.);
#3164=ORIENTED_EDGE('',*,*,#2391,.T.);
#3165=ORIENTED_EDGE('',*,*,#2407,.T.);
#3166=ORIENTED_EDGE('',*,*,#2398,.T.);
#3167=ORIENTED_EDGE('',*,*,#2408,.T.);
#3168=ORIENTED_EDGE('',*,*,#2403,.T.);
#3169=ORIENTED_EDGE('',*,*,#2409,.T.);
#3170=ORIENTED_EDGE('',*,*,#2386,.T.);
#3171=ORIENTED_EDGE('',*,*,#2410,.T.);
#3172=ORIENTED_EDGE('',*,*,#2402,.T.);
#3173=ORIENTED_EDGE('',*,*,#2411,.T.);
#3174=ORIENTED_EDGE('',*,*,#2389,.T.);
#3175=ORIENTED_EDGE('',*,*,#2371,.T.);
#3176=ORIENTED_EDGE('',*,*,#2400,.T.);
#3177=ORIENTED_EDGE('',*,*,#2412,.T.);
#3178=ORIENTED_EDGE('',*,*,#2382,.T.);
#3179=ORIENTED_EDGE('',*,*,#2413,.T.);
#3180=ORIENTED_EDGE('',*,*,#2399,.T.);
#3181=ORIENTED_EDGE('',*,*,#2414,.T.);
#3182=ORIENTED_EDGE('',*,*,#2397,.T.);
#3183=ORIENTED_EDGE('',*,*,#2415,.T.);
#3184=ORIENTED_EDGE('',*,*,#2387,.T.);
#3185=ORIENTED_EDGE('',*,*,#2416,.T.);
#3186=ORIENTED_EDGE('',*,*,#2380,.T.);
#3187=ORIENTED_EDGE('',*,*,#2417,.T.);
#3188=ORIENTED_EDGE('',*,*,#2390,.T.);
#3189=ORIENTED_EDGE('',*,*,#2418,.T.);
#3190=ORIENTED_EDGE('',*,*,#2385,.T.);
#3191=ORIENTED_EDGE('',*,*,#2419,.T.);
#3192=ORIENTED_EDGE('',*,*,#2381,.T.);
#3193=ORIENTED_EDGE('',*,*,#2420,.T.);
#3194=ORIENTED_EDGE('',*,*,#2379,.T.);
#3195=ORIENTED_EDGE('',*,*,#2421,.T.);
#3196=ORIENTED_EDGE('',*,*,#2384,.T.);
#3197=ORIENTED_EDGE('',*,*,#2422,.T.);
#3198=ORIENTED_EDGE('',*,*,#2394,.F.);
#3199=ORIENTED_EDGE('',*,*,#2417,.F.);
#3200=ORIENTED_EDGE('',*,*,#2422,.F.);
#3201=ORIENTED_EDGE('',*,*,#2396,.F.);
#3202=ORIENTED_EDGE('',*,*,#2395,.F.);
#3203=ORIENTED_EDGE('',*,*,#2414,.F.);
#3204=ORIENTED_EDGE('',*,*,#2409,.F.);
#3205=ORIENTED_EDGE('',*,*,#2407,.F.);
#3206=ORIENTED_EDGE('',*,*,#2406,.F.);
#3207=ORIENTED_EDGE('',*,*,#2408,.F.);
#3208=ORIENTED_EDGE('',*,*,#2416,.F.);
#3209=ORIENTED_EDGE('',*,*,#2411,.F.);
#3210=ORIENTED_EDGE('',*,*,#2410,.F.);
#3211=ORIENTED_EDGE('',*,*,#2420,.F.);
#3212=ORIENTED_EDGE('',*,*,#2418,.F.);
#3213=ORIENTED_EDGE('',*,*,#2412,.F.);
#3214=ORIENTED_EDGE('',*,*,#2423,.F.);
#3215=ORIENTED_EDGE('',*,*,#2424,.F.);
#3216=ORIENTED_EDGE('',*,*,#2425,.F.);
#3217=ORIENTED_EDGE('',*,*,#2426,.F.);
#3218=ORIENTED_EDGE('',*,*,#2427,.F.);
#3219=ORIENTED_EDGE('',*,*,#2428,.F.);
#3220=ORIENTED_EDGE('',*,*,#2429,.F.);
#3221=ORIENTED_EDGE('',*,*,#2430,.F.);
#3222=ORIENTED_EDGE('',*,*,#2431,.F.);
#3223=ORIENTED_EDGE('',*,*,#2432,.F.);
#3224=ORIENTED_EDGE('',*,*,#2413,.F.);
#3225=ORIENTED_EDGE('',*,*,#2421,.F.);
#3226=ORIENTED_EDGE('',*,*,#2419,.F.);
#3227=ORIENTED_EDGE('',*,*,#2415,.F.);
#3228=ORIENTED_EDGE('',*,*,#2433,.T.);
#3229=ORIENTED_EDGE('',*,*,#2434,.T.);
#3230=ORIENTED_EDGE('',*,*,#2435,.T.);
#3231=ORIENTED_EDGE('',*,*,#2436,.T.);
#3232=ORIENTED_EDGE('',*,*,#2435,.F.);
#3233=ORIENTED_EDGE('',*,*,#2437,.T.);
#3234=ORIENTED_EDGE('',*,*,#2438,.T.);
#3235=ORIENTED_EDGE('',*,*,#2439,.T.);
#3236=ORIENTED_EDGE('',*,*,#2440,.T.);
#3237=ORIENTED_EDGE('',*,*,#2441,.T.);
#3238=ORIENTED_EDGE('',*,*,#2438,.F.);
#3239=ORIENTED_EDGE('',*,*,#2442,.T.);
#3240=ORIENTED_EDGE('',*,*,#2440,.F.);
#3241=ORIENTED_EDGE('',*,*,#2443,.T.);
#3242=ORIENTED_EDGE('',*,*,#2444,.T.);
#3243=ORIENTED_EDGE('',*,*,#2445,.T.);
#3244=ORIENTED_EDGE('',*,*,#2446,.T.);
#3245=ORIENTED_EDGE('',*,*,#2447,.T.);
#3246=ORIENTED_EDGE('',*,*,#2444,.F.);
#3247=ORIENTED_EDGE('',*,*,#2448,.T.);
#3248=ORIENTED_EDGE('',*,*,#2449,.T.);
#3249=ORIENTED_EDGE('',*,*,#2450,.T.);
#3250=ORIENTED_EDGE('',*,*,#2446,.F.);
#3251=ORIENTED_EDGE('',*,*,#2451,.T.);
#3252=ORIENTED_EDGE('',*,*,#2451,.F.);
#3253=ORIENTED_EDGE('',*,*,#2448,.F.);
#3254=ORIENTED_EDGE('',*,*,#2443,.F.);
#3255=ORIENTED_EDGE('',*,*,#2442,.F.);
#3256=ORIENTED_EDGE('',*,*,#2437,.F.);
#3257=ORIENTED_EDGE('',*,*,#2434,.F.);
#3258=ORIENTED_EDGE('',*,*,#2452,.T.);
#3259=ORIENTED_EDGE('',*,*,#2453,.F.);
#3260=ORIENTED_EDGE('',*,*,#2454,.F.);
#3261=ORIENTED_EDGE('',*,*,#2455,.F.);
#3262=ORIENTED_EDGE('',*,*,#2456,.F.);
#3263=ORIENTED_EDGE('',*,*,#2457,.F.);
#3264=ORIENTED_EDGE('',*,*,#2458,.F.);
#3265=ORIENTED_EDGE('',*,*,#2459,.F.);
#3266=ORIENTED_EDGE('',*,*,#2460,.T.);
#3267=ORIENTED_EDGE('',*,*,#2461,.F.);
#3268=ORIENTED_EDGE('',*,*,#2462,.F.);
#3269=ORIENTED_EDGE('',*,*,#2463,.F.);
#3270=ORIENTED_EDGE('',*,*,#2464,.F.);
#3271=ORIENTED_EDGE('',*,*,#2465,.F.);
#3272=ORIENTED_EDGE('',*,*,#2466,.F.);
#3273=ORIENTED_EDGE('',*,*,#2467,.F.);
#3274=ORIENTED_EDGE('',*,*,#2468,.F.);
#3275=ORIENTED_EDGE('',*,*,#2469,.F.);
#3276=ORIENTED_EDGE('',*,*,#2470,.F.);
#3277=ORIENTED_EDGE('',*,*,#2471,.F.);
#3278=ORIENTED_EDGE('',*,*,#2472,.F.);
#3279=ORIENTED_EDGE('',*,*,#2473,.T.);
#3280=ORIENTED_EDGE('',*,*,#2474,.T.);
#3281=ORIENTED_EDGE('',*,*,#2475,.T.);
#3282=ORIENTED_EDGE('',*,*,#2476,.T.);
#3283=ORIENTED_EDGE('',*,*,#2477,.T.);
#3284=ORIENTED_EDGE('',*,*,#2474,.F.);
#3285=ORIENTED_EDGE('',*,*,#2478,.T.);
#3286=ORIENTED_EDGE('',*,*,#2479,.T.);
#3287=ORIENTED_EDGE('',*,*,#2480,.T.);
#3288=ORIENTED_EDGE('',*,*,#2481,.F.);
#3289=ORIENTED_EDGE('',*,*,#2482,.F.);
#3290=ORIENTED_EDGE('',*,*,#2483,.F.);
#3291=ORIENTED_EDGE('',*,*,#2484,.F.);
#3292=ORIENTED_EDGE('',*,*,#2485,.F.);
#3293=ORIENTED_EDGE('',*,*,#2486,.F.);
#3294=ORIENTED_EDGE('',*,*,#2487,.F.);
#3295=ORIENTED_EDGE('',*,*,#2488,.F.);
#3296=ORIENTED_EDGE('',*,*,#2489,.F.);
#3297=ORIENTED_EDGE('',*,*,#2490,.F.);
#3298=ORIENTED_EDGE('',*,*,#2491,.T.);
#3299=ORIENTED_EDGE('',*,*,#2492,.T.);
#3300=ORIENTED_EDGE('',*,*,#2493,.T.);
#3301=ORIENTED_EDGE('',*,*,#2494,.T.);
#3302=ORIENTED_EDGE('',*,*,#2495,.F.);
#3303=ORIENTED_EDGE('',*,*,#2489,.T.);
#3304=ORIENTED_EDGE('',*,*,#2496,.T.);
#3305=ORIENTED_EDGE('',*,*,#2497,.T.);
#3306=ORIENTED_EDGE('',*,*,#2498,.T.);
#3307=ORIENTED_EDGE('',*,*,#2499,.T.);
#3308=ORIENTED_EDGE('',*,*,#2496,.F.);
#3309=ORIENTED_EDGE('',*,*,#2488,.T.);
#3310=ORIENTED_EDGE('',*,*,#2500,.T.);
#3311=ORIENTED_EDGE('',*,*,#2501,.T.);
#3312=ORIENTED_EDGE('',*,*,#2498,.F.);
#3313=ORIENTED_EDGE('',*,*,#2487,.T.);
#3314=ORIENTED_EDGE('',*,*,#2502,.T.);
#3315=ORIENTED_EDGE('',*,*,#2503,.T.);
#3316=ORIENTED_EDGE('',*,*,#2500,.F.);
#3317=ORIENTED_EDGE('',*,*,#2486,.T.);
#3318=ORIENTED_EDGE('',*,*,#2504,.T.);
#3319=ORIENTED_EDGE('',*,*,#2505,.T.);
#3320=ORIENTED_EDGE('',*,*,#2502,.F.);
#3321=ORIENTED_EDGE('',*,*,#2485,.T.);
#3322=ORIENTED_EDGE('',*,*,#2506,.T.);
#3323=ORIENTED_EDGE('',*,*,#2507,.T.);
#3324=ORIENTED_EDGE('',*,*,#2504,.F.);
#3325=ORIENTED_EDGE('',*,*,#2484,.T.);
#3326=ORIENTED_EDGE('',*,*,#2508,.T.);
#3327=ORIENTED_EDGE('',*,*,#2509,.T.);
#3328=ORIENTED_EDGE('',*,*,#2506,.F.);
#3329=ORIENTED_EDGE('',*,*,#2483,.T.);
#3330=ORIENTED_EDGE('',*,*,#2510,.T.);
#3331=ORIENTED_EDGE('',*,*,#2511,.T.);
#3332=ORIENTED_EDGE('',*,*,#2512,.T.);
#3333=ORIENTED_EDGE('',*,*,#2508,.F.);
#3334=ORIENTED_EDGE('',*,*,#2482,.T.);
#3335=ORIENTED_EDGE('',*,*,#2513,.T.);
#3336=ORIENTED_EDGE('',*,*,#2494,.F.);
#3337=ORIENTED_EDGE('',*,*,#2514,.T.);
#3338=ORIENTED_EDGE('',*,*,#2511,.F.);
#3339=ORIENTED_EDGE('',*,*,#2515,.T.);
#3340=ORIENTED_EDGE('',*,*,#2516,.T.);
#3341=ORIENTED_EDGE('',*,*,#2517,.T.);
#3342=ORIENTED_EDGE('',*,*,#2454,.T.);
#3343=ORIENTED_EDGE('',*,*,#2517,.F.);
#3344=ORIENTED_EDGE('',*,*,#2518,.T.);
#3345=ORIENTED_EDGE('',*,*,#2519,.T.);
#3346=ORIENTED_EDGE('',*,*,#2455,.T.);
#3347=ORIENTED_EDGE('',*,*,#2520,.T.);
#3348=ORIENTED_EDGE('',*,*,#2456,.T.);
#3349=ORIENTED_EDGE('',*,*,#2519,.F.);
#3350=ORIENTED_EDGE('',*,*,#2521,.T.);
#3351=ORIENTED_EDGE('',*,*,#2520,.F.);
#3352=ORIENTED_EDGE('',*,*,#2522,.T.);
#3353=ORIENTED_EDGE('',*,*,#2523,.T.);
#3354=ORIENTED_EDGE('',*,*,#2457,.T.);
#3355=ORIENTED_EDGE('',*,*,#2524,.T.);
#3356=ORIENTED_EDGE('',*,*,#2458,.T.);
#3357=ORIENTED_EDGE('',*,*,#2523,.F.);
#3358=ORIENTED_EDGE('',*,*,#2525,.T.);
#3359=ORIENTED_EDGE('',*,*,#2526,.F.);
#3360=ORIENTED_EDGE('',*,*,#2525,.F.);
#3361=ORIENTED_EDGE('',*,*,#2527,.F.);
#3362=ORIENTED_EDGE('',*,*,#2528,.F.);
#3363=ORIENTED_EDGE('',*,*,#2529,.F.);
#3364=ORIENTED_EDGE('',*,*,#2530,.T.);
#3365=ORIENTED_EDGE('',*,*,#2531,.F.);
#3366=ORIENTED_EDGE('',*,*,#2375,.T.);
#3367=ORIENTED_EDGE('',*,*,#2532,.F.);
#3368=ORIENTED_EDGE('',*,*,#2533,.F.);
#3369=ORIENTED_EDGE('',*,*,#2522,.F.);
#3370=ORIENTED_EDGE('',*,*,#2534,.F.);
#3371=ORIENTED_EDGE('',*,*,#2535,.F.);
#3372=ORIENTED_EDGE('',*,*,#2527,.T.);
#3373=ORIENTED_EDGE('',*,*,#2521,.F.);
#3374=ORIENTED_EDGE('',*,*,#2536,.F.);
#3375=ORIENTED_EDGE('',*,*,#2537,.F.);
#3376=ORIENTED_EDGE('',*,*,#2534,.T.);
#3377=ORIENTED_EDGE('',*,*,#2518,.F.);
#3378=ORIENTED_EDGE('',*,*,#2538,.T.);
#3379=ORIENTED_EDGE('',*,*,#2539,.F.);
#3380=ORIENTED_EDGE('',*,*,#2536,.T.);
#3381=ORIENTED_EDGE('',*,*,#2503,.F.);
#3382=ORIENTED_EDGE('',*,*,#2540,.F.);
#3383=ORIENTED_EDGE('',*,*,#2541,.F.);
#3384=ORIENTED_EDGE('',*,*,#2538,.F.);
#3385=ORIENTED_EDGE('',*,*,#2516,.F.);
#3386=ORIENTED_EDGE('',*,*,#2542,.F.);
#3387=ORIENTED_EDGE('',*,*,#2543,.T.);
#3388=ORIENTED_EDGE('',*,*,#2544,.T.);
#3389=ORIENTED_EDGE('',*,*,#2545,.T.);
#3390=ORIENTED_EDGE('',*,*,#2462,.T.);
#3391=ORIENTED_EDGE('',*,*,#2545,.F.);
#3392=ORIENTED_EDGE('',*,*,#2546,.T.);
#3393=ORIENTED_EDGE('',*,*,#2547,.T.);
#3394=ORIENTED_EDGE('',*,*,#2463,.T.);
#3395=ORIENTED_EDGE('',*,*,#2548,.T.);
#3396=ORIENTED_EDGE('',*,*,#2464,.T.);
#3397=ORIENTED_EDGE('',*,*,#2547,.F.);
#3398=ORIENTED_EDGE('',*,*,#2549,.T.);
#3399=ORIENTED_EDGE('',*,*,#2548,.F.);
#3400=ORIENTED_EDGE('',*,*,#2550,.T.);
#3401=ORIENTED_EDGE('',*,*,#2551,.T.);
#3402=ORIENTED_EDGE('',*,*,#2465,.T.);
#3403=ORIENTED_EDGE('',*,*,#2552,.T.);
#3404=ORIENTED_EDGE('',*,*,#2466,.T.);
#3405=ORIENTED_EDGE('',*,*,#2551,.F.);
#3406=ORIENTED_EDGE('',*,*,#2553,.T.);
#3407=ORIENTED_EDGE('',*,*,#2552,.F.);
#3408=ORIENTED_EDGE('',*,*,#2554,.T.);
#3409=ORIENTED_EDGE('',*,*,#2555,.T.);
#3410=ORIENTED_EDGE('',*,*,#2467,.T.);
#3411=ORIENTED_EDGE('',*,*,#2556,.T.);
#3412=ORIENTED_EDGE('',*,*,#2468,.T.);
#3413=ORIENTED_EDGE('',*,*,#2555,.F.);
#3414=ORIENTED_EDGE('',*,*,#2557,.T.);
#3415=ORIENTED_EDGE('',*,*,#2558,.F.);
#3416=ORIENTED_EDGE('',*,*,#2557,.F.);
#3417=ORIENTED_EDGE('',*,*,#2559,.F.);
#3418=ORIENTED_EDGE('',*,*,#2560,.F.);
#3419=ORIENTED_EDGE('',*,*,#2561,.F.);
#3420=ORIENTED_EDGE('',*,*,#2554,.F.);
#3421=ORIENTED_EDGE('',*,*,#2562,.T.);
#3422=ORIENTED_EDGE('',*,*,#2563,.F.);
#3423=ORIENTED_EDGE('',*,*,#2559,.T.);
#3424=ORIENTED_EDGE('',*,*,#2553,.F.);
#3425=ORIENTED_EDGE('',*,*,#2564,.F.);
#3426=ORIENTED_EDGE('',*,*,#2565,.F.);
#3427=ORIENTED_EDGE('',*,*,#2562,.F.);
#3428=ORIENTED_EDGE('',*,*,#2550,.F.);
#3429=ORIENTED_EDGE('',*,*,#2566,.T.);
#3430=ORIENTED_EDGE('',*,*,#2567,.T.);
#3431=ORIENTED_EDGE('',*,*,#2564,.T.);
#3432=ORIENTED_EDGE('',*,*,#2549,.F.);
#3433=ORIENTED_EDGE('',*,*,#2568,.F.);
#3434=ORIENTED_EDGE('',*,*,#2569,.F.);
#3435=ORIENTED_EDGE('',*,*,#2566,.F.);
#3436=ORIENTED_EDGE('',*,*,#2546,.F.);
#3437=ORIENTED_EDGE('',*,*,#2570,.T.);
#3438=ORIENTED_EDGE('',*,*,#2571,.F.);
#3439=ORIENTED_EDGE('',*,*,#2568,.T.);
#3440=ORIENTED_EDGE('',*,*,#2544,.F.);
#3441=ORIENTED_EDGE('',*,*,#2572,.F.);
#3442=ORIENTED_EDGE('',*,*,#2573,.T.);
#3443=ORIENTED_EDGE('',*,*,#2574,.F.);
#3444=ORIENTED_EDGE('',*,*,#2575,.F.);
#3445=ORIENTED_EDGE('',*,*,#2570,.F.);
#3446=ORIENTED_EDGE('',*,*,#2576,.T.);
#3447=ORIENTED_EDGE('',*,*,#2577,.T.);
#3448=ORIENTED_EDGE('',*,*,#2578,.T.);
#3449=ORIENTED_EDGE('',*,*,#2579,.T.);
#3450=ORIENTED_EDGE('',*,*,#2578,.F.);
#3451=ORIENTED_EDGE('',*,*,#2580,.T.);
#3452=ORIENTED_EDGE('',*,*,#2581,.T.);
#3453=ORIENTED_EDGE('',*,*,#2582,.T.);
#3454=ORIENTED_EDGE('',*,*,#2583,.T.);
#3455=ORIENTED_EDGE('',*,*,#2584,.T.);
#3456=ORIENTED_EDGE('',*,*,#2581,.F.);
#3457=ORIENTED_EDGE('',*,*,#2585,.T.);
#3458=ORIENTED_EDGE('',*,*,#2583,.F.);
#3459=ORIENTED_EDGE('',*,*,#2586,.T.);
#3460=ORIENTED_EDGE('',*,*,#2587,.T.);
#3461=ORIENTED_EDGE('',*,*,#2588,.T.);
#3462=ORIENTED_EDGE('',*,*,#2589,.T.);
#3463=ORIENTED_EDGE('',*,*,#2590,.T.);
#3464=ORIENTED_EDGE('',*,*,#2587,.F.);
#3465=ORIENTED_EDGE('',*,*,#2591,.T.);
#3466=ORIENTED_EDGE('',*,*,#2589,.F.);
#3467=ORIENTED_EDGE('',*,*,#2592,.T.);
#3468=ORIENTED_EDGE('',*,*,#2593,.T.);
#3469=ORIENTED_EDGE('',*,*,#2594,.T.);
#3470=ORIENTED_EDGE('',*,*,#2595,.T.);
#3471=ORIENTED_EDGE('',*,*,#2596,.T.);
#3472=ORIENTED_EDGE('',*,*,#2593,.F.);
#3473=ORIENTED_EDGE('',*,*,#2597,.T.);
#3474=ORIENTED_EDGE('',*,*,#2595,.F.);
#3475=ORIENTED_EDGE('',*,*,#2598,.T.);
#3476=ORIENTED_EDGE('',*,*,#2599,.T.);
#3477=ORIENTED_EDGE('',*,*,#2600,.T.);
#3478=ORIENTED_EDGE('',*,*,#2601,.T.);
#3479=ORIENTED_EDGE('',*,*,#2602,.T.);
#3480=ORIENTED_EDGE('',*,*,#2599,.F.);
#3481=ORIENTED_EDGE('',*,*,#2603,.T.);
#3482=ORIENTED_EDGE('',*,*,#2601,.F.);
#3483=ORIENTED_EDGE('',*,*,#2604,.T.);
#3484=ORIENTED_EDGE('',*,*,#2605,.T.);
#3485=ORIENTED_EDGE('',*,*,#2606,.T.);
#3486=ORIENTED_EDGE('',*,*,#2605,.F.);
#3487=ORIENTED_EDGE('',*,*,#2607,.T.);
#3488=ORIENTED_EDGE('',*,*,#2608,.T.);
#3489=ORIENTED_EDGE('',*,*,#2609,.T.);
#3490=ORIENTED_EDGE('',*,*,#2610,.T.);
#3491=ORIENTED_EDGE('',*,*,#2611,.T.);
#3492=ORIENTED_EDGE('',*,*,#2608,.F.);
#3493=ORIENTED_EDGE('',*,*,#2612,.T.);
#3494=ORIENTED_EDGE('',*,*,#2610,.F.);
#3495=ORIENTED_EDGE('',*,*,#2613,.T.);
#3496=ORIENTED_EDGE('',*,*,#2614,.T.);
#3497=ORIENTED_EDGE('',*,*,#2615,.T.);
#3498=ORIENTED_EDGE('',*,*,#2616,.T.);
#3499=ORIENTED_EDGE('',*,*,#2617,.T.);
#3500=ORIENTED_EDGE('',*,*,#2614,.F.);
#3501=ORIENTED_EDGE('',*,*,#2618,.T.);
#3502=ORIENTED_EDGE('',*,*,#2616,.F.);
#3503=ORIENTED_EDGE('',*,*,#2619,.T.);
#3504=ORIENTED_EDGE('',*,*,#2620,.T.);
#3505=ORIENTED_EDGE('',*,*,#2621,.T.);
#3506=ORIENTED_EDGE('',*,*,#2622,.T.);
#3507=ORIENTED_EDGE('',*,*,#2623,.T.);
#3508=ORIENTED_EDGE('',*,*,#2620,.F.);
#3509=ORIENTED_EDGE('',*,*,#2624,.T.);
#3510=ORIENTED_EDGE('',*,*,#2622,.F.);
#3511=ORIENTED_EDGE('',*,*,#2625,.T.);
#3512=ORIENTED_EDGE('',*,*,#2626,.T.);
#3513=ORIENTED_EDGE('',*,*,#2627,.T.);
#3514=ORIENTED_EDGE('',*,*,#2628,.T.);
#3515=ORIENTED_EDGE('',*,*,#2629,.T.);
#3516=ORIENTED_EDGE('',*,*,#2626,.F.);
#3517=ORIENTED_EDGE('',*,*,#2630,.T.);
#3518=ORIENTED_EDGE('',*,*,#2507,.F.);
#3519=ORIENTED_EDGE('',*,*,#2631,.F.);
#3520=ORIENTED_EDGE('',*,*,#2632,.F.);
#3521=ORIENTED_EDGE('',*,*,#2633,.F.);
#3522=ORIENTED_EDGE('',*,*,#2630,.F.);
#3523=ORIENTED_EDGE('',*,*,#2634,.F.);
#3524=ORIENTED_EDGE('',*,*,#2635,.F.);
#3525=ORIENTED_EDGE('',*,*,#2636,.F.);
#3526=ORIENTED_EDGE('',*,*,#2625,.F.);
#3527=ORIENTED_EDGE('',*,*,#2637,.T.);
#3528=ORIENTED_EDGE('',*,*,#2638,.F.);
#3529=ORIENTED_EDGE('',*,*,#2634,.T.);
#3530=ORIENTED_EDGE('',*,*,#2624,.F.);
#3531=ORIENTED_EDGE('',*,*,#2639,.F.);
#3532=ORIENTED_EDGE('',*,*,#2640,.F.);
#3533=ORIENTED_EDGE('',*,*,#2637,.F.);
#3534=ORIENTED_EDGE('',*,*,#2619,.F.);
#3535=ORIENTED_EDGE('',*,*,#2641,.T.);
#3536=ORIENTED_EDGE('',*,*,#2642,.F.);
#3537=ORIENTED_EDGE('',*,*,#2639,.T.);
#3538=ORIENTED_EDGE('',*,*,#2618,.F.);
#3539=ORIENTED_EDGE('',*,*,#2643,.F.);
#3540=ORIENTED_EDGE('',*,*,#2644,.F.);
#3541=ORIENTED_EDGE('',*,*,#2641,.F.);
#3542=ORIENTED_EDGE('',*,*,#2613,.F.);
#3543=ORIENTED_EDGE('',*,*,#2645,.T.);
#3544=ORIENTED_EDGE('',*,*,#2646,.F.);
#3545=ORIENTED_EDGE('',*,*,#2643,.T.);
#3546=ORIENTED_EDGE('',*,*,#2612,.F.);
#3547=ORIENTED_EDGE('',*,*,#2647,.F.);
#3548=ORIENTED_EDGE('',*,*,#2648,.F.);
#3549=ORIENTED_EDGE('',*,*,#2645,.F.);
#3550=ORIENTED_EDGE('',*,*,#2607,.F.);
#3551=ORIENTED_EDGE('',*,*,#2649,.F.);
#3552=ORIENTED_EDGE('',*,*,#2650,.F.);
#3553=ORIENTED_EDGE('',*,*,#2647,.T.);
#3554=ORIENTED_EDGE('',*,*,#2604,.F.);
#3555=ORIENTED_EDGE('',*,*,#2651,.T.);
#3556=ORIENTED_EDGE('',*,*,#2652,.F.);
#3557=ORIENTED_EDGE('',*,*,#2649,.T.);
#3558=ORIENTED_EDGE('',*,*,#2603,.F.);
#3559=ORIENTED_EDGE('',*,*,#2653,.F.);
#3560=ORIENTED_EDGE('',*,*,#2654,.F.);
#3561=ORIENTED_EDGE('',*,*,#2651,.F.);
#3562=ORIENTED_EDGE('',*,*,#2598,.F.);
#3563=ORIENTED_EDGE('',*,*,#2655,.T.);
#3564=ORIENTED_EDGE('',*,*,#2656,.F.);
#3565=ORIENTED_EDGE('',*,*,#2653,.T.);
#3566=ORIENTED_EDGE('',*,*,#2597,.F.);
#3567=ORIENTED_EDGE('',*,*,#2657,.F.);
#3568=ORIENTED_EDGE('',*,*,#2658,.F.);
#3569=ORIENTED_EDGE('',*,*,#2655,.F.);
#3570=ORIENTED_EDGE('',*,*,#2592,.F.);
#3571=ORIENTED_EDGE('',*,*,#2659,.T.);
#3572=ORIENTED_EDGE('',*,*,#2660,.F.);
#3573=ORIENTED_EDGE('',*,*,#2657,.T.);
#3574=ORIENTED_EDGE('',*,*,#2591,.F.);
#3575=ORIENTED_EDGE('',*,*,#2661,.F.);
#3576=ORIENTED_EDGE('',*,*,#2662,.F.);
#3577=ORIENTED_EDGE('',*,*,#2659,.F.);
#3578=ORIENTED_EDGE('',*,*,#2586,.F.);
#3579=ORIENTED_EDGE('',*,*,#2663,.T.);
#3580=ORIENTED_EDGE('',*,*,#2664,.F.);
#3581=ORIENTED_EDGE('',*,*,#2661,.T.);
#3582=ORIENTED_EDGE('',*,*,#2585,.F.);
#3583=ORIENTED_EDGE('',*,*,#2665,.F.);
#3584=ORIENTED_EDGE('',*,*,#2666,.F.);
#3585=ORIENTED_EDGE('',*,*,#2663,.F.);
#3586=ORIENTED_EDGE('',*,*,#2580,.F.);
#3587=ORIENTED_EDGE('',*,*,#2667,.T.);
#3588=ORIENTED_EDGE('',*,*,#2668,.F.);
#3589=ORIENTED_EDGE('',*,*,#2665,.T.);
#3590=ORIENTED_EDGE('',*,*,#2577,.F.);
#3591=ORIENTED_EDGE('',*,*,#2669,.F.);
#3592=ORIENTED_EDGE('',*,*,#2670,.F.);
#3593=ORIENTED_EDGE('',*,*,#2671,.F.);
#3594=ORIENTED_EDGE('',*,*,#2672,.F.);
#3595=ORIENTED_EDGE('',*,*,#2667,.F.);
#3596=ORIENTED_EDGE('',*,*,#2673,.T.);
#3597=ORIENTED_EDGE('',*,*,#2423,.T.);
#3598=ORIENTED_EDGE('',*,*,#2674,.T.);
#3599=ORIENTED_EDGE('',*,*,#2675,.T.);
#3600=ORIENTED_EDGE('',*,*,#2676,.T.);
#3601=ORIENTED_EDGE('',*,*,#2677,.T.);
#3602=ORIENTED_EDGE('',*,*,#2673,.F.);
#3603=ORIENTED_EDGE('',*,*,#2678,.T.);
#3604=ORIENTED_EDGE('',*,*,#2676,.F.);
#3605=ORIENTED_EDGE('',*,*,#2679,.T.);
#3606=ORIENTED_EDGE('',*,*,#2680,.T.);
#3607=ORIENTED_EDGE('',*,*,#2681,.T.);
#3608=ORIENTED_EDGE('',*,*,#2682,.T.);
#3609=ORIENTED_EDGE('',*,*,#2683,.T.);
#3610=ORIENTED_EDGE('',*,*,#2680,.F.);
#3611=ORIENTED_EDGE('',*,*,#2684,.T.);
#3612=ORIENTED_EDGE('',*,*,#2682,.F.);
#3613=ORIENTED_EDGE('',*,*,#2685,.T.);
#3614=ORIENTED_EDGE('',*,*,#2686,.T.);
#3615=ORIENTED_EDGE('',*,*,#2672,.T.);
#3616=ORIENTED_EDGE('',*,*,#2687,.T.);
#3617=ORIENTED_EDGE('',*,*,#2668,.T.);
#3618=ORIENTED_EDGE('',*,*,#2686,.F.);
#3619=ORIENTED_EDGE('',*,*,#2688,.T.);
#3620=ORIENTED_EDGE('',*,*,#2687,.F.);
#3621=ORIENTED_EDGE('',*,*,#2689,.T.);
#3622=ORIENTED_EDGE('',*,*,#2690,.T.);
#3623=ORIENTED_EDGE('',*,*,#2666,.T.);
#3624=ORIENTED_EDGE('',*,*,#2691,.T.);
#3625=ORIENTED_EDGE('',*,*,#2664,.T.);
#3626=ORIENTED_EDGE('',*,*,#2690,.F.);
#3627=ORIENTED_EDGE('',*,*,#2692,.T.);
#3628=ORIENTED_EDGE('',*,*,#2691,.F.);
#3629=ORIENTED_EDGE('',*,*,#2693,.T.);
#3630=ORIENTED_EDGE('',*,*,#2694,.T.);
#3631=ORIENTED_EDGE('',*,*,#2662,.T.);
#3632=ORIENTED_EDGE('',*,*,#2695,.T.);
#3633=ORIENTED_EDGE('',*,*,#2660,.T.);
#3634=ORIENTED_EDGE('',*,*,#2694,.F.);
#3635=ORIENTED_EDGE('',*,*,#2696,.T.);
#3636=ORIENTED_EDGE('',*,*,#2695,.F.);
#3637=ORIENTED_EDGE('',*,*,#2697,.T.);
#3638=ORIENTED_EDGE('',*,*,#2698,.T.);
#3639=ORIENTED_EDGE('',*,*,#2658,.T.);
#3640=ORIENTED_EDGE('',*,*,#2699,.T.);
#3641=ORIENTED_EDGE('',*,*,#2656,.T.);
#3642=ORIENTED_EDGE('',*,*,#2698,.F.);
#3643=ORIENTED_EDGE('',*,*,#2700,.T.);
#3644=ORIENTED_EDGE('',*,*,#2699,.F.);
#3645=ORIENTED_EDGE('',*,*,#2701,.T.);
#3646=ORIENTED_EDGE('',*,*,#2702,.T.);
#3647=ORIENTED_EDGE('',*,*,#2654,.T.);
#3648=ORIENTED_EDGE('',*,*,#2703,.T.);
#3649=ORIENTED_EDGE('',*,*,#2652,.T.);
#3650=ORIENTED_EDGE('',*,*,#2702,.F.);
#3651=ORIENTED_EDGE('',*,*,#2704,.T.);
#3652=ORIENTED_EDGE('',*,*,#2705,.T.);
#3653=ORIENTED_EDGE('',*,*,#2650,.T.);
#3654=ORIENTED_EDGE('',*,*,#2703,.F.);
#3655=ORIENTED_EDGE('',*,*,#2706,.T.);
#3656=ORIENTED_EDGE('',*,*,#2705,.F.);
#3657=ORIENTED_EDGE('',*,*,#2707,.T.);
#3658=ORIENTED_EDGE('',*,*,#2708,.T.);
#3659=ORIENTED_EDGE('',*,*,#2648,.T.);
#3660=ORIENTED_EDGE('',*,*,#2709,.T.);
#3661=ORIENTED_EDGE('',*,*,#2646,.T.);
#3662=ORIENTED_EDGE('',*,*,#2708,.F.);
#3663=ORIENTED_EDGE('',*,*,#2710,.T.);
#3664=ORIENTED_EDGE('',*,*,#2709,.F.);
#3665=ORIENTED_EDGE('',*,*,#2711,.T.);
#3666=ORIENTED_EDGE('',*,*,#2712,.T.);
#3667=ORIENTED_EDGE('',*,*,#2644,.T.);
#3668=ORIENTED_EDGE('',*,*,#2713,.T.);
#3669=ORIENTED_EDGE('',*,*,#2642,.T.);
#3670=ORIENTED_EDGE('',*,*,#2712,.F.);
#3671=ORIENTED_EDGE('',*,*,#2714,.T.);
#3672=ORIENTED_EDGE('',*,*,#2713,.F.);
#3673=ORIENTED_EDGE('',*,*,#2715,.T.);
#3674=ORIENTED_EDGE('',*,*,#2716,.T.);
#3675=ORIENTED_EDGE('',*,*,#2640,.T.);
#3676=ORIENTED_EDGE('',*,*,#2717,.T.);
#3677=ORIENTED_EDGE('',*,*,#2638,.T.);
#3678=ORIENTED_EDGE('',*,*,#2716,.F.);
#3679=ORIENTED_EDGE('',*,*,#2718,.T.);
#3680=ORIENTED_EDGE('',*,*,#2717,.F.);
#3681=ORIENTED_EDGE('',*,*,#2719,.T.);
#3682=ORIENTED_EDGE('',*,*,#2720,.T.);
#3683=ORIENTED_EDGE('',*,*,#2635,.T.);
#3684=ORIENTED_EDGE('',*,*,#2721,.T.);
#3685=ORIENTED_EDGE('',*,*,#2722,.T.);
#3686=ORIENTED_EDGE('',*,*,#2720,.F.);
#3687=ORIENTED_EDGE('',*,*,#2723,.T.);
#3688=ORIENTED_EDGE('',*,*,#2721,.F.);
#3689=ORIENTED_EDGE('',*,*,#2724,.T.);
#3690=ORIENTED_EDGE('',*,*,#2725,.T.);
#3691=ORIENTED_EDGE('',*,*,#2541,.T.);
#3692=ORIENTED_EDGE('',*,*,#2726,.T.);
#3693=ORIENTED_EDGE('',*,*,#2539,.T.);
#3694=ORIENTED_EDGE('',*,*,#2725,.F.);
#3695=ORIENTED_EDGE('',*,*,#2727,.T.);
#3696=ORIENTED_EDGE('',*,*,#2726,.F.);
#3697=ORIENTED_EDGE('',*,*,#2728,.T.);
#3698=ORIENTED_EDGE('',*,*,#2729,.T.);
#3699=ORIENTED_EDGE('',*,*,#2537,.T.);
#3700=ORIENTED_EDGE('',*,*,#2730,.T.);
#3701=ORIENTED_EDGE('',*,*,#2535,.T.);
#3702=ORIENTED_EDGE('',*,*,#2729,.F.);
#3703=ORIENTED_EDGE('',*,*,#2731,.T.);
#3704=ORIENTED_EDGE('',*,*,#2730,.F.);
#3705=ORIENTED_EDGE('',*,*,#2732,.T.);
#3706=ORIENTED_EDGE('',*,*,#2733,.T.);
#3707=ORIENTED_EDGE('',*,*,#2528,.T.);
#3708=ORIENTED_EDGE('',*,*,#2734,.T.);
#3709=ORIENTED_EDGE('',*,*,#2735,.T.);
#3710=ORIENTED_EDGE('',*,*,#2733,.F.);
#3711=ORIENTED_EDGE('',*,*,#2736,.T.);
#3712=ORIENTED_EDGE('',*,*,#2737,.T.);
#3713=ORIENTED_EDGE('',*,*,#2359,.T.);
#3714=ORIENTED_EDGE('',*,*,#2734,.F.);
#3715=ORIENTED_EDGE('',*,*,#2738,.T.);
#3716=ORIENTED_EDGE('',*,*,#2739,.T.);
#3717=ORIENTED_EDGE('',*,*,#2740,.T.);
#3718=ORIENTED_EDGE('',*,*,#2737,.F.);
#3719=ORIENTED_EDGE('',*,*,#2741,.T.);
#3720=ORIENTED_EDGE('',*,*,#2742,.T.);
#3721=ORIENTED_EDGE('',*,*,#2743,.T.);
#3722=ORIENTED_EDGE('',*,*,#2739,.F.);
#3723=ORIENTED_EDGE('',*,*,#2744,.T.);
#3724=ORIENTED_EDGE('',*,*,#2674,.F.);
#3725=ORIENTED_EDGE('',*,*,#2745,.T.);
#3726=ORIENTED_EDGE('',*,*,#2742,.F.);
#3727=ORIENTED_EDGE('',*,*,#2746,.T.);
#3728=ORIENTED_EDGE('',*,*,#2505,.F.);
#3729=ORIENTED_EDGE('',*,*,#2636,.T.);
#3730=ORIENTED_EDGE('',*,*,#2722,.F.);
#3731=ORIENTED_EDGE('',*,*,#2540,.T.);
#3732=ORIENTED_EDGE('',*,*,#2735,.F.);
#3733=ORIENTED_EDGE('',*,*,#2369,.T.);
#3734=ORIENTED_EDGE('',*,*,#2747,.T.);
#3735=ORIENTED_EDGE('',*,*,#2529,.T.);
#3736=ORIENTED_EDGE('',*,*,#2740,.F.);
#3737=ORIENTED_EDGE('',*,*,#2748,.T.);
#3738=ORIENTED_EDGE('',*,*,#2749,.F.);
#3739=ORIENTED_EDGE('',*,*,#2360,.T.);
#3740=ORIENTED_EDGE('',*,*,#2743,.F.);
#3741=ORIENTED_EDGE('',*,*,#2750,.F.);
#3742=ORIENTED_EDGE('',*,*,#2751,.F.);
#3743=ORIENTED_EDGE('',*,*,#2748,.F.);
#3744=ORIENTED_EDGE('',*,*,#2745,.F.);
#3745=ORIENTED_EDGE('',*,*,#2432,.T.);
#3746=ORIENTED_EDGE('',*,*,#2752,.T.);
#3747=ORIENTED_EDGE('',*,*,#2750,.T.);
#3748=ORIENTED_EDGE('',*,*,#2675,.F.);
#3749=ORIENTED_EDGE('',*,*,#2746,.F.);
#3750=ORIENTED_EDGE('',*,*,#2744,.F.);
#3751=ORIENTED_EDGE('',*,*,#2741,.F.);
#3752=ORIENTED_EDGE('',*,*,#2738,.F.);
#3753=ORIENTED_EDGE('',*,*,#2736,.F.);
#3754=ORIENTED_EDGE('',*,*,#2732,.F.);
#3755=ORIENTED_EDGE('',*,*,#2731,.F.);
#3756=ORIENTED_EDGE('',*,*,#2728,.F.);
#3757=ORIENTED_EDGE('',*,*,#2727,.F.);
#3758=ORIENTED_EDGE('',*,*,#2724,.F.);
#3759=ORIENTED_EDGE('',*,*,#2723,.F.);
#3760=ORIENTED_EDGE('',*,*,#2719,.F.);
#3761=ORIENTED_EDGE('',*,*,#2718,.F.);
#3762=ORIENTED_EDGE('',*,*,#2715,.F.);
#3763=ORIENTED_EDGE('',*,*,#2714,.F.);
#3764=ORIENTED_EDGE('',*,*,#2711,.F.);
#3765=ORIENTED_EDGE('',*,*,#2710,.F.);
#3766=ORIENTED_EDGE('',*,*,#2707,.F.);
#3767=ORIENTED_EDGE('',*,*,#2706,.F.);
#3768=ORIENTED_EDGE('',*,*,#2704,.F.);
#3769=ORIENTED_EDGE('',*,*,#2701,.F.);
#3770=ORIENTED_EDGE('',*,*,#2700,.F.);
#3771=ORIENTED_EDGE('',*,*,#2697,.F.);
#3772=ORIENTED_EDGE('',*,*,#2696,.F.);
#3773=ORIENTED_EDGE('',*,*,#2693,.F.);
#3774=ORIENTED_EDGE('',*,*,#2692,.F.);
#3775=ORIENTED_EDGE('',*,*,#2689,.F.);
#3776=ORIENTED_EDGE('',*,*,#2688,.F.);
#3777=ORIENTED_EDGE('',*,*,#2685,.F.);
#3778=ORIENTED_EDGE('',*,*,#2684,.F.);
#3779=ORIENTED_EDGE('',*,*,#2679,.F.);
#3780=ORIENTED_EDGE('',*,*,#2678,.F.);
#3781=ORIENTED_EDGE('',*,*,#2753,.T.);
#3782=ORIENTED_EDGE('',*,*,#2754,.F.);
#3783=ORIENTED_EDGE('',*,*,#2755,.T.);
#3784=ORIENTED_EDGE('',*,*,#2756,.F.);
#3785=ORIENTED_EDGE('',*,*,#2757,.T.);
#3786=ORIENTED_EDGE('',*,*,#2758,.F.);
#3787=ORIENTED_EDGE('',*,*,#2759,.T.);
#3788=ORIENTED_EDGE('',*,*,#2760,.F.);
#3789=ORIENTED_EDGE('',*,*,#2761,.T.);
#3790=ORIENTED_EDGE('',*,*,#2762,.T.);
#3791=ORIENTED_EDGE('',*,*,#2363,.T.);
#3792=ORIENTED_EDGE('',*,*,#2763,.T.);
#3793=ORIENTED_EDGE('',*,*,#2764,.T.);
#3794=ORIENTED_EDGE('',*,*,#2765,.T.);
#3795=ORIENTED_EDGE('',*,*,#2766,.T.);
#3796=ORIENTED_EDGE('',*,*,#2767,.T.);
#3797=ORIENTED_EDGE('',*,*,#2768,.T.);
#3798=ORIENTED_EDGE('',*,*,#2769,.T.);
#3799=ORIENTED_EDGE('',*,*,#2770,.T.);
#3800=ORIENTED_EDGE('',*,*,#2766,.F.);
#3801=ORIENTED_EDGE('',*,*,#2771,.F.);
#3802=ORIENTED_EDGE('',*,*,#2772,.T.);
#3803=ORIENTED_EDGE('',*,*,#2773,.F.);
#3804=ORIENTED_EDGE('',*,*,#2765,.F.);
#3805=ORIENTED_EDGE('',*,*,#2774,.F.);
#3806=ORIENTED_EDGE('',*,*,#2378,.T.);
#3807=ORIENTED_EDGE('',*,*,#2775,.T.);
#3808=ORIENTED_EDGE('',*,*,#2771,.T.);
#3809=ORIENTED_EDGE('',*,*,#2770,.F.);
#3810=ORIENTED_EDGE('',*,*,#2776,.T.);
#3811=ORIENTED_EDGE('',*,*,#2777,.T.);
#3812=ORIENTED_EDGE('',*,*,#2374,.T.);
#3813=ORIENTED_EDGE('',*,*,#2774,.T.);
#3814=ORIENTED_EDGE('',*,*,#2778,.T.);
#3815=ORIENTED_EDGE('',*,*,#2430,.T.);
#3816=ORIENTED_EDGE('',*,*,#2779,.F.);
#3817=ORIENTED_EDGE('',*,*,#2780,.T.);
#3818=ORIENTED_EDGE('',*,*,#2781,.T.);
#3819=ORIENTED_EDGE('',*,*,#2778,.F.);
#3820=ORIENTED_EDGE('',*,*,#2782,.F.);
#3821=ORIENTED_EDGE('',*,*,#2783,.T.);
#3822=ORIENTED_EDGE('',*,*,#2752,.F.);
#3823=ORIENTED_EDGE('',*,*,#2431,.T.);
#3824=ORIENTED_EDGE('',*,*,#2781,.F.);
#3825=ORIENTED_EDGE('',*,*,#2784,.T.);
#3826=ORIENTED_EDGE('',*,*,#2785,.T.);
#3827=ORIENTED_EDGE('',*,*,#2786,.T.);
#3828=ORIENTED_EDGE('',*,*,#2787,.T.);
#3829=ORIENTED_EDGE('',*,*,#2782,.T.);
#3830=ORIENTED_EDGE('',*,*,#2787,.F.);
#3831=ORIENTED_EDGE('',*,*,#2788,.F.);
#3832=ORIENTED_EDGE('',*,*,#2751,.T.);
#3833=ORIENTED_EDGE('',*,*,#2783,.F.);
#3834=ORIENTED_EDGE('',*,*,#2786,.F.);
#3835=ORIENTED_EDGE('',*,*,#2789,.F.);
#3836=ORIENTED_EDGE('',*,*,#2361,.T.);
#3837=ORIENTED_EDGE('',*,*,#2749,.T.);
#3838=ORIENTED_EDGE('',*,*,#2788,.T.);
#3839=ORIENTED_EDGE('',*,*,#2785,.F.);
#3840=ORIENTED_EDGE('',*,*,#2790,.T.);
#3841=ORIENTED_EDGE('',*,*,#2763,.F.);
#3842=ORIENTED_EDGE('',*,*,#2362,.T.);
#3843=ORIENTED_EDGE('',*,*,#2789,.T.);
#3844=ORIENTED_EDGE('',*,*,#2791,.T.);
#3845=ORIENTED_EDGE('',*,*,#2792,.T.);
#3846=ORIENTED_EDGE('',*,*,#2793,.T.);
#3847=ORIENTED_EDGE('',*,*,#2794,.T.);
#3848=ORIENTED_EDGE('',*,*,#2791,.F.);
#3849=ORIENTED_EDGE('',*,*,#2795,.T.);
#3850=ORIENTED_EDGE('',*,*,#2796,.T.);
#3851=ORIENTED_EDGE('',*,*,#2797,.T.);
#3852=ORIENTED_EDGE('',*,*,#2798,.F.);
#3853=ORIENTED_EDGE('',*,*,#2799,.T.);
#3854=ORIENTED_EDGE('',*,*,#2796,.F.);
#3855=ORIENTED_EDGE('',*,*,#2800,.T.);
#3856=ORIENTED_EDGE('',*,*,#2801,.T.);
#3857=ORIENTED_EDGE('',*,*,#2802,.T.);
#3858=ORIENTED_EDGE('',*,*,#2803,.T.);
#3859=ORIENTED_EDGE('',*,*,#2804,.T.);
#3860=ORIENTED_EDGE('',*,*,#2805,.T.);
#3861=ORIENTED_EDGE('',*,*,#2806,.T.);
#3862=ORIENTED_EDGE('',*,*,#2807,.T.);
#3863=ORIENTED_EDGE('',*,*,#2808,.T.);
#3864=ORIENTED_EDGE('',*,*,#2809,.T.);
#3865=ORIENTED_EDGE('',*,*,#2808,.F.);
#3866=ORIENTED_EDGE('',*,*,#2810,.T.);
#3867=ORIENTED_EDGE('',*,*,#2811,.T.);
#3868=ORIENTED_EDGE('',*,*,#2812,.T.);
#3869=ORIENTED_EDGE('',*,*,#2813,.T.);
#3870=ORIENTED_EDGE('',*,*,#2814,.T.);
#3871=ORIENTED_EDGE('',*,*,#2811,.F.);
#3872=ORIENTED_EDGE('',*,*,#2670,.T.);
#3873=ORIENTED_EDGE('',*,*,#2813,.F.);
#3874=ORIENTED_EDGE('',*,*,#2815,.T.);
#3875=ORIENTED_EDGE('',*,*,#2804,.F.);
#3876=ORIENTED_EDGE('',*,*,#2802,.F.);
#3877=ORIENTED_EDGE('',*,*,#2816,.T.);
#3878=ORIENTED_EDGE('',*,*,#2793,.F.);
#3879=ORIENTED_EDGE('',*,*,#2795,.F.);
#3880=ORIENTED_EDGE('',*,*,#2817,.T.);
#3881=ORIENTED_EDGE('',*,*,#2818,.F.);
#3882=ORIENTED_EDGE('',*,*,#2819,.T.);
#3883=ORIENTED_EDGE('',*,*,#2794,.F.);
#3884=ORIENTED_EDGE('',*,*,#2820,.F.);
#3885=ORIENTED_EDGE('',*,*,#2821,.F.);
#3886=ORIENTED_EDGE('',*,*,#2817,.F.);
#3887=ORIENTED_EDGE('',*,*,#2816,.F.);
#3888=ORIENTED_EDGE('',*,*,#2822,.T.);
#3889=ORIENTED_EDGE('',*,*,#2823,.T.);
#3890=ORIENTED_EDGE('',*,*,#2820,.T.);
#3891=ORIENTED_EDGE('',*,*,#2805,.F.);
#3892=ORIENTED_EDGE('',*,*,#2824,.F.);
#3893=ORIENTED_EDGE('',*,*,#2825,.F.);
#3894=ORIENTED_EDGE('',*,*,#2822,.F.);
#3895=ORIENTED_EDGE('',*,*,#2815,.F.);
#3896=ORIENTED_EDGE('',*,*,#2669,.T.);
#3897=ORIENTED_EDGE('',*,*,#2576,.F.);
#3898=ORIENTED_EDGE('',*,*,#2826,.T.);
#3899=ORIENTED_EDGE('',*,*,#2824,.T.);
#3900=ORIENTED_EDGE('',*,*,#2683,.F.);
#3901=ORIENTED_EDGE('',*,*,#2671,.T.);
#3902=ORIENTED_EDGE('',*,*,#2810,.F.);
#3903=ORIENTED_EDGE('',*,*,#2827,.T.);
#3904=ORIENTED_EDGE('',*,*,#2681,.F.);
#3905=ORIENTED_EDGE('',*,*,#2827,.F.);
#3906=ORIENTED_EDGE('',*,*,#2807,.F.);
#3907=ORIENTED_EDGE('',*,*,#2828,.F.);
#3908=ORIENTED_EDGE('',*,*,#2829,.F.);
#3909=ORIENTED_EDGE('',*,*,#2677,.F.);
#3910=ORIENTED_EDGE('',*,*,#2829,.T.);
#3911=ORIENTED_EDGE('',*,*,#2830,.F.);
#3912=ORIENTED_EDGE('',*,*,#2424,.T.);
#3913=ORIENTED_EDGE('',*,*,#2831,.T.);
#3914=ORIENTED_EDGE('',*,*,#2832,.T.);
#3915=ORIENTED_EDGE('',*,*,#2833,.T.);
#3916=ORIENTED_EDGE('',*,*,#2532,.T.);
#3917=ORIENTED_EDGE('',*,*,#2777,.F.);
#3918=ORIENTED_EDGE('',*,*,#2833,.F.);
#3919=ORIENTED_EDGE('',*,*,#2834,.F.);
#3920=ORIENTED_EDGE('',*,*,#2835,.T.);
#3921=ORIENTED_EDGE('',*,*,#2836,.F.);
#3922=ORIENTED_EDGE('',*,*,#2533,.T.);
#3923=ORIENTED_EDGE('',*,*,#2832,.F.);
#3924=ORIENTED_EDGE('',*,*,#2837,.T.);
#3925=ORIENTED_EDGE('',*,*,#2834,.T.);
#3926=ORIENTED_EDGE('',*,*,#2769,.F.);
#3927=ORIENTED_EDGE('',*,*,#2838,.F.);
#3928=ORIENTED_EDGE('',*,*,#2839,.F.);
#3929=ORIENTED_EDGE('',*,*,#2840,.T.);
#3930=ORIENTED_EDGE('',*,*,#2831,.F.);
#3931=ORIENTED_EDGE('',*,*,#2776,.F.);
#3932=ORIENTED_EDGE('',*,*,#2841,.T.);
#3933=ORIENTED_EDGE('',*,*,#2839,.T.);
#3934=ORIENTED_EDGE('',*,*,#2842,.T.);
#3935=ORIENTED_EDGE('',*,*,#2843,.T.);
#3936=ORIENTED_EDGE('',*,*,#2844,.T.);
#3937=ORIENTED_EDGE('',*,*,#2768,.F.);
#3938=ORIENTED_EDGE('',*,*,#2845,.T.);
#3939=ORIENTED_EDGE('',*,*,#2365,.T.);
#3940=ORIENTED_EDGE('',*,*,#2846,.T.);
#3941=ORIENTED_EDGE('',*,*,#2838,.T.);
#3942=ORIENTED_EDGE('',*,*,#2846,.F.);
#3943=ORIENTED_EDGE('',*,*,#2847,.T.);
#3944=ORIENTED_EDGE('',*,*,#2842,.F.);
#3945=ORIENTED_EDGE('',*,*,#2844,.F.);
#3946=ORIENTED_EDGE('',*,*,#2848,.T.);
#3947=ORIENTED_EDGE('',*,*,#2849,.T.);
#3948=ORIENTED_EDGE('',*,*,#2850,.T.);
#3949=ORIENTED_EDGE('',*,*,#2851,.T.);
#3950=ORIENTED_EDGE('',*,*,#2843,.F.);
#3951=ORIENTED_EDGE('',*,*,#2852,.F.);
#3952=ORIENTED_EDGE('',*,*,#2853,.T.);
#3953=ORIENTED_EDGE('',*,*,#2854,.F.);
#3954=ORIENTED_EDGE('',*,*,#2848,.F.);
#3955=ORIENTED_EDGE('',*,*,#2847,.F.);
#3956=ORIENTED_EDGE('',*,*,#2364,.T.);
#3957=ORIENTED_EDGE('',*,*,#2762,.F.);
#3958=ORIENTED_EDGE('',*,*,#2852,.T.);
#3959=ORIENTED_EDGE('',*,*,#2855,.T.);
#3960=ORIENTED_EDGE('',*,*,#2856,.T.);
#3961=ORIENTED_EDGE('',*,*,#2367,.T.);
#3962=ORIENTED_EDGE('',*,*,#2857,.T.);
#3963=ORIENTED_EDGE('',*,*,#2858,.T.);
#3964=ORIENTED_EDGE('',*,*,#2747,.F.);
#3965=ORIENTED_EDGE('',*,*,#2368,.T.);
#3966=ORIENTED_EDGE('',*,*,#2856,.F.);
#3967=ORIENTED_EDGE('',*,*,#2767,.F.);
#3968=ORIENTED_EDGE('',*,*,#2773,.T.);
#3969=ORIENTED_EDGE('',*,*,#2857,.F.);
#3970=ORIENTED_EDGE('',*,*,#2366,.T.);
#3971=ORIENTED_EDGE('',*,*,#2845,.F.);
#3972=ORIENTED_EDGE('',*,*,#2858,.F.);
#3973=ORIENTED_EDGE('',*,*,#2859,.T.);
#3974=ORIENTED_EDGE('',*,*,#2860,.F.);
#3975=ORIENTED_EDGE('',*,*,#2530,.F.);
#3976=ORIENTED_EDGE('',*,*,#2855,.F.);
#3977=ORIENTED_EDGE('',*,*,#2772,.F.);
#3978=ORIENTED_EDGE('',*,*,#2861,.F.);
#3979=ORIENTED_EDGE('',*,*,#2859,.F.);
#3980=ORIENTED_EDGE('',*,*,#2377,.T.);
#3981=ORIENTED_EDGE('',*,*,#2862,.T.);
#3982=ORIENTED_EDGE('',*,*,#2861,.T.);
#3983=ORIENTED_EDGE('',*,*,#2775,.F.);
#3984=ORIENTED_EDGE('',*,*,#2376,.T.);
#3985=ORIENTED_EDGE('',*,*,#2531,.T.);
#3986=ORIENTED_EDGE('',*,*,#2860,.T.);
#3987=ORIENTED_EDGE('',*,*,#2862,.F.);
#3988=ORIENTED_EDGE('',*,*,#2780,.F.);
#3989=ORIENTED_EDGE('',*,*,#2863,.F.);
#3990=ORIENTED_EDGE('',*,*,#2790,.F.);
#3991=ORIENTED_EDGE('',*,*,#2784,.F.);
#3992=ORIENTED_EDGE('',*,*,#2428,.T.);
#3993=ORIENTED_EDGE('',*,*,#2864,.T.);
#3994=ORIENTED_EDGE('',*,*,#2865,.F.);
#3995=ORIENTED_EDGE('',*,*,#2866,.F.);
#3996=ORIENTED_EDGE('',*,*,#2867,.F.);
#3997=ORIENTED_EDGE('',*,*,#2427,.T.);
#3998=ORIENTED_EDGE('',*,*,#2868,.T.);
#3999=ORIENTED_EDGE('',*,*,#2869,.F.);
#4000=ORIENTED_EDGE('',*,*,#2864,.F.);
#4001=ORIENTED_EDGE('',*,*,#2426,.T.);
#4002=ORIENTED_EDGE('',*,*,#2870,.F.);
#4003=ORIENTED_EDGE('',*,*,#2868,.F.);
#4004=ORIENTED_EDGE('',*,*,#2497,.F.);
#4005=ORIENTED_EDGE('',*,*,#2871,.T.);
#4006=ORIENTED_EDGE('',*,*,#2872,.F.);
#4007=ORIENTED_EDGE('',*,*,#2873,.F.);
#4008=ORIENTED_EDGE('',*,*,#2874,.F.);
#4009=ORIENTED_EDGE('',*,*,#2875,.T.);
#4010=ORIENTED_EDGE('',*,*,#2876,.F.);
#4011=ORIENTED_EDGE('',*,*,#2876,.T.);
#4012=ORIENTED_EDGE('',*,*,#2877,.T.);
#4013=ORIENTED_EDGE('',*,*,#2878,.T.);
#4014=ORIENTED_EDGE('',*,*,#2879,.F.);
#4015=ORIENTED_EDGE('',*,*,#2878,.F.);
#4016=ORIENTED_EDGE('',*,*,#2880,.T.);
#4017=ORIENTED_EDGE('',*,*,#2475,.F.);
#4018=ORIENTED_EDGE('',*,*,#2477,.F.);
#4019=ORIENTED_EDGE('',*,*,#2491,.F.);
#4020=ORIENTED_EDGE('',*,*,#2490,.T.);
#4021=ORIENTED_EDGE('',*,*,#2495,.T.);
#4022=ORIENTED_EDGE('',*,*,#2476,.F.);
#4023=ORIENTED_EDGE('',*,*,#2880,.F.);
#4024=ORIENTED_EDGE('',*,*,#2877,.F.);
#4025=ORIENTED_EDGE('',*,*,#2875,.F.);
#4026=ORIENTED_EDGE('',*,*,#2881,.F.);
#4027=ORIENTED_EDGE('',*,*,#2882,.F.);
#4028=ORIENTED_EDGE('',*,*,#2883,.F.);
#4029=ORIENTED_EDGE('',*,*,#2884,.F.);
#4030=ORIENTED_EDGE('',*,*,#2885,.T.);
#4031=ORIENTED_EDGE('',*,*,#2886,.F.);
#4032=ORIENTED_EDGE('',*,*,#2887,.T.);
#4033=ORIENTED_EDGE('',*,*,#2492,.F.);
#4034=ORIENTED_EDGE('',*,*,#2513,.F.);
#4035=ORIENTED_EDGE('',*,*,#2510,.F.);
#4036=ORIENTED_EDGE('',*,*,#2481,.T.);
#4037=ORIENTED_EDGE('',*,*,#2888,.T.);
#4038=ORIENTED_EDGE('',*,*,#2889,.T.);
#4039=ORIENTED_EDGE('',*,*,#2890,.T.);
#4040=ORIENTED_EDGE('',*,*,#2891,.T.);
#4041=ORIENTED_EDGE('',*,*,#2889,.F.);
#4042=ORIENTED_EDGE('',*,*,#2892,.T.);
#4043=ORIENTED_EDGE('',*,*,#2893,.T.);
#4044=ORIENTED_EDGE('',*,*,#2894,.T.);
#4045=ORIENTED_EDGE('',*,*,#2893,.F.);
#4046=ORIENTED_EDGE('',*,*,#2895,.T.);
#4047=ORIENTED_EDGE('',*,*,#2896,.T.);
#4048=ORIENTED_EDGE('',*,*,#2897,.T.);
#4049=ORIENTED_EDGE('',*,*,#2471,.T.);
#4050=ORIENTED_EDGE('',*,*,#2898,.T.);
#4051=ORIENTED_EDGE('',*,*,#2896,.F.);
#4052=ORIENTED_EDGE('',*,*,#2493,.F.);
#4053=ORIENTED_EDGE('',*,*,#2887,.F.);
#4054=ORIENTED_EDGE('',*,*,#2899,.T.);
#4055=ORIENTED_EDGE('',*,*,#2514,.F.);
#4056=ORIENTED_EDGE('',*,*,#2899,.F.);
#4057=ORIENTED_EDGE('',*,*,#2890,.F.);
#4058=ORIENTED_EDGE('',*,*,#2891,.F.);
#4059=ORIENTED_EDGE('',*,*,#2894,.F.);
#4060=ORIENTED_EDGE('',*,*,#2900,.F.);
#4061=ORIENTED_EDGE('',*,*,#2901,.F.);
#4062=ORIENTED_EDGE('',*,*,#2512,.F.);
#4063=ORIENTED_EDGE('',*,*,#2898,.F.);
#4064=ORIENTED_EDGE('',*,*,#2470,.T.);
#4065=ORIENTED_EDGE('',*,*,#2902,.F.);
#4066=ORIENTED_EDGE('',*,*,#2903,.T.);
#4067=ORIENTED_EDGE('',*,*,#2904,.F.);
#4068=ORIENTED_EDGE('',*,*,#2900,.T.);
#4069=ORIENTED_EDGE('',*,*,#2447,.F.);
#4070=ORIENTED_EDGE('',*,*,#2905,.T.);
#4071=ORIENTED_EDGE('',*,*,#2906,.F.);
#4072=ORIENTED_EDGE('',*,*,#2907,.T.);
#4073=ORIENTED_EDGE('',*,*,#2445,.F.);
#4074=ORIENTED_EDGE('',*,*,#2907,.F.);
#4075=ORIENTED_EDGE('',*,*,#2908,.F.);
#4076=ORIENTED_EDGE('',*,*,#2909,.F.);
#4077=ORIENTED_EDGE('',*,*,#2436,.F.);
#4078=ORIENTED_EDGE('',*,*,#2910,.T.);
#4079=ORIENTED_EDGE('',*,*,#2911,.F.);
#4080=ORIENTED_EDGE('',*,*,#2912,.T.);
#4081=ORIENTED_EDGE('',*,*,#2872,.T.);
#4082=ORIENTED_EDGE('',*,*,#2913,.T.);
#4083=ORIENTED_EDGE('',*,*,#2911,.T.);
#4084=ORIENTED_EDGE('',*,*,#2914,.T.);
#4085=ORIENTED_EDGE('',*,*,#2915,.T.);
#4086=ORIENTED_EDGE('',*,*,#2908,.T.);
#4087=ORIENTED_EDGE('',*,*,#2906,.T.);
#4088=ORIENTED_EDGE('',*,*,#2916,.T.);
#4089=ORIENTED_EDGE('',*,*,#2917,.T.);
#4090=ORIENTED_EDGE('',*,*,#2883,.T.);
#4091=ORIENTED_EDGE('',*,*,#2918,.T.);
#4092=ORIENTED_EDGE('',*,*,#2919,.T.);
#4093=ORIENTED_EDGE('',*,*,#2439,.F.);
#4094=ORIENTED_EDGE('',*,*,#2920,.F.);
#4095=ORIENTED_EDGE('',*,*,#2914,.F.);
#4096=ORIENTED_EDGE('',*,*,#2910,.F.);
#4097=ORIENTED_EDGE('',*,*,#2441,.F.);
#4098=ORIENTED_EDGE('',*,*,#2909,.T.);
#4099=ORIENTED_EDGE('',*,*,#2915,.F.);
#4100=ORIENTED_EDGE('',*,*,#2920,.T.);
#4101=ORIENTED_EDGE('',*,*,#2501,.F.);
#4102=ORIENTED_EDGE('',*,*,#2542,.T.);
#4103=ORIENTED_EDGE('',*,*,#2515,.F.);
#4104=ORIENTED_EDGE('',*,*,#2453,.T.);
#4105=ORIENTED_EDGE('',*,*,#2921,.T.);
#4106=ORIENTED_EDGE('',*,*,#2509,.F.);
#4107=ORIENTED_EDGE('',*,*,#2901,.T.);
#4108=ORIENTED_EDGE('',*,*,#2904,.T.);
#4109=ORIENTED_EDGE('',*,*,#2922,.T.);
#4110=ORIENTED_EDGE('',*,*,#2631,.T.);
#4111=ORIENTED_EDGE('',*,*,#2923,.T.);
#4112=ORIENTED_EDGE('',*,*,#2628,.F.);
#4113=ORIENTED_EDGE('',*,*,#2633,.T.);
#4114=ORIENTED_EDGE('',*,*,#2924,.T.);
#4115=ORIENTED_EDGE('',*,*,#2561,.T.);
#4116=ORIENTED_EDGE('',*,*,#2925,.T.);
#4117=ORIENTED_EDGE('',*,*,#2926,.T.);
#4118=ORIENTED_EDGE('',*,*,#2924,.F.);
#4119=ORIENTED_EDGE('',*,*,#2903,.F.);
#4120=ORIENTED_EDGE('',*,*,#2925,.F.);
#4121=ORIENTED_EDGE('',*,*,#2632,.T.);
#4122=ORIENTED_EDGE('',*,*,#2922,.F.);
#4123=ORIENTED_EDGE('',*,*,#2756,.T.);
#4124=ORIENTED_EDGE('',*,*,#2927,.T.);
#4125=ORIENTED_EDGE('',*,*,#2928,.T.);
#4126=ORIENTED_EDGE('',*,*,#2929,.T.);
#4127=ORIENTED_EDGE('',*,*,#2927,.F.);
#4128=ORIENTED_EDGE('',*,*,#2755,.F.);
#4129=ORIENTED_EDGE('',*,*,#2930,.F.);
#4130=ORIENTED_EDGE('',*,*,#2931,.F.);
#4131=ORIENTED_EDGE('',*,*,#2754,.T.);
#4132=ORIENTED_EDGE('',*,*,#2932,.T.);
#4133=ORIENTED_EDGE('',*,*,#2933,.T.);
#4134=ORIENTED_EDGE('',*,*,#2930,.T.);
#4135=ORIENTED_EDGE('',*,*,#2932,.F.);
#4136=ORIENTED_EDGE('',*,*,#2753,.F.);
#4137=ORIENTED_EDGE('',*,*,#2934,.F.);
#4138=ORIENTED_EDGE('',*,*,#2935,.F.);
#4139=ORIENTED_EDGE('',*,*,#2760,.T.);
#4140=ORIENTED_EDGE('',*,*,#2936,.T.);
#4141=ORIENTED_EDGE('',*,*,#2937,.T.);
#4142=ORIENTED_EDGE('',*,*,#2934,.T.);
#4143=ORIENTED_EDGE('',*,*,#2936,.F.);
#4144=ORIENTED_EDGE('',*,*,#2759,.F.);
#4145=ORIENTED_EDGE('',*,*,#2938,.F.);
#4146=ORIENTED_EDGE('',*,*,#2939,.F.);
#4147=ORIENTED_EDGE('',*,*,#2758,.T.);
#4148=ORIENTED_EDGE('',*,*,#2940,.T.);
#4149=ORIENTED_EDGE('',*,*,#2941,.T.);
#4150=ORIENTED_EDGE('',*,*,#2938,.T.);
#4151=ORIENTED_EDGE('',*,*,#2929,.F.);
#4152=ORIENTED_EDGE('',*,*,#2942,.F.);
#4153=ORIENTED_EDGE('',*,*,#2940,.F.);
#4154=ORIENTED_EDGE('',*,*,#2757,.F.);
#4155=ORIENTED_EDGE('',*,*,#2926,.F.);
#4156=ORIENTED_EDGE('',*,*,#2902,.T.);
#4157=ORIENTED_EDGE('',*,*,#2469,.T.);
#4158=ORIENTED_EDGE('',*,*,#2556,.F.);
#4159=ORIENTED_EDGE('',*,*,#2558,.T.);
#4160=ORIENTED_EDGE('',*,*,#2943,.T.);
#4161=ORIENTED_EDGE('',*,*,#2944,.T.);
#4162=ORIENTED_EDGE('',*,*,#2945,.T.);
#4163=ORIENTED_EDGE('',*,*,#2865,.T.);
#4164=ORIENTED_EDGE('',*,*,#2869,.T.);
#4165=ORIENTED_EDGE('',*,*,#2870,.T.);
#4166=ORIENTED_EDGE('',*,*,#2946,.T.);
#4167=ORIENTED_EDGE('',*,*,#2947,.T.);
#4168=ORIENTED_EDGE('',*,*,#2425,.T.);
#4169=ORIENTED_EDGE('',*,*,#2830,.T.);
#4170=ORIENTED_EDGE('',*,*,#2828,.T.);
#4171=ORIENTED_EDGE('',*,*,#2806,.F.);
#4172=ORIENTED_EDGE('',*,*,#2948,.T.);
#4173=ORIENTED_EDGE('',*,*,#2949,.T.);
#4174=ORIENTED_EDGE('',*,*,#2950,.T.);
#4175=ORIENTED_EDGE('',*,*,#2946,.F.);
#4176=ORIENTED_EDGE('',*,*,#2944,.F.);
#4177=ORIENTED_EDGE('',*,*,#2951,.T.);
#4178=ORIENTED_EDGE('',*,*,#2952,.T.);
#4179=ORIENTED_EDGE('',*,*,#2943,.F.);
#4180=ORIENTED_EDGE('',*,*,#2947,.F.);
#4181=ORIENTED_EDGE('',*,*,#2950,.F.);
#4182=ORIENTED_EDGE('',*,*,#2953,.T.);
#4183=ORIENTED_EDGE('',*,*,#2801,.F.);
#4184=ORIENTED_EDGE('',*,*,#2954,.F.);
#4185=ORIENTED_EDGE('',*,*,#2955,.T.);
#4186=ORIENTED_EDGE('',*,*,#2956,.F.);
#4187=ORIENTED_EDGE('',*,*,#2957,.T.);
#4188=ORIENTED_EDGE('',*,*,#2958,.F.);
#4189=ORIENTED_EDGE('',*,*,#2959,.T.);
#4190=ORIENTED_EDGE('',*,*,#2960,.F.);
#4191=ORIENTED_EDGE('',*,*,#2951,.F.);
#4192=ORIENTED_EDGE('',*,*,#2949,.F.);
#4193=ORIENTED_EDGE('',*,*,#2961,.F.);
#4194=ORIENTED_EDGE('',*,*,#2798,.T.);
#4195=ORIENTED_EDGE('',*,*,#2953,.F.);
#4196=ORIENTED_EDGE('',*,*,#2962,.T.);
#4197=ORIENTED_EDGE('',*,*,#2963,.T.);
#4198=ORIENTED_EDGE('',*,*,#2964,.T.);
#4199=ORIENTED_EDGE('',*,*,#2429,.T.);
#4200=ORIENTED_EDGE('',*,*,#2965,.T.);
#4201=ORIENTED_EDGE('',*,*,#2958,.T.);
#4202=ORIENTED_EDGE('',*,*,#2867,.T.);
#4203=ORIENTED_EDGE('',*,*,#2966,.T.);
#4204=ORIENTED_EDGE('',*,*,#2960,.T.);
#4205=ORIENTED_EDGE('',*,*,#2959,.F.);
#4206=ORIENTED_EDGE('',*,*,#2965,.F.);
#4207=ORIENTED_EDGE('',*,*,#2945,.F.);
#4208=ORIENTED_EDGE('',*,*,#2952,.F.);
#4209=ORIENTED_EDGE('',*,*,#2966,.F.);
#4210=ORIENTED_EDGE('',*,*,#2866,.T.);
#4211=ORIENTED_EDGE('',*,*,#2764,.F.);
#4212=ORIENTED_EDGE('',*,*,#2863,.T.);
#4213=ORIENTED_EDGE('',*,*,#2779,.T.);
#4214=ORIENTED_EDGE('',*,*,#2964,.F.);
#4215=ORIENTED_EDGE('',*,*,#2853,.F.);
#4216=ORIENTED_EDGE('',*,*,#2761,.F.);
#4217=ORIENTED_EDGE('',*,*,#2967,.T.);
#4218=ORIENTED_EDGE('',*,*,#2968,.F.);
#4219=ORIENTED_EDGE('',*,*,#2967,.F.);
#4220=ORIENTED_EDGE('',*,*,#2629,.F.);
#4221=ORIENTED_EDGE('',*,*,#2923,.F.);
#4222=ORIENTED_EDGE('',*,*,#2560,.T.);
#4223=ORIENTED_EDGE('',*,*,#2563,.T.);
#4224=ORIENTED_EDGE('',*,*,#2565,.T.);
#4225=ORIENTED_EDGE('',*,*,#2567,.F.);
#4226=ORIENTED_EDGE('',*,*,#2569,.T.);
#4227=ORIENTED_EDGE('',*,*,#2571,.T.);
#4228=ORIENTED_EDGE('',*,*,#2575,.T.);
#4229=ORIENTED_EDGE('',*,*,#2969,.T.);
#4230=ORIENTED_EDGE('',*,*,#2970,.T.);
#4231=ORIENTED_EDGE('',*,*,#2971,.T.);
#4232=ORIENTED_EDGE('',*,*,#2972,.T.);
#4233=ORIENTED_EDGE('',*,*,#2956,.T.);
#4234=ORIENTED_EDGE('',*,*,#2973,.T.);
#4235=ORIENTED_EDGE('',*,*,#2974,.T.);
#4236=ORIENTED_EDGE('',*,*,#2818,.T.);
#4237=ORIENTED_EDGE('',*,*,#2821,.T.);
#4238=ORIENTED_EDGE('',*,*,#2823,.F.);
#4239=ORIENTED_EDGE('',*,*,#2825,.T.);
#4240=ORIENTED_EDGE('',*,*,#2826,.F.);
#4241=ORIENTED_EDGE('',*,*,#2579,.F.);
#4242=ORIENTED_EDGE('',*,*,#2582,.F.);
#4243=ORIENTED_EDGE('',*,*,#2584,.F.);
#4244=ORIENTED_EDGE('',*,*,#2588,.F.);
#4245=ORIENTED_EDGE('',*,*,#2590,.F.);
#4246=ORIENTED_EDGE('',*,*,#2594,.F.);
#4247=ORIENTED_EDGE('',*,*,#2596,.F.);
#4248=ORIENTED_EDGE('',*,*,#2600,.F.);
#4249=ORIENTED_EDGE('',*,*,#2602,.F.);
#4250=ORIENTED_EDGE('',*,*,#2606,.F.);
#4251=ORIENTED_EDGE('',*,*,#2609,.F.);
#4252=ORIENTED_EDGE('',*,*,#2611,.F.);
#4253=ORIENTED_EDGE('',*,*,#2615,.F.);
#4254=ORIENTED_EDGE('',*,*,#2617,.F.);
#4255=ORIENTED_EDGE('',*,*,#2621,.F.);
#4256=ORIENTED_EDGE('',*,*,#2623,.F.);
#4257=ORIENTED_EDGE('',*,*,#2627,.F.);
#4258=ORIENTED_EDGE('',*,*,#2968,.T.);
#4259=ORIENTED_EDGE('',*,*,#2935,.T.);
#4260=ORIENTED_EDGE('',*,*,#2937,.F.);
#4261=ORIENTED_EDGE('',*,*,#2939,.T.);
#4262=ORIENTED_EDGE('',*,*,#2941,.F.);
#4263=ORIENTED_EDGE('',*,*,#2942,.T.);
#4264=ORIENTED_EDGE('',*,*,#2928,.F.);
#4265=ORIENTED_EDGE('',*,*,#2931,.T.);
#4266=ORIENTED_EDGE('',*,*,#2933,.F.);
#4267=ORIENTED_EDGE('',*,*,#2888,.F.);
#4268=ORIENTED_EDGE('',*,*,#2480,.F.);
#4269=ORIENTED_EDGE('',*,*,#2975,.F.);
#4270=ORIENTED_EDGE('',*,*,#2976,.T.);
#4271=ORIENTED_EDGE('',*,*,#2892,.F.);
#4272=ORIENTED_EDGE('',*,*,#2976,.F.);
#4273=ORIENTED_EDGE('',*,*,#2977,.F.);
#4274=ORIENTED_EDGE('',*,*,#2978,.T.);
#4275=ORIENTED_EDGE('',*,*,#2895,.F.);
#4276=ORIENTED_EDGE('',*,*,#2978,.F.);
#4277=ORIENTED_EDGE('',*,*,#2979,.F.);
#4278=ORIENTED_EDGE('',*,*,#2885,.F.);
#4279=ORIENTED_EDGE('',*,*,#2980,.F.);
#4280=ORIENTED_EDGE('',*,*,#2449,.F.);
#4281=ORIENTED_EDGE('',*,*,#2472,.T.);
#4282=ORIENTED_EDGE('',*,*,#2897,.F.);
#4283=ORIENTED_EDGE('',*,*,#2980,.T.);
#4284=ORIENTED_EDGE('',*,*,#2981,.F.);
#4285=ORIENTED_EDGE('',*,*,#2916,.F.);
#4286=ORIENTED_EDGE('',*,*,#2905,.F.);
#4287=ORIENTED_EDGE('',*,*,#2450,.F.);
#4288=ORIENTED_EDGE('',*,*,#2874,.T.);
#4289=ORIENTED_EDGE('',*,*,#2982,.T.);
#4290=ORIENTED_EDGE('',*,*,#2918,.F.);
#4291=ORIENTED_EDGE('',*,*,#2882,.T.);
#4292=ORIENTED_EDGE('',*,*,#2983,.T.);
#4293=ORIENTED_EDGE('',*,*,#2984,.F.);
#4294=ORIENTED_EDGE('',*,*,#2983,.F.);
#4295=ORIENTED_EDGE('',*,*,#2881,.T.);
#4296=ORIENTED_EDGE('',*,*,#2499,.F.);
#4297=ORIENTED_EDGE('',*,*,#2921,.F.);
#4298=ORIENTED_EDGE('',*,*,#2452,.F.);
#4299=ORIENTED_EDGE('',*,*,#2433,.F.);
#4300=ORIENTED_EDGE('',*,*,#2912,.F.);
#4301=ORIENTED_EDGE('',*,*,#2913,.F.);
#4302=ORIENTED_EDGE('',*,*,#2871,.F.);
#4303=ORIENTED_EDGE('',*,*,#2977,.T.);
#4304=ORIENTED_EDGE('',*,*,#2985,.F.);
#4305=ORIENTED_EDGE('',*,*,#2979,.T.);
#4306=ORIENTED_EDGE('',*,*,#2873,.T.);
#4307=ORIENTED_EDGE('',*,*,#2919,.F.);
#4308=ORIENTED_EDGE('',*,*,#2982,.F.);
#4309=ORIENTED_EDGE('',*,*,#2917,.F.);
#4310=ORIENTED_EDGE('',*,*,#2981,.T.);
#4311=ORIENTED_EDGE('',*,*,#2986,.T.);
#4312=ORIENTED_EDGE('',*,*,#2987,.F.);
#4313=ORIENTED_EDGE('',*,*,#2986,.F.);
#4314=ORIENTED_EDGE('',*,*,#2884,.T.);
#4315=ORIENTED_EDGE('',*,*,#2479,.F.);
#4316=ORIENTED_EDGE('',*,*,#2478,.F.);
#4317=ORIENTED_EDGE('',*,*,#2473,.F.);
#4318=ORIENTED_EDGE('',*,*,#2886,.T.);
#4319=ORIENTED_EDGE('',*,*,#2988,.T.);
#4320=ORIENTED_EDGE('',*,*,#2989,.F.);
#4321=ORIENTED_EDGE('',*,*,#2988,.F.);
#4322=ORIENTED_EDGE('',*,*,#2985,.T.);
#4323=ORIENTED_EDGE('',*,*,#2975,.T.);
#4324=ORIENTED_EDGE('',*,*,#2987,.T.);
#4325=ORIENTED_EDGE('',*,*,#2989,.T.);
#4326=ORIENTED_EDGE('',*,*,#2984,.T.);
#4327=ORIENTED_EDGE('',*,*,#2879,.T.);
#4328=ORIENTED_EDGE('',*,*,#2800,.F.);
#4329=ORIENTED_EDGE('',*,*,#2819,.F.);
#4330=ORIENTED_EDGE('',*,*,#2974,.F.);
#4331=ORIENTED_EDGE('',*,*,#2990,.T.);
#4332=ORIENTED_EDGE('',*,*,#2954,.T.);
#4333=ORIENTED_EDGE('',*,*,#2991,.T.);
#4334=ORIENTED_EDGE('',*,*,#2459,.T.);
#4335=ORIENTED_EDGE('',*,*,#2524,.F.);
#4336=ORIENTED_EDGE('',*,*,#2526,.T.);
#4337=ORIENTED_EDGE('',*,*,#2836,.T.);
#4338=ORIENTED_EDGE('',*,*,#2461,.T.);
#4339=ORIENTED_EDGE('',*,*,#2992,.T.);
#4340=ORIENTED_EDGE('',*,*,#2993,.T.);
#4341=ORIENTED_EDGE('',*,*,#2572,.T.);
#4342=ORIENTED_EDGE('',*,*,#2543,.F.);
#4343=ORIENTED_EDGE('',*,*,#2991,.F.);
#4344=ORIENTED_EDGE('',*,*,#2994,.F.);
#4345=ORIENTED_EDGE('',*,*,#2992,.F.);
#4346=ORIENTED_EDGE('',*,*,#2460,.F.);
#4347=ORIENTED_EDGE('',*,*,#2995,.F.);
#4348=ORIENTED_EDGE('',*,*,#2996,.T.);
#4349=ORIENTED_EDGE('',*,*,#2969,.F.);
#4350=ORIENTED_EDGE('',*,*,#2574,.T.);
#4351=ORIENTED_EDGE('',*,*,#2962,.F.);
#4352=ORIENTED_EDGE('',*,*,#2957,.F.);
#4353=ORIENTED_EDGE('',*,*,#2972,.F.);
#4354=ORIENTED_EDGE('',*,*,#2997,.F.);
#4355=ORIENTED_EDGE('',*,*,#2998,.F.);
#4356=ORIENTED_EDGE('',*,*,#2970,.F.);
#4357=ORIENTED_EDGE('',*,*,#2996,.F.);
#4358=ORIENTED_EDGE('',*,*,#2999,.F.);
#4359=ORIENTED_EDGE('',*,*,#3000,.F.);
#4360=ORIENTED_EDGE('',*,*,#3001,.F.);
#4361=ORIENTED_EDGE('',*,*,#3002,.F.);
#4362=ORIENTED_EDGE('',*,*,#3003,.F.);
#4363=ORIENTED_EDGE('',*,*,#2854,.T.);
#4364=ORIENTED_EDGE('',*,*,#2963,.F.);
#4365=ORIENTED_EDGE('',*,*,#3003,.T.);
#4366=ORIENTED_EDGE('',*,*,#2849,.F.);
#4367=ORIENTED_EDGE('',*,*,#2841,.F.);
#4368=ORIENTED_EDGE('',*,*,#2851,.F.);
#4369=ORIENTED_EDGE('',*,*,#3004,.F.);
#4370=ORIENTED_EDGE('',*,*,#2837,.F.);
#4371=ORIENTED_EDGE('',*,*,#2840,.F.);
#4372=ORIENTED_EDGE('',*,*,#2835,.F.);
#4373=ORIENTED_EDGE('',*,*,#3004,.T.);
#4374=ORIENTED_EDGE('',*,*,#2850,.F.);
#4375=ORIENTED_EDGE('',*,*,#3002,.T.);
#4376=ORIENTED_EDGE('',*,*,#3005,.T.);
#4377=ORIENTED_EDGE('',*,*,#2999,.T.);
#4378=ORIENTED_EDGE('',*,*,#2995,.T.);
#4379=ORIENTED_EDGE('',*,*,#2573,.F.);
#4380=ORIENTED_EDGE('',*,*,#2993,.F.);
#4381=ORIENTED_EDGE('',*,*,#2994,.T.);
#4382=ORIENTED_EDGE('',*,*,#2799,.F.);
#4383=ORIENTED_EDGE('',*,*,#2961,.T.);
#4384=ORIENTED_EDGE('',*,*,#2948,.F.);
#4385=ORIENTED_EDGE('',*,*,#2809,.F.);
#4386=ORIENTED_EDGE('',*,*,#2812,.F.);
#4387=ORIENTED_EDGE('',*,*,#2814,.F.);
#4388=ORIENTED_EDGE('',*,*,#2803,.F.);
#4389=ORIENTED_EDGE('',*,*,#2792,.F.);
#4390=ORIENTED_EDGE('',*,*,#2797,.F.);
#4391=ORIENTED_EDGE('',*,*,#2955,.F.);
#4392=ORIENTED_EDGE('',*,*,#2990,.F.);
#4393=ORIENTED_EDGE('',*,*,#2973,.F.);
#4394=ORIENTED_EDGE('',*,*,#3005,.F.);
#4395=ORIENTED_EDGE('',*,*,#3001,.T.);
#4396=ORIENTED_EDGE('',*,*,#3006,.T.);
#4397=ORIENTED_EDGE('',*,*,#3007,.F.);
#4398=ORIENTED_EDGE('',*,*,#3006,.F.);
#4399=ORIENTED_EDGE('',*,*,#3000,.T.);
#4400=ORIENTED_EDGE('',*,*,#2971,.F.);
#4401=ORIENTED_EDGE('',*,*,#2998,.T.);
#4402=ORIENTED_EDGE('',*,*,#3008,.T.);
#4403=ORIENTED_EDGE('',*,*,#3009,.F.);
#4404=ORIENTED_EDGE('',*,*,#3008,.F.);
#4405=ORIENTED_EDGE('',*,*,#2997,.T.);
#4406=ORIENTED_EDGE('',*,*,#3007,.T.);
#4407=ORIENTED_EDGE('',*,*,#3009,.T.);
#4408=PLANE('',#4888);
#4409=PLANE('',#4889);
#4410=PLANE('',#4890);
#4411=PLANE('',#4891);
#4412=PLANE('',#4892);
#4413=PLANE('',#4893);
#4414=PLANE('',#4894);
#4415=PLANE('',#4895);
#4416=PLANE('',#4896);
#4417=PLANE('',#4897);
#4418=PLANE('',#4898);
#4419=PLANE('',#4899);
#4420=PLANE('',#4900);
#4421=PLANE('',#4901);
#4422=PLANE('',#4902);
#4423=PLANE('',#4903);
#4424=PLANE('',#4904);
#4425=PLANE('',#4905);
#4426=PLANE('',#4906);
#4427=PLANE('',#4907);
#4428=PLANE('',#4908);
#4429=PLANE('',#4909);
#4430=PLANE('',#4910);
#4431=PLANE('',#4911);
#4432=PLANE('',#4912);
#4433=PLANE('',#4913);
#4434=PLANE('',#4914);
#4435=PLANE('',#4915);
#4436=PLANE('',#4916);
#4437=PLANE('',#4917);
#4438=PLANE('',#4918);
#4439=PLANE('',#4919);
#4440=PLANE('',#4920);
#4441=PLANE('',#4921);
#4442=PLANE('',#4922);
#4443=PLANE('',#4923);
#4444=PLANE('',#4924);
#4445=PLANE('',#4925);
#4446=PLANE('',#4926);
#4447=PLANE('',#4927);
#4448=PLANE('',#4928);
#4449=PLANE('',#4929);
#4450=PLANE('',#4930);
#4451=PLANE('',#4931);
#4452=PLANE('',#4932);
#4453=PLANE('',#4933);
#4454=PLANE('',#4934);
#4455=PLANE('',#4935);
#4456=PLANE('',#4936);
#4457=PLANE('',#4937);
#4458=PLANE('',#4938);
#4459=PLANE('',#4943);
#4460=PLANE('',#4947);
#4461=PLANE('',#4951);
#4462=PLANE('',#4952);
#4463=PLANE('',#4963);
#4464=PLANE('',#4964);
#4465=PLANE('',#4971);
#4466=PLANE('',#4974);
#4467=PLANE('',#4977);
#4468=PLANE('',#4980);
#4469=PLANE('',#4981);
#4470=PLANE('',#4985);
#4471=PLANE('',#4988);
#4472=PLANE('',#4990);
#4473=PLANE('',#4994);
#4474=PLANE('',#4997);
#4475=PLANE('',#4998);
#4476=PLANE('',#5002);
#4477=PLANE('',#5005);
#4478=PLANE('',#5008);
#4479=PLANE('',#5010);
#4480=PLANE('',#5013);
#4481=PLANE('',#5016);
#4482=PLANE('',#5019);
#4483=PLANE('',#5020);
#4484=PLANE('',#5025);
#4485=PLANE('',#5029);
#4486=PLANE('',#5033);
#4487=PLANE('',#5037);
#4488=PLANE('',#5044);
#4489=PLANE('',#5048);
#4490=PLANE('',#5052);
#4491=PLANE('',#5056);
#4492=PLANE('',#5058);
#4493=PLANE('',#5061);
#4494=PLANE('',#5064);
#4495=PLANE('',#5067);
#4496=PLANE('',#5072);
#4497=PLANE('',#5075);
#4498=PLANE('',#5078);
#4499=PLANE('',#5081);
#4500=PLANE('',#5084);
#4501=PLANE('',#5085);
#4502=PLANE('',#5089);
#4503=PLANE('',#5093);
#4504=PLANE('',#5096);
#4505=PLANE('',#5099);
#4506=PLANE('',#5102);
#4507=PLANE('',#5105);
#4508=PLANE('',#5110);
#4509=PLANE('',#5113);
#4510=PLANE('',#5116);
#4511=PLANE('',#5119);
#4512=PLANE('',#5123);
#4513=PLANE('',#5126);
#4514=PLANE('',#5129);
#4515=PLANE('',#5133);
#4516=PLANE('',#5137);
#4517=PLANE('',#5146);
#4518=PLANE('',#5149);
#4519=PLANE('',#5158);
#4520=PLANE('',#5161);
#4521=PLANE('',#5165);
#4522=PLANE('',#5166);
#4523=PLANE('',#5170);
#4524=PLANE('',#5172);
#4525=PLANE('',#5175);
#4526=PLANE('',#5176);
#4527=PLANE('',#5180);
#4528=PLANE('',#5181);
#4529=PLANE('',#5182);
#4530=PLANE('',#5187);
#4531=PLANE('',#5194);
#4532=PLANE('',#5197);
#4533=PLANE('',#5201);
#4534=PLANE('',#5204);
#4535=PLANE('',#5211);
#4536=PLANE('',#5212);
#4537=PLANE('',#5214);
#4538=PLANE('',#5221);
#4539=PLANE('',#5228);
#4540=PLANE('',#5229);
#4541=PLANE('',#5233);
#4542=PLANE('',#5234);
#4543=PLANE('',#5236);
#4544=PLANE('',#5243);
#4545=PLANE('',#5259);
#4546=PLANE('',#5260);
#4547=PLANE('',#5264);
#4548=PLANE('',#5267);
#4549=PLANE('',#5269);
#4550=PLANE('',#5283);
#4551=PLANE('',#5286);
#4552=PLANE('',#5289);
#4553=PLANE('',#5292);
#4554=PLANE('',#5296);
#4555=PLANE('',#5303);
#4556=PLANE('',#5307);
#4557=PLANE('',#5310);
#4558=PLANE('',#5314);
#4559=PLANE('',#5315);
#4560=PLANE('',#5316);
#4561=PLANE('',#5321);
#4562=PLANE('',#5322);
#4563=PLANE('',#5324);
#4564=PLANE('',#5329);
#4565=PLANE('',#5330);
#4566=PLANE('',#5331);
#4567=PLANE('',#5332);
#4568=PLANE('',#5333);
#4569=PLANE('',#5337);
#4570=PLANE('',#5340);
#4571=PLANE('',#5346);
#4572=PLANE('',#5347);
#4573=PLANE('',#5348);
#4574=PLANE('',#5349);
#4575=PLANE('',#5354);
#4576=PLANE('',#5355);
#4577=ADVANCED_FACE('',(#368),#4408,.T.);
#4578=ADVANCED_FACE('',(#369),#4409,.T.);
#4579=ADVANCED_FACE('',(#370),#4410,.T.);
#4580=ADVANCED_FACE('',(#371),#4411,.T.);
#4581=ADVANCED_FACE('',(#372),#4412,.T.);
#4582=ADVANCED_FACE('',(#373),#4413,.T.);
#4583=ADVANCED_FACE('',(#374),#4414,.T.);
#4584=ADVANCED_FACE('',(#375),#4415,.T.);
#4585=ADVANCED_FACE('',(#376),#4416,.T.);
#4586=ADVANCED_FACE('',(#377),#4417,.T.);
#4587=ADVANCED_FACE('',(#378),#4418,.T.);
#4588=ADVANCED_FACE('',(#379),#4419,.T.);
#4589=ADVANCED_FACE('',(#380),#4420,.T.);
#4590=ADVANCED_FACE('',(#381),#4421,.T.);
#4591=ADVANCED_FACE('',(#382),#4422,.T.);
#4592=ADVANCED_FACE('',(#383),#4423,.T.);
#4593=ADVANCED_FACE('',(#384),#4424,.T.);
#4594=ADVANCED_FACE('',(#385),#4425,.T.);
#4595=ADVANCED_FACE('',(#386),#4426,.T.);
#4596=ADVANCED_FACE('',(#387),#4427,.T.);
#4597=ADVANCED_FACE('',(#388,#360,#361),#4428,.T.);
#4598=ADVANCED_FACE('',(#389),#4429,.T.);
#4599=ADVANCED_FACE('',(#390),#4430,.T.);
#4600=ADVANCED_FACE('',(#391),#4431,.T.);
#4601=ADVANCED_FACE('',(#392),#4432,.T.);
#4602=ADVANCED_FACE('',(#393,#362),#4433,.T.);
#4603=ADVANCED_FACE('',(#394),#4434,.T.);
#4604=ADVANCED_FACE('',(#395),#4435,.T.);
#4605=ADVANCED_FACE('',(#396),#4436,.T.);
#4606=ADVANCED_FACE('',(#397),#4437,.T.);
#4607=ADVANCED_FACE('',(#398),#4438,.T.);
#4608=ADVANCED_FACE('',(#399),#4439,.T.);
#4609=ADVANCED_FACE('',(#400),#4440,.T.);
#4610=ADVANCED_FACE('',(#401),#4441,.T.);
#4611=ADVANCED_FACE('',(#402),#4442,.T.);
#4612=ADVANCED_FACE('',(#403),#4443,.T.);
#4613=ADVANCED_FACE('',(#404),#4444,.T.);
#4614=ADVANCED_FACE('',(#405),#4445,.T.);
#4615=ADVANCED_FACE('',(#406),#4446,.T.);
#4616=ADVANCED_FACE('',(#407),#4447,.T.);
#4617=ADVANCED_FACE('',(#408),#4448,.T.);
#4618=ADVANCED_FACE('',(#409),#4449,.T.);
#4619=ADVANCED_FACE('',(#410),#4450,.T.);
#4620=ADVANCED_FACE('',(#411),#4451,.T.);
#4621=ADVANCED_FACE('',(#412),#4452,.T.);
#4622=ADVANCED_FACE('',(#413),#4453,.T.);
#4623=ADVANCED_FACE('',(#414),#4454,.T.);
#4624=ADVANCED_FACE('',(#415),#4455,.T.);
#4625=ADVANCED_FACE('',(#416),#4456,.T.);
#4626=ADVANCED_FACE('',(#417),#4457,.T.);
#4627=ADVANCED_FACE('',(#418,#363),#4458,.F.);
#4628=ADVANCED_FACE('',(#419),#167,.F.);
#4629=ADVANCED_FACE('',(#420),#4459,.T.);
#4630=ADVANCED_FACE('',(#421),#168,.F.);
#4631=ADVANCED_FACE('',(#422),#4460,.T.);
#4632=ADVANCED_FACE('',(#423),#169,.F.);
#4633=ADVANCED_FACE('',(#424),#4461,.T.);
#4634=ADVANCED_FACE('',(#425),#4462,.T.);
#4635=ADVANCED_FACE('',(#426),#4463,.T.);
#4636=ADVANCED_FACE('',(#427),#4464,.T.);
#4637=ADVANCED_FACE('',(#428),#79,.T.);
#4638=ADVANCED_FACE('',(#429),#170,.F.);
#4639=ADVANCED_FACE('',(#430),#4465,.T.);
#4640=ADVANCED_FACE('',(#431),#171,.T.);
#4641=ADVANCED_FACE('',(#432),#4466,.T.);
#4642=ADVANCED_FACE('',(#433),#172,.T.);
#4643=ADVANCED_FACE('',(#434),#4467,.T.);
#4644=ADVANCED_FACE('',(#435),#173,.T.);
#4645=ADVANCED_FACE('',(#436),#4468,.T.);
#4646=ADVANCED_FACE('',(#437),#80,.T.);
#4647=ADVANCED_FACE('',(#438),#4469,.T.);
#4648=ADVANCED_FACE('',(#439),#174,.T.);
#4649=ADVANCED_FACE('',(#440),#4470,.T.);
#4650=ADVANCED_FACE('',(#441),#175,.T.);
#4651=ADVANCED_FACE('',(#442),#4471,.T.);
#4652=ADVANCED_FACE('',(#443),#4472,.T.);
#4653=ADVANCED_FACE('',(#444),#18,.T.);
#4654=ADVANCED_FACE('',(#445),#4473,.T.);
#4655=ADVANCED_FACE('',(#446),#19,.T.);
#4656=ADVANCED_FACE('',(#447),#4474,.T.);
#4657=ADVANCED_FACE('',(#448),#4475,.T.);
#4658=ADVANCED_FACE('',(#449),#176,.F.);
#4659=ADVANCED_FACE('',(#450),#4476,.T.);
#4660=ADVANCED_FACE('',(#451),#177,.T.);
#4661=ADVANCED_FACE('',(#452),#4477,.T.);
#4662=ADVANCED_FACE('',(#453),#178,.F.);
#4663=ADVANCED_FACE('',(#454),#4478,.T.);
#4664=ADVANCED_FACE('',(#455),#4479,.T.);
#4665=ADVANCED_FACE('',(#456),#20,.F.);
#4666=ADVANCED_FACE('',(#457),#4480,.T.);
#4667=ADVANCED_FACE('',(#458),#21,.T.);
#4668=ADVANCED_FACE('',(#459),#4481,.T.);
#4669=ADVANCED_FACE('',(#460),#22,.F.);
#4670=ADVANCED_FACE('',(#461),#4482,.T.);
#4671=ADVANCED_FACE('',(#462),#4483,.T.);
#4672=ADVANCED_FACE('',(#463),#179,.T.);
#4673=ADVANCED_FACE('',(#464),#4484,.T.);
#4674=ADVANCED_FACE('',(#465),#180,.F.);
#4675=ADVANCED_FACE('',(#466),#4485,.T.);
#4676=ADVANCED_FACE('',(#467),#181,.F.);
#4677=ADVANCED_FACE('',(#468),#4486,.T.);
#4678=ADVANCED_FACE('',(#469),#182,.T.);
#4679=ADVANCED_FACE('',(#470),#4487,.T.);
#4680=ADVANCED_FACE('',(#471),#183,.F.);
#4681=ADVANCED_FACE('',(#472),#184,.T.);
#4682=ADVANCED_FACE('',(#473),#4488,.T.);
#4683=ADVANCED_FACE('',(#474),#185,.F.);
#4684=ADVANCED_FACE('',(#475),#4489,.T.);
#4685=ADVANCED_FACE('',(#476),#186,.F.);
#4686=ADVANCED_FACE('',(#477),#4490,.T.);
#4687=ADVANCED_FACE('',(#478),#187,.T.);
#4688=ADVANCED_FACE('',(#479),#4491,.T.);
#4689=ADVANCED_FACE('',(#480),#4492,.T.);
#4690=ADVANCED_FACE('',(#481),#23,.T.);
#4691=ADVANCED_FACE('',(#482),#4493,.F.);
#4692=ADVANCED_FACE('',(#483),#24,.F.);
#4693=ADVANCED_FACE('',(#484),#4494,.F.);
#4694=ADVANCED_FACE('',(#485),#25,.F.);
#4695=ADVANCED_FACE('',(#486),#4495,.F.);
#4696=ADVANCED_FACE('',(#487),#26,.T.);
#4697=ADVANCED_FACE('',(#488),#27,.F.);
#4698=ADVANCED_FACE('',(#489),#4496,.T.);
#4699=ADVANCED_FACE('',(#490),#28,.T.);
#4700=ADVANCED_FACE('',(#491),#4497,.F.);
#4701=ADVANCED_FACE('',(#492),#29,.F.);
#4702=ADVANCED_FACE('',(#493),#4498,.F.);
#4703=ADVANCED_FACE('',(#494),#30,.F.);
#4704=ADVANCED_FACE('',(#495),#4499,.F.);
#4705=ADVANCED_FACE('',(#496),#31,.T.);
#4706=ADVANCED_FACE('',(#497),#4500,.T.);
#4707=ADVANCED_FACE('',(#498),#4501,.T.);
#4708=ADVANCED_FACE('',(#499),#188,.F.);
#4709=ADVANCED_FACE('',(#500),#4502,.T.);
#4710=ADVANCED_FACE('',(#501),#189,.T.);
#4711=ADVANCED_FACE('',(#502),#4503,.T.);
#4712=ADVANCED_FACE('',(#503),#190,.T.);
#4713=ADVANCED_FACE('',(#504),#4504,.T.);
#4714=ADVANCED_FACE('',(#505),#191,.F.);
#4715=ADVANCED_FACE('',(#506),#4505,.T.);
#4716=ADVANCED_FACE('',(#507),#192,.F.);
#4717=ADVANCED_FACE('',(#508),#4506,.T.);
#4718=ADVANCED_FACE('',(#509),#193,.T.);
#4719=ADVANCED_FACE('',(#510),#4507,.T.);
#4720=ADVANCED_FACE('',(#511),#194,.F.);
#4721=ADVANCED_FACE('',(#512),#195,.T.);
#4722=ADVANCED_FACE('',(#513),#4508,.T.);
#4723=ADVANCED_FACE('',(#514),#196,.F.);
#4724=ADVANCED_FACE('',(#515),#4509,.T.);
#4725=ADVANCED_FACE('',(#516),#197,.F.);
#4726=ADVANCED_FACE('',(#517),#4510,.T.);
#4727=ADVANCED_FACE('',(#518),#198,.T.);
#4728=ADVANCED_FACE('',(#519),#4511,.T.);
#4729=ADVANCED_FACE('',(#520),#199,.T.);
#4730=ADVANCED_FACE('',(#521),#4512,.T.);
#4731=ADVANCED_FACE('',(#522),#200,.T.);
#4732=ADVANCED_FACE('',(#523),#4513,.T.);
#4733=ADVANCED_FACE('',(#524),#201,.T.);
#4734=ADVANCED_FACE('',(#525),#4514,.T.);
#4735=ADVANCED_FACE('',(#526),#202,.T.);
#4736=ADVANCED_FACE('',(#527),#4515,.T.);
#4737=ADVANCED_FACE('',(#528),#203,.T.);
#4738=ADVANCED_FACE('',(#529),#4516,.T.);
#4739=ADVANCED_FACE('',(#530),#204,.T.);
#4740=ADVANCED_FACE('',(#531),#32,.T.);
#4741=ADVANCED_FACE('',(#532),#33,.T.);
#4742=ADVANCED_FACE('',(#533),#34,.T.);
#4743=ADVANCED_FACE('',(#534),#4517,.T.);
#4744=ADVANCED_FACE('',(#535),#35,.T.);
#4745=ADVANCED_FACE('',(#536,#364,#365),#4518,.F.);
#4746=ADVANCED_FACE('',(#537),#36,.T.);
#4747=ADVANCED_FACE('',(#538),#4519,.T.);
#4748=ADVANCED_FACE('',(#539),#4520,.T.);
#4749=ADVANCED_FACE('',(#540),#37,.T.);
#4750=ADVANCED_FACE('',(#541),#4521,.T.);
#4751=ADVANCED_FACE('',(#542),#4522,.T.);
#4752=ADVANCED_FACE('',(#543),#38,.T.);
#4753=ADVANCED_FACE('',(#544),#4523,.T.);
#4754=ADVANCED_FACE('',(#545),#4524,.T.);
#4755=ADVANCED_FACE('',(#546),#39,.T.);
#4756=ADVANCED_FACE('',(#547),#4525,.T.);
#4757=ADVANCED_FACE('',(#548),#4526,.T.);
#4758=ADVANCED_FACE('',(#549),#205,.F.);
#4759=ADVANCED_FACE('',(#550),#4527,.T.);
#4760=ADVANCED_FACE('',(#551),#4528,.T.);
#4761=ADVANCED_FACE('',(#552),#4529,.T.);
#4762=ADVANCED_FACE('',(#553),#206,.T.);
#4763=ADVANCED_FACE('',(#554),#4530,.T.);
#4764=ADVANCED_FACE('',(#555),#207,.T.);
#4765=ADVANCED_FACE('',(#556),#208,.T.);
#4766=ADVANCED_FACE('',(#557),#40,.F.);
#4767=ADVANCED_FACE('',(#558),#4531,.T.);
#4768=ADVANCED_FACE('',(#559),#41,.T.);
#4769=ADVANCED_FACE('',(#560),#4532,.T.);
#4770=ADVANCED_FACE('',(#561),#42,.T.);
#4771=ADVANCED_FACE('',(#562),#43,.T.);
#4772=ADVANCED_FACE('',(#563),#4533,.T.);
#4773=ADVANCED_FACE('',(#564),#44,.F.);
#4774=ADVANCED_FACE('',(#565),#4534,.T.);
#4775=ADVANCED_FACE('',(#566),#45,.T.);
#4776=ADVANCED_FACE('',(#567),#46,.T.);
#4777=ADVANCED_FACE('',(#568),#4535,.T.);
#4778=ADVANCED_FACE('',(#569),#4536,.T.);
#4779=ADVANCED_FACE('',(#570),#4537,.T.);
#4780=ADVANCED_FACE('',(#571),#209,.T.);
#4781=ADVANCED_FACE('',(#572),#47,.T.);
#4782=ADVANCED_FACE('',(#573),#4538,.T.);
#4783=ADVANCED_FACE('',(#574),#48,.T.);
#4784=ADVANCED_FACE('',(#575),#49,.T.);
#4785=ADVANCED_FACE('',(#576),#50,.T.);
#4786=ADVANCED_FACE('',(#577),#51,.T.);
#4787=ADVANCED_FACE('',(#578),#4539,.T.);
#4788=ADVANCED_FACE('',(#579),#4540,.T.);
#4789=ADVANCED_FACE('',(#580),#52,.T.);
#4790=ADVANCED_FACE('',(#581),#53,.T.);
#4791=ADVANCED_FACE('',(#582),#4541,.T.);
#4792=ADVANCED_FACE('',(#583),#4542,.T.);
#4793=ADVANCED_FACE('',(#584),#54,.T.);
#4794=ADVANCED_FACE('',(#585),#4543,.T.);
#4795=ADVANCED_FACE('',(#586),#55,.F.);
#4796=ADVANCED_FACE('',(#587),#210,.T.);
#4797=ADVANCED_FACE('',(#588),#4544,.T.);
#4798=ADVANCED_FACE('',(#589),#17,.T.);
#4799=ADVANCED_FACE('',(#590),#56,.T.);
#4800=ADVANCED_FACE('',(#591),#57,.T.);
#4801=ADVANCED_FACE('',(#592),#58,.T.);
#4802=ADVANCED_FACE('',(#593),#16,.T.);
#4803=ADVANCED_FACE('',(#594),#4545,.T.);
#4804=ADVANCED_FACE('',(#595),#4546,.T.);
#4805=ADVANCED_FACE('',(#596),#59,.F.);
#4806=ADVANCED_FACE('',(#597),#4547,.T.);
#4807=ADVANCED_FACE('',(#598),#60,.F.);
#4808=ADVANCED_FACE('',(#599),#4548,.T.);
#4809=ADVANCED_FACE('',(#600),#4549,.T.);
#4810=ADVANCED_FACE('',(#601),#61,.F.);
#4811=ADVANCED_FACE('',(#602),#62,.T.);
#4812=ADVANCED_FACE('',(#603),#63,.T.);
#4813=ADVANCED_FACE('',(#604),#64,.T.);
#4814=ADVANCED_FACE('',(#605),#15,.T.);
#4815=ADVANCED_FACE('',(#606),#65,.T.);
#4816=ADVANCED_FACE('',(#607),#66,.F.);
#4817=ADVANCED_FACE('',(#608),#4550,.F.);
#4818=ADVANCED_FACE('',(#609),#67,.F.);
#4819=ADVANCED_FACE('',(#610),#4551,.F.);
#4820=ADVANCED_FACE('',(#611),#68,.F.);
#4821=ADVANCED_FACE('',(#612),#4552,.F.);
#4822=ADVANCED_FACE('',(#613),#69,.F.);
#4823=ADVANCED_FACE('',(#614),#4553,.F.);
#4824=ADVANCED_FACE('',(#615),#70,.T.);
#4825=ADVANCED_FACE('',(#616),#81,.F.);
#4826=ADVANCED_FACE('',(#617),#71,.T.);
#4827=ADVANCED_FACE('',(#618),#4554,.T.);
#4828=ADVANCED_FACE('',(#619),#211,.T.);
#4829=ADVANCED_FACE('',(#620),#4555,.T.);
#4830=ADVANCED_FACE('',(#621),#72,.T.);
#4831=ADVANCED_FACE('',(#622),#82,.F.);
#4832=ADVANCED_FACE('',(#623),#83,.F.);
#4833=ADVANCED_FACE('',(#624),#4556,.T.);
#4834=ADVANCED_FACE('',(#625),#73,.F.);
#4835=ADVANCED_FACE('',(#626,#366,#367),#4557,.T.);
#4836=ADVANCED_FACE('',(#627),#74,.T.);
#4837=ADVANCED_FACE('',(#628),#4558,.F.);
#4838=ADVANCED_FACE('',(#629),#4559,.F.);
#4839=ADVANCED_FACE('',(#630),#4560,.T.);
#4840=ADVANCED_FACE('',(#631),#212,.T.);
#4841=ADVANCED_FACE('',(#632),#4561,.T.);
#4842=ADVANCED_FACE('',(#633),#4562,.T.);
#4843=ADVANCED_FACE('',(#634),#4563,.T.);
#4844=ADVANCED_FACE('',(#635),#213,.T.);
#4845=ADVANCED_FACE('',(#636),#214,.T.);
#4846=ADVANCED_FACE('',(#637),#4564,.T.);
#4847=ADVANCED_FACE('',(#638),#4565,.T.);
#4848=ADVANCED_FACE('',(#639),#4566,.T.);
#4849=ADVANCED_FACE('',(#640),#4567,.T.);
#4850=ADVANCED_FACE('',(#641),#4568,.T.);
#4851=ADVANCED_FACE('',(#642),#75,.T.);
#4852=ADVANCED_FACE('',(#643),#76,.T.);
#4853=ADVANCED_FACE('',(#644),#4569,.T.);
#4854=ADVANCED_FACE('',(#645),#77,.F.);
#4855=ADVANCED_FACE('',(#646),#4570,.T.);
#4856=ADVANCED_FACE('',(#647),#78,.T.);
#4857=ADVANCED_FACE('',(#648),#4571,.T.);
#4858=ADVANCED_FACE('',(#649),#4572,.T.);
#4859=ADVANCED_FACE('',(#650),#4573,.T.);
#4860=ADVANCED_FACE('',(#651),#4574,.T.);
#4861=ADVANCED_FACE('',(#652),#215,.T.);
#4862=ADVANCED_FACE('',(#653),#216,.T.);
#4863=ADVANCED_FACE('',(#654),#4575,.T.);
#4864=ADVANCED_FACE('',(#655),#4576,.T.);
#4865=CLOSED_SHELL('',(#4577,#4578,#4579,#4580,#4581,#4582,#4583,#4584,
#4585,#4586,#4587,#4588,#4589,#4590,#4591,#4592,#4593,#4594,#4595,#4596,
#4597,#4598,#4599,#4600,#4601,#4602,#4603,#4604,#4605,#4606,#4607,#4608,
#4609,#4610,#4611,#4612,#4613,#4614,#4615,#4616,#4617,#4618,#4619,#4620,
#4621,#4622,#4623,#4624,#4625,#4626,#4627,#4628,#4629,#4630,#4631,#4632,
#4633,#4634,#4635,#4636,#4637,#4638,#4639,#4640,#4641,#4642,#4643,#4644,
#4645,#4646,#4647,#4648,#4649,#4650,#4651,#4652,#4653,#4654,#4655,#4656,
#4657,#4658,#4659,#4660,#4661,#4662,#4663,#4664,#4665,#4666,#4667,#4668,
#4669,#4670,#4671,#4672,#4673,#4674,#4675,#4676,#4677,#4678,#4679,#4680,
#4681,#4682,#4683,#4684,#4685,#4686,#4687,#4688,#4689,#4690,#4691,#4692,
#4693,#4694,#4695,#4696,#4697,#4698,#4699,#4700,#4701,#4702,#4703,#4704,
#4705,#4706,#4707,#4708,#4709,#4710,#4711,#4712,#4713,#4714,#4715,#4716,
#4717,#4718,#4719,#4720,#4721,#4722,#4723,#4724,#4725,#4726,#4727,#4728,
#4729,#4730,#4731,#4732,#4733,#4734,#4735,#4736,#4737,#4738,#4739,#4740,
#4741,#4742,#4743,#4744,#4745,#4746,#4747,#4748,#4749,#4750,#4751,#4752,
#4753,#4754,#4755,#4756,#4757,#4758,#4759,#4760,#4761,#4762,#4763,#4764,
#4765,#4766,#4767,#4768,#4769,#4770,#4771,#4772,#4773,#4774,#4775,#4776,
#4777,#4778,#4779,#4780,#4781,#4782,#4783,#4784,#4785,#4786,#4787,#4788,
#4789,#4790,#4791,#4792,#4793,#4794,#4795,#4796,#4797,#4798,#4799,#4800,
#4801,#4802,#4803,#4804,#4805,#4806,#4807,#4808,#4809,#4810,#4811,#4812,
#4813,#4814,#4815,#4816,#4817,#4818,#4819,#4820,#4821,#4822,#4823,#4824,
#4825,#4826,#4827,#4828,#4829,#4830,#4831,#4832,#4833,#4834,#4835,#4836,
#4837,#4838,#4839,#4840,#4841,#4842,#4843,#4844,#4845,#4846,#4847,#4848,
#4849,#4850,#4851,#4852,#4853,#4854,#4855,#4856,#4857,#4858,#4859,#4860,
#4861,#4862,#4863,#4864));
#4866=DERIVED_UNIT_ELEMENT(#4869,1.);
#4867=DERIVED_UNIT_ELEMENT(#8645,-3.);
#4868=DIMENSIONAL_EXPONENTS(0.,1.,0.,0.,0.,0.,0.);
#4869=(
CONVERSION_BASED_UNIT('gram',#4871)
MASS_UNIT()
NAMED_UNIT(#4868)
);
#4870=(
MASS_UNIT()
NAMED_UNIT(*)
SI_UNIT(.KILO.,.GRAM.)
);
#4871=MASS_MEASURE_WITH_UNIT(MASS_MEASURE(0.001),#4870);
#4872=DERIVED_UNIT((#4866,#4867));
#4873=MEASURE_REPRESENTATION_ITEM('density measure',
POSITIVE_RATIO_MEASURE(1.),#4872);
#4874=PROPERTY_DEFINITION_REPRESENTATION(#4879,#4876);
#4875=PROPERTY_DEFINITION_REPRESENTATION(#4880,#4877);
#4876=REPRESENTATION('material name',(#4878),#8642);
#4877=REPRESENTATION('density',(#4873),#8642);
#4878=DESCRIPTIVE_REPRESENTATION_ITEM('Generisch','Generisch');
#4879=PROPERTY_DEFINITION('material property','material name',#8652);
#4880=PROPERTY_DEFINITION('material property','density of part',#8652);
#4881=DATE_TIME_ROLE('creation_date');
#4882=APPLIED_DATE_AND_TIME_ASSIGNMENT(#4883,#4881,(#8652));
#4883=DATE_AND_TIME(#4884,#4885);
#4884=CALENDAR_DATE(2024,28,10);
#4885=LOCAL_TIME(0,0,0.,#4886);
#4886=COORDINATED_UNIVERSAL_TIME_OFFSET(0,0,.BEHIND.);
#4887=AXIS2_PLACEMENT_3D('',#6767,#5356,#5357);
#4888=AXIS2_PLACEMENT_3D('',#6768,#5358,#5359);
#4889=AXIS2_PLACEMENT_3D('',#6775,#5363,#5364);
#4890=AXIS2_PLACEMENT_3D('',#6782,#5368,#5369);
#4891=AXIS2_PLACEMENT_3D('',#6789,#5373,#5374);
#4892=AXIS2_PLACEMENT_3D('',#6796,#5378,#5379);
#4893=AXIS2_PLACEMENT_3D('',#6803,#5383,#5384);
#4894=AXIS2_PLACEMENT_3D('',#6810,#5388,#5389);
#4895=AXIS2_PLACEMENT_3D('',#6813,#5392,#5393);
#4896=AXIS2_PLACEMENT_3D('',#6816,#5396,#5397);
#4897=AXIS2_PLACEMENT_3D('',#6823,#5401,#5402);
#4898=AXIS2_PLACEMENT_3D('',#6830,#5406,#5407);
#4899=AXIS2_PLACEMENT_3D('',#6833,#5410,#5411);
#4900=AXIS2_PLACEMENT_3D('',#6836,#5414,#5415);
#4901=AXIS2_PLACEMENT_3D('',#6839,#5418,#5419);
#4902=AXIS2_PLACEMENT_3D('',#6842,#5422,#5423);
#4903=AXIS2_PLACEMENT_3D('',#6845,#5426,#5427);
#4904=AXIS2_PLACEMENT_3D('',#6848,#5430,#5431);
#4905=AXIS2_PLACEMENT_3D('',#6851,#5434,#5435);
#4906=AXIS2_PLACEMENT_3D('',#6854,#5438,#5439);
#4907=AXIS2_PLACEMENT_3D('',#6857,#5442,#5443);
#4908=AXIS2_PLACEMENT_3D('',#6860,#5446,#5447);
#4909=AXIS2_PLACEMENT_3D('',#6891,#5463,#5464);
#4910=AXIS2_PLACEMENT_3D('',#6892,#5465,#5466);
#4911=AXIS2_PLACEMENT_3D('',#6893,#5467,#5468);
#4912=AXIS2_PLACEMENT_3D('',#6894,#5469,#5470);
#4913=AXIS2_PLACEMENT_3D('',#6895,#5471,#5472);
#4914=AXIS2_PLACEMENT_3D('',#6906,#5478,#5479);
#4915=AXIS2_PLACEMENT_3D('',#6913,#5483,#5484);
#4916=AXIS2_PLACEMENT_3D('',#6920,#5488,#5489);
#4917=AXIS2_PLACEMENT_3D('',#6927,#5493,#5494);
#4918=AXIS2_PLACEMENT_3D('',#6933,#5498,#5499);
#4919=AXIS2_PLACEMENT_3D('',#6939,#5503,#5504);
#4920=AXIS2_PLACEMENT_3D('',#6941,#5506,#5507);
#4921=AXIS2_PLACEMENT_3D('',#6944,#5510,#5511);
#4922=AXIS2_PLACEMENT_3D('',#6951,#5515,#5516);
#4923=AXIS2_PLACEMENT_3D('',#6957,#5520,#5521);
#4924=AXIS2_PLACEMENT_3D('',#6963,#5525,#5526);
#4925=AXIS2_PLACEMENT_3D('',#6965,#5528,#5529);
#4926=AXIS2_PLACEMENT_3D('',#6967,#5531,#5532);
#4927=AXIS2_PLACEMENT_3D('',#6970,#5535,#5536);
#4928=AXIS2_PLACEMENT_3D('',#6973,#5539,#5540);
#4929=AXIS2_PLACEMENT_3D('',#6975,#5542,#5543);
#4930=AXIS2_PLACEMENT_3D('',#6978,#5546,#5547);
#4931=AXIS2_PLACEMENT_3D('',#6981,#5550,#5551);
#4932=AXIS2_PLACEMENT_3D('',#6984,#5554,#5555);
#4933=AXIS2_PLACEMENT_3D('',#6987,#5558,#5559);
#4934=AXIS2_PLACEMENT_3D('',#6990,#5562,#5563);
#4935=AXIS2_PLACEMENT_3D('',#6991,#5564,#5565);
#4936=AXIS2_PLACEMENT_3D('',#6992,#5566,#5567);
#4937=AXIS2_PLACEMENT_3D('',#6993,#5568,#5569);
#4938=AXIS2_PLACEMENT_3D('',#6994,#5570,#5571);
#4939=AXIS2_PLACEMENT_3D('',#7005,#5576,#5577);
#4940=AXIS2_PLACEMENT_3D('',#7015,#5583,#5584);
#4941=AXIS2_PLACEMENT_3D('',#7022,#5585,#5586);
#4942=AXIS2_PLACEMENT_3D('',#7025,#5588,#5589);
#4943=AXIS2_PLACEMENT_3D('',#7026,#5590,#5591);
#4944=AXIS2_PLACEMENT_3D('',#7032,#5595,#5596);
#4945=AXIS2_PLACEMENT_3D('',#7036,#5598,#5599);
#4946=AXIS2_PLACEMENT_3D('',#7037,#5600,#5601);
#4947=AXIS2_PLACEMENT_3D('',#7038,#5602,#5603);
#4948=AXIS2_PLACEMENT_3D('',#7044,#5607,#5608);
#4949=AXIS2_PLACEMENT_3D('',#7048,#5610,#5611);
#4950=AXIS2_PLACEMENT_3D('',#7049,#5612,#5613);
#4951=AXIS2_PLACEMENT_3D('',#7050,#5614,#5615);
#4952=AXIS2_PLACEMENT_3D('',#7056,#5619,#5620);
#4953=AXIS2_PLACEMENT_3D('',#7060,#5622,#5623);
#4954=AXIS2_PLACEMENT_3D('',#7064,#5625,#5626);
#4955=AXIS2_PLACEMENT_3D('',#7068,#5628,#5629);
#4956=AXIS2_PLACEMENT_3D('',#7072,#5631,#5632);
#4957=AXIS2_PLACEMENT_3D('',#7076,#5634,#5635);
#4958=AXIS2_PLACEMENT_3D('',#7080,#5637,#5638);
#4959=AXIS2_PLACEMENT_3D('',#7084,#5640,#5641);
#4960=AXIS2_PLACEMENT_3D('',#7088,#5643,#5644);
#4961=AXIS2_PLACEMENT_3D('',#7092,#5646,#5647);
#4962=AXIS2_PLACEMENT_3D('',#7096,#5649,#5650);
#4963=AXIS2_PLACEMENT_3D('',#7098,#5652,#5653);
#4964=AXIS2_PLACEMENT_3D('',#7111,#5656,#5657);
#4965=AXIS2_PLACEMENT_3D('',#7144,#5660,#5661);
#4966=AXIS2_PLACEMENT_3D('',#7148,#5663,#5664);
#4967=AXIS2_PLACEMENT_3D('',#7152,#5666,#5667);
#4968=AXIS2_PLACEMENT_3D('',#7156,#5669,#5670);
#4969=AXIS2_PLACEMENT_3D('',#7217,#5672,#5673);
#4970=AXIS2_PLACEMENT_3D('',#7225,#5675,#5676);
#4971=AXIS2_PLACEMENT_3D('',#7226,#5677,#5678);
#4972=AXIS2_PLACEMENT_3D('',#7230,#5681,#5682);
#4973=AXIS2_PLACEMENT_3D('',#7233,#5684,#5685);
#4974=AXIS2_PLACEMENT_3D('',#7234,#5686,#5687);
#4975=AXIS2_PLACEMENT_3D('',#7238,#5690,#5691);
#4976=AXIS2_PLACEMENT_3D('',#7241,#5693,#5694);
#4977=AXIS2_PLACEMENT_3D('',#7242,#5695,#5696);
#4978=AXIS2_PLACEMENT_3D('',#7246,#5699,#5700);
#4979=AXIS2_PLACEMENT_3D('',#7249,#5702,#5703);
#4980=AXIS2_PLACEMENT_3D('',#7250,#5704,#5705);
#4981=AXIS2_PLACEMENT_3D('',#7298,#5708,#5709);
#4982=AXIS2_PLACEMENT_3D('',#7300,#5710,#5711);
#4983=AXIS2_PLACEMENT_3D('',#7304,#5714,#5715);
#4984=AXIS2_PLACEMENT_3D('',#7306,#5716,#5717);
#4985=AXIS2_PLACEMENT_3D('',#7308,#5719,#5720);
#4986=AXIS2_PLACEMENT_3D('',#7312,#5723,#5724);
#4987=AXIS2_PLACEMENT_3D('',#7314,#5725,#5726);
#4988=AXIS2_PLACEMENT_3D('',#7316,#5728,#5729);
#4989=AXIS2_PLACEMENT_3D('',#7318,#5730,#5731);
#4990=AXIS2_PLACEMENT_3D('',#7320,#5733,#5734);
#4991=AXIS2_PLACEMENT_3D('',#7331,#5740,#5741);
#4992=AXIS2_PLACEMENT_3D('',#7335,#5744,#5745);
#4993=AXIS2_PLACEMENT_3D('',#7338,#5747,#5748);
#4994=AXIS2_PLACEMENT_3D('',#7339,#5749,#5750);
#4995=AXIS2_PLACEMENT_3D('',#7343,#5753,#5754);
#4996=AXIS2_PLACEMENT_3D('',#7346,#5756,#5757);
#4997=AXIS2_PLACEMENT_3D('',#7347,#5758,#5759);
#4998=AXIS2_PLACEMENT_3D('',#7352,#5763,#5764);
#4999=AXIS2_PLACEMENT_3D('',#7354,#5765,#5766);
#5000=AXIS2_PLACEMENT_3D('',#7358,#5769,#5770);
#5001=AXIS2_PLACEMENT_3D('',#7360,#5771,#5772);
#5002=AXIS2_PLACEMENT_3D('',#7362,#5774,#5775);
#5003=AXIS2_PLACEMENT_3D('',#7366,#5778,#5779);
#5004=AXIS2_PLACEMENT_3D('',#7368,#5780,#5781);
#5005=AXIS2_PLACEMENT_3D('',#7370,#5783,#5784);
#5006=AXIS2_PLACEMENT_3D('',#7374,#5787,#5788);
#5007=AXIS2_PLACEMENT_3D('',#7376,#5789,#5790);
#5008=AXIS2_PLACEMENT_3D('',#7378,#5792,#5793);
#5009=AXIS2_PLACEMENT_3D('',#7380,#5794,#5795);
#5010=AXIS2_PLACEMENT_3D('',#7382,#5797,#5798);
#5011=AXIS2_PLACEMENT_3D('',#7390,#5803,#5804);
#5012=AXIS2_PLACEMENT_3D('',#7393,#5806,#5807);
#5013=AXIS2_PLACEMENT_3D('',#7394,#5808,#5809);
#5014=AXIS2_PLACEMENT_3D('',#7398,#5812,#5813);
#5015=AXIS2_PLACEMENT_3D('',#7401,#5815,#5816);
#5016=AXIS2_PLACEMENT_3D('',#7402,#5817,#5818);
#5017=AXIS2_PLACEMENT_3D('',#7406,#5821,#5822);
#5018=AXIS2_PLACEMENT_3D('',#7409,#5824,#5825);
#5019=AXIS2_PLACEMENT_3D('',#7410,#5826,#5827);
#5020=AXIS2_PLACEMENT_3D('',#7418,#5832,#5833);
#5021=AXIS2_PLACEMENT_3D('',#7421,#5834,#5835);
#5022=AXIS2_PLACEMENT_3D('',#7427,#5839,#5840);
#5023=AXIS2_PLACEMENT_3D('',#7429,#5841,#5842);
#5024=AXIS2_PLACEMENT_3D('',#7432,#5844,#5845);
#5025=AXIS2_PLACEMENT_3D('',#7433,#5846,#5847);
#5026=AXIS2_PLACEMENT_3D('',#7439,#5851,#5852);
#5027=AXIS2_PLACEMENT_3D('',#7441,#5853,#5854);
#5028=AXIS2_PLACEMENT_3D('',#7444,#5856,#5857);
#5029=AXIS2_PLACEMENT_3D('',#7445,#5858,#5859);
#5030=AXIS2_PLACEMENT_3D('',#7451,#5863,#5864);
#5031=AXIS2_PLACEMENT_3D('',#7453,#5865,#5866);
#5032=AXIS2_PLACEMENT_3D('',#7456,#5868,#5869);
#5033=AXIS2_PLACEMENT_3D('',#7457,#5870,#5871);
#5034=AXIS2_PLACEMENT_3D('',#7463,#5875,#5876);
#5035=AXIS2_PLACEMENT_3D('',#7465,#5877,#5878);
#5036=AXIS2_PLACEMENT_3D('',#7468,#5880,#5881);
#5037=AXIS2_PLACEMENT_3D('',#7469,#5882,#5883);
#5038=AXIS2_PLACEMENT_3D('',#7475,#5887,#5888);
#5039=AXIS2_PLACEMENT_3D('',#7477,#5889,#5890);
#5040=AXIS2_PLACEMENT_3D('',#7480,#5892,#5893);
#5041=AXIS2_PLACEMENT_3D('',#7481,#5894,#5895);
#5042=AXIS2_PLACEMENT_3D('',#7483,#5896,#5897);
#5043=AXIS2_PLACEMENT_3D('',#7486,#5899,#5900);
#5044=AXIS2_PLACEMENT_3D('',#7487,#5901,#5902);
#5045=AXIS2_PLACEMENT_3D('',#7493,#5906,#5907);
#5046=AXIS2_PLACEMENT_3D('',#7495,#5908,#5909);
#5047=AXIS2_PLACEMENT_3D('',#7498,#5911,#5912);
#5048=AXIS2_PLACEMENT_3D('',#7499,#5913,#5914);
#5049=AXIS2_PLACEMENT_3D('',#7505,#5918,#5919);
#5050=AXIS2_PLACEMENT_3D('',#7507,#5920,#5921);
#5051=AXIS2_PLACEMENT_3D('',#7510,#5923,#5924);
#5052=AXIS2_PLACEMENT_3D('',#7511,#5925,#5926);
#5053=AXIS2_PLACEMENT_3D('',#7517,#5930,#5931);
#5054=AXIS2_PLACEMENT_3D('',#7519,#5932,#5933);
#5055=AXIS2_PLACEMENT_3D('',#7522,#5935,#5936);
#5056=AXIS2_PLACEMENT_3D('',#7523,#5937,#5938);
#5057=AXIS2_PLACEMENT_3D('',#7526,#5939,#5940);
#5058=AXIS2_PLACEMENT_3D('',#7529,#5943,#5944);
#5059=AXIS2_PLACEMENT_3D('',#7540,#5951,#5952);
#5060=AXIS2_PLACEMENT_3D('',#7543,#5954,#5955);
#5061=AXIS2_PLACEMENT_3D('',#7544,#5956,#5957);
#5062=AXIS2_PLACEMENT_3D('',#7548,#5960,#5961);
#5063=AXIS2_PLACEMENT_3D('',#7551,#5963,#5964);
#5064=AXIS2_PLACEMENT_3D('',#7552,#5965,#5966);
#5065=AXIS2_PLACEMENT_3D('',#7556,#5969,#5970);
#5066=AXIS2_PLACEMENT_3D('',#7559,#5972,#5973);
#5067=AXIS2_PLACEMENT_3D('',#7560,#5974,#5975);
#5068=AXIS2_PLACEMENT_3D('',#7564,#5978,#5979);
#5069=AXIS2_PLACEMENT_3D('',#7567,#5981,#5982);
#5070=AXIS2_PLACEMENT_3D('',#7568,#5983,#5984);
#5071=AXIS2_PLACEMENT_3D('',#7571,#5986,#5987);
#5072=AXIS2_PLACEMENT_3D('',#7572,#5988,#5989);
#5073=AXIS2_PLACEMENT_3D('',#7576,#5992,#5993);
#5074=AXIS2_PLACEMENT_3D('',#7579,#5995,#5996);
#5075=AXIS2_PLACEMENT_3D('',#7580,#5997,#5998);
#5076=AXIS2_PLACEMENT_3D('',#7584,#6001,#6002);
#5077=AXIS2_PLACEMENT_3D('',#7587,#6004,#6005);
#5078=AXIS2_PLACEMENT_3D('',#7588,#6006,#6007);
#5079=AXIS2_PLACEMENT_3D('',#7592,#6010,#6011);
#5080=AXIS2_PLACEMENT_3D('',#7595,#6013,#6014);
#5081=AXIS2_PLACEMENT_3D('',#7596,#6015,#6016);
#5082=AXIS2_PLACEMENT_3D('',#7600,#6019,#6020);
#5083=AXIS2_PLACEMENT_3D('',#7603,#6022,#6023);
#5084=AXIS2_PLACEMENT_3D('',#7604,#6024,#6025);
#5085=AXIS2_PLACEMENT_3D('',#7612,#6030,#6031);
#5086=AXIS2_PLACEMENT_3D('',#7618,#6035,#6036);
#5087=AXIS2_PLACEMENT_3D('',#7622,#6038,#6039);
#5088=AXIS2_PLACEMENT_3D('',#7623,#6040,#6041);
#5089=AXIS2_PLACEMENT_3D('',#7624,#6042,#6043);
#5090=AXIS2_PLACEMENT_3D('',#7630,#6047,#6048);
#5091=AXIS2_PLACEMENT_3D('',#7633,#6050,#6051);
#5092=AXIS2_PLACEMENT_3D('',#7634,#6052,#6053);
#5093=AXIS2_PLACEMENT_3D('',#7635,#6054,#6055);
#5094=AXIS2_PLACEMENT_3D('',#7639,#6058,#6059);
#5095=AXIS2_PLACEMENT_3D('',#7642,#6061,#6062);
#5096=AXIS2_PLACEMENT_3D('',#7643,#6063,#6064);
#5097=AXIS2_PLACEMENT_3D('',#7647,#6067,#6068);
#5098=AXIS2_PLACEMENT_3D('',#7650,#6070,#6071);
#5099=AXIS2_PLACEMENT_3D('',#7651,#6072,#6073);
#5100=AXIS2_PLACEMENT_3D('',#7655,#6076,#6077);
#5101=AXIS2_PLACEMENT_3D('',#7658,#6079,#6080);
#5102=AXIS2_PLACEMENT_3D('',#7659,#6081,#6082);
#5103=AXIS2_PLACEMENT_3D('',#7663,#6085,#6086);
#5104=AXIS2_PLACEMENT_3D('',#7666,#6088,#6089);
#5105=AXIS2_PLACEMENT_3D('',#7667,#6090,#6091);
#5106=AXIS2_PLACEMENT_3D('',#7671,#6094,#6095);
#5107=AXIS2_PLACEMENT_3D('',#7674,#6097,#6098);
#5108=AXIS2_PLACEMENT_3D('',#7675,#6099,#6100);
#5109=AXIS2_PLACEMENT_3D('',#7678,#6102,#6103);
#5110=AXIS2_PLACEMENT_3D('',#7679,#6104,#6105);
#5111=AXIS2_PLACEMENT_3D('',#7683,#6108,#6109);
#5112=AXIS2_PLACEMENT_3D('',#7686,#6111,#6112);
#5113=AXIS2_PLACEMENT_3D('',#7687,#6113,#6114);
#5114=AXIS2_PLACEMENT_3D('',#7691,#6117,#6118);
#5115=AXIS2_PLACEMENT_3D('',#7694,#6120,#6121);
#5116=AXIS2_PLACEMENT_3D('',#7695,#6122,#6123);
#5117=AXIS2_PLACEMENT_3D('',#7699,#6126,#6127);
#5118=AXIS2_PLACEMENT_3D('',#7702,#6129,#6130);
#5119=AXIS2_PLACEMENT_3D('',#7703,#6131,#6132);
#5120=AXIS2_PLACEMENT_3D('',#7707,#6135,#6136);
#5121=AXIS2_PLACEMENT_3D('',#7710,#6138,#6139);
#5122=AXIS2_PLACEMENT_3D('',#7711,#6140,#6141);
#5123=AXIS2_PLACEMENT_3D('',#7712,#6142,#6143);
#5124=AXIS2_PLACEMENT_3D('',#7716,#6146,#6147);
#5125=AXIS2_PLACEMENT_3D('',#7719,#6149,#6150);
#5126=AXIS2_PLACEMENT_3D('',#7720,#6151,#6152);
#5127=AXIS2_PLACEMENT_3D('',#7724,#6155,#6156);
#5128=AXIS2_PLACEMENT_3D('',#7727,#6158,#6159);
#5129=AXIS2_PLACEMENT_3D('',#7728,#6160,#6161);
#5130=AXIS2_PLACEMENT_3D('',#7732,#6164,#6165);
#5131=AXIS2_PLACEMENT_3D('',#7735,#6167,#6168);
#5132=AXIS2_PLACEMENT_3D('',#7736,#6169,#6170);
#5133=AXIS2_PLACEMENT_3D('',#7737,#6171,#6172);
#5134=AXIS2_PLACEMENT_3D('',#7741,#6175,#6176);
#5135=AXIS2_PLACEMENT_3D('',#7745,#6178,#6179);
#5136=AXIS2_PLACEMENT_3D('',#7746,#6180,#6181);
#5137=AXIS2_PLACEMENT_3D('',#7747,#6182,#6183);
#5138=AXIS2_PLACEMENT_3D('',#7753,#6187,#6188);
#5139=AXIS2_PLACEMENT_3D('',#7754,#6189,#6190);
#5140=AXIS2_PLACEMENT_3D('',#7755,#6191,#6192);
#5141=AXIS2_PLACEMENT_3D('',#7756,#6193,#6194);
#5142=AXIS2_PLACEMENT_3D('',#7757,#6195,#6196);
#5143=AXIS2_PLACEMENT_3D('',#7758,#6197,#6198);
#5144=AXIS2_PLACEMENT_3D('',#7759,#6199,#6200);
#5145=AXIS2_PLACEMENT_3D('',#7762,#6202,#6203);
#5146=AXIS2_PLACEMENT_3D('',#7763,#6204,#6205);
#5147=AXIS2_PLACEMENT_3D('',#7767,#6208,#6209);
#5148=AXIS2_PLACEMENT_3D('',#7768,#6210,#6211);
#5149=AXIS2_PLACEMENT_3D('',#7769,#6212,#6213);
#5150=AXIS2_PLACEMENT_3D('',#7774,#6215,#6216);
#5151=AXIS2_PLACEMENT_3D('',#7778,#6218,#6219);
#5152=AXIS2_PLACEMENT_3D('',#7782,#6221,#6222);
#5153=AXIS2_PLACEMENT_3D('',#7785,#6224,#6225);
#5154=AXIS2_PLACEMENT_3D('',#7787,#6226,#6227);
#5155=AXIS2_PLACEMENT_3D('',#7788,#6228,#6229);
#5156=AXIS2_PLACEMENT_3D('',#7790,#6230,#6231);
#5157=AXIS2_PLACEMENT_3D('',#7792,#6232,#6233);
#5158=AXIS2_PLACEMENT_3D('',#7794,#6235,#6236);
#5159=AXIS2_PLACEMENT_3D('',#7797,#6237,#6238);
#5160=AXIS2_PLACEMENT_3D('',#7801,#6240,#6241);
#5161=AXIS2_PLACEMENT_3D('',#7807,#6245,#6246);
#5162=AXIS2_PLACEMENT_3D('',#7813,#6250,#6251);
#5163=AXIS2_PLACEMENT_3D('',#7814,#6252,#6253);
#5164=AXIS2_PLACEMENT_3D('',#7815,#6254,#6255);
#5165=AXIS2_PLACEMENT_3D('',#7816,#6256,#6257);
#5166=AXIS2_PLACEMENT_3D('',#7820,#6260,#6261);
#5167=AXIS2_PLACEMENT_3D('',#7822,#6262,#6263);
#5168=AXIS2_PLACEMENT_3D('',#7828,#6267,#6268);
#5169=AXIS2_PLACEMENT_3D('',#7830,#6269,#6270);
#5170=AXIS2_PLACEMENT_3D('',#7832,#6272,#6273);
#5171=AXIS2_PLACEMENT_3D('',#7838,#6276,#6277);
#5172=AXIS2_PLACEMENT_3D('',#7840,#6279,#6280);
#5173=AXIS2_PLACEMENT_3D('',#7842,#6282,#6283);
#5174=AXIS2_PLACEMENT_3D('',#7843,#6284,#6285);
#5175=AXIS2_PLACEMENT_3D('',#7844,#6286,#6287);
#5176=AXIS2_PLACEMENT_3D('',#7846,#6289,#6290);
#5177=AXIS2_PLACEMENT_3D('',#7855,#6295,#6296);
#5178=AXIS2_PLACEMENT_3D('',#7857,#6297,#6298);
#5179=AXIS2_PLACEMENT_3D('',#7860,#6300,#6301);
#5180=AXIS2_PLACEMENT_3D('',#7861,#6302,#6303);
#5181=AXIS2_PLACEMENT_3D('',#7871,#6307,#6308);
#5182=AXIS2_PLACEMENT_3D('',#7879,#6313,#6314);
#5183=AXIS2_PLACEMENT_3D('',#7882,#6315,#6316);
#5184=AXIS2_PLACEMENT_3D('',#7888,#6320,#6321);
#5185=AXIS2_PLACEMENT_3D('',#7889,#6322,#6323);
#5186=AXIS2_PLACEMENT_3D('',#7892,#6325,#6326);
#5187=AXIS2_PLACEMENT_3D('',#7893,#6327,#6328);
#5188=AXIS2_PLACEMENT_3D('',#7896,#6331,#6332);
#5189=AXIS2_PLACEMENT_3D('',#7897,#6333,#6334);
#5190=AXIS2_PLACEMENT_3D('',#7898,#6335,#6336);
#5191=AXIS2_PLACEMENT_3D('',#7899,#6337,#6338);
#5192=AXIS2_PLACEMENT_3D('',#7900,#6339,#6340);
#5193=AXIS2_PLACEMENT_3D('',#7904,#6342,#6343);
#5194=AXIS2_PLACEMENT_3D('',#7906,#6345,#6346);
#5195=AXIS2_PLACEMENT_3D('',#7910,#6349,#6350);
#5196=AXIS2_PLACEMENT_3D('',#7913,#6352,#6353);
#5197=AXIS2_PLACEMENT_3D('',#7914,#6354,#6355);
#5198=AXIS2_PLACEMENT_3D('',#7918,#6358,#6359);
#5199=AXIS2_PLACEMENT_3D('',#7919,#6360,#6361);
#5200=AXIS2_PLACEMENT_3D('',#7920,#6362,#6363);
#5201=AXIS2_PLACEMENT_3D('',#7922,#6365,#6366);
#5202=AXIS2_PLACEMENT_3D('',#7924,#6367,#6368);
#5203=AXIS2_PLACEMENT_3D('',#7926,#6370,#6371);
#5204=AXIS2_PLACEMENT_3D('',#7941,#6372,#6373);
#5205=AXIS2_PLACEMENT_3D('',#7945,#6375,#6376);
#5206=AXIS2_PLACEMENT_3D('',#7946,#6377,#6378);
#5207=AXIS2_PLACEMENT_3D('',#7947,#6379,#6380);
#5208=AXIS2_PLACEMENT_3D('',#7949,#6381,#6382);
#5209=AXIS2_PLACEMENT_3D('',#7952,#6384,#6385);
#5210=AXIS2_PLACEMENT_3D('',#7953,#6386,#6387);
#5211=AXIS2_PLACEMENT_3D('',#7955,#6389,#6390);
#5212=AXIS2_PLACEMENT_3D('',#7961,#6394,#6395);
#5213=AXIS2_PLACEMENT_3D('',#7968,#6399,#6400);
#5214=AXIS2_PLACEMENT_3D('',#7969,#6401,#6402);
#5215=AXIS2_PLACEMENT_3D('',#7970,#6403,#6404);
#5216=AXIS2_PLACEMENT_3D('',#7972,#6406,#6407);
#5217=AXIS2_PLACEMENT_3D('',#7973,#6408,#6409);
#5218=AXIS2_PLACEMENT_3D('',#7974,#6410,#6411);
#5219=AXIS2_PLACEMENT_3D('',#7978,#6413,#6414);
#5220=AXIS2_PLACEMENT_3D('',#7981,#6416,#6417);
#5221=AXIS2_PLACEMENT_3D('',#7982,#6418,#6419);
#5222=AXIS2_PLACEMENT_3D('',#7987,#6423,#6424);
#5223=AXIS2_PLACEMENT_3D('',#7988,#6425,#6426);
#5224=AXIS2_PLACEMENT_3D('',#7991,#6428,#6429);
#5225=AXIS2_PLACEMENT_3D('',#7992,#6430,#6431);
#5226=AXIS2_PLACEMENT_3D('',#7993,#6432,#6433);
#5227=AXIS2_PLACEMENT_3D('',#7995,#6435,#6436);
#5228=AXIS2_PLACEMENT_3D('',#7996,#6437,#6438);
#5229=AXIS2_PLACEMENT_3D('',#8000,#6441,#6442);
#5230=AXIS2_PLACEMENT_3D('',#8002,#6444,#6445);
#5231=AXIS2_PLACEMENT_3D('',#8003,#6446,#6447);
#5232=AXIS2_PLACEMENT_3D('',#8004,#6448,#6449);
#5233=AXIS2_PLACEMENT_3D('',#8005,#6450,#6451);
#5234=AXIS2_PLACEMENT_3D('',#8007,#6453,#6454);
#5235=AXIS2_PLACEMENT_3D('',#8032,#6456,#6457);
#5236=AXIS2_PLACEMENT_3D('',#8041,#6459,#6460);
#5237=AXIS2_PLACEMENT_3D('',#8053,#6461,#6462);
#5238=AXIS2_PLACEMENT_3D('',#8057,#6464,#6465);
#5239=AXIS2_PLACEMENT_3D('',#8097,#6468,#6469);
#5240=AXIS2_PLACEMENT_3D('',#8099,#6470,#6471);
#5241=AXIS2_PLACEMENT_3D('',#8102,#6473,#6474);
#5242=AXIS2_PLACEMENT_3D('',#8103,#6475,#6476);
#5243=AXIS2_PLACEMENT_3D('',#8104,#6477,#6478);
#5244=AXIS2_PLACEMENT_3D('',#8106,#6479,#6480);
#5245=AXIS2_PLACEMENT_3D('',#8108,#6481,#6482);
#5246=AXIS2_PLACEMENT_3D('',#8112,#6484,#6485);
#5247=AXIS2_PLACEMENT_3D('',#8115,#6487,#6488);
#5248=AXIS2_PLACEMENT_3D('',#8116,#6489,#6490);
#5249=AXIS2_PLACEMENT_3D('',#8118,#6491,#6492);
#5250=AXIS2_PLACEMENT_3D('',#8120,#6493,#6494);
#5251=AXIS2_PLACEMENT_3D('',#8122,#6495,#6496);
#5252=AXIS2_PLACEMENT_3D('',#8123,#6497,#6498);
#5253=AXIS2_PLACEMENT_3D('',#8124,#6499,#6500);
#5254=AXIS2_PLACEMENT_3D('',#8129,#6503,#6504);
#5255=AXIS2_PLACEMENT_3D('',#8130,#6505,#6506);
#5256=AXIS2_PLACEMENT_3D('',#8135,#6509,#6510);
#5257=AXIS2_PLACEMENT_3D('',#8136,#6511,#6512);
#5258=AXIS2_PLACEMENT_3D('',#8148,#6515,#6516);
#5259=AXIS2_PLACEMENT_3D('',#8149,#6517,#6518);
#5260=AXIS2_PLACEMENT_3D('',#8153,#6521,#6522);
#5261=AXIS2_PLACEMENT_3D('',#8158,#6525,#6526);
#5262=AXIS2_PLACEMENT_3D('',#8159,#6527,#6528);
#5263=AXIS2_PLACEMENT_3D('',#8163,#6530,#6531);
#5264=AXIS2_PLACEMENT_3D('',#8165,#6533,#6534);
#5265=AXIS2_PLACEMENT_3D('',#8169,#6537,#6538);
#5266=AXIS2_PLACEMENT_3D('',#8173,#6540,#6541);
#5267=AXIS2_PLACEMENT_3D('',#8175,#6543,#6544);
#5268=AXIS2_PLACEMENT_3D('',#8179,#6547,#6548);
#5269=AXIS2_PLACEMENT_3D('',#8190,#6551,#6552);
#5270=AXIS2_PLACEMENT_3D('',#8192,#6554,#6555);
#5271=AXIS2_PLACEMENT_3D('',#8193,#6556,#6557);
#5272=AXIS2_PLACEMENT_3D('',#8195,#6559,#6560);
#5273=AXIS2_PLACEMENT_3D('',#8196,#6561,#6562);
#5274=AXIS2_PLACEMENT_3D('',#8197,#6563,#6564);
#5275=AXIS2_PLACEMENT_3D('',#8198,#6565,#6566);
#5276=AXIS2_PLACEMENT_3D('',#8199,#6567,#6568);
#5277=AXIS2_PLACEMENT_3D('',#8200,#6569,#6570);
#5278=AXIS2_PLACEMENT_3D('',#8201,#6571,#6572);
#5279=AXIS2_PLACEMENT_3D('',#8202,#6573,#6574);
#5280=AXIS2_PLACEMENT_3D('',#8203,#6575,#6576);
#5281=AXIS2_PLACEMENT_3D('',#8204,#6577,#6578);
#5282=AXIS2_PLACEMENT_3D('',#8208,#6580,#6581);
#5283=AXIS2_PLACEMENT_3D('',#8210,#6583,#6584);
#5284=AXIS2_PLACEMENT_3D('',#8214,#6587,#6588);
#5285=AXIS2_PLACEMENT_3D('',#8217,#6590,#6591);
#5286=AXIS2_PLACEMENT_3D('',#8218,#6592,#6593);
#5287=AXIS2_PLACEMENT_3D('',#8222,#6596,#6597);
#5288=AXIS2_PLACEMENT_3D('',#8225,#6599,#6600);
#5289=AXIS2_PLACEMENT_3D('',#8226,#6601,#6602);
#5290=AXIS2_PLACEMENT_3D('',#8230,#6605,#6606);
#5291=AXIS2_PLACEMENT_3D('',#8233,#6608,#6609);
#5292=AXIS2_PLACEMENT_3D('',#8234,#6610,#6611);
#5293=AXIS2_PLACEMENT_3D('',#8236,#6613,#6614);
#5294=AXIS2_PLACEMENT_3D('',#8401,#6615,#6616);
#5295=AXIS2_PLACEMENT_3D('',#8403,#6617,#6618);
#5296=AXIS2_PLACEMENT_3D('',#8412,#6620,#6621);
#5297=AXIS2_PLACEMENT_3D('',#8414,#6622,#6623);
#5298=AXIS2_PLACEMENT_3D('',#8415,#6624,#6625);
#5299=AXIS2_PLACEMENT_3D('',#8416,#6626,#6627);
#5300=AXIS2_PLACEMENT_3D('',#8417,#6628,#6629);
#5301=AXIS2_PLACEMENT_3D('',#8423,#6630,#6631);
#5302=AXIS2_PLACEMENT_3D('',#8429,#6632,#6633);
#5303=AXIS2_PLACEMENT_3D('',#8448,#6634,#6635);
#5304=AXIS2_PLACEMENT_3D('',#8450,#6637,#6638);
#5305=AXIS2_PLACEMENT_3D('',#8453,#6640,#6641);
#5306=AXIS2_PLACEMENT_3D('',#8522,#6643,#6644);
#5307=AXIS2_PLACEMENT_3D('',#8543,#6645,#6646);
#5308=AXIS2_PLACEMENT_3D('',#8544,#6647,#6648);
#5309=AXIS2_PLACEMENT_3D('',#8547,#6650,#6651);
#5310=AXIS2_PLACEMENT_3D('',#8548,#6652,#6653);
#5311=AXIS2_PLACEMENT_3D('',#8550,#6654,#6655);
#5312=AXIS2_PLACEMENT_3D('',#8561,#6660,#6661);
#5313=AXIS2_PLACEMENT_3D('',#8563,#6662,#6663);
#5314=AXIS2_PLACEMENT_3D('',#8565,#6665,#6666);
#5315=AXIS2_PLACEMENT_3D('',#8569,#6669,#6670);
#5316=AXIS2_PLACEMENT_3D('',#8572,#6673,#6674);
#5317=AXIS2_PLACEMENT_3D('',#8573,#6675,#6676);
#5318=AXIS2_PLACEMENT_3D('',#8574,#6677,#6678);
#5319=AXIS2_PLACEMENT_3D('',#8575,#6679,#6680);
#5320=AXIS2_PLACEMENT_3D('',#8578,#6682,#6683);
#5321=AXIS2_PLACEMENT_3D('',#8579,#6684,#6685);
#5322=AXIS2_PLACEMENT_3D('',#8580,#6686,#6687);
#5323=AXIS2_PLACEMENT_3D('',#8581,#6688,#6689);
#5324=AXIS2_PLACEMENT_3D('',#8582,#6690,#6691);
#5325=AXIS2_PLACEMENT_3D('',#8583,#6692,#6693);
#5326=AXIS2_PLACEMENT_3D('',#8586,#6695,#6696);
#5327=AXIS2_PLACEMENT_3D('',#8587,#6697,#6698);
#5328=AXIS2_PLACEMENT_3D('',#8590,#6700,#6701);
#5329=AXIS2_PLACEMENT_3D('',#8591,#6702,#6703);
#5330=AXIS2_PLACEMENT_3D('',#8592,#6704,#6705);
#5331=AXIS2_PLACEMENT_3D('',#8593,#6706,#6707);
#5332=AXIS2_PLACEMENT_3D('',#8594,#6708,#6709);
#5333=AXIS2_PLACEMENT_3D('',#8595,#6710,#6711);
#5334=AXIS2_PLACEMENT_3D('',#8597,#6713,#6714);
#5335=AXIS2_PLACEMENT_3D('',#8599,#6716,#6717);
#5336=AXIS2_PLACEMENT_3D('',#8602,#6719,#6720);
#5337=AXIS2_PLACEMENT_3D('',#8603,#6721,#6722);
#5338=AXIS2_PLACEMENT_3D('',#8605,#6724,#6725);
#5339=AXIS2_PLACEMENT_3D('',#8607,#6726,#6727);
#5340=AXIS2_PLACEMENT_3D('',#8609,#6729,#6730);
#5341=AXIS2_PLACEMENT_3D('',#8611,#6731,#6732);
#5342=AXIS2_PLACEMENT_3D('',#8612,#6733,#6734);
#5343=AXIS2_PLACEMENT_3D('',#8616,#6736,#6737);
#5344=AXIS2_PLACEMENT_3D('',#8618,#6738,#6739);
#5345=AXIS2_PLACEMENT_3D('',#8621,#6742,#6743);
#5346=AXIS2_PLACEMENT_3D('',#8622,#6744,#6745);
#5347=AXIS2_PLACEMENT_3D('',#8624,#6747,#6748);
#5348=AXIS2_PLACEMENT_3D('',#8628,#6749,#6750);
#5349=AXIS2_PLACEMENT_3D('',#8629,#6751,#6752);
#5350=AXIS2_PLACEMENT_3D('',#8630,#6753,#6754);
#5351=AXIS2_PLACEMENT_3D('',#8633,#6756,#6757);
#5352=AXIS2_PLACEMENT_3D('',#8634,#6758,#6759);
#5353=AXIS2_PLACEMENT_3D('',#8637,#6761,#6762);
#5354=AXIS2_PLACEMENT_3D('',#8638,#6763,#6764);
#5355=AXIS2_PLACEMENT_3D('',#8639,#6765,#6766);
#5356=DIRECTION('axis',(0.,0.,1.));
#5357=DIRECTION('refdir',(1.,0.,0.));
#5358=DIRECTION('center_axis',(-0.904534033733292,0.,-0.426401432711219));
#5359=DIRECTION('ref_axis',(-0.426401432711219,0.,0.904534033733291));
#5360=DIRECTION('',(-0.408248290463862,-0.288675134594808,0.866025403784441));
#5361=DIRECTION('',(0.,1.,0.));
#5362=DIRECTION('',(0.40824829046386,-0.288675134594824,-0.866025403784436));
#5363=DIRECTION('center_axis',(-0.904534033733291,-0.426401432711221,6.69489673871853E-15));
#5364=DIRECTION('ref_axis',(7.40148683083447E-15,0.,1.));
#5365=DIRECTION('',(-0.40824829046386,0.866025403784436,0.288675134594824));
#5366=DIRECTION('',(0.,-1.57009245868379E-14,-1.));
#5367=DIRECTION('',(0.408248290463867,-0.866025403784441,0.288675134594801));
#5368=DIRECTION('center_axis',(-0.904534033733291,0.426401432711221,-7.10101032493713E-15));
#5369=DIRECTION('ref_axis',(-7.85046229341872E-15,0.,1.));
#5370=DIRECTION('',(-0.408248290463859,-0.866025403784434,-0.288675134594832));
#5371=DIRECTION('',(-7.85046229341872E-15,0.,1.));
#5372=DIRECTION('',(0.408248290463866,0.866025403784439,-0.288675134594807));
#5373=DIRECTION('center_axis',(0.90453403373329,3.11312698350407E-15,-0.426401432711222));
#5374=DIRECTION('ref_axis',(-0.426401432711222,0.,-0.90453403373329));
#5375=DIRECTION('',(0.,-1.,0.));
#5376=DIRECTION('',(-0.408248290463866,0.288675134594807,-0.866025403784439));
#5377=DIRECTION('',(0.408248290463863,0.288675134594821,0.866025403784436));
#5378=DIRECTION('center_axis',(-0.904534033733291,-7.10101032493724E-15,
0.426401432711221));
#5379=DIRECTION('ref_axis',(0.426401432711221,0.,0.904534033733291));
#5380=DIRECTION('',(-0.408248290463866,0.288675134594807,-0.866025403784439));
#5381=DIRECTION('',(7.85046229341884E-15,-1.,0.));
#5382=DIRECTION('',(0.40824829046386,0.288675134594824,0.866025403784436));
#5383=DIRECTION('center_axis',(0.904534033733289,-0.426401432711225,6.6948967387186E-15));
#5384=DIRECTION('ref_axis',(7.40148683083455E-15,0.,-1.));
#5385=DIRECTION('',(-0.408248290463869,-0.866025403784432,-0.288675134594826));
#5386=DIRECTION('',(0.40824829046387,0.866025403784439,-0.288675134594801));
#5387=DIRECTION('',(0.,1.57009245868379E-14,1.));
#5388=DIRECTION('center_axis',(0.707106781186549,-0.499999999999999,-0.499999999999999));
#5389=DIRECTION('ref_axis',(-0.577350269189625,0.,-0.816496580927727));
#5390=DIRECTION('',(-1.39563774105224E-16,-0.707106781186548,0.707106781186547));
#5391=DIRECTION('',(1.39563774105224E-16,0.707106781186548,-0.707106781186547));
#5392=DIRECTION('center_axis',(0.,-1.,1.57009245868379E-14));
#5393=DIRECTION('ref_axis',(0.,-1.57009245868379E-14,-1.));
#5394=DIRECTION('',(1.,0.,0.));
#5395=DIRECTION('',(-1.,0.,0.));
#5396=DIRECTION('center_axis',(0.90453403373329,0.426401432711222,3.55050516246856E-15));
#5397=DIRECTION('ref_axis',(3.92523114670936E-15,0.,-1.));
#5398=DIRECTION('',(-0.408248290463865,0.866025403784432,0.288675134594832));
#5399=DIRECTION('',(0.408248290463864,-0.86602540378444,0.288675134594807));
#5400=DIRECTION('',(3.92523114670936E-15,0.,-1.));
#5401=DIRECTION('center_axis',(0.904534033733289,3.55050516246862E-15,0.426401432711224));
#5402=DIRECTION('ref_axis',(0.426401432711224,0.,-0.904534033733289));
#5403=DIRECTION('',(-0.408248290463864,-0.288675134594807,0.86602540378444));
#5404=DIRECTION('',(0.408248290463866,-0.288675134594823,-0.866025403784434));
#5405=DIRECTION('',(-3.92523114670942E-15,1.,0.));
#5406=DIRECTION('center_axis',(0.707106781186536,-0.500000000000008,0.500000000000009));
#5407=DIRECTION('ref_axis',(0.577350269189639,0.,-0.816496580927717));
#5408=DIRECTION('',(-1.39563774105224E-16,0.707106781186548,0.707106781186547));
#5409=DIRECTION('',(1.39563774105224E-16,-0.707106781186548,-0.707106781186547));
#5410=DIRECTION('center_axis',(0.,0.,1.));
#5411=DIRECTION('ref_axis',(1.,0.,0.));
#5412=DIRECTION('',(1.,0.,0.));
#5413=DIRECTION('',(-1.,0.,0.));
#5414=DIRECTION('center_axis',(0.707106781186551,0.499999999999997,0.499999999999998));
#5415=DIRECTION('ref_axis',(0.577350269189623,0.,-0.816496580927728));
#5416=DIRECTION('',(1.39563774105224E-16,0.707106781186548,-0.707106781186547));
#5417=DIRECTION('',(-1.39563774105224E-16,-0.707106781186548,0.707106781186547));
#5418=DIRECTION('center_axis',(0.,1.,0.));
#5419=DIRECTION('ref_axis',(0.,0.,1.));
#5420=DIRECTION('',(1.,0.,0.));
#5421=DIRECTION('',(-1.,0.,0.));
#5422=DIRECTION('center_axis',(0.707106781186536,0.500000000000008,-0.500000000000008));
#5423=DIRECTION('ref_axis',(-0.577350269189639,0.,-0.816496580927717));
#5424=DIRECTION('',(1.39563774105224E-16,-0.707106781186548,-0.707106781186547));
#5425=DIRECTION('',(-1.39563774105224E-16,0.707106781186548,0.707106781186547));
#5426=DIRECTION('center_axis',(-0.707106781186542,-0.500000000000004,0.500000000000004));
#5427=DIRECTION('ref_axis',(0.577350269189632,0.,0.816496580927721));
#5428=DIRECTION('',(0.,-0.707106781186548,-0.707106781186547));
#5429=DIRECTION('',(0.,0.707106781186548,0.707106781186547));
#5430=DIRECTION('center_axis',(-0.707106781186549,0.499999999999999,0.499999999999999));
#5431=DIRECTION('ref_axis',(0.577350269189625,0.,0.816496580927727));
#5432=DIRECTION('',(0.,-0.707106781186548,0.707106781186547));
#5433=DIRECTION('',(0.,0.707106781186548,-0.707106781186547));
#5434=DIRECTION('center_axis',(0.,0.,-1.));
#5435=DIRECTION('ref_axis',(-1.,0.,0.));
#5436=DIRECTION('',(1.,0.,0.));
#5437=DIRECTION('',(-1.,0.,0.));
#5438=DIRECTION('center_axis',(-0.707106781186542,0.500000000000004,-0.500000000000004));
#5439=DIRECTION('ref_axis',(-0.577350269189632,0.,0.816496580927721));
#5440=DIRECTION('',(0.,0.707106781186548,0.707106781186547));
#5441=DIRECTION('',(0.,-0.707106781186548,-0.707106781186547));
#5442=DIRECTION('center_axis',(-0.707106781186553,-0.499999999999996,-0.499999999999997));
#5443=DIRECTION('ref_axis',(-0.57735026918962,0.,0.81649658092773));
#5444=DIRECTION('',(0.,0.707106781186548,-0.707106781186547));
#5445=DIRECTION('',(0.,-0.707106781186548,0.707106781186547));
#5446=DIRECTION('center_axis',(1.,0.,1.97372982155583E-16));
#5447=DIRECTION('ref_axis',(1.97372982155583E-16,0.,-1.));
#5448=DIRECTION('',(-1.97372982155583E-16,0.,1.));
#5449=DIRECTION('',(2.69696035972995E-31,-1.,-1.36642833800019E-15));
#5450=DIRECTION('',(1.39563774105224E-16,-0.707106781186548,-0.707106781186548));
#5451=DIRECTION('',(1.97372982155583E-16,8.54017711250121E-16,-1.));
#5452=DIRECTION('',(1.51196476202106E-16,-0.642787609686539,-0.766044443118978));
#5453=DIRECTION('',(0.,-1.,0.));
#5454=DIRECTION('',(1.97372982155583E-16,0.,-1.));
#5455=DIRECTION('',(1.39563774105224E-16,0.707106781186548,-0.707106781186548));
#5456=DIRECTION('',(-3.37120044966244E-32,1.,1.70803542250024E-16));
#5457=DIRECTION('',(-1.13208491736778E-16,0.819152044288992,0.573576436351046));
#5458=DIRECTION('',(0.,1.,0.));
#5459=DIRECTION('',(1.39563774105224E-16,-0.707106781186548,-0.707106781186547));
#5460=DIRECTION('',(-1.39563774105225E-16,-0.707106781186547,0.707106781186548));
#5461=DIRECTION('',(-1.39563774105224E-16,0.707106781186548,0.707106781186547));
#5462=DIRECTION('',(1.39563774105225E-16,0.707106781186547,-0.707106781186548));
#5463=DIRECTION('center_axis',(0.,-0.707106781186547,-0.707106781186548));
#5464=DIRECTION('ref_axis',(-1.39563774105224E-16,-0.707106781186548,0.707106781186547));
#5465=DIRECTION('center_axis',(0.,-0.707106781186547,0.707106781186548));
#5466=DIRECTION('ref_axis',(-1.39563774105224E-16,0.707106781186548,0.707106781186547));
#5467=DIRECTION('center_axis',(0.,0.707106781186547,0.707106781186548));
#5468=DIRECTION('ref_axis',(1.39563774105224E-16,0.707106781186548,-0.707106781186547));
#5469=DIRECTION('center_axis',(0.,0.707106781186547,-0.707106781186548));
#5470=DIRECTION('ref_axis',(1.39563774105224E-16,-0.707106781186548,-0.707106781186547));
#5471=DIRECTION('center_axis',(-1.,0.,0.));
#5472=DIRECTION('ref_axis',(0.,0.,1.));
#5473=DIRECTION('',(0.,0.,1.));
#5474=DIRECTION('',(0.,1.,0.));
#5475=DIRECTION('',(0.,-0.819152044288992,-0.573576436351046));
#5476=DIRECTION('',(0.,-1.,-1.70803542250024E-16));
#5477=DIRECTION('',(0.,-0.707106781186548,0.707106781186548));
#5478=DIRECTION('center_axis',(-0.904534033733292,-0.426401432711219,0.));
#5479=DIRECTION('ref_axis',(0.,0.,1.));
#5480=DIRECTION('',(-0.40824829046386,0.86602540378444,0.288675134594813));
#5481=DIRECTION('',(0.,0.,-1.));
#5482=DIRECTION('',(0.408248290463861,-0.86602540378444,0.288675134594812));
#5483=DIRECTION('center_axis',(-0.904534033733292,0.,0.426401432711218));
#5484=DIRECTION('ref_axis',(0.426401432711218,0.,0.904534033733292));
#5485=DIRECTION('',(-0.408248290463862,0.288675134594811,-0.86602540378444));
#5486=DIRECTION('',(0.,-1.,0.));
#5487=DIRECTION('',(0.408248290463859,0.288675134594816,0.866025403784439));
#5488=DIRECTION('center_axis',(-0.904534033733291,-3.55050516246862E-15,
-0.426401432711221));
#5489=DIRECTION('ref_axis',(-0.426401432711221,0.,0.904534033733291));
#5490=DIRECTION('',(-0.408248290463862,-0.288675134594812,0.866025403784439));
#5491=DIRECTION('',(-3.92523114670942E-15,1.,0.));
#5492=DIRECTION('',(0.408248290463864,-0.288675134594813,-0.866025403784438));
#5493=DIRECTION('center_axis',(0.904534033733292,-0.426401432711218,3.55050516246863E-15));
#5494=DIRECTION('ref_axis',(3.92523114670942E-15,0.,-1.));
#5495=DIRECTION('',(-0.408248290463861,-0.866025403784437,-0.288675134594821));
#5496=DIRECTION('',(0.408248290463861,0.86602540378444,-0.288675134594812));
#5497=DIRECTION('',(-3.92523114670942E-15,0.,1.));
#5498=DIRECTION('center_axis',(0.904534033733291,0.,0.42640143271122));
#5499=DIRECTION('ref_axis',(0.42640143271122,0.,-0.904534033733291));
#5500=DIRECTION('',(-0.408248290463867,-0.288675134594803,0.86602540378444));
#5501=DIRECTION('',(0.408248290463861,-0.288675134594821,-0.866025403784437));
#5502=DIRECTION('',(0.,1.,0.));
#5503=DIRECTION('center_axis',(0.707106781186543,-0.500000000000003,0.500000000000004));
#5504=DIRECTION('ref_axis',(0.577350269189631,0.,-0.816496580927722));
#5505=DIRECTION('',(1.39563774105224E-16,-0.707106781186548,-0.707106781186547));
#5506=DIRECTION('center_axis',(0.,0.,1.));
#5507=DIRECTION('ref_axis',(1.,0.,0.));
#5508=DIRECTION('',(1.,0.,0.));
#5509=DIRECTION('',(-1.,0.,0.));
#5510=DIRECTION('center_axis',(-0.904534033733291,0.426401432711221,2.71364307012882E-15));
#5511=DIRECTION('ref_axis',(3.00004529285513E-15,0.,1.));
#5512=DIRECTION('',(-0.408248290463863,-0.866025403784439,-0.288675134594812));
#5513=DIRECTION('',(3.92523114670942E-15,1.96261557335471E-15,1.));
#5514=DIRECTION('',(0.408248290463862,0.866025403784439,-0.288675134594813));
#5515=DIRECTION('center_axis',(0.90453403373329,3.55050516246862E-15,-0.426401432711222));
#5516=DIRECTION('ref_axis',(-0.426401432711222,0.,-0.90453403373329));
#5517=DIRECTION('',(-0.408248290463863,0.288675134594807,-0.866025403784441));
#5518=DIRECTION('',(0.408248290463864,0.288675134594811,0.866025403784439));
#5519=DIRECTION('',(3.92523114670942E-15,-1.,0.));
#5520=DIRECTION('center_axis',(0.904534033733293,0.426401432711217,3.41439733674641E-15));
#5521=DIRECTION('ref_axis',(3.77475828372553E-15,0.,-1.));
#5522=DIRECTION('',(0.,-1.96261557335471E-15,-1.));
#5523=DIRECTION('',(-0.408248290463859,0.866025403784438,0.288675134594822));
#5524=DIRECTION('',(0.408248290463859,-0.866025403784443,0.288675134594804));
#5525=DIRECTION('center_axis',(0.707106781186545,0.500000000000001,-0.500000000000002));
#5526=DIRECTION('ref_axis',(-0.577350269189629,0.,-0.816496580927724));
#5527=DIRECTION('',(-1.39563774105224E-16,0.707106781186548,0.707106781186547));
#5528=DIRECTION('center_axis',(0.707106781186556,0.499999999999994,0.499999999999994));
#5529=DIRECTION('ref_axis',(0.577350269189616,0.,-0.816496580927733));
#5530=DIRECTION('',(-1.39563774105225E-16,-0.707106781186547,0.707106781186548));
#5531=DIRECTION('center_axis',(0.,1.,-1.96261557335471E-15));
#5532=DIRECTION('ref_axis',(0.,1.96261557335471E-15,1.));
#5533=DIRECTION('',(1.,0.,0.));
#5534=DIRECTION('',(-1.,0.,0.));
#5535=DIRECTION('center_axis',(0.,0.,-1.));
#5536=DIRECTION('ref_axis',(-1.,0.,0.));
#5537=DIRECTION('',(1.,0.,0.));
#5538=DIRECTION('',(-1.,0.,0.));
#5539=DIRECTION('center_axis',(0.70710678118655,-0.499999999999999,-0.499999999999998));
#5540=DIRECTION('ref_axis',(-0.577350269189623,0.,-0.816496580927728));
#5541=DIRECTION('',(1.39563774105225E-16,0.707106781186547,-0.707106781186548));
#5542=DIRECTION('center_axis',(-0.707106781186548,0.5,0.499999999999999));
#5543=DIRECTION('ref_axis',(0.577350269189625,0.,0.816496580927727));
#5544=DIRECTION('',(-1.39563774105225E-16,-0.707106781186547,0.707106781186548));
#5545=DIRECTION('',(1.39563774105225E-16,0.707106781186547,-0.707106781186548));
#5546=DIRECTION('center_axis',(-0.707106781186548,0.5,-0.500000000000001));
#5547=DIRECTION('ref_axis',(-0.577350269189626,0.,0.816496580927726));
#5548=DIRECTION('',(-1.39563774105224E-16,0.707106781186548,0.707106781186547));
#5549=DIRECTION('',(1.39563774105224E-16,-0.707106781186548,-0.707106781186547));
#5550=DIRECTION('center_axis',(0.,-1.,0.));
#5551=DIRECTION('ref_axis',(0.,0.,-1.));
#5552=DIRECTION('',(1.,0.,0.));
#5553=DIRECTION('',(-1.,0.,0.));
#5554=DIRECTION('center_axis',(-0.707106781186549,-0.499999999999999,-0.499999999999998));
#5555=DIRECTION('ref_axis',(-0.577350269189623,0.,0.816496580927728));
#5556=DIRECTION('',(1.39563774105225E-16,0.707106781186547,-0.707106781186548));
#5557=DIRECTION('',(-1.39563774105225E-16,-0.707106781186547,0.707106781186548));
#5558=DIRECTION('center_axis',(-0.707106781186549,-0.499999999999998,0.499999999999999));
#5559=DIRECTION('ref_axis',(0.577350269189624,0.,0.816496580927727));
#5560=DIRECTION('',(1.39563774105224E-16,-0.707106781186548,-0.707106781186547));
#5561=DIRECTION('',(-1.39563774105224E-16,0.707106781186548,0.707106781186547));
#5562=DIRECTION('center_axis',(0.,-0.707106781186547,0.707106781186548));
#5563=DIRECTION('ref_axis',(-1.39563774105224E-16,0.707106781186548,0.707106781186547));
#5564=DIRECTION('center_axis',(0.,0.707106781186548,0.707106781186547));
#5565=DIRECTION('ref_axis',(1.39563774105225E-16,0.707106781186547,-0.707106781186548));
#5566=DIRECTION('center_axis',(0.,0.707106781186547,-0.707106781186548));
#5567=DIRECTION('ref_axis',(1.39563774105224E-16,-0.707106781186548,-0.707106781186547));
#5568=DIRECTION('center_axis',(0.,-0.707106781186548,-0.707106781186547));
#5569=DIRECTION('ref_axis',(-1.39563774105225E-16,-0.707106781186547,0.707106781186548));
#5570=DIRECTION('center_axis',(1.,0.,1.97372982155583E-16));
#5571=DIRECTION('ref_axis',(1.97372982155583E-16,0.,-1.));
#5572=DIRECTION('',(1.97372982155583E-16,0.,-1.));
#5573=DIRECTION('',(0.,-1.,0.));
#5574=DIRECTION('',(-1.71127128334299E-13,-0.645735115855188,-0.763561497295069));
#5575=DIRECTION('',(1.5070640978031E-16,-0.645735115855188,-0.763561497295069));
#5576=DIRECTION('center_axis',(-1.,0.,-1.97372982155583E-16));
#5577=DIRECTION('ref_axis',(2.22044604925031E-13,0.,1.));
#5578=DIRECTION('',(1.51196476202106E-16,-0.642787609686539,-0.766044443118978));
#5579=DIRECTION('',(-1.71683598756341E-13,-0.642787609686539,-0.766044443118978));
#5580=DIRECTION('',(-1.97372982155583E-16,-8.54017711250121E-16,1.));
#5581=DIRECTION('',(-1.39563774105224E-16,0.707106781186548,0.707106781186548));
#5582=DIRECTION('',(-2.69696035972995E-31,1.,1.36642833800019E-15));
#5583=DIRECTION('center_axis',(0.,1.,0.));
#5584=DIRECTION('ref_axis',(-0.422618261740698,0.,-0.906307787036651));
#5585=DIRECTION('center_axis',(0.,1.,0.));
#5586=DIRECTION('ref_axis',(-0.422618261740698,0.,-0.90630778703665));
#5587=DIRECTION('',(0.664463024388681,-0.70710678118654,0.241844762647979));
#5588=DIRECTION('center_axis',(0.,-1.,0.));
#5589=DIRECTION('ref_axis',(-0.422618261740698,0.,-0.90630778703665));
#5590=DIRECTION('center_axis',(0.664463024388684,0.707106781186538,0.241844762647978));
#5591=DIRECTION('ref_axis',(0.342020143325669,0.,-0.939692620785909));
#5592=DIRECTION('',(-0.342020143325669,0.,0.939692620785909));
#5593=DIRECTION('',(0.664463024388665,-0.707106781186557,0.241844762647973));
#5594=DIRECTION('',(0.342020143325669,0.,-0.939692620785909));
#5595=DIRECTION('center_axis',(0.,1.,0.));
#5596=DIRECTION('ref_axis',(-0.906307787036651,0.,0.422618261740697));
#5597=DIRECTION('',(0.241844762647964,-0.707106781186553,-0.664463024388673));
#5598=DIRECTION('center_axis',(0.,-1.,0.));
#5599=DIRECTION('ref_axis',(-0.906307787036651,0.,0.422618261740697));
#5600=DIRECTION('center_axis',(0.,1.,0.));
#5601=DIRECTION('ref_axis',(-0.906307787036651,0.,0.422618261740697));
#5602=DIRECTION('center_axis',(0.241844762647972,0.707106781186549,-0.664463024388674));
#5603=DIRECTION('ref_axis',(-0.93969262078591,0.,-0.342020143325665));
#5604=DIRECTION('',(0.93969262078591,0.,0.342020143325665));
#5605=DIRECTION('',(0.241844762647977,-0.707106781186545,-0.664463024388677));
#5606=DIRECTION('',(-0.93969262078591,0.,-0.342020143325665));
#5607=DIRECTION('center_axis',(0.,1.,0.));
#5608=DIRECTION('ref_axis',(0.422618261740706,0.,0.906307787036647));
#5609=DIRECTION('',(-0.664463024388674,-0.70710678118655,-0.241844762647971));
#5610=DIRECTION('center_axis',(0.,-1.,0.));
#5611=DIRECTION('ref_axis',(0.422618261740706,0.,0.906307787036647));
#5612=DIRECTION('center_axis',(0.,1.,0.));
#5613=DIRECTION('ref_axis',(0.422618261740706,0.,0.906307787036647));
#5614=DIRECTION('center_axis',(-0.664463024388679,0.707106781186543,-0.241844762647977));
#5615=DIRECTION('ref_axis',(-0.342020143325668,0.,0.939692620785909));
#5616=DIRECTION('',(0.66446302438867,0.707106781186552,0.241844762647974));
#5617=DIRECTION('',(-0.342020143325668,0.,0.939692620785909));
#5618=DIRECTION('',(0.342020143325668,0.,-0.939692620785909));
#5619=DIRECTION('center_axis',(0.,1.,0.));
#5620=DIRECTION('ref_axis',(0.,0.,1.));
#5621=DIRECTION('',(-0.939692620785905,0.,-0.342020143325679));
#5622=DIRECTION('center_axis',(0.,-1.,0.));
#5623=DIRECTION('ref_axis',(-0.906307787036652,0.,0.422618261740694));
#5624=DIRECTION('',(0.342020143325669,0.,-0.939692620785908));
#5625=DIRECTION('center_axis',(0.,-1.,0.));
#5626=DIRECTION('ref_axis',(-0.937292217074816,0.,0.348544544945083));
#5627=DIRECTION('',(-0.872893445691454,0.,-0.487910885786432));
#5628=DIRECTION('center_axis',(0.,-1.,0.));
#5629=DIRECTION('ref_axis',(-0.707106781186549,0.,0.707106781186546));
#5630=DIRECTION('',(-1.,0.,0.));
#5631=DIRECTION('center_axis',(0.,-1.,0.));
#5632=DIRECTION('ref_axis',(-0.707106781186548,0.,0.707106781186548));
#5633=DIRECTION('',(0.,0.,-1.));
#5634=DIRECTION('center_axis',(0.,-1.,0.));
#5635=DIRECTION('ref_axis',(-0.707106781186548,0.,-0.707106781186548));
#5636=DIRECTION('',(1.,0.,0.));
#5637=DIRECTION('center_axis',(0.,1.,0.));
#5638=DIRECTION('ref_axis',(-0.707106781186548,0.,0.707106781186548));
#5639=DIRECTION('',(4.40976435014665E-16,0.,1.));
#5640=DIRECTION('center_axis',(0.,-1.,0.));
#5641=DIRECTION('ref_axis',(0.707106781186544,0.,-0.707106781186551));
#5642=DIRECTION('',(1.,0.,0.));
#5643=DIRECTION('center_axis',(0.,1.,0.));
#5644=DIRECTION('ref_axis',(-0.452365382059812,0.,0.891832697939406));
#5645=DIRECTION('',(0.590731122227762,0.,0.806868478273584));
#5646=DIRECTION('center_axis',(0.,-1.,0.));
#5647=DIRECTION('ref_axis',(0.590731122227762,0.,0.806868478273584));
#5648=DIRECTION('',(0.342020143325669,0.,-0.939692620785909));
#5649=DIRECTION('center_axis',(0.,-1.,0.));
#5650=DIRECTION('ref_axis',(0.939692620785908,0.,0.342020143325669));
#5651=DIRECTION('',(0.939692620785908,0.,0.342020143325669));
#5652=DIRECTION('center_axis',(-0.664463024388677,0.707106781186546,-0.241844762647976));
#5653=DIRECTION('ref_axis',(-0.342020143325668,0.,0.939692620785909));
#5654=DIRECTION('',(0.342020143325668,0.,-0.939692620785909));
#5655=DIRECTION('',(-0.342020143325668,0.,0.939692620785909));
#5656=DIRECTION('center_axis',(0.,1.,0.));
#5657=DIRECTION('ref_axis',(0.,0.,1.));
#5658=DIRECTION('',(0.939692620785908,0.,0.342020143325669));
#5659=DIRECTION('',(-0.342020143325669,0.,0.939692620785909));
#5660=DIRECTION('center_axis',(0.,-1.,0.));
#5661=DIRECTION('ref_axis',(0.648097555322047,0.,-0.761557324687765));
#5662=DIRECTION('',(0.872893445691455,0.,-0.487910885786431));
#5663=DIRECTION('center_axis',(0.,-1.,0.));
#5664=DIRECTION('ref_axis',(-0.761557324687773,0.,-0.648097555322038));
#5665=DIRECTION('',(0.342020143325669,0.,-0.939692620785908));
#5666=DIRECTION('center_axis',(0.,-1.,0.));
#5667=DIRECTION('ref_axis',(-0.906307787036652,0.,0.422618261740694));
#5668=DIRECTION('',(-0.939692620785906,0.,-0.342020143325674));
#5669=DIRECTION('center_axis',(0.,1.,0.));
#5670=DIRECTION('ref_axis',(0.906307787036652,0.,-0.422618261740696));
#5671=DIRECTION('',(-0.644826498582388,0.704025691227874,-0.297567828935005));
#5672=DIRECTION('center_axis',(0.,1.,0.));
#5673=DIRECTION('ref_axis',(0.906307787036652,0.,-0.422618261740695));
#5674=DIRECTION('',(-0.241844762647978,-0.707106781186549,0.664463024388672));
#5675=DIRECTION('center_axis',(0.,-1.,0.));
#5676=DIRECTION('ref_axis',(0.906307787036652,0.,-0.422618261740695));
#5677=DIRECTION('center_axis',(-0.24184476264798,0.707106781186544,0.664463024388677));
#5678=DIRECTION('ref_axis',(0.939692620785906,0.,0.342020143325674));
#5679=DIRECTION('',(-0.241844762647979,-0.707106781186551,0.66446302438867));
#5680=DIRECTION('',(0.939692620785906,0.,0.342020143325674));
#5681=DIRECTION('center_axis',(0.,-1.,0.));
#5682=DIRECTION('ref_axis',(-0.906307787036652,0.,0.422618261740694));
#5683=DIRECTION('',(-0.664463024388681,-0.707106781186542,-0.241844762647972));
#5684=DIRECTION('center_axis',(0.,1.,0.));
#5685=DIRECTION('ref_axis',(-0.906307787036652,0.,0.422618261740694));
#5686=DIRECTION('center_axis',(-0.664463024388676,0.707106781186546,-0.241844762647976));
#5687=DIRECTION('ref_axis',(-0.342020143325669,0.,0.939692620785908));
#5688=DIRECTION('',(-0.664463024388672,-0.707106781186549,-0.241844762647978));
#5689=DIRECTION('',(-0.342020143325669,0.,0.939692620785908));
#5690=DIRECTION('center_axis',(0.,-1.,0.));
#5691=DIRECTION('ref_axis',(-0.761557324687773,0.,-0.648097555322038));
#5692=DIRECTION('',(-0.345005095954311,-0.707106781186555,-0.617228874701716));
#5693=DIRECTION('center_axis',(0.,1.,0.));
#5694=DIRECTION('ref_axis',(-0.761557324687773,0.,-0.648097555322038));
#5695=DIRECTION('center_axis',(-0.345005095954322,0.707106781186544,-0.617228874701722));
#5696=DIRECTION('ref_axis',(-0.872893445691454,0.,0.487910885786431));
#5697=DIRECTION('',(-0.34500509595431,-0.707106781186553,-0.617228874701718));
#5698=DIRECTION('',(-0.872893445691455,0.,0.487910885786431));
#5699=DIRECTION('center_axis',(0.,-1.,0.));
#5700=DIRECTION('ref_axis',(0.648097555322047,0.,-0.761557324687765));
#5701=DIRECTION('',(0.664463024388681,-0.707106781186542,0.241844762647975));
#5702=DIRECTION('center_axis',(0.,1.,0.));
#5703=DIRECTION('ref_axis',(0.648097555322047,0.,-0.761557324687765));
#5704=DIRECTION('center_axis',(0.664463024388677,0.707106781186545,0.241844762647976));
#5705=DIRECTION('ref_axis',(0.342020143325669,0.,-0.939692620785909));
#5706=DIRECTION('',(0.664463024388673,-0.70710678118655,0.241844762647972));
#5707=DIRECTION('',(0.342020143325669,0.,-0.939692620785909));
#5708=DIRECTION('center_axis',(-0.664463024388676,0.707106781186546,-0.241844762647976));
#5709=DIRECTION('ref_axis',(-0.342020143325669,0.,0.939692620785908));
#5710=DIRECTION('center_axis',(-0.664463024388676,0.707106781186546,-0.241844762647976));
#5711=DIRECTION('ref_axis',(-0.664463024388673,-0.707106781186549,-0.241844762647975));
#5712=DIRECTION('',(-0.342020143325669,0.,0.939692620785908));
#5713=DIRECTION('',(0.664463024388664,0.707106781186557,0.241844762647977));
#5714=DIRECTION('center_axis',(0.,-1.,0.));
#5715=DIRECTION('ref_axis',(-0.937292217074816,0.,0.348544544945084));
#5716=DIRECTION('center_axis',(0.,1.,0.));
#5717=DIRECTION('ref_axis',(-0.937292217074816,0.,0.348544544945084));
#5718=DIRECTION('',(0.345005095954322,0.707106781186544,-0.617228874701722));
#5719=DIRECTION('center_axis',(-0.34500509595432,0.70710678118655,0.617228874701717));
#5720=DIRECTION('ref_axis',(0.872893445691454,0.,0.487910885786431));
#5721=DIRECTION('',(0.345005095954319,0.707106781186546,-0.617228874701721));
#5722=DIRECTION('',(0.872893445691454,0.,0.487910885786432));
#5723=DIRECTION('center_axis',(0.,-1.,0.));
#5724=DIRECTION('ref_axis',(-0.707106781186549,0.,0.707106781186546));
#5725=DIRECTION('center_axis',(0.,1.,0.));
#5726=DIRECTION('ref_axis',(-0.707106781186549,0.,0.707106781186546));
#5727=DIRECTION('',(0.,0.707106781186551,-0.707106781186544));
#5728=DIRECTION('center_axis',(0.,0.707106781186548,0.707106781186547));
#5729=DIRECTION('ref_axis',(1.,0.,0.));
#5730=DIRECTION('center_axis',(0.,0.707106781186548,0.707106781186547));
#5731=DIRECTION('ref_axis',(0.,-0.707106781186547,0.707106781186548));
#5732=DIRECTION('',(1.,0.,0.));
#5733=DIRECTION('center_axis',(0.,0.,1.));
#5734=DIRECTION('ref_axis',(1.,0.,0.));
#5735=DIRECTION('',(0.,1.,0.));
#5736=DIRECTION('',(0.,1.,0.));
#5737=DIRECTION('',(-1.,0.,0.));
#5738=DIRECTION('',(0.,-1.,0.));
#5739=DIRECTION('',(-1.,0.,0.));
#5740=DIRECTION('center_axis',(0.,0.,-1.));
#5741=DIRECTION('ref_axis',(3.97998603762111E-17,-1.,0.));
#5742=DIRECTION('',(1.,0.,0.));
#5743=DIRECTION('',(-0.707106781186548,0.707106781186548,0.));
#5744=DIRECTION('center_axis',(0.,1.,0.));
#5745=DIRECTION('ref_axis',(-0.707106781186549,0.,0.707106781186546));
#5746=DIRECTION('',(0.,1.,0.));
#5747=DIRECTION('center_axis',(0.,-1.,0.));
#5748=DIRECTION('ref_axis',(-0.707106781186549,0.,0.707106781186546));
#5749=DIRECTION('center_axis',(-0.487910885786432,0.,0.872893445691454));
#5750=DIRECTION('ref_axis',(0.872893445691454,0.,0.487910885786432));
#5751=DIRECTION('',(0.,1.,0.));
#5752=DIRECTION('',(-0.872893445691454,0.,-0.487910885786432));
#5753=DIRECTION('center_axis',(0.,1.,0.));
#5754=DIRECTION('ref_axis',(-0.937292217074816,0.,0.348544544945084));
#5755=DIRECTION('',(0.,-1.,0.));
#5756=DIRECTION('center_axis',(0.,-1.,0.));
#5757=DIRECTION('ref_axis',(-0.937292217074816,0.,0.348544544945084));
#5758=DIRECTION('center_axis',(-0.939692620785908,0.,-0.342020143325669));
#5759=DIRECTION('ref_axis',(-0.342020143325669,0.,0.939692620785908));
#5760=DIRECTION('',(0.,1.,0.));
#5761=DIRECTION('',(0.342020143325669,0.,-0.939692620785908));
#5762=DIRECTION('',(0.,-1.,0.));
#5763=DIRECTION('center_axis',(0.,0.707106781186548,-0.707106781186547));
#5764=DIRECTION('ref_axis',(-1.,0.,0.));
#5765=DIRECTION('center_axis',(0.,0.707106781186548,-0.707106781186547));
#5766=DIRECTION('ref_axis',(0.,-0.707106781186547,-0.707106781186548));
#5767=DIRECTION('',(-1.,0.,0.));
#5768=DIRECTION('',(0.,0.707106781186547,0.707106781186548));
#5769=DIRECTION('center_axis',(0.,1.,0.));
#5770=DIRECTION('ref_axis',(-0.707106781186548,0.,0.707106781186548));
#5771=DIRECTION('center_axis',(0.,-1.,0.));
#5772=DIRECTION('ref_axis',(-0.707106781186548,0.,0.707106781186548));
#5773=DIRECTION('',(-0.707106781186546,0.707106781186549,0.));
#5774=DIRECTION('center_axis',(0.707106781186549,0.707106781186546,-3.11817427542339E-16));
#5775=DIRECTION('ref_axis',(-4.40976435014665E-16,0.,-1.));
#5776=DIRECTION('',(-0.707106781186548,0.707106781186547,0.));
#5777=DIRECTION('',(-4.40976435014665E-16,0.,-1.));
#5778=DIRECTION('center_axis',(0.,-1.,0.));
#5779=DIRECTION('ref_axis',(0.707106781186544,0.,-0.707106781186551));
#5780=DIRECTION('center_axis',(0.,1.,0.));
#5781=DIRECTION('ref_axis',(0.707106781186544,0.,-0.707106781186551));
#5782=DIRECTION('',(0.,0.707106781186547,0.707106781186548));
#5783=DIRECTION('center_axis',(0.,0.707106781186548,-0.707106781186547));
#5784=DIRECTION('ref_axis',(-1.,0.,0.));
#5785=DIRECTION('',(0.,0.707106781186547,0.707106781186548));
#5786=DIRECTION('',(-1.,0.,0.));
#5787=DIRECTION('center_axis',(0.,1.,0.));
#5788=DIRECTION('ref_axis',(-0.452365382059812,0.,0.891832697939406));
#5789=DIRECTION('center_axis',(0.,-1.,0.));
#5790=DIRECTION('ref_axis',(-0.452365382059812,0.,0.891832697939406));
#5791=DIRECTION('',(-0.570542172512918,0.70710678118655,0.417709982385191));
#5792=DIRECTION('center_axis',(0.570542172512922,0.707106781186547,-0.41770998238519));
#5793=DIRECTION('ref_axis',(-0.590731122227762,0.,-0.806868478273584));
#5794=DIRECTION('center_axis',(0.570542172512922,0.707106781186547,-0.41770998238519));
#5795=DIRECTION('ref_axis',(0.798364879232197,-0.358254921483953,0.484011292059478));
#5796=DIRECTION('',(-0.590731122227762,0.,-0.806868478273584));
#5797=DIRECTION('center_axis',(0.806868478273584,0.,-0.590731122227762));
#5798=DIRECTION('ref_axis',(-0.590731122227762,0.,-0.806868478273584));
#5799=DIRECTION('',(-0.454317308466604,0.639156974284961,-0.620543427529899));
#5800=DIRECTION('',(0.,1.,0.));
#5801=DIRECTION('',(0.590731122227762,0.,0.806868478273584));
#5802=DIRECTION('',(0.,-1.,0.));
#5803=DIRECTION('center_axis',(0.,-1.,0.));
#5804=DIRECTION('ref_axis',(-0.452365382059812,0.,0.891832697939406));
#5805=DIRECTION('',(0.,-1.,0.));
#5806=DIRECTION('center_axis',(0.,1.,0.));
#5807=DIRECTION('ref_axis',(-0.452365382059812,0.,0.891832697939406));
#5808=DIRECTION('center_axis',(0.,0.,-1.));
#5809=DIRECTION('ref_axis',(-1.,0.,0.));
#5810=DIRECTION('',(0.,1.,0.));
#5811=DIRECTION('',(1.,0.,0.));
#5812=DIRECTION('center_axis',(0.,1.,0.));
#5813=DIRECTION('ref_axis',(0.707106781186544,0.,-0.707106781186551));
#5814=DIRECTION('',(0.,-1.,0.));
#5815=DIRECTION('center_axis',(0.,-1.,0.));
#5816=DIRECTION('ref_axis',(0.707106781186544,0.,-0.707106781186551));
#5817=DIRECTION('center_axis',(1.,0.,-4.40976435014665E-16));
#5818=DIRECTION('ref_axis',(-4.40976435014665E-16,0.,-1.));
#5819=DIRECTION('',(0.,1.,0.));
#5820=DIRECTION('',(4.40976435014665E-16,0.,1.));
#5821=DIRECTION('center_axis',(0.,1.,0.));
#5822=DIRECTION('ref_axis',(-0.707106781186548,0.,0.707106781186548));
#5823=DIRECTION('',(0.,-1.,0.));
#5824=DIRECTION('center_axis',(0.,1.,0.));
#5825=DIRECTION('ref_axis',(-0.707106781186548,0.,0.707106781186548));
#5826=DIRECTION('center_axis',(0.,0.,-1.));
#5827=DIRECTION('ref_axis',(-1.,0.,0.));
#5828=DIRECTION('',(0.,-1.,0.));
#5829=DIRECTION('',(0.707106781186548,-0.707106781186547,0.));
#5830=DIRECTION('',(0.,1.,0.));
#5831=DIRECTION('',(1.,0.,0.));
#5832=DIRECTION('center_axis',(-0.707106781186547,0.707106781186548,-2.2679113292099E-16));
#5833=DIRECTION('ref_axis',(-3.20731096002823E-16,0.,1.));
#5834=DIRECTION('center_axis',(-0.707106781186547,0.707106781186548,-2.2679113292099E-16));
#5835=DIRECTION('ref_axis',(-0.707106781186548,-0.707106781186547,-1.96261557335472E-16));
#5836=DIRECTION('',(-3.20731096002823E-16,0.,1.));
#5837=DIRECTION('',(0.707106781186548,0.707106781186547,0.));
#5838=DIRECTION('',(3.20731096002823E-16,0.,-1.));
#5839=DIRECTION('center_axis',(0.,-1.,0.));
#5840=DIRECTION('ref_axis',(-0.707106781186547,0.,0.707106781186547));
#5841=DIRECTION('center_axis',(0.,1.,0.));
#5842=DIRECTION('ref_axis',(-0.707106781186548,0.,0.707106781186548));
#5843=DIRECTION('',(0.,0.707106781186555,-0.70710678118654));
#5844=DIRECTION('center_axis',(0.,-1.,0.));
#5845=DIRECTION('ref_axis',(-0.707106781186548,0.,0.707106781186548));
#5846=DIRECTION('center_axis',(0.,0.707106781186548,0.707106781186547));
#5847=DIRECTION('ref_axis',(1.,0.,0.));
#5848=DIRECTION('',(0.,0.707106781186547,-0.707106781186548));
#5849=DIRECTION('',(-1.,0.,0.));
#5850=DIRECTION('',(1.,0.,0.));
#5851=DIRECTION('center_axis',(0.,1.,0.));
#5852=DIRECTION('ref_axis',(0.707106781186549,0.,-0.707106781186546));
#5853=DIRECTION('center_axis',(0.,-1.,0.));
#5854=DIRECTION('ref_axis',(0.707106781186549,0.,-0.707106781186546));
#5855=DIRECTION('',(0.707106781186546,0.707106781186549,0.));
#5856=DIRECTION('center_axis',(0.,1.,0.));
#5857=DIRECTION('ref_axis',(0.707106781186549,0.,-0.707106781186546));
#5858=DIRECTION('center_axis',(-0.707106781186547,0.707106781186548,0.));
#5859=DIRECTION('ref_axis',(0.,0.,1.));
#5860=DIRECTION('',(0.707106781186548,0.707106781186547,0.));
#5861=DIRECTION('',(0.,0.,-1.));
#5862=DIRECTION('',(0.,0.,1.));
#5863=DIRECTION('center_axis',(0.,1.,0.));
#5864=DIRECTION('ref_axis',(0.707106781186546,0.,0.707106781186549));
#5865=DIRECTION('center_axis',(0.,-1.,0.));
#5866=DIRECTION('ref_axis',(0.707106781186546,0.,0.707106781186549));
#5867=DIRECTION('',(-3.92523114670943E-15,0.707106781186547,0.707106781186548));
#5868=DIRECTION('center_axis',(0.,1.,0.));
#5869=DIRECTION('ref_axis',(0.707106781186546,0.,0.707106781186549));
#5870=DIRECTION('center_axis',(0.,0.707106781186548,-0.707106781186547));
#5871=DIRECTION('ref_axis',(-1.,0.,0.));
#5872=DIRECTION('',(0.,0.707106781186547,0.707106781186548));
#5873=DIRECTION('',(1.,0.,0.));
#5874=DIRECTION('',(-1.,0.,0.));
#5875=DIRECTION('center_axis',(0.,-1.,0.));
#5876=DIRECTION('ref_axis',(-0.707106781186546,0.,-0.707106781186549));
#5877=DIRECTION('center_axis',(0.,1.,0.));
#5878=DIRECTION('ref_axis',(-0.707106781186546,0.,-0.707106781186549));
#5879=DIRECTION('',(0.70710678118655,0.707106781186545,0.));
#5880=DIRECTION('center_axis',(0.,-1.,0.));
#5881=DIRECTION('ref_axis',(-0.707106781186546,0.,-0.707106781186549));
#5882=DIRECTION('center_axis',(-0.707106781186547,0.707106781186548,-2.2679113292099E-16));
#5883=DIRECTION('ref_axis',(-3.20731096002823E-16,0.,1.));
#5884=DIRECTION('',(0.707106781186548,0.707106781186547,0.));
#5885=DIRECTION('',(3.20731096002823E-16,0.,-1.));
#5886=DIRECTION('',(-3.20731096002823E-16,0.,1.));
#5887=DIRECTION('center_axis',(0.,1.,0.));
#5888=DIRECTION('ref_axis',(0.983727450969366,0.,0.179667198479061));
#5889=DIRECTION('center_axis',(0.,-1.,0.));
#5890=DIRECTION('ref_axis',(0.983727450969366,0.,0.179667198479061));
#5891=DIRECTION('',(0.661455540004634,0.707106781186548,0.249953132801288));
#5892=DIRECTION('center_axis',(0.,1.,0.));
#5893=DIRECTION('ref_axis',(0.983727450969366,0.,0.179667198479061));
#5894=DIRECTION('center_axis',(0.,-1.,0.));
#5895=DIRECTION('ref_axis',(-0.870878791162743,0.,-0.491497844453991));
#5896=DIRECTION('center_axis',(0.,1.,0.));
#5897=DIRECTION('ref_axis',(-0.870878791162743,0.,-0.491497844453991));
#5898=DIRECTION('',(3.92523114670943E-15,0.707106781186547,-0.707106781186548));
#5899=DIRECTION('center_axis',(0.,-1.,0.));
#5900=DIRECTION('ref_axis',(-0.870878791162743,0.,-0.491497844453991));
#5901=DIRECTION('center_axis',(0.,0.707106781186548,0.707106781186547));
#5902=DIRECTION('ref_axis',(1.,0.,0.));
#5903=DIRECTION('',(0.,0.707106781186547,-0.707106781186548));
#5904=DIRECTION('',(-1.,0.,0.));
#5905=DIRECTION('',(1.,0.,0.));
#5906=DIRECTION('center_axis',(0.,1.,0.));
#5907=DIRECTION('ref_axis',(0.707106781186549,0.,-0.707106781186546));
#5908=DIRECTION('center_axis',(0.,-1.,0.));
#5909=DIRECTION('ref_axis',(0.707106781186549,0.,-0.707106781186546));
#5910=DIRECTION('',(0.707106781186546,0.707106781186549,0.));
#5911=DIRECTION('center_axis',(0.,1.,0.));
#5912=DIRECTION('ref_axis',(0.707106781186549,0.,-0.707106781186546));
#5913=DIRECTION('center_axis',(-0.707106781186547,0.707106781186548,0.));
#5914=DIRECTION('ref_axis',(0.,0.,1.));
#5915=DIRECTION('',(0.707106781186548,0.707106781186547,0.));
#5916=DIRECTION('',(0.,0.,-1.));
#5917=DIRECTION('',(0.,0.,1.));
#5918=DIRECTION('center_axis',(0.,1.,0.));
#5919=DIRECTION('ref_axis',(0.707106781186557,0.,0.707106781186538));
#5920=DIRECTION('center_axis',(0.,-1.,0.));
#5921=DIRECTION('ref_axis',(0.707106781186557,0.,0.707106781186538));
#5922=DIRECTION('',(1.96261557335472E-14,0.707106781186547,0.707106781186548));
#5923=DIRECTION('center_axis',(0.,1.,0.));
#5924=DIRECTION('ref_axis',(0.707106781186557,0.,0.707106781186538));
#5925=DIRECTION('center_axis',(-2.03188435829664E-14,0.707106781186552,
-0.707106781186543));
#5926=DIRECTION('ref_axis',(-1.,0.,2.87351841667688E-14));
#5927=DIRECTION('',(2.35513868802565E-14,0.707106781186543,0.707106781186552));
#5928=DIRECTION('',(1.,0.,-2.87351841667688E-14));
#5929=DIRECTION('',(-1.,0.,2.87351841667688E-14));
#5930=DIRECTION('center_axis',(0.,-1.,0.));
#5931=DIRECTION('ref_axis',(-0.252097753171821,0.,-0.96770177371219));
#5932=DIRECTION('center_axis',(0.,1.,0.));
#5933=DIRECTION('ref_axis',(-0.252097753171821,0.,-0.967701773712191));
#5934=DIRECTION('',(0.345005095954317,0.707106781186549,0.617228874701719));
#5935=DIRECTION('center_axis',(0.,-1.,0.));
#5936=DIRECTION('ref_axis',(-0.252097753171821,0.,-0.96770177371219));
#5937=DIRECTION('center_axis',(-0.345005095954322,0.707106781186544,-0.617228874701722));
#5938=DIRECTION('ref_axis',(-0.872893445691455,0.,0.487910885786431));
#5939=DIRECTION('center_axis',(-0.345005095954322,0.707106781186544,-0.617228874701722));
#5940=DIRECTION('ref_axis',(-0.345005095954319,-0.707106781186551,-0.617228874701716));
#5941=DIRECTION('',(0.872893445691455,0.,-0.487910885786431));
#5942=DIRECTION('',(-0.872893445691455,0.,0.487910885786431));
#5943=DIRECTION('center_axis',(-0.487910885786431,0.,-0.872893445691455));
#5944=DIRECTION('ref_axis',(-0.872893445691455,0.,0.487910885786431));
#5945=DIRECTION('',(0.,1.,0.));
#5946=DIRECTION('',(-0.730742552716001,0.546973721664137,0.408454488846659));
#5947=DIRECTION('',(0.,1.,0.));
#5948=DIRECTION('',(0.,1.,0.));
#5949=DIRECTION('',(0.872893445691455,0.,-0.487910885786431));
#5950=DIRECTION('',(0.,-1.,0.));
#5951=DIRECTION('center_axis',(0.,-1.,0.));
#5952=DIRECTION('ref_axis',(-0.252097753171821,0.,-0.967701773712191));
#5953=DIRECTION('',(0.,-1.,0.));
#5954=DIRECTION('center_axis',(0.,-1.,0.));
#5955=DIRECTION('ref_axis',(-0.252097753171821,0.,-0.967701773712191));
#5956=DIRECTION('center_axis',(2.87351841667688E-14,0.,1.));
#5957=DIRECTION('ref_axis',(1.,0.,-2.87351841667688E-14));
#5958=DIRECTION('',(0.,1.,0.));
#5959=DIRECTION('',(1.,0.,-2.87351841667688E-14));
#5960=DIRECTION('center_axis',(0.,1.,0.));
#5961=DIRECTION('ref_axis',(0.707106781186557,0.,0.707106781186538));
#5962=DIRECTION('',(0.,-1.,0.));
#5963=DIRECTION('center_axis',(0.,1.,0.));
#5964=DIRECTION('ref_axis',(0.707106781186557,0.,0.707106781186538));
#5965=DIRECTION('center_axis',(1.,0.,0.));
#5966=DIRECTION('ref_axis',(0.,0.,-1.));
#5967=DIRECTION('',(0.,1.,0.));
#5968=DIRECTION('',(0.,0.,-1.));
#5969=DIRECTION('center_axis',(0.,1.,0.));
#5970=DIRECTION('ref_axis',(0.707106781186549,0.,-0.707106781186546));
#5971=DIRECTION('',(0.,-1.,0.));
#5972=DIRECTION('center_axis',(0.,1.,0.));
#5973=DIRECTION('ref_axis',(0.707106781186549,0.,-0.707106781186546));
#5974=DIRECTION('center_axis',(0.,0.,-1.));
#5975=DIRECTION('ref_axis',(-1.,0.,0.));
#5976=DIRECTION('',(0.,1.,0.));
#5977=DIRECTION('',(-1.,0.,0.));
#5978=DIRECTION('center_axis',(0.,1.,0.));
#5979=DIRECTION('ref_axis',(-0.870878791162743,0.,-0.491497844453991));
#5980=DIRECTION('',(0.,1.,0.));
#5981=DIRECTION('center_axis',(0.,-1.,0.));
#5982=DIRECTION('ref_axis',(-0.870878791162743,0.,-0.491497844453991));
#5983=DIRECTION('center_axis',(0.,1.,0.));
#5984=DIRECTION('ref_axis',(0.983727450969366,0.,0.179667198479061));
#5985=DIRECTION('',(0.,-1.,0.));
#5986=DIRECTION('center_axis',(0.,1.,0.));
#5987=DIRECTION('ref_axis',(0.983727450969366,0.,0.179667198479061));
#5988=DIRECTION('center_axis',(-1.,0.,-3.20731096002823E-16));
#5989=DIRECTION('ref_axis',(-3.20731096002823E-16,0.,1.));
#5990=DIRECTION('',(0.,1.,0.));
#5991=DIRECTION('',(3.20731096002823E-16,0.,-1.));
#5992=DIRECTION('center_axis',(0.,-1.,0.));
#5993=DIRECTION('ref_axis',(-0.707106781186546,0.,-0.707106781186549));
#5994=DIRECTION('',(0.,-1.,0.));
#5995=DIRECTION('center_axis',(0.,-1.,0.));
#5996=DIRECTION('ref_axis',(-0.707106781186546,0.,-0.707106781186549));
#5997=DIRECTION('center_axis',(0.,0.,1.));
#5998=DIRECTION('ref_axis',(1.,0.,0.));
#5999=DIRECTION('',(0.,1.,0.));
#6000=DIRECTION('',(1.,0.,0.));
#6001=DIRECTION('center_axis',(0.,1.,0.));
#6002=DIRECTION('ref_axis',(0.707106781186546,0.,0.707106781186549));
#6003=DIRECTION('',(0.,-1.,0.));
#6004=DIRECTION('center_axis',(0.,1.,0.));
#6005=DIRECTION('ref_axis',(0.707106781186546,0.,0.707106781186549));
#6006=DIRECTION('center_axis',(1.,0.,0.));
#6007=DIRECTION('ref_axis',(0.,0.,-1.));
#6008=DIRECTION('',(0.,1.,0.));
#6009=DIRECTION('',(0.,0.,-1.));
#6010=DIRECTION('center_axis',(0.,1.,0.));
#6011=DIRECTION('ref_axis',(0.707106781186549,0.,-0.707106781186546));
#6012=DIRECTION('',(0.,-1.,0.));
#6013=DIRECTION('center_axis',(0.,1.,0.));
#6014=DIRECTION('ref_axis',(0.707106781186549,0.,-0.707106781186546));
#6015=DIRECTION('center_axis',(0.,0.,-1.));
#6016=DIRECTION('ref_axis',(-1.,0.,0.));
#6017=DIRECTION('',(0.,1.,0.));
#6018=DIRECTION('',(-1.,0.,0.));
#6019=DIRECTION('center_axis',(0.,1.,0.));
#6020=DIRECTION('ref_axis',(-0.707106781186548,0.,0.707106781186548));
#6021=DIRECTION('',(0.,-1.,0.));
#6022=DIRECTION('center_axis',(0.,-1.,0.));
#6023=DIRECTION('ref_axis',(-0.707106781186548,0.,0.707106781186548));
#6024=DIRECTION('center_axis',(-1.,0.,-3.20731096002823E-16));
#6025=DIRECTION('ref_axis',(-3.20731096002823E-16,0.,1.));
#6026=DIRECTION('',(0.,-1.,0.));
#6027=DIRECTION('',(-3.20731096002823E-16,0.,1.));
#6028=DIRECTION('',(0.,1.,0.));
#6029=DIRECTION('',(3.20731096002823E-16,0.,-1.));
#6030=DIRECTION('center_axis',(-0.707106781186548,-0.707106781186548,-1.39563774105224E-16));
#6031=DIRECTION('ref_axis',(-1.97372982155583E-16,0.,1.));
#6032=DIRECTION('',(-0.707106781186548,0.707106781186548,0.));
#6033=DIRECTION('',(0.707106781186548,-0.707106781186548,0.));
#6034=DIRECTION('',(-1.97372982155583E-16,0.,1.));
#6035=DIRECTION('center_axis',(0.,-1.,0.));
#6036=DIRECTION('ref_axis',(0.707106781186554,0.,0.707106781186541));
#6037=DIRECTION('',(0.,0.707106781186548,-0.707106781186548));
#6038=DIRECTION('center_axis',(0.,1.,0.));
#6039=DIRECTION('ref_axis',(0.707106781186554,0.,0.707106781186541));
#6040=DIRECTION('center_axis',(0.,-1.,0.));
#6041=DIRECTION('ref_axis',(0.707106781186554,0.,0.707106781186541));
#6042=DIRECTION('center_axis',(0.,-0.707106781186548,-0.707106781186547));
#6043=DIRECTION('ref_axis',(-1.,0.,0.));
#6044=DIRECTION('',(-1.,0.,0.));
#6045=DIRECTION('',(0.,0.707106781186547,-0.707106781186548));
#6046=DIRECTION('',(1.,0.,0.));
#6047=DIRECTION('center_axis',(0.,1.,0.));
#6048=DIRECTION('ref_axis',(-0.707106781186549,0.,-0.707106781186546));
#6049=DIRECTION('',(-0.70710678118655,0.707106781186545,0.));
#6050=DIRECTION('center_axis',(0.,-1.,0.));
#6051=DIRECTION('ref_axis',(-0.707106781186549,0.,-0.707106781186546));
#6052=DIRECTION('center_axis',(0.,1.,0.));
#6053=DIRECTION('ref_axis',(-0.707106781186549,0.,-0.707106781186546));
#6054=DIRECTION('center_axis',(-0.707106781186547,-0.707106781186548,-2.2679113292099E-16));
#6055=DIRECTION('ref_axis',(-3.20731096002823E-16,0.,1.));
#6056=DIRECTION('',(-3.20731096002823E-16,0.,1.));
#6057=DIRECTION('',(-0.707106781186546,0.707106781186549,0.));
#6058=DIRECTION('center_axis',(0.,1.,0.));
#6059=DIRECTION('ref_axis',(-0.707106781186547,0.,0.707106781186547));
#6060=DIRECTION('',(0.,0.707106781186555,0.70710678118654));
#6061=DIRECTION('center_axis',(0.,1.,0.));
#6062=DIRECTION('ref_axis',(-0.707106781186548,0.,0.707106781186548));
#6063=DIRECTION('center_axis',(0.,-0.707106781186548,0.707106781186547));
#6064=DIRECTION('ref_axis',(1.,0.,0.));
#6065=DIRECTION('',(1.,0.,0.));
#6066=DIRECTION('',(0.,0.707106781186547,0.707106781186548));
#6067=DIRECTION('center_axis',(0.,-1.,0.));
#6068=DIRECTION('ref_axis',(0.707106781186549,0.,-0.707106781186546));
#6069=DIRECTION('',(-0.707106781186546,0.707106781186549,0.));
#6070=DIRECTION('center_axis',(0.,-1.,0.));
#6071=DIRECTION('ref_axis',(0.707106781186549,0.,-0.707106781186546));
#6072=DIRECTION('center_axis',(-0.707106781186547,-0.707106781186548,0.));
#6073=DIRECTION('ref_axis',(0.,0.,1.));
#6074=DIRECTION('',(0.,0.,1.));
#6075=DIRECTION('',(-0.707106781186548,0.707106781186547,0.));
#6076=DIRECTION('center_axis',(0.,-1.,0.));
#6077=DIRECTION('ref_axis',(0.707106781186546,0.,0.707106781186549));
#6078=DIRECTION('',(3.92523114670943E-15,0.707106781186547,-0.707106781186548));
#6079=DIRECTION('center_axis',(0.,-1.,0.));
#6080=DIRECTION('ref_axis',(0.707106781186546,0.,0.707106781186549));
#6081=DIRECTION('center_axis',(0.,-0.707106781186548,-0.707106781186547));
#6082=DIRECTION('ref_axis',(-1.,0.,0.));
#6083=DIRECTION('',(-1.,0.,0.));
#6084=DIRECTION('',(0.,0.707106781186547,-0.707106781186548));
#6085=DIRECTION('center_axis',(0.,1.,0.));
#6086=DIRECTION('ref_axis',(-0.707106781186546,0.,-0.707106781186549));
#6087=DIRECTION('',(-0.70710678118655,0.707106781186545,0.));
#6088=DIRECTION('center_axis',(0.,1.,0.));
#6089=DIRECTION('ref_axis',(-0.707106781186546,0.,-0.707106781186549));
#6090=DIRECTION('center_axis',(-0.707106781186547,-0.707106781186548,-2.2679113292099E-16));
#6091=DIRECTION('ref_axis',(-3.20731096002823E-16,0.,1.));
#6092=DIRECTION('',(-3.20731096002823E-16,0.,1.));
#6093=DIRECTION('',(-0.707106781186546,0.707106781186549,0.));
#6094=DIRECTION('center_axis',(0.,-1.,0.));
#6095=DIRECTION('ref_axis',(0.983727450969366,0.,0.179667198479061));
#6096=DIRECTION('',(-0.661455540004634,0.707106781186548,-0.249953132801288));
#6097=DIRECTION('center_axis',(0.,-1.,0.));
#6098=DIRECTION('ref_axis',(0.983727450969366,0.,0.179667198479061));
#6099=DIRECTION('center_axis',(0.,1.,0.));
#6100=DIRECTION('ref_axis',(-0.870878791162743,0.,-0.491497844453991));
#6101=DIRECTION('',(-3.92523114670943E-15,0.707106781186547,0.707106781186548));
#6102=DIRECTION('center_axis',(0.,1.,0.));
#6103=DIRECTION('ref_axis',(-0.870878791162743,0.,-0.491497844453991));
#6104=DIRECTION('center_axis',(0.,-0.707106781186548,0.707106781186547));
#6105=DIRECTION('ref_axis',(1.,0.,0.));
#6106=DIRECTION('',(1.,0.,0.));
#6107=DIRECTION('',(0.,0.707106781186547,0.707106781186548));
#6108=DIRECTION('center_axis',(0.,-1.,0.));
#6109=DIRECTION('ref_axis',(0.707106781186549,0.,-0.707106781186546));
#6110=DIRECTION('',(-0.707106781186546,0.707106781186549,0.));
#6111=DIRECTION('center_axis',(0.,-1.,0.));
#6112=DIRECTION('ref_axis',(0.707106781186549,0.,-0.707106781186546));
#6113=DIRECTION('center_axis',(-0.707106781186547,-0.707106781186548,0.));
#6114=DIRECTION('ref_axis',(0.,0.,1.));
#6115=DIRECTION('',(0.,0.,1.));
#6116=DIRECTION('',(-0.707106781186548,0.707106781186547,0.));
#6117=DIRECTION('center_axis',(0.,-1.,0.));
#6118=DIRECTION('ref_axis',(0.707106781186557,0.,0.707106781186538));
#6119=DIRECTION('',(-1.96261557335472E-14,0.707106781186547,-0.707106781186548));
#6120=DIRECTION('center_axis',(0.,-1.,0.));
#6121=DIRECTION('ref_axis',(0.707106781186557,0.,0.707106781186538));
#6122=DIRECTION('center_axis',(-2.03188435829665E-14,-0.707106781186548,
-0.707106781186547));
#6123=DIRECTION('ref_axis',(-1.,0.,2.87351841667688E-14));
#6124=DIRECTION('',(-1.,0.,2.87351841667688E-14));
#6125=DIRECTION('',(-1.57009245868378E-14,0.707106781186549,-0.707106781186546));
#6126=DIRECTION('center_axis',(0.,1.,0.));
#6127=DIRECTION('ref_axis',(-0.252097753171821,0.,-0.96770177371219));
#6128=DIRECTION('',(-0.345005095954317,0.707106781186549,-0.617228874701719));
#6129=DIRECTION('center_axis',(0.,1.,0.));
#6130=DIRECTION('ref_axis',(-0.252097753171821,0.,-0.96770177371219));
#6131=DIRECTION('center_axis',(-0.345005095954322,-0.707106781186544,-0.617228874701722));
#6132=DIRECTION('ref_axis',(-0.872893445691455,0.,0.487910885786431));
#6133=DIRECTION('',(-0.872893445691455,0.,0.487910885786431));
#6134=DIRECTION('',(-0.34500509595431,0.707106781186551,-0.617228874701721));
#6135=DIRECTION('center_axis',(0.,1.,0.));
#6136=DIRECTION('ref_axis',(-0.761557324687773,0.,-0.648097555322038));
#6137=DIRECTION('',(-0.664463024388681,0.707106781186541,-0.241844762647975));
#6138=DIRECTION('center_axis',(0.,-1.,0.));
#6139=DIRECTION('ref_axis',(-0.761557324687773,0.,-0.648097555322038));
#6140=DIRECTION('center_axis',(0.,1.,0.));
#6141=DIRECTION('ref_axis',(-0.761557324687773,0.,-0.648097555322038));
#6142=DIRECTION('center_axis',(-0.664463024388676,-0.707106781186546,-0.241844762647976));
#6143=DIRECTION('ref_axis',(-0.342020143325669,0.,0.939692620785908));
#6144=DIRECTION('',(-0.342020143325669,0.,0.939692620785908));
#6145=DIRECTION('',(-0.664463024388664,0.707106781186557,-0.241844762647977));
#6146=DIRECTION('center_axis',(0.,1.,0.));
#6147=DIRECTION('ref_axis',(-0.937292217074816,0.,0.348544544945084));
#6148=DIRECTION('',(-0.345005095954322,0.707106781186544,0.617228874701722));
#6149=DIRECTION('center_axis',(0.,1.,0.));
#6150=DIRECTION('ref_axis',(-0.937292217074816,0.,0.348544544945083));
#6151=DIRECTION('center_axis',(-0.34500509595432,-0.707106781186549,0.617228874701717));
#6152=DIRECTION('ref_axis',(0.872893445691454,0.,0.487910885786432));
#6153=DIRECTION('',(0.872893445691454,0.,0.487910885786432));
#6154=DIRECTION('',(-0.345005095954326,0.707106781186545,0.617228874701719));
#6155=DIRECTION('center_axis',(0.,1.,0.));
#6156=DIRECTION('ref_axis',(-0.707106781186549,0.,0.707106781186546));
#6157=DIRECTION('',(0.,0.707106781186551,0.707106781186544));
#6158=DIRECTION('center_axis',(0.,1.,0.));
#6159=DIRECTION('ref_axis',(-0.707106781186549,0.,0.707106781186546));
#6160=DIRECTION('center_axis',(0.,-0.707106781186548,0.707106781186547));
#6161=DIRECTION('ref_axis',(1.,0.,0.));
#6162=DIRECTION('',(1.,0.,0.));
#6163=DIRECTION('',(0.,0.707106781186547,0.707106781186548));
#6164=DIRECTION('center_axis',(0.,1.,0.));
#6165=DIRECTION('ref_axis',(0.707106781186547,0.,0.707106781186547));
#6166=DIRECTION('',(0.70710678118655,0.707106781186545,0.));
#6167=DIRECTION('center_axis',(0.,-1.,0.));
#6168=DIRECTION('ref_axis',(0.707106781186548,0.,0.707106781186548));
#6169=DIRECTION('center_axis',(0.,1.,0.));
#6170=DIRECTION('ref_axis',(0.707106781186547,0.,0.707106781186547));
#6171=DIRECTION('center_axis',(0.707106781283691,-0.707106781089404,1.39563774124398E-16));
#6172=DIRECTION('ref_axis',(1.97372982155583E-16,0.,-1.));
#6173=DIRECTION('',(0.707106781089404,0.707106781283691,0.));
#6174=DIRECTION('',(1.97372982155583E-16,0.,-1.));
#6175=DIRECTION('center_axis',(0.,1.,0.));
#6176=DIRECTION('ref_axis',(0.707106781186541,2.61682076447295E-15,-0.707106781186554));
#6177=DIRECTION('',(0.,0.707106781186698,-0.707106781186397));
#6178=DIRECTION('center_axis',(0.,-1.,0.));
#6179=DIRECTION('ref_axis',(0.707106781186541,3.14018491736753E-15,-0.707106781186554));
#6180=DIRECTION('center_axis',(0.,1.,0.));
#6181=DIRECTION('ref_axis',(0.707106781186541,0.,-0.707106781186554));
#6182=DIRECTION('center_axis',(0.,-0.707106781186548,-0.707106781186547));
#6183=DIRECTION('ref_axis',(-1.,0.,0.));
#6184=DIRECTION('',(0.,0.707106781186555,-0.70710678118654));
#6185=DIRECTION('',(1.,0.,0.));
#6186=DIRECTION('',(-1.,0.,0.));
#6187=DIRECTION('center_axis',(0.,1.,0.));
#6188=DIRECTION('ref_axis',(-0.707106781186557,2.61682076447297E-15,-0.707106781186538));
#6189=DIRECTION('center_axis',(0.,-1.,0.));
#6190=DIRECTION('ref_axis',(-0.707106781186557,3.14018491736757E-15,-0.707106781186538));
#6191=DIRECTION('center_axis',(0.,1.,0.));
#6192=DIRECTION('ref_axis',(-0.707106781186557,0.,-0.707106781186538));
#6193=DIRECTION('center_axis',(0.,1.,0.));
#6194=DIRECTION('ref_axis',(-0.761557324687773,0.,-0.648097555322038));
#6195=DIRECTION('center_axis',(0.,1.,0.));
#6196=DIRECTION('ref_axis',(0.707106781186548,0.,0.707106781186548));
#6197=DIRECTION('center_axis',(0.,-0.953716950748227,-0.300705799504274));
#6198=DIRECTION('ref_axis',(0.,-0.300705799504274,0.953716950748227));
#6199=DIRECTION('center_axis',(-2.69696035972995E-31,1.,1.36642833800019E-15));
#6200=DIRECTION('ref_axis',(0.707106781186541,3.14018491736753E-15,-0.707106781186554));
#6201=DIRECTION('',(-2.69696035972995E-31,1.,1.36642833800019E-15));
#6202=DIRECTION('center_axis',(0.,0.923879532511286,0.382683432365092));
#6203=DIRECTION('ref_axis',(-3.64697716968519E-16,-0.382683432365091,0.923879532511286));
#6204=DIRECTION('center_axis',(0.,1.36642833800019E-15,-1.));
#6205=DIRECTION('ref_axis',(2.69696035972995E-31,-1.,-1.36642833800019E-15));
#6206=DIRECTION('',(2.69696035972995E-31,-1.,-1.36642833800019E-15));
#6207=DIRECTION('',(-1.,0.,0.));
#6208=DIRECTION('center_axis',(2.69696035972995E-31,-1.,-1.36642833800019E-15));
#6209=DIRECTION('ref_axis',(-0.707106781186557,3.14018491736757E-15,-0.707106781186538));
#6210=DIRECTION('center_axis',(0.,-0.923879532511287,-0.38268343236509));
#6211=DIRECTION('ref_axis',(-7.04749704752567E-31,0.38268343236509,-0.923879532511287));
#6212=DIRECTION('center_axis',(0.,1.,0.));
#6213=DIRECTION('ref_axis',(0.,0.,1.));
#6214=DIRECTION('',(1.,0.,0.));
#6215=DIRECTION('center_axis',(0.,-1.,0.));
#6216=DIRECTION('ref_axis',(0.70710678118655,0.,0.707106781186545));
#6217=DIRECTION('',(0.,0.,-1.));
#6218=DIRECTION('center_axis',(0.,-1.,0.));
#6219=DIRECTION('ref_axis',(0.707106781186548,0.,-0.707106781186548));
#6220=DIRECTION('',(-1.,0.,0.));
#6221=DIRECTION('center_axis',(0.,-1.,0.));
#6222=DIRECTION('ref_axis',(-0.707106781186548,0.,-0.707106781186548));
#6223=DIRECTION('',(0.,0.,1.));
#6224=DIRECTION('center_axis',(0.,-1.,0.));
#6225=DIRECTION('ref_axis',(-0.707106781186548,0.,0.707106781186548));
#6226=DIRECTION('center_axis',(0.,1.,0.));
#6227=DIRECTION('ref_axis',(1.,0.,0.));
#6228=DIRECTION('center_axis',(1.51196476202106E-16,-0.642787609686539,
-0.766044443118978));
#6229=DIRECTION('ref_axis',(0.707106781186502,0.541675220419737,-0.454519477672072));
#6230=DIRECTION('center_axis',(0.,0.906307787036652,0.422618261740696));
#6231=DIRECTION('ref_axis',(-6.28877357853225E-17,0.422618261740696,-0.906307787036652));
#6232=DIRECTION('center_axis',(-0.707106781186549,-0.707106781186546,-7.43445488983599E-16));
#6233=DIRECTION('ref_axis',(0.360817926620985,-0.360817926620986,-0.860012120645905));
#6234=DIRECTION('',(-1.51196476202106E-16,0.642787609686539,0.766044443118978));
#6235=DIRECTION('center_axis',(0.,0.923879532511282,0.382683432365102));
#6236=DIRECTION('ref_axis',(0.,-0.382683432365102,0.923879532511282));
#6237=DIRECTION('center_axis',(0.,0.923879532511282,0.382683432365102));
#6238=DIRECTION('ref_axis',(5.31079947192867E-17,-0.382683432365102,0.923879532511282));
#6239=DIRECTION('',(1.,0.,0.));
#6240=DIRECTION('center_axis',(0.,0.923879532511282,0.382683432365102));
#6241=DIRECTION('ref_axis',(-1.85877981517503E-16,-0.382683432365102,0.923879532511282));
#6242=DIRECTION('',(-0.357406744336604,0.357406744336603,-0.862856209461008));
#6243=DIRECTION('',(-1.,0.,0.));
#6244=DIRECTION('',(-0.357406744336604,-0.357406744336603,0.862856209461008));
#6245=DIRECTION('center_axis',(0.,0.707106781186548,0.707106781186548));
#6246=DIRECTION('ref_axis',(1.,0.,0.));
#6247=DIRECTION('',(0.,0.707106781186547,-0.707106781186547));
#6248=DIRECTION('',(1.,0.,0.));
#6249=DIRECTION('',(-1.39563774105224E-16,-0.707106781186548,0.707106781186548));
#6250=DIRECTION('center_axis',(0.,-0.707106781186548,0.707106781186548));
#6251=DIRECTION('ref_axis',(-0.70710678118655,0.499999999999998,0.499999999999998));
#6252=DIRECTION('center_axis',(-0.707106781186546,0.707106781186549,0.));
#6253=DIRECTION('ref_axis',(-0.408248290463863,-0.408248290463862,0.816496580927726));
#6254=DIRECTION('center_axis',(0.,0.92387953251128,-0.382683432365106));
#6255=DIRECTION('ref_axis',(0.,-0.382683432365105,-0.92387953251128));
#6256=DIRECTION('center_axis',(-0.707106781186546,0.707106781186549,0.));
#6257=DIRECTION('ref_axis',(0.,0.,1.));
#6258=DIRECTION('',(0.,0.,-1.));
#6259=DIRECTION('',(-0.577350269189628,-0.577350269189625,0.577350269189625));
#6260=DIRECTION('center_axis',(-0.707106781186548,0.707106781186548,4.64317940773151E-16));
#6261=DIRECTION('ref_axis',(6.56644729094538E-16,0.,1.));
#6262=DIRECTION('center_axis',(-0.707106781186548,0.707106781186548,4.64317940773151E-16));
#6263=DIRECTION('ref_axis',(-0.408248290463863,-0.408248290463863,-0.816496580927726));
#6264=DIRECTION('',(-0.540716203060979,-0.540716203060979,-0.644400477571701));
#6265=DIRECTION('',(1.97372982155583E-16,8.54017711250121E-16,-1.));
#6266=DIRECTION('',(-0.357406744336585,-0.357406744336584,-0.862856209461024));
#6267=DIRECTION('center_axis',(-1.39563774105224E-16,0.707106781186548,
0.707106781186548));
#6268=DIRECTION('ref_axis',(-0.707106781186552,0.499999999999994,-0.5));
#6269=DIRECTION('center_axis',(0.,0.923879532511291,-0.382683432365078));
#6270=DIRECTION('ref_axis',(1.32769986798225E-16,-0.382683432365078,-0.923879532511291));
#6271=DIRECTION('',(1.39563774105224E-16,-0.707106781186548,-0.707106781186548));
#6272=DIRECTION('center_axis',(0.,0.923879532511291,-0.382683432365078));
#6273=DIRECTION('ref_axis',(0.,0.382683432365078,0.923879532511291));
#6274=DIRECTION('',(1.,0.,0.));
#6275=DIRECTION('',(0.357406744336583,-0.357406744336584,-0.862856209461025));
#6276=DIRECTION('center_axis',(0.,0.923879532511291,-0.382683432365078));
#6277=DIRECTION('ref_axis',(1.32769986798225E-16,-0.382683432365079,-0.923879532511292));
#6278=DIRECTION('',(-1.,0.,0.));
#6279=DIRECTION('center_axis',(0.,0.707106781186548,-0.707106781186548));
#6280=DIRECTION('ref_axis',(-1.,0.,0.));
#6281=DIRECTION('',(-1.39563774105224E-16,0.707106781186548,0.707106781186548));
#6282=DIRECTION('center_axis',(1.39563774105224E-16,-0.707106781186548,
-0.707106781186548));
#6283=DIRECTION('ref_axis',(0.70710678118655,0.499999999999998,-0.499999999999998));
#6284=DIRECTION('center_axis',(0.707106781186549,0.707106781186546,7.43445488983599E-16));
#6285=DIRECTION('ref_axis',(0.408248290463863,-0.408248290463864,-0.816496580927725));
#6286=DIRECTION('center_axis',(0.707106781186549,0.707106781186546,7.43445488983599E-16));
#6287=DIRECTION('ref_axis',(1.0513906934057E-15,0.,-1.));
#6288=DIRECTION('',(-1.97372982155583E-16,-8.54017711250121E-16,1.));
#6289=DIRECTION('center_axis',(0.707106781186546,0.707106781186549,-3.11817427542338E-16));
#6290=DIRECTION('ref_axis',(-4.40976435014665E-16,0.,-1.));
#6291=DIRECTION('',(-0.707106781186551,0.707106781186544,0.));
#6292=DIRECTION('',(4.40976435014665E-16,0.,1.));
#6293=DIRECTION('',(0.707106781186551,-0.707106781186544,0.));
#6294=DIRECTION('',(-4.40976435014665E-16,0.,-1.));
#6295=DIRECTION('center_axis',(0.,1.,0.));
#6296=DIRECTION('ref_axis',(-0.707106781186541,0.,-0.707106781186554));
#6297=DIRECTION('center_axis',(0.,-1.,0.));
#6298=DIRECTION('ref_axis',(-0.707106781186541,0.,-0.707106781186554));
#6299=DIRECTION('',(0.,0.707106781186549,-0.707106781186546));
#6300=DIRECTION('center_axis',(0.,1.,0.));
#6301=DIRECTION('ref_axis',(-0.707106781186541,0.,-0.707106781186554));
#6302=DIRECTION('center_axis',(0.,0.707106781186546,0.707106781186549));
#6303=DIRECTION('ref_axis',(1.,0.,0.));
#6304=DIRECTION('',(1.58474665523113E-13,-0.707106781186549,0.707106781186546));
#6305=DIRECTION('',(-1.,0.,0.));
#6306=DIRECTION('',(1.,0.,0.));
#6307=DIRECTION('center_axis',(0.,0.707106781186546,0.707106781186549));
#6308=DIRECTION('ref_axis',(1.,0.,0.));
#6309=DIRECTION('',(0.,0.707106781186549,-0.707106781186546));
#6310=DIRECTION('',(-1.,0.,0.));
#6311=DIRECTION('',(0.,-0.707106781186549,0.707106781186546));
#6312=DIRECTION('',(1.,0.,0.));
#6313=DIRECTION('center_axis',(0.,0.707106781186546,-0.707106781186549));
#6314=DIRECTION('ref_axis',(-1.,0.,0.));
#6315=DIRECTION('center_axis',(0.,0.707106781186546,-0.707106781186549));
#6316=DIRECTION('ref_axis',(1.71724683979833E-13,0.707106781186549,0.707106781186546));
#6317=DIRECTION('',(-1.,0.,0.));
#6318=DIRECTION('',(0.,0.707106781186549,0.707106781186546));
#6319=DIRECTION('',(1.,0.,0.));
#6320=DIRECTION('center_axis',(0.,-1.,0.));
#6321=DIRECTION('ref_axis',(-0.707106781186549,0.,-0.707106781186546));
#6322=DIRECTION('center_axis',(0.,1.,0.));
#6323=DIRECTION('ref_axis',(-0.707106781186549,0.,-0.707106781186546));
#6324=DIRECTION('',(0.707106781186548,0.707106781186547,0.));
#6325=DIRECTION('center_axis',(0.,-1.,0.));
#6326=DIRECTION('ref_axis',(-0.707106781186549,0.,-0.707106781186546));
#6327=DIRECTION('center_axis',(-0.707106781186547,0.707106781186548,-2.2679113292099E-16));
#6328=DIRECTION('ref_axis',(-3.20731096002823E-16,0.,1.));
#6329=DIRECTION('',(0.707106781186549,0.707106781186546,0.));
#6330=DIRECTION('',(3.20731096002823E-16,0.,-1.));
#6331=DIRECTION('center_axis',(0.,-1.,0.));
#6332=DIRECTION('ref_axis',(-0.707106781186552,0.,0.707106781186543));
#6333=DIRECTION('center_axis',(0.,1.,0.));
#6334=DIRECTION('ref_axis',(-0.707106781186552,0.,0.707106781186543));
#6335=DIRECTION('center_axis',(0.,-1.,0.));
#6336=DIRECTION('ref_axis',(0.707106781186552,0.,0.707106781186543));
#6337=DIRECTION('center_axis',(0.,1.,0.));
#6338=DIRECTION('ref_axis',(0.707106781186552,0.,0.707106781186543));
#6339=DIRECTION('center_axis',(0.,1.,0.));
#6340=DIRECTION('ref_axis',(-0.707106781186541,0.,-0.707106781186554));
#6341=DIRECTION('',(0.,-1.,0.));
#6342=DIRECTION('center_axis',(0.,1.,0.));
#6343=DIRECTION('ref_axis',(-0.707106781186541,0.,-0.707106781186554));
#6344=DIRECTION('',(0.,1.,0.));
#6345=DIRECTION('center_axis',(1.,0.,-4.40976435014665E-16));
#6346=DIRECTION('ref_axis',(-4.40976435014665E-16,0.,-1.));
#6347=DIRECTION('',(0.,1.,0.));
#6348=DIRECTION('',(4.40976435014665E-16,0.,1.));
#6349=DIRECTION('center_axis',(0.,1.,0.));
#6350=DIRECTION('ref_axis',(0.707106781186554,0.,0.707106781186541));
#6351=DIRECTION('',(0.,-1.,0.));
#6352=DIRECTION('center_axis',(0.,-1.,0.));
#6353=DIRECTION('ref_axis',(0.707106781186554,0.,0.707106781186541));
#6354=DIRECTION('center_axis',(0.,0.,1.));
#6355=DIRECTION('ref_axis',(1.,0.,0.));
#6356=DIRECTION('',(0.,1.,0.));
#6357=DIRECTION('',(-1.,0.,0.));
#6358=DIRECTION('center_axis',(0.,1.,0.));
#6359=DIRECTION('ref_axis',(-0.707106781186557,0.,0.707106781186538));
#6360=DIRECTION('center_axis',(0.,-1.,0.));
#6361=DIRECTION('ref_axis',(-0.707106781186557,0.,0.707106781186538));
#6362=DIRECTION('center_axis',(0.,1.,0.));
#6363=DIRECTION('ref_axis',(-0.707106781186549,0.,-0.707106781186546));
#6364=DIRECTION('',(0.,-1.,0.));
#6365=DIRECTION('center_axis',(0.,0.,-1.));
#6366=DIRECTION('ref_axis',(-1.,0.,0.));
#6367=DIRECTION('center_axis',(0.,0.,1.));
#6368=DIRECTION('ref_axis',(2.65072559108517E-13,1.,0.));
#6369=DIRECTION('',(0.,1.,0.));
#6370=DIRECTION('center_axis',(0.,-1.,0.));
#6371=DIRECTION('ref_axis',(0.707106781186554,0.,0.707106781186541));
#6372=DIRECTION('center_axis',(0.,0.707106781186548,0.707106781186548));
#6373=DIRECTION('ref_axis',(1.,0.,0.));
#6374=DIRECTION('',(-1.,0.,0.));
#6375=DIRECTION('center_axis',(0.,0.707106781186548,0.707106781186548));
#6376=DIRECTION('ref_axis',(-4.9065389333868E-17,-0.707106781186547,0.707106781186547));
#6377=DIRECTION('center_axis',(0.,0.707106781186548,0.707106781186548));
#6378=DIRECTION('ref_axis',(0.816496580927726,-0.408248290463863,0.408248290463863));
#6379=DIRECTION('center_axis',(-0.707106781186548,0.707106781186548,0.));
#6380=DIRECTION('ref_axis',(-0.49999999999996,-0.499999999999961,0.707106781186604));
#6381=DIRECTION('center_axis',(-0.382683432382544,0.923879532504057,0.));
#6382=DIRECTION('ref_axis',(-0.923879532504057,-0.382683432382544,0.));
#6383=DIRECTION('',(0.707106781186548,-0.707106781186548,0.));
#6384=DIRECTION('center_axis',(0.382683432382543,-0.923879532504058,-1.81108530945497E-14));
#6385=DIRECTION('ref_axis',(-0.923879532504058,-0.382683432382543,4.37234671646724E-14));
#6386=DIRECTION('center_axis',(0.,1.,0.));
#6387=DIRECTION('ref_axis',(-0.707106781186551,0.,0.707106781186544));
#6388=DIRECTION('',(0.,-1.,0.));
#6389=DIRECTION('center_axis',(0.,1.,0.));
#6390=DIRECTION('ref_axis',(0.,0.,1.));
#6391=DIRECTION('',(-1.97372982155583E-16,0.,1.));
#6392=DIRECTION('',(1.,0.,-2.93451019725454E-16));
#6393=DIRECTION('',(2.22044604925031E-16,0.,1.));
#6394=DIRECTION('center_axis',(-2.07501205993975E-16,0.707106781186549,
-0.707106781186546));
#6395=DIRECTION('ref_axis',(-1.,0.,2.93451019725454E-16));
#6396=DIRECTION('',(1.57009245868378E-16,0.707106781186546,0.707106781186549));
#6397=DIRECTION('',(0.,-0.707106781186546,-0.707106781186549));
#6398=DIRECTION('',(-1.,0.,2.93451019725454E-16));
#6399=DIRECTION('center_axis',(-2.07501205993975E-16,0.707106781186549,
-0.707106781186546));
#6400=DIRECTION('ref_axis',(0.816496580927727,-0.408248290463862,-0.408248290463864));
#6401=DIRECTION('center_axis',(0.707106781186546,0.707106781186549,1.39563774105224E-16));
#6402=DIRECTION('ref_axis',(1.97372982155583E-16,0.,-1.));
#6403=DIRECTION('center_axis',(0.707106781186546,0.707106781186549,1.39563774105224E-16));
#6404=DIRECTION('ref_axis',(0.408248290463863,-0.408248290463862,0.816496580927727));
#6405=DIRECTION('',(-0.707106781186548,0.707106781186548,3.14018491736756E-15));
#6406=DIRECTION('center_axis',(0.,-1.,0.));
#6407=DIRECTION('ref_axis',(0.707106781186548,0.,-0.707106781186548));
#6408=DIRECTION('center_axis',(0.,1.,0.));
#6409=DIRECTION('ref_axis',(0.707106781186548,0.,-0.707106781186548));
#6410=DIRECTION('center_axis',(0.707106781186548,-0.707106781186548,-2.07501205993976E-16));
#6411=DIRECTION('ref_axis',(-0.500000000000038,-0.500000000000038,-0.707106781186494));
#6412=DIRECTION('',(0.707106781186548,-0.707106781186548,-2.07501205993976E-16));
#6413=DIRECTION('center_axis',(-0.382683432365091,0.923879532511286,-9.05542654730026E-15));
#6414=DIRECTION('ref_axis',(-0.923879532511286,-0.382683432365091,2.24039603654036E-14));
#6415=DIRECTION('',(-0.707106781186548,0.707106781186548,2.07501205993976E-16));
#6416=DIRECTION('center_axis',(1.,0.,-2.22044604925031E-16));
#6417=DIRECTION('ref_axis',(-6.93889390390829E-17,-1.,1.47196168001604E-16));
#6418=DIRECTION('center_axis',(-2.93451019725454E-16,0.,-1.));
#6419=DIRECTION('ref_axis',(-1.,0.,2.93451019725454E-16));
#6420=DIRECTION('',(0.,1.,0.));
#6421=DIRECTION('',(-1.,-1.8805869863404E-13,2.93451019725454E-16));
#6422=DIRECTION('',(0.,-1.,0.));
#6423=DIRECTION('center_axis',(0.,-1.,0.));
#6424=DIRECTION('ref_axis',(0.707106781186548,0.,-0.707106781186548));
#6425=DIRECTION('center_axis',(3.37120044966244E-32,-1.,-1.70803542250024E-16));
#6426=DIRECTION('ref_axis',(0.707106781186544,0.,0.707106781186551));
#6427=DIRECTION('',(3.37120044966244E-32,-1.,-1.70803542250024E-16));
#6428=DIRECTION('center_axis',(0.,0.953716950748222,0.30070579950429));
#6429=DIRECTION('ref_axis',(-1.12109592007199E-31,0.30070579950429,-0.953716950748222));
#6430=DIRECTION('center_axis',(-1.64113972635831E-14,-0.923879532511278,
0.382683432365111));
#6431=DIRECTION('ref_axis',(-3.96206178512323E-14,0.382683432365111,0.923879532511278));
#6432=DIRECTION('center_axis',(1.13208491736778E-16,-0.819152044288992,
-0.573576436351046));
#6433=DIRECTION('ref_axis',(0.707106781186549,-0.405579787672639,0.579227965339567));
#6434=DIRECTION('',(1.13208491736778E-16,-0.819152044288992,-0.573576436351046));
#6435=DIRECTION('center_axis',(1.39563774105224E-16,0.707106781186548,-0.707106781186548));
#6436=DIRECTION('ref_axis',(0.707106781186547,0.5,0.5));
#6437=DIRECTION('center_axis',(0.,-0.573576436351046,0.819152044288992));
#6438=DIRECTION('ref_axis',(-1.13208491736778E-16,0.819152044288992,0.573576436351046));
#6439=DIRECTION('',(-1.,0.,0.));
#6440=DIRECTION('',(0.,0.819152044288992,0.573576436351046));
#6441=DIRECTION('center_axis',(0.,-1.70803542250024E-16,1.));
#6442=DIRECTION('ref_axis',(-3.37120044966244E-32,1.,1.70803542250024E-16));
#6443=DIRECTION('',(0.,1.,1.70803542250024E-16));
#6444=DIRECTION('center_axis',(0.,1.,1.70803542250024E-16));
#6445=DIRECTION('ref_axis',(-0.707106781186544,0.,0.707106781186551));
#6446=DIRECTION('center_axis',(0.,0.953716950748227,0.300705799504274));
#6447=DIRECTION('ref_axis',(0.,-0.300705799504274,0.953716950748227));
#6448=DIRECTION('center_axis',(0.,0.819152044288992,0.573576436351046));
#6449=DIRECTION('ref_axis',(-0.707106781186551,-0.405579787672634,0.579227965339568));
#6450=DIRECTION('center_axis',(0.,1.,8.54017711250121E-16));
#6451=DIRECTION('ref_axis',(1.97372982155583E-16,8.54017711250121E-16,-1.));
#6452=DIRECTION('',(-1.,-1.91652745584264E-28,2.24413080735434E-13));
#6453=DIRECTION('center_axis',(-1.44249947748322E-13,0.766044443118978,
-0.642787609686539));
#6454=DIRECTION('ref_axis',(1.71683598756341E-13,0.642787609686539,0.766044443118978));
#6455=DIRECTION('',(-1.,0.,2.22044604925031E-13));
#6456=DIRECTION('center_axis',(-1.,0.,2.22044604925031E-13));
#6457=DIRECTION('ref_axis',(2.22044604925031E-13,0.,1.));
#6458=DIRECTION('',(-1.,0.,2.22044604925031E-13));
#6459=DIRECTION('center_axis',(0.,0.763561497295069,-0.645735115855188));
#6460=DIRECTION('ref_axis',(1.5070640978031E-16,-0.645735115855188,-0.763561497295069));
#6461=DIRECTION('center_axis',(0.,1.,0.));
#6462=DIRECTION('ref_axis',(0.906307787036652,0.,-0.422618261740695));
#6463=DIRECTION('',(0.,-1.,0.));
#6464=DIRECTION('center_axis',(0.,1.,0.));
#6465=DIRECTION('ref_axis',(0.906307787036652,0.,-0.422618261740695));
#6466=DIRECTION('',(0.,-1.,0.));
#6467=DIRECTION('',(0.,1.,0.));
#6468=DIRECTION('center_axis',(0.939692620785909,0.,0.342020143325668));
#6469=DIRECTION('ref_axis',(0.342020143325668,0.,-0.939692620785908));
#6470=DIRECTION('center_axis',(-0.939692620785909,0.,-0.342020143325668));
#6471=DIRECTION('ref_axis',(0.342020143325668,0.,-0.939692620785908));
#6472=DIRECTION('',(-0.422618261740694,8.65956056235499E-17,-0.906307787036652));
#6473=DIRECTION('center_axis',(-0.939692620785909,0.,-0.342020143325668));
#6474=DIRECTION('ref_axis',(-0.342020143325668,0.,0.939692620785908));
#6475=DIRECTION('center_axis',(-0.939692620785909,0.,-0.342020143325668));
#6476=DIRECTION('ref_axis',(0.342020143325668,0.,-0.939692620785908));
#6477=DIRECTION('center_axis',(-0.939692620785909,0.,-0.342020143325668));
#6478=DIRECTION('ref_axis',(-0.342020143325668,0.,0.939692620785909));
#6479=DIRECTION('center_axis',(-0.939692620785909,0.,-0.342020143325668));
#6480=DIRECTION('ref_axis',(0.342020143325668,0.,-0.939692620785908));
#6481=DIRECTION('center_axis',(-0.939692620785909,0.,-0.342020143325668));
#6482=DIRECTION('ref_axis',(0.342020143325668,0.,-0.939692620785908));
#6483=DIRECTION('',(0.342020143325668,0.,-0.939692620785909));
#6484=DIRECTION('center_axis',(-0.939692620785909,0.,-0.342020143325668));
#6485=DIRECTION('ref_axis',(0.342020143325668,0.,-0.939692620785909));
#6486=DIRECTION('',(0.,1.,0.));
#6487=DIRECTION('center_axis',(-0.939692620785909,0.,-0.342020143325668));
#6488=DIRECTION('ref_axis',(0.342020143325668,0.,-0.939692620785909));
#6489=DIRECTION('center_axis',(0.939692620785909,0.,0.342020143325669));
#6490=DIRECTION('ref_axis',(0.34202014332567,0.,-0.939692620785908));
#6491=DIRECTION('center_axis',(-0.304901678158543,-0.453074083603178,0.837710475894413));
#6492=DIRECTION('ref_axis',(0.939692620785908,0.,0.34202014332567));
#6493=DIRECTION('center_axis',(0.939692620785909,0.,0.342020143325669));
#6494=DIRECTION('ref_axis',(-0.268919209738109,0.617886671965006,0.738849456413037));
#6495=DIRECTION('center_axis',(0.0784784747225467,0.973319103521873,-0.215617837213437));
#6496=DIRECTION('ref_axis',(-0.33289473928817,0.229455709711869,0.914620779249457));
#6497=DIRECTION('center_axis',(-0.939692620785909,0.,-0.342020143325669));
#6498=DIRECTION('ref_axis',(-0.268919209738109,0.617886671965006,0.738849456413037));
#6499=DIRECTION('center_axis',(-0.0784784747225461,-0.973319103521873,0.215617837213436));
#6500=DIRECTION('ref_axis',(0.42907089681669,0.162249688319233,0.888579317869392));
#6501=DIRECTION('',(0.0784784747225461,0.973319103521873,-0.215617837213436));
#6502=DIRECTION('',(-0.0784784747225462,-0.973319103521873,0.215617837213436));
#6503=DIRECTION('center_axis',(0.0395036200670849,0.993307380301248,-0.108535304121136));
#6504=DIRECTION('ref_axis',(0.339731132577369,-0.115500858174613,-0.933403615441158));
#6505=DIRECTION('center_axis',(0.,-1.,0.));
#6506=DIRECTION('ref_axis',(0.422618261740707,0.,0.906307787036646));
#6507=DIRECTION('',(0.,1.,0.));
#6508=DIRECTION('',(0.,-1.,0.));
#6509=DIRECTION('center_axis',(-0.359604797490488,0.923879532511291,-0.130885442385865));
#6510=DIRECTION('ref_axis',(0.868162779195993,0.38268343236508,0.315985410125167));
#6511=DIRECTION('center_axis',(0.664463024388675,-0.707106781186548,0.241844762647975));
#6512=DIRECTION('ref_axis',(0.228001547744987,0.500000000000001,0.835473096051507));
#6513=DIRECTION('',(0.664463024388674,-0.707106781186548,0.241844762647975));
#6514=DIRECTION('',(-0.664463024388675,0.707106781186548,-0.241844762647975));
#6515=DIRECTION('center_axis',(0.939692620785909,0.,0.342020143325669));
#6516=DIRECTION('ref_axis',(-0.154960463011105,0.891472868217053,0.425750373031246));
#6517=DIRECTION('center_axis',(0.939692620785909,0.,0.342020143325669));
#6518=DIRECTION('ref_axis',(0.342020143325669,0.,-0.939692620785909));
#6519=DIRECTION('',(-0.342020143325669,0.,0.939692620785909));
#6520=DIRECTION('',(0.,-1.,0.));
#6521=DIRECTION('center_axis',(0.664463024388675,0.707106781186547,0.241844762647975));
#6522=DIRECTION('ref_axis',(0.342020143325669,0.,-0.939692620785909));
#6523=DIRECTION('',(0.454317308466604,-0.639156974284961,0.620543427529899));
#6524=DIRECTION('',(-0.730742552716001,0.546973721664137,0.408454488846659));
#6525=DIRECTION('center_axis',(0.664463024388675,0.707106781186547,0.241844762647975));
#6526=DIRECTION('ref_axis',(0.664463024388675,-0.707106781186548,0.241844762647975));
#6527=DIRECTION('center_axis',(0.,1.,0.));
#6528=DIRECTION('ref_axis',(0.422618261740706,0.,0.906307787036647));
#6529=DIRECTION('',(0.,-1.,0.));
#6530=DIRECTION('center_axis',(0.,1.,0.));
#6531=DIRECTION('ref_axis',(0.422618261740706,0.,0.906307787036647));
#6532=DIRECTION('',(0.,1.,0.));
#6533=DIRECTION('center_axis',(0.342020143325665,0.,-0.93969262078591));
#6534=DIRECTION('ref_axis',(-0.93969262078591,0.,-0.342020143325665));
#6535=DIRECTION('',(0.93969262078591,0.,0.342020143325665));
#6536=DIRECTION('',(0.,-1.,0.));
#6537=DIRECTION('center_axis',(0.,1.,0.));
#6538=DIRECTION('ref_axis',(-0.422618261740698,0.,-0.90630778703665));
#6539=DIRECTION('',(0.,-1.,0.));
#6540=DIRECTION('center_axis',(0.,1.,0.));
#6541=DIRECTION('ref_axis',(-0.422618261740698,0.,-0.90630778703665));
#6542=DIRECTION('',(0.,1.,0.));
#6543=DIRECTION('center_axis',(0.,1.,0.));
#6544=DIRECTION('ref_axis',(0.,0.,1.));
#6545=DIRECTION('',(-0.939692620785906,0.,-0.342020143325674));
#6546=DIRECTION('',(-0.342020143325669,0.,0.939692620785909));
#6547=DIRECTION('center_axis',(0.,1.,0.));
#6548=DIRECTION('ref_axis',(-0.906307787036651,0.,0.422618261740697));
#6549=DIRECTION('',(0.342020143325668,0.,-0.939692620785909));
#6550=DIRECTION('',(0.342020143325668,0.,-0.939692620785909));
#6551=DIRECTION('center_axis',(0.939692620785909,0.,0.342020143325669));
#6552=DIRECTION('ref_axis',(0.342020143325669,0.,-0.939692620785909));
#6553=DIRECTION('',(0.,1.,0.));
#6554=DIRECTION('center_axis',(0.,1.,0.));
#6555=DIRECTION('ref_axis',(-0.906307787036651,0.,0.422618261740697));
#6556=DIRECTION('center_axis',(0.,1.,0.));
#6557=DIRECTION('ref_axis',(-0.906307787036652,0.,0.422618261740694));
#6558=DIRECTION('',(0.,1.,0.));
#6559=DIRECTION('center_axis',(0.,1.,0.));
#6560=DIRECTION('ref_axis',(0.648097555322047,0.,-0.761557324687765));
#6561=DIRECTION('center_axis',(-0.415439638747191,0.879481017891843,0.232213362504252));
#6562=DIRECTION('ref_axis',(-0.76769321612784,-0.475933965133744,0.429108362471959));
#6563=DIRECTION('center_axis',(0.,1.,0.));
#6564=DIRECTION('ref_axis',(0.212925763229599,0.,-0.97706838008048));
#6565=DIRECTION('center_axis',(0.,-1.,0.));
#6566=DIRECTION('ref_axis',(0.212925763229599,0.,-0.97706838008048));
#6567=DIRECTION('center_axis',(0.,-1.,0.));
#6568=DIRECTION('ref_axis',(-0.487910885786434,0.,-0.872893445691453));
#6569=DIRECTION('center_axis',(0.25771114902637,-0.911632165716666,-0.320174574409414));
#6570=DIRECTION('ref_axis',(0.571614947763534,0.411007049125366,-0.710161641503222));
#6571=DIRECTION('center_axis',(0.730742552716,-0.546973721664139,-0.408454488846658));
#6572=DIRECTION('ref_axis',(-0.487910885786431,0.,-0.872893445691455));
#6573=DIRECTION('center_axis',(-0.454317308466604,0.639156974284961,-0.620543427529899));
#6574=DIRECTION('ref_axis',(0.881410139799374,0.423596644081225,-0.209002508554255));
#6575=DIRECTION('center_axis',(-0.730742552716001,0.546973721664137,0.408454488846659));
#6576=DIRECTION('ref_axis',(0.183135804720083,0.733474940722022,-0.654580620215993));
#6577=DIRECTION('center_axis',(0.,1.,0.));
#6578=DIRECTION('ref_axis',(0.707106781186548,0.,-0.707106781186548));
#6579=DIRECTION('',(0.,1.,0.));
#6580=DIRECTION('center_axis',(0.,1.,0.));
#6581=DIRECTION('ref_axis',(0.707106781186548,0.,-0.707106781186548));
#6582=DIRECTION('',(0.,-1.,0.));
#6583=DIRECTION('center_axis',(1.,0.,0.));
#6584=DIRECTION('ref_axis',(0.,0.,-1.));
#6585=DIRECTION('',(0.,-1.,0.));
#6586=DIRECTION('',(0.,0.,1.));
#6587=DIRECTION('center_axis',(0.,1.,0.));
#6588=DIRECTION('ref_axis',(0.70710678118655,0.,0.707106781186545));
#6589=DIRECTION('',(0.,1.,0.));
#6590=DIRECTION('center_axis',(0.,1.,0.));
#6591=DIRECTION('ref_axis',(0.70710678118655,0.,0.707106781186545));
#6592=DIRECTION('center_axis',(0.,0.,1.));
#6593=DIRECTION('ref_axis',(1.,0.,0.));
#6594=DIRECTION('',(0.,-1.,0.));
#6595=DIRECTION('',(-1.,0.,0.));
#6596=DIRECTION('center_axis',(0.,1.,0.));
#6597=DIRECTION('ref_axis',(-0.707106781186548,0.,0.707106781186548));
#6598=DIRECTION('',(0.,1.,0.));
#6599=DIRECTION('center_axis',(0.,1.,0.));
#6600=DIRECTION('ref_axis',(-0.707106781186548,0.,0.707106781186548));
#6601=DIRECTION('center_axis',(-1.,0.,0.));
#6602=DIRECTION('ref_axis',(0.,0.,1.));
#6603=DIRECTION('',(0.,-1.,0.));
#6604=DIRECTION('',(0.,0.,-1.));
#6605=DIRECTION('center_axis',(0.,1.,0.));
#6606=DIRECTION('ref_axis',(-0.707106781186548,0.,-0.707106781186548));
#6607=DIRECTION('',(0.,1.,0.));
#6608=DIRECTION('center_axis',(0.,1.,0.));
#6609=DIRECTION('ref_axis',(-0.707106781186548,0.,-0.707106781186548));
#6610=DIRECTION('center_axis',(0.,0.,-1.));
#6611=DIRECTION('ref_axis',(-1.,0.,0.));
#6612=DIRECTION('',(1.,0.,0.));
#6613=DIRECTION('center_axis',(0.454317308466604,-0.639156974284961,0.620543427529899));
#6614=DIRECTION('ref_axis',(0.881410139799374,0.423596644081226,-0.209002508554255));
#6615=DIRECTION('center_axis',(1.71127128334299E-13,0.645735115855188,0.763561497295069));
#6616=DIRECTION('ref_axis',(-0.707106781186597,0.539919512590336,-0.456603679271361));
#6617=DIRECTION('center_axis',(0.,-1.,0.));
#6618=DIRECTION('ref_axis',(-2.2398956607273E-13,0.,-1.));
#6619=DIRECTION('',(1.71127128334299E-13,0.645735115855188,0.763561497295069));
#6620=DIRECTION('center_axis',(-1.,0.,2.24117021275326E-13));
#6621=DIRECTION('ref_axis',(2.24117021275326E-13,0.,1.));
#6622=DIRECTION('center_axis',(-1.,0.,2.24117021275326E-13));
#6623=DIRECTION('ref_axis',(2.24117021275326E-13,0.,1.));
#6624=DIRECTION('center_axis',(-1.,0.,2.24117021275326E-13));
#6625=DIRECTION('ref_axis',(2.24117021275326E-13,0.,1.));
#6626=DIRECTION('center_axis',(1.,0.,-2.22044604925042E-13));
#6627=DIRECTION('ref_axis',(1.44387293004998E-13,-0.764804390183726,0.644262558865327));
#6628=DIRECTION('center_axis',(-1.,0.,2.24117021275326E-13));
#6629=DIRECTION('ref_axis',(2.24117021275326E-13,0.,1.));
#6630=DIRECTION('center_axis',(-1.,0.,2.24117021275326E-13));
#6631=DIRECTION('ref_axis',(2.24117021275326E-13,0.,1.));
#6632=DIRECTION('center_axis',(-1.,0.,2.24117021275326E-13));
#6633=DIRECTION('ref_axis',(2.24117021275326E-13,0.,1.));
#6634=DIRECTION('center_axis',(-1.,0.,2.24117021275326E-13));
#6635=DIRECTION('ref_axis',(2.24117021275326E-13,0.,1.));
#6636=DIRECTION('',(-2.24117021275326E-13,0.,-1.));
#6637=DIRECTION('center_axis',(-1.71683598756341E-13,-0.642787609686539,
-0.766044443118978));
#6638=DIRECTION('ref_axis',(-0.707106781186649,0.541675220419701,-0.454519477671886));
#6639=DIRECTION('',(1.71683598756341E-13,0.642787609686539,0.766044443118978));
#6640=DIRECTION('center_axis',(9.38401049623177E-14,0.906307787036649,0.422618261740702));
#6641=DIRECTION('ref_axis',(-2.05391345074864E-13,0.422618261740702,-0.906307787036649));
#6642=DIRECTION('',(-1.71683598756341E-13,-0.642787609686539,-0.766044443118978));
#6643=DIRECTION('center_axis',(0.480408652113637,0.563753510706439,0.671855271721911));
#6644=DIRECTION('ref_axis',(-1.39888101102771E-13,0.766044443118987,-0.642787609686529));
#6645=DIRECTION('center_axis',(-1.44249947748322E-13,0.766044443118978,
-0.642787609686539));
#6646=DIRECTION('ref_axis',(1.71683598756341E-13,0.642787609686539,0.766044443118978));
#6647=DIRECTION('center_axis',(0.,1.,0.));
#6648=DIRECTION('ref_axis',(1.,0.,0.));
#6649=DIRECTION('',(0.,1.,0.));
#6650=DIRECTION('center_axis',(0.,-1.,0.));
#6651=DIRECTION('ref_axis',(1.,0.,0.));
#6652=DIRECTION('center_axis',(0.,1.,0.));
#6653=DIRECTION('ref_axis',(0.,0.,1.));
#6654=DIRECTION('center_axis',(0.,1.,0.));
#6655=DIRECTION('ref_axis',(0.707106781186625,0.,0.707106781186471));
#6656=DIRECTION('',(0.,0.,-1.));
#6657=DIRECTION('',(0.,0.,-1.));
#6658=DIRECTION('',(0.,0.,-1.));
#6659=DIRECTION('',(-1.,0.,0.));
#6660=DIRECTION('center_axis',(0.939692620785908,0.,0.342020143325669));
#6661=DIRECTION('ref_axis',(-0.154960463011105,-0.891472868217054,0.425750373031244));
#6662=DIRECTION('center_axis',(-0.939692620785909,0.,-0.342020143325668));
#6663=DIRECTION('ref_axis',(0.342020143325668,0.,-0.939692620785909));
#6664=DIRECTION('',(0.939692620785908,0.,0.342020143325669));
#6665=DIRECTION('center_axis',(0.332894739288163,-0.229455709711868,-0.91462077924946));
#6666=DIRECTION('ref_axis',(0.0784784747225461,0.973319103521873,-0.215617837213436));
#6667=DIRECTION('',(0.0784784747225461,0.973319103521873,-0.215617837213436));
#6668=DIRECTION('',(0.939692620785908,0.,0.342020143325669));
#6669=DIRECTION('center_axis',(0.342020143325669,0.,-0.939692620785908));
#6670=DIRECTION('ref_axis',(0.,1.,0.));
#6671=DIRECTION('',(0.,1.,0.));
#6672=DIRECTION('',(0.,1.,0.));
#6673=DIRECTION('center_axis',(-0.939692620785909,0.,-0.342020143325668));
#6674=DIRECTION('ref_axis',(-0.342020143325668,0.,0.939692620785909));
#6675=DIRECTION('center_axis',(-0.939692620785909,0.,-0.342020143325668));
#6676=DIRECTION('ref_axis',(0.342020143325668,0.,-0.939692620785909));
#6677=DIRECTION('center_axis',(0.939692620785909,0.,0.342020143325668));
#6678=DIRECTION('ref_axis',(0.342020143325668,0.,-0.939692620785908));
#6679=DIRECTION('center_axis',(-0.939692620785909,0.,-0.342020143325668));
#6680=DIRECTION('ref_axis',(0.342020143325668,0.,-0.939692620785908));
#6681=DIRECTION('',(-0.422618261740694,8.65956056235499E-17,-0.906307787036652));
#6682=DIRECTION('center_axis',(-0.939692620785909,0.,-0.342020143325668));
#6683=DIRECTION('ref_axis',(-0.342020143325668,0.,0.939692620785908));
#6684=DIRECTION('center_axis',(-0.342020143325674,0.,0.939692620785907));
#6685=DIRECTION('ref_axis',(0.939692620785906,0.,0.342020143325674));
#6686=DIRECTION('center_axis',(-0.939692620785909,0.,-0.342020143325668));
#6687=DIRECTION('ref_axis',(-0.342020143325668,0.,0.939692620785909));
#6688=DIRECTION('center_axis',(-0.939692620785909,0.,-0.342020143325668));
#6689=DIRECTION('ref_axis',(0.342020143325668,0.,-0.939692620785909));
#6690=DIRECTION('center_axis',(-0.939692620785909,0.,-0.342020143325668));
#6691=DIRECTION('ref_axis',(-0.342020143325668,0.,0.939692620785909));
#6692=DIRECTION('center_axis',(0.939692620785909,0.,0.342020143325668));
#6693=DIRECTION('ref_axis',(0.342020143325669,0.,-0.939692620785908));
#6694=DIRECTION('',(-0.422618261740703,8.6595605623549E-17,-0.906307787036648));
#6695=DIRECTION('center_axis',(-0.939692620785909,0.,-0.342020143325668));
#6696=DIRECTION('ref_axis',(-0.342020143325668,0.,0.939692620785908));
#6697=DIRECTION('center_axis',(0.939692620785909,0.,0.342020143325668));
#6698=DIRECTION('ref_axis',(0.342020143325669,0.,-0.939692620785908));
#6699=DIRECTION('',(-0.422618261740703,8.6595605623549E-17,-0.906307787036648));
#6700=DIRECTION('center_axis',(-0.939692620785909,0.,-0.342020143325668));
#6701=DIRECTION('ref_axis',(-0.342020143325668,0.,0.939692620785908));
#6702=DIRECTION('center_axis',(-0.939692620785909,0.,-0.342020143325668));
#6703=DIRECTION('ref_axis',(-0.342020143325668,0.,0.939692620785909));
#6704=DIRECTION('center_axis',(-0.939692620785909,0.,-0.342020143325668));
#6705=DIRECTION('ref_axis',(-0.342020143325668,0.,0.939692620785909));
#6706=DIRECTION('center_axis',(-0.939692620785909,0.,-0.342020143325668));
#6707=DIRECTION('ref_axis',(-0.342020143325668,0.,0.939692620785909));
#6708=DIRECTION('center_axis',(-0.939692620785909,0.,-0.342020143325668));
#6709=DIRECTION('ref_axis',(-0.342020143325668,0.,0.939692620785909));
#6710=DIRECTION('center_axis',(0.,0.,1.));
#6711=DIRECTION('ref_axis',(1.,0.,0.));
#6712=DIRECTION('',(0.,1.,0.));
#6713=DIRECTION('center_axis',(0.,1.,0.));
#6714=DIRECTION('ref_axis',(-0.707106781186548,0.,0.707106781186548));
#6715=DIRECTION('',(0.,-1.,0.));
#6716=DIRECTION('center_axis',(0.,1.,0.));
#6717=DIRECTION('ref_axis',(-0.707106781186548,0.,-0.707106781186548));
#6718=DIRECTION('',(0.,1.,0.));
#6719=DIRECTION('center_axis',(0.707106781186548,0.707106781186548,-1.58474665523113E-13));
#6720=DIRECTION('ref_axis',(-0.707106781186548,0.707106781186548,1.58481207548394E-13));
#6721=DIRECTION('center_axis',(-1.,0.,0.));
#6722=DIRECTION('ref_axis',(0.,0.,1.));
#6723=DIRECTION('',(0.,-2.22044604925031E-16,-1.));
#6724=DIRECTION('center_axis',(0.,1.,0.));
#6725=DIRECTION('ref_axis',(0.707106781186625,0.,0.707106781186471));
#6726=DIRECTION('center_axis',(-0.707106781186548,-0.707106781186548,1.58474665523113E-13));
#6727=DIRECTION('ref_axis',(0.707106781186547,-0.707106781186547,-1.58383076769726E-13));
#6728=DIRECTION('',(0.,-1.,0.));
#6729=DIRECTION('center_axis',(-1.,0.,2.24117021275326E-13));
#6730=DIRECTION('ref_axis',(2.24117021275326E-13,0.,1.));
#6731=DIRECTION('center_axis',(-1.,0.,2.24117021275326E-13));
#6732=DIRECTION('ref_axis',(2.24117021275326E-13,0.,1.));
#6733=DIRECTION('center_axis',(-1.,0.,2.24117021275326E-13));
#6734=DIRECTION('ref_axis',(2.24117021275326E-13,0.,1.));
#6735=DIRECTION('',(2.24117021275326E-13,0.,1.));
#6736=DIRECTION('center_axis',(-1.,0.,2.24117021275326E-13));
#6737=DIRECTION('ref_axis',(2.24117021275326E-13,0.,1.));
#6738=DIRECTION('center_axis',(-1.,0.,2.24117021275326E-13));
#6739=DIRECTION('ref_axis',(2.24117021275326E-13,0.,1.));
#6740=DIRECTION('',(2.24117021275326E-13,0.,1.));
#6741=DIRECTION('',(0.,1.,0.));
#6742=DIRECTION('center_axis',(0.,1.,0.));
#6743=DIRECTION('ref_axis',(-0.707106781186628,0.,-0.707106781186467));
#6744=DIRECTION('center_axis',(-1.,0.,2.22044604925031E-16));
#6745=DIRECTION('ref_axis',(2.22044604925031E-16,0.,1.));
#6746=DIRECTION('',(-2.22044604925031E-16,0.,-1.));
#6747=DIRECTION('center_axis',(-0.707106781186548,-0.707106781186548,1.58474665523113E-13));
#6748=DIRECTION('ref_axis',(2.24117021275326E-13,0.,1.));
#6749=DIRECTION('center_axis',(0.,1.,0.));
#6750=DIRECTION('ref_axis',(0.,0.,1.));
#6751=DIRECTION('center_axis',(-1.,0.,2.24117021275326E-13));
#6752=DIRECTION('ref_axis',(2.24117021275326E-13,0.,1.));
#6753=DIRECTION('center_axis',(1.,0.,-2.24265050974283E-13));
#6754=DIRECTION('ref_axis',(2.24169889024953E-13,0.,1.));
#6755=DIRECTION('',(-0.707106781186387,-8.65956056235496E-17,0.707106781186708));
#6756=DIRECTION('center_axis',(-1.,0.,2.24117021275326E-13));
#6757=DIRECTION('ref_axis',(2.24117021275326E-13,0.,1.));
#6758=DIRECTION('center_axis',(1.,0.,-2.24265050974283E-13));
#6759=DIRECTION('ref_axis',(2.24169889024953E-13,0.,1.));
#6760=DIRECTION('',(-0.707106781186387,-8.65956056235496E-17,0.707106781186708));
#6761=DIRECTION('center_axis',(-1.,0.,2.24117021275326E-13));
#6762=DIRECTION('ref_axis',(2.24117021275326E-13,0.,1.));
#6763=DIRECTION('center_axis',(-1.,0.,2.24117021275326E-13));
#6764=DIRECTION('ref_axis',(2.24117021275326E-13,0.,1.));
#6765=DIRECTION('center_axis',(-1.,0.,2.24117021275326E-13));
#6766=DIRECTION('ref_axis',(2.24117021275326E-13,0.,1.));
#6767=CARTESIAN_POINT('',(0.,0.,0.));
#6768=CARTESIAN_POINT('Origin',(-11.3000000002418,53.3171572875254,46.4870057685089));
#6769=CARTESIAN_POINT('',(-11.3000000002418,53.8828427124746,46.4870057685089));
#6770=CARTESIAN_POINT('',(-11.7000000002418,53.6,47.3355339059327));
#6771=CARTESIAN_POINT('',(-11.3000000002418,53.8828427124746,46.4870057685089));
#6772=CARTESIAN_POINT('',(-11.3000000002418,53.3171572875254,46.4870057685089));
#6773=CARTESIAN_POINT('',(-11.3000000002418,53.3171572875254,46.4870057685089));
#6774=CARTESIAN_POINT('',(-11.7000000002418,53.6,47.3355339059327));
#6775=CARTESIAN_POINT('Origin',(-11.3000000002418,56.2870057685089,44.0828427124746));
#6776=CARTESIAN_POINT('',(-11.3000000002418,56.2870057685089,43.5171572875254));
#6777=CARTESIAN_POINT('',(-11.7000000002418,57.1355339059327,43.8));
#6778=CARTESIAN_POINT('',(-11.3000000002418,56.2870057685089,43.5171572875254));
#6779=CARTESIAN_POINT('',(-11.3000000002418,56.2870057685089,44.0828427124746));
#6780=CARTESIAN_POINT('',(-11.3000000002418,56.2870057685089,44.0828427124746));
#6781=CARTESIAN_POINT('',(-11.7000000002418,57.1355339059327,43.8));
#6782=CARTESIAN_POINT('Origin',(-11.3000000002418,50.9129942314911,43.5171572875254));
#6783=CARTESIAN_POINT('',(-11.3000000002418,50.9129942314911,44.0828427124746));
#6784=CARTESIAN_POINT('',(-11.7000000002418,50.0644660940673,43.8));
#6785=CARTESIAN_POINT('',(-11.3000000002418,50.9129942314911,44.0828427124746));
#6786=CARTESIAN_POINT('',(-11.3000000002418,50.9129942314911,43.5171572875254));
#6787=CARTESIAN_POINT('',(-11.3000000002418,50.9129942314911,43.5171572875254));
#6788=CARTESIAN_POINT('',(-11.7000000002418,50.0644660940673,43.8));
#6789=CARTESIAN_POINT('Origin',(-10.2000000002418,53.6,47.3355339059327));
#6790=CARTESIAN_POINT('',(-10.6000000002418,53.8828427124746,46.4870057685089));
#6791=CARTESIAN_POINT('',(-10.6000000002418,53.3171572875254,46.4870057685089));
#6792=CARTESIAN_POINT('',(-10.6000000002418,53.8828427124746,46.4870057685089));
#6793=CARTESIAN_POINT('',(-10.2000000002418,53.6,47.3355339059327));
#6794=CARTESIAN_POINT('',(-10.2000000002418,53.6,47.3355339059327));
#6795=CARTESIAN_POINT('',(-10.6000000002418,53.3171572875254,46.4870057685089));
#6796=CARTESIAN_POINT('Origin',(-11.3000000002418,53.8828427124746,41.1129942314911));
#6797=CARTESIAN_POINT('',(-11.3000000002418,53.3171572875254,41.1129942314911));
#6798=CARTESIAN_POINT('',(-11.7000000002418,53.6,40.2644660940673));
#6799=CARTESIAN_POINT('',(-11.3000000002418,53.3171572875254,41.1129942314911));
#6800=CARTESIAN_POINT('',(-11.3000000002418,53.8828427124746,41.1129942314911));
#6801=CARTESIAN_POINT('',(-11.3000000002418,53.8828427124746,41.1129942314911));
#6802=CARTESIAN_POINT('',(-11.7000000002418,53.6,40.2644660940673));
#6803=CARTESIAN_POINT('Origin',(-10.6000000002418,56.2870057685089,44.0828427124746));
#6804=CARTESIAN_POINT('',(-10.2000000002418,57.1355339059327,43.8));
#6805=CARTESIAN_POINT('',(-10.6000000002418,56.2870057685089,43.5171572875254));
#6806=CARTESIAN_POINT('',(-10.2000000002418,57.1355339059327,43.8));
#6807=CARTESIAN_POINT('',(-10.6000000002418,56.2870057685089,44.0828427124746));
#6808=CARTESIAN_POINT('',(-10.6000000002418,56.2870057685089,44.0828427124746));
#6809=CARTESIAN_POINT('',(-10.6000000002418,56.2870057685089,43.5171572875254));
#6810=CARTESIAN_POINT('Origin',(-10.4000000002418,44.1938077169749,56.4588834764832));
#6811=CARTESIAN_POINT('',(-10.2000000002418,44.3352290732122,56.6003048327205));
#6812=CARTESIAN_POINT('',(-10.6000000002418,44.0523863607376,56.3174621202459));
#6813=CARTESIAN_POINT('Origin',(-10.2000000002418,56.2870057685089,43.8));
#6814=CARTESIAN_POINT('',(-10.2000000002418,56.2870057685089,43.5171572875254));
#6815=CARTESIAN_POINT('',(-10.2000000002418,56.2870057685089,44.0828427124746));
#6816=CARTESIAN_POINT('Origin',(-10.6000000002418,50.9129942314911,43.5171572875254));
#6817=CARTESIAN_POINT('',(-10.2000000002418,50.0644660940673,43.8));
#6818=CARTESIAN_POINT('',(-10.6000000002418,50.9129942314911,44.0828427124746));
#6819=CARTESIAN_POINT('',(-10.2000000002418,50.0644660940673,43.8));
#6820=CARTESIAN_POINT('',(-10.6000000002418,50.9129942314911,43.5171572875254));
#6821=CARTESIAN_POINT('',(-10.6000000002418,50.9129942314911,43.5171572875254));
#6822=CARTESIAN_POINT('',(-10.6000000002418,50.9129942314911,44.0828427124746));
#6823=CARTESIAN_POINT('Origin',(-10.6000000002418,53.8828427124746,41.1129942314911));
#6824=CARTESIAN_POINT('',(-10.2000000002418,53.6,40.2644660940673));
#6825=CARTESIAN_POINT('',(-10.6000000002418,53.3171572875254,41.1129942314911));
#6826=CARTESIAN_POINT('',(-10.2000000002418,53.6,40.2644660940673));
#6827=CARTESIAN_POINT('',(-10.6000000002418,53.8828427124746,41.1129942314911));
#6828=CARTESIAN_POINT('',(-10.6000000002418,53.8828427124746,41.1129942314911));
#6829=CARTESIAN_POINT('',(-10.6000000002418,53.3171572875254,41.1129942314911));
#6830=CARTESIAN_POINT('Origin',(-10.4000000002418,39.4588834764832,26.4061922830251));
#6831=CARTESIAN_POINT('',(-10.2000000002418,39.6003048327205,26.2647709267878));
#6832=CARTESIAN_POINT('',(-10.6000000002418,39.3174621202459,26.5476136392624));
#6833=CARTESIAN_POINT('Origin',(-10.2000000002418,53.6,41.1129942314911));
#6834=CARTESIAN_POINT('',(-10.2000000002418,53.3171572875254,41.1129942314911));
#6835=CARTESIAN_POINT('',(-10.2000000002418,53.8828427124746,41.1129942314911));
#6836=CARTESIAN_POINT('Origin',(-10.4000000002418,39.4561922830251,54.6911165235168));
#6837=CARTESIAN_POINT('',(-10.2000000002418,39.3147709267877,54.5496951672795));
#6838=CARTESIAN_POINT('',(-10.6000000002418,39.5976136392624,54.8325378797541));
#6839=CARTESIAN_POINT('Origin',(-10.2000000002418,50.9129942314911,43.8));
#6840=CARTESIAN_POINT('',(-10.2000000002418,50.9129942314911,44.0828427124746));
#6841=CARTESIAN_POINT('',(-10.2000000002418,50.9129942314911,43.5171572875254));
#6842=CARTESIAN_POINT('Origin',(-10.4000000002418,37.6911165235168,31.1438077169749));
#6843=CARTESIAN_POINT('',(-10.2000000002418,37.5496951672795,31.2852290732122));
#6844=CARTESIAN_POINT('',(-10.6000000002418,37.8325378797541,31.0023863607376));
#6845=CARTESIAN_POINT('Origin',(-11.5000000002418,54.4838834764832,41.4311922830251));
#6846=CARTESIAN_POINT('',(-11.7000000002418,54.6253048327205,41.2897709267878));
#6847=CARTESIAN_POINT('',(-11.3000000002418,54.3424621202459,41.5726136392624));
#6848=CARTESIAN_POINT('Origin',(-11.5000000002418,51.2311922830251,42.9161165235168));
#6849=CARTESIAN_POINT('',(-11.7000000002418,51.0897709267878,42.7746951672795));
#6850=CARTESIAN_POINT('',(-11.3000000002418,51.3726136392624,43.0575378797541));
#6851=CARTESIAN_POINT('Origin',(-10.2000000002418,53.6,46.4870057685089));
#6852=CARTESIAN_POINT('',(-10.2000000002418,53.8828427124746,46.4870057685089));
#6853=CARTESIAN_POINT('',(-10.2000000002418,53.3171572875254,46.4870057685089));
#6854=CARTESIAN_POINT('Origin',(-11.5000000002418,52.7161165235168,46.1688077169749));
#6855=CARTESIAN_POINT('',(-11.7000000002418,52.5746951672795,46.3102290732122));
#6856=CARTESIAN_POINT('',(-11.3000000002418,52.8575378797541,46.0273863607376));
#6857=CARTESIAN_POINT('Origin',(-11.5000000002418,55.9688077169749,44.6838834764832));
#6858=CARTESIAN_POINT('',(-11.7000000002418,56.1102290732123,44.8253048327205));
#6859=CARTESIAN_POINT('',(-11.3000000002418,55.8273863607376,44.5424621202459));
#6860=CARTESIAN_POINT('Origin',(-10.2000000002418,0.,37.3));
#6861=CARTESIAN_POINT('',(-10.2000000002418,0.4,-65.2));
#6862=CARTESIAN_POINT('',(-10.2000000002418,0.4,36.8));
#6863=CARTESIAN_POINT('',(-10.2000000002418,0.4,16.7249999993698));
#6864=CARTESIAN_POINT('',(-10.2000000002418,10.7928932188135,-65.2));
#6865=CARTESIAN_POINT('',(-10.2000000002418,6.50000000000007,-65.2));
#6866=CARTESIAN_POINT('',(-10.2000000002418,12.5,-63.4928932188134));
#6867=CARTESIAN_POINT('',(-10.2000000002418,34.1464466094067,-41.8464466094067));
#6868=CARTESIAN_POINT('',(-10.2000000002418,12.5,-41.230821787043));
#6869=CARTESIAN_POINT('',(-10.2000000002418,12.5,-2.05640345208808));
#6870=CARTESIAN_POINT('',(-10.2000000002418,36.8597518542811,-12.2));
#6871=CARTESIAN_POINT('',(-10.2000000002418,26.4181355349032,-24.6438337611089));
#6872=CARTESIAN_POINT('',(-10.2000000002418,59.6,-12.2));
#6873=CARTESIAN_POINT('',(-10.2000000002418,0.,-12.2));
#6874=CARTESIAN_POINT('',(-10.2000000002418,59.6,48.0928932188134));
#6875=CARTESIAN_POINT('',(-10.2000000002418,59.6,16.7249999993698));
#6876=CARTESIAN_POINT('',(-10.2000000002418,57.8928932188134,49.8));
#6877=CARTESIAN_POINT('',(-10.2000000002418,46.9714466094067,60.7214466094067));
#6878=CARTESIAN_POINT('',(-10.2000000002418,47.2576493944395,49.8));
#6879=CARTESIAN_POINT('',(-10.2000000002418,23.55,49.8));
#6880=CARTESIAN_POINT('',(-10.2000000002418,28.691725306792,36.8));
#6881=CARTESIAN_POINT('',(-10.2000000002418,19.2475379691378,30.1871088339099));
#6882=CARTESIAN_POINT('',(-10.2000000002418,0.,36.8));
#6883=CARTESIAN_POINT('',(-10.2000000002418,6.5,-55.6644660940673));
#6884=CARTESIAN_POINT('',(-10.2000000002418,2.96446609406727,-59.2));
#6885=CARTESIAN_POINT('',(-10.2000000002418,27.9746951672795,-34.1897709267878));
#6886=CARTESIAN_POINT('',(-10.2000000002418,10.0355339059327,-59.2));
#6887=CARTESIAN_POINT('',(-10.2000000002418,-16.7397709267878,-32.4246951672795));
#6888=CARTESIAN_POINT('',(-10.2000000002418,6.49999999999999,-62.7355339059327));
#6889=CARTESIAN_POINT('',(-10.2000000002418,30.0253048327205,-39.2102290732123));
#6890=CARTESIAN_POINT('',(-10.2000000002418,-21.7602290732122,-34.4753048327205));
#6891=CARTESIAN_POINT('Origin',(-10.2000000002418,56.5698484809835,43.8));
#6892=CARTESIAN_POINT('Origin',(-10.2000000002418,53.6,40.8301515190165));
#6893=CARTESIAN_POINT('Origin',(-10.2000000002418,50.6301515190165,43.8));
#6894=CARTESIAN_POINT('Origin',(-10.2000000002418,53.6,46.7698484809835));
#6895=CARTESIAN_POINT('Origin',(-11.7000000002418,53.6,43.8));
#6896=CARTESIAN_POINT('',(-11.7000000002418,59.6,37.3));
#6897=CARTESIAN_POINT('',(-11.7000000002418,59.6,48.0928932188134));
#6898=CARTESIAN_POINT('',(-11.7000000002418,59.6,19.9749999993698));
#6899=CARTESIAN_POINT('',(-11.7000000002418,29.4057993101631,37.3));
#6900=CARTESIAN_POINT('',(-11.7000000002418,26.8,37.3));
#6901=CARTESIAN_POINT('',(-11.7000000002418,47.2576493944395,49.8));
#6902=CARTESIAN_POINT('',(-11.7000000002418,38.7576083984789,43.8482072195368));
#6903=CARTESIAN_POINT('',(-11.7000000002418,57.8928932188134,49.8));
#6904=CARTESIAN_POINT('',(-11.7000000002418,50.35,49.8));
#6905=CARTESIAN_POINT('',(-11.7000000002418,58.7464466094067,48.9464466094067));
#6906=CARTESIAN_POINT('Origin',(-11.3000000002418,9.18700576850887,-58.9171572875254));
#6907=CARTESIAN_POINT('',(-11.3000000002418,9.18700576850887,-59.4828427124746));
#6908=CARTESIAN_POINT('',(-11.7000000002418,10.0355339059327,-59.2));
#6909=CARTESIAN_POINT('',(-11.3000000002418,9.18700576850886,-59.4828427124746));
#6910=CARTESIAN_POINT('',(-11.3000000002418,9.18700576850887,-58.9171572875254));
#6911=CARTESIAN_POINT('',(-11.3000000002418,9.18700576850887,-58.9171572875254));
#6912=CARTESIAN_POINT('',(-11.7000000002418,10.0355339059327,-59.2));
#6913=CARTESIAN_POINT('Origin',(-11.3000000002418,6.78284271247461,-61.8870057685089));
#6914=CARTESIAN_POINT('',(-11.3000000002418,6.21715728752537,-61.8870057685089));
#6915=CARTESIAN_POINT('',(-11.7000000002418,6.49999999999999,-62.7355339059327));
#6916=CARTESIAN_POINT('',(-11.3000000002418,6.21715728752537,-61.8870057685089));
#6917=CARTESIAN_POINT('',(-11.3000000002418,6.78284271247461,-61.8870057685089));
#6918=CARTESIAN_POINT('',(-11.3000000002418,6.78284271247461,-61.8870057685089));
#6919=CARTESIAN_POINT('',(-11.7000000002418,6.49999999999999,-62.7355339059327));
#6920=CARTESIAN_POINT('Origin',(-11.3000000002418,6.21715728752538,-56.5129942314911));
#6921=CARTESIAN_POINT('',(-11.3000000002418,6.78284271247462,-56.5129942314911));
#6922=CARTESIAN_POINT('',(-11.7000000002418,6.5,-55.6644660940673));
#6923=CARTESIAN_POINT('',(-11.3000000002418,6.78284271247462,-56.5129942314911));
#6924=CARTESIAN_POINT('',(-11.3000000002418,6.21715728752538,-56.5129942314911));
#6925=CARTESIAN_POINT('',(-11.3000000002418,6.21715728752538,-56.5129942314911));
#6926=CARTESIAN_POINT('',(-11.7000000002418,6.5,-55.6644660940673));
#6927=CARTESIAN_POINT('Origin',(-10.6000000002418,9.18700576850887,-58.9171572875254));
#6928=CARTESIAN_POINT('',(-10.6000000002418,9.18700576850887,-59.4828427124746));
#6929=CARTESIAN_POINT('',(-10.2000000002418,10.0355339059327,-59.2));
#6930=CARTESIAN_POINT('',(-10.6000000002418,9.18700576850887,-58.9171572875254));
#6931=CARTESIAN_POINT('',(-10.6000000002418,9.18700576850887,-58.9171572875254));
#6932=CARTESIAN_POINT('',(-10.6000000002418,9.18700576850887,-59.4828427124746));
#6933=CARTESIAN_POINT('Origin',(-10.6000000002418,6.78284271247462,-61.8870057685089));
#6934=CARTESIAN_POINT('',(-10.6000000002418,6.21715728752538,-61.8870057685089));
#6935=CARTESIAN_POINT('',(-10.2000000002418,6.49999999999999,-62.7355339059327));
#6936=CARTESIAN_POINT('',(-10.6000000002418,6.78284271247461,-61.8870057685089));
#6937=CARTESIAN_POINT('',(-10.6000000002418,6.78284271247462,-61.8870057685089));
#6938=CARTESIAN_POINT('',(-10.6000000002418,6.21715728752537,-61.8870057685089));
#6939=CARTESIAN_POINT('Origin',(-10.4000000002418,29.8838834764832,-39.068807716975));
#6940=CARTESIAN_POINT('',(-10.6000000002418,29.7424621202459,-38.9273863607376));
#6941=CARTESIAN_POINT('Origin',(-10.2000000002418,6.49999999999999,-61.8870057685089));
#6942=CARTESIAN_POINT('',(-10.2000000002418,6.21715728752537,-61.8870057685089));
#6943=CARTESIAN_POINT('',(-10.2000000002418,6.78284271247461,-61.8870057685089));
#6944=CARTESIAN_POINT('Origin',(-11.3000000002418,3.81299423149113,-59.4828427124746));
#6945=CARTESIAN_POINT('',(-11.3000000002418,3.81299423149113,-58.9171572875254));
#6946=CARTESIAN_POINT('',(-11.7000000002418,2.96446609406726,-59.2));
#6947=CARTESIAN_POINT('',(-11.3000000002418,3.81299423149113,-58.9171572875254));
#6948=CARTESIAN_POINT('',(-11.3000000002418,3.81299423149113,-59.4828427124746));
#6949=CARTESIAN_POINT('',(-11.3000000002418,3.81299423149113,-59.4828427124746));
#6950=CARTESIAN_POINT('',(-11.7000000002418,2.96446609406727,-59.2));
#6951=CARTESIAN_POINT('Origin',(-10.6000000002418,6.21715728752539,-56.5129942314911));
#6952=CARTESIAN_POINT('',(-10.6000000002418,6.78284271247462,-56.5129942314911));
#6953=CARTESIAN_POINT('',(-10.2000000002418,6.50000000000001,-55.6644660940673));
#6954=CARTESIAN_POINT('',(-10.6000000002418,6.21715728752538,-56.5129942314911));
#6955=CARTESIAN_POINT('',(-10.6000000002418,6.21715728752539,-56.5129942314911));
#6956=CARTESIAN_POINT('',(-10.6000000002418,6.78284271247462,-56.5129942314911));
#6957=CARTESIAN_POINT('Origin',(-10.2000000002418,2.96446609406726,-59.2));
#6958=CARTESIAN_POINT('',(-10.6000000002418,3.81299423149112,-58.9171572875254));
#6959=CARTESIAN_POINT('',(-10.6000000002418,3.81299423149113,-59.4828427124746));
#6960=CARTESIAN_POINT('',(-10.6000000002418,3.81299423149113,-58.9171572875254));
#6961=CARTESIAN_POINT('',(-10.2000000002418,2.96446609406726,-59.2));
#6962=CARTESIAN_POINT('',(-10.6000000002418,3.81299423149113,-59.4828427124746));
#6963=CARTESIAN_POINT('Origin',(-10.4000000002418,28.1161165235168,-34.3311922830251));
#6964=CARTESIAN_POINT('',(-10.6000000002418,28.2575378797541,-34.4726136392624));
#6965=CARTESIAN_POINT('Origin',(-10.4000000002418,-21.6188077169749,-34.3338834764832));
#6966=CARTESIAN_POINT('',(-10.6000000002418,-21.4773863607376,-34.1924621202458));
#6967=CARTESIAN_POINT('Origin',(-10.2000000002418,3.81299423149113,-59.2));
#6968=CARTESIAN_POINT('',(-10.2000000002418,3.81299423149113,-58.9171572875254));
#6969=CARTESIAN_POINT('',(-10.2000000002418,3.81299423149113,-59.4828427124746));
#6970=CARTESIAN_POINT('Origin',(-10.2000000002418,6.5,-56.5129942314911));
#6971=CARTESIAN_POINT('',(-10.2000000002418,6.78284271247462,-56.5129942314911));
#6972=CARTESIAN_POINT('',(-10.2000000002418,6.21715728752538,-56.5129942314911));
#6973=CARTESIAN_POINT('Origin',(-10.4000000002418,-16.8811922830251,-32.5661165235168));
#6974=CARTESIAN_POINT('',(-10.6000000002418,-17.0226136392624,-32.7075378797541));
#6975=CARTESIAN_POINT('Origin',(-11.5000000002418,2.72029314604709,-58.6729843395052));
#6976=CARTESIAN_POINT('',(-11.7000000002418,2.57887178980978,-58.8144056957425));
#6977=CARTESIAN_POINT('',(-11.3000000002418,2.8617145022844,-58.5315629832679));
#6978=CARTESIAN_POINT('Origin',(-11.5000000002418,7.0270156604948,-55.4202931460471));
#6979=CARTESIAN_POINT('',(-11.7000000002418,6.88559430425749,-55.2788717898098));
#6980=CARTESIAN_POINT('',(-11.3000000002418,7.16843701673211,-55.5617145022844));
#6981=CARTESIAN_POINT('Origin',(-10.2000000002418,9.18700576850887,-59.2));
#6982=CARTESIAN_POINT('',(-10.2000000002418,9.18700576850887,-59.4828427124746));
#6983=CARTESIAN_POINT('',(-10.2000000002418,9.18700576850887,-58.9171572875254));
#6984=CARTESIAN_POINT('Origin',(-11.5000000002418,7.45790857999695,-56.9052173865388));
#6985=CARTESIAN_POINT('',(-11.7000000002418,7.59932993623426,-56.7637960303015));
#6986=CARTESIAN_POINT('',(-11.3000000002418,7.31648722375964,-57.0466387427761));
#6987=CARTESIAN_POINT('Origin',(-11.5000000002418,8.79478261346115,-60.157908579997));
#6988=CARTESIAN_POINT('',(-11.7000000002418,8.93620396969846,-60.2993299362343));
#6989=CARTESIAN_POINT('',(-11.3000000002418,8.65336125722384,-60.0164872237596));
#6990=CARTESIAN_POINT('Origin',(-10.2000000002418,6.49999999999999,-62.1698484809835));
#6991=CARTESIAN_POINT('Origin',(-10.2000000002418,3.53015151901651,-59.2));
#6992=CARTESIAN_POINT('Origin',(-10.2000000002418,6.5,-56.2301515190165));
#6993=CARTESIAN_POINT('Origin',(-10.2000000002418,9.46984848098349,-59.2));
#6994=CARTESIAN_POINT('Origin',(-11.7000000002418,6.5,-53.5564034520881));
#6995=CARTESIAN_POINT('',(-11.7000000002418,0.4,-53.2));
#6996=CARTESIAN_POINT('',(-11.7000000002418,0.4,-65.2));
#6997=CARTESIAN_POINT('',(-11.7000000002418,0.4,-28.7032017266742));
#6998=CARTESIAN_POINT('',(-11.7000000002418,3.07715579023909,-53.2));
#6999=CARTESIAN_POINT('',(-11.7000000002418,3.25,-53.2));
#7000=CARTESIAN_POINT('',(-11.699999999951,4.75480013065196,-51.2162382484066));
#7001=CARTESIAN_POINT('',(-11.6999999999485,14.4859170902518,-39.7094980176464));
#7002=CARTESIAN_POINT('',(-11.7000000002418,7.20890374323767,-48.314337789638));
#7003=CARTESIAN_POINT('',(-11.7000000002418,5.76878414267551,-50.0172339950471));
#7004=CARTESIAN_POINT('',(-11.7000000002418,7.21511110779745,-48.3069690242169));
#7005=CARTESIAN_POINT('Origin',(-11.7000000002403,5.3,-46.7000000000002));
#7006=CARTESIAN_POINT('',(-11.6999999999545,9.65801278113332,-45.3956321786641));
#7007=CARTESIAN_POINT('',(-11.7000000002418,5.77495683514847,-50.0232780525359));
#7008=CARTESIAN_POINT('',(-11.6999999999491,12.5,-42.008683700473));
#7009=CARTESIAN_POINT('',(-11.6999999999486,14.4910608438099,-39.6358297867888));
#7010=CARTESIAN_POINT('',(-11.7000000002418,12.5,-63.4928932188134));
#7011=CARTESIAN_POINT('',(-11.7000000002418,12.5,-47.4846051781321));
#7012=CARTESIAN_POINT('',(-11.7000000002418,10.7928932188135,-65.2));
#7013=CARTESIAN_POINT('',(-11.7000000002418,13.0573457463847,-62.9355474724288));
#7014=CARTESIAN_POINT('',(-11.7000000002418,9.75000000000001,-65.2));
#7015=CARTESIAN_POINT('Origin',(-46.2671242146248,3.3,-9.35096347015941));
#7016=CARTESIAN_POINT('',(-45.9251040712991,3.1,-10.2906560909453));
#7017=CARTESIAN_POINT('',(-46.8458110456928,3.5,-10.6257660241059));
#7018=CARTESIAN_POINT('Ctrl Pts',(-46.8458110456928,3.5,-10.6257660241059));
#7019=CARTESIAN_POINT('Ctrl Pts',(-46.3087319772965,3.1,-10.4302852297622));
#7020=CARTESIAN_POINT('Ctrl Pts',(-45.9251040712991,3.1,-10.2906560909453));
#7021=CARTESIAN_POINT('',(-47.5826938837251,3.5,-9.82979167081535));
#7022=CARTESIAN_POINT('Origin',(-46.2671242146248,3.5,-9.35096347015941));
#7023=CARTESIAN_POINT('',(-47.2068168354107,3.1,-9.69298361348508));
#7024=CARTESIAN_POINT('',(-47.5826938837251,3.5,-9.82979167081535));
#7025=CARTESIAN_POINT('Origin',(-46.2671242146248,3.1,-9.35096347015941));
#7026=CARTESIAN_POINT('Origin',(-54.2394921070731,3.3,9.04437201373172));
#7027=CARTESIAN_POINT('',(-55.3123491228852,3.5,11.4072615589462));
#7028=CARTESIAN_POINT('',(-54.4274306312303,3.5,8.97596798506658));
#7029=CARTESIAN_POINT('',(-54.9364720745708,3.1,11.5440696162764));
#7030=CARTESIAN_POINT('',(-55.3123491228852,3.5,11.4072615589462));
#7031=CARTESIAN_POINT('',(-54.0515535829159,3.1,9.11277604239685));
#7032=CARTESIAN_POINT('Origin',(-53.9967794537849,3.3,11.8860897596021));
#7033=CARTESIAN_POINT('',(-54.4756076544408,3.5,13.2016594287024));
#7034=CARTESIAN_POINT('',(-54.3387995971106,3.1,12.825782380388));
#7035=CARTESIAN_POINT('',(-54.4756076544408,3.5,13.2016594287024));
#7036=CARTESIAN_POINT('Origin',(-53.9967794537849,3.1,11.8860897596021));
#7037=CARTESIAN_POINT('Origin',(-53.9967794537849,3.5,11.8860897596021));
#7038=CARTESIAN_POINT('Origin',(-34.8599729966576,3.3,20.1283310158807));
#7039=CARTESIAN_POINT('',(-54.0057613440479,3.5,13.3726695003652));
#7040=CARTESIAN_POINT('',(-34.9283770253227,3.5,20.3162695400379));
#7041=CARTESIAN_POINT('',(-53.8689532867176,3.1,12.9967924520509));
#7042=CARTESIAN_POINT('',(-54.0057613440479,3.5,13.3726695003652));
#7043=CARTESIAN_POINT('',(-34.7915689679925,3.1,19.9403924917235));
#7044=CARTESIAN_POINT('Origin',(-53.5269331433919,3.3,12.0570998312649));
#7045=CARTESIAN_POINT('',(-52.2113634742917,3.5,12.5359280319209));
#7046=CARTESIAN_POINT('',(-52.587240522606,3.1,12.3991199745906));
#7047=CARTESIAN_POINT('',(-52.2113634742917,3.5,12.5359280319209));
#7048=CARTESIAN_POINT('Origin',(-53.5269331433919,3.1,12.0570998312649));
#7049=CARTESIAN_POINT('Origin',(-53.5269331433919,3.5,12.0570998312649));
#7050=CARTESIAN_POINT('Origin',(-47.3075357438883,3.3,-1.52198880629051));
#7051=CARTESIAN_POINT('',(-50.083998182806,3.5,6.69103993063253));
#7052=CARTESIAN_POINT('',(-50.4598752311204,3.1,6.55423187330227));
#7053=CARTESIAN_POINT('',(-50.2719367069632,3.3,6.6226359019674));
#7054=CARTESIAN_POINT('',(-47.4954742680454,3.1,-1.59039283495565));
#7055=CARTESIAN_POINT('',(-47.1195972197311,3.5,-1.45358477762538));
#7056=CARTESIAN_POINT('Origin',(-14.2000000000922,3.5,19.7999999987397));
#7057=CARTESIAN_POINT('',(-47.8044893128709,3.5,-10.9746963775967));
#7058=CARTESIAN_POINT('',(-46.9590395882172,3.5,-10.6669778432542));
#7059=CARTESIAN_POINT('',(-48.2999008566773,3.5,-11.3678469877493));
#7060=CARTESIAN_POINT('Origin',(-47.4624691695453,3.5,-11.9143889983826));
#7061=CARTESIAN_POINT('',(-57.4923503764428,3.5,13.8882004972829));
#7062=CARTESIAN_POINT('',(-51.0964770072994,3.5,-3.68431716212974));
#7063=CARTESIAN_POINT('',(-57.2212813354431,3.5,14.6171486506931));
#7064=CARTESIAN_POINT('Origin',(-56.9285348039713,3.5,14.0934125832783));
#7065=CARTESIAN_POINT('',(-17.4927465314144,3.5,36.8237360674149));
#7066=CARTESIAN_POINT('',(-40.0991499445081,3.5,24.1877031493412));
#7067=CARTESIAN_POINT('',(-17.1999999999426,3.5,36.9));
#7068=CARTESIAN_POINT('Origin',(-17.1999999999426,3.5,36.3));
#7069=CARTESIAN_POINT('',(-15.6898979484992,3.5,36.9));
#7070=CARTESIAN_POINT('',(-16.2000000000174,3.5,36.9));
#7071=CARTESIAN_POINT('',(-15.6999999999426,3.5,36.8));
#7072=CARTESIAN_POINT('Origin',(-15.1999999999426,3.5,36.8));
#7073=CARTESIAN_POINT('',(-15.6999999999426,3.5,35.6));
#7074=CARTESIAN_POINT('',(-15.6999999999426,3.5,27.4499999993698));
#7075=CARTESIAN_POINT('',(-15.6898979484992,3.5,35.5));
#7076=CARTESIAN_POINT('Origin',(-15.1999999999426,3.5,35.6));
#7077=CARTESIAN_POINT('',(-15.6999999999425,3.5,35.5));
#7078=CARTESIAN_POINT('',(-13.4500000000174,3.5,35.5));
#7079=CARTESIAN_POINT('',(-16.5999999999425,3.5,34.6));
#7080=CARTESIAN_POINT('Origin',(-15.6999999999425,3.5,34.6));
#7081=CARTESIAN_POINT('',(-16.5999999999425,3.5,12.8));
#7082=CARTESIAN_POINT('',(-16.5999999999425,3.5,27.4499999993698));
#7083=CARTESIAN_POINT('',(-16.6999999999425,3.5,12.7));
#7084=CARTESIAN_POINT('Origin',(-16.6999999999425,3.5,12.8));
#7085=CARTESIAN_POINT('',(-17.1927687859436,3.5,12.7));
#7086=CARTESIAN_POINT('',(-15.2000000000174,3.5,12.7));
#7087=CARTESIAN_POINT('',(-18.3223846555266,3.5,12.1270235711189));
#7088=CARTESIAN_POINT('Origin',(-17.1927687859436,3.5,11.3));
#7089=CARTESIAN_POINT('',(-32.6420729766422,3.5,-7.43196814314498));
#7090=CARTESIAN_POINT('',(-15.6246529825058,3.5,15.8118042909698));
#7091=CARTESIAN_POINT('',(-32.6985023712122,3.5,-7.15908619585251));
#7092=CARTESIAN_POINT('Origin',(-33.8655819085265,3.5,-8.08744535681088));
#7093=CARTESIAN_POINT('',(-38.8415436383638,3.5,9.71878097242437));
#7094=CARTESIAN_POINT('',(-41.1068191556538,3.5,15.942574305022));
#7095=CARTESIAN_POINT('',(-40.5124898304668,3.5,10.1747840679143));
#7096=CARTESIAN_POINT('Origin',(-40.1704696871412,3.5,9.23509144712842));
#7097=CARTESIAN_POINT('',(-50.4598752311204,3.5,6.55423187330226));
#7098=CARTESIAN_POINT('Origin',(-46.0533497617139,26.9,-4.96783647211113));
#7099=CARTESIAN_POINT('',(-48.9805033763888,26.7,2.48969110745047));
#7100=CARTESIAN_POINT('',(-48.5535144456166,27.1,2.48607042186221));
#7101=CARTESIAN_POINT('Ctrl Pts',(-48.5535144456166,27.1,2.48607042186223));
#7102=CARTESIAN_POINT('Ctrl Pts',(-48.774724290552,26.8917894645767,2.48507259615227));
#7103=CARTESIAN_POINT('Ctrl Pts',(-48.9805033763781,26.7000000000099,2.48969110745022));
#7104=CARTESIAN_POINT('',(-45.5744061888641,27.1,-5.69896224367626));
#7105=CARTESIAN_POINT('',(-45.8654112375567,27.1,-4.899432443446));
#7106=CARTESIAN_POINT('',(-45.8991713547207,26.7,-5.97619904392505));
#7107=CARTESIAN_POINT('Ctrl Pts',(-45.8991713547207,26.7,-5.97619904392502));
#7108=CARTESIAN_POINT('Ctrl Pts',(-45.744504151348,26.8917894645707,-5.84038881230518));
#7109=CARTESIAN_POINT('Ctrl Pts',(-45.5744061888652,27.0999999999986,-5.69896224367718));
#7110=CARTESIAN_POINT('',(-46.2412882858711,26.7,-5.03624050077626));
#7111=CARTESIAN_POINT('Origin',(-46.8684622959668,27.1,0.104984060661599));
#7112=CARTESIAN_POINT('',(-45.7020094643379,27.1,-6.51789688572861));
#7113=CARTESIAN_POINT('Ctrl Pts',(-45.7020094643379,27.1,-6.51789688572861));
#7114=CARTESIAN_POINT('Ctrl Pts',(-45.6738057468104,27.1,-6.14917358862829));
#7115=CARTESIAN_POINT('Ctrl Pts',(-45.5744061888641,27.1,-5.69896224367626));
#7116=CARTESIAN_POINT('',(-49.1776652667715,27.1,3.03138894925403));
#7117=CARTESIAN_POINT('Ctrl Pts',(-48.5535144456166,27.1,2.48607042186221));
#7118=CARTESIAN_POINT('Ctrl Pts',(-48.9190491989116,27.1,2.76705951663878));
#7119=CARTESIAN_POINT('Ctrl Pts',(-49.1776652667715,27.1,3.03138894925403));
#7120=CARTESIAN_POINT('',(-49.9772612559088,27.1,5.22826087409525));
#7121=CARTESIAN_POINT('Ctrl Pts',(-49.9772612559091,27.1,5.22826087409101));
#7122=CARTESIAN_POINT('Ctrl Pts',(-50.0751361284093,27.1,3.94868680165956));
#7123=CARTESIAN_POINT('Ctrl Pts',(-49.1776652667745,27.1,3.0313889492571));
#7124=CARTESIAN_POINT('',(-49.0375686351229,27.1,5.57028101742091));
#7125=CARTESIAN_POINT('',(-49.9772612559088,27.1,5.22826087409525));
#7126=CARTESIAN_POINT('',(-47.8646789818996,27.1,4.10207581977574));
#7127=CARTESIAN_POINT('Ctrl Pts',(-47.8646789818996,27.1,4.10207581977574));
#7128=CARTESIAN_POINT('Ctrl Pts',(-47.8683709743867,27.1,4.29814861024101));
#7129=CARTESIAN_POINT('Ctrl Pts',(-47.9189558734954,27.1,4.52596213248807));
#7130=CARTESIAN_POINT('Ctrl Pts',(-48.0534600371782,27.1,4.89550928502932));
#7131=CARTESIAN_POINT('Ctrl Pts',(-48.1638110184046,27.1,5.10629219898715));
#7132=CARTESIAN_POINT('Ctrl Pts',(-48.3340688766453,27.1,5.31416053548337));
#7133=CARTESIAN_POINT('Ctrl Pts',(-48.3927037853334,27.1,5.37502312337874));
#7134=CARTESIAN_POINT('Ctrl Pts',(-48.5138666402608,27.1,5.47639183380629));
#7135=CARTESIAN_POINT('Ctrl Pts',(-48.6029605764557,27.1,5.5320639072584));
#7136=CARTESIAN_POINT('Ctrl Pts',(-48.7425666729347,27.1,5.58326755814953));
#7137=CARTESIAN_POINT('Ctrl Pts',(-48.8145058981012,27.1,5.59774890205691));
#7138=CARTESIAN_POINT('Ctrl Pts',(-48.9274958299951,27.1,5.59824090120471));
#7139=CARTESIAN_POINT('Ctrl Pts',(-48.9888558254261,27.1,5.58801103017801));
#7140=CARTESIAN_POINT('Ctrl Pts',(-49.0375686351229,27.1,5.57028101742092));
#7141=CARTESIAN_POINT('',(-40.8525024276694,27.1,-15.1637209242008));
#7142=CARTESIAN_POINT('',(-49.6254364296529,27.1,8.93971714861443));
#7143=CARTESIAN_POINT('',(-41.7090645316128,27.1,-15.892669077611));
#7144=CARTESIAN_POINT('Origin',(-41.416318000141,27.1,-15.3689330101962));
#7145=CARTESIAN_POINT('',(-47.7209465599073,27.1,-12.5322787571806));
#7146=CARTESIAN_POINT('',(-35.2291874671032,27.1,-19.5146490270969));
#7147=CARTESIAN_POINT('',(-47.992015600907,27.1,-12.2137547757612));
#7148=CARTESIAN_POINT('Origin',(-47.4282000284355,27.1,-12.0085426897658));
#7149=CARTESIAN_POINT('',(-48.0262847420168,27.1,-12.119601084378));
#7150=CARTESIAN_POINT('',(-49.842291025125,27.1,-7.13016482795035));
#7151=CARTESIAN_POINT('',(-47.6676812555407,27.1,-11.350573425911));
#7152=CARTESIAN_POINT('Origin',(-47.4624691695453,27.1,-11.9143889983826));
#7153=CARTESIAN_POINT('',(-45.3184497035759,27.1,-10.4955230675968));
#7154=CARTESIAN_POINT('',(-45.0040982909448,27.1,-10.3811085102996));
#7155=CARTESIAN_POINT('',(-44.3973401870264,27.1,-9.16674779568198));
#7156=CARTESIAN_POINT('Origin',(-45.7972779042318,27.1,-9.17995339849658));
#7157=CARTESIAN_POINT('',(-44.9242475267323,27.1,-8.69228757032838));
#7158=CARTESIAN_POINT('Ctrl Pts',(-44.9242475267323,27.1,-8.69228757032838));
#7159=CARTESIAN_POINT('Ctrl Pts',(-44.7009959769075,27.1,-8.92386896371005));
#7160=CARTESIAN_POINT('Ctrl Pts',(-44.3973401870264,27.1,-9.16674779568198));
#7161=CARTESIAN_POINT('Ctrl Pts',(-45.7020094643383,27.1,-6.51789688573285));
#7162=CARTESIAN_POINT('Ctrl Pts',(-45.7989282311542,27.1,-7.78497124283614));
#7163=CARTESIAN_POINT('Ctrl Pts',(-44.9242475267339,27.1,-8.69228757032668));
#7164=CARTESIAN_POINT('Ctrl Pts',(-47.7844071177536,26.7000151231592,5.05105244568243));
#7165=CARTESIAN_POINT('Ctrl Pts',(-47.8246650998748,26.7001002730944,5.16166034251721));
#7166=CARTESIAN_POINT('Ctrl Pts',(-47.9397130332693,26.7015625500081,5.37414269316974));
#7167=CARTESIAN_POINT('Ctrl Pts',(-48.1107179861605,26.7070296912842,5.56526695000047));
#7168=CARTESIAN_POINT('Ctrl Pts',(-48.2095946636098,26.728383287936,5.67065077732859));
#7169=CARTESIAN_POINT('Ctrl Pts',(-47.8152035308683,26.7336388437698,5.0368408371185));
#7170=CARTESIAN_POINT('Ctrl Pts',(-47.854547678546,26.7337168357902,5.14350398647469));
#7171=CARTESIAN_POINT('Ctrl Pts',(-47.9667618778713,26.7350561900805,5.34795357852281));
#7172=CARTESIAN_POINT('Ctrl Pts',(-48.1331882246754,26.7400637499037,5.52989547861101));
#7173=CARTESIAN_POINT('Ctrl Pts',(-48.2290945330699,26.7596223102693,5.62891619375821));
#7174=CARTESIAN_POINT('Ctrl Pts',(-47.8459999439829,26.7672625643803,5.02262922855457));
#7175=CARTESIAN_POINT('Ctrl Pts',(-47.8844302572171,26.7673333984861,5.12534763043217));
#7176=CARTESIAN_POINT('Ctrl Pts',(-47.9938107224732,26.7685498301528,5.32176446387589));
#7177=CARTESIAN_POINT('Ctrl Pts',(-48.1556584631903,26.7730978085233,5.49452400722155));
#7178=CARTESIAN_POINT('Ctrl Pts',(-48.2485944025299,26.7908613326027,5.58718161018783));
#7179=CARTESIAN_POINT('Ctrl Pts',(-47.8767963570975,26.8008862849908,5.00841761999065));
#7180=CARTESIAN_POINT('Ctrl Pts',(-47.9143128358883,26.8009499611819,5.10719127438965));
#7181=CARTESIAN_POINT('Ctrl Pts',(-48.0208595670752,26.8020434702252,5.29557534922896));
#7182=CARTESIAN_POINT('Ctrl Pts',(-48.1781287017053,26.8061318671428,5.4591525358321));
#7183=CARTESIAN_POINT('Ctrl Pts',(-48.26809427199,26.8221003549361,5.54544702661745));
#7184=CARTESIAN_POINT('',(-47.8742281042663,26.7980822501434,5.00960279060755));
#7185=CARTESIAN_POINT('',(-48.2095946667339,26.7283833044023,5.67065076505458));
#7186=CARTESIAN_POINT('Ctrl Pts',(-48.2095946606768,26.7283832873025,5.67065077420255));
#7187=CARTESIAN_POINT('Ctrl Pts',(-48.2068104902823,26.7277820122212,5.66768337616667));
#7188=CARTESIAN_POINT('Ctrl Pts',(-48.2040597755918,26.7272391984959,5.66467231038234));
#7189=CARTESIAN_POINT('Ctrl Pts',(-48.1962338873634,26.7258347312099,5.6558899863896));
#7190=CARTESIAN_POINT('Ctrl Pts',(-48.1912398249492,26.725112303587,5.65001752616401));
#7191=CARTESIAN_POINT('Ctrl Pts',(-48.1802526268974,26.7238753666734,5.63655644974763));
#7192=CARTESIAN_POINT('Ctrl Pts',(-48.1743127718617,26.7234579490238,5.62889322792774));
#7193=CARTESIAN_POINT('Ctrl Pts',(-48.149333169192,26.7226511147563,5.59520795231574));
#7194=CARTESIAN_POINT('Ctrl Pts',(-48.131638739775,26.7245862709029,5.56750383512824));
#7195=CARTESIAN_POINT('Ctrl Pts',(-48.073692964088,26.7363986520744,5.46790066454058));
#7196=CARTESIAN_POINT('Ctrl Pts',(-48.0376352892498,26.7550189666703,5.38777028734584));
#7197=CARTESIAN_POINT('Ctrl Pts',(-47.9818983556836,26.7818004389797,5.25645685388993));
#7198=CARTESIAN_POINT('Ctrl Pts',(-47.9593515380005,26.7920580781884,5.20095126302019));
#7199=CARTESIAN_POINT('Ctrl Pts',(-47.9293035862059,26.7987009632501,5.13070133979032));
#7200=CARTESIAN_POINT('Ctrl Pts',(-47.9227275250217,26.7997568994266,5.11553671978876));
#7201=CARTESIAN_POINT('Ctrl Pts',(-47.9118540869391,26.8007359919031,5.09093295881064));
#7202=CARTESIAN_POINT('Ctrl Pts',(-47.9076502099658,26.8009355029818,5.08153029169552));
#7203=CARTESIAN_POINT('Ctrl Pts',(-47.89944238317,26.8009554370539,5.06340720288148));
#7204=CARTESIAN_POINT('Ctrl Pts',(-47.8954565930513,26.8008018236077,5.05471032115073));
#7205=CARTESIAN_POINT('Ctrl Pts',(-47.8860438524116,26.8000424420078,5.03442601953595));
#7206=CARTESIAN_POINT('Ctrl Pts',(-47.8806068376297,26.7993042868193,5.02290148970125));
#7207=CARTESIAN_POINT('Ctrl Pts',(-47.8748048211784,26.798194984638,5.01080376409661));
#7208=CARTESIAN_POINT('Ctrl Pts',(-47.8745165142031,26.7981390387819,5.01020312976922));
#7209=CARTESIAN_POINT('Ctrl Pts',(-47.8742281042638,26.798082250137,5.00960279060939));
#7210=CARTESIAN_POINT('',(-47.7844071177536,26.7000151231637,5.05105244568242));
#7211=CARTESIAN_POINT('Ctrl Pts',(-48.2089515686882,26.7282446257024,5.66996529713578));
#7212=CARTESIAN_POINT('Ctrl Pts',(-48.1103472038452,26.707017839734,5.56485244526345));
#7213=CARTESIAN_POINT('Ctrl Pts',(-47.9395882914108,26.7015609646525,5.37391230205965));
#7214=CARTESIAN_POINT('Ctrl Pts',(-47.8246651091512,26.7001002732123,5.16166035964984));
#7215=CARTESIAN_POINT('Ctrl Pts',(-47.7844071274917,26.7000151231798,5.05105247243765));
#7216=CARTESIAN_POINT('',(-47.7844071177536,26.7000151231637,5.05105244568242));
#7217=CARTESIAN_POINT('Origin',(-45.7972779042318,26.9,-9.17995339849658));
#7218=CARTESIAN_POINT('',(-44.7973168026517,26.6999999965711,-9.18877356440039));
#7219=CARTESIAN_POINT('Ctrl Pts',(-44.3973401870138,27.1000000000126,-9.16674779568112));
#7220=CARTESIAN_POINT('Ctrl Pts',(-44.532434628949,26.9648248856874,-9.17593748638702));
#7221=CARTESIAN_POINT('Ctrl Pts',(-44.6661577818858,26.8311065198325,-9.18339961908459));
#7222=CARTESIAN_POINT('Ctrl Pts',(-44.7973168044533,26.6999999981517,-9.18877355910826));
#7223=CARTESIAN_POINT('',(-45.4552577609062,26.7,-10.1196460192825));
#7224=CARTESIAN_POINT('',(-45.3184497035759,27.1,-10.4955230675968));
#7225=CARTESIAN_POINT('Origin',(-45.7972779042318,26.7,-9.17995339849658));
#7226=CARTESIAN_POINT('Origin',(-45.0725023196099,26.9,-10.1931699861424));
#7227=CARTESIAN_POINT('',(-47.8044893128709,26.7,-10.9746963775967));
#7228=CARTESIAN_POINT('',(-47.6676812555407,27.1,-11.350573425911));
#7229=CARTESIAN_POINT('',(-45.1409063482751,26.7,-10.0052314619852));
#7230=CARTESIAN_POINT('Origin',(-47.4624691695453,26.9,-11.9143889983826));
#7231=CARTESIAN_POINT('',(-48.4021617903312,26.7,-12.2564091417082));
#7232=CARTESIAN_POINT('',(-48.0262847420168,27.1,-12.119601084378));
#7233=CARTESIAN_POINT('Origin',(-47.4624691695453,26.7,-11.9143889983826));
#7234=CARTESIAN_POINT('Origin',(-50.0302295492822,26.9,-7.19856885661548));
#7235=CARTESIAN_POINT('',(-48.3678926492214,26.7,-12.3505628330914));
#7236=CARTESIAN_POINT('',(-47.992015600907,27.1,-12.2137547757612));
#7237=CARTESIAN_POINT('',(-50.2181680734394,26.7,-7.26697288528062));
#7238=CARTESIAN_POINT('Origin',(-47.4282000284355,26.9,-12.0085426897658));
#7239=CARTESIAN_POINT('',(-47.9161109142219,26.7,-12.8814361354572));
#7240=CARTESIAN_POINT('',(-47.7209465599073,27.1,-12.5322787571806));
#7241=CARTESIAN_POINT('Origin',(-47.4282000284355,26.7,-12.0085426897658));
#7242=CARTESIAN_POINT('Origin',(-35.3267696442605,26.9,-19.6892277162352));
#7243=CARTESIAN_POINT('',(-41.9042288859274,26.7,-16.2418264558876));
#7244=CARTESIAN_POINT('',(-41.7090645316128,27.1,-15.892669077611));
#7245=CARTESIAN_POINT('',(-35.4243518214178,26.7,-19.8638064053735));
#7246=CARTESIAN_POINT('Origin',(-41.416318000141,26.9,-15.3689330101962));
#7247=CARTESIAN_POINT('',(-40.4766253793551,26.7,-15.0269128668705));
#7248=CARTESIAN_POINT('',(-40.8525024276694,27.1,-15.1637209242008));
#7249=CARTESIAN_POINT('Origin',(-41.416318000141,26.7,-15.3689330101962));
#7250=CARTESIAN_POINT('Origin',(-49.4374979054957,26.9,9.00812117727957));
#7251=CARTESIAN_POINT('',(-47.8424522599942,26.7921539523323,4.94109003197597));
#7252=CARTESIAN_POINT('Ctrl Pts',(-47.8424522599942,26.7921539523322,4.941090031976));
#7253=CARTESIAN_POINT('Ctrl Pts',(-47.8187408912762,26.7879723416123,4.88816979366163));
#7254=CARTESIAN_POINT('Ctrl Pts',(-47.7974727787466,26.786228449191,4.83483493506703));
#7255=CARTESIAN_POINT('Ctrl Pts',(-47.7275300708188,26.786228449191,4.64266892437972));
#7256=CARTESIAN_POINT('Ctrl Pts',(-47.6779965998396,26.7990481211898,4.46909461795866));
#7257=CARTESIAN_POINT('Ctrl Pts',(-47.6719132190133,26.8560710777904,4.28565669508524));
#7258=CARTESIAN_POINT('Ctrl Pts',(-47.6747615922385,26.874494932597,4.23961478845202));
#7259=CARTESIAN_POINT('Ctrl Pts',(-47.689204017403,26.9079036015646,4.18161461214253));
#7260=CARTESIAN_POINT('Ctrl Pts',(-47.699429136451,26.9260445058541,4.15666744005369));
#7261=CARTESIAN_POINT('Ctrl Pts',(-47.7216338063681,26.9578177761538,4.12477544174742));
#7262=CARTESIAN_POINT('Ctrl Pts',(-47.7366326090239,26.9766328093781,4.11097283643266));
#7263=CARTESIAN_POINT('Ctrl Pts',(-47.7669400395094,27.0106825048827,4.09468716779292));
#7264=CARTESIAN_POINT('Ctrl Pts',(-47.7880118386095,27.0320415983915,4.09013164842298));
#7265=CARTESIAN_POINT('Ctrl Pts',(-47.8243182300368,27.0659759771793,4.09066515303495));
#7266=CARTESIAN_POINT('Ctrl Pts',(-47.8451587416178,27.0840983286572,4.09493777702108));
#7267=CARTESIAN_POINT('Ctrl Pts',(-47.8646789818995,27.1,4.10207581977571));
#7268=CARTESIAN_POINT('',(-47.7558558710113,26.7,4.97260853996068));
#7269=CARTESIAN_POINT('',(-48.1317329193257,27.1,4.83580048263041));
#7270=CARTESIAN_POINT('',(-49.2495593813385,26.7,9.0765252059447));
#7271=CARTESIAN_POINT('Ctrl Pts',(-47.8742281042679,26.7980822501417,5.00960279060684));
#7272=CARTESIAN_POINT('Ctrl Pts',(-47.8652998745724,26.7980669853327,4.9860660058142));
#7273=CARTESIAN_POINT('Ctrl Pts',(-47.8565761888943,26.7980708348346,4.96259540060731));
#7274=CARTESIAN_POINT('Ctrl Pts',(-47.8480123108197,26.7980708348346,4.93906633897447));
#7275=CARTESIAN_POINT('Ctrl Pts',(-47.8442877754298,26.7653932078142,5.0234193422987));
#7276=CARTESIAN_POINT('Ctrl Pts',(-47.8351485440454,26.7653762902637,4.99897172689998));
#7277=CARTESIAN_POINT('Ctrl Pts',(-47.8261677720154,26.7653805565564,4.97462894134349));
#7278=CARTESIAN_POINT('Ctrl Pts',(-47.8172934975503,26.7653805565564,4.95024707263654));
#7279=CARTESIAN_POINT('Ctrl Pts',(-47.8143474465917,26.7327041654867,5.03723589399057));
#7280=CARTESIAN_POINT('Ctrl Pts',(-47.8049972135185,26.7326855951947,5.01187744798577));
#7281=CARTESIAN_POINT('Ctrl Pts',(-47.7957593551365,26.7326902782782,4.98666248207967));
#7282=CARTESIAN_POINT('Ctrl Pts',(-47.7865746842808,26.7326902782782,4.96142780629861));
#7283=CARTESIAN_POINT('Ctrl Pts',(-47.7844071177536,26.7000151231592,5.05105244568243));
#7284=CARTESIAN_POINT('Ctrl Pts',(-47.7748458829916,26.6999949001257,5.02478316907155));
#7285=CARTESIAN_POINT('Ctrl Pts',(-47.7653509382576,26.7,4.99869602281586));
#7286=CARTESIAN_POINT('Ctrl Pts',(-47.7558558710113,26.7,4.97260853996067));
#7287=CARTESIAN_POINT('Ctrl Pts',(-47.8742281042635,26.798082250137,5.00960279060884));
#7288=CARTESIAN_POINT('Ctrl Pts',(-47.868795381354,26.7970125332859,4.99829431658518));
#7289=CARTESIAN_POINT('Ctrl Pts',(-47.8634211556847,26.7959841298532,4.98690025195577));
#7290=CARTESIAN_POINT('Ctrl Pts',(-47.8581411434149,26.794999901462,4.97551241209353));
#7291=CARTESIAN_POINT('Ctrl Pts',(-47.8528447133663,26.7940126126907,4.96408916264782));
#7292=CARTESIAN_POINT('Ctrl Pts',(-47.8476031031422,26.7930623276007,4.95258594560932));
#7293=CARTESIAN_POINT('Ctrl Pts',(-47.8424522599942,26.7921539523322,4.94109003197598));
#7294=CARTESIAN_POINT('Ctrl Pts',(-47.7844071177536,26.7000151231592,5.05105244568243));
#7295=CARTESIAN_POINT('Ctrl Pts',(-47.7748458829916,26.6999949001257,5.02478316907155));
#7296=CARTESIAN_POINT('Ctrl Pts',(-47.7653509382576,26.7,4.99869602281586));
#7297=CARTESIAN_POINT('Ctrl Pts',(-47.7558558710113,26.7,4.97260853996067));
#7298=CARTESIAN_POINT('Origin',(-51.2844155314566,3.3,-3.75272119079488));
#7299=CARTESIAN_POINT('',(-48.4021617903312,3.1,-12.2564091417082));
#7300=CARTESIAN_POINT('Origin',(-47.4624691695453,4.10000000000001,-11.9143889983826));
#7301=CARTESIAN_POINT('',(-57.8682274247572,3.1,13.7513924399526));
#7302=CARTESIAN_POINT('',(-51.4723540556138,3.1,-3.82112521946001));
#7303=CARTESIAN_POINT('',(-57.8682274247572,3.1,13.7513924399526));
#7304=CARTESIAN_POINT('Origin',(-56.9285348039713,3.3,14.0934125832783));
#7305=CARTESIAN_POINT('',(-57.4164456897577,3.1,14.9663060289697));
#7306=CARTESIAN_POINT('Origin',(-56.9285348039713,3.1,14.0934125832783));
#7307=CARTESIAN_POINT('',(-57.4164456897577,3.1,14.9663060289697));
#7308=CARTESIAN_POINT('Origin',(-40.1967321216654,3.3,24.3622818384795));
#7309=CARTESIAN_POINT('',(-17.687910885729,3.1,37.1728934456915));
#7310=CARTESIAN_POINT('',(-17.687910885729,3.1,37.1728934456915));
#7311=CARTESIAN_POINT('',(-40.2943142988227,3.1,24.5368605276178));
#7312=CARTESIAN_POINT('Origin',(-17.1999999999426,3.3,36.3));
#7313=CARTESIAN_POINT('',(-17.1999999999426,3.1,37.3));
#7314=CARTESIAN_POINT('Origin',(-17.1999999999426,3.1,36.3));
#7315=CARTESIAN_POINT('',(-17.1999999999426,3.1,37.3));
#7316=CARTESIAN_POINT('Origin',(-16.2000000000174,3.3,37.1));
#7317=CARTESIAN_POINT('',(-15.1999999999426,3.1,37.3));
#7318=CARTESIAN_POINT('Origin',(-15.1999999999426,3.6,36.8));
#7319=CARTESIAN_POINT('',(-16.2000000000174,3.1,37.3));
#7320=CARTESIAN_POINT('Origin',(-18.1999999999426,0.,37.3));
#7321=CARTESIAN_POINT('',(-15.1999999999426,59.5571067811976,37.3));
#7322=CARTESIAN_POINT('',(-15.1999999999426,1.75,37.3));
#7323=CARTESIAN_POINT('',(-17.1999999999426,0.4,37.3));
#7324=CARTESIAN_POINT('',(-17.1999999999426,0.,37.3));
#7325=CARTESIAN_POINT('',(-10.7000000002418,0.4,37.3));
#7326=CARTESIAN_POINT('',(-9.77499999995692,0.4,37.3));
#7327=CARTESIAN_POINT('',(-10.7000000002418,28.5340759123525,37.3));
#7328=CARTESIAN_POINT('',(-10.7000000002418,0.,37.3));
#7329=CARTESIAN_POINT('',(-11.2000000002418,28.5340759123525,37.3));
#7330=CARTESIAN_POINT('',(-14.2000000000922,28.5340759123525,37.3));
#7331=CARTESIAN_POINT('Origin',(-11.2000000002418,29.4057993101631,37.3));
#7332=CARTESIAN_POINT('',(-15.2428932187449,59.6,37.3));
#7333=CARTESIAN_POINT('',(-9.77499999995692,59.6,37.3));
#7334=CARTESIAN_POINT('',(-0.0714466093430341,44.4285533905981,37.3));
#7335=CARTESIAN_POINT('Origin',(-17.1999999999426,0.,36.3));
#7336=CARTESIAN_POINT('',(-17.687910885729,0.4,37.1728934456915));
#7337=CARTESIAN_POINT('',(-17.687910885729,0.,37.1728934456915));
#7338=CARTESIAN_POINT('Origin',(-17.1999999999426,0.4,36.3));
#7339=CARTESIAN_POINT('Origin',(-58.1592920781648,0.,14.5510860027913));
#7340=CARTESIAN_POINT('',(-57.4164456897577,0.4,14.9663060289697));
#7341=CARTESIAN_POINT('',(-57.4164456897577,0.,14.9663060289697));
#7342=CARTESIAN_POINT('',(-40.4350298163033,0.4,24.4582064454767));
#7343=CARTESIAN_POINT('Origin',(-56.9285348039713,0.,14.0934125832783));
#7344=CARTESIAN_POINT('',(-57.8682274247572,0.4,13.7513924399526));
#7345=CARTESIAN_POINT('',(-57.8682274247572,0.,13.7513924399526));
#7346=CARTESIAN_POINT('Origin',(-56.9285348039713,0.4,14.0934125832783));
#7347=CARTESIAN_POINT('Origin',(-48.2407079217204,0.,-12.7));
#7348=CARTESIAN_POINT('',(-48.3678926492214,0.4,-12.3505628330914));
#7349=CARTESIAN_POINT('',(-48.3678926492214,0.,-12.3505628330914));
#7350=CARTESIAN_POINT('',(-46.9202900868548,0.4,-16.3278181855384));
#7351=CARTESIAN_POINT('',(-48.4021617903312,0.75,-12.2564091417082));
#7352=CARTESIAN_POINT('Origin',(-13.4500000000174,3.3,35.3));
#7353=CARTESIAN_POINT('',(-15.1999999999426,3.1,35.1));
#7354=CARTESIAN_POINT('Origin',(-15.1999999999426,3.6,35.6));
#7355=CARTESIAN_POINT('',(-15.6999999999425,3.1,35.1));
#7356=CARTESIAN_POINT('',(-13.4500000000174,3.1,35.1));
#7357=CARTESIAN_POINT('',(-15.6999999999425,3.1,35.1));
#7358=CARTESIAN_POINT('Origin',(-15.6999999999425,3.3,34.6));
#7359=CARTESIAN_POINT('',(-16.1999999999425,3.1,34.6));
#7360=CARTESIAN_POINT('Origin',(-15.6999999999425,3.1,34.6));
#7361=CARTESIAN_POINT('',(-16.1999999999425,3.1,34.6));
#7362=CARTESIAN_POINT('Origin',(-16.3999999999425,3.3,27.4499999993698));
#7363=CARTESIAN_POINT('',(-16.1999999999425,3.1,12.8));
#7364=CARTESIAN_POINT('',(-16.1999999999425,3.1,12.8));
#7365=CARTESIAN_POINT('',(-16.1999999999425,3.1,27.4499999993698));
#7366=CARTESIAN_POINT('Origin',(-16.6999999999425,3.3,12.8));
#7367=CARTESIAN_POINT('',(-16.6999999999425,3.1,12.3));
#7368=CARTESIAN_POINT('Origin',(-16.6999999999425,3.1,12.8));
#7369=CARTESIAN_POINT('',(-16.6999999999425,3.1,12.3));
#7370=CARTESIAN_POINT('Origin',(-15.2000000000174,3.3,12.5));
#7371=CARTESIAN_POINT('',(-17.1927687859436,3.1,12.3));
#7372=CARTESIAN_POINT('',(-17.1927687859436,3.1,12.3));
#7373=CARTESIAN_POINT('',(-15.2000000000174,3.1,12.3));
#7374=CARTESIAN_POINT('Origin',(-17.1927687859436,3.3,11.3));
#7375=CARTESIAN_POINT('',(-17.9996372642171,3.1,11.8907311222278));
#7376=CARTESIAN_POINT('Origin',(-17.1927687859436,3.1,11.3));
#7377=CARTESIAN_POINT('',(-17.9996372642171,3.1,11.8907311222278));
#7378=CARTESIAN_POINT('Origin',(-15.4632792868511,3.3,15.6936580665242));
#7379=CARTESIAN_POINT('',(-32.7743905945521,3.1,-8.28982528989665));
#7380=CARTESIAN_POINT('Origin',(-34.2920661620777,4.10000000000001,-8.66997214052387));
#7381=CARTESIAN_POINT('',(-15.3019055911964,3.1,15.5755118420786));
#7382=CARTESIAN_POINT('Origin',(-17.6999999999426,1.5,12.3));
#7383=CARTESIAN_POINT('',(-39.0342945401267,11.906755081976,-16.8401098113157));
#7384=CARTESIAN_POINT('',(-27.0380562904062,-4.97017036110665,-0.45467464911117));
#7385=CARTESIAN_POINT('',(-17.9996372642171,1.5,11.8907311222278));
#7386=CARTESIAN_POINT('',(-17.9996372642171,1.5,11.8907311222278));
#7387=CARTESIAN_POINT('',(-39.0342945401267,1.5,-16.8401098113157));
#7388=CARTESIAN_POINT('',(-21.8557375136987,1.5,6.62375665060018));
#7389=CARTESIAN_POINT('',(-39.0342945401267,0.75,-16.8401098113157));
#7390=CARTESIAN_POINT('Origin',(-17.1927687859436,1.5,11.3));
#7391=CARTESIAN_POINT('',(-17.1927687859436,1.5,12.3));
#7392=CARTESIAN_POINT('',(-17.1927687859436,1.5,12.3));
#7393=CARTESIAN_POINT('Origin',(-17.1927687859436,1.5,11.3));
#7394=CARTESIAN_POINT('Origin',(-16.1999999999425,1.5,12.3));
#7395=CARTESIAN_POINT('',(-16.6999999999425,1.5,12.3));
#7396=CARTESIAN_POINT('',(-16.6999999999425,1.5,12.3));
#7397=CARTESIAN_POINT('',(-15.1999999999234,1.5,12.3));
#7398=CARTESIAN_POINT('Origin',(-16.6999999999425,1.5,12.8));
#7399=CARTESIAN_POINT('',(-16.1999999999425,1.5,12.8));
#7400=CARTESIAN_POINT('',(-16.1999999999425,1.5,12.8));
#7401=CARTESIAN_POINT('Origin',(-16.6999999999425,1.5,12.8));
#7402=CARTESIAN_POINT('Origin',(-16.1999999999425,1.5,35.1));
#7403=CARTESIAN_POINT('',(-16.1999999999425,1.5,34.6));
#7404=CARTESIAN_POINT('',(-16.1999999999425,1.5,34.6));
#7405=CARTESIAN_POINT('',(-16.1999999999425,1.5,13.7));
#7406=CARTESIAN_POINT('Origin',(-15.6999999999425,1.5,34.6));
#7407=CARTESIAN_POINT('',(-15.6999999999425,1.5,35.1));
#7408=CARTESIAN_POINT('',(-15.6999999999425,1.5,35.1));
#7409=CARTESIAN_POINT('Origin',(-15.6999999999425,1.5,34.6));
#7410=CARTESIAN_POINT('Origin',(-12.6999999999426,1.5,35.1));
#7411=CARTESIAN_POINT('',(-15.1999999999426,58.85,35.1));
#7412=CARTESIAN_POINT('',(-15.1999999999426,2.5,35.1));
#7413=CARTESIAN_POINT('',(-13.6999999999321,57.3499999999895,35.1));
#7414=CARTESIAN_POINT('',(-0.299999999942542,43.95,35.1));
#7415=CARTESIAN_POINT('',(-13.6999999999321,1.5,35.1));
#7416=CARTESIAN_POINT('',(-13.6999999999321,0.75,35.1));
#7417=CARTESIAN_POINT('',(-13.4499999999234,1.5,35.1));
#7418=CARTESIAN_POINT('Origin',(-17.9999999999425,1.3,-30.2));
#7419=CARTESIAN_POINT('',(-17.7999999999425,1.5,-47.7101020514434));
#7420=CARTESIAN_POINT('',(-18.1999999999425,1.1,-48.2));
#7421=CARTESIAN_POINT('Origin',(-17.6999999999425,1.6,-48.2));
#7422=CARTESIAN_POINT('',(-18.1999999999425,1.1,-45.));
#7423=CARTESIAN_POINT('',(-18.1999999999425,1.1,-30.2));
#7424=CARTESIAN_POINT('',(-17.7999999999425,1.5,-45.));
#7425=CARTESIAN_POINT('',(-18.1999999999425,1.1,-45.));
#7426=CARTESIAN_POINT('',(-17.7999999999425,1.5,-30.2));
#7427=CARTESIAN_POINT('Origin',(-17.1999999999425,1.3,-45.));
#7428=CARTESIAN_POINT('',(-17.1999999999425,1.1,-44.));
#7429=CARTESIAN_POINT('Origin',(-17.1999999999425,1.1,-45.));
#7430=CARTESIAN_POINT('',(-17.1999999999425,1.5,-44.4));
#7431=CARTESIAN_POINT('',(-17.1999999999425,1.1,-44.));
#7432=CARTESIAN_POINT('Origin',(-17.1999999999425,1.5,-45.));
#7433=CARTESIAN_POINT('Origin',(-14.9499999999234,1.3,-44.2));
#7434=CARTESIAN_POINT('',(-16.6999999999426,1.1,-44.));
#7435=CARTESIAN_POINT('',(-16.6999999999426,1.5,-44.4));
#7436=CARTESIAN_POINT('',(-16.6999999999426,1.1,-44.));
#7437=CARTESIAN_POINT('',(-14.9499999999234,1.5,-44.4));
#7438=CARTESIAN_POINT('',(-14.9499999999234,1.1,-44.));
#7439=CARTESIAN_POINT('Origin',(-16.6999999999426,1.3,-43.));
#7440=CARTESIAN_POINT('',(-15.6999999999426,1.1,-43.));
#7441=CARTESIAN_POINT('Origin',(-16.6999999999426,1.1,-43.));
#7442=CARTESIAN_POINT('',(-15.2999999999426,1.5,-43.));
#7443=CARTESIAN_POINT('',(-15.6999999999426,1.1,-43.));
#7444=CARTESIAN_POINT('Origin',(-16.6999999999426,1.5,-43.));
#7445=CARTESIAN_POINT('Origin',(-15.4999999999426,1.3,-20.85));
#7446=CARTESIAN_POINT('',(-15.6999999999426,1.1,-35.));
#7447=CARTESIAN_POINT('',(-15.2999999999426,1.5,-35.));
#7448=CARTESIAN_POINT('',(-15.6999999999426,1.1,-35.));
#7449=CARTESIAN_POINT('',(-15.2999999999426,1.5,-20.85));
#7450=CARTESIAN_POINT('',(-15.6999999999426,1.1,-20.85));
#7451=CARTESIAN_POINT('Origin',(-16.6999999999426,1.3,-35.));
#7452=CARTESIAN_POINT('',(-16.6999999999426,1.1,-34.));
#7453=CARTESIAN_POINT('Origin',(-16.6999999999426,1.1,-35.));
#7454=CARTESIAN_POINT('',(-16.6999999999426,1.5,-33.6));
#7455=CARTESIAN_POINT('',(-16.6999999999426,1.1,-34.));
#7456=CARTESIAN_POINT('Origin',(-16.6999999999426,1.5,-35.));
#7457=CARTESIAN_POINT('Origin',(-24.5999999999234,1.3,-33.8));
#7458=CARTESIAN_POINT('',(-17.1999999999425,1.1,-34.));
#7459=CARTESIAN_POINT('',(-17.1999999999425,1.5,-33.6));
#7460=CARTESIAN_POINT('',(-17.1999999999425,1.1,-34.));
#7461=CARTESIAN_POINT('',(-24.5999999999234,1.5,-33.6));
#7462=CARTESIAN_POINT('',(-24.5999999999234,1.1,-34.));
#7463=CARTESIAN_POINT('Origin',(-17.1999999999425,1.3,-33.));
#7464=CARTESIAN_POINT('',(-18.1999999999425,1.1,-33.));
#7465=CARTESIAN_POINT('Origin',(-17.1999999999425,1.1,-33.));
#7466=CARTESIAN_POINT('',(-17.7999999999425,1.5,-33.));
#7467=CARTESIAN_POINT('',(-18.1999999999425,1.1,-33.));
#7468=CARTESIAN_POINT('Origin',(-17.1999999999425,1.5,-33.));
#7469=CARTESIAN_POINT('Origin',(-17.9999999999425,1.3,-30.2));
#7470=CARTESIAN_POINT('',(-18.1999999999425,1.1,-29.7069742207304));
#7471=CARTESIAN_POINT('',(-17.7999999999425,1.5,-29.7069742207304));
#7472=CARTESIAN_POINT('',(-18.1999999999425,1.1,-29.7069742207304));
#7473=CARTESIAN_POINT('',(-17.7999999999425,1.5,-30.2));
#7474=CARTESIAN_POINT('',(-18.1999999999425,1.1,-30.2));
#7475=CARTESIAN_POINT('Origin',(-19.1999999999426,1.3,-29.7069742207304));
#7476=CARTESIAN_POINT('',(-18.2645606043612,1.1,-29.3534871103652));
#7477=CARTESIAN_POINT('Origin',(-19.1999999999426,1.1,-29.7069742207304));
#7478=CARTESIAN_POINT('',(-17.8903848461286,1.5,-29.2120922662191));
#7479=CARTESIAN_POINT('',(-18.2645606043612,1.1,-29.3534871103652));
#7480=CARTESIAN_POINT('Origin',(-19.1999999999426,1.5,-29.7069742207304));
#7481=CARTESIAN_POINT('Origin',(-17.3291212087798,1.3,-29.));
#7482=CARTESIAN_POINT('',(-17.3291212087798,1.1,-28.));
#7483=CARTESIAN_POINT('Origin',(-17.3291212087798,1.1,-29.));
#7484=CARTESIAN_POINT('',(-17.3291212087798,1.5,-28.4));
#7485=CARTESIAN_POINT('',(-17.3291212087798,1.1,-28.));
#7486=CARTESIAN_POINT('Origin',(-17.3291212087798,1.5,-29.));
#7487=CARTESIAN_POINT('Origin',(-14.9499999999234,1.3,-28.2));
#7488=CARTESIAN_POINT('',(-16.6999999999426,1.1,-28.));
#7489=CARTESIAN_POINT('',(-16.6999999999426,1.5,-28.4));
#7490=CARTESIAN_POINT('',(-16.6999999999426,1.1,-28.));
#7491=CARTESIAN_POINT('',(-14.9499999999234,1.5,-28.4));
#7492=CARTESIAN_POINT('',(-14.9499999999234,1.1,-28.));
#7493=CARTESIAN_POINT('Origin',(-16.6999999999426,1.3,-27.));
#7494=CARTESIAN_POINT('',(-15.6999999999426,1.1,-27.));
#7495=CARTESIAN_POINT('Origin',(-16.6999999999426,1.1,-27.));
#7496=CARTESIAN_POINT('',(-15.2999999999426,1.5,-27.));
#7497=CARTESIAN_POINT('',(-15.6999999999426,1.1,-27.));
#7498=CARTESIAN_POINT('Origin',(-16.6999999999426,1.5,-27.));
#7499=CARTESIAN_POINT('Origin',(-15.4999999999426,1.3,-14.05));
#7500=CARTESIAN_POINT('',(-15.6999999999426,1.1,-21.4000000000001));
#7501=CARTESIAN_POINT('',(-15.2999999999426,1.5,-21.4000000000001));
#7502=CARTESIAN_POINT('',(-15.6999999999426,1.1,-21.4000000000001));
#7503=CARTESIAN_POINT('',(-15.2999999999426,1.5,-14.05));
#7504=CARTESIAN_POINT('',(-15.6999999999426,1.1,-14.05));
#7505=CARTESIAN_POINT('Origin',(-16.6999999999426,1.3,-21.4000000000001));
#7506=CARTESIAN_POINT('',(-16.6999999999425,1.1,-20.4000000000001));
#7507=CARTESIAN_POINT('Origin',(-16.6999999999426,1.1,-21.4000000000001));
#7508=CARTESIAN_POINT('',(-16.6999999999425,1.5,-20.0000000000001));
#7509=CARTESIAN_POINT('',(-16.6999999999425,1.1,-20.4000000000001));
#7510=CARTESIAN_POINT('Origin',(-16.6999999999426,1.5,-21.4000000000001));
#7511=CARTESIAN_POINT('Origin',(-24.5999999999236,1.3,-20.1999999999999));
#7512=CARTESIAN_POINT('',(-34.2045667212757,1.1,-20.3999999999996));
#7513=CARTESIAN_POINT('',(-34.2045667212757,1.5,-19.9999999999996));
#7514=CARTESIAN_POINT('',(-34.2045667212757,1.1,-20.3999999999996));
#7515=CARTESIAN_POINT('',(-24.5999999999236,1.5,-19.9999999999999));
#7516=CARTESIAN_POINT('',(-24.5999999999236,1.1,-20.3999999999999));
#7517=CARTESIAN_POINT('Origin',(-34.2045667212757,1.3,-19.3999999999996));
#7518=CARTESIAN_POINT('',(-34.6924776070621,1.1,-20.272893445691));
#7519=CARTESIAN_POINT('Origin',(-34.2045667212757,1.1,-19.3999999999996));
#7520=CARTESIAN_POINT('',(-34.4973132527475,1.5,-19.9237360674145));
#7521=CARTESIAN_POINT('',(-34.6924776070621,1.1,-20.272893445691));
#7522=CARTESIAN_POINT('Origin',(-34.2045667212757,1.5,-19.3999999999996));
#7523=CARTESIAN_POINT('Origin',(-21.2189683139814,1.3,-27.5748979289413));
#7524=CARTESIAN_POINT('',(-40.3290739041867,1.1,-17.1222721347794));
#7525=CARTESIAN_POINT('',(-39.4355947933189,1.5,-17.163443465132));
#7526=CARTESIAN_POINT('Origin',(-39.8411630184002,2.1,-16.249378689088));
#7527=CARTESIAN_POINT('',(-21.1213861368241,1.5,-27.400319239803));
#7528=CARTESIAN_POINT('',(-21.3165504911387,1.1,-27.7494766180795));
#7529=CARTESIAN_POINT('Origin',(-18.1999999999425,0.,-29.491497844454));
#7530=CARTESIAN_POINT('',(-41.9042288859274,13.0857864376269,-16.2418264558876));
#7531=CARTESIAN_POINT('',(-41.9042288859274,0.75,-16.2418264558876));
#7532=CARTESIAN_POINT('',(-40.3290739041867,11.906755081976,-17.1222721347794));
#7533=CARTESIAN_POINT('',(-35.6558568062077,8.40876945252893,-19.7344048126014));
#7534=CARTESIAN_POINT('',(-40.3290739041867,0.75,-17.1222721347794));
#7535=CARTESIAN_POINT('',(-34.6924776070621,0.4,-20.272893445691));
#7536=CARTESIAN_POINT('',(-34.6924776070621,0.,-20.272893445691));
#7537=CARTESIAN_POINT('',(-47.9161109142219,0.4,-12.8814361354572));
#7538=CARTESIAN_POINT('',(-17.2409132870061,0.4,-30.0275871574905));
#7539=CARTESIAN_POINT('',(-47.9161109142219,0.,-12.8814361354572));
#7540=CARTESIAN_POINT('Origin',(-34.2045667212757,0.,-19.3999999999996));
#7541=CARTESIAN_POINT('',(-34.2045667212757,0.4,-20.3999999999996));
#7542=CARTESIAN_POINT('',(-34.2045667212757,0.,-20.3999999999996));
#7543=CARTESIAN_POINT('Origin',(-34.2045667212757,0.4,-19.3999999999996));
#7544=CARTESIAN_POINT('Origin',(-34.9999999999425,0.,-20.3999999999996));
#7545=CARTESIAN_POINT('',(-16.6999999999425,0.4,-20.4000000000001));
#7546=CARTESIAN_POINT('',(-16.6999999999425,0.,-20.4000000000001));
#7547=CARTESIAN_POINT('',(-18.1749999999571,0.4,-20.4));
#7548=CARTESIAN_POINT('Origin',(-16.6999999999426,0.,-21.4000000000001));
#7549=CARTESIAN_POINT('',(-15.6999999999426,0.4,-21.4000000000001));
#7550=CARTESIAN_POINT('',(-15.6999999999426,0.,-21.4000000000001));
#7551=CARTESIAN_POINT('Origin',(-16.6999999999426,0.4,-21.4000000000001));
#7552=CARTESIAN_POINT('Origin',(-15.6999999999426,0.,-20.4));
#7553=CARTESIAN_POINT('',(-15.6999999999426,0.4,-27.));
#7554=CARTESIAN_POINT('',(-15.6999999999426,0.,-27.));
#7555=CARTESIAN_POINT('',(-15.6999999999426,0.4,-12.1250000006302));
#7556=CARTESIAN_POINT('Origin',(-16.6999999999426,0.,-27.));
#7557=CARTESIAN_POINT('',(-16.6999999999426,0.4,-28.));
#7558=CARTESIAN_POINT('',(-16.6999999999426,0.,-28.));
#7559=CARTESIAN_POINT('Origin',(-16.6999999999426,0.4,-27.));
#7560=CARTESIAN_POINT('Origin',(-15.6999999999426,0.,-28.));
#7561=CARTESIAN_POINT('',(-17.3291212087798,0.4,-28.));
#7562=CARTESIAN_POINT('',(-17.3291212087798,0.,-28.));
#7563=CARTESIAN_POINT('',(-8.52499999995692,0.4,-28.));
#7564=CARTESIAN_POINT('Origin',(-17.3291212087798,0.,-29.));
#7565=CARTESIAN_POINT('',(-18.2645606043612,0.4,-29.3534871103652));
#7566=CARTESIAN_POINT('',(-18.2645606043612,0.,-29.3534871103652));
#7567=CARTESIAN_POINT('Origin',(-17.3291212087798,0.4,-29.));
#7568=CARTESIAN_POINT('Origin',(-19.1999999999426,0.,-29.7069742207304));
#7569=CARTESIAN_POINT('',(-18.1999999999425,0.4,-29.7069742207304));
#7570=CARTESIAN_POINT('',(-18.1999999999425,0.,-29.7069742207304));
#7571=CARTESIAN_POINT('Origin',(-19.1999999999426,0.4,-29.7069742207304));
#7572=CARTESIAN_POINT('Origin',(-18.1999999999425,0.,-52.7));
#7573=CARTESIAN_POINT('',(-18.1999999999425,0.4,-33.));
#7574=CARTESIAN_POINT('',(-18.1999999999425,0.,-33.));
#7575=CARTESIAN_POINT('',(-18.1999999999426,0.4,-28.2750000006302));
#7576=CARTESIAN_POINT('Origin',(-17.1999999999425,0.,-33.));
#7577=CARTESIAN_POINT('',(-17.1999999999425,0.4,-34.));
#7578=CARTESIAN_POINT('',(-17.1999999999425,0.,-34.));
#7579=CARTESIAN_POINT('Origin',(-17.1999999999425,0.4,-33.));
#7580=CARTESIAN_POINT('Origin',(-34.9999999999425,0.,-34.));
#7581=CARTESIAN_POINT('',(-16.6999999999426,0.4,-34.));
#7582=CARTESIAN_POINT('',(-16.6999999999426,0.,-34.));
#7583=CARTESIAN_POINT('',(-18.1749999999569,0.4,-34.));
#7584=CARTESIAN_POINT('Origin',(-16.6999999999426,0.,-35.));
#7585=CARTESIAN_POINT('',(-15.6999999999426,0.4,-35.));
#7586=CARTESIAN_POINT('',(-15.6999999999426,0.,-35.));
#7587=CARTESIAN_POINT('Origin',(-16.6999999999426,0.4,-35.));
#7588=CARTESIAN_POINT('Origin',(-15.6999999999426,0.,-34.));
#7589=CARTESIAN_POINT('',(-15.6999999999426,0.4,-43.));
#7590=CARTESIAN_POINT('',(-15.6999999999426,0.,-43.));
#7591=CARTESIAN_POINT('',(-15.6999999999426,0.4,-18.9250000006302));
#7592=CARTESIAN_POINT('Origin',(-16.6999999999426,0.,-43.));
#7593=CARTESIAN_POINT('',(-16.6999999999426,0.4,-44.));
#7594=CARTESIAN_POINT('',(-16.6999999999426,0.,-44.));
#7595=CARTESIAN_POINT('Origin',(-16.6999999999426,0.4,-43.));
#7596=CARTESIAN_POINT('Origin',(-15.6999999999426,0.,-44.));
#7597=CARTESIAN_POINT('',(-17.1999999999425,0.4,-44.));
#7598=CARTESIAN_POINT('',(-17.1999999999425,0.,-44.));
#7599=CARTESIAN_POINT('',(-8.52499999995692,0.4,-44.));
#7600=CARTESIAN_POINT('Origin',(-17.1999999999425,0.,-45.));
#7601=CARTESIAN_POINT('',(-18.1999999999425,0.4,-45.));
#7602=CARTESIAN_POINT('',(-18.1999999999425,0.,-45.));
#7603=CARTESIAN_POINT('Origin',(-17.1999999999425,0.4,-45.));
#7604=CARTESIAN_POINT('Origin',(-18.1999999999425,0.,-52.7));
#7605=CARTESIAN_POINT('',(-18.1999999999425,3.,-48.2));
#7606=CARTESIAN_POINT('',(-18.1999999999425,0.75,-48.2));
#7607=CARTESIAN_POINT('',(-18.1999999999425,3.,-51.7));
#7608=CARTESIAN_POINT('',(-18.1999999999425,3.,-42.7));
#7609=CARTESIAN_POINT('',(-18.1999999999425,0.4,-51.7));
#7610=CARTESIAN_POINT('',(-18.1999999999425,0.,-51.7));
#7611=CARTESIAN_POINT('',(-18.1999999999426,0.4,-28.2750000006302));
#7612=CARTESIAN_POINT('Origin',(-11.5000000002418,0.2,-28.7032017266742));
#7613=CARTESIAN_POINT('',(-11.3000000002418,0.,-53.2));
#7614=CARTESIAN_POINT('',(-11.3000000002418,0.,-53.2));
#7615=CARTESIAN_POINT('',(-11.3000000002418,0.,-65.2));
#7616=CARTESIAN_POINT('',(-11.7000000002418,0.4,-65.2));
#7617=CARTESIAN_POINT('',(-11.3000000002418,0.,-28.7032017266742));
#7618=CARTESIAN_POINT('Origin',(-12.2000000002418,0.2,-53.2));
#7619=CARTESIAN_POINT('',(-12.2000000002418,0.,-52.3));
#7620=CARTESIAN_POINT('',(-12.2000000002418,0.4,-52.7));
#7621=CARTESIAN_POINT('',(-12.2000000002418,0.,-52.3));
#7622=CARTESIAN_POINT('Origin',(-12.2000000002418,0.4,-53.2));
#7623=CARTESIAN_POINT('Origin',(-12.2000000002418,0.,-53.2));
#7624=CARTESIAN_POINT('Origin',(-5.77500000010655,0.2,-52.5));
#7625=CARTESIAN_POINT('',(-17.1999999999425,0.,-52.3));
#7626=CARTESIAN_POINT('',(-5.77500000010655,0.,-52.3));
#7627=CARTESIAN_POINT('',(-17.1999999999425,0.4,-52.7));
#7628=CARTESIAN_POINT('',(-17.1999999999425,0.,-52.3));
#7629=CARTESIAN_POINT('',(-5.77500000010655,0.4,-52.7));
#7630=CARTESIAN_POINT('Origin',(-17.1999999999425,0.2,-51.7));
#7631=CARTESIAN_POINT('',(-17.7999999999425,0.,-51.7));
#7632=CARTESIAN_POINT('',(-17.7999999999425,0.,-51.7));
#7633=CARTESIAN_POINT('Origin',(-17.1999999999425,0.4,-51.7));
#7634=CARTESIAN_POINT('Origin',(-17.1999999999425,0.,-51.7));
#7635=CARTESIAN_POINT('Origin',(-17.9999999999426,0.2,-28.2750000006302));
#7636=CARTESIAN_POINT('',(-17.7999999999425,0.,-45.));
#7637=CARTESIAN_POINT('',(-17.7999999999425,0.,-28.2750000006302));
#7638=CARTESIAN_POINT('',(-17.7999999999425,0.,-45.));
#7639=CARTESIAN_POINT('Origin',(-17.1999999999425,0.2,-45.));
#7640=CARTESIAN_POINT('',(-17.1999999999425,0.,-44.4));
#7641=CARTESIAN_POINT('',(-17.1999999999425,0.,-44.4));
#7642=CARTESIAN_POINT('Origin',(-17.1999999999425,0.,-45.));
#7643=CARTESIAN_POINT('Origin',(-8.52499999995692,0.2,-44.2));
#7644=CARTESIAN_POINT('',(-16.6999999999426,0.,-44.4));
#7645=CARTESIAN_POINT('',(-8.52499999995692,0.,-44.4));
#7646=CARTESIAN_POINT('',(-16.6999999999426,0.,-44.4));
#7647=CARTESIAN_POINT('Origin',(-16.6999999999426,0.2,-43.));
#7648=CARTESIAN_POINT('',(-15.2999999999426,0.,-43.));
#7649=CARTESIAN_POINT('',(-15.2999999999426,0.,-43.));
#7650=CARTESIAN_POINT('Origin',(-16.6999999999426,0.,-43.));
#7651=CARTESIAN_POINT('Origin',(-15.4999999999426,0.2,-18.9250000006302));
#7652=CARTESIAN_POINT('',(-15.2999999999426,0.,-35.));
#7653=CARTESIAN_POINT('',(-15.2999999999426,0.,-18.9250000006302));
#7654=CARTESIAN_POINT('',(-15.2999999999426,0.,-35.));
#7655=CARTESIAN_POINT('Origin',(-16.6999999999426,0.2,-35.));
#7656=CARTESIAN_POINT('',(-16.6999999999426,0.,-33.6));
#7657=CARTESIAN_POINT('',(-16.6999999999426,0.,-33.6));
#7658=CARTESIAN_POINT('Origin',(-16.6999999999426,0.,-35.));
#7659=CARTESIAN_POINT('Origin',(-18.1749999999569,0.2,-33.8));
#7660=CARTESIAN_POINT('',(-17.1999999999425,0.,-33.6));
#7661=CARTESIAN_POINT('',(-18.1749999999569,0.,-33.6));
#7662=CARTESIAN_POINT('',(-17.1999999999425,0.,-33.6));
#7663=CARTESIAN_POINT('Origin',(-17.1999999999425,0.2,-33.));
#7664=CARTESIAN_POINT('',(-17.7999999999425,0.,-33.));
#7665=CARTESIAN_POINT('',(-17.7999999999425,0.,-33.));
#7666=CARTESIAN_POINT('Origin',(-17.1999999999425,0.,-33.));
#7667=CARTESIAN_POINT('Origin',(-17.9999999999426,0.2,-28.2750000006302));
#7668=CARTESIAN_POINT('',(-17.7999999999425,0.,-29.7069742207304));
#7669=CARTESIAN_POINT('',(-17.7999999999425,0.,-28.2750000006302));
#7670=CARTESIAN_POINT('',(-17.7999999999425,0.,-29.7069742207304));
#7671=CARTESIAN_POINT('Origin',(-19.1999999999426,0.2,-29.7069742207304));
#7672=CARTESIAN_POINT('',(-17.8903848461286,0.,-29.2120922662191));
#7673=CARTESIAN_POINT('',(-17.8903848461286,0.,-29.2120922662191));
#7674=CARTESIAN_POINT('Origin',(-19.1999999999426,0.,-29.7069742207304));
#7675=CARTESIAN_POINT('Origin',(-17.3291212087798,0.2,-29.));
#7676=CARTESIAN_POINT('',(-17.3291212087798,0.,-28.4));
#7677=CARTESIAN_POINT('',(-17.3291212087798,0.,-28.4));
#7678=CARTESIAN_POINT('Origin',(-17.3291212087798,0.,-29.));
#7679=CARTESIAN_POINT('Origin',(-8.52499999995692,0.2,-28.2));
#7680=CARTESIAN_POINT('',(-16.6999999999426,0.,-28.4));
#7681=CARTESIAN_POINT('',(-8.52499999995692,0.,-28.4));
#7682=CARTESIAN_POINT('',(-16.6999999999426,0.,-28.4));
#7683=CARTESIAN_POINT('Origin',(-16.6999999999426,0.2,-27.));
#7684=CARTESIAN_POINT('',(-15.2999999999426,0.,-27.));
#7685=CARTESIAN_POINT('',(-15.2999999999426,0.,-27.));
#7686=CARTESIAN_POINT('Origin',(-16.6999999999426,0.,-27.));
#7687=CARTESIAN_POINT('Origin',(-15.4999999999426,0.2,-12.1250000006302));
#7688=CARTESIAN_POINT('',(-15.2999999999426,0.,-21.4000000000001));
#7689=CARTESIAN_POINT('',(-15.2999999999426,0.,-12.1250000006302));
#7690=CARTESIAN_POINT('',(-15.2999999999426,0.,-21.4000000000001));
#7691=CARTESIAN_POINT('Origin',(-16.6999999999426,0.2,-21.4000000000001));
#7692=CARTESIAN_POINT('',(-16.6999999999425,0.,-20.0000000000001));
#7693=CARTESIAN_POINT('',(-16.6999999999425,0.,-20.0000000000001));
#7694=CARTESIAN_POINT('Origin',(-16.6999999999426,0.,-21.4000000000001));
#7695=CARTESIAN_POINT('Origin',(-18.1749999999571,0.2,-20.2));
#7696=CARTESIAN_POINT('',(-34.2045667212757,0.,-19.9999999999996));
#7697=CARTESIAN_POINT('',(-18.1749999999571,0.,-20.));
#7698=CARTESIAN_POINT('',(-34.2045667212757,0.,-19.9999999999996));
#7699=CARTESIAN_POINT('Origin',(-34.2045667212757,0.2,-19.3999999999996));
#7700=CARTESIAN_POINT('',(-34.4973132527475,0.,-19.9237360674145));
#7701=CARTESIAN_POINT('',(-34.4973132527475,0.,-19.9237360674145));
#7702=CARTESIAN_POINT('Origin',(-34.2045667212757,0.,-19.3999999999996));
#7703=CARTESIAN_POINT('Origin',(-17.1433311098489,0.2,-29.8530084683522));
#7704=CARTESIAN_POINT('',(-47.7209465599073,0.,-12.5322787571806));
#7705=CARTESIAN_POINT('',(-17.0457489326916,0.,-29.6784297792139));
#7706=CARTESIAN_POINT('',(-47.7209465599073,0.,-12.5322787571806));
#7707=CARTESIAN_POINT('Origin',(-47.4282000284355,0.2,-12.0085426897658));
#7708=CARTESIAN_POINT('',(-47.992015600907,0.,-12.2137547757612));
#7709=CARTESIAN_POINT('',(-47.992015600907,0.,-12.2137547757612));
#7710=CARTESIAN_POINT('Origin',(-47.4282000284355,0.4,-12.0085426897658));
#7711=CARTESIAN_POINT('Origin',(-47.4282000284355,0.,-12.0085426897658));
#7712=CARTESIAN_POINT('Origin',(-46.7323515626976,0.2,-16.2594141568733));
#7713=CARTESIAN_POINT('',(-57.4923503764428,0.,13.8882004972829));
#7714=CARTESIAN_POINT('',(-46.5444130385404,0.,-16.1910101282081));
#7715=CARTESIAN_POINT('',(-57.4923503764428,0.,13.8882004972829));
#7716=CARTESIAN_POINT('Origin',(-56.9285348039713,0.2,14.0934125832783));
#7717=CARTESIAN_POINT('',(-57.2212813354431,0.,14.6171486506931));
#7718=CARTESIAN_POINT('',(-57.2212813354431,0.,14.6171486506931));
#7719=CARTESIAN_POINT('Origin',(-56.9285348039713,0.,14.0934125832783));
#7720=CARTESIAN_POINT('Origin',(-40.337447639146,0.2,24.2836277563384));
#7721=CARTESIAN_POINT('',(-17.4927465314144,0.,36.8237360674149));
#7722=CARTESIAN_POINT('',(-40.2398654619888,0.,24.1090490672001));
#7723=CARTESIAN_POINT('',(-17.4927465314144,0.,36.8237360674149));
#7724=CARTESIAN_POINT('Origin',(-17.1999999999426,0.2,36.3));
#7725=CARTESIAN_POINT('',(-17.1999999999426,0.,36.9));
#7726=CARTESIAN_POINT('',(-17.1999999999426,0.,36.9));
#7727=CARTESIAN_POINT('Origin',(-17.1999999999426,0.,36.3));
#7728=CARTESIAN_POINT('Origin',(-9.77499999995692,0.2,37.1));
#7729=CARTESIAN_POINT('',(-10.7000000002418,0.,36.9));
#7730=CARTESIAN_POINT('',(-9.77499999995692,0.,36.9));
#7731=CARTESIAN_POINT('',(-10.7000000002418,0.,36.9));
#7732=CARTESIAN_POINT('Origin',(-10.7000000002418,0.2,36.8));
#7733=CARTESIAN_POINT('',(-10.6000000002418,0.,36.8));
#7734=CARTESIAN_POINT('',(-10.6000000002418,0.,36.8));
#7735=CARTESIAN_POINT('Origin',(-10.7000000002418,0.4,36.8));
#7736=CARTESIAN_POINT('Origin',(-10.7000000002418,0.,36.8));
#7737=CARTESIAN_POINT('Origin',(-10.4000000001869,0.2,16.7249999993698));
#7738=CARTESIAN_POINT('',(-10.6000000001319,0.,-65.2));
#7739=CARTESIAN_POINT('',(-10.6000000001319,0.,-65.2));
#7740=CARTESIAN_POINT('',(-10.6000000001319,0.,16.7249999993698));
#7741=CARTESIAN_POINT('Origin',(-10.7000000002418,0.200000000000085,-65.2));
#7742=CARTESIAN_POINT('',(-10.7000000002418,0.,-65.3));
#7743=CARTESIAN_POINT('',(-10.7000000002418,0.40000000000017,-65.7));
#7744=CARTESIAN_POINT('',(-10.7000000002418,0.,-65.3));
#7745=CARTESIAN_POINT('Origin',(-10.7000000002418,0.40000000000017,-65.2));
#7746=CARTESIAN_POINT('Origin',(-10.7000000002418,0.,-65.2));
#7747=CARTESIAN_POINT('Origin',(-5.77500000010655,0.2,-65.5));
#7748=CARTESIAN_POINT('',(-11.2000000002418,0.,-65.3));
#7749=CARTESIAN_POINT('',(-11.2000000002418,0.4,-65.7));
#7750=CARTESIAN_POINT('',(-11.2000000002418,0.,-65.3));
#7751=CARTESIAN_POINT('',(-5.77500000010655,0.4,-65.7));
#7752=CARTESIAN_POINT('',(-5.77500000010655,0.,-65.3));
#7753=CARTESIAN_POINT('Origin',(-11.2000000002418,0.200000000000085,-65.2));
#7754=CARTESIAN_POINT('Origin',(-11.2000000002418,0.40000000000017,-65.2));
#7755=CARTESIAN_POINT('Origin',(-11.2000000002418,0.,-65.2));
#7756=CARTESIAN_POINT('Origin',(-47.4282000284355,0.,-12.0085426897658));
#7757=CARTESIAN_POINT('Origin',(-10.7000000002418,0.,36.8));
#7758=CARTESIAN_POINT('Origin',(-10.7000000002418,28.691725306792,36.8));
#7759=CARTESIAN_POINT('Origin',(-10.7000000002418,6.50000000000007,-65.2));
#7760=CARTESIAN_POINT('',(-10.7000000002418,11.,-65.7));
#7761=CARTESIAN_POINT('',(-10.7000000002418,6.50000000000007,-65.7));
#7762=CARTESIAN_POINT('Origin',(-10.7000000002418,10.7928932188135,-65.2));
#7763=CARTESIAN_POINT('Origin',(-10.2000000002418,13.,-65.7));
#7764=CARTESIAN_POINT('',(-11.2000000002418,11.,-65.7));
#7765=CARTESIAN_POINT('',(-11.2000000002418,9.75000000000001,-65.7));
#7766=CARTESIAN_POINT('',(-10.2000000002418,11.,-65.7));
#7767=CARTESIAN_POINT('Origin',(-11.2000000002418,9.75000000000001,-65.2));
#7768=CARTESIAN_POINT('Origin',(-11.2000000002418,10.7928932188135,-65.2));
#7769=CARTESIAN_POINT('Origin',(-1.34999999997128,0.,-3.85000000126032));
#7770=CARTESIAN_POINT('',(-18.6999999999425,0.,-6.9));
#7771=CARTESIAN_POINT('',(-16.6999999999426,0.,-6.9));
#7772=CARTESIAN_POINT('',(-10.5249999999569,0.,-6.9));
#7773=CARTESIAN_POINT('',(-15.6999999999425,0.,-7.9));
#7774=CARTESIAN_POINT('Origin',(-16.6999999999426,0.,-7.9));
#7775=CARTESIAN_POINT('',(-15.6999999999425,0.,-13.5));
#7776=CARTESIAN_POINT('',(-15.6999999999425,0.,-5.37500000063016));
#7777=CARTESIAN_POINT('',(-16.6999999999425,0.,-14.5));
#7778=CARTESIAN_POINT('Origin',(-16.6999999999425,0.,-13.5));
#7779=CARTESIAN_POINT('',(-18.6999999999425,0.,-14.5));
#7780=CARTESIAN_POINT('',(-8.52499999995691,0.,-14.5));
#7781=CARTESIAN_POINT('',(-19.6999999999425,0.,-13.5));
#7782=CARTESIAN_POINT('Origin',(-18.6999999999425,0.,-13.5));
#7783=CARTESIAN_POINT('',(-19.6999999999425,0.,-7.9));
#7784=CARTESIAN_POINT('',(-19.6999999999425,0.,-9.17500000063016));
#7785=CARTESIAN_POINT('Origin',(-18.6999999999425,0.,-7.9));
#7786=CARTESIAN_POINT('',(-22.6999999999425,0.,3.8));
#7787=CARTESIAN_POINT('Origin',(-19.1999999999425,0.,3.8));
#7788=CARTESIAN_POINT('Origin',(-10.7000000002418,26.4181355349032,-24.6438337611089));
#7789=CARTESIAN_POINT('',(-10.7000000002418,37.0929056833586,-12.7));
#7790=CARTESIAN_POINT('Origin',(-10.7000000002418,36.8597518542811,-12.2));
#7791=CARTESIAN_POINT('',(-10.7000000002418,13.,-41.4128069041761));
#7792=CARTESIAN_POINT('Origin',(-10.7000000002418,13.,-40.6349449907459));
#7793=CARTESIAN_POINT('',(-10.7000000002419,26.8011577564627,-24.9652275659522));
#7794=CARTESIAN_POINT('Origin',(-3.56250000003892,59.9232233047034,48.2267766952966));
#7795=CARTESIAN_POINT('',(-11.4726644629549,59.8273355372869,48.458270243859));
#7796=CARTESIAN_POINT('',(-11.2000000002418,59.7464466094067,48.6535533905933));
#7797=CARTESIAN_POINT('Origin',(-11.2000000002418,60.2464466094068,47.4464466094067));
#7798=CARTESIAN_POINT('',(-10.7000000002418,59.7464466094067,48.6535533905933));
#7799=CARTESIAN_POINT('',(-3.56250000003892,59.7464466094067,48.6535533905933));
#7800=CARTESIAN_POINT('',(-10.4273355375288,59.8273355372869,48.458270243859));
#7801=CARTESIAN_POINT('Origin',(-10.7000000002418,60.2464466094068,47.4464466094067));
#7802=CARTESIAN_POINT('',(-10.7000000002418,60.1,47.8));
#7803=CARTESIAN_POINT('',(-14.9267162113238,64.326716211082,37.5958043989041));
#7804=CARTESIAN_POINT('',(-11.2000000002418,60.1,47.8));
#7805=CARTESIAN_POINT('',(-3.56250000003892,60.1,47.8));
#7806=CARTESIAN_POINT('',(-6.53074240681811,64.7692575934237,36.5274149917433));
#7807=CARTESIAN_POINT('Origin',(-5.77500000010656,59.1,49.3));
#7808=CARTESIAN_POINT('',(-11.2000000002418,58.1,50.3));
#7809=CARTESIAN_POINT('',(-11.2000000002418,59.1,49.3));
#7810=CARTESIAN_POINT('',(-10.7000000002418,58.1,50.3));
#7811=CARTESIAN_POINT('',(-5.77500000010656,58.1,50.3));
#7812=CARTESIAN_POINT('',(-10.7000000002418,47.325,61.075));
#7813=CARTESIAN_POINT('Origin',(-11.2000000002418,58.7464466094067,48.9464466094067));
#7814=CARTESIAN_POINT('Origin',(-11.2000000002418,60.1,47.5928932188134));
#7815=CARTESIAN_POINT('Origin',(-11.2000000002418,57.8928932188134,49.8));
#7816=CARTESIAN_POINT('Origin',(-11.4500000002418,59.85,19.9749999993698));
#7817=CARTESIAN_POINT('',(-11.2000000002418,60.1,36.8));
#7818=CARTESIAN_POINT('',(-11.2000000002418,60.1,19.9749999993698));
#7819=CARTESIAN_POINT('',(-11.2000000002418,60.1,36.8));
#7820=CARTESIAN_POINT('Origin',(-11.4500000002418,12.75,-47.4846051781321));
#7821=CARTESIAN_POINT('',(-11.4726644629549,12.7273355372869,-63.858270243859));
#7822=CARTESIAN_POINT('Origin',(-11.2000000002418,13.,-62.9928932188134));
#7823=CARTESIAN_POINT('',(-11.2000000002418,13.,-41.412806904176));
#7824=CARTESIAN_POINT('',(-14.5969648246525,9.6030351755893,-45.4611519375828));
#7825=CARTESIAN_POINT('',(-11.2000000002418,13.,-63.2));
#7826=CARTESIAN_POINT('',(-11.2000000002418,13.,-47.4846051781321));
#7827=CARTESIAN_POINT('',(-8.82192251784964,15.3780774823922,-57.4588130896345));
#7828=CARTESIAN_POINT('Origin',(-11.2000000002418,13.0573457463847,-62.9355474724288));
#7829=CARTESIAN_POINT('',(-11.2000000002418,12.6464466094067,-64.0535533905933));
#7830=CARTESIAN_POINT('Origin',(-11.2000000002418,13.1464466094067,-62.8464466094067));
#7831=CARTESIAN_POINT('',(-11.2000000002418,13.410899136978,-63.289100863022));
#7832=CARTESIAN_POINT('Origin',(-10.2000000002418,12.8232233047034,-63.6267766952966));
#7833=CARTESIAN_POINT('',(-10.7000000002418,13.,-63.2));
#7834=CARTESIAN_POINT('',(-10.2000000002418,13.,-63.2));
#7835=CARTESIAN_POINT('',(-10.4273355375288,12.7273355372869,-63.858270243859));
#7836=CARTESIAN_POINT('',(-19.9870886414203,22.2870886411785,-40.7789846475048));
#7837=CARTESIAN_POINT('',(-10.7000000002418,12.6464466094067,-64.0535533905933));
#7838=CARTESIAN_POINT('Origin',(-10.7000000002418,13.1464466094067,-62.8464466094067));
#7839=CARTESIAN_POINT('',(-10.2000000002418,12.6464466094067,-64.0535533905933));
#7840=CARTESIAN_POINT('Origin',(-10.2000000002418,12.,-64.7));
#7841=CARTESIAN_POINT('',(-10.7000000002418,34.5,-42.2));
#7842=CARTESIAN_POINT('Origin',(-10.7000000002418,34.1464466094067,-41.8464466094067));
#7843=CARTESIAN_POINT('Origin',(-10.7000000002418,13.,-62.9928932188134));
#7844=CARTESIAN_POINT('Origin',(-10.4500000002418,12.75,-2.05640345208808));
#7845=CARTESIAN_POINT('',(-10.7000000002418,13.,-2.05640345208808));
#7846=CARTESIAN_POINT('Origin',(-16.4499999999426,3.25,-40.2));
#7847=CARTESIAN_POINT('',(-16.1999999999426,3.,-50.));
#7848=CARTESIAN_POINT('',(-16.6999999999426,3.5,-50.));
#7849=CARTESIAN_POINT('',(-16.1999999999426,3.,-50.));
#7850=CARTESIAN_POINT('',(-16.6999999999426,3.5,-48.2));
#7851=CARTESIAN_POINT('',(-16.6999999999426,3.5,-40.2));
#7852=CARTESIAN_POINT('',(-16.1999999999426,3.,-48.2));
#7853=CARTESIAN_POINT('',(-16.6999999999426,3.5,-48.2));
#7854=CARTESIAN_POINT('',(-16.1999999999426,3.,-40.2));
#7855=CARTESIAN_POINT('Origin',(-15.6999999999426,3.25,-50.));
#7856=CARTESIAN_POINT('',(-15.6999999999426,3.,-50.5));
#7857=CARTESIAN_POINT('Origin',(-15.6999999999426,3.,-50.));
#7858=CARTESIAN_POINT('',(-15.6999999999426,3.5,-51.));
#7859=CARTESIAN_POINT('',(-15.6999999999426,3.,-50.5));
#7860=CARTESIAN_POINT('Origin',(-15.6999999999426,3.5,-50.));
#7861=CARTESIAN_POINT('Origin',(-15.2000000000174,3.25,-50.75));
#7862=CARTESIAN_POINT('',(-12.6999999999511,3.5,-51.));
#7863=CARTESIAN_POINT('',(-12.6999999999511,3.15691785736083,-50.6569178573608));
#7864=CARTESIAN_POINT('',(-12.6999999999488,-7.07499999999986,-40.4250000000002));
#7865=CARTESIAN_POINT('',(-15.2000000000174,3.5,-51.));
#7866=CARTESIAN_POINT('',(-12.7581535370485,3.,-50.5));
#7867=CARTESIAN_POINT('',(-15.2000000000174,3.,-50.5));
#7868=CARTESIAN_POINT('Ctrl Pts',(-12.6999999999511,3.15691785736084,-50.6569178573608));
#7869=CARTESIAN_POINT('Ctrl Pts',(-12.7318304742428,3.07794866894395,-50.5779486689439));
#7870=CARTESIAN_POINT('Ctrl Pts',(-12.7581535370484,2.99999999999999,-50.5));
#7871=CARTESIAN_POINT('Origin',(-16.2000000000174,3.25,-47.95));
#7872=CARTESIAN_POINT('',(-16.6999999999426,3.,-47.7));
#7873=CARTESIAN_POINT('',(-16.6999999999426,3.,-47.7));
#7874=CARTESIAN_POINT('',(-17.6999999999425,3.5,-48.2));
#7875=CARTESIAN_POINT('',(-16.2000000000174,3.5,-48.2));
#7876=CARTESIAN_POINT('',(-17.6999999999425,3.,-47.7));
#7877=CARTESIAN_POINT('',(-17.6999999999425,3.5,-48.2));
#7878=CARTESIAN_POINT('',(-16.2000000000174,3.,-47.7));
#7879=CARTESIAN_POINT('Origin',(-12.200000000167,3.25,-52.45));
#7880=CARTESIAN_POINT('',(-12.4358611661322,3.5,-52.2));
#7881=CARTESIAN_POINT('',(-12.4860056979315,3.,-52.7));
#7882=CARTESIAN_POINT('Origin',(-11.6999999999527,-2.24686614150068,-57.9468661415007));
#7883=CARTESIAN_POINT('',(-17.1999999999425,3.,-52.7));
#7884=CARTESIAN_POINT('',(-12.200000000167,3.,-52.7));
#7885=CARTESIAN_POINT('',(-17.1999999999425,3.5,-52.2));
#7886=CARTESIAN_POINT('',(-17.1999999999425,3.,-52.7));
#7887=CARTESIAN_POINT('',(-12.200000000167,3.5,-52.2));
#7888=CARTESIAN_POINT('Origin',(-17.1999999999425,3.25,-51.7));
#7889=CARTESIAN_POINT('Origin',(-17.1999999999425,3.,-51.7));
#7890=CARTESIAN_POINT('',(-17.6999999999425,3.5,-51.7));
#7891=CARTESIAN_POINT('',(-18.1999999999425,3.,-51.7));
#7892=CARTESIAN_POINT('Origin',(-17.1999999999425,3.5,-51.7));
#7893=CARTESIAN_POINT('Origin',(-17.9499999999425,3.25,-42.7));
#7894=CARTESIAN_POINT('',(-18.1999999999425,3.,-48.2));
#7895=CARTESIAN_POINT('',(-17.6999999999425,3.5,-42.7));
#7896=CARTESIAN_POINT('Origin',(-17.6999999999425,3.,-48.2));
#7897=CARTESIAN_POINT('Origin',(-17.6999999999425,3.,-48.2));
#7898=CARTESIAN_POINT('Origin',(-16.6999999999426,3.,-48.2));
#7899=CARTESIAN_POINT('Origin',(-16.6999999999426,3.,-48.2));
#7900=CARTESIAN_POINT('Origin',(-15.6999999999426,1.5,-50.));
#7901=CARTESIAN_POINT('',(-16.1999999999426,1.5,-50.));
#7902=CARTESIAN_POINT('',(-16.1999999999426,1.5,-50.));
#7903=CARTESIAN_POINT('',(-15.6999999999426,1.5,-50.5));
#7904=CARTESIAN_POINT('Origin',(-15.6999999999426,1.5,-50.));
#7905=CARTESIAN_POINT('',(-15.6999999999426,1.5,-50.5));
#7906=CARTESIAN_POINT('Origin',(-16.1999999999426,1.5,-47.7));
#7907=CARTESIAN_POINT('',(-16.1999999999426,1.5,-48.2));
#7908=CARTESIAN_POINT('',(-16.1999999999426,1.5,-48.2));
#7909=CARTESIAN_POINT('',(-16.1999999999426,1.5,-27.7));
#7910=CARTESIAN_POINT('Origin',(-16.6999999999426,1.5,-48.2));
#7911=CARTESIAN_POINT('',(-16.6999999999426,1.5,-47.7));
#7912=CARTESIAN_POINT('',(-16.6999999999426,1.5,-47.7));
#7913=CARTESIAN_POINT('Origin',(-16.6999999999426,1.5,-48.2));
#7914=CARTESIAN_POINT('Origin',(-18.1999999999425,1.5,-47.7));
#7915=CARTESIAN_POINT('',(-17.6999999999425,1.5,-47.7));
#7916=CARTESIAN_POINT('',(-17.6999999999425,0.75,-47.7));
#7917=CARTESIAN_POINT('',(-16.1999999999234,1.5,-47.7));
#7918=CARTESIAN_POINT('Origin',(-17.6999999999425,0.75,-48.2));
#7919=CARTESIAN_POINT('Origin',(-17.6999999999425,1.5,-48.2));
#7920=CARTESIAN_POINT('Origin',(-17.1999999999425,0.,-51.7));
#7921=CARTESIAN_POINT('',(-17.1999999999425,0.,-52.7));
#7922=CARTESIAN_POINT('Origin',(-10.2000000002418,0.,-52.7));
#7923=CARTESIAN_POINT('',(-12.2000000002418,3.32453987418453,-52.7));
#7924=CARTESIAN_POINT('Origin',(-11.6999999999515,2.19034779314761,-52.7));
#7925=CARTESIAN_POINT('',(-12.2000000002418,3.25,-52.7));
#7926=CARTESIAN_POINT('Origin',(-12.2000000002418,3.25,-53.2));
#7927=CARTESIAN_POINT('Ctrl Pts',(-11.7000000002418,3.07715579023899,-53.2000000000001));
#7928=CARTESIAN_POINT('Ctrl Pts',(-11.7000000002418,3.1273095631564,-53.1406947384408));
#7929=CARTESIAN_POINT('Ctrl Pts',(-11.711029429236,3.18181188888579,-53.076608809651));
#7930=CARTESIAN_POINT('Ctrl Pts',(-11.7595130266101,3.28286895744469,-52.9544621013407));
#7931=CARTESIAN_POINT('Ctrl Pts',(-11.7965688531676,3.32952136386853,-52.8963243658877));
#7932=CARTESIAN_POINT('Ctrl Pts',(-11.8671366894295,3.37551775780295,-52.8257565296258));
#7933=CARTESIAN_POINT('Ctrl Pts',(-11.8924085156549,3.38781833094344,-52.804364703066));
#7934=CARTESIAN_POINT('Ctrl Pts',(-11.9483864253468,3.40318547944785,-52.7666059238416));
#7935=CARTESIAN_POINT('Ctrl Pts',(-11.9791548852474,3.40609136410823,-52.7502662485048));
#7936=CARTESIAN_POINT('Ctrl Pts',(-12.0403075132471,3.4014799724611,-52.7249663549007));
#7937=CARTESIAN_POINT('Ctrl Pts',(-12.0747948044101,3.3929832702507,-52.7147593652715));
#7938=CARTESIAN_POINT('Ctrl Pts',(-12.1410159847507,3.36473158371257,-52.7023498297902));
#7939=CARTESIAN_POINT('Ctrl Pts',(-12.1727830287594,3.34511938988786,-52.7));
#7940=CARTESIAN_POINT('Ctrl Pts',(-12.2000000002417,3.32453987418462,-52.7));
#7941=CARTESIAN_POINT('Origin',(-9.77499999995692,59.85,37.05));
#7942=CARTESIAN_POINT('',(-16.1999999999425,60.1,36.8));
#7943=CARTESIAN_POINT('',(-9.77499999995692,60.1,36.8));
#7944=CARTESIAN_POINT('',(-16.1453215849911,59.8726485410432,37.0273514589569));
#7945=CARTESIAN_POINT('Origin',(-15.6999999999425,60.1,36.8));
#7946=CARTESIAN_POINT('Origin',(-15.7428932187449,60.1,36.8));
#7947=CARTESIAN_POINT('Origin',(-0.0714466093430341,44.4285533905981,36.8));
#7948=CARTESIAN_POINT('',(-16.1999999999425,59.85,36.8000000000001));
#7949=CARTESIAN_POINT('Origin',(-15.6999999999425,60.0571067811976,36.8));
#7950=CARTESIAN_POINT('',(-15.6999999999426,59.35,36.8));
#7951=CARTESIAN_POINT('',(-0.424999999936305,44.0750000000048,36.8000000000001));
#7952=CARTESIAN_POINT('Origin',(-15.1999999999426,59.5571067811977,36.8));
#7953=CARTESIAN_POINT('Origin',(-15.6999999999425,29.05,36.8));
#7954=CARTESIAN_POINT('',(-16.1999999999425,29.05,36.8));
#7955=CARTESIAN_POINT('Origin',(-1.34999999997128,60.1,-3.85000000126032));
#7956=CARTESIAN_POINT('',(-10.7000000002418,60.1,-12.2));
#7957=CARTESIAN_POINT('',(-10.7000000002418,60.1,16.7249999993698));
#7958=CARTESIAN_POINT('',(-16.1999999999425,60.1,-12.2));
#7959=CARTESIAN_POINT('',(4.32500000001436,60.1,-12.2));
#7960=CARTESIAN_POINT('',(-16.1999999999425,60.1,-12.7));
#7961=CARTESIAN_POINT('Origin',(4.32500000001436,59.85,-12.45));
#7962=CARTESIAN_POINT('',(-16.1999999999425,60.0673310873556,-12.2326689126444));
#7963=CARTESIAN_POINT('',(-16.1999999999425,59.35,-12.95));
#7964=CARTESIAN_POINT('',(-10.7000000002418,59.6,-12.7));
#7965=CARTESIAN_POINT('',(-10.7000000002418,60.1,-12.2));
#7966=CARTESIAN_POINT('',(-14.5357864375692,59.6,-12.7));
#7967=CARTESIAN_POINT('',(4.32500000001436,59.6,-12.7));
#7968=CARTESIAN_POINT('Origin',(-15.5357864375692,60.6,-11.7));
#7969=CARTESIAN_POINT('Origin',(-10.4500000002418,59.85,16.7249999993698));
#7970=CARTESIAN_POINT('Origin',(-10.7000000002418,60.1,47.5928932188134));
#7971=CARTESIAN_POINT('',(-10.2000000002418,59.6,-12.2));
#7972=CARTESIAN_POINT('Origin',(-10.7000000002418,59.6,-12.2));
#7973=CARTESIAN_POINT('Origin',(-10.7000000002418,59.6,-12.2));
#7974=CARTESIAN_POINT('Origin',(7.33210678123045,37.7321067812003,-11.7));
#7975=CARTESIAN_POINT('',(-11.6999999999423,56.7642135623731,-12.7));
#7976=CARTESIAN_POINT('',(7.33210678123045,37.7321067812003,-12.7));
#7977=CARTESIAN_POINT('',(-12.6999999999423,56.35,-11.6999999999998));
#7978=CARTESIAN_POINT('Origin',(-11.6999999999423,56.7642135623731,-11.7));
#7979=CARTESIAN_POINT('',(-16.1999999999425,59.85,-11.6999999999998));
#7980=CARTESIAN_POINT('',(6.6250000000439,37.0250000000138,-11.6999999999998));
#7981=CARTESIAN_POINT('Origin',(-16.1999999999425,61.2642135623733,-11.7));
#7982=CARTESIAN_POINT('Origin',(10.,0.,-12.7));
#7983=CARTESIAN_POINT('',(-10.7000000002418,0.,-12.7));
#7984=CARTESIAN_POINT('',(-11.6999999999423,37.0929056833584,-12.7));
#7985=CARTESIAN_POINT('',(-1.34999999998156,37.0929056833604,-12.7));
#7986=CARTESIAN_POINT('',(-11.6999999999423,0.,-12.7));
#7987=CARTESIAN_POINT('Origin',(-10.7000000002418,0.,-12.2));
#7988=CARTESIAN_POINT('Origin',(-10.7000000002418,23.55,49.8));
#7989=CARTESIAN_POINT('',(-10.7000000002418,47.1,50.3));
#7990=CARTESIAN_POINT('',(-10.7000000002418,23.55,50.3));
#7991=CARTESIAN_POINT('Origin',(-10.7000000002418,47.2576493944395,49.8));
#7992=CARTESIAN_POINT('Origin',(-10.7000000002418,57.8928932188134,49.8));
#7993=CARTESIAN_POINT('Origin',(-10.7000000002418,19.2475379691378,30.1871088339099));
#7994=CARTESIAN_POINT('',(-10.7000000002418,18.9607497509623,30.5966848560543));
#7995=CARTESIAN_POINT('Origin',(-10.7000000002418,46.9714466094067,60.7214466094067));
#7996=CARTESIAN_POINT('Origin',(-10.2000000002418,28.5340759123525,37.3));
#7997=CARTESIAN_POINT('',(-11.2000000002418,47.1,50.3));
#7998=CARTESIAN_POINT('',(-10.2000000002418,47.1,50.3));
#7999=CARTESIAN_POINT('',(-11.2000000002418,38.4708201803034,44.2577832416813));
#8000=CARTESIAN_POINT('Origin',(-10.2000000002418,47.1,50.3));
#8001=CARTESIAN_POINT('',(-11.2000000002418,50.35,50.3));
#8002=CARTESIAN_POINT('Origin',(-11.2000000002418,50.35,49.8));
#8003=CARTESIAN_POINT('Origin',(-11.2000000002418,47.2576493944395,49.8));
#8004=CARTESIAN_POINT('Origin',(-11.2000000002418,38.7576083984789,43.8482072195368));
#8005=CARTESIAN_POINT('Origin',(-10.2000000002418,13.,-41.4128069041762));
#8006=CARTESIAN_POINT('',(-11.4500000000954,13.,-41.4128069041759));
#8007=CARTESIAN_POINT('Origin',(-12.6999999999505,7.21511110779744,-48.3069690242164));
#8008=CARTESIAN_POINT('',(-14.2918491973769,7.21511110779745,-48.306969024216));
#8009=CARTESIAN_POINT('',(-12.6999999999505,7.21511110779745,-48.3069690242164));
#8010=CARTESIAN_POINT('',(-14.2438530443484,7.59124218430499,-47.8587134625018));
#8011=CARTESIAN_POINT('Ctrl Pts',(-14.2438530443484,7.59124218430499,-47.8587134625018));
#8012=CARTESIAN_POINT('Ctrl Pts',(-14.2640433001882,7.54737118323796,-47.9109968856341));
#8013=CARTESIAN_POINT('Ctrl Pts',(-14.2806193513962,7.50287573846306,-47.9640244917987));
#8014=CARTESIAN_POINT('Ctrl Pts',(-14.3181070023835,7.36073908263251,-48.1334163620241));
#8015=CARTESIAN_POINT('Ctrl Pts',(-14.3137405322273,7.29030902373487,-48.217351637742));
#8016=CARTESIAN_POINT('Ctrl Pts',(-14.3039935545002,7.24068843920139,-48.2764871476264));
#8017=CARTESIAN_POINT('Ctrl Pts',(-14.3006509540645,7.22998042723517,-48.2892484593566));
#8018=CARTESIAN_POINT('Ctrl Pts',(-14.2956466218905,7.22012605645465,-48.3009924411371));
#8019=CARTESIAN_POINT('Ctrl Pts',(-14.2939200454697,7.217237281698,-48.3044351488315));
#8020=CARTESIAN_POINT('Ctrl Pts',(-14.2918491973772,7.21511110779733,-48.3069690242161));
#8021=CARTESIAN_POINT('',(-13.9928932186242,7.84637504420775,-47.5546579601239));
#8022=CARTESIAN_POINT('Ctrl Pts',(-13.9928932186242,7.84637504420779,-47.5546579601239));
#8023=CARTESIAN_POINT('Ctrl Pts',(-14.0681349175565,7.75807985686293,-47.6598840668509));
#8024=CARTESIAN_POINT('Ctrl Pts',(-14.1531391845317,7.67348206358836,-47.7607037909114));
#8025=CARTESIAN_POINT('Ctrl Pts',(-14.2438530443484,7.59124218430499,-47.8587134625018));
#8026=CARTESIAN_POINT('Ctrl Pts',(-11.6999999999545,9.65801278113332,-45.3956321786641));
#8027=CARTESIAN_POINT('Ctrl Pts',(-12.0542827265849,9.4131884101076,-45.6874025023886));
#8028=CARTESIAN_POINT('Ctrl Pts',(-12.6405566216873,9.00169206012822,-46.1778047558158));
#8029=CARTESIAN_POINT('Ctrl Pts',(-13.4210767095041,8.4048739437988,-46.8890648900765));
#8030=CARTESIAN_POINT('Ctrl Pts',(-13.8262860834377,8.04188642177193,-47.3216565735188));
#8031=CARTESIAN_POINT('Ctrl Pts',(-13.992893218627,7.84637504420443,-47.5546579601279));
#8032=CARTESIAN_POINT('Origin',(-12.6999999999502,5.3,-46.7));
#8033=CARTESIAN_POINT('',(-14.285786437577,7.20890374323785,-48.3143377896378));
#8034=CARTESIAN_POINT('',(-12.6999999999505,7.20890374323768,-48.314337789638));
#8035=CARTESIAN_POINT('Ctrl Pts',(-14.2918491973777,7.21511110779794,-48.3069690242154));
#8036=CARTESIAN_POINT('Ctrl Pts',(-14.2902387976809,7.21345768386144,-48.3089394981318));
#8037=CARTESIAN_POINT('Ctrl Pts',(-14.2886237464027,7.21180317456052,-48.3109050898279));
#8038=CARTESIAN_POINT('Ctrl Pts',(-14.286598292874,7.20973287669233,-48.3133569823782));
#8039=CARTESIAN_POINT('Ctrl Pts',(-14.2861926054604,7.20931843937372,-48.3138474244793));
#8040=CARTESIAN_POINT('Ctrl Pts',(-14.285786437577,7.20890374323785,-48.3143377896378));
#8041=CARTESIAN_POINT('Origin',(-10.2000000002418,7.20890374323767,-48.314337789638));
#8042=CARTESIAN_POINT('Ctrl Pts',(-14.285786433207,7.20890234827456,-48.3143366099039));
#8043=CARTESIAN_POINT('Ctrl Pts',(-14.2848201922978,7.08081533111654,-48.4657952738424));
#8044=CARTESIAN_POINT('Ctrl Pts',(-14.2398455347021,6.93052184330622,-48.6435124550163));
#8045=CARTESIAN_POINT('Ctrl Pts',(-14.1418674253871,6.77040767596092,-48.8328426621054));
#8046=CARTESIAN_POINT('Ctrl Pts',(-14.087758424947,6.68975762222248,-48.928209035815));
#8047=CARTESIAN_POINT('Ctrl Pts',(-13.9807930558417,6.55229798978908,-49.0907509811961));
#8048=CARTESIAN_POINT('Ctrl Pts',(-13.7326310475059,6.2895314999082,-49.4014650803053));
#8049=CARTESIAN_POINT('Ctrl Pts',(-13.2408587309813,5.86803583486029,-49.8998706528003));
#8050=CARTESIAN_POINT('Ctrl Pts',(-12.530870236419,5.33582524212876,-50.5291944997248));
#8051=CARTESIAN_POINT('Ctrl Pts',(-11.9790334039585,4.94702001686998,-50.9889416569391));
#8052=CARTESIAN_POINT('Ctrl Pts',(-11.7011646789489,4.75409957078563,-51.2170646056887));
#8053=CARTESIAN_POINT('Origin',(-45.7972779042318,1.5,-9.17995339849658));
#8054=CARTESIAN_POINT('',(-45.4552577609062,1.5,-10.1196460192825));
#8055=CARTESIAN_POINT('',(-45.4552577609062,1.5,-10.1196460192825));
#8056=CARTESIAN_POINT('',(-44.8575852834459,1.5,-8.83793325517091));
#8057=CARTESIAN_POINT('Origin',(-45.7972779042318,1.5,-9.17995339849658));
#8058=CARTESIAN_POINT('',(-44.8575852834459,1.57145787565054,-8.83793325517091));
#8059=CARTESIAN_POINT('',(-44.8575852834459,1.5,-8.83793325517091));
#8060=CARTESIAN_POINT('',(-44.8575852834459,6.02854212434946,-8.8379332551709));
#8061=CARTESIAN_POINT('Ctrl Pts',(-44.8575852834459,6.02854212434946,-8.83793325517091));
#8062=CARTESIAN_POINT('Ctrl Pts',(-44.8502787475929,6.01608027950632,-8.85800779744147));
#8063=CARTESIAN_POINT('Ctrl Pts',(-44.8437515981055,6.00264011031998,-8.87794733667108));
#8064=CARTESIAN_POINT('Ctrl Pts',(-44.8144876006581,5.93055657794931,-8.97737683201567));
#8065=CARTESIAN_POINT('Ctrl Pts',(-44.8034264371462,5.85883455783203,-9.0524138660104));
#8066=CARTESIAN_POINT('Ctrl Pts',(-44.7845046010083,5.5289976917724,-9.34576133264764));
#8067=CARTESIAN_POINT('Ctrl Pts',(-44.8441501699012,5.20562770621801,-9.50561303366301));
#8068=CARTESIAN_POINT('Ctrl Pts',(-44.9487317088691,4.5155012341448,-9.72260882774217));
#8069=CARTESIAN_POINT('Ctrl Pts',(-44.9925854782622,4.14667583269352,-9.7736453216243));
#8070=CARTESIAN_POINT('Ctrl Pts',(-44.9925854782622,3.8,-9.7736453216243));
#8071=CARTESIAN_POINT('Ctrl Pts',(-44.9925854782622,3.45332416730648,-9.7736453216243));
#8072=CARTESIAN_POINT('Ctrl Pts',(-44.9487317088691,3.0844987658552,-9.72260882774217));
#8073=CARTESIAN_POINT('Ctrl Pts',(-44.8441501699012,2.39437229378199,-9.50561303366301));
#8074=CARTESIAN_POINT('Ctrl Pts',(-44.7845046010083,2.0710023082276,-9.34576133264764));
#8075=CARTESIAN_POINT('Ctrl Pts',(-44.8034264371462,1.74116544216797,-9.0524138660104));
#8076=CARTESIAN_POINT('Ctrl Pts',(-44.8144876006581,1.66944342205069,-8.97737683201567));
#8077=CARTESIAN_POINT('Ctrl Pts',(-44.8437515981055,1.59735988968002,-8.87794733667108));
#8078=CARTESIAN_POINT('Ctrl Pts',(-44.8502787475929,1.58391972049368,-8.85800779744147));
#8079=CARTESIAN_POINT('Ctrl Pts',(-44.8575852834459,1.57145787565054,-8.83793325517091));
#8080=CARTESIAN_POINT('',(-44.8575852834459,22.5714578756505,-8.8379332551709));
#8081=CARTESIAN_POINT('',(-44.8575852834459,1.5,-8.83793325517091));
#8082=CARTESIAN_POINT('Ctrl Pts',(-44.797316802637,26.6999999952683,-9.18877356273616));
#8083=CARTESIAN_POINT('Ctrl Pts',(-44.7989961840672,26.4567559959534,-9.37916866869287));
#8084=CARTESIAN_POINT('Ctrl Pts',(-44.8498991315404,26.1676906988523,-9.51754152991902));
#8085=CARTESIAN_POINT('Ctrl Pts',(-44.9487317088691,25.5155012341448,-9.72260882774217));
#8086=CARTESIAN_POINT('Ctrl Pts',(-44.9925854782622,25.1466758326935,-9.7736453216243));
#8087=CARTESIAN_POINT('Ctrl Pts',(-44.9925854782622,24.8,-9.7736453216243));
#8088=CARTESIAN_POINT('Ctrl Pts',(-44.9925854782622,24.4533241673065,-9.7736453216243));
#8089=CARTESIAN_POINT('Ctrl Pts',(-44.9487317088691,24.0844987658552,-9.72260882774217));
#8090=CARTESIAN_POINT('Ctrl Pts',(-44.8441501699012,23.394372293782,-9.50561303366301));
#8091=CARTESIAN_POINT('Ctrl Pts',(-44.7845046010083,23.0710023082276,-9.34576133264764));
#8092=CARTESIAN_POINT('Ctrl Pts',(-44.8034264371462,22.741165442168,-9.0524138660104));
#8093=CARTESIAN_POINT('Ctrl Pts',(-44.8144876006581,22.6694434220507,-8.97737683201567));
#8094=CARTESIAN_POINT('Ctrl Pts',(-44.8437515981055,22.59735988968,-8.87794733667108));
#8095=CARTESIAN_POINT('Ctrl Pts',(-44.8502787475929,22.5839197204937,-8.85800779744147));
#8096=CARTESIAN_POINT('Ctrl Pts',(-44.8575852834459,22.5714578756505,-8.83793325517091));
#8097=CARTESIAN_POINT('Origin',(-45.8096454849937,24.8,-7.80102372554508));
#8098=CARTESIAN_POINT('',(-46.1846234395495,24.8,-5.19192588652157));
#8099=CARTESIAN_POINT('Origin',(-45.3022114697693,24.8,-7.61633284814922));
#8100=CARTESIAN_POINT('',(-46.8301097152066,24.8,-6.57617567176208));
#8101=CARTESIAN_POINT('',(-46.5073665773781,24.8,-5.88405077914183));
#8102=CARTESIAN_POINT('Origin',(-46.3170795002181,24.8,-7.98571460294094));
#8103=CARTESIAN_POINT('Origin',(-45.3022114697693,24.8,-7.61633284814922));
#8104=CARTESIAN_POINT('Origin',(-44.5155651401203,1.5,-9.77762587595681));
#8105=CARTESIAN_POINT('',(-46.1846234395495,3.8,-5.19192588652157));
#8106=CARTESIAN_POINT('Origin',(-45.3022114697693,3.8,-7.61633284814922));
#8107=CARTESIAN_POINT('',(-45.7020094643379,1.5,-6.51789688572861));
#8108=CARTESIAN_POINT('Origin',(-45.3022114697693,3.8,-7.61633284814922));
#8109=CARTESIAN_POINT('',(-49.1776652667715,1.5,3.03138894925403));
#8110=CARTESIAN_POINT('',(-43.076309451642,1.5,-13.7319483808724));
#8111=CARTESIAN_POINT('',(-50.4598752311204,3.8,6.55423187330226));
#8112=CARTESIAN_POINT('Origin',(-49.5774632613401,3.8,4.12982491167464));
#8113=CARTESIAN_POINT('',(-50.4598752311204,24.8,6.55423187330226));
#8114=CARTESIAN_POINT('',(-50.4598752311204,2.5,6.55423187330226));
#8115=CARTESIAN_POINT('Origin',(-49.5774632613401,24.8,4.12982491167464));
#8116=CARTESIAN_POINT('Origin',(-48.6377706405543,24.8,4.4718450550003));
#8117=CARTESIAN_POINT('',(-47.9429155513259,26.2085271317829,5.48655078771534));
#8118=CARTESIAN_POINT('Origin',(-48.8826081721118,26.2085271317829,5.14453064438967));
#8119=CARTESIAN_POINT('',(-49.4966390679177,25.3919957310566,6.83156666546388));
#8120=CARTESIAN_POINT('Origin',(-48.6377706405543,24.8,4.4718450550003));
#8121=CARTESIAN_POINT('',(-48.2240517078436,25.1625400213448,6.25896602954012));
#8122=CARTESIAN_POINT('Origin',(-49.1637443286295,25.1625400213448,5.91694588621445));
#8123=CARTESIAN_POINT('Origin',(-47.6980780197684,24.8,4.81386519832597));
#8124=CARTESIAN_POINT('Origin',(-50.1894771302347,12.441021994383,8.73512359701859));
#8125=CARTESIAN_POINT('',(-48.2384698462229,24.9837209302325,6.29857953916769));
#8126=CARTESIAN_POINT('',(-49.2497845094488,12.441021994383,9.07714374034426));
#8127=CARTESIAN_POINT('',(-49.5201826103345,25.1,6.89625201662793));
#8128=CARTESIAN_POINT('',(-50.5223718695229,12.6704777040948,9.64974437626805));
#8129=CARTESIAN_POINT('Origin',(-49.1781624670088,24.9837209302325,5.95655939584202));
#8130=CARTESIAN_POINT('Origin',(-49.1781624670088,2.5,5.95655939584202));
#8131=CARTESIAN_POINT('',(-48.2384698462229,13.5,6.29857953916769));
#8132=CARTESIAN_POINT('',(-48.2384698462229,2.5,6.29857953916769));
#8133=CARTESIAN_POINT('',(-49.5201826103345,13.0857864376269,6.89625201662792));
#8134=CARTESIAN_POINT('',(-49.5201826103345,2.5,6.89625201662793));
#8135=CARTESIAN_POINT('Origin',(-49.1781624670088,13.0857864376269,5.95655939584202));
#8136=CARTESIAN_POINT('Origin',(-44.674316077075,8.29289321881345,7.59582542148522));
#8137=CARTESIAN_POINT('',(-45.0163362204006,8.29289321881345,8.53551804227113));
#8138=CARTESIAN_POINT('',(-44.0098530526863,9.,7.8376701841332));
#8139=CARTESIAN_POINT('Ctrl Pts',(-48.2095946708696,26.7283832982568,5.67065077641731));
#8140=CARTESIAN_POINT('Ctrl Pts',(-48.16398389399,26.7961594274736,5.54533619685687));
#8141=CARTESIAN_POINT('Ctrl Pts',(-48.1435193115622,26.9332635147948,5.48911021873784));
#8142=CARTESIAN_POINT('Ctrl Pts',(-47.9927752255012,26.4953649573735,5.62353911665327));
#8143=CARTESIAN_POINT('Ctrl Pts',(-47.918564691116,26.605639394948,5.41964734914437));
#8144=CARTESIAN_POINT('Ctrl Pts',(-47.8852680077039,26.828713156953,5.32816546332696));
#8145=CARTESIAN_POINT('Ctrl Pts',(-47.9429155835058,26.2085270839647,5.48655087612872));
#8146=CARTESIAN_POINT('Ctrl Pts',(-47.8334996932168,26.3711155340183,5.18593318823031));
#8147=CARTESIAN_POINT('Ctrl Pts',(-47.7844071177572,26.7000151231682,5.05105244569215));
#8148=CARTESIAN_POINT('Origin',(-48.097876014337,27.1,5.91230116074658));
#8149=CARTESIAN_POINT('Origin',(-52.4114925726269,1.5,17.7638652508338));
#8150=CARTESIAN_POINT('',(-40.4766253793551,13.5,-15.0269128668705));
#8151=CARTESIAN_POINT('',(-50.5037453635129,13.5,12.5223728717653));
#8152=CARTESIAN_POINT('',(-40.4766253793551,0.75,-15.0269128668705));
#8153=CARTESIAN_POINT('Origin',(-45.8052822595833,8.5,14.2324735883937));
#8154=CARTESIAN_POINT('',(-39.1766999940116,12.6138618631626,-16.00753392644));
#8155=CARTESIAN_POINT('',(-27.1804617442911,-4.2630635799201,0.377901235764567));
#8156=CARTESIAN_POINT('',(-40.4178395965051,13.5428768014024,-15.3137888584408));
#8157=CARTESIAN_POINT('',(-34.5034828960326,9.11587623371547,-18.6196666042619));
#8158=CARTESIAN_POINT('Origin',(-41.416318000141,14.5,-15.3689330101962));
#8159=CARTESIAN_POINT('Origin',(-53.5269331433919,1.5,12.0570998312649));
#8160=CARTESIAN_POINT('',(-52.587240522606,1.5,12.3991199745906));
#8161=CARTESIAN_POINT('',(-52.587240522606,1.5,12.3991199745906));
#8162=CARTESIAN_POINT('',(-53.8689532867176,1.5,12.9967924520509));
#8163=CARTESIAN_POINT('Origin',(-53.5269331433919,1.5,12.0570998312649));
#8164=CARTESIAN_POINT('',(-53.8689532867176,1.5,12.9967924520509));
#8165=CARTESIAN_POINT('Origin',(-52.9292606659317,1.5,13.3388125953765));
#8166=CARTESIAN_POINT('',(-54.3387995971106,1.5,12.825782380388));
#8167=CARTESIAN_POINT('',(-39.2107337843019,1.5,18.3319480382705));
#8168=CARTESIAN_POINT('',(-54.3387995971106,1.5,12.825782380388));
#8169=CARTESIAN_POINT('Origin',(-46.2671242146248,1.5,-9.35096347015941));
#8170=CARTESIAN_POINT('',(-47.2068168354107,1.5,-9.69298361348508));
#8171=CARTESIAN_POINT('',(-47.2068168354107,1.5,-9.69298361348508));
#8172=CARTESIAN_POINT('',(-45.9251040712991,1.5,-10.2906560909453));
#8173=CARTESIAN_POINT('Origin',(-46.2671242146248,1.5,-9.35096347015941));
#8174=CARTESIAN_POINT('',(-45.9251040712991,1.5,-10.2906560909453));
#8175=CARTESIAN_POINT('Origin',(-14.1999999999043,1.5,-7.7));
#8176=CARTESIAN_POINT('',(-31.9716540344729,1.5,-5.21201561221985));
#8177=CARTESIAN_POINT('',(-54.9364720745708,1.5,11.5440696162764));
#8178=CARTESIAN_POINT('',(-49.6323887665125,1.5,-3.02877950351988));
#8179=CARTESIAN_POINT('Origin',(-53.9967794537849,1.5,11.8860897596021));
#8180=CARTESIAN_POINT('',(-49.9772612559088,1.5,5.22826087409525));
#8181=CARTESIAN_POINT('',(-43.076309451642,1.5,-13.7319483808724));
#8182=CARTESIAN_POINT('Ctrl Pts',(-49.9772612559088,1.5,5.22826087409525));
#8183=CARTESIAN_POINT('Ctrl Pts',(-50.0751361283678,1.5,3.94868680164084));
#8184=CARTESIAN_POINT('Ctrl Pts',(-49.1776652667715,1.5,3.03138894925403));
#8185=CARTESIAN_POINT('',(-44.9024134752006,1.5,-8.71476881056984));
#8186=CARTESIAN_POINT('Ctrl Pts',(-45.7020094643379,1.5,-6.51789688572861));
#8187=CARTESIAN_POINT('Ctrl Pts',(-45.799884336797,1.5,-7.79747095818298));
#8188=CARTESIAN_POINT('Ctrl Pts',(-44.9024134752006,1.5,-8.71476881056984));
#8189=CARTESIAN_POINT('',(-43.076309451642,1.5,-13.7319483808724));
#8190=CARTESIAN_POINT('Origin',(-55.2784922178965,1.5,12.4837622370624));
#8191=CARTESIAN_POINT('',(-54.9364720745708,1.5,11.5440696162764));
#8192=CARTESIAN_POINT('Origin',(-53.9967794537849,1.5,11.8860897596021));
#8193=CARTESIAN_POINT('Origin',(-47.4624691695453,0.75,-11.9143889983826));
#8194=CARTESIAN_POINT('',(-47.8044893128709,0.75,-10.9746963775967));
#8195=CARTESIAN_POINT('Origin',(-41.416318000141,0.75,-15.3689330101962));
#8196=CARTESIAN_POINT('Origin',(-41.416318000141,13.0857864376269,-15.3689330101962));
#8197=CARTESIAN_POINT('Origin',(-39.8411630184002,0.75,-16.249378689088));
#8198=CARTESIAN_POINT('Origin',(-39.8411630184002,1.5,-16.249378689088));
#8199=CARTESIAN_POINT('Origin',(-39.8411630184002,11.906755081976,-16.249378689088));
#8200=CARTESIAN_POINT('Origin',(-39.8411630184003,11.906755081976,-16.249378689088));
#8201=CARTESIAN_POINT('Origin',(-39.8411630184003,11.906755081976,-16.249378689088));
#8202=CARTESIAN_POINT('Origin',(-39.8411630184003,11.906755081976,-16.249378689088));
#8203=CARTESIAN_POINT('Origin',(-35.1679459204212,8.40876945252893,-18.8615113669099));
#8204=CARTESIAN_POINT('Origin',(-16.6999999999425,0.,-13.5));
#8205=CARTESIAN_POINT('',(-15.6999999999425,1.5,-13.5));
#8206=CARTESIAN_POINT('',(-15.6999999999425,0.,-13.5));
#8207=CARTESIAN_POINT('',(-16.6999999999425,1.5,-14.5));
#8208=CARTESIAN_POINT('Origin',(-16.6999999999425,1.5,-13.5));
#8209=CARTESIAN_POINT('',(-16.6999999999425,0.,-14.5));
#8210=CARTESIAN_POINT('Origin',(-15.6999999999425,0.,-6.9));
#8211=CARTESIAN_POINT('',(-15.6999999999425,1.5,-7.9));
#8212=CARTESIAN_POINT('',(-15.6999999999425,0.,-7.9));
#8213=CARTESIAN_POINT('',(-15.6999999999425,1.5,-7.3));
#8214=CARTESIAN_POINT('Origin',(-16.6999999999426,0.,-7.9));
#8215=CARTESIAN_POINT('',(-16.6999999999426,1.5,-6.9));
#8216=CARTESIAN_POINT('',(-16.6999999999426,0.,-6.9));
#8217=CARTESIAN_POINT('Origin',(-16.6999999999426,1.5,-7.9));
#8218=CARTESIAN_POINT('Origin',(-19.6999999999425,0.,-6.9));
#8219=CARTESIAN_POINT('',(-18.6999999999425,1.5,-6.9));
#8220=CARTESIAN_POINT('',(-18.6999999999425,0.,-6.9));
#8221=CARTESIAN_POINT('',(-16.9499999999234,1.5,-6.9));
#8222=CARTESIAN_POINT('Origin',(-18.6999999999425,0.,-7.9));
#8223=CARTESIAN_POINT('',(-19.6999999999425,1.5,-7.9));
#8224=CARTESIAN_POINT('',(-19.6999999999425,0.,-7.9));
#8225=CARTESIAN_POINT('Origin',(-18.6999999999425,1.5,-7.9));
#8226=CARTESIAN_POINT('Origin',(-19.6999999999425,0.,-14.5));
#8227=CARTESIAN_POINT('',(-19.6999999999425,1.5,-13.5));
#8228=CARTESIAN_POINT('',(-19.6999999999425,0.,-13.5));
#8229=CARTESIAN_POINT('',(-19.6999999999425,1.5,-11.1));
#8230=CARTESIAN_POINT('Origin',(-18.6999999999425,0.,-13.5));
#8231=CARTESIAN_POINT('',(-18.6999999999425,1.5,-14.5));
#8232=CARTESIAN_POINT('',(-18.6999999999425,0.,-14.5));
#8233=CARTESIAN_POINT('Origin',(-18.6999999999425,1.5,-13.5));
#8234=CARTESIAN_POINT('Origin',(-15.6999999999425,0.,-14.5));
#8235=CARTESIAN_POINT('',(-14.9499999999234,1.5,-14.5));
#8236=CARTESIAN_POINT('Origin',(-27.8449247686797,-4.97017036110665,0.136056473116591));
#8237=CARTESIAN_POINT('Ctrl Pts',(-13.992893218756,7.84306234379288,-47.5644651581624));
#8238=CARTESIAN_POINT('Ctrl Pts',(-14.0582354409855,7.7660324592034,-47.6555505778174));
#8239=CARTESIAN_POINT('Ctrl Pts',(-14.1751594330772,7.60783717464814,-47.8426115341974));
#8240=CARTESIAN_POINT('Ctrl Pts',(-14.3270537862513,7.26656954169094,-48.2461497937731));
#8241=CARTESIAN_POINT('Ctrl Pts',(-14.2658735303043,6.97477770026163,-48.5911844834929));
#8242=CARTESIAN_POINT('Ctrl Pts',(-14.1408889973179,6.77067010544125,-48.8325353050352));
#8243=CARTESIAN_POINT('Ctrl Pts',(-14.0867718365255,6.6900608769418,-48.9278531864661));
#8244=CARTESIAN_POINT('Ctrl Pts',(-13.9797910779397,6.55266494941954,-49.0903195562905));
#8245=CARTESIAN_POINT('Ctrl Pts',(-13.7315972102265,6.28999923706005,-49.4009135129962));
#8246=CARTESIAN_POINT('Ctrl Pts',(-13.2397760195565,5.86861180901076,-49.8991909143677));
#8247=CARTESIAN_POINT('Ctrl Pts',(-12.5297405331629,5.33647754042085,-50.5284229770354));
#8248=CARTESIAN_POINT('Ctrl Pts',(-11.9778793441915,4.94770706622235,-50.9881318547073));
#8249=CARTESIAN_POINT('Ctrl Pts',(-11.6999999999498,4.75480013065196,-51.2162382484066));
#8250=CARTESIAN_POINT('Ctrl Pts',(-14.1299702116391,7.89154741421566,-47.5071330849029));
#8251=CARTESIAN_POINT('Ctrl Pts',(-14.1940895865895,7.80993890717448,-47.6035861335506));
#8252=CARTESIAN_POINT('Ctrl Pts',(-14.3086491899388,7.64131778616709,-47.802858901086));
#8253=CARTESIAN_POINT('Ctrl Pts',(-14.4569445353852,7.2721368358767,-48.2392781679728));
#8254=CARTESIAN_POINT('Ctrl Pts',(-14.3972851102889,6.95363071212682,-48.6158447057159));
#8255=CARTESIAN_POINT('Ctrl Pts',(-14.2750033898335,6.73475745550442,-48.8747149548153));
#8256=CARTESIAN_POINT('Ctrl Pts',(-14.2220048155246,6.64855608265097,-48.9766830121413));
#8257=CARTESIAN_POINT('Ctrl Pts',(-14.1171335717008,6.50243515306575,-49.1495146959498));
#8258=CARTESIAN_POINT('Ctrl Pts',(-13.8733068787331,6.22597017281087,-49.476589140995));
#8259=CARTESIAN_POINT('Ctrl Pts',(-13.3881851301337,5.7897673722562,-49.9924529517086));
#8260=CARTESIAN_POINT('Ctrl Pts',(-12.6845912248144,5.24719022675241,-50.6342825233978));
#8261=CARTESIAN_POINT('Ctrl Pts',(-12.136068540905,4.85366511595528,-51.09924566571));
#8262=CARTESIAN_POINT('Ctrl Pts',(-11.8596448972796,4.65891036126522,-51.3296248896012));
#8263=CARTESIAN_POINT('Ctrl Pts',(-14.4039865061362,7.93143796554574,-47.3442961665406));
#8264=CARTESIAN_POINT('Ctrl Pts',(-14.4656962051206,7.84408880775798,-47.4543304402094));
#8265=CARTESIAN_POINT('Ctrl Pts',(-14.5756055670333,7.66132610922364,-47.6836743094024));
#8266=CARTESIAN_POINT('Ctrl Pts',(-14.7167877002609,7.24683498053304,-48.1946968676701));
#8267=CARTESIAN_POINT('Ctrl Pts',(-14.6601848784307,6.87054107567244,-48.6307145943081));
#8268=CARTESIAN_POINT('Ctrl Pts',(-14.5432561473188,6.6144847820795,-48.9181046591553));
#8269=CARTESIAN_POINT('Ctrl Pts',(-14.4924661233929,6.51395258537724,-49.0306791283582));
#8270=CARTESIAN_POINT('Ctrl Pts',(-14.391768158137,6.34452912135919,-49.2192468954641));
#8271=CARTESIAN_POINT('Ctrl Pts',(-14.1565423712352,6.02858539984023,-49.5690756250567));
#8272=CARTESIAN_POINT('Ctrl Pts',(-13.6846635422815,5.54562411249614,-50.1054545860252));
#8273=CARTESIAN_POINT('Ctrl Pts',(-12.9936728749739,4.96654712235949,-50.7588941600961));
#8274=CARTESIAN_POINT('Ctrl Pts',(-12.4518920810094,4.55632257436414,-51.2284155436163));
#8275=CARTESIAN_POINT('Ctrl Pts',(-12.1782921748981,4.35451037585601,-51.4603736498284));
#8276=CARTESIAN_POINT('Ctrl Pts',(-14.6189064326893,7.84885901664841,-47.1202823498095));
#8277=CARTESIAN_POINT('Ctrl Pts',(-14.6819947915492,7.76401915935151,-47.2445724715051));
#8278=CARTESIAN_POINT('Ctrl Pts',(-14.7945239519256,7.58365214924362,-47.5052365930811));
#8279=CARTESIAN_POINT('Ctrl Pts',(-14.939623869668,7.1514568521254,-48.0930444676782));
#8280=CARTESIAN_POINT('Ctrl Pts',(-14.8813006055221,6.71680172293098,-48.5737386907027));
#8281=CARTESIAN_POINT('Ctrl Pts',(-14.7613604311323,6.41857533456382,-48.8705184039991));
#8282=CARTESIAN_POINT('Ctrl Pts',(-14.7093240404215,6.30172077069884,-48.9859982201958));
#8283=CARTESIAN_POINT('Ctrl Pts',(-14.6062430980049,6.10524992401719,-49.1761414899408));
#8284=CARTESIAN_POINT('Ctrl Pts',(-14.3660462228554,5.7430970260209,-49.5206829067128));
#8285=CARTESIAN_POINT('Ctrl Pts',(-13.8861690369148,5.20628689775342,-50.0365867793608));
#8286=CARTESIAN_POINT('Ctrl Pts',(-13.1873501107763,4.58744903703764,-50.6655242718534));
#8287=CARTESIAN_POINT('Ctrl Pts',(-12.6410594973773,4.15947831981339,-51.120822382978));
#8288=CARTESIAN_POINT('Ctrl Pts',(-12.3656633560309,3.9504037700656,-51.3468810571659));
#8289=CARTESIAN_POINT('Ctrl Pts',(-14.6999999999426,7.78132575301022,-47.0049959138834));
#8290=CARTESIAN_POINT('Ctrl Pts',(-14.7653422221721,7.69949382296183,-47.1351488702558));
#8291=CARTESIAN_POINT('Ctrl Pts',(-14.8822662142638,7.52400807862331,-47.4090610000214));
#8292=CARTESIAN_POINT('Ctrl Pts',(-15.0341605674379,7.08996385572467,-48.0315333197667));
#8293=CARTESIAN_POINT('Ctrl Pts',(-14.972980311491,6.6283015966831,-48.5299322718301));
#8294=CARTESIAN_POINT('Ctrl Pts',(-14.8479957785046,6.31092224592221,-48.8263964412791));
#8295=CARTESIAN_POINT('Ctrl Pts',(-14.7938786177123,6.18673991086717,-48.9413467941018));
#8296=CARTESIAN_POINT('Ctrl Pts',(-14.6868978591264,5.97830224073085,-49.1288075135732));
#8297=CARTESIAN_POINT('Ctrl Pts',(-14.4387039914132,5.59666270378269,-49.4641973938047));
#8298=CARTESIAN_POINT('Ctrl Pts',(-13.9468828007432,5.0396410487432,-49.9617501139065));
#8299=CARTESIAN_POINT('Ctrl Pts',(-13.2368473143496,4.40845923875782,-50.5722843579763));
#8300=CARTESIAN_POINT('Ctrl Pts',(-12.6849861253782,3.97562558106986,-51.0183255012508));
#8301=CARTESIAN_POINT('Ctrl Pts',(-12.4071067811365,3.76473779895559,-51.2403519005694));
#8302=CARTESIAN_POINT('',(-12.6999999994067,3.98995245531384,-51.005087157435));
#8303=CARTESIAN_POINT('',(-14.6999999999506,6.01279153720994,-49.0962320890264));
#8304=CARTESIAN_POINT('Ctrl Pts',(-12.700046004296,3.98996356942031,-51.0051548683533));
#8305=CARTESIAN_POINT('Ctrl Pts',(-12.878873293174,4.12942444821334,-50.8607629649248));
#8306=CARTESIAN_POINT('Ctrl Pts',(-13.3306841133485,4.49187490145405,-50.4915974342372));
#8307=CARTESIAN_POINT('Ctrl Pts',(-13.9468828007432,5.0396410487432,-49.9617501139065));
#8308=CARTESIAN_POINT('Ctrl Pts',(-14.4324105671462,5.58953496372679,-49.4705641596583));
#8309=CARTESIAN_POINT('Ctrl Pts',(-14.6405309647686,5.90707064060278,-49.191409418529));
#8310=CARTESIAN_POINT('Ctrl Pts',(-14.7008881631085,6.01299071135079,-49.09703912591));
#8311=CARTESIAN_POINT('',(-14.6999999999502,7.78132575300079,-47.0049959138985));
#8312=CARTESIAN_POINT('Ctrl Pts',(-14.6999999999507,6.0127915372101,-49.0962320890262));
#8313=CARTESIAN_POINT('Ctrl Pts',(-14.6999999999507,6.08492114680184,-49.0747761643123));
#8314=CARTESIAN_POINT('Ctrl Pts',(-14.6999999999507,6.15551719065193,-49.0468154746954));
#8315=CARTESIAN_POINT('Ctrl Pts',(-14.6999999999507,6.50869734440237,-48.8789725318234));
#8316=CARTESIAN_POINT('Ctrl Pts',(-14.6999999999506,6.77137694260228,-48.6558864545346));
#8317=CARTESIAN_POINT('Ctrl Pts',(-14.6999999999506,7.01920450659166,-48.3937314659494));
#8318=CARTESIAN_POINT('Ctrl Pts',(-14.6999999999505,7.04966828075577,-48.3603909267953));
#8319=CARTESIAN_POINT('Ctrl Pts',(-14.6999999999505,7.09152272885172,-48.3130685524201));
#8320=CARTESIAN_POINT('Ctrl Pts',(-14.6999999999505,7.10344992375622,-48.2994044977674));
#8321=CARTESIAN_POINT('Ctrl Pts',(-14.6999999999505,7.12336390807076,-48.276290264938));
#8322=CARTESIAN_POINT('Ctrl Pts',(-14.6999999999505,7.13140458895049,-48.2668735375167));
#8323=CARTESIAN_POINT('Ctrl Pts',(-14.6999999999505,7.14728866771646,-48.2481039865476));
#8324=CARTESIAN_POINT('Ctrl Pts',(-14.6999999999505,7.15513623773008,-48.2387485601437));
#8325=CARTESIAN_POINT('Ctrl Pts',(-14.6999999999505,7.17398826079072,-48.2160742410262));
#8326=CARTESIAN_POINT('Ctrl Pts',(-14.6999999999504,7.1849572460326,-48.2027144874099));
#8327=CARTESIAN_POINT('Ctrl Pts',(-14.6999999999504,7.21995571500377,-48.1595437142208));
#8328=CARTESIAN_POINT('Ctrl Pts',(-14.6999999999505,7.24370573342501,-48.1294102511595));
#8329=CARTESIAN_POINT('Ctrl Pts',(-14.6999999999505,7.31975179731478,-48.0300414949969));
#8330=CARTESIAN_POINT('Ctrl Pts',(-14.6999999999504,7.37070254317049,-47.9588360852741));
#8331=CARTESIAN_POINT('Ctrl Pts',(-14.6999999999504,7.52308685693949,-47.7278409432292));
#8332=CARTESIAN_POINT('Ctrl Pts',(-14.6999999999504,7.61709951381993,-47.5565828242198));
#8333=CARTESIAN_POINT('Ctrl Pts',(-14.6999999999503,7.73059082646538,-47.2590367589744));
#8334=CARTESIAN_POINT('Ctrl Pts',(-14.6999999999503,7.76566426243086,-47.132411587717));
#8335=CARTESIAN_POINT('Ctrl Pts',(-14.6999999999502,7.78132575300069,-47.0049959138986));
#8336=CARTESIAN_POINT('Ctrl Pts',(-14.6999999999426,7.78132575301021,-47.0049959138834));
#8337=CARTESIAN_POINT('Ctrl Pts',(-14.6999999999436,7.78117762963489,-47.0062009868917));
#8338=CARTESIAN_POINT('Ctrl Pts',(-14.6999326412797,7.78109275072965,-47.0074289333027));
#8339=CARTESIAN_POINT('Ctrl Pts',(-14.6996794036814,7.78099888431149,-47.0101935977195));
#8340=CARTESIAN_POINT('Ctrl Pts',(-14.6994599232945,7.7810170304228,-47.0117715191355));
#8341=CARTESIAN_POINT('Ctrl Pts',(-14.6985179053979,7.78124023736722,-47.0172954905602));
#8342=CARTESIAN_POINT('Ctrl Pts',(-14.697473354622,7.78171343922056,-47.0214634505501));
#8343=CARTESIAN_POINT('Ctrl Pts',(-14.6922307931464,7.78431940379321,-47.0396002825415));
#8344=CARTESIAN_POINT('Ctrl Pts',(-14.6847389899135,7.78871745073478,-47.0579719959353));
#8345=CARTESIAN_POINT('Ctrl Pts',(-14.6394362395899,7.8121098556118,-47.150476275607));
#8346=CARTESIAN_POINT('Ctrl Pts',(-14.5756349217746,7.83858311657251,-47.2455739163097));
#8347=CARTESIAN_POINT('Ctrl Pts',(-14.4238719135525,7.83920241226064,-47.4271424225748));
#8348=CARTESIAN_POINT('Ctrl Pts',(-14.3647860414054,7.82629272719666,-47.4898994624802));
#8349=CARTESIAN_POINT('Ctrl Pts',(-14.2919247526245,7.79287052710205,-47.5774251866125));
#8350=CARTESIAN_POINT('Ctrl Pts',(-14.2666469368824,7.77643301644079,-47.6103180085782));
#8351=CARTESIAN_POINT('Ctrl Pts',(-14.2311081202235,7.73576014354546,-47.6761630976935));
#8352=CARTESIAN_POINT('Ctrl Pts',(-14.2226544250211,7.7148420009232,-47.7049080455071));
#8353=CARTESIAN_POINT('Ctrl Pts',(-14.2172600105993,7.66338668157128,-47.7720202115993));
#8354=CARTESIAN_POINT('Ctrl Pts',(-14.2259238215001,7.63020023223408,-47.8122850689219));
#8355=CARTESIAN_POINT('Ctrl Pts',(-14.2438530443484,7.59124218430499,-47.8587134625018));
#8356=CARTESIAN_POINT('',(-12.6609296087292,3.95954484771337,-51.0366277216655));
#8357=CARTESIAN_POINT('Ctrl Pts',(-11.6999999999498,4.75480013065196,-51.2162382484066));
#8358=CARTESIAN_POINT('Ctrl Pts',(-11.7014951797717,4.75442051378822,-51.2166871334273));
#8359=CARTESIAN_POINT('Ctrl Pts',(-11.7029903474559,4.75403825350874,-51.2171337524428));
#8360=CARTESIAN_POINT('Ctrl Pts',(-11.704485492279,4.75365335621514,-51.2175781057311));
#8361=CARTESIAN_POINT('Ctrl Pts',(-11.7481945098207,4.74240128063112,-51.2305683160274));
#8362=CARTESIAN_POINT('Ctrl Pts',(-11.7918198713351,4.72891545104308,-51.241605966025));
#8363=CARTESIAN_POINT('Ctrl Pts',(-11.8350946509705,4.71335447016668,-51.2506970896341));
#8364=CARTESIAN_POINT('Ctrl Pts',(-11.8784577645783,4.69776172567956,-51.2598067703581));
#8365=CARTESIAN_POINT('Ctrl Pts',(-11.9214696281306,4.68008467528584,-51.2669623124674));
#8366=CARTESIAN_POINT('Ctrl Pts',(-11.9638538755443,4.66044749857635,-51.2721330880564));
#8367=CARTESIAN_POINT('Ctrl Pts',(-11.9910064637952,4.64786734896559,-51.2754456380974));
#8368=CARTESIAN_POINT('Ctrl Pts',(-12.0179012882563,4.63448206717355,-51.2779428780208));
#8369=CARTESIAN_POINT('Ctrl Pts',(-12.0444617514907,4.62031863989342,-51.2796078164389));
#8370=CARTESIAN_POINT('Ctrl Pts',(-12.0853119869049,4.59853515917782,-51.2821685069557));
#8371=CARTESIAN_POINT('Ctrl Pts',(-12.1252312924887,4.5749881563244,-51.2827529669863));
#8372=CARTESIAN_POINT('Ctrl Pts',(-12.1639405763381,4.54978976996462,-51.2813104526009));
#8373=CARTESIAN_POINT('Ctrl Pts',(-12.2011686264456,4.52555561482819,-51.2799231368855));
#8374=CARTESIAN_POINT('Ctrl Pts',(-12.2372780474079,4.49979333545205,-51.276661105569));
#8375=CARTESIAN_POINT('Ctrl Pts',(-12.2719971676284,4.47258740204085,-51.2714403101753));
#8376=CARTESIAN_POINT('Ctrl Pts',(-12.2828245314868,4.46410307011428,-51.2698121741223));
#8377=CARTESIAN_POINT('Ctrl Pts',(-12.2935164732896,4.45547826213246,-51.267993239922));
#8378=CARTESIAN_POINT('Ctrl Pts',(-12.3040641295452,4.44671538085702,-51.2659801133005));
#8379=CARTESIAN_POINT('Ctrl Pts',(-12.3166255721781,4.43627946715529,-51.26358263523));
#8380=CARTESIAN_POINT('Ctrl Pts',(-12.3289823871736,4.42564771363772,-51.2609097401069));
#8381=CARTESIAN_POINT('Ctrl Pts',(-12.3411240267702,4.41482805919231,-51.2579643622955));
#8382=CARTESIAN_POINT('Ctrl Pts',(-12.3743908459332,4.38518334070269,-51.249894335983));
#8383=CARTESIAN_POINT('Ctrl Pts',(-12.405868427024,4.35428555642574,-51.2398245196733));
#8384=CARTESIAN_POINT('Ctrl Pts',(-12.4353695954005,4.32232658486321,-51.2278573847724));
#8385=CARTESIAN_POINT('Ctrl Pts',(-12.4639742485199,4.29133881909289,-51.2162539208586));
#8386=CARTESIAN_POINT('Ctrl Pts',(-12.4907211018105,4.25935251398886,-51.202866376181));
#8387=CARTESIAN_POINT('Ctrl Pts',(-12.5154085718501,4.22654353787159,-51.1877521015175));
#8388=CARTESIAN_POINT('Ctrl Pts',(-12.5380033942112,4.1965156335934,-51.1739189970887));
#8389=CARTESIAN_POINT('Ctrl Pts',(-12.558873110109,4.16579810682336,-51.1586390181299));
#8390=CARTESIAN_POINT('Ctrl Pts',(-12.5778356211624,4.13453586646273,-51.1419314440096));
#8391=CARTESIAN_POINT('Ctrl Pts',(-12.5983453405917,4.10072284577546,-51.1238606486076));
#8392=CARTESIAN_POINT('Ctrl Pts',(-12.6165055069127,4.06646391662505,-51.104224576536));
#8393=CARTESIAN_POINT('Ctrl Pts',(-12.6321240888385,4.03196672050551,-51.0830747791902));
#8394=CARTESIAN_POINT('Ctrl Pts',(-12.6430085649725,4.00792587546356,-51.0683356392642));
#8395=CARTESIAN_POINT('Ctrl Pts',(-12.6526580463362,3.98376941224152,-51.0528606220916));
#8396=CARTESIAN_POINT('Ctrl Pts',(-12.660996708921,3.95957276296588,-51.0366580048901));
#8397=CARTESIAN_POINT('Ctrl Pts',(-12.6609681378462,3.95955057207711,-51.0366810354611));
#8398=CARTESIAN_POINT('Ctrl Pts',(-12.6740004834259,3.96967265916439,-51.026175929065));
#8399=CARTESIAN_POINT('Ctrl Pts',(-12.6870265396869,3.97981016393515,-51.0156672755385));
#8400=CARTESIAN_POINT('Ctrl Pts',(-12.700046004296,3.98996356942031,-51.0051548683533));
#8401=CARTESIAN_POINT('Origin',(-11.6999999999485,13.7223555929567,-39.0637629017912));
#8402=CARTESIAN_POINT('',(-12.6999999999512,3.5,-51.1513773907498));
#8403=CARTESIAN_POINT('Origin',(-11.6999999999512,3.5,-51.15137739075));
#8404=CARTESIAN_POINT('',(-12.6999999999511,3.70572017031355,-50.9081197493245));
#8405=CARTESIAN_POINT('',(-12.6999999999485,13.7223555929567,-39.063762901791));
#8406=CARTESIAN_POINT('Ctrl Pts',(-12.6999999999511,3.70572017031355,-50.9081197493245));
#8407=CARTESIAN_POINT('Ctrl Pts',(-12.6999999999511,3.72874999360543,-50.9168447821046));
#8408=CARTESIAN_POINT('Ctrl Pts',(-12.6991895433421,3.75156232767914,-50.9261369621571));
#8409=CARTESIAN_POINT('Ctrl Pts',(-12.6926737369678,3.84010414642337,-50.9649593951205));
#8410=CARTESIAN_POINT('Ctrl Pts',(-12.6803662096823,3.90312590516775,-50.9988446399206));
#8411=CARTESIAN_POINT('Ctrl Pts',(-12.6609296082136,3.95954484695724,-51.0366277225316));
#8412=CARTESIAN_POINT('Origin',(-14.6999999999502,5.3,-46.6999999999996));
#8413=CARTESIAN_POINT('',(-14.6999999997991,7.78248275793065,-46.9954307989267));
#8414=CARTESIAN_POINT('Origin',(-14.6999999999502,5.3,-46.6999999999996));
#8415=CARTESIAN_POINT('Origin',(-14.6999999999502,5.3,-46.6999999999996));
#8416=CARTESIAN_POINT('Origin',(-13.6999999999501,5.3,-46.6999999999998));
#8417=CARTESIAN_POINT('Origin',(-12.6999999999502,5.3,-46.7));
#8418=CARTESIAN_POINT('',(-12.6999999999426,2.88960584136121,-50.5));
#8419=CARTESIAN_POINT('Ctrl Pts',(-12.6999999999426,2.88960584134542,-50.5));
#8420=CARTESIAN_POINT('Ctrl Pts',(-12.7297582200457,2.94516189635133,-50.5));
#8421=CARTESIAN_POINT('Ctrl Pts',(-12.7581535370487,3.00000000000038,-50.5));
#8422=CARTESIAN_POINT('',(-12.6999999999426,1.5,-49.1103941586388));
#8423=CARTESIAN_POINT('Origin',(-12.6999999999502,5.3,-46.7));
#8424=CARTESIAN_POINT('',(-12.6999999999426,1.5,-44.2896058413612));
#8425=CARTESIAN_POINT('Ctrl Pts',(-12.6999999999268,1.5,-44.2896058413185));
#8426=CARTESIAN_POINT('Ctrl Pts',(-13.9911111110775,1.5,-46.6999999999997));
#8427=CARTESIAN_POINT('Ctrl Pts',(-12.6999999999279,1.5,-49.1103941586815));
#8428=CARTESIAN_POINT('',(-12.6999999999497,9.17618353071073,-44.4141300920116));
#8429=CARTESIAN_POINT('Origin',(-12.6999999999502,5.3,-46.7));
#8430=CARTESIAN_POINT('',(-12.6609296083152,9.3459367448349,-44.6424393384725));
#8431=CARTESIAN_POINT('Ctrl Pts',(-12.6609296081939,9.34593674500545,-44.6424393382626));
#8432=CARTESIAN_POINT('Ctrl Pts',(-12.680366209673,9.29911982067668,-44.5932576961262));
#8433=CARTESIAN_POINT('Ctrl Pts',(-12.6926737369648,9.25502259884571,-44.5369071245197));
#8434=CARTESIAN_POINT('Ctrl Pts',(-12.6991895433406,9.20172530710697,-44.4562458967494));
#8435=CARTESIAN_POINT('Ctrl Pts',(-12.6999999999497,9.18869343612814,-44.4353433243046));
#8436=CARTESIAN_POINT('Ctrl Pts',(-12.6999999999497,9.17618353071074,-44.4141300920116));
#8437=CARTESIAN_POINT('',(-12.6999999997943,9.32001925290285,-44.6777623267801));
#8438=CARTESIAN_POINT('Ctrl Pts',(-12.661095940801,9.34604719115645,-44.6423318278301));
#8439=CARTESIAN_POINT('Ctrl Pts',(-12.6741394971508,9.33741895523799,-44.6540824293815));
#8440=CARTESIAN_POINT('Ctrl Pts',(-12.6871770404931,9.32879011272947,-44.6658484923263));
#8441=CARTESIAN_POINT('Ctrl Pts',(-12.7002081742922,9.3201604491511,-44.6776307093799));
#8442=CARTESIAN_POINT('Ctrl Pts',(-14.6999999998134,7.78248275798777,-46.9954307989644));
#8443=CARTESIAN_POINT('Ctrl Pts',(-14.5333928646241,7.98985421808774,-46.6627700318901));
#8444=CARTESIAN_POINT('Ctrl Pts',(-14.1281834906905,8.33518319934908,-46.0976027218478));
#8445=CARTESIAN_POINT('Ctrl Pts',(-13.4401446222317,8.82642514551394,-45.3627868877892));
#8446=CARTESIAN_POINT('Ctrl Pts',(-12.9551019246025,9.15136106858269,-44.9080951906797));
#8447=CARTESIAN_POINT('Ctrl Pts',(-12.7002081742922,9.32016044915111,-44.6776307093799));
#8448=CARTESIAN_POINT('Origin',(-12.6999999999426,0.,-12.7));
#8449=CARTESIAN_POINT('',(-12.6999999999486,3.5,-39.7000000000002));
#8450=CARTESIAN_POINT('Origin',(-11.6999999999484,13.7250164006909,-38.9930421771023));
#8451=CARTESIAN_POINT('',(-12.6999999999423,36.6265980252034,-11.6999999999998));
#8452=CARTESIAN_POINT('',(-12.6999999999484,13.7250164006909,-38.9930421771021));
#8453=CARTESIAN_POINT('Origin',(-11.6999999999423,36.6265980252034,-11.7));
#8454=CARTESIAN_POINT('',(-11.6999999999486,14.4910608438099,-39.6358297867888));
#8455=CARTESIAN_POINT('Ctrl Pts',(-11.6999999999545,9.65801278113331,-45.3956321786642));
#8456=CARTESIAN_POINT('Ctrl Pts',(-11.7014918609887,9.65838982643415,-45.3951828335723));
#8457=CARTESIAN_POINT('Ctrl Pts',(-11.7029837110483,9.65876420179458,-45.3947312779517));
#8458=CARTESIAN_POINT('Ctrl Pts',(-11.7044755394906,9.65913590856499,-45.3942775180193));
#8459=CARTESIAN_POINT('Ctrl Pts',(-11.7492087317998,9.67028171459155,-45.3806713085241));
#8460=CARTESIAN_POINT('Ctrl Pts',(-11.7938722445725,9.67901931646393,-45.3651014396155));
#8461=CARTESIAN_POINT('Ctrl Pts',(-11.83817869681,9.68537812185811,-45.3477298660725));
#8462=CARTESIAN_POINT('Ctrl Pts',(-11.8824851490475,9.69173692725229,-45.3303582925295));
#8463=CARTESIAN_POINT('Ctrl Pts',(-11.9264353932692,9.6957171813415,-45.3111842027277));
#8464=CARTESIAN_POINT('Ctrl Pts',(-11.9697319781109,9.69730199377281,-45.2903399910387));
#8465=CARTESIAN_POINT('Ctrl Pts',(-12.0123434951749,9.69886173023255,-45.2698255905307));
#8466=CARTESIAN_POINT('Ctrl Pts',(-12.0542168441366,9.69809706331563,-45.2477444783094));
#8467=CARTESIAN_POINT('Ctrl Pts',(-12.0950598657266,9.69498192212981,-45.2242229377382));
#8468=CARTESIAN_POINT('Ctrl Pts',(-12.1359028873165,9.69186678094399,-45.2007013971671));
#8469=CARTESIAN_POINT('Ctrl Pts',(-12.1757164573225,9.68640146870188,-45.1757386288018));
#8470=CARTESIAN_POINT('Ctrl Pts',(-12.2141821364596,9.67851059478434,-45.1494483580595));
#8471=CARTESIAN_POINT('Ctrl Pts',(-12.2452010610799,9.67214735283132,-45.1282477463794));
#8472=CARTESIAN_POINT('Ctrl Pts',(-12.2752348187329,9.664227574113,-45.106258786316));
#8473=CARTESIAN_POINT('Ctrl Pts',(-12.3041196038082,9.65472184652028,-45.0835500316314));
#8474=CARTESIAN_POINT('Ctrl Pts',(-12.3402792224559,9.64282203546665,-45.055121919488));
#8475=CARTESIAN_POINT('Ctrl Pts',(-12.374639721418,9.62843790932647,-45.0255649112612));
#8476=CARTESIAN_POINT('Ctrl Pts',(-12.4069667196372,9.61170073622437,-44.9950652372596));
#8477=CARTESIAN_POINT('Ctrl Pts',(-12.4369225806939,9.59619120983632,-44.9668026689112));
#8478=CARTESIAN_POINT('Ctrl Pts',(-12.4651324037657,9.57866042761042,-44.9377298831553));
#8479=CARTESIAN_POINT('Ctrl Pts',(-12.4913751170202,9.55917806043678,-44.9080065416525));
#8480=CARTESIAN_POINT('Ctrl Pts',(-12.493452342326,9.55763594603276,-44.9056538094275));
#8481=CARTESIAN_POINT('Ctrl Pts',(-12.4955172231897,9.55608158797484,-44.9032970109668));
#8482=CARTESIAN_POINT('Ctrl Pts',(-12.4975696395513,9.55451501260409,-44.9009362309339));
#8483=CARTESIAN_POINT('Ctrl Pts',(-12.5237634402614,9.53452171893018,-44.8708069633746));
#8484=CARTESIAN_POINT('Ctrl Pts',(-12.5477504309344,9.51267844954934,-44.8402324080785));
#8485=CARTESIAN_POINT('Ctrl Pts',(-12.5693456727224,9.48910019736101,-44.809402677138));
#8486=CARTESIAN_POINT('Ctrl Pts',(-12.5901000066541,9.46644007045682,-44.7797734404178));
#8487=CARTESIAN_POINT('Ctrl Pts',(-12.6086454504644,9.44217692206567,-44.7499077778568));
#8488=CARTESIAN_POINT('Ctrl Pts',(-12.624785551558,9.41638214609066,-44.7199883122652));
#8489=CARTESIAN_POINT('Ctrl Pts',(-12.6387476936503,9.39406813917609,-44.6941062048673));
#8490=CARTESIAN_POINT('Ctrl Pts',(-12.6509095298668,9.37060738488811,-44.66818372338));
#8491=CARTESIAN_POINT('Ctrl Pts',(-12.6611210075197,9.34603060966365,-44.6423544098124));
#8492=CARTESIAN_POINT('Ctrl Pts',(-11.6999999999545,9.65801278113332,-45.3956321786641));
#8493=CARTESIAN_POINT('Ctrl Pts',(-12.0542827265849,9.4131884101076,-45.6874025023886));
#8494=CARTESIAN_POINT('Ctrl Pts',(-12.6405566216873,9.00169206012822,-46.1778047558158));
#8495=CARTESIAN_POINT('Ctrl Pts',(-13.4210767095041,8.4048739437988,-46.8890648900765));
#8496=CARTESIAN_POINT('Ctrl Pts',(-13.8262860834377,8.04188642177193,-47.3216565735188));
#8497=CARTESIAN_POINT('Ctrl Pts',(-13.992893218627,7.84637504420443,-47.5546579601279));
#8498=CARTESIAN_POINT('Ctrl Pts',(-11.8596448972841,9.7534648545053,-45.2818768273025));
#8499=CARTESIAN_POINT('Ctrl Pts',(-12.2120716760214,9.50618498992342,-45.5764609863034));
#8500=CARTESIAN_POINT('Ctrl Pts',(-12.7946657344401,9.08996528102238,-46.0729398664663));
#8501=CARTESIAN_POINT('Ctrl Pts',(-13.5674018646452,8.47934187432748,-46.8002885362799));
#8502=CARTESIAN_POINT('Ctrl Pts',(-13.9664810462204,8.10177174517493,-47.2504069993533));
#8503=CARTESIAN_POINT('Ctrl Pts',(-14.1299702115125,7.8946388009107,-47.4971394546811));
#8504=CARTESIAN_POINT('Ctrl Pts',(-12.1782925868683,9.83061180289612,-44.9596921788295));
#8505=CARTESIAN_POINT('Ctrl Pts',(-12.5271192368211,9.58287649608105,-45.2634854058013));
#8506=CARTESIAN_POINT('Ctrl Pts',(-13.1022659158742,9.16497729167236,-45.7787445124885));
#8507=CARTESIAN_POINT('Ctrl Pts',(-13.8597862119386,8.54649443860343,-46.5543558027815));
#8508=CARTESIAN_POINT('Ctrl Pts',(-14.2466415418962,8.15553837561759,-47.0527326084039));
#8509=CARTESIAN_POINT('Ctrl Pts',(-14.4039866062429,7.93390170243475,-47.3341501132468));
#8510=CARTESIAN_POINT('Ctrl Pts',(-12.3656633560352,9.65012936958467,-44.5807340867366));
#8511=CARTESIAN_POINT('Ctrl Pts',(-12.7167801190532,9.41137894360446,-44.8923743853411));
#8512=CARTESIAN_POINT('Ctrl Pts',(-13.2969244936625,9.01244258116789,-45.4240956708655));
#8513=CARTESIAN_POINT('Ctrl Pts',(-14.0637916519377,8.43053301404016,-46.2451058581453));
#8514=CARTESIAN_POINT('Ctrl Pts',(-14.4580461132358,8.06555834005776,-46.7927145095043));
#8515=CARTESIAN_POINT('Ctrl Pts',(-14.6189064325646,7.850459825672,-47.1104561104339));
#8516=CARTESIAN_POINT('Ctrl Pts',(-12.4071067811408,9.51361247149855,-44.4158600421745));
#8517=CARTESIAN_POINT('Ctrl Pts',(-12.7613895077712,9.28032096112816,-44.7289053343275));
#8518=CARTESIAN_POINT('Ctrl Pts',(-13.3476634028737,8.89245434279297,-45.2640182462886));
#8519=CARTESIAN_POINT('Ctrl Pts',(-14.1281834906905,8.33518319934908,-46.0976027218478));
#8520=CARTESIAN_POINT('Ctrl Pts',(-14.5333928646241,7.98985421808774,-46.6627700318901));
#8521=CARTESIAN_POINT('Ctrl Pts',(-14.6999999998134,7.78248275798777,-46.9954307989644));
#8522=CARTESIAN_POINT('Origin',(-13.992893218624,7.08033060108877,-46.9118703504374));
#8523=CARTESIAN_POINT('Ctrl Pts',(-14.6999999999504,7.66817894808607,-47.5010795652376));
#8524=CARTESIAN_POINT('Ctrl Pts',(-14.6999999999503,7.72748221083145,-47.3257652213438));
#8525=CARTESIAN_POINT('Ctrl Pts',(-14.6999999999503,7.76354590893251,-47.1545557144919));
#8526=CARTESIAN_POINT('Ctrl Pts',(-14.6999999999502,7.78248275785274,-46.9954307989422));
#8527=CARTESIAN_POINT('Ctrl Pts',(-14.6235600365986,7.68175551671409,-47.5832214534236));
#8528=CARTESIAN_POINT('Ctrl Pts',(-14.6126690319633,7.7566607582284,-47.4268090900075));
#8529=CARTESIAN_POINT('Ctrl Pts',(-14.6067599377469,7.8156510569343,-47.2726328783328));
#8530=CARTESIAN_POINT('Ctrl Pts',(-14.6073216373758,7.86017083524637,-47.1268882977755));
#8531=CARTESIAN_POINT('Ctrl Pts',(-14.4743651234274,7.67694789048083,-47.7172762627552));
#8532=CARTESIAN_POINT('Ctrl Pts',(-14.4350941189203,7.76829707959781,-47.5924136892013));
#8533=CARTESIAN_POINT('Ctrl Pts',(-14.4039376768995,7.85492173152574,-47.4688722035248));
#8534=CARTESIAN_POINT('Ctrl Pts',(-14.3846226574193,7.93562369207178,-47.3494411837459));
#8535=CARTESIAN_POINT('Ctrl Pts',(-14.3130040873883,7.62275773576334,-47.8211546908287));
#8536=CARTESIAN_POINT('Ctrl Pts',(-14.2377175661881,7.71009882619834,-47.7170656325217));
#8537=CARTESIAN_POINT('Ctrl Pts',(-14.1688616773195,7.79830123380647,-47.6119500963793));
#8538=CARTESIAN_POINT('Ctrl Pts',(-14.1103877839835,7.88774397852144,-47.5053563840338));
#8539=CARTESIAN_POINT('Ctrl Pts',(-14.2438530443484,7.59124218430499,-47.8587134625018));
#8540=CARTESIAN_POINT('Ctrl Pts',(-14.1531391845317,7.67348206358836,-47.7607037909114));
#8541=CARTESIAN_POINT('Ctrl Pts',(-14.0681349175565,7.75807985686293,-47.6598840668509));
#8542=CARTESIAN_POINT('Ctrl Pts',(-13.9928932186242,7.84637504420779,-47.5546579601239));
#8543=CARTESIAN_POINT('Origin',(-12.6999999999505,7.21511110779744,-48.3069690242164));
#8544=CARTESIAN_POINT('Origin',(-19.1999999999425,0.,3.8));
#8545=CARTESIAN_POINT('',(-22.6999999999425,1.5,3.8));
#8546=CARTESIAN_POINT('',(-22.6999999999425,0.,3.8));
#8547=CARTESIAN_POINT('Origin',(-19.1999999999425,1.5,3.8));
#8548=CARTESIAN_POINT('Origin',(-14.1999999999043,1.5,-7.7));
#8549=CARTESIAN_POINT('',(-12.6999999999426,1.5,34.0999999999998));
#8550=CARTESIAN_POINT('Origin',(-13.6999999999321,1.5,34.1));
#8551=CARTESIAN_POINT('',(-12.6999999999426,1.5,13.7103941586388));
#8552=CARTESIAN_POINT('',(-12.6999999999426,1.5,-2.70000000126032));
#8553=CARTESIAN_POINT('',(-12.6999999999426,1.5,8.88960584136122));
#8554=CARTESIAN_POINT('Ctrl Pts',(-12.6999999999282,1.5,13.7103941586546));
#8555=CARTESIAN_POINT('Ctrl Pts',(-13.9911111110543,1.5,11.3000000000003));
#8556=CARTESIAN_POINT('Ctrl Pts',(-12.6999999999292,1.5,8.88960584134542));
#8557=CARTESIAN_POINT('',(-12.6999999999426,1.5,-2.70000000126032));
#8558=CARTESIAN_POINT('',(-12.6999999999426,1.5,-50.5));
#8559=CARTESIAN_POINT('',(-12.6999999999426,1.5,-2.70000000126032));
#8560=CARTESIAN_POINT('',(-15.1999999999234,1.5,-50.5));
#8561=CARTESIAN_POINT('Origin',(-49.5774632613401,24.8,4.12982491167464));
#8562=CARTESIAN_POINT('',(-50.4363316887036,25.3919957310566,6.48954652213822));
#8563=CARTESIAN_POINT('Origin',(-49.5774632613401,24.8,4.12982491167464));
#8564=CARTESIAN_POINT('',(-50.4363316887036,25.3919957310566,6.48954652213822));
#8565=CARTESIAN_POINT('Origin',(-50.4598752311204,25.1,6.55423187330226));
#8566=CARTESIAN_POINT('',(-50.4598752311204,25.1,6.55423187330226));
#8567=CARTESIAN_POINT('',(-51.2047297618848,15.8620382952021,8.60070287735599));
#8568=CARTESIAN_POINT('',(-50.4598752311204,25.1,6.55423187330226));
#8569=CARTESIAN_POINT('Origin',(-50.4598752311204,3.5,6.55423187330226));
#8570=CARTESIAN_POINT('',(-50.4598752311204,2.5,6.55423187330226));
#8571=CARTESIAN_POINT('',(-50.4598752311204,2.5,6.55423187330226));
#8572=CARTESIAN_POINT('Origin',(-44.5155651401203,1.5,-9.77762587595681));
#8573=CARTESIAN_POINT('Origin',(-49.5774632613401,3.8,4.12982491167464));
#8574=CARTESIAN_POINT('Origin',(-45.8096454849937,3.8,-7.80102372554508));
#8575=CARTESIAN_POINT('Origin',(-45.3022114697693,3.8,-7.61633284814922));
#8576=CARTESIAN_POINT('',(-46.8301097152066,3.8,-6.57617567176208));
#8577=CARTESIAN_POINT('',(-46.5073665773781,3.8,-5.88405077914183));
#8578=CARTESIAN_POINT('Origin',(-46.3170795002181,3.8,-7.98571460294094));
#8579=CARTESIAN_POINT('Origin',(-46.864796692085,1.5,-10.632676234271));
#8580=CARTESIAN_POINT('Origin',(-44.5155651401203,1.5,-9.77762587595681));
#8581=CARTESIAN_POINT('Origin',(-49.5774632613401,24.8,4.12982491167464));
#8582=CARTESIAN_POINT('Origin',(-44.5155651401203,1.5,-9.77762587595681));
#8583=CARTESIAN_POINT('Origin',(-50.0848972765645,3.8,3.94513403427877));
#8584=CARTESIAN_POINT('',(-51.1053615067774,3.8,5.16998208806178));
#8585=CARTESIAN_POINT('',(-50.7826183689489,3.8,5.86210698068203));
#8586=CARTESIAN_POINT('Origin',(-50.5923312917889,3.8,3.76044315688292));
#8587=CARTESIAN_POINT('Origin',(-50.0848972765645,24.8,3.94513403427877));
#8588=CARTESIAN_POINT('',(-51.1053615067774,24.8,5.16998208806178));
#8589=CARTESIAN_POINT('',(-50.7826183689489,24.8,5.86210698068203));
#8590=CARTESIAN_POINT('Origin',(-50.5923312917889,24.8,3.76044315688292));
#8591=CARTESIAN_POINT('Origin',(-50.5923312917889,3.8,3.76044315688292));
#8592=CARTESIAN_POINT('Origin',(-50.5923312917889,24.8,3.76044315688292));
#8593=CARTESIAN_POINT('Origin',(-46.3170795002181,3.8,-7.98571460294095));
#8594=CARTESIAN_POINT('Origin',(-46.3170795002181,24.8,-7.98571460294095));
#8595=CARTESIAN_POINT('Origin',(-16.1999999999426,1.5,-50.5));
#8596=CARTESIAN_POINT('',(-12.6999999999426,1.5,-50.5));
#8597=CARTESIAN_POINT('Origin',(-15.1999999999426,1.75,36.8));
#8598=CARTESIAN_POINT('',(-15.6999999999426,1.75,36.8));
#8599=CARTESIAN_POINT('Origin',(-15.1999999999426,2.5,35.6));
#8600=CARTESIAN_POINT('',(-15.6999999999426,59.35,35.6));
#8601=CARTESIAN_POINT('',(-15.6999999999426,2.5,35.6));
#8602=CARTESIAN_POINT('Origin',(-15.1999999999426,58.8500000000108,35.6));
#8603=CARTESIAN_POINT('Origin',(-15.6999999999426,3.5,35.1));
#8604=CARTESIAN_POINT('',(-15.6999999999426,59.35,17.45));
#8605=CARTESIAN_POINT('Origin',(-13.6999999999321,0.75,34.1));
#8606=CARTESIAN_POINT('',(-12.6999999999321,56.35,34.0999999999998));
#8607=CARTESIAN_POINT('Origin',(-13.6999999999321,57.35,34.1));
#8608=CARTESIAN_POINT('',(-12.6999999999321,0.75,34.0999999999998));
#8609=CARTESIAN_POINT('Origin',(-12.6999999999426,0.,-12.7));
#8610=CARTESIAN_POINT('',(-12.6999999999297,5.3,6.79999999999154));
#8611=CARTESIAN_POINT('Origin',(-12.6999999999372,5.3,11.3));
#8612=CARTESIAN_POINT('Origin',(-12.6999999999372,5.3,11.3));
#8613=CARTESIAN_POINT('',(-12.6999999999363,56.35,15.3059330997908));
#8614=CARTESIAN_POINT('',(-12.6999999999398,56.35,-0.200000000000052));
#8615=CARTESIAN_POINT('',(-12.6999999999275,54.3,6.79999999998927));
#8616=CARTESIAN_POINT('Origin',(-12.6999999999372,54.3,11.3));
#8617=CARTESIAN_POINT('',(-12.6999999999381,56.35,7.29406690020913));
#8618=CARTESIAN_POINT('Origin',(-12.6999999999372,54.3,11.3));
#8619=CARTESIAN_POINT('',(-12.6999999999398,56.35,-0.200000000000052));
#8620=CARTESIAN_POINT('',(-12.6999999999423,0.,-11.6999999999998));
#8621=CARTESIAN_POINT('Origin',(-11.6999999999423,0.,-11.7));
#8622=CARTESIAN_POINT('Origin',(-16.1999999999425,58.1,-12.7));
#8623=CARTESIAN_POINT('',(-16.1999999999425,59.85,-0.199999999999996));
#8624=CARTESIAN_POINT('Origin',(-13.5749999999397,57.225,-0.199999999999856));
#8625=CARTESIAN_POINT('Ctrl Pts',(-12.6999999999274,56.3499999999893,7.2940669001916));
#8626=CARTESIAN_POINT('Ctrl Pts',(-15.1499999999479,58.8000000000107,11.3000000000005));
#8627=CARTESIAN_POINT('Ctrl Pts',(-12.6999999999256,56.3499999999893,15.3059330998084));
#8628=CARTESIAN_POINT('Origin',(-14.2000000000922,3.5,-32.7));
#8629=CARTESIAN_POINT('Origin',(-12.6999999999426,0.,-12.7));
#8630=CARTESIAN_POINT('Origin',(-13.6999999999372,54.3,11.3000000000002));
#8631=CARTESIAN_POINT('',(-14.6999999999377,54.3,8.80000000000044));
#8632=CARTESIAN_POINT('',(-13.699999999938,54.3,7.80000000000021));
#8633=CARTESIAN_POINT('Origin',(-14.6999999999372,54.3,11.3000000000004));
#8634=CARTESIAN_POINT('Origin',(-13.6999999999372,5.3,11.3000000000002));
#8635=CARTESIAN_POINT('',(-14.6999999999377,5.3,8.80000000000045));
#8636=CARTESIAN_POINT('',(-13.699999999938,5.3,7.80000000000023));
#8637=CARTESIAN_POINT('Origin',(-14.6999999999372,5.3,11.3000000000005));
#8638=CARTESIAN_POINT('Origin',(-14.6999999999372,54.3,11.3000000000004));
#8639=CARTESIAN_POINT('Origin',(-14.6999999999372,5.3,11.3000000000005));
#8640=UNCERTAINTY_MEASURE_WITH_UNIT(LENGTH_MEASURE(0.01),#8644,
'DISTANCE_ACCURACY_VALUE',
'Maximum model space distance between geometric entities at asserted c
onnectivities');
#8641=UNCERTAINTY_MEASURE_WITH_UNIT(LENGTH_MEASURE(0.01),#8644,
'DISTANCE_ACCURACY_VALUE',
'Maximum model space distance between geometric entities at asserted c
onnectivities');
#8642=(
GEOMETRIC_REPRESENTATION_CONTEXT(3)
GLOBAL_UNCERTAINTY_ASSIGNED_CONTEXT((#8640))
GLOBAL_UNIT_ASSIGNED_CONTEXT((#8644,#8646,#8647))
REPRESENTATION_CONTEXT('','3D')
);
#8643=(
GEOMETRIC_REPRESENTATION_CONTEXT(3)
GLOBAL_UNCERTAINTY_ASSIGNED_CONTEXT((#8641))
GLOBAL_UNIT_ASSIGNED_CONTEXT((#8644,#8646,#8647))
REPRESENTATION_CONTEXT('','3D')
);
#8644=(
LENGTH_UNIT()
NAMED_UNIT(*)
SI_UNIT(.MILLI.,.METRE.)
);
#8645=(
LENGTH_UNIT()
NAMED_UNIT(*)
SI_UNIT(.CENTI.,.METRE.)
);
#8646=(
NAMED_UNIT(*)
PLANE_ANGLE_UNIT()
SI_UNIT($,.RADIAN.)
);
#8647=(
NAMED_UNIT(*)
SI_UNIT($,.STERADIAN.)
SOLID_ANGLE_UNIT()
);
#8648=SHAPE_DEFINITION_REPRESENTATION(#8649,#8650);
#8649=PRODUCT_DEFINITION_SHAPE('',$,#8652);
#8650=SHAPE_REPRESENTATION('',(#4887),#8642);
#8651=PRODUCT_DEFINITION_CONTEXT('part definition',#8656,'design');
#8652=PRODUCT_DEFINITION('VolumanXR_Rig_Cameraholder_v08',
'VolumanXR_Rig_Cameraholder_v08',#8653,#8651);
#8653=PRODUCT_DEFINITION_FORMATION('5',$,#8658);
#8654=PRODUCT_RELATED_PRODUCT_CATEGORY('VolumanXR_Rig_Cameraholder_v08',
'VolumanXR_Rig_Cameraholder_v08',(#8658));
#8655=APPLICATION_PROTOCOL_DEFINITION('international standard',
'automotive_design',2009,#8656);
#8656=APPLICATION_CONTEXT(
'Core Data for Automotive Mechanical Design Process');
#8657=PRODUCT_CONTEXT('part definition',#8656,'mechanical');
#8658=PRODUCT('VolumanXR_Rig_Cameraholder_v08',
'VolumanXR_Rig_Cameraholder_v08',$,(#8657));
#8659=PRESENTATION_STYLE_ASSIGNMENT((#8661));
#8660=PRESENTATION_STYLE_ASSIGNMENT((#8662));
#8661=SURFACE_STYLE_USAGE(.BOTH.,#8667);
#8662=SURFACE_STYLE_USAGE(.BOTH.,#8668);
#8663=SURFACE_STYLE_RENDERING_WITH_PROPERTIES($,#8675,(#8665));
#8664=SURFACE_STYLE_RENDERING_WITH_PROPERTIES($,#8676,(#8666));
#8665=SURFACE_STYLE_TRANSPARENT(0.);
#8666=SURFACE_STYLE_TRANSPARENT(0.);
#8667=SURFACE_SIDE_STYLE('',(#8669,#8663));
#8668=SURFACE_SIDE_STYLE('',(#8670,#8664));
#8669=SURFACE_STYLE_FILL_AREA(#8671);
#8670=SURFACE_STYLE_FILL_AREA(#8672);
#8671=FILL_AREA_STYLE('',(#8673));
#8672=FILL_AREA_STYLE('',(#8674));
#8673=FILL_AREA_STYLE_COLOUR('',#8675);
#8674=FILL_AREA_STYLE_COLOUR('',#8676);
#8675=COLOUR_RGB('',0.749019607843137,0.749019607843137,0.749019607843137);
#8676=COLOUR_RGB('',0.850980392156863,0.83921568627451,0.858823529411765);
ENDSEC;
END-ISO-10303-21;
