ISO-10303-21;
HEADER;
/* Generated by software containing ST-Developer
 * from STEP Tools, Inc. (www.steptools.com) 
 */

FILE_DESCRIPTION(
/* description */ (''),
/* implementation_level */ '2;1');

FILE_NAME(
/* name */ 'VolumanXR_Rig_Cameraholder_v04.stp',
/* time_stamp */ '2024-11-08T14:57:24+01:00',
/* author */ ('tallA'),
/* organization */ (''),
/* preprocessor_version */ 'ST-DEVELOPER v20',
/* originating_system */ 'Autodesk Inventor 2025',
/* authorisation */ '');

FILE_SCHEMA (('AUTOMOTIVE_DESIGN { 1 0 10303 214 3 1 1 }'));
ENDSEC;

DATA;
#10=MECHANICAL_DESIGN_GEOMETRIC_PRESENTATION_REPRESENTATION('',(#13),#7228);
#11=SHAPE_REPRESENTATION_RELATIONSHIP('SRR','None',#7235,#12);
#12=ADVANCED_BREP_SHAPE_REPRESENTATION('',(#14),#7227);
#13=STYLED_ITEM('',(#7244),#14);
#14=MANIFOLD_SOLID_BREP('Halter',#4064);
#15=B_SPLINE_SURFACE_WITH_KNOTS('',3,3,((#6751,#6752,#6753,#6754,#6755,
#6756,#6757,#6758),(#6759,#6760,#6761,#6762,#6763,#6764,#6765,#6766),(#6767,
#6768,#6769,#6770,#6771,#6772,#6773,#6774),(#6775,#6776,#6777,#6778,#6779,
#6780,#6781,#6782),(#6783,#6784,#6785,#6786,#6787,#6788,#6789,#6790)),
 .UNSPECIFIED.,.F.,.F.,.F.,(4,1,4),(4,1,1,1,1,4),(0.,0.5,1.),(0.612049645806779,
0.693659015397529,0.734463700192903,0.856877754579027,1.02009649376053,
1.18331523294202),.UNSPECIFIED.);
#16=B_SPLINE_SURFACE_WITH_KNOTS('',3,3,((#7044,#7045,#7046,#7047,#7048,
#7049),(#7050,#7051,#7052,#7053,#7054,#7055),(#7056,#7057,#7058,#7059,#7060,
#7061),(#7062,#7063,#7064,#7065,#7066,#7067),(#7068,#7069,#7070,#7071,#7072,
#7073)),.UNSPECIFIED.,.F.,.F.,.F.,(4,1,4),(4,1,1,4),(0.,0.5,1.),(0.361582813426752,
0.517644439403022,0.621685523387202,0.725726607371382),.UNSPECIFIED.);
#17=B_SPLINE_SURFACE_WITH_KNOTS('',3,3,((#7075,#7076,#7077,#7078),(#7079,
#7080,#7081,#7082),(#7083,#7084,#7085,#7086),(#7087,#7088,#7089,#7090),
(#7091,#7092,#7093,#7094)),.UNSPECIFIED.,.F.,.F.,.F.,(4,1,4),(4,4),(0.,
0.571428571428571,1.),(-0.719864712286901,-0.672878652425405),
 .UNSPECIFIED.);
#18=SPHERICAL_SURFACE('',#4407,1.);
#19=(
BOUNDED_SURFACE()
B_SPLINE_SURFACE(2,2,((#6662,#6663,#6664),(#6665,#6666,#6667),(#6668,#6669,
#6670)),.UNSPECIFIED.,.F.,.F.,.F.)
B_SPLINE_SURFACE_WITH_KNOTS((3,3),(3,3),(-3.14159265358979,-1.57079632679489),
(-3.14159265358979,-2.04100697613716),.UNSPECIFIED.)
GEOMETRIC_REPRESENTATION_ITEM()
RATIONAL_B_SPLINE_SURFACE(((1.,0.852371422445396,1.),(0.707106781186536,
0.602717612900753,0.707106781186536),(1.,0.852371422445396,1.)))
REPRESENTATION_ITEM('')
SURFACE()
);
#20=TOROIDAL_SURFACE('',#4375,1.58,1.);
#21=B_SPLINE_CURVE_WITH_KNOTS('',3,(#6560,#6561,#6562,#6563),
 .UNSPECIFIED.,.F.,.F.,(4,4),(0.970824813115207,0.987818020373148),
 .UNSPECIFIED.);
#22=B_SPLINE_CURVE_WITH_KNOTS('',3,(#6573,#6574,#6575,#6576,#6577,#6578,
#6579,#6580,#6581,#6582,#6583,#6584,#6585,#6586,#6587,#6588,#6589,#6590,
#6591),.UNSPECIFIED.,.F.,.F.,(4,2,2,2,3,2,2,2,4),(-0.243583422525123,-0.236548144767522,
-0.208005499616108,-0.104002749808054,0.,0.104002749808054,0.208005499616108,
0.236548144767522,0.243583422525123),.UNSPECIFIED.);
#23=B_SPLINE_CURVE_WITH_KNOTS('',3,(#6594,#6595,#6596,#6597,#6598,#6599,
#6600,#6601,#6602,#6603,#6604,#6605,#6606,#6607,#6608,#6609,#6610,#6611,
#6612),.UNSPECIFIED.,.F.,.F.,(4,2,2,2,3,2,2,2,4),(0.987818020373148,0.994853298130749,
1.02339594328216,1.12739869309022,1.23140144289827,1.33540419270632,1.43940694251438,
1.46794958766579,1.47498486542339),.UNSPECIFIED.);
#24=B_SPLINE_CURVE_WITH_KNOTS('',3,(#6793,#6794,#6795,#6796,#6797,#6798),
 .UNSPECIFIED.,.F.,.F.,(4,1,1,4),(-1.14026813686625,-1.02009649376053,-0.856877754579027,
-0.819829580408624),.UNSPECIFIED.);
#25=B_SPLINE_CURVE_WITH_KNOTS('',3,(#6800,#6801,#6802,#6803,#6804,#6805,
#6806,#6807,#6808,#6809,#6810,#6811,#6812,#6813,#6814,#6815,#6816,#6817,
#6818,#6819,#6820,#6821,#6822,#6823),.UNSPECIFIED.,.F.,.F.,(4,2,2,2,2,2,
2,2,2,2,2,4),(0.,0.0264786513178803,0.118817267414964,0.131249649747,0.136822566409015,
0.140992767680699,0.145438153940513,0.152387562248267,0.166165554844384,
0.201431924693801,0.248201547668452,0.282319877629684),.UNSPECIFIED.);
#26=B_SPLINE_CURVE_WITH_KNOTS('',3,(#6825,#6826,#6827,#6828,#6829,#6830,
#6831,#6832,#6833,#6834,#6835,#6836,#6837,#6838,#6839,#6840,#6841,#6842,
#6843,#6844),.UNSPECIFIED.,.F.,.F.,(4,2,2,2,2,2,2,2,2,4),(-0.121550383988735,
-0.120712572863213,-0.119633061122185,-0.116840434299828,-0.106449633152959,
-0.0714047130495714,-0.0468784798161854,-0.0325820641073964,-0.0189612869674313,
0.),.UNSPECIFIED.);
#27=B_SPLINE_CURVE_WITH_KNOTS('',3,(#6846,#6847,#6848,#6849,#6850,#6851,
#6852,#6853,#6854,#6855,#6856,#6857),.UNSPECIFIED.,.F.,.F.,(4,2,2,2,2,4),
(1.0792994855979,1.15068345866946,1.32257338228424,1.41250947607827,1.44410714949807,
1.4470610829448),.UNSPECIFIED.);
#28=B_SPLINE_CURVE_WITH_KNOTS('',3,(#6859,#6860,#6861,#6862,#6863,#6864),
 .UNSPECIFIED.,.F.,.F.,(4,2,4),(0.000271979286210977,0.000731454538458894,
0.00141034947491305),.UNSPECIFIED.);
#29=B_SPLINE_CURVE_WITH_KNOTS('',3,(#6866,#6867,#6868,#6869,#6870,#6871,
#6872),.UNSPECIFIED.,.F.,.F.,(4,1,1,1,4),(0.715646007858627,0.734463700192903,
0.856877754579027,1.02009649376053,1.18331523294202),.UNSPECIFIED.);
#30=B_SPLINE_CURVE_WITH_KNOTS('',3,(#6874,#6875,#6876,#6877,#6878,#6879,
#6880,#6881,#6882,#6883,#6884,#6885,#6886,#6887,#6888,#6889,#6890,#6891,
#6892,#6893,#6894,#6895,#6896,#6897,#6898,#6899,#6900,#6901,#6902,#6903,
#6904,#6905,#6906,#6907,#6908,#6909,#6910,#6911,#6912,#6913),
 .UNSPECIFIED.,.F.,.F.,(4,3,3,3,3,3,3,3,3,3,3,3,3,4),(-0.134952707607885,
-0.134471209996142,-0.120377544158244,-0.106259802843032,-0.0992525832118184,
-0.0853558840882189,-0.0720150791684437,-0.0659118579922053,-0.0647584465141114,
-0.0511113212111005,-0.0378526160195956,-0.0256744793329614,-0.0126160703962951,
0.),.UNSPECIFIED.);
#31=B_SPLINE_CURVE_WITH_KNOTS('',3,(#6914,#6915,#6916,#6917),
 .UNSPECIFIED.,.F.,.F.,(4,4),(-1.1460181742319,-1.14026813686625),
 .UNSPECIFIED.);
#32=B_SPLINE_CURVE_WITH_KNOTS('',3,(#6924,#6925,#6926,#6927,#6928,#6929),
 .UNSPECIFIED.,.F.,.F.,(4,2,4),(-0.116905867369349,-0.109911212947661,-0.0893172363315125),
 .UNSPECIFIED.);
#33=B_SPLINE_CURVE_WITH_KNOTS('',3,(#6949,#6950,#6951,#6952,#6953,#6954),
 .UNSPECIFIED.,.F.,.F.,(4,2,4),(-0.231084920741995,-0.210490944119389,-0.203496289697702),
 .UNSPECIFIED.);
#34=B_SPLINE_CURVE_WITH_KNOTS('',3,(#6956,#6957,#6958,#6959),
 .UNSPECIFIED.,.F.,.F.,(4,4),(0.398956330753288,0.40472899583935),
 .UNSPECIFIED.);
#35=B_SPLINE_CURVE_WITH_KNOTS('',3,(#6960,#6961,#6962,#6963,#6964,#6965),
 .UNSPECIFIED.,.F.,.F.,(4,1,1,4),(-0.725726607371382,-0.621685523387202,
-0.517644439403022,-0.404728995839349),.UNSPECIFIED.);
#36=B_SPLINE_CURVE_WITH_KNOTS('',3,(#6971,#6972,#6973,#6974),
 .UNSPECIFIED.,.F.,.F.,(4,4),(0.824463843915821,0.825603162697031),
 .UNSPECIFIED.);
#37=B_SPLINE_CURVE_WITH_KNOTS('',3,(#6987,#6988,#6989,#6990),
 .UNSPECIFIED.,.F.,.F.,(4,4),(0.672878652425405,0.719864712286901),
 .UNSPECIFIED.);
#38=B_SPLINE_CURVE_WITH_KNOTS('',3,(#6992,#6993,#6994,#6995,#6996,#6997),
 .UNSPECIFIED.,.F.,.F.,(4,1,1,4),(0.361582813426752,0.517644439403022,0.621685523387202,
0.725726607371382),.UNSPECIFIED.);
#39=B_SPLINE_CURVE_WITH_KNOTS('',3,(#7007,#7008,#7009,#7010,#7011,#7012,
#7013,#7014,#7015,#7016,#7017,#7018,#7019,#7020,#7021,#7022,#7023,#7024,
#7025,#7026,#7027,#7028,#7029,#7030,#7031,#7032,#7033,#7034,#7035,#7036,
#7037,#7038,#7039,#7040,#7041,#7042,#7043),.UNSPECIFIED.,.F.,.F.,(4,3,3,
3,3,3,3,3,3,3,3,3,4),(-0.000480910715649286,0.,0.0144203387711406,0.0288406775422811,
0.0430328479839263,0.0572250184255715,0.0686696588167675,0.0829967113126069,
0.0962728958505716,0.0973237638084463,0.110735382608661,0.123624759716691,
0.13477483328941),.UNSPECIFIED.);
#40=FACE_BOUND('',#523,.T.);
#41=FACE_BOUND('',#524,.T.);
#42=FACE_BOUND('',#525,.T.);
#43=FACE_BOUND('',#587,.T.);
#44=FACE_BOUND('',#592,.T.);
#45=FACE_BOUND('',#602,.T.);
#46=FACE_BOUND('',#603,.T.);
#47=FACE_BOUND('',#604,.T.);
#48=ELLIPSE('',#4108,1.41421356237309,1.);
#49=ELLIPSE('',#4110,1.4142135623731,1.);
#50=ELLIPSE('',#4117,0.707106781186549,0.5);
#51=ELLIPSE('',#4126,2.88256349977181,1.);
#52=ELLIPSE('',#4134,0.707106781186549,0.5);
#53=ELLIPSE('',#4205,1.41421356237309,1.);
#54=ELLIPSE('',#4218,0.707106781186547,0.5);
#55=ELLIPSE('',#4269,1.30540728933228,1.);
#56=ELLIPSE('',#4344,1.30965220685239,1.);
#57=ELLIPSE('',#4345,1.10337791896249,1.);
#58=ELLIPSE('',#4381,1.00673771264712,1.);
#59=ELLIPSE('',#4383,1.08239220029239,1.);
#60=ELLIPSE('',#4392,1.4142135623731,1.);
#61=ELLIPSE('',#4404,1.0892034776197,1.);
#62=ELLIPSE('',#4419,1.54862260924998,1.);
#63=ELLIPSE('',#4433,1.10337791896249,1.);
#64=ELLIPSE('',#4463,1.41421356237309,1.);
#65=ELLIPSE('',#4470,0.541196100150432,0.5);
#66=ELLIPSE('',#4472,0.541196100150432,0.5);
#67=ELLIPSE('',#4475,0.707106781186548,0.5);
#68=ELLIPSE('',#4478,1.4142135623731,1.);
#69=ELLIPSE('',#4485,1.41421356237309,1.);
#70=ELLIPSE('',#4486,1.08239220029239,1.);
#71=PLANE('',#4093);
#72=PLANE('',#4097);
#73=PLANE('',#4101);
#74=PLANE('',#4102);
#75=PLANE('',#4109);
#76=PLANE('',#4113);
#77=PLANE('',#4116);
#78=PLANE('',#4118);
#79=PLANE('',#4121);
#80=PLANE('',#4124);
#81=PLANE('',#4125);
#82=PLANE('',#4129);
#83=PLANE('',#4130);
#84=PLANE('',#4133);
#85=PLANE('',#4137);
#86=PLANE('',#4140);
#87=PLANE('',#4143);
#88=PLANE('',#4147);
#89=PLANE('',#4170);
#90=PLANE('',#4173);
#91=PLANE('',#4176);
#92=PLANE('',#4179);
#93=PLANE('',#4180);
#94=PLANE('',#4183);
#95=PLANE('',#4188);
#96=PLANE('',#4191);
#97=PLANE('',#4194);
#98=PLANE('',#4197);
#99=PLANE('',#4198);
#100=PLANE('',#4201);
#101=PLANE('',#4204);
#102=PLANE('',#4208);
#103=PLANE('',#4211);
#104=PLANE('',#4214);
#105=PLANE('',#4217);
#106=PLANE('',#4219);
#107=PLANE('',#4223);
#108=PLANE('',#4227);
#109=PLANE('',#4228);
#110=PLANE('',#4232);
#111=PLANE('',#4236);
#112=PLANE('',#4240);
#113=PLANE('',#4241);
#114=PLANE('',#4244);
#115=PLANE('',#4249);
#116=PLANE('',#4252);
#117=PLANE('',#4253);
#118=PLANE('',#4256);
#119=PLANE('',#4259);
#120=PLANE('',#4262);
#121=PLANE('',#4265);
#122=PLANE('',#4268);
#123=PLANE('',#4270);
#124=PLANE('',#4273);
#125=PLANE('',#4276);
#126=PLANE('',#4280);
#127=PLANE('',#4284);
#128=PLANE('',#4300);
#129=PLANE('',#4303);
#130=PLANE('',#4305);
#131=PLANE('',#4307);
#132=PLANE('',#4311);
#133=PLANE('',#4313);
#134=PLANE('',#4316);
#135=PLANE('',#4318);
#136=PLANE('',#4320);
#137=PLANE('',#4323);
#138=PLANE('',#4326);
#139=PLANE('',#4329);
#140=PLANE('',#4332);
#141=PLANE('',#4335);
#142=PLANE('',#4338);
#143=PLANE('',#4341);
#144=PLANE('',#4342);
#145=PLANE('',#4346);
#146=PLANE('',#4349);
#147=PLANE('',#4351);
#148=PLANE('',#4353);
#149=PLANE('',#4355);
#150=PLANE('',#4357);
#151=PLANE('',#4362);
#152=PLANE('',#4370);
#153=PLANE('',#4387);
#154=PLANE('',#4390);
#155=PLANE('',#4391);
#156=PLANE('',#4395);
#157=PLANE('',#4398);
#158=PLANE('',#4400);
#159=PLANE('',#4412);
#160=PLANE('',#4414);
#161=PLANE('',#4416);
#162=PLANE('',#4420);
#163=PLANE('',#4427);
#164=PLANE('',#4429);
#165=PLANE('',#4431);
#166=PLANE('',#4437);
#167=PLANE('',#4438);
#168=PLANE('',#4439);
#169=PLANE('',#4444);
#170=PLANE('',#4445);
#171=PLANE('',#4447);
#172=PLANE('',#4452);
#173=PLANE('',#4453);
#174=PLANE('',#4454);
#175=PLANE('',#4455);
#176=PLANE('',#4458);
#177=PLANE('',#4461);
#178=PLANE('',#4462);
#179=PLANE('',#4467);
#180=PLANE('',#4476);
#181=PLANE('',#4479);
#182=PLANE('',#4488);
#183=PLANE('',#4489);
#184=PLANE('',#4490);
#185=PLANE('',#4495);
#186=PLANE('',#4496);
#187=PLANE('',#4497);
#188=PLANE('',#4498);
#189=PLANE('',#4499);
#190=(
BOUNDED_CURVE()
B_SPLINE_CURVE(2,(#5716,#5717,#5718),.UNSPECIFIED.,.F.,.F.)
B_SPLINE_CURVE_WITH_KNOTS((3,3),(0.,0.124028567637837),.UNSPECIFIED.)
CURVE()
GEOMETRIC_REPRESENTATION_ITEM()
RATIONAL_B_SPLINE_CURVE((1.,1.11803398874984,1.))
REPRESENTATION_ITEM('')
);
#191=(
BOUNDED_CURVE()
B_SPLINE_CURVE(2,(#5934,#5935,#5936),.UNSPECIFIED.,.F.,.F.)
B_SPLINE_CURVE_WITH_KNOTS((3,3),(0.,0.501996015923952),.UNSPECIFIED.)
CURVE()
GEOMETRIC_REPRESENTATION_ITEM()
RATIONAL_B_SPLINE_CURVE((1.,1.18421052631802,1.))
REPRESENTATION_ITEM('')
);
#192=(
BOUNDED_CURVE()
B_SPLINE_CURVE(2,(#5940,#5941,#5942),.UNSPECIFIED.,.F.,.F.)
B_SPLINE_CURVE_WITH_KNOTS((3,3),(0.,0.501996015929911),.UNSPECIFIED.)
CURVE()
GEOMETRIC_REPRESENTATION_ITEM()
RATIONAL_B_SPLINE_CURVE((1.,1.1842105263218,1.))
REPRESENTATION_ITEM('')
);
#193=(
BOUNDED_CURVE()
B_SPLINE_CURVE(2,(#6621,#6622,#6623),.UNSPECIFIED.,.F.,.F.)
B_SPLINE_CURVE_WITH_KNOTS((3,3),(0.514287265504011,1.04046113108449),
 .UNSPECIFIED.)
CURVE()
GEOMETRIC_REPRESENTATION_ITEM()
RATIONAL_B_SPLINE_CURVE((1.86189030152875,2.08607439109501,1.86679763053521))
REPRESENTATION_ITEM('')
);
#194=(
BOUNDED_CURVE()
B_SPLINE_CURVE(2,(#6682,#6683,#6684),.UNSPECIFIED.,.F.,.F.)
B_SPLINE_CURVE_WITH_KNOTS((3,3),(0.514287265504008,1.04628376068589),
 .UNSPECIFIED.)
CURVE()
GEOMETRIC_REPRESENTATION_ITEM()
RATIONAL_B_SPLINE_CURVE((1.86189030152875,2.08855520780117,1.86189030152875))
REPRESENTATION_ITEM('')
);
#195=(
BOUNDED_CURVE()
B_SPLINE_CURVE(2,(#6719,#6720,#6721),.UNSPECIFIED.,.F.,.F.)
B_SPLINE_CURVE_WITH_KNOTS((3,3),(0.727151254411792,1.39197875575744),
 .UNSPECIFIED.)
CURVE()
GEOMETRIC_REPRESENTATION_ITEM()
RATIONAL_B_SPLINE_CURVE((2.26024590164306,2.53540627227003,2.26024590164307))
REPRESENTATION_ITEM('')
);
#196=(
BOUNDED_CURVE()
B_SPLINE_CURVE(2,(#6723,#6724,#6725),.UNSPECIFIED.,.F.,.F.)
B_SPLINE_CURVE_WITH_KNOTS((3,3),(0.727151254411813,1.39197875575745),
 .UNSPECIFIED.)
CURVE()
GEOMETRIC_REPRESENTATION_ITEM()
RATIONAL_B_SPLINE_CURVE((2.26024590164305,2.53540627227,2.26024590164305))
REPRESENTATION_ITEM('')
);
#197=(
BOUNDED_CURVE()
B_SPLINE_CURVE(2,(#6938,#6939,#6940),.UNSPECIFIED.,.F.,.F.)
B_SPLINE_CURVE_WITH_KNOTS((3,3),(0.969468541951296,0.985900603511895),
 .UNSPECIFIED.)
CURVE()
GEOMETRIC_REPRESENTATION_ITEM()
RATIONAL_B_SPLINE_CURVE((1.04916779864931,1.0250005855085,1.))
REPRESENTATION_ITEM('')
);
#198=(
BOUNDED_CURVE()
B_SPLINE_CURVE(2,(#6942,#6943,#6944),.UNSPECIFIED.,.F.,.F.)
B_SPLINE_CURVE_WITH_KNOTS((3,3),(0.,0.056648013049251),.UNSPECIFIED.)
CURVE()
GEOMETRIC_REPRESENTATION_ITEM()
RATIONAL_B_SPLINE_CURVE((1.,1.02078733688645,1.03688315713193))
REPRESENTATION_ITEM('')
);
#199=(
BOUNDED_CURVE()
B_SPLINE_CURVE(2,(#6976,#6977,#6978,#6979,#6980,#6981,#6982,#6983,#6984),
 .UNSPECIFIED.,.F.,.F.)
B_SPLINE_CURVE_WITH_KNOTS((3,1,1,1,1,1,1,3),(0.00149632461336042,0.0895792363546924,
0.170570794256644,0.243164456201757,0.307504786965002,0.363771782848504,
0.41218912438976,0.574833024465139),.UNSPECIFIED.)
CURVE()
GEOMETRIC_REPRESENTATION_ITEM()
RATIONAL_B_SPLINE_CURVE((0.999972801572281,0.999174357097722,0.998113896847593,
0.997544951615473,0.997352840292783,0.997429651495862,0.997683064540279,
0.998517967485342,1.))
REPRESENTATION_ITEM('')
);
#200=(
BOUNDED_CURVE()
B_SPLINE_CURVE(2,(#7207,#7208,#7209),.UNSPECIFIED.,.F.,.F.)
B_SPLINE_CURVE_WITH_KNOTS((3,3),(0.,0.872897473938215),.UNSPECIFIED.)
CURVE()
GEOMETRIC_REPRESENTATION_ITEM()
RATIONAL_B_SPLINE_CURVE((1.,1.,1.))
REPRESENTATION_ITEM('')
);
#201=CONICAL_SURFACE('',#4090,1.25,0.785398163397445);
#202=CONICAL_SURFACE('',#4094,1.25,0.785398163397452);
#203=CONICAL_SURFACE('',#4098,1.25,0.785398163397447);
#204=CONICAL_SURFACE('',#4111,0.749999999999999,0.78539816339745);
#205=CONICAL_SURFACE('',#4114,0.75,0.785398163397449);
#206=CONICAL_SURFACE('',#4127,1.25,0.785398163397449);
#207=CONICAL_SURFACE('',#4131,0.749999999999999,0.785398163397447);
#208=CONICAL_SURFACE('',#4135,0.500000000000001,0.785398163397449);
#209=CONICAL_SURFACE('',#4144,3.75,0.785398163397449);
#210=CONICAL_SURFACE('',#4168,1.25,0.785398163397447);
#211=CONICAL_SURFACE('',#4171,1.25,0.785398163397447);
#212=CONICAL_SURFACE('',#4174,1.25,0.785398163397448);
#213=CONICAL_SURFACE('',#4177,1.25,0.785398163397447);
#214=CONICAL_SURFACE('',#4186,1.25,0.785398163397447);
#215=CONICAL_SURFACE('',#4189,1.25,0.785398163397447);
#216=CONICAL_SURFACE('',#4192,1.25,0.785398163397449);
#217=CONICAL_SURFACE('',#4195,1.25,0.785398163397447);
#218=CONICAL_SURFACE('',#4206,0.75,0.785398163397448);
#219=CONICAL_SURFACE('',#4209,1.25,0.785398163397449);
#220=CONICAL_SURFACE('',#4212,1.25,0.785398163397447);
#221=CONICAL_SURFACE('',#4215,0.75,0.785398163397449);
#222=CONICAL_SURFACE('',#4220,0.750000002620637,0.785398163397448);
#223=CONICAL_SURFACE('',#4224,0.771320343097209,0.785398163397448);
#224=CONICAL_SURFACE('',#4229,1.25,0.785398163397448);
#225=CONICAL_SURFACE('',#4233,1.75,0.785398163397449);
#226=CONICAL_SURFACE('',#4237,2.45,0.785398163397449);
#227=CONICAL_SURFACE('',#4242,0.5,0.785398163397448);
#228=CONICAL_SURFACE('',#4245,0.500000000000001,0.785398163397449);
#229=CONICAL_SURFACE('',#4271,1.35,0.785398163397448);
#230=CONICAL_SURFACE('',#4274,1.35,0.785398163397448);
#231=CONICAL_SURFACE('',#4277,1.35,0.785398163397448);
#232=CONICAL_SURFACE('',#4281,1.35,0.78539816339745);
#233=CONICAL_SURFACE('',#4301,1.35,0.785398163397448);
#234=CONICAL_SURFACE('',#4304,1.35,0.785398163397448);
#235=CONICAL_SURFACE('',#4306,1.35,0.785398163397448);
#236=CONICAL_SURFACE('',#4308,1.35,0.785398163397448);
#237=CONICAL_SURFACE('',#4312,3.85,0.785398163397447);
#238=CONICAL_SURFACE('',#4314,0.65,0.785398163397448);
#239=CONICAL_SURFACE('',#4317,0.65,0.785398163397449);
#240=CONICAL_SURFACE('',#4319,0.649999999999998,0.785398163397451);
#241=CONICAL_SURFACE('',#4321,0.65,0.785398163397448);
#242=CONICAL_SURFACE('',#4324,0.65,0.785398163397449);
#243=CONICAL_SURFACE('',#4327,1.35,0.78539816339745);
#244=CONICAL_SURFACE('',#4330,1.35,0.785398163397452);
#245=CONICAL_SURFACE('',#4333,0.650000000000002,0.785398163397446);
#246=CONICAL_SURFACE('',#4336,0.649999999999998,0.785398163397452);
#247=CONICAL_SURFACE('',#4339,0.649999999999998,0.785398163397452);
#248=CONICAL_SURFACE('',#4366,2.04,0.785398163397447);
#249=CONICAL_SURFACE('',#4423,3.5,0.785398163397475);
#250=CONICAL_SURFACE('',#4441,2.04,0.785398163397447);
#251=CONICAL_SURFACE('',#4448,2.04,0.785398163397433);
#252=CONICAL_SURFACE('',#4450,2.04,0.785398163397433);
#253=CONICAL_SURFACE('',#4491,3.5,0.785398163397451);
#254=CONICAL_SURFACE('',#4493,3.5,0.785398163397451);
#255=FACE_OUTER_BOUND('',#491,.T.);
#256=FACE_OUTER_BOUND('',#492,.T.);
#257=FACE_OUTER_BOUND('',#493,.T.);
#258=FACE_OUTER_BOUND('',#494,.T.);
#259=FACE_OUTER_BOUND('',#495,.T.);
#260=FACE_OUTER_BOUND('',#496,.T.);
#261=FACE_OUTER_BOUND('',#497,.T.);
#262=FACE_OUTER_BOUND('',#498,.T.);
#263=FACE_OUTER_BOUND('',#499,.T.);
#264=FACE_OUTER_BOUND('',#500,.T.);
#265=FACE_OUTER_BOUND('',#501,.T.);
#266=FACE_OUTER_BOUND('',#502,.T.);
#267=FACE_OUTER_BOUND('',#503,.T.);
#268=FACE_OUTER_BOUND('',#504,.T.);
#269=FACE_OUTER_BOUND('',#505,.T.);
#270=FACE_OUTER_BOUND('',#506,.T.);
#271=FACE_OUTER_BOUND('',#507,.T.);
#272=FACE_OUTER_BOUND('',#508,.T.);
#273=FACE_OUTER_BOUND('',#509,.T.);
#274=FACE_OUTER_BOUND('',#510,.T.);
#275=FACE_OUTER_BOUND('',#511,.T.);
#276=FACE_OUTER_BOUND('',#512,.T.);
#277=FACE_OUTER_BOUND('',#513,.T.);
#278=FACE_OUTER_BOUND('',#514,.T.);
#279=FACE_OUTER_BOUND('',#515,.T.);
#280=FACE_OUTER_BOUND('',#516,.T.);
#281=FACE_OUTER_BOUND('',#517,.T.);
#282=FACE_OUTER_BOUND('',#518,.T.);
#283=FACE_OUTER_BOUND('',#519,.T.);
#284=FACE_OUTER_BOUND('',#520,.T.);
#285=FACE_OUTER_BOUND('',#521,.T.);
#286=FACE_OUTER_BOUND('',#522,.T.);
#287=FACE_OUTER_BOUND('',#526,.T.);
#288=FACE_OUTER_BOUND('',#527,.T.);
#289=FACE_OUTER_BOUND('',#528,.T.);
#290=FACE_OUTER_BOUND('',#529,.T.);
#291=FACE_OUTER_BOUND('',#530,.T.);
#292=FACE_OUTER_BOUND('',#531,.T.);
#293=FACE_OUTER_BOUND('',#532,.T.);
#294=FACE_OUTER_BOUND('',#533,.T.);
#295=FACE_OUTER_BOUND('',#534,.T.);
#296=FACE_OUTER_BOUND('',#535,.T.);
#297=FACE_OUTER_BOUND('',#536,.T.);
#298=FACE_OUTER_BOUND('',#537,.T.);
#299=FACE_OUTER_BOUND('',#538,.T.);
#300=FACE_OUTER_BOUND('',#539,.T.);
#301=FACE_OUTER_BOUND('',#540,.T.);
#302=FACE_OUTER_BOUND('',#541,.T.);
#303=FACE_OUTER_BOUND('',#542,.T.);
#304=FACE_OUTER_BOUND('',#543,.T.);
#305=FACE_OUTER_BOUND('',#544,.T.);
#306=FACE_OUTER_BOUND('',#545,.T.);
#307=FACE_OUTER_BOUND('',#546,.T.);
#308=FACE_OUTER_BOUND('',#547,.T.);
#309=FACE_OUTER_BOUND('',#548,.T.);
#310=FACE_OUTER_BOUND('',#549,.T.);
#311=FACE_OUTER_BOUND('',#550,.T.);
#312=FACE_OUTER_BOUND('',#551,.T.);
#313=FACE_OUTER_BOUND('',#552,.T.);
#314=FACE_OUTER_BOUND('',#553,.T.);
#315=FACE_OUTER_BOUND('',#554,.T.);
#316=FACE_OUTER_BOUND('',#555,.T.);
#317=FACE_OUTER_BOUND('',#556,.T.);
#318=FACE_OUTER_BOUND('',#557,.T.);
#319=FACE_OUTER_BOUND('',#558,.T.);
#320=FACE_OUTER_BOUND('',#559,.T.);
#321=FACE_OUTER_BOUND('',#560,.T.);
#322=FACE_OUTER_BOUND('',#561,.T.);
#323=FACE_OUTER_BOUND('',#562,.T.);
#324=FACE_OUTER_BOUND('',#563,.T.);
#325=FACE_OUTER_BOUND('',#564,.T.);
#326=FACE_OUTER_BOUND('',#565,.T.);
#327=FACE_OUTER_BOUND('',#566,.T.);
#328=FACE_OUTER_BOUND('',#567,.T.);
#329=FACE_OUTER_BOUND('',#568,.T.);
#330=FACE_OUTER_BOUND('',#569,.T.);
#331=FACE_OUTER_BOUND('',#570,.T.);
#332=FACE_OUTER_BOUND('',#571,.T.);
#333=FACE_OUTER_BOUND('',#572,.T.);
#334=FACE_OUTER_BOUND('',#573,.T.);
#335=FACE_OUTER_BOUND('',#574,.T.);
#336=FACE_OUTER_BOUND('',#575,.T.);
#337=FACE_OUTER_BOUND('',#576,.T.);
#338=FACE_OUTER_BOUND('',#577,.T.);
#339=FACE_OUTER_BOUND('',#578,.T.);
#340=FACE_OUTER_BOUND('',#579,.T.);
#341=FACE_OUTER_BOUND('',#580,.T.);
#342=FACE_OUTER_BOUND('',#581,.T.);
#343=FACE_OUTER_BOUND('',#582,.T.);
#344=FACE_OUTER_BOUND('',#583,.T.);
#345=FACE_OUTER_BOUND('',#584,.T.);
#346=FACE_OUTER_BOUND('',#585,.T.);
#347=FACE_OUTER_BOUND('',#586,.T.);
#348=FACE_OUTER_BOUND('',#588,.T.);
#349=FACE_OUTER_BOUND('',#589,.T.);
#350=FACE_OUTER_BOUND('',#590,.T.);
#351=FACE_OUTER_BOUND('',#591,.T.);
#352=FACE_OUTER_BOUND('',#593,.T.);
#353=FACE_OUTER_BOUND('',#594,.T.);
#354=FACE_OUTER_BOUND('',#595,.T.);
#355=FACE_OUTER_BOUND('',#596,.T.);
#356=FACE_OUTER_BOUND('',#597,.T.);
#357=FACE_OUTER_BOUND('',#598,.T.);
#358=FACE_OUTER_BOUND('',#599,.T.);
#359=FACE_OUTER_BOUND('',#600,.T.);
#360=FACE_OUTER_BOUND('',#601,.T.);
#361=FACE_OUTER_BOUND('',#605,.T.);
#362=FACE_OUTER_BOUND('',#606,.T.);
#363=FACE_OUTER_BOUND('',#607,.T.);
#364=FACE_OUTER_BOUND('',#608,.T.);
#365=FACE_OUTER_BOUND('',#609,.T.);
#366=FACE_OUTER_BOUND('',#610,.T.);
#367=FACE_OUTER_BOUND('',#611,.T.);
#368=FACE_OUTER_BOUND('',#612,.T.);
#369=FACE_OUTER_BOUND('',#613,.T.);
#370=FACE_OUTER_BOUND('',#614,.T.);
#371=FACE_OUTER_BOUND('',#615,.T.);
#372=FACE_OUTER_BOUND('',#616,.T.);
#373=FACE_OUTER_BOUND('',#617,.T.);
#374=FACE_OUTER_BOUND('',#618,.T.);
#375=FACE_OUTER_BOUND('',#619,.T.);
#376=FACE_OUTER_BOUND('',#620,.T.);
#377=FACE_OUTER_BOUND('',#621,.T.);
#378=FACE_OUTER_BOUND('',#622,.T.);
#379=FACE_OUTER_BOUND('',#623,.T.);
#380=FACE_OUTER_BOUND('',#624,.T.);
#381=FACE_OUTER_BOUND('',#625,.T.);
#382=FACE_OUTER_BOUND('',#626,.T.);
#383=FACE_OUTER_BOUND('',#627,.T.);
#384=FACE_OUTER_BOUND('',#628,.T.);
#385=FACE_OUTER_BOUND('',#629,.T.);
#386=FACE_OUTER_BOUND('',#630,.T.);
#387=FACE_OUTER_BOUND('',#631,.T.);
#388=FACE_OUTER_BOUND('',#632,.T.);
#389=FACE_OUTER_BOUND('',#633,.T.);
#390=FACE_OUTER_BOUND('',#634,.T.);
#391=FACE_OUTER_BOUND('',#635,.T.);
#392=FACE_OUTER_BOUND('',#636,.T.);
#393=FACE_OUTER_BOUND('',#637,.T.);
#394=FACE_OUTER_BOUND('',#638,.T.);
#395=FACE_OUTER_BOUND('',#639,.T.);
#396=FACE_OUTER_BOUND('',#640,.T.);
#397=FACE_OUTER_BOUND('',#641,.T.);
#398=FACE_OUTER_BOUND('',#642,.T.);
#399=FACE_OUTER_BOUND('',#643,.T.);
#400=FACE_OUTER_BOUND('',#644,.T.);
#401=FACE_OUTER_BOUND('',#645,.T.);
#402=FACE_OUTER_BOUND('',#646,.T.);
#403=FACE_OUTER_BOUND('',#647,.T.);
#404=FACE_OUTER_BOUND('',#648,.T.);
#405=FACE_OUTER_BOUND('',#649,.T.);
#406=FACE_OUTER_BOUND('',#650,.T.);
#407=FACE_OUTER_BOUND('',#651,.T.);
#408=FACE_OUTER_BOUND('',#652,.T.);
#409=FACE_OUTER_BOUND('',#653,.T.);
#410=FACE_OUTER_BOUND('',#654,.T.);
#411=FACE_OUTER_BOUND('',#655,.T.);
#412=FACE_OUTER_BOUND('',#656,.T.);
#413=FACE_OUTER_BOUND('',#657,.T.);
#414=FACE_OUTER_BOUND('',#658,.T.);
#415=FACE_OUTER_BOUND('',#659,.T.);
#416=FACE_OUTER_BOUND('',#660,.T.);
#417=FACE_OUTER_BOUND('',#661,.T.);
#418=FACE_OUTER_BOUND('',#662,.T.);
#419=FACE_OUTER_BOUND('',#663,.T.);
#420=FACE_OUTER_BOUND('',#664,.T.);
#421=FACE_OUTER_BOUND('',#665,.T.);
#422=FACE_OUTER_BOUND('',#666,.T.);
#423=FACE_OUTER_BOUND('',#667,.T.);
#424=FACE_OUTER_BOUND('',#668,.T.);
#425=FACE_OUTER_BOUND('',#669,.T.);
#426=FACE_OUTER_BOUND('',#670,.T.);
#427=FACE_OUTER_BOUND('',#671,.T.);
#428=FACE_OUTER_BOUND('',#672,.T.);
#429=FACE_OUTER_BOUND('',#673,.T.);
#430=FACE_OUTER_BOUND('',#674,.T.);
#431=FACE_OUTER_BOUND('',#675,.T.);
#432=FACE_OUTER_BOUND('',#676,.T.);
#433=FACE_OUTER_BOUND('',#677,.T.);
#434=FACE_OUTER_BOUND('',#678,.T.);
#435=FACE_OUTER_BOUND('',#679,.T.);
#436=FACE_OUTER_BOUND('',#680,.T.);
#437=FACE_OUTER_BOUND('',#681,.T.);
#438=FACE_OUTER_BOUND('',#682,.T.);
#439=FACE_OUTER_BOUND('',#683,.T.);
#440=FACE_OUTER_BOUND('',#684,.T.);
#441=FACE_OUTER_BOUND('',#685,.T.);
#442=FACE_OUTER_BOUND('',#686,.T.);
#443=FACE_OUTER_BOUND('',#687,.T.);
#444=FACE_OUTER_BOUND('',#688,.T.);
#445=FACE_OUTER_BOUND('',#689,.T.);
#446=FACE_OUTER_BOUND('',#690,.T.);
#447=FACE_OUTER_BOUND('',#691,.T.);
#448=FACE_OUTER_BOUND('',#692,.T.);
#449=FACE_OUTER_BOUND('',#693,.T.);
#450=FACE_OUTER_BOUND('',#694,.T.);
#451=FACE_OUTER_BOUND('',#695,.T.);
#452=FACE_OUTER_BOUND('',#696,.T.);
#453=FACE_OUTER_BOUND('',#697,.T.);
#454=FACE_OUTER_BOUND('',#698,.T.);
#455=FACE_OUTER_BOUND('',#699,.T.);
#456=FACE_OUTER_BOUND('',#700,.T.);
#457=FACE_OUTER_BOUND('',#701,.T.);
#458=FACE_OUTER_BOUND('',#702,.T.);
#459=FACE_OUTER_BOUND('',#703,.T.);
#460=FACE_OUTER_BOUND('',#704,.T.);
#461=FACE_OUTER_BOUND('',#705,.T.);
#462=FACE_OUTER_BOUND('',#706,.T.);
#463=FACE_OUTER_BOUND('',#707,.T.);
#464=FACE_OUTER_BOUND('',#708,.T.);
#465=FACE_OUTER_BOUND('',#709,.T.);
#466=FACE_OUTER_BOUND('',#710,.T.);
#467=FACE_OUTER_BOUND('',#711,.T.);
#468=FACE_OUTER_BOUND('',#712,.T.);
#469=FACE_OUTER_BOUND('',#713,.T.);
#470=FACE_OUTER_BOUND('',#714,.T.);
#471=FACE_OUTER_BOUND('',#715,.T.);
#472=FACE_OUTER_BOUND('',#716,.T.);
#473=FACE_OUTER_BOUND('',#717,.T.);
#474=FACE_OUTER_BOUND('',#718,.T.);
#475=FACE_OUTER_BOUND('',#719,.T.);
#476=FACE_OUTER_BOUND('',#720,.T.);
#477=FACE_OUTER_BOUND('',#721,.T.);
#478=FACE_OUTER_BOUND('',#722,.T.);
#479=FACE_OUTER_BOUND('',#723,.T.);
#480=FACE_OUTER_BOUND('',#724,.T.);
#481=FACE_OUTER_BOUND('',#725,.T.);
#482=FACE_OUTER_BOUND('',#726,.T.);
#483=FACE_OUTER_BOUND('',#727,.T.);
#484=FACE_OUTER_BOUND('',#728,.T.);
#485=FACE_OUTER_BOUND('',#729,.T.);
#486=FACE_OUTER_BOUND('',#730,.T.);
#487=FACE_OUTER_BOUND('',#731,.T.);
#488=FACE_OUTER_BOUND('',#732,.T.);
#489=FACE_OUTER_BOUND('',#733,.T.);
#490=FACE_OUTER_BOUND('',#734,.T.);
#491=EDGE_LOOP('',(#2593,#2594,#2595,#2596));
#492=EDGE_LOOP('',(#2597,#2598,#2599,#2600));
#493=EDGE_LOOP('',(#2601,#2602,#2603,#2604));
#494=EDGE_LOOP('',(#2605,#2606,#2607,#2608));
#495=EDGE_LOOP('',(#2609,#2610,#2611,#2612));
#496=EDGE_LOOP('',(#2613,#2614,#2615,#2616));
#497=EDGE_LOOP('',(#2617,#2618,#2619,#2620));
#498=EDGE_LOOP('',(#2621,#2622,#2623,#2624,#2625,#2626,#2627,#2628,#2629,
#2630,#2631,#2632,#2633,#2634,#2635,#2636,#2637,#2638,#2639,#2640,#2641,
#2642));
#499=EDGE_LOOP('',(#2643,#2644,#2645,#2646));
#500=EDGE_LOOP('',(#2647,#2648,#2649,#2650));
#501=EDGE_LOOP('',(#2651,#2652,#2653,#2654));
#502=EDGE_LOOP('',(#2655,#2656,#2657,#2658));
#503=EDGE_LOOP('',(#2659,#2660,#2661,#2662));
#504=EDGE_LOOP('',(#2663,#2664,#2665,#2666,#2667,#2668,#2669,#2670));
#505=EDGE_LOOP('',(#2671,#2672,#2673,#2674));
#506=EDGE_LOOP('',(#2675,#2676,#2677,#2678));
#507=EDGE_LOOP('',(#2679,#2680,#2681,#2682));
#508=EDGE_LOOP('',(#2683,#2684,#2685,#2686,#2687,#2688));
#509=EDGE_LOOP('',(#2689,#2690,#2691,#2692,#2693));
#510=EDGE_LOOP('',(#2694,#2695,#2696,#2697));
#511=EDGE_LOOP('',(#2698,#2699,#2700,#2701));
#512=EDGE_LOOP('',(#2702,#2703,#2704,#2705));
#513=EDGE_LOOP('',(#2706,#2707,#2708,#2709));
#514=EDGE_LOOP('',(#2710,#2711,#2712));
#515=EDGE_LOOP('',(#2713,#2714,#2715));
#516=EDGE_LOOP('',(#2716,#2717,#2718,#2719,#2720));
#517=EDGE_LOOP('',(#2721,#2722,#2723,#2724));
#518=EDGE_LOOP('',(#2725,#2726,#2727,#2728));
#519=EDGE_LOOP('',(#2729,#2730,#2731,#2732));
#520=EDGE_LOOP('',(#2733,#2734,#2735,#2736));
#521=EDGE_LOOP('',(#2737,#2738,#2739,#2740));
#522=EDGE_LOOP('',(#2741,#2742,#2743,#2744,#2745,#2746,#2747,#2748,#2749,
#2750,#2751,#2752,#2753,#2754,#2755,#2756,#2757,#2758,#2759,#2760,#2761,
#2762,#2763,#2764,#2765,#2766,#2767,#2768));
#523=EDGE_LOOP('',(#2769,#2770,#2771,#2772,#2773,#2774,#2775,#2776));
#524=EDGE_LOOP('',(#2777,#2778,#2779,#2780,#2781,#2782,#2783,#2784));
#525=EDGE_LOOP('',(#2785));
#526=EDGE_LOOP('',(#2786,#2787,#2788,#2789,#2790));
#527=EDGE_LOOP('',(#2791,#2792,#2793,#2794));
#528=EDGE_LOOP('',(#2795,#2796,#2797,#2798));
#529=EDGE_LOOP('',(#2799,#2800,#2801,#2802));
#530=EDGE_LOOP('',(#2803,#2804,#2805,#2806));
#531=EDGE_LOOP('',(#2807,#2808,#2809,#2810));
#532=EDGE_LOOP('',(#2811,#2812,#2813,#2814));
#533=EDGE_LOOP('',(#2815,#2816,#2817,#2818));
#534=EDGE_LOOP('',(#2819,#2820,#2821,#2822));
#535=EDGE_LOOP('',(#2823,#2824,#2825,#2826));
#536=EDGE_LOOP('',(#2827,#2828,#2829,#2830));
#537=EDGE_LOOP('',(#2831,#2832,#2833,#2834));
#538=EDGE_LOOP('',(#2835,#2836,#2837,#2838));
#539=EDGE_LOOP('',(#2839,#2840,#2841,#2842));
#540=EDGE_LOOP('',(#2843,#2844,#2845,#2846));
#541=EDGE_LOOP('',(#2847,#2848,#2849,#2850));
#542=EDGE_LOOP('',(#2851,#2852,#2853,#2854));
#543=EDGE_LOOP('',(#2855,#2856,#2857,#2858));
#544=EDGE_LOOP('',(#2859,#2860,#2861,#2862));
#545=EDGE_LOOP('',(#2863,#2864,#2865,#2866));
#546=EDGE_LOOP('',(#2867,#2868,#2869,#2870));
#547=EDGE_LOOP('',(#2871,#2872,#2873,#2874));
#548=EDGE_LOOP('',(#2875,#2876,#2877,#2878));
#549=EDGE_LOOP('',(#2879,#2880,#2881,#2882));
#550=EDGE_LOOP('',(#2883,#2884,#2885,#2886));
#551=EDGE_LOOP('',(#2887,#2888,#2889,#2890));
#552=EDGE_LOOP('',(#2891,#2892,#2893,#2894));
#553=EDGE_LOOP('',(#2895,#2896,#2897,#2898));
#554=EDGE_LOOP('',(#2899,#2900,#2901,#2902));
#555=EDGE_LOOP('',(#2903,#2904,#2905,#2906));
#556=EDGE_LOOP('',(#2907,#2908,#2909,#2910));
#557=EDGE_LOOP('',(#2911,#2912,#2913,#2914));
#558=EDGE_LOOP('',(#2915,#2916,#2917,#2918));
#559=EDGE_LOOP('',(#2919,#2920,#2921,#2922));
#560=EDGE_LOOP('',(#2923,#2924,#2925,#2926));
#561=EDGE_LOOP('',(#2927,#2928,#2929,#2930));
#562=EDGE_LOOP('',(#2931,#2932,#2933,#2934));
#563=EDGE_LOOP('',(#2935,#2936,#2937,#2938));
#564=EDGE_LOOP('',(#2939,#2940,#2941,#2942));
#565=EDGE_LOOP('',(#2943,#2944,#2945,#2946));
#566=EDGE_LOOP('',(#2947,#2948,#2949,#2950));
#567=EDGE_LOOP('',(#2951,#2952,#2953,#2954));
#568=EDGE_LOOP('',(#2955,#2956,#2957,#2958));
#569=EDGE_LOOP('',(#2959,#2960,#2961,#2962));
#570=EDGE_LOOP('',(#2963,#2964,#2965,#2966));
#571=EDGE_LOOP('',(#2967,#2968,#2969,#2970));
#572=EDGE_LOOP('',(#2971,#2972,#2973,#2974));
#573=EDGE_LOOP('',(#2975,#2976,#2977));
#574=EDGE_LOOP('',(#2978,#2979,#2980,#2981));
#575=EDGE_LOOP('',(#2982,#2983,#2984));
#576=EDGE_LOOP('',(#2985,#2986,#2987,#2988));
#577=EDGE_LOOP('',(#2989,#2990,#2991,#2992));
#578=EDGE_LOOP('',(#2993,#2994,#2995,#2996));
#579=EDGE_LOOP('',(#2997,#2998,#2999,#3000));
#580=EDGE_LOOP('',(#3001,#3002,#3003,#3004));
#581=EDGE_LOOP('',(#3005,#3006,#3007,#3008));
#582=EDGE_LOOP('',(#3009,#3010,#3011,#3012));
#583=EDGE_LOOP('',(#3013,#3014,#3015,#3016));
#584=EDGE_LOOP('',(#3017,#3018,#3019,#3020));
#585=EDGE_LOOP('',(#3021,#3022,#3023,#3024));
#586=EDGE_LOOP('',(#3025,#3026,#3027,#3028));
#587=EDGE_LOOP('',(#3029));
#588=EDGE_LOOP('',(#3030,#3031,#3032,#3033));
#589=EDGE_LOOP('',(#3034,#3035,#3036,#3037));
#590=EDGE_LOOP('',(#3038,#3039,#3040,#3041));
#591=EDGE_LOOP('',(#3042,#3043,#3044,#3045,#3046,#3047,#3048,#3049,#3050));
#592=EDGE_LOOP('',(#3051));
#593=EDGE_LOOP('',(#3052,#3053,#3054,#3055));
#594=EDGE_LOOP('',(#3056,#3057,#3058,#3059));
#595=EDGE_LOOP('',(#3060,#3061,#3062,#3063));
#596=EDGE_LOOP('',(#3064,#3065,#3066,#3067));
#597=EDGE_LOOP('',(#3068,#3069,#3070,#3071));
#598=EDGE_LOOP('',(#3072,#3073,#3074,#3075));
#599=EDGE_LOOP('',(#3076,#3077,#3078,#3079));
#600=EDGE_LOOP('',(#3080,#3081,#3082,#3083));
#601=EDGE_LOOP('',(#3084,#3085,#3086,#3087,#3088,#3089,#3090,#3091,#3092,
#3093,#3094,#3095,#3096,#3097,#3098,#3099,#3100,#3101,#3102,#3103,#3104,
#3105,#3106,#3107,#3108,#3109,#3110,#3111,#3112,#3113,#3114,#3115,#3116,
#3117,#3118));
#602=EDGE_LOOP('',(#3119,#3120,#3121,#3122,#3123,#3124,#3125,#3126));
#603=EDGE_LOOP('',(#3127));
#604=EDGE_LOOP('',(#3128,#3129,#3130,#3131,#3132,#3133,#3134,#3135));
#605=EDGE_LOOP('',(#3136,#3137,#3138,#3139));
#606=EDGE_LOOP('',(#3140,#3141,#3142,#3143));
#607=EDGE_LOOP('',(#3144,#3145,#3146,#3147));
#608=EDGE_LOOP('',(#3148,#3149,#3150,#3151));
#609=EDGE_LOOP('',(#3152,#3153,#3154,#3155));
#610=EDGE_LOOP('',(#3156,#3157,#3158,#3159));
#611=EDGE_LOOP('',(#3160,#3161,#3162,#3163));
#612=EDGE_LOOP('',(#3164,#3165,#3166,#3167));
#613=EDGE_LOOP('',(#3168,#3169,#3170,#3171));
#614=EDGE_LOOP('',(#3172,#3173,#3174,#3175));
#615=EDGE_LOOP('',(#3176,#3177,#3178,#3179,#3180));
#616=EDGE_LOOP('',(#3181,#3182,#3183,#3184,#3185));
#617=EDGE_LOOP('',(#3186,#3187,#3188,#3189));
#618=EDGE_LOOP('',(#3190,#3191,#3192,#3193));
#619=EDGE_LOOP('',(#3194,#3195,#3196,#3197));
#620=EDGE_LOOP('',(#3198,#3199,#3200,#3201));
#621=EDGE_LOOP('',(#3202,#3203,#3204,#3205));
#622=EDGE_LOOP('',(#3206,#3207,#3208,#3209));
#623=EDGE_LOOP('',(#3210,#3211,#3212,#3213));
#624=EDGE_LOOP('',(#3214,#3215,#3216,#3217));
#625=EDGE_LOOP('',(#3218,#3219,#3220,#3221));
#626=EDGE_LOOP('',(#3222,#3223,#3224,#3225));
#627=EDGE_LOOP('',(#3226,#3227,#3228,#3229));
#628=EDGE_LOOP('',(#3230,#3231,#3232,#3233));
#629=EDGE_LOOP('',(#3234,#3235,#3236,#3237));
#630=EDGE_LOOP('',(#3238,#3239,#3240,#3241));
#631=EDGE_LOOP('',(#3242,#3243,#3244,#3245));
#632=EDGE_LOOP('',(#3246,#3247,#3248,#3249));
#633=EDGE_LOOP('',(#3250,#3251,#3252,#3253));
#634=EDGE_LOOP('',(#3254,#3255,#3256,#3257));
#635=EDGE_LOOP('',(#3258,#3259,#3260,#3261));
#636=EDGE_LOOP('',(#3262,#3263,#3264,#3265,#3266));
#637=EDGE_LOOP('',(#3267,#3268,#3269,#3270));
#638=EDGE_LOOP('',(#3271,#3272,#3273,#3274,#3275));
#639=EDGE_LOOP('',(#3276,#3277,#3278,#3279,#3280));
#640=EDGE_LOOP('',(#3281,#3282,#3283,#3284));
#641=EDGE_LOOP('',(#3285,#3286,#3287,#3288,#3289,#3290));
#642=EDGE_LOOP('',(#3291,#3292,#3293,#3294));
#643=EDGE_LOOP('',(#3295,#3296,#3297,#3298));
#644=EDGE_LOOP('',(#3299,#3300,#3301,#3302));
#645=EDGE_LOOP('',(#3303,#3304,#3305,#3306));
#646=EDGE_LOOP('',(#3307,#3308,#3309,#3310));
#647=EDGE_LOOP('',(#3311,#3312,#3313,#3314));
#648=EDGE_LOOP('',(#3315,#3316,#3317,#3318));
#649=EDGE_LOOP('',(#3319,#3320,#3321,#3322,#3323,#3324,#3325,#3326));
#650=EDGE_LOOP('',(#3327,#3328,#3329,#3330));
#651=EDGE_LOOP('',(#3331,#3332,#3333,#3334));
#652=EDGE_LOOP('',(#3335,#3336,#3337,#3338));
#653=EDGE_LOOP('',(#3339,#3340,#3341,#3342,#3343,#3344,#3345,#3346));
#654=EDGE_LOOP('',(#3347,#3348,#3349,#3350,#3351,#3352,#3353,#3354));
#655=EDGE_LOOP('',(#3355,#3356,#3357,#3358,#3359,#3360,#3361,#3362,#3363,
#3364));
#656=EDGE_LOOP('',(#3365,#3366,#3367,#3368));
#657=EDGE_LOOP('',(#3369,#3370,#3371,#3372));
#658=EDGE_LOOP('',(#3373,#3374,#3375,#3376));
#659=EDGE_LOOP('',(#3377,#3378,#3379,#3380));
#660=EDGE_LOOP('',(#3381,#3382,#3383));
#661=EDGE_LOOP('',(#3384,#3385,#3386,#3387,#3388,#3389,#3390,#3391,#3392,
#3393,#3394,#3395,#3396));
#662=EDGE_LOOP('',(#3397,#3398,#3399,#3400,#3401,#3402,#3403));
#663=EDGE_LOOP('',(#3404,#3405,#3406,#3407,#3408,#3409,#3410));
#664=EDGE_LOOP('',(#3411,#3412,#3413,#3414));
#665=EDGE_LOOP('',(#3415,#3416,#3417,#3418));
#666=EDGE_LOOP('',(#3419,#3420,#3421,#3422));
#667=EDGE_LOOP('',(#3423,#3424,#3425,#3426,#3427,#3428,#3429,#3430,#3431,
#3432,#3433,#3434));
#668=EDGE_LOOP('',(#3435,#3436,#3437,#3438));
#669=EDGE_LOOP('',(#3439,#3440,#3441,#3442));
#670=EDGE_LOOP('',(#3443,#3444,#3445,#3446,#3447));
#671=EDGE_LOOP('',(#3448,#3449,#3450,#3451,#3452));
#672=EDGE_LOOP('',(#3453,#3454,#3455,#3456,#3457));
#673=EDGE_LOOP('',(#3458,#3459,#3460));
#674=EDGE_LOOP('',(#3461,#3462,#3463,#3464));
#675=EDGE_LOOP('',(#3465,#3466,#3467,#3468));
#676=EDGE_LOOP('',(#3469,#3470,#3471,#3472));
#677=EDGE_LOOP('',(#3473,#3474,#3475,#3476));
#678=EDGE_LOOP('',(#3477,#3478,#3479,#3480));
#679=EDGE_LOOP('',(#3481,#3482,#3483,#3484));
#680=EDGE_LOOP('',(#3485,#3486,#3487,#3488));
#681=EDGE_LOOP('',(#3489,#3490,#3491,#3492));
#682=EDGE_LOOP('',(#3493,#3494,#3495,#3496,#3497,#3498,#3499,#3500));
#683=EDGE_LOOP('',(#3501,#3502,#3503,#3504,#3505));
#684=EDGE_LOOP('',(#3506,#3507,#3508));
#685=EDGE_LOOP('',(#3509,#3510,#3511,#3512,#3513,#3514,#3515,#3516,#3517,
#3518,#3519,#3520,#3521));
#686=EDGE_LOOP('',(#3522,#3523,#3524));
#687=EDGE_LOOP('',(#3525,#3526,#3527,#3528,#3529,#3530));
#688=EDGE_LOOP('',(#3531,#3532,#3533,#3534,#3535,#3536,#3537));
#689=EDGE_LOOP('',(#3538,#3539,#3540,#3541));
#690=EDGE_LOOP('',(#3542,#3543,#3544,#3545,#3546,#3547));
#691=EDGE_LOOP('',(#3548,#3549,#3550,#3551,#3552));
#692=EDGE_LOOP('',(#3553,#3554,#3555,#3556,#3557));
#693=EDGE_LOOP('',(#3558,#3559,#3560,#3561));
#694=EDGE_LOOP('',(#3562,#3563,#3564,#3565));
#695=EDGE_LOOP('',(#3566,#3567,#3568,#3569));
#696=EDGE_LOOP('',(#3570,#3571,#3572,#3573,#3574,#3575,#3576,#3577));
#697=EDGE_LOOP('',(#3578,#3579,#3580,#3581,#3582));
#698=EDGE_LOOP('',(#3583,#3584,#3585,#3586,#3587,#3588,#3589,#3590));
#699=EDGE_LOOP('',(#3591,#3592,#3593,#3594,#3595,#3596,#3597));
#700=EDGE_LOOP('',(#3598,#3599,#3600));
#701=EDGE_LOOP('',(#3601,#3602,#3603));
#702=EDGE_LOOP('',(#3604,#3605,#3606,#3607,#3608,#3609));
#703=EDGE_LOOP('',(#3610,#3611,#3612,#3613,#3614,#3615,#3616));
#704=EDGE_LOOP('',(#3617));
#705=EDGE_LOOP('',(#3618));
#706=EDGE_LOOP('',(#3619));
#707=EDGE_LOOP('',(#3620));
#708=EDGE_LOOP('',(#3621,#3622,#3623,#3624));
#709=EDGE_LOOP('',(#3625,#3626,#3627,#3628));
#710=EDGE_LOOP('',(#3629,#3630,#3631,#3632));
#711=EDGE_LOOP('',(#3633,#3634,#3635,#3636));
#712=EDGE_LOOP('',(#3637,#3638,#3639,#3640,#3641,#3642,#3643,#3644,#3645,
#3646,#3647,#3648,#3649,#3650,#3651,#3652,#3653,#3654,#3655,#3656,#3657,
#3658));
#713=EDGE_LOOP('',(#3659,#3660,#3661,#3662));
#714=EDGE_LOOP('',(#3663,#3664,#3665,#3666,#3667));
#715=EDGE_LOOP('',(#3668,#3669,#3670,#3671));
#716=EDGE_LOOP('',(#3672,#3673,#3674,#3675));
#717=EDGE_LOOP('',(#3676,#3677,#3678,#3679));
#718=EDGE_LOOP('',(#3680,#3681,#3682,#3683));
#719=EDGE_LOOP('',(#3684,#3685,#3686,#3687));
#720=EDGE_LOOP('',(#3688,#3689,#3690,#3691));
#721=EDGE_LOOP('',(#3692,#3693,#3694,#3695));
#722=EDGE_LOOP('',(#3696,#3697,#3698,#3699,#3700,#3701,#3702,#3703,#3704,
#3705,#3706,#3707));
#723=EDGE_LOOP('',(#3708,#3709,#3710,#3711,#3712));
#724=EDGE_LOOP('',(#3713,#3714,#3715,#3716));
#725=EDGE_LOOP('',(#3717,#3718,#3719,#3720));
#726=EDGE_LOOP('',(#3721,#3722,#3723,#3724,#3725,#3726,#3727,#3728,#3729,
#3730));
#727=EDGE_LOOP('',(#3731,#3732,#3733));
#728=EDGE_LOOP('',(#3734,#3735,#3736,#3737,#3738,#3739));
#729=EDGE_LOOP('',(#3740,#3741,#3742,#3743,#3744,#3745));
#730=EDGE_LOOP('',(#3746));
#731=EDGE_LOOP('',(#3747));
#732=EDGE_LOOP('',(#3748,#3749,#3750,#3751,#3752));
#733=EDGE_LOOP('',(#3753,#3754,#3755,#3756,#3757,#3758));
#734=EDGE_LOOP('',(#3759,#3760,#3761,#3762,#3763,#3764,#3765,#3766,#3767,
#3768,#3769,#3770));
#735=LINE('',#5711,#1113);
#736=LINE('',#5722,#1114);
#737=LINE('',#5726,#1115);
#738=LINE('',#5728,#1116);
#739=LINE('',#5729,#1117);
#740=LINE('',#5733,#1118);
#741=LINE('',#5738,#1119);
#742=LINE('',#5740,#1120);
#743=LINE('',#5741,#1121);
#744=LINE('',#5745,#1122);
#745=LINE('',#5751,#1123);
#746=LINE('',#5752,#1124);
#747=LINE('',#5753,#1125);
#748=LINE('',#5756,#1126);
#749=LINE('',#5760,#1127);
#750=LINE('',#5764,#1128);
#751=LINE('',#5768,#1129);
#752=LINE('',#5770,#1130);
#753=LINE('',#5774,#1131);
#754=LINE('',#5776,#1132);
#755=LINE('',#5780,#1133);
#756=LINE('',#5782,#1134);
#757=LINE('',#5785,#1135);
#758=LINE('',#5790,#1136);
#759=LINE('',#5791,#1137);
#760=LINE('',#5795,#1138);
#761=LINE('',#5798,#1139);
#762=LINE('',#5799,#1140);
#763=LINE('',#5803,#1141);
#764=LINE('',#5807,#1142);
#765=LINE('',#5810,#1143);
#766=LINE('',#5812,#1144);
#767=LINE('',#5814,#1145);
#768=LINE('',#5816,#1146);
#769=LINE('',#5818,#1147);
#770=LINE('',#5820,#1148);
#771=LINE('',#5821,#1149);
#772=LINE('',#5824,#1150);
#773=LINE('',#5828,#1151);
#774=LINE('',#5829,#1152);
#775=LINE('',#5832,#1153);
#776=LINE('',#5836,#1154);
#777=LINE('',#5838,#1155);
#778=LINE('',#5840,#1156);
#779=LINE('',#5841,#1157);
#780=LINE('',#5844,#1158);
#781=LINE('',#5846,#1159);
#782=LINE('',#5848,#1160);
#783=LINE('',#5852,#1161);
#784=LINE('',#5856,#1162);
#785=LINE('',#5857,#1163);
#786=LINE('',#5860,#1164);
#787=LINE('',#5862,#1165);
#788=LINE('',#5863,#1166);
#789=LINE('',#5866,#1167);
#790=LINE('',#5871,#1168);
#791=LINE('',#5876,#1169);
#792=LINE('',#5878,#1170);
#793=LINE('',#5880,#1171);
#794=LINE('',#5881,#1172);
#795=LINE('',#5884,#1173);
#796=LINE('',#5888,#1174);
#797=LINE('',#5889,#1175);
#798=LINE('',#5892,#1176);
#799=LINE('',#5896,#1177);
#800=LINE('',#5897,#1178);
#801=LINE('',#5902,#1179);
#802=LINE('',#5907,#1180);
#803=LINE('',#5911,#1181);
#804=LINE('',#5915,#1182);
#805=LINE('',#5919,#1183);
#806=LINE('',#5923,#1184);
#807=LINE('',#5928,#1185);
#808=LINE('',#5932,#1186);
#809=LINE('',#5938,#1187);
#810=LINE('',#5944,#1188);
#811=LINE('',#5946,#1189);
#812=LINE('',#5950,#1190);
#813=LINE('',#5953,#1191);
#814=LINE('',#5958,#1192);
#815=LINE('',#5962,#1193);
#816=LINE('',#5966,#1194);
#817=LINE('',#5969,#1195);
#818=LINE('',#5974,#1196);
#819=LINE('',#5978,#1197);
#820=LINE('',#5982,#1198);
#821=LINE('',#5985,#1199);
#822=LINE('',#5991,#1200);
#823=LINE('',#5994,#1201);
#824=LINE('',#5997,#1202);
#825=LINE('',#6000,#1203);
#826=LINE('',#6001,#1204);
#827=LINE('',#6004,#1205);
#828=LINE('',#6008,#1206);
#829=LINE('',#6009,#1207);
#830=LINE('',#6012,#1208);
#831=LINE('',#6016,#1209);
#832=LINE('',#6017,#1210);
#833=LINE('',#6020,#1211);
#834=LINE('',#6023,#1212);
#835=LINE('',#6026,#1213);
#836=LINE('',#6028,#1214);
#837=LINE('',#6029,#1215);
#838=LINE('',#6032,#1216);
#839=LINE('',#6036,#1217);
#840=LINE('',#6037,#1218);
#841=LINE('',#6040,#1219);
#842=LINE('',#6044,#1220);
#843=LINE('',#6047,#1221);
#844=LINE('',#6050,#1222);
#845=LINE('',#6051,#1223);
#846=LINE('',#6054,#1224);
#847=LINE('',#6058,#1225);
#848=LINE('',#6059,#1226);
#849=LINE('',#6062,#1227);
#850=LINE('',#6066,#1228);
#851=LINE('',#6067,#1229);
#852=LINE('',#6070,#1230);
#853=LINE('',#6073,#1231);
#854=LINE('',#6076,#1232);
#855=LINE('',#6078,#1233);
#856=LINE('',#6079,#1234);
#857=LINE('',#6082,#1235);
#858=LINE('',#6086,#1236);
#859=LINE('',#6087,#1237);
#860=LINE('',#6090,#1238);
#861=LINE('',#6096,#1239);
#862=LINE('',#6097,#1240);
#863=LINE('',#6100,#1241);
#864=LINE('',#6104,#1242);
#865=LINE('',#6105,#1243);
#866=LINE('',#6108,#1244);
#867=LINE('',#6112,#1245);
#868=LINE('',#6113,#1246);
#869=LINE('',#6116,#1247);
#870=LINE('',#6120,#1248);
#871=LINE('',#6121,#1249);
#872=LINE('',#6124,#1250);
#873=LINE('',#6129,#1251);
#874=LINE('',#6133,#1252);
#875=LINE('',#6135,#1253);
#876=LINE('',#6137,#1254);
#877=LINE('',#6138,#1255);
#878=LINE('',#6142,#1256);
#879=LINE('',#6148,#1257);
#880=LINE('',#6149,#1258);
#881=LINE('',#6150,#1259);
#882=LINE('',#6154,#1260);
#883=LINE('',#6159,#1261);
#884=LINE('',#6161,#1262);
#885=LINE('',#6162,#1263);
#886=LINE('',#6165,#1264);
#887=LINE('',#6167,#1265);
#888=LINE('',#6168,#1266);
#889=LINE('',#6172,#1267);
#890=LINE('',#6178,#1268);
#891=LINE('',#6179,#1269);
#892=LINE('',#6180,#1270);
#893=LINE('',#6184,#1271);
#894=LINE('',#6190,#1272);
#895=LINE('',#6191,#1273);
#896=LINE('',#6192,#1274);
#897=LINE('',#6196,#1275);
#898=LINE('',#6202,#1276);
#899=LINE('',#6203,#1277);
#900=LINE('',#6204,#1278);
#901=LINE('',#6208,#1279);
#902=LINE('',#6210,#1280);
#903=LINE('',#6211,#1281);
#904=LINE('',#6212,#1282);
#905=LINE('',#6218,#1283);
#906=LINE('',#6220,#1284);
#907=LINE('',#6221,#1285);
#908=LINE('',#6222,#1286);
#909=LINE('',#6227,#1287);
#910=LINE('',#6230,#1288);
#911=LINE('',#6233,#1289);
#912=LINE('',#6234,#1290);
#913=LINE('',#6237,#1291);
#914=LINE('',#6241,#1292);
#915=LINE('',#6242,#1293);
#916=LINE('',#6245,#1294);
#917=LINE('',#6246,#1295);
#918=LINE('',#6249,#1296);
#919=LINE('',#6253,#1297);
#920=LINE('',#6254,#1298);
#921=LINE('',#6257,#1299);
#922=LINE('',#6261,#1300);
#923=LINE('',#6262,#1301);
#924=LINE('',#6265,#1302);
#925=LINE('',#6269,#1303);
#926=LINE('',#6270,#1304);
#927=LINE('',#6273,#1305);
#928=LINE('',#6277,#1306);
#929=LINE('',#6278,#1307);
#930=LINE('',#6281,#1308);
#931=LINE('',#6285,#1309);
#932=LINE('',#6287,#1310);
#933=LINE('',#6291,#1311);
#934=LINE('',#6293,#1312);
#935=LINE('',#6295,#1313);
#936=LINE('',#6296,#1314);
#937=LINE('',#6299,#1315);
#938=LINE('',#6301,#1316);
#939=LINE('',#6302,#1317);
#940=LINE('',#6305,#1318);
#941=LINE('',#6309,#1319);
#942=LINE('',#6310,#1320);
#943=LINE('',#6313,#1321);
#944=LINE('',#6318,#1322);
#945=LINE('',#6319,#1323);
#946=LINE('',#6320,#1324);
#947=LINE('',#6325,#1325);
#948=LINE('',#6330,#1326);
#949=LINE('',#6331,#1327);
#950=LINE('',#6332,#1328);
#951=LINE('',#6338,#1329);
#952=LINE('',#6342,#1330);
#953=LINE('',#6346,#1331);
#954=LINE('',#6350,#1332);
#955=LINE('',#6354,#1333);
#956=LINE('',#6358,#1334);
#957=LINE('',#6362,#1335);
#958=LINE('',#6366,#1336);
#959=LINE('',#6370,#1337);
#960=LINE('',#6374,#1338);
#961=LINE('',#6377,#1339);
#962=LINE('',#6380,#1340);
#963=LINE('',#6384,#1341);
#964=LINE('',#6388,#1342);
#965=LINE('',#6392,#1343);
#966=LINE('',#6398,#1344);
#967=LINE('',#6400,#1345);
#968=LINE('',#6401,#1346);
#969=LINE('',#6404,#1347);
#970=LINE('',#6406,#1348);
#971=LINE('',#6408,#1349);
#972=LINE('',#6410,#1350);
#973=LINE('',#6412,#1351);
#974=LINE('',#6415,#1352);
#975=LINE('',#6416,#1353);
#976=LINE('',#6420,#1354);
#977=LINE('',#6422,#1355);
#978=LINE('',#6424,#1356);
#979=LINE('',#6427,#1357);
#980=LINE('',#6429,#1358);
#981=LINE('',#6430,#1359);
#982=LINE('',#6433,#1360);
#983=LINE('',#6435,#1361);
#984=LINE('',#6437,#1362);
#985=LINE('',#6439,#1363);
#986=LINE('',#6441,#1364);
#987=LINE('',#6443,#1365);
#988=LINE('',#6447,#1366);
#989=LINE('',#6450,#1367);
#990=LINE('',#6451,#1368);
#991=LINE('',#6455,#1369);
#992=LINE('',#6458,#1370);
#993=LINE('',#6459,#1371);
#994=LINE('',#6463,#1372);
#995=LINE('',#6466,#1373);
#996=LINE('',#6467,#1374);
#997=LINE('',#6471,#1375);
#998=LINE('',#6474,#1376);
#999=LINE('',#6475,#1377);
#1000=LINE('',#6479,#1378);
#1001=LINE('',#6482,#1379);
#1002=LINE('',#6483,#1380);
#1003=LINE('',#6487,#1381);
#1004=LINE('',#6490,#1382);
#1005=LINE('',#6491,#1383);
#1006=LINE('',#6495,#1384);
#1007=LINE('',#6497,#1385);
#1008=LINE('',#6500,#1386);
#1009=LINE('',#6501,#1387);
#1010=LINE('',#6504,#1388);
#1011=LINE('',#6510,#1389);
#1012=LINE('',#6512,#1390);
#1013=LINE('',#6513,#1391);
#1014=LINE('',#6516,#1392);
#1015=LINE('',#6520,#1393);
#1016=LINE('',#6521,#1394);
#1017=LINE('',#6522,#1395);
#1018=LINE('',#6524,#1396);
#1019=LINE('',#6526,#1397);
#1020=LINE('',#6528,#1398);
#1021=LINE('',#6530,#1399);
#1022=LINE('',#6532,#1400);
#1023=LINE('',#6534,#1401);
#1024=LINE('',#6536,#1402);
#1025=LINE('',#6539,#1403);
#1026=LINE('',#6541,#1404);
#1027=LINE('',#6543,#1405);
#1028=LINE('',#6545,#1406);
#1029=LINE('',#6546,#1407);
#1030=LINE('',#6551,#1408);
#1031=LINE('',#6555,#1409);
#1032=LINE('',#6556,#1410);
#1033=LINE('',#6567,#1411);
#1034=LINE('',#6571,#1412);
#1035=LINE('',#6593,#1413);
#1036=LINE('',#6617,#1414);
#1037=LINE('',#6630,#1415);
#1038=LINE('',#6634,#1416);
#1039=LINE('',#6637,#1417);
#1040=LINE('',#6649,#1418);
#1041=LINE('',#6651,#1419);
#1042=LINE('',#6655,#1420);
#1043=LINE('',#6657,#1421);
#1044=LINE('',#6660,#1422);
#1045=LINE('',#6661,#1423);
#1046=LINE('',#6676,#1424);
#1047=LINE('',#6680,#1425);
#1048=LINE('',#6685,#1426);
#1049=LINE('',#6688,#1427);
#1050=LINE('',#6689,#1428);
#1051=LINE('',#6692,#1429);
#1052=LINE('',#6694,#1430);
#1053=LINE('',#6698,#1431);
#1054=LINE('',#6701,#1432);
#1055=LINE('',#6704,#1433);
#1056=LINE('',#6705,#1434);
#1057=LINE('',#6708,#1435);
#1058=LINE('',#6711,#1436);
#1059=LINE('',#6713,#1437);
#1060=LINE('',#6715,#1438);
#1061=LINE('',#6718,#1439);
#1062=LINE('',#6726,#1440);
#1063=LINE('',#6728,#1441);
#1064=LINE('',#6731,#1442);
#1065=LINE('',#6741,#1443);
#1066=LINE('',#6744,#1444);
#1067=LINE('',#6745,#1445);
#1068=LINE('',#6748,#1446);
#1069=LINE('',#6919,#1447);
#1070=LINE('',#6923,#1448);
#1071=LINE('',#6967,#1449);
#1072=LINE('',#6975,#1450);
#1073=LINE('',#6998,#1451);
#1074=LINE('',#6999,#1452);
#1075=LINE('',#7001,#1453);
#1076=LINE('',#7005,#1454);
#1077=LINE('',#7098,#1455);
#1078=LINE('',#7101,#1456);
#1079=LINE('',#7102,#1457);
#1080=LINE('',#7104,#1458);
#1081=LINE('',#7105,#1459);
#1082=LINE('',#7111,#1460);
#1083=LINE('',#7119,#1461);
#1084=LINE('',#7123,#1462);
#1085=LINE('',#7133,#1463);
#1086=LINE('',#7134,#1464);
#1087=LINE('',#7137,#1465);
#1088=LINE('',#7138,#1466);
#1089=LINE('',#7142,#1467);
#1090=LINE('',#7144,#1468);
#1091=LINE('',#7149,#1469);
#1092=LINE('',#7151,#1470);
#1093=LINE('',#7154,#1471);
#1094=LINE('',#7157,#1472);
#1095=LINE('',#7158,#1473);
#1096=LINE('',#7160,#1474);
#1097=LINE('',#7163,#1475);
#1098=LINE('',#7167,#1476);
#1099=LINE('',#7170,#1477);
#1100=LINE('',#7173,#1478);
#1101=LINE('',#7176,#1479);
#1102=LINE('',#7178,#1480);
#1103=LINE('',#7183,#1481);
#1104=LINE('',#7184,#1482);
#1105=LINE('',#7190,#1483);
#1106=LINE('',#7196,#1484);
#1107=LINE('',#7197,#1485);
#1108=LINE('',#7200,#1486);
#1109=LINE('',#7205,#1487);
#1110=LINE('',#7210,#1488);
#1111=LINE('',#7214,#1489);
#1112=LINE('',#7218,#1490);
#1113=VECTOR('',#4506,2.75);
#1114=VECTOR('',#4513,10.);
#1115=VECTOR('',#4518,10.);
#1116=VECTOR('',#4519,10.);
#1117=VECTOR('',#4520,10.);
#1118=VECTOR('',#4523,10.);
#1119=VECTOR('',#4530,10.);
#1120=VECTOR('',#4531,10.);
#1121=VECTOR('',#4532,10.);
#1122=VECTOR('',#4535,10.);
#1123=VECTOR('',#4542,10.);
#1124=VECTOR('',#4543,10.);
#1125=VECTOR('',#4544,10.);
#1126=VECTOR('',#4547,10.);
#1127=VECTOR('',#4550,10.);
#1128=VECTOR('',#4553,10.);
#1129=VECTOR('',#4556,10.);
#1130=VECTOR('',#4557,10.);
#1131=VECTOR('',#4560,10.);
#1132=VECTOR('',#4561,10.);
#1133=VECTOR('',#4564,10.);
#1134=VECTOR('',#4565,10.);
#1135=VECTOR('',#4568,10.);
#1136=VECTOR('',#4573,10.);
#1137=VECTOR('',#4574,10.);
#1138=VECTOR('',#4579,10.);
#1139=VECTOR('',#4582,10.);
#1140=VECTOR('',#4583,10.);
#1141=VECTOR('',#4588,10.);
#1142=VECTOR('',#4593,10.);
#1143=VECTOR('',#4596,10.);
#1144=VECTOR('',#4597,10.);
#1145=VECTOR('',#4598,10.);
#1146=VECTOR('',#4599,10.);
#1147=VECTOR('',#4600,10.);
#1148=VECTOR('',#4601,10.);
#1149=VECTOR('',#4602,10.);
#1150=VECTOR('',#4605,10.);
#1151=VECTOR('',#4610,10.);
#1152=VECTOR('',#4611,10.);
#1153=VECTOR('',#4614,10.);
#1154=VECTOR('',#4619,10.);
#1155=VECTOR('',#4620,10.);
#1156=VECTOR('',#4621,10.);
#1157=VECTOR('',#4622,10.);
#1158=VECTOR('',#4625,10.);
#1159=VECTOR('',#4626,10.);
#1160=VECTOR('',#4627,10.);
#1161=VECTOR('',#4632,10.);
#1162=VECTOR('',#4637,10.);
#1163=VECTOR('',#4638,10.);
#1164=VECTOR('',#4641,10.);
#1165=VECTOR('',#4642,10.);
#1166=VECTOR('',#4643,10.);
#1167=VECTOR('',#4646,10.);
#1168=VECTOR('',#4653,10.);
#1169=VECTOR('',#4660,10.);
#1170=VECTOR('',#4661,10.);
#1171=VECTOR('',#4662,10.);
#1172=VECTOR('',#4663,10.);
#1173=VECTOR('',#4666,10.);
#1174=VECTOR('',#4671,10.);
#1175=VECTOR('',#4672,10.);
#1176=VECTOR('',#4675,10.);
#1177=VECTOR('',#4680,10.);
#1178=VECTOR('',#4681,10.);
#1179=VECTOR('',#4686,3.75);
#1180=VECTOR('',#4691,10.);
#1181=VECTOR('',#4694,10.);
#1182=VECTOR('',#4697,10.);
#1183=VECTOR('',#4700,10.);
#1184=VECTOR('',#4703,10.);
#1185=VECTOR('',#4708,10.);
#1186=VECTOR('',#4711,10.);
#1187=VECTOR('',#4712,10.);
#1188=VECTOR('',#4713,10.);
#1189=VECTOR('',#4714,10.);
#1190=VECTOR('',#4717,10.);
#1191=VECTOR('',#4720,10.);
#1192=VECTOR('',#4723,10.);
#1193=VECTOR('',#4726,10.);
#1194=VECTOR('',#4729,10.);
#1195=VECTOR('',#4732,10.);
#1196=VECTOR('',#4735,10.);
#1197=VECTOR('',#4738,10.);
#1198=VECTOR('',#4741,10.);
#1199=VECTOR('',#4744,10.);
#1200=VECTOR('',#4751,3.5);
#1201=VECTOR('',#4754,10.);
#1202=VECTOR('',#4757,10.);
#1203=VECTOR('',#4760,10.);
#1204=VECTOR('',#4761,10.);
#1205=VECTOR('',#4764,10.);
#1206=VECTOR('',#4769,10.);
#1207=VECTOR('',#4770,10.);
#1208=VECTOR('',#4773,10.);
#1209=VECTOR('',#4778,10.);
#1210=VECTOR('',#4779,10.);
#1211=VECTOR('',#4782,10.);
#1212=VECTOR('',#4787,10.);
#1213=VECTOR('',#4790,10.);
#1214=VECTOR('',#4791,10.);
#1215=VECTOR('',#4792,10.);
#1216=VECTOR('',#4795,10.);
#1217=VECTOR('',#4800,10.);
#1218=VECTOR('',#4801,10.);
#1219=VECTOR('',#4804,10.);
#1220=VECTOR('',#4809,10.);
#1221=VECTOR('',#4812,10.);
#1222=VECTOR('',#4815,10.);
#1223=VECTOR('',#4816,10.);
#1224=VECTOR('',#4819,10.);
#1225=VECTOR('',#4824,10.);
#1226=VECTOR('',#4825,10.);
#1227=VECTOR('',#4828,10.);
#1228=VECTOR('',#4833,10.);
#1229=VECTOR('',#4834,10.);
#1230=VECTOR('',#4837,10.);
#1231=VECTOR('',#4842,10.);
#1232=VECTOR('',#4845,10.);
#1233=VECTOR('',#4846,10.);
#1234=VECTOR('',#4847,10.);
#1235=VECTOR('',#4850,10.);
#1236=VECTOR('',#4855,10.);
#1237=VECTOR('',#4856,10.);
#1238=VECTOR('',#4859,10.);
#1239=VECTOR('',#4866,10.);
#1240=VECTOR('',#4867,10.);
#1241=VECTOR('',#4870,10.);
#1242=VECTOR('',#4875,10.);
#1243=VECTOR('',#4876,10.);
#1244=VECTOR('',#4879,10.);
#1245=VECTOR('',#4884,10.);
#1246=VECTOR('',#4885,10.);
#1247=VECTOR('',#4888,10.);
#1248=VECTOR('',#4893,10.);
#1249=VECTOR('',#4894,10.);
#1250=VECTOR('',#4897,10.);
#1251=VECTOR('',#4904,10.);
#1252=VECTOR('',#4907,10.);
#1253=VECTOR('',#4908,10.);
#1254=VECTOR('',#4909,10.);
#1255=VECTOR('',#4910,10.);
#1256=VECTOR('',#4913,10.);
#1257=VECTOR('',#4920,10.);
#1258=VECTOR('',#4921,10.);
#1259=VECTOR('',#4922,10.);
#1260=VECTOR('',#4925,10.);
#1261=VECTOR('',#4932,10.);
#1262=VECTOR('',#4933,10.);
#1263=VECTOR('',#4934,10.);
#1264=VECTOR('',#4937,10.);
#1265=VECTOR('',#4938,10.);
#1266=VECTOR('',#4939,10.);
#1267=VECTOR('',#4942,10.);
#1268=VECTOR('',#4949,10.);
#1269=VECTOR('',#4950,10.);
#1270=VECTOR('',#4951,10.);
#1271=VECTOR('',#4954,10.);
#1272=VECTOR('',#4961,10.);
#1273=VECTOR('',#4962,10.);
#1274=VECTOR('',#4963,10.);
#1275=VECTOR('',#4966,10.);
#1276=VECTOR('',#4973,10.);
#1277=VECTOR('',#4974,10.);
#1278=VECTOR('',#4975,10.);
#1279=VECTOR('',#4978,10.);
#1280=VECTOR('',#4979,10.);
#1281=VECTOR('',#4980,10.);
#1282=VECTOR('',#4981,10.);
#1283=VECTOR('',#4988,10.);
#1284=VECTOR('',#4989,10.);
#1285=VECTOR('',#4990,10.);
#1286=VECTOR('',#4991,10.);
#1287=VECTOR('',#4998,10.);
#1288=VECTOR('',#5001,10.);
#1289=VECTOR('',#5004,10.);
#1290=VECTOR('',#5005,10.);
#1291=VECTOR('',#5008,10.);
#1292=VECTOR('',#5013,10.);
#1293=VECTOR('',#5014,10.);
#1294=VECTOR('',#5017,10.);
#1295=VECTOR('',#5018,10.);
#1296=VECTOR('',#5021,10.);
#1297=VECTOR('',#5026,10.);
#1298=VECTOR('',#5027,10.);
#1299=VECTOR('',#5030,10.);
#1300=VECTOR('',#5035,10.);
#1301=VECTOR('',#5036,10.);
#1302=VECTOR('',#5039,10.);
#1303=VECTOR('',#5044,10.);
#1304=VECTOR('',#5045,10.);
#1305=VECTOR('',#5048,10.);
#1306=VECTOR('',#5053,10.);
#1307=VECTOR('',#5054,10.);
#1308=VECTOR('',#5057,10.);
#1309=VECTOR('',#5062,10.);
#1310=VECTOR('',#5063,10.);
#1311=VECTOR('',#5066,10.);
#1312=VECTOR('',#5067,10.);
#1313=VECTOR('',#5068,10.);
#1314=VECTOR('',#5069,10.);
#1315=VECTOR('',#5072,10.);
#1316=VECTOR('',#5073,10.);
#1317=VECTOR('',#5074,10.);
#1318=VECTOR('',#5077,10.);
#1319=VECTOR('',#5082,10.);
#1320=VECTOR('',#5083,10.);
#1321=VECTOR('',#5086,10.);
#1322=VECTOR('',#5091,10.);
#1323=VECTOR('',#5092,10.);
#1324=VECTOR('',#5093,10.);
#1325=VECTOR('',#5098,10.);
#1326=VECTOR('',#5103,10.);
#1327=VECTOR('',#5104,10.);
#1328=VECTOR('',#5105,10.);
#1329=VECTOR('',#5114,10.);
#1330=VECTOR('',#5117,10.);
#1331=VECTOR('',#5120,10.);
#1332=VECTOR('',#5123,10.);
#1333=VECTOR('',#5126,10.);
#1334=VECTOR('',#5129,10.);
#1335=VECTOR('',#5132,10.);
#1336=VECTOR('',#5135,10.);
#1337=VECTOR('',#5138,10.);
#1338=VECTOR('',#5141,10.);
#1339=VECTOR('',#5144,10.);
#1340=VECTOR('',#5145,10.);
#1341=VECTOR('',#5148,10.);
#1342=VECTOR('',#5151,10.);
#1343=VECTOR('',#5154,10.);
#1344=VECTOR('',#5161,10.);
#1345=VECTOR('',#5162,10.);
#1346=VECTOR('',#5163,10.);
#1347=VECTOR('',#5168,10.);
#1348=VECTOR('',#5171,10.);
#1349=VECTOR('',#5174,10.);
#1350=VECTOR('',#5177,10.);
#1351=VECTOR('',#5180,10.);
#1352=VECTOR('',#5183,10.);
#1353=VECTOR('',#5184,10.);
#1354=VECTOR('',#5191,10.);
#1355=VECTOR('',#5194,10.);
#1356=VECTOR('',#5197,3.85);
#1357=VECTOR('',#5200,10.);
#1358=VECTOR('',#5201,10.);
#1359=VECTOR('',#5202,10.);
#1360=VECTOR('',#5207,10.);
#1361=VECTOR('',#5210,10.);
#1362=VECTOR('',#5213,10.);
#1363=VECTOR('',#5216,10.);
#1364=VECTOR('',#5219,10.);
#1365=VECTOR('',#5222,10.);
#1366=VECTOR('',#5227,10.);
#1367=VECTOR('',#5230,10.);
#1368=VECTOR('',#5231,10.);
#1369=VECTOR('',#5236,10.);
#1370=VECTOR('',#5239,10.);
#1371=VECTOR('',#5240,10.);
#1372=VECTOR('',#5245,10.);
#1373=VECTOR('',#5248,10.);
#1374=VECTOR('',#5249,10.);
#1375=VECTOR('',#5254,10.);
#1376=VECTOR('',#5257,10.);
#1377=VECTOR('',#5258,10.);
#1378=VECTOR('',#5263,10.);
#1379=VECTOR('',#5266,10.);
#1380=VECTOR('',#5267,10.);
#1381=VECTOR('',#5272,10.);
#1382=VECTOR('',#5275,10.);
#1383=VECTOR('',#5276,10.);
#1384=VECTOR('',#5281,10.);
#1385=VECTOR('',#5284,10.);
#1386=VECTOR('',#5287,10.);
#1387=VECTOR('',#5288,10.);
#1388=VECTOR('',#5291,10.);
#1389=VECTOR('',#5298,10.);
#1390=VECTOR('',#5299,10.);
#1391=VECTOR('',#5300,10.);
#1392=VECTOR('',#5303,10.);
#1393=VECTOR('',#5308,10.);
#1394=VECTOR('',#5309,10.);
#1395=VECTOR('',#5310,10.);
#1396=VECTOR('',#5313,10.);
#1397=VECTOR('',#5316,10.);
#1398=VECTOR('',#5319,10.);
#1399=VECTOR('',#5322,10.);
#1400=VECTOR('',#5325,10.);
#1401=VECTOR('',#5328,10.);
#1402=VECTOR('',#5331,10.);
#1403=VECTOR('',#5334,10.);
#1404=VECTOR('',#5335,10.);
#1405=VECTOR('',#5336,10.);
#1406=VECTOR('',#5337,10.);
#1407=VECTOR('',#5338,10.);
#1408=VECTOR('',#5345,10.);
#1409=VECTOR('',#5350,10.);
#1410=VECTOR('',#5351,10.);
#1411=VECTOR('',#5356,10.);
#1412=VECTOR('',#5359,10.);
#1413=VECTOR('',#5360,10.);
#1414=VECTOR('',#5365,2.04);
#1415=VECTOR('',#5376,10.);
#1416=VECTOR('',#5379,10.);
#1417=VECTOR('',#5382,10.);
#1418=VECTOR('',#5395,10.);
#1419=VECTOR('',#5396,10.);
#1420=VECTOR('',#5401,10.);
#1421=VECTOR('',#5402,10.);
#1422=VECTOR('',#5407,10.);
#1423=VECTOR('',#5408,10.);
#1424=VECTOR('',#5415,10.);
#1425=VECTOR('',#5420,10.);
#1426=VECTOR('',#5421,10.);
#1427=VECTOR('',#5424,10.);
#1428=VECTOR('',#5425,10.);
#1429=VECTOR('',#5428,10.);
#1430=VECTOR('',#5429,10.);
#1431=VECTOR('',#5434,10.);
#1432=VECTOR('',#5437,10.);
#1433=VECTOR('',#5440,10.);
#1434=VECTOR('',#5441,10.);
#1435=VECTOR('',#5444,10.);
#1436=VECTOR('',#5447,10.);
#1437=VECTOR('',#5450,10.);
#1438=VECTOR('',#5451,10.);
#1439=VECTOR('',#5454,10.);
#1440=VECTOR('',#5455,10.);
#1441=VECTOR('',#5458,10.);
#1442=VECTOR('',#5463,10.);
#1443=VECTOR('',#5482,10.);
#1444=VECTOR('',#5487,10.);
#1445=VECTOR('',#5488,10.);
#1446=VECTOR('',#5493,10.);
#1447=VECTOR('',#5500,10.);
#1448=VECTOR('',#5503,10.);
#1449=VECTOR('',#5520,10.);
#1450=VECTOR('',#5523,10.);
#1451=VECTOR('',#5526,10.);
#1452=VECTOR('',#5527,10.);
#1453=VECTOR('',#5530,10.);
#1454=VECTOR('',#5535,10.);
#1455=VECTOR('',#5544,10.);
#1456=VECTOR('',#5547,10.);
#1457=VECTOR('',#5548,10.);
#1458=VECTOR('',#5551,10.);
#1459=VECTOR('',#5552,10.);
#1460=VECTOR('',#5561,2.04);
#1461=VECTOR('',#5574,2.04);
#1462=VECTOR('',#5579,2.04);
#1463=VECTOR('',#5594,10.);
#1464=VECTOR('',#5595,10.);
#1465=VECTOR('',#5598,10.);
#1466=VECTOR('',#5599,10.);
#1467=VECTOR('',#5604,10.);
#1468=VECTOR('',#5607,10.);
#1469=VECTOR('',#5612,10.);
#1470=VECTOR('',#5615,10.);
#1471=VECTOR('',#5618,10.);
#1472=VECTOR('',#5623,10.);
#1473=VECTOR('',#5624,10.);
#1474=VECTOR('',#5627,10.);
#1475=VECTOR('',#5630,10.);
#1476=VECTOR('',#5635,10.);
#1477=VECTOR('',#5640,10.);
#1478=VECTOR('',#5643,10.);
#1479=VECTOR('',#5646,10.);
#1480=VECTOR('',#5649,10.);
#1481=VECTOR('',#5654,10.);
#1482=VECTOR('',#5655,10.);
#1483=VECTOR('',#5662,10.);
#1484=VECTOR('',#5667,10.);
#1485=VECTOR('',#5668,10.);
#1486=VECTOR('',#5671,10.);
#1487=VECTOR('',#5680,10.);
#1488=VECTOR('',#5683,10.);
#1489=VECTOR('',#5688,3.5);
#1490=VECTOR('',#5693,3.5);
#1491=CIRCLE('',#4088,2.75);
#1492=CIRCLE('',#4089,2.75);
#1493=CIRCLE('',#4091,1.5);
#1494=CIRCLE('',#4092,1.);
#1495=CIRCLE('',#4095,1.);
#1496=CIRCLE('',#4096,1.5);
#1497=CIRCLE('',#4099,1.);
#1498=CIRCLE('',#4100,1.5);
#1499=CIRCLE('',#4103,1.);
#1500=CIRCLE('',#4104,0.499999999999999);
#1501=CIRCLE('',#4105,0.499999999999999);
#1502=CIRCLE('',#4106,0.999999999999999);
#1503=CIRCLE('',#4107,1.5);
#1504=CIRCLE('',#4112,1.);
#1505=CIRCLE('',#4115,1.);
#1506=CIRCLE('',#4120,1.);
#1507=CIRCLE('',#4123,1.);
#1508=CIRCLE('',#4128,1.);
#1509=CIRCLE('',#4132,0.5);
#1510=CIRCLE('',#4136,0.500000000000001);
#1511=CIRCLE('',#4139,1.);
#1512=CIRCLE('',#4142,0.5);
#1513=CIRCLE('',#4145,4.);
#1514=CIRCLE('',#4146,3.5);
#1515=CIRCLE('',#4148,0.5);
#1516=CIRCLE('',#4149,1.5);
#1517=CIRCLE('',#4150,1.5);
#1518=CIRCLE('',#4151,0.5);
#1519=CIRCLE('',#4152,1.);
#1520=CIRCLE('',#4153,0.5);
#1521=CIRCLE('',#4154,1.);
#1522=CIRCLE('',#4155,0.5);
#1523=CIRCLE('',#4156,0.5);
#1524=CIRCLE('',#4157,1.5);
#1525=CIRCLE('',#4158,1.5);
#1526=CIRCLE('',#4159,1.5);
#1527=CIRCLE('',#4160,1.5);
#1528=CIRCLE('',#4161,1.5);
#1529=CIRCLE('',#4162,1.5);
#1530=CIRCLE('',#4163,1.5);
#1531=CIRCLE('',#4164,1.5);
#1532=CIRCLE('',#4166,3.5);
#1533=CIRCLE('',#4167,3.5);
#1534=CIRCLE('',#4169,1.);
#1535=CIRCLE('',#4172,1.);
#1536=CIRCLE('',#4175,1.);
#1537=CIRCLE('',#4178,1.);
#1538=CIRCLE('',#4182,1.);
#1539=CIRCLE('',#4185,1.);
#1540=CIRCLE('',#4187,1.);
#1541=CIRCLE('',#4190,1.);
#1542=CIRCLE('',#4193,1.);
#1543=CIRCLE('',#4196,1.);
#1544=CIRCLE('',#4200,1.);
#1545=CIRCLE('',#4203,1.);
#1546=CIRCLE('',#4207,1.);
#1547=CIRCLE('',#4210,1.);
#1548=CIRCLE('',#4213,1.);
#1549=CIRCLE('',#4216,1.);
#1550=CIRCLE('',#4221,0.500000002620637);
#1551=CIRCLE('',#4222,1.00000000262064);
#1552=CIRCLE('',#4225,1.02132034309721);
#1553=CIRCLE('',#4226,0.521320343097209);
#1554=CIRCLE('',#4230,1.5);
#1555=CIRCLE('',#4231,1.);
#1556=CIRCLE('',#4234,1.5);
#1557=CIRCLE('',#4235,2.);
#1558=CIRCLE('',#4238,2.2);
#1559=CIRCLE('',#4239,2.7);
#1560=CIRCLE('',#4243,0.5);
#1561=CIRCLE('',#4246,0.500000000000001);
#1562=CIRCLE('',#4248,0.500000002620637);
#1563=CIRCLE('',#4251,1.02132034309721);
#1564=CIRCLE('',#4255,1.5);
#1565=CIRCLE('',#4258,1.5);
#1566=CIRCLE('',#4261,2.2);
#1567=CIRCLE('',#4264,0.5);
#1568=CIRCLE('',#4267,0.5);
#1569=CIRCLE('',#4272,1.7);
#1570=CIRCLE('',#4275,1.7);
#1571=CIRCLE('',#4278,1.);
#1572=CIRCLE('',#4279,1.7);
#1573=CIRCLE('',#4282,1.);
#1574=CIRCLE('',#4283,1.7);
#1575=CIRCLE('',#4285,0.3);
#1576=CIRCLE('',#4286,0.299999999999999);
#1577=CIRCLE('',#4287,0.299999999999996);
#1578=CIRCLE('',#4288,0.3);
#1579=CIRCLE('',#4289,0.299999999999999);
#1580=CIRCLE('',#4290,1.7);
#1581=CIRCLE('',#4291,1.7);
#1582=CIRCLE('',#4292,0.300000000000003);
#1583=CIRCLE('',#4293,0.299999999999995);
#1584=CIRCLE('',#4294,0.299999999999995);
#1585=CIRCLE('',#4295,1.7);
#1586=CIRCLE('',#4296,1.7);
#1587=CIRCLE('',#4297,1.7);
#1588=CIRCLE('',#4298,1.7);
#1589=CIRCLE('',#4299,4.2);
#1590=CIRCLE('',#4302,1.);
#1591=CIRCLE('',#4309,1.);
#1592=CIRCLE('',#4315,1.);
#1593=CIRCLE('',#4322,1.);
#1594=CIRCLE('',#4325,1.);
#1595=CIRCLE('',#4328,1.);
#1596=CIRCLE('',#4331,1.);
#1597=CIRCLE('',#4334,1.);
#1598=CIRCLE('',#4337,1.);
#1599=CIRCLE('',#4340,1.);
#1600=CIRCLE('',#4348,1.);
#1601=CIRCLE('',#4359,1.);
#1602=CIRCLE('',#4361,1.);
#1603=CIRCLE('',#4364,1.);
#1604=CIRCLE('',#4365,1.);
#1605=CIRCLE('',#4367,2.58);
#1606=CIRCLE('',#4368,1.5);
#1607=CIRCLE('',#4369,2.58);
#1608=CIRCLE('',#4371,2.58);
#1609=CIRCLE('',#4372,2.58);
#1610=CIRCLE('',#4373,2.58);
#1611=CIRCLE('',#4374,2.58);
#1612=CIRCLE('',#4376,1.);
#1613=CIRCLE('',#4377,2.58);
#1614=CIRCLE('',#4378,1.00000000000001);
#1615=CIRCLE('',#4379,1.58);
#1616=CIRCLE('',#4385,1.);
#1617=CIRCLE('',#4386,1.);
#1618=CIRCLE('',#4388,1.);
#1619=CIRCLE('',#4389,1.);
#1620=CIRCLE('',#4394,1.);
#1621=CIRCLE('',#4397,1.);
#1622=CIRCLE('',#4399,1.);
#1623=CIRCLE('',#4406,1.);
#1624=CIRCLE('',#4408,1.00000000000001);
#1625=CIRCLE('',#4409,0.999999999999995);
#1626=CIRCLE('',#4421,2.5);
#1627=CIRCLE('',#4422,2.5);
#1628=CIRCLE('',#4424,4.5);
#1629=CIRCLE('',#4425,4.5);
#1630=CIRCLE('',#4426,4.5);
#1631=CIRCLE('',#4434,0.999999999999992);
#1632=CIRCLE('',#4436,2.58);
#1633=CIRCLE('',#4440,2.58);
#1634=CIRCLE('',#4442,2.58);
#1635=CIRCLE('',#4443,1.5);
#1636=CIRCLE('',#4446,2.58);
#1637=CIRCLE('',#4449,1.5);
#1638=CIRCLE('',#4451,1.5);
#1639=CIRCLE('',#4457,0.5);
#1640=CIRCLE('',#4460,0.5);
#1641=CIRCLE('',#4464,0.5);
#1642=CIRCLE('',#4466,0.5);
#1643=CIRCLE('',#4480,4.5);
#1644=CIRCLE('',#4481,4.5);
#1645=CIRCLE('',#4482,4.5);
#1646=CIRCLE('',#4483,4.5);
#1647=CIRCLE('',#4492,2.5);
#1648=CIRCLE('',#4494,2.5);
#1649=VERTEX_POINT('',#5708);
#1650=VERTEX_POINT('',#5710);
#1651=VERTEX_POINT('',#5714);
#1652=VERTEX_POINT('',#5715);
#1653=VERTEX_POINT('',#5719);
#1654=VERTEX_POINT('',#5721);
#1655=VERTEX_POINT('',#5725);
#1656=VERTEX_POINT('',#5727);
#1657=VERTEX_POINT('',#5731);
#1658=VERTEX_POINT('',#5732);
#1659=VERTEX_POINT('',#5737);
#1660=VERTEX_POINT('',#5739);
#1661=VERTEX_POINT('',#5743);
#1662=VERTEX_POINT('',#5744);
#1663=VERTEX_POINT('',#5749);
#1664=VERTEX_POINT('',#5750);
#1665=VERTEX_POINT('',#5755);
#1666=VERTEX_POINT('',#5757);
#1667=VERTEX_POINT('',#5759);
#1668=VERTEX_POINT('',#5761);
#1669=VERTEX_POINT('',#5763);
#1670=VERTEX_POINT('',#5765);
#1671=VERTEX_POINT('',#5767);
#1672=VERTEX_POINT('',#5769);
#1673=VERTEX_POINT('',#5771);
#1674=VERTEX_POINT('',#5773);
#1675=VERTEX_POINT('',#5775);
#1676=VERTEX_POINT('',#5777);
#1677=VERTEX_POINT('',#5779);
#1678=VERTEX_POINT('',#5781);
#1679=VERTEX_POINT('',#5783);
#1680=VERTEX_POINT('',#5787);
#1681=VERTEX_POINT('',#5789);
#1682=VERTEX_POINT('',#5793);
#1683=VERTEX_POINT('',#5797);
#1684=VERTEX_POINT('',#5801);
#1685=VERTEX_POINT('',#5805);
#1686=VERTEX_POINT('',#5809);
#1687=VERTEX_POINT('',#5811);
#1688=VERTEX_POINT('',#5813);
#1689=VERTEX_POINT('',#5815);
#1690=VERTEX_POINT('',#5817);
#1691=VERTEX_POINT('',#5819);
#1692=VERTEX_POINT('',#5823);
#1693=VERTEX_POINT('',#5827);
#1694=VERTEX_POINT('',#5831);
#1695=VERTEX_POINT('',#5835);
#1696=VERTEX_POINT('',#5837);
#1697=VERTEX_POINT('',#5839);
#1698=VERTEX_POINT('',#5843);
#1699=VERTEX_POINT('',#5845);
#1700=VERTEX_POINT('',#5847);
#1701=VERTEX_POINT('',#5851);
#1702=VERTEX_POINT('',#5855);
#1703=VERTEX_POINT('',#5859);
#1704=VERTEX_POINT('',#5861);
#1705=VERTEX_POINT('',#5865);
#1706=VERTEX_POINT('',#5869);
#1707=VERTEX_POINT('',#5875);
#1708=VERTEX_POINT('',#5877);
#1709=VERTEX_POINT('',#5879);
#1710=VERTEX_POINT('',#5883);
#1711=VERTEX_POINT('',#5887);
#1712=VERTEX_POINT('',#5891);
#1713=VERTEX_POINT('',#5895);
#1714=VERTEX_POINT('',#5899);
#1715=VERTEX_POINT('',#5901);
#1716=VERTEX_POINT('',#5905);
#1717=VERTEX_POINT('',#5906);
#1718=VERTEX_POINT('',#5908);
#1719=VERTEX_POINT('',#5910);
#1720=VERTEX_POINT('',#5912);
#1721=VERTEX_POINT('',#5914);
#1722=VERTEX_POINT('',#5916);
#1723=VERTEX_POINT('',#5918);
#1724=VERTEX_POINT('',#5920);
#1725=VERTEX_POINT('',#5922);
#1726=VERTEX_POINT('',#5925);
#1727=VERTEX_POINT('',#5927);
#1728=VERTEX_POINT('',#5929);
#1729=VERTEX_POINT('',#5931);
#1730=VERTEX_POINT('',#5933);
#1731=VERTEX_POINT('',#5937);
#1732=VERTEX_POINT('',#5939);
#1733=VERTEX_POINT('',#5943);
#1734=VERTEX_POINT('',#5945);
#1735=VERTEX_POINT('',#5947);
#1736=VERTEX_POINT('',#5949);
#1737=VERTEX_POINT('',#5951);
#1738=VERTEX_POINT('',#5954);
#1739=VERTEX_POINT('',#5955);
#1740=VERTEX_POINT('',#5957);
#1741=VERTEX_POINT('',#5959);
#1742=VERTEX_POINT('',#5961);
#1743=VERTEX_POINT('',#5963);
#1744=VERTEX_POINT('',#5965);
#1745=VERTEX_POINT('',#5967);
#1746=VERTEX_POINT('',#5970);
#1747=VERTEX_POINT('',#5971);
#1748=VERTEX_POINT('',#5973);
#1749=VERTEX_POINT('',#5975);
#1750=VERTEX_POINT('',#5977);
#1751=VERTEX_POINT('',#5979);
#1752=VERTEX_POINT('',#5981);
#1753=VERTEX_POINT('',#5983);
#1754=VERTEX_POINT('',#5987);
#1755=VERTEX_POINT('',#5988);
#1756=VERTEX_POINT('',#5993);
#1757=VERTEX_POINT('',#5995);
#1758=VERTEX_POINT('',#5999);
#1759=VERTEX_POINT('',#6003);
#1760=VERTEX_POINT('',#6007);
#1761=VERTEX_POINT('',#6011);
#1762=VERTEX_POINT('',#6015);
#1763=VERTEX_POINT('',#6019);
#1764=VERTEX_POINT('',#6025);
#1765=VERTEX_POINT('',#6027);
#1766=VERTEX_POINT('',#6031);
#1767=VERTEX_POINT('',#6035);
#1768=VERTEX_POINT('',#6039);
#1769=VERTEX_POINT('',#6043);
#1770=VERTEX_POINT('',#6045);
#1771=VERTEX_POINT('',#6049);
#1772=VERTEX_POINT('',#6053);
#1773=VERTEX_POINT('',#6057);
#1774=VERTEX_POINT('',#6061);
#1775=VERTEX_POINT('',#6065);
#1776=VERTEX_POINT('',#6069);
#1777=VERTEX_POINT('',#6075);
#1778=VERTEX_POINT('',#6077);
#1779=VERTEX_POINT('',#6081);
#1780=VERTEX_POINT('',#6085);
#1781=VERTEX_POINT('',#6089);
#1782=VERTEX_POINT('',#6093);
#1783=VERTEX_POINT('',#6095);
#1784=VERTEX_POINT('',#6099);
#1785=VERTEX_POINT('',#6103);
#1786=VERTEX_POINT('',#6107);
#1787=VERTEX_POINT('',#6111);
#1788=VERTEX_POINT('',#6115);
#1789=VERTEX_POINT('',#6119);
#1790=VERTEX_POINT('',#6123);
#1791=VERTEX_POINT('',#6127);
#1792=VERTEX_POINT('',#6131);
#1793=VERTEX_POINT('',#6132);
#1794=VERTEX_POINT('',#6134);
#1795=VERTEX_POINT('',#6136);
#1796=VERTEX_POINT('',#6140);
#1797=VERTEX_POINT('',#6141);
#1798=VERTEX_POINT('',#6146);
#1799=VERTEX_POINT('',#6147);
#1800=VERTEX_POINT('',#6152);
#1801=VERTEX_POINT('',#6153);
#1802=VERTEX_POINT('',#6158);
#1803=VERTEX_POINT('',#6160);
#1804=VERTEX_POINT('',#6164);
#1805=VERTEX_POINT('',#6166);
#1806=VERTEX_POINT('',#6170);
#1807=VERTEX_POINT('',#6171);
#1808=VERTEX_POINT('',#6176);
#1809=VERTEX_POINT('',#6177);
#1810=VERTEX_POINT('',#6182);
#1811=VERTEX_POINT('',#6183);
#1812=VERTEX_POINT('',#6188);
#1813=VERTEX_POINT('',#6189);
#1814=VERTEX_POINT('',#6194);
#1815=VERTEX_POINT('',#6195);
#1816=VERTEX_POINT('',#6200);
#1817=VERTEX_POINT('',#6201);
#1818=VERTEX_POINT('',#6206);
#1819=VERTEX_POINT('',#6207);
#1820=VERTEX_POINT('',#6209);
#1821=VERTEX_POINT('',#6216);
#1822=VERTEX_POINT('',#6217);
#1823=VERTEX_POINT('',#6219);
#1824=VERTEX_POINT('',#6226);
#1825=VERTEX_POINT('',#6228);
#1826=VERTEX_POINT('',#6232);
#1827=VERTEX_POINT('',#6236);
#1828=VERTEX_POINT('',#6240);
#1829=VERTEX_POINT('',#6244);
#1830=VERTEX_POINT('',#6248);
#1831=VERTEX_POINT('',#6252);
#1832=VERTEX_POINT('',#6256);
#1833=VERTEX_POINT('',#6260);
#1834=VERTEX_POINT('',#6264);
#1835=VERTEX_POINT('',#6268);
#1836=VERTEX_POINT('',#6272);
#1837=VERTEX_POINT('',#6276);
#1838=VERTEX_POINT('',#6280);
#1839=VERTEX_POINT('',#6284);
#1840=VERTEX_POINT('',#6286);
#1841=VERTEX_POINT('',#6288);
#1842=VERTEX_POINT('',#6290);
#1843=VERTEX_POINT('',#6292);
#1844=VERTEX_POINT('',#6294);
#1845=VERTEX_POINT('',#6298);
#1846=VERTEX_POINT('',#6300);
#1847=VERTEX_POINT('',#6304);
#1848=VERTEX_POINT('',#6308);
#1849=VERTEX_POINT('',#6312);
#1850=VERTEX_POINT('',#6316);
#1851=VERTEX_POINT('',#6317);
#1852=VERTEX_POINT('',#6322);
#1853=VERTEX_POINT('',#6324);
#1854=VERTEX_POINT('',#6328);
#1855=VERTEX_POINT('',#6329);
#1856=VERTEX_POINT('',#6337);
#1857=VERTEX_POINT('',#6339);
#1858=VERTEX_POINT('',#6341);
#1859=VERTEX_POINT('',#6343);
#1860=VERTEX_POINT('',#6345);
#1861=VERTEX_POINT('',#6347);
#1862=VERTEX_POINT('',#6349);
#1863=VERTEX_POINT('',#6351);
#1864=VERTEX_POINT('',#6353);
#1865=VERTEX_POINT('',#6355);
#1866=VERTEX_POINT('',#6357);
#1867=VERTEX_POINT('',#6359);
#1868=VERTEX_POINT('',#6361);
#1869=VERTEX_POINT('',#6363);
#1870=VERTEX_POINT('',#6365);
#1871=VERTEX_POINT('',#6367);
#1872=VERTEX_POINT('',#6369);
#1873=VERTEX_POINT('',#6371);
#1874=VERTEX_POINT('',#6373);
#1875=VERTEX_POINT('',#6375);
#1876=VERTEX_POINT('',#6378);
#1877=VERTEX_POINT('',#6379);
#1878=VERTEX_POINT('',#6381);
#1879=VERTEX_POINT('',#6383);
#1880=VERTEX_POINT('',#6385);
#1881=VERTEX_POINT('',#6387);
#1882=VERTEX_POINT('',#6389);
#1883=VERTEX_POINT('',#6391);
#1884=VERTEX_POINT('',#6394);
#1885=VERTEX_POINT('',#6397);
#1886=VERTEX_POINT('',#6399);
#1887=VERTEX_POINT('',#6414);
#1888=VERTEX_POINT('',#6426);
#1889=VERTEX_POINT('',#6428);
#1890=VERTEX_POINT('',#6445);
#1891=VERTEX_POINT('',#6449);
#1892=VERTEX_POINT('',#6453);
#1893=VERTEX_POINT('',#6457);
#1894=VERTEX_POINT('',#6461);
#1895=VERTEX_POINT('',#6465);
#1896=VERTEX_POINT('',#6469);
#1897=VERTEX_POINT('',#6473);
#1898=VERTEX_POINT('',#6477);
#1899=VERTEX_POINT('',#6481);
#1900=VERTEX_POINT('',#6485);
#1901=VERTEX_POINT('',#6489);
#1902=VERTEX_POINT('',#6493);
#1903=VERTEX_POINT('',#6499);
#1904=VERTEX_POINT('',#6503);
#1905=VERTEX_POINT('',#6505);
#1906=VERTEX_POINT('',#6509);
#1907=VERTEX_POINT('',#6511);
#1908=VERTEX_POINT('',#6515);
#1909=VERTEX_POINT('',#6519);
#1910=VERTEX_POINT('',#6538);
#1911=VERTEX_POINT('',#6540);
#1912=VERTEX_POINT('',#6542);
#1913=VERTEX_POINT('',#6544);
#1914=VERTEX_POINT('',#6550);
#1915=VERTEX_POINT('',#6554);
#1916=VERTEX_POINT('',#6558);
#1917=VERTEX_POINT('',#6559);
#1918=VERTEX_POINT('',#6564);
#1919=VERTEX_POINT('',#6566);
#1920=VERTEX_POINT('',#6568);
#1921=VERTEX_POINT('',#6570);
#1922=VERTEX_POINT('',#6572);
#1923=VERTEX_POINT('',#6592);
#1924=VERTEX_POINT('',#6614);
#1925=VERTEX_POINT('',#6616);
#1926=VERTEX_POINT('',#6619);
#1927=VERTEX_POINT('',#6625);
#1928=VERTEX_POINT('',#6627);
#1929=VERTEX_POINT('',#6629);
#1930=VERTEX_POINT('',#6631);
#1931=VERTEX_POINT('',#6633);
#1932=VERTEX_POINT('',#6635);
#1933=VERTEX_POINT('',#6639);
#1934=VERTEX_POINT('',#6640);
#1935=VERTEX_POINT('',#6642);
#1936=VERTEX_POINT('',#6644);
#1937=VERTEX_POINT('',#6648);
#1938=VERTEX_POINT('',#6650);
#1939=VERTEX_POINT('',#6654);
#1940=VERTEX_POINT('',#6656);
#1941=VERTEX_POINT('',#6671);
#1942=VERTEX_POINT('',#6675);
#1943=VERTEX_POINT('',#6678);
#1944=VERTEX_POINT('',#6681);
#1945=VERTEX_POINT('',#6687);
#1946=VERTEX_POINT('',#6691);
#1947=VERTEX_POINT('',#6693);
#1948=VERTEX_POINT('',#6697);
#1949=VERTEX_POINT('',#6699);
#1950=VERTEX_POINT('',#6703);
#1951=VERTEX_POINT('',#6707);
#1952=VERTEX_POINT('',#6709);
#1953=VERTEX_POINT('',#6714);
#1954=VERTEX_POINT('',#6717);
#1955=VERTEX_POINT('',#6722);
#1956=VERTEX_POINT('',#6791);
#1957=VERTEX_POINT('',#6792);
#1958=VERTEX_POINT('',#6799);
#1959=VERTEX_POINT('',#6824);
#1960=VERTEX_POINT('',#6845);
#1961=VERTEX_POINT('',#6858);
#1962=VERTEX_POINT('',#6865);
#1963=VERTEX_POINT('',#6873);
#1964=VERTEX_POINT('',#6920);
#1965=VERTEX_POINT('',#6922);
#1966=VERTEX_POINT('',#6931);
#1967=VERTEX_POINT('',#6935);
#1968=VERTEX_POINT('',#6937);
#1969=VERTEX_POINT('',#6941);
#1970=VERTEX_POINT('',#6946);
#1971=VERTEX_POINT('',#6948);
#1972=VERTEX_POINT('',#6955);
#1973=VERTEX_POINT('',#6969);
#1974=VERTEX_POINT('',#6970);
#1975=VERTEX_POINT('',#6986);
#1976=VERTEX_POINT('',#6991);
#1977=VERTEX_POINT('',#7004);
#1978=VERTEX_POINT('',#7096);
#1979=VERTEX_POINT('',#7100);
#1980=VERTEX_POINT('',#7110);
#1981=VERTEX_POINT('',#7118);
#1982=VERTEX_POINT('',#7122);
#1983=VERTEX_POINT('',#7130);
#1984=VERTEX_POINT('',#7131);
#1985=VERTEX_POINT('',#7136);
#1986=VERTEX_POINT('',#7140);
#1987=VERTEX_POINT('',#7146);
#1988=VERTEX_POINT('',#7148);
#1989=VERTEX_POINT('',#7153);
#1990=VERTEX_POINT('',#7162);
#1991=VERTEX_POINT('',#7166);
#1992=VERTEX_POINT('',#7172);
#1993=VERTEX_POINT('',#7174);
#1994=VERTEX_POINT('',#7180);
#1995=VERTEX_POINT('',#7181);
#1996=VERTEX_POINT('',#7186);
#1997=VERTEX_POINT('',#7189);
#1998=VERTEX_POINT('',#7191);
#1999=VERTEX_POINT('',#7193);
#2000=VERTEX_POINT('',#7195);
#2001=VERTEX_POINT('',#7199);
#2002=VERTEX_POINT('',#7213);
#2003=VERTEX_POINT('',#7217);
#2004=EDGE_CURVE('',#1649,#1649,#1491,.T.);
#2005=EDGE_CURVE('',#1649,#1650,#735,.T.);
#2006=EDGE_CURVE('',#1650,#1650,#1492,.T.);
#2007=EDGE_CURVE('',#1651,#1652,#190,.F.);
#2008=EDGE_CURVE('',#1652,#1653,#1493,.T.);
#2009=EDGE_CURVE('',#1653,#1654,#736,.T.);
#2010=EDGE_CURVE('',#1654,#1651,#1494,.T.);
#2011=EDGE_CURVE('',#1653,#1655,#737,.T.);
#2012=EDGE_CURVE('',#1655,#1656,#738,.T.);
#2013=EDGE_CURVE('',#1656,#1654,#739,.T.);
#2014=EDGE_CURVE('',#1657,#1658,#740,.T.);
#2015=EDGE_CURVE('',#1658,#1656,#1495,.T.);
#2016=EDGE_CURVE('',#1655,#1657,#1496,.T.);
#2017=EDGE_CURVE('',#1657,#1659,#741,.T.);
#2018=EDGE_CURVE('',#1659,#1660,#742,.T.);
#2019=EDGE_CURVE('',#1660,#1658,#743,.T.);
#2020=EDGE_CURVE('',#1661,#1662,#744,.T.);
#2021=EDGE_CURVE('',#1662,#1660,#1497,.T.);
#2022=EDGE_CURVE('',#1659,#1661,#1498,.T.);
#2023=EDGE_CURVE('',#1663,#1664,#745,.F.);
#2024=EDGE_CURVE('',#1664,#1662,#746,.T.);
#2025=EDGE_CURVE('',#1661,#1663,#747,.T.);
#2026=EDGE_CURVE('',#1652,#1665,#748,.T.);
#2027=EDGE_CURVE('',#1666,#1665,#1499,.F.);
#2028=EDGE_CURVE('',#1667,#1666,#749,.T.);
#2029=EDGE_CURVE('',#1668,#1667,#1500,.T.);
#2030=EDGE_CURVE('',#1669,#1668,#750,.T.);
#2031=EDGE_CURVE('',#1670,#1669,#1501,.T.);
#2032=EDGE_CURVE('',#1671,#1670,#751,.T.);
#2033=EDGE_CURVE('',#1671,#1672,#752,.T.);
#2034=EDGE_CURVE('',#1673,#1672,#1502,.T.);
#2035=EDGE_CURVE('',#1674,#1673,#753,.T.);
#2036=EDGE_CURVE('',#1675,#1674,#754,.T.);
#2037=EDGE_CURVE('',#1676,#1675,#1503,.T.);
#2038=EDGE_CURVE('',#1677,#1676,#755,.T.);
#2039=EDGE_CURVE('',#1678,#1677,#756,.T.);
#2040=EDGE_CURVE('',#1679,#1678,#48,.F.);
#2041=EDGE_CURVE('',#1663,#1679,#757,.T.);
#2042=EDGE_CURVE('',#1666,#1680,#49,.F.);
#2043=EDGE_CURVE('',#1680,#1681,#758,.T.);
#2044=EDGE_CURVE('',#1681,#1667,#759,.T.);
#2045=EDGE_CURVE('',#1681,#1682,#1504,.T.);
#2046=EDGE_CURVE('',#1682,#1668,#760,.T.);
#2047=EDGE_CURVE('',#1683,#1669,#761,.T.);
#2048=EDGE_CURVE('',#1682,#1683,#762,.T.);
#2049=EDGE_CURVE('',#1683,#1684,#1505,.T.);
#2050=EDGE_CURVE('',#1684,#1670,#763,.T.);
#2051=EDGE_CURVE('',#1685,#1671,#50,.F.);
#2052=EDGE_CURVE('',#1684,#1685,#764,.T.);
#2053=EDGE_CURVE('',#1685,#1686,#765,.T.);
#2054=EDGE_CURVE('',#1687,#1684,#766,.T.);
#2055=EDGE_CURVE('',#1688,#1687,#767,.T.);
#2056=EDGE_CURVE('',#1689,#1688,#768,.T.);
#2057=EDGE_CURVE('',#1690,#1689,#769,.T.);
#2058=EDGE_CURVE('',#1691,#1690,#770,.T.);
#2059=EDGE_CURVE('',#1686,#1691,#771,.T.);
#2060=EDGE_CURVE('',#1692,#1683,#772,.T.);
#2061=EDGE_CURVE('',#1687,#1692,#1506,.T.);
#2062=EDGE_CURVE('',#1693,#1682,#773,.T.);
#2063=EDGE_CURVE('',#1692,#1693,#774,.T.);
#2064=EDGE_CURVE('',#1681,#1694,#775,.T.);
#2065=EDGE_CURVE('',#1693,#1694,#1507,.T.);
#2066=EDGE_CURVE('',#1695,#1680,#776,.T.);
#2067=EDGE_CURVE('',#1695,#1696,#777,.T.);
#2068=EDGE_CURVE('',#1697,#1696,#778,.T.);
#2069=EDGE_CURVE('',#1694,#1697,#779,.T.);
#2070=EDGE_CURVE('',#1698,#1677,#780,.F.);
#2071=EDGE_CURVE('',#1676,#1699,#781,.T.);
#2072=EDGE_CURVE('',#1699,#1700,#782,.T.);
#2073=EDGE_CURVE('',#1700,#1698,#51,.F.);
#2074=EDGE_CURVE('',#1675,#1701,#783,.T.);
#2075=EDGE_CURVE('',#1701,#1699,#1508,.T.);
#2076=EDGE_CURVE('',#1674,#1702,#784,.T.);
#2077=EDGE_CURVE('',#1702,#1701,#785,.T.);
#2078=EDGE_CURVE('',#1703,#1674,#786,.T.);
#2079=EDGE_CURVE('',#1673,#1704,#787,.T.);
#2080=EDGE_CURVE('',#1704,#1703,#788,.T.);
#2081=EDGE_CURVE('',#1672,#1705,#789,.T.);
#2082=EDGE_CURVE('',#1705,#1704,#1509,.T.);
#2083=EDGE_CURVE('',#1706,#1672,#52,.T.);
#2084=EDGE_CURVE('',#1706,#1705,#790,.T.);
#2085=EDGE_CURVE('',#1703,#1702,#1510,.T.);
#2086=EDGE_CURVE('',#1707,#1700,#791,.T.);
#2087=EDGE_CURVE('',#1708,#1699,#792,.T.);
#2088=EDGE_CURVE('',#1709,#1708,#793,.T.);
#2089=EDGE_CURVE('',#1707,#1709,#794,.T.);
#2090=EDGE_CURVE('',#1701,#1710,#795,.T.);
#2091=EDGE_CURVE('',#1708,#1710,#1511,.T.);
#2092=EDGE_CURVE('',#1711,#1702,#796,.T.);
#2093=EDGE_CURVE('',#1710,#1711,#797,.T.);
#2094=EDGE_CURVE('',#1703,#1712,#798,.T.);
#2095=EDGE_CURVE('',#1712,#1711,#1512,.F.);
#2096=EDGE_CURVE('',#1713,#1704,#799,.T.);
#2097=EDGE_CURVE('',#1712,#1713,#800,.T.);
#2098=EDGE_CURVE('',#1714,#1714,#1513,.T.);
#2099=EDGE_CURVE('',#1714,#1715,#801,.T.);
#2100=EDGE_CURVE('',#1715,#1715,#1514,.T.);
#2101=EDGE_CURVE('',#1716,#1717,#802,.T.);
#2102=EDGE_CURVE('',#1718,#1716,#1515,.T.);
#2103=EDGE_CURVE('',#1719,#1718,#803,.T.);
#2104=EDGE_CURVE('',#1720,#1719,#1516,.T.);
#2105=EDGE_CURVE('',#1721,#1720,#804,.T.);
#2106=EDGE_CURVE('',#1722,#1721,#1517,.T.);
#2107=EDGE_CURVE('',#1723,#1722,#805,.T.);
#2108=EDGE_CURVE('',#1724,#1723,#1518,.T.);
#2109=EDGE_CURVE('',#1725,#1724,#806,.T.);
#2110=EDGE_CURVE('',#1709,#1725,#1519,.F.);
#2111=EDGE_CURVE('',#1713,#1726,#1520,.T.);
#2112=EDGE_CURVE('',#1726,#1727,#807,.T.);
#2113=EDGE_CURVE('',#1727,#1728,#1521,.T.);
#2114=EDGE_CURVE('',#1728,#1729,#808,.T.);
#2115=EDGE_CURVE('',#1729,#1730,#191,.T.);
#2116=EDGE_CURVE('',#1730,#1731,#809,.T.);
#2117=EDGE_CURVE('',#1731,#1732,#192,.T.);
#2118=EDGE_CURVE('',#1732,#1733,#810,.T.);
#2119=EDGE_CURVE('',#1733,#1734,#811,.T.);
#2120=EDGE_CURVE('',#1734,#1735,#1522,.T.);
#2121=EDGE_CURVE('',#1735,#1736,#812,.T.);
#2122=EDGE_CURVE('',#1737,#1736,#1523,.F.);
#2123=EDGE_CURVE('',#1737,#1717,#813,.T.);
#2124=EDGE_CURVE('',#1738,#1739,#1524,.T.);
#2125=EDGE_CURVE('',#1740,#1738,#814,.T.);
#2126=EDGE_CURVE('',#1741,#1740,#1525,.T.);
#2127=EDGE_CURVE('',#1742,#1741,#815,.T.);
#2128=EDGE_CURVE('',#1743,#1742,#1526,.T.);
#2129=EDGE_CURVE('',#1744,#1743,#816,.T.);
#2130=EDGE_CURVE('',#1745,#1744,#1527,.T.);
#2131=EDGE_CURVE('',#1739,#1745,#817,.T.);
#2132=EDGE_CURVE('',#1746,#1747,#1528,.T.);
#2133=EDGE_CURVE('',#1748,#1746,#818,.T.);
#2134=EDGE_CURVE('',#1749,#1748,#1529,.T.);
#2135=EDGE_CURVE('',#1750,#1749,#819,.T.);
#2136=EDGE_CURVE('',#1751,#1750,#1530,.T.);
#2137=EDGE_CURVE('',#1752,#1751,#820,.T.);
#2138=EDGE_CURVE('',#1753,#1752,#1531,.T.);
#2139=EDGE_CURVE('',#1747,#1753,#821,.T.);
#2140=EDGE_CURVE('',#1754,#1755,#1532,.T.);
#2141=EDGE_CURVE('',#1755,#1754,#1533,.T.);
#2142=EDGE_CURVE('',#1755,#1715,#822,.T.);
#2143=EDGE_CURVE('',#1739,#1756,#823,.T.);
#2144=EDGE_CURVE('',#1756,#1757,#1534,.T.);
#2145=EDGE_CURVE('',#1757,#1738,#824,.T.);
#2146=EDGE_CURVE('',#1745,#1758,#825,.T.);
#2147=EDGE_CURVE('',#1758,#1756,#826,.T.);
#2148=EDGE_CURVE('',#1744,#1759,#827,.T.);
#2149=EDGE_CURVE('',#1759,#1758,#1535,.T.);
#2150=EDGE_CURVE('',#1743,#1760,#828,.T.);
#2151=EDGE_CURVE('',#1760,#1759,#829,.T.);
#2152=EDGE_CURVE('',#1742,#1761,#830,.T.);
#2153=EDGE_CURVE('',#1761,#1760,#1536,.T.);
#2154=EDGE_CURVE('',#1741,#1762,#831,.T.);
#2155=EDGE_CURVE('',#1762,#1761,#832,.T.);
#2156=EDGE_CURVE('',#1740,#1763,#833,.T.);
#2157=EDGE_CURVE('',#1763,#1762,#1537,.T.);
#2158=EDGE_CURVE('',#1757,#1763,#834,.T.);
#2159=EDGE_CURVE('',#1764,#1762,#835,.T.);
#2160=EDGE_CURVE('',#1765,#1764,#836,.T.);
#2161=EDGE_CURVE('',#1761,#1765,#837,.T.);
#2162=EDGE_CURVE('',#1763,#1766,#838,.T.);
#2163=EDGE_CURVE('',#1764,#1766,#1538,.T.);
#2164=EDGE_CURVE('',#1767,#1757,#839,.T.);
#2165=EDGE_CURVE('',#1766,#1767,#840,.T.);
#2166=EDGE_CURVE('',#1756,#1768,#841,.T.);
#2167=EDGE_CURVE('',#1767,#1768,#1539,.T.);
#2168=EDGE_CURVE('',#1747,#1769,#842,.T.);
#2169=EDGE_CURVE('',#1769,#1770,#1540,.T.);
#2170=EDGE_CURVE('',#1770,#1746,#843,.T.);
#2171=EDGE_CURVE('',#1753,#1771,#844,.T.);
#2172=EDGE_CURVE('',#1771,#1769,#845,.T.);
#2173=EDGE_CURVE('',#1752,#1772,#846,.T.);
#2174=EDGE_CURVE('',#1772,#1771,#1541,.T.);
#2175=EDGE_CURVE('',#1751,#1773,#847,.T.);
#2176=EDGE_CURVE('',#1773,#1772,#848,.T.);
#2177=EDGE_CURVE('',#1750,#1774,#849,.T.);
#2178=EDGE_CURVE('',#1774,#1773,#1542,.T.);
#2179=EDGE_CURVE('',#1749,#1775,#850,.T.);
#2180=EDGE_CURVE('',#1775,#1774,#851,.T.);
#2181=EDGE_CURVE('',#1748,#1776,#852,.T.);
#2182=EDGE_CURVE('',#1776,#1775,#1543,.T.);
#2183=EDGE_CURVE('',#1770,#1776,#853,.T.);
#2184=EDGE_CURVE('',#1777,#1775,#854,.T.);
#2185=EDGE_CURVE('',#1778,#1777,#855,.T.);
#2186=EDGE_CURVE('',#1774,#1778,#856,.T.);
#2187=EDGE_CURVE('',#1776,#1779,#857,.T.);
#2188=EDGE_CURVE('',#1777,#1779,#1544,.T.);
#2189=EDGE_CURVE('',#1780,#1770,#858,.T.);
#2190=EDGE_CURVE('',#1779,#1780,#859,.T.);
#2191=EDGE_CURVE('',#1769,#1781,#860,.T.);
#2192=EDGE_CURVE('',#1780,#1781,#1545,.T.);
#2193=EDGE_CURVE('',#1782,#1725,#53,.F.);
#2194=EDGE_CURVE('',#1724,#1783,#861,.T.);
#2195=EDGE_CURVE('',#1783,#1782,#862,.T.);
#2196=EDGE_CURVE('',#1723,#1784,#863,.T.);
#2197=EDGE_CURVE('',#1784,#1783,#1546,.T.);
#2198=EDGE_CURVE('',#1722,#1785,#864,.T.);
#2199=EDGE_CURVE('',#1785,#1784,#865,.T.);
#2200=EDGE_CURVE('',#1721,#1786,#866,.T.);
#2201=EDGE_CURVE('',#1786,#1785,#1547,.T.);
#2202=EDGE_CURVE('',#1720,#1787,#867,.T.);
#2203=EDGE_CURVE('',#1787,#1786,#868,.T.);
#2204=EDGE_CURVE('',#1719,#1788,#869,.T.);
#2205=EDGE_CURVE('',#1788,#1787,#1548,.T.);
#2206=EDGE_CURVE('',#1718,#1789,#870,.T.);
#2207=EDGE_CURVE('',#1789,#1788,#871,.T.);
#2208=EDGE_CURVE('',#1716,#1790,#872,.T.);
#2209=EDGE_CURVE('',#1790,#1789,#1549,.T.);
#2210=EDGE_CURVE('',#1717,#1791,#54,.F.);
#2211=EDGE_CURVE('',#1791,#1790,#873,.T.);
#2212=EDGE_CURVE('',#1792,#1793,#874,.F.);
#2213=EDGE_CURVE('',#1793,#1794,#875,.T.);
#2214=EDGE_CURVE('',#1794,#1795,#876,.T.);
#2215=EDGE_CURVE('',#1795,#1792,#877,.T.);
#2216=EDGE_CURVE('',#1796,#1797,#878,.T.);
#2217=EDGE_CURVE('',#1797,#1795,#1550,.T.);
#2218=EDGE_CURVE('',#1794,#1796,#1551,.T.);
#2219=EDGE_CURVE('',#1798,#1799,#879,.T.);
#2220=EDGE_CURVE('',#1799,#1797,#880,.T.);
#2221=EDGE_CURVE('',#1796,#1798,#881,.T.);
#2222=EDGE_CURVE('',#1800,#1801,#882,.T.);
#2223=EDGE_CURVE('',#1801,#1799,#1552,.T.);
#2224=EDGE_CURVE('',#1798,#1800,#1553,.T.);
#2225=EDGE_CURVE('',#1802,#1801,#883,.T.);
#2226=EDGE_CURVE('',#1800,#1803,#884,.T.);
#2227=EDGE_CURVE('',#1803,#1802,#885,.T.);
#2228=EDGE_CURVE('',#1803,#1804,#886,.T.);
#2229=EDGE_CURVE('',#1804,#1805,#887,.T.);
#2230=EDGE_CURVE('',#1805,#1802,#888,.T.);
#2231=EDGE_CURVE('',#1806,#1807,#889,.T.);
#2232=EDGE_CURVE('',#1807,#1805,#1554,.T.);
#2233=EDGE_CURVE('',#1804,#1806,#1555,.T.);
#2234=EDGE_CURVE('',#1808,#1809,#890,.T.);
#2235=EDGE_CURVE('',#1809,#1807,#891,.T.);
#2236=EDGE_CURVE('',#1806,#1808,#892,.T.);
#2237=EDGE_CURVE('',#1810,#1811,#893,.T.);
#2238=EDGE_CURVE('',#1811,#1809,#1556,.T.);
#2239=EDGE_CURVE('',#1808,#1810,#1557,.T.);
#2240=EDGE_CURVE('',#1812,#1813,#894,.T.);
#2241=EDGE_CURVE('',#1813,#1811,#895,.T.);
#2242=EDGE_CURVE('',#1810,#1812,#896,.T.);
#2243=EDGE_CURVE('',#1814,#1815,#897,.T.);
#2244=EDGE_CURVE('',#1815,#1813,#1558,.T.);
#2245=EDGE_CURVE('',#1812,#1814,#1559,.T.);
#2246=EDGE_CURVE('',#1816,#1817,#898,.T.);
#2247=EDGE_CURVE('',#1817,#1815,#899,.T.);
#2248=EDGE_CURVE('',#1814,#1816,#900,.T.);
#2249=EDGE_CURVE('',#1818,#1819,#901,.T.);
#2250=EDGE_CURVE('',#1819,#1820,#902,.T.);
#2251=EDGE_CURVE('',#1820,#1816,#903,.T.);
#2252=EDGE_CURVE('',#1816,#1818,#904,.T.);
#2253=EDGE_CURVE('',#1820,#1817,#1560,.T.);
#2254=EDGE_CURVE('',#1821,#1822,#905,.F.);
#2255=EDGE_CURVE('',#1822,#1823,#906,.T.);
#2256=EDGE_CURVE('',#1823,#1818,#907,.T.);
#2257=EDGE_CURVE('',#1818,#1821,#908,.T.);
#2258=EDGE_CURVE('',#1823,#1819,#1561,.T.);
#2259=EDGE_CURVE('',#1797,#1824,#909,.T.);
#2260=EDGE_CURVE('',#1825,#1824,#1562,.T.);
#2261=EDGE_CURVE('',#1795,#1825,#910,.T.);
#2262=EDGE_CURVE('',#1799,#1826,#911,.T.);
#2263=EDGE_CURVE('',#1824,#1826,#912,.T.);
#2264=EDGE_CURVE('',#1801,#1827,#913,.T.);
#2265=EDGE_CURVE('',#1826,#1827,#1563,.T.);
#2266=EDGE_CURVE('',#1802,#1828,#914,.T.);
#2267=EDGE_CURVE('',#1827,#1828,#915,.T.);
#2268=EDGE_CURVE('',#1829,#1805,#916,.T.);
#2269=EDGE_CURVE('',#1828,#1829,#917,.T.);
#2270=EDGE_CURVE('',#1807,#1830,#918,.T.);
#2271=EDGE_CURVE('',#1830,#1829,#1564,.T.);
#2272=EDGE_CURVE('',#1831,#1809,#919,.T.);
#2273=EDGE_CURVE('',#1830,#1831,#920,.T.);
#2274=EDGE_CURVE('',#1811,#1832,#921,.T.);
#2275=EDGE_CURVE('',#1832,#1831,#1565,.T.);
#2276=EDGE_CURVE('',#1813,#1833,#922,.T.);
#2277=EDGE_CURVE('',#1832,#1833,#923,.T.);
#2278=EDGE_CURVE('',#1815,#1834,#924,.T.);
#2279=EDGE_CURVE('',#1833,#1834,#1566,.T.);
#2280=EDGE_CURVE('',#1835,#1817,#925,.T.);
#2281=EDGE_CURVE('',#1834,#1835,#926,.T.);
#2282=EDGE_CURVE('',#1820,#1836,#927,.T.);
#2283=EDGE_CURVE('',#1836,#1835,#1567,.T.);
#2284=EDGE_CURVE('',#1837,#1819,#928,.T.);
#2285=EDGE_CURVE('',#1836,#1837,#929,.T.);
#2286=EDGE_CURVE('',#1823,#1838,#930,.T.);
#2287=EDGE_CURVE('',#1838,#1837,#1568,.T.);
#2288=EDGE_CURVE('',#1839,#1822,#931,.F.);
#2289=EDGE_CURVE('',#1839,#1840,#932,.T.);
#2290=EDGE_CURVE('',#1841,#1840,#55,.F.);
#2291=EDGE_CURVE('',#1841,#1842,#933,.T.);
#2292=EDGE_CURVE('',#1843,#1842,#934,.T.);
#2293=EDGE_CURVE('',#1844,#1843,#935,.T.);
#2294=EDGE_CURVE('',#1838,#1844,#936,.T.);
#2295=EDGE_CURVE('',#1777,#1845,#937,.T.);
#2296=EDGE_CURVE('',#1845,#1846,#938,.T.);
#2297=EDGE_CURVE('',#1846,#1778,#939,.T.);
#2298=EDGE_CURVE('',#1779,#1847,#940,.T.);
#2299=EDGE_CURVE('',#1847,#1845,#1569,.T.);
#2300=EDGE_CURVE('',#1780,#1848,#941,.T.);
#2301=EDGE_CURVE('',#1848,#1847,#942,.T.);
#2302=EDGE_CURVE('',#1781,#1849,#943,.T.);
#2303=EDGE_CURVE('',#1849,#1848,#1570,.T.);
#2304=EDGE_CURVE('',#1850,#1851,#944,.T.);
#2305=EDGE_CURVE('',#1851,#1849,#945,.T.);
#2306=EDGE_CURVE('',#1781,#1850,#946,.T.);
#2307=EDGE_CURVE('',#1850,#1852,#1571,.T.);
#2308=EDGE_CURVE('',#1852,#1853,#947,.T.);
#2309=EDGE_CURVE('',#1853,#1851,#1572,.T.);
#2310=EDGE_CURVE('',#1854,#1855,#948,.T.);
#2311=EDGE_CURVE('',#1855,#1853,#949,.T.);
#2312=EDGE_CURVE('',#1852,#1854,#950,.T.);
#2313=EDGE_CURVE('',#1854,#1778,#1573,.T.);
#2314=EDGE_CURVE('',#1846,#1855,#1574,.T.);
#2315=EDGE_CURVE('',#1856,#1793,#951,.T.);
#2316=EDGE_CURVE('',#1857,#1856,#1575,.T.);
#2317=EDGE_CURVE('',#1858,#1857,#952,.T.);
#2318=EDGE_CURVE('',#1859,#1858,#1576,.T.);
#2319=EDGE_CURVE('',#1860,#1859,#953,.T.);
#2320=EDGE_CURVE('',#1861,#1860,#1577,.T.);
#2321=EDGE_CURVE('',#1862,#1861,#954,.T.);
#2322=EDGE_CURVE('',#1863,#1862,#1578,.T.);
#2323=EDGE_CURVE('',#1864,#1863,#955,.T.);
#2324=EDGE_CURVE('',#1865,#1864,#1579,.T.);
#2325=EDGE_CURVE('',#1866,#1865,#956,.T.);
#2326=EDGE_CURVE('',#1867,#1866,#1580,.T.);
#2327=EDGE_CURVE('',#1868,#1867,#957,.T.);
#2328=EDGE_CURVE('',#1869,#1868,#1581,.T.);
#2329=EDGE_CURVE('',#1870,#1869,#958,.T.);
#2330=EDGE_CURVE('',#1871,#1870,#1582,.T.);
#2331=EDGE_CURVE('',#1872,#1871,#959,.T.);
#2332=EDGE_CURVE('',#1873,#1872,#1583,.T.);
#2333=EDGE_CURVE('',#1874,#1873,#960,.T.);
#2334=EDGE_CURVE('',#1875,#1874,#1584,.T.);
#2335=EDGE_CURVE('',#1821,#1875,#961,.T.);
#2336=EDGE_CURVE('',#1876,#1877,#962,.T.);
#2337=EDGE_CURVE('',#1878,#1876,#1585,.T.);
#2338=EDGE_CURVE('',#1879,#1878,#963,.T.);
#2339=EDGE_CURVE('',#1880,#1879,#1586,.T.);
#2340=EDGE_CURVE('',#1881,#1880,#964,.T.);
#2341=EDGE_CURVE('',#1882,#1881,#1587,.T.);
#2342=EDGE_CURVE('',#1883,#1882,#965,.T.);
#2343=EDGE_CURVE('',#1877,#1883,#1588,.T.);
#2344=EDGE_CURVE('',#1884,#1884,#1589,.T.);
#2345=EDGE_CURVE('',#1885,#1876,#966,.T.);
#2346=EDGE_CURVE('',#1877,#1886,#967,.T.);
#2347=EDGE_CURVE('',#1886,#1885,#968,.T.);
#2348=EDGE_CURVE('',#1885,#1765,#1590,.T.);
#2349=EDGE_CURVE('',#1765,#1878,#969,.T.);
#2350=EDGE_CURVE('',#1764,#1879,#970,.T.);
#2351=EDGE_CURVE('',#1766,#1880,#971,.T.);
#2352=EDGE_CURVE('',#1767,#1881,#972,.T.);
#2353=EDGE_CURVE('',#1768,#1882,#973,.T.);
#2354=EDGE_CURVE('',#1887,#1883,#974,.T.);
#2355=EDGE_CURVE('',#1768,#1887,#975,.T.);
#2356=EDGE_CURVE('',#1887,#1886,#1591,.T.);
#2357=EDGE_CURVE('',#1885,#1760,#976,.T.);
#2358=EDGE_CURVE('',#1759,#1886,#977,.T.);
#2359=EDGE_CURVE('',#1884,#1754,#978,.T.);
#2360=EDGE_CURVE('',#1792,#1888,#979,.F.);
#2361=EDGE_CURVE('',#1888,#1889,#980,.T.);
#2362=EDGE_CURVE('',#1889,#1856,#981,.T.);
#2363=EDGE_CURVE('',#1889,#1688,#1592,.T.);
#2364=EDGE_CURVE('',#1688,#1857,#982,.T.);
#2365=EDGE_CURVE('',#1687,#1858,#983,.T.);
#2366=EDGE_CURVE('',#1692,#1859,#984,.T.);
#2367=EDGE_CURVE('',#1693,#1860,#985,.T.);
#2368=EDGE_CURVE('',#1694,#1861,#986,.T.);
#2369=EDGE_CURVE('',#1697,#1862,#987,.T.);
#2370=EDGE_CURVE('',#1697,#1890,#1593,.T.);
#2371=EDGE_CURVE('',#1890,#1863,#988,.T.);
#2372=EDGE_CURVE('',#1891,#1864,#989,.T.);
#2373=EDGE_CURVE('',#1890,#1891,#990,.T.);
#2374=EDGE_CURVE('',#1891,#1892,#1594,.T.);
#2375=EDGE_CURVE('',#1892,#1865,#991,.T.);
#2376=EDGE_CURVE('',#1893,#1866,#992,.T.);
#2377=EDGE_CURVE('',#1892,#1893,#993,.T.);
#2378=EDGE_CURVE('',#1893,#1894,#1595,.T.);
#2379=EDGE_CURVE('',#1894,#1867,#994,.T.);
#2380=EDGE_CURVE('',#1895,#1868,#995,.T.);
#2381=EDGE_CURVE('',#1894,#1895,#996,.T.);
#2382=EDGE_CURVE('',#1895,#1896,#1596,.T.);
#2383=EDGE_CURVE('',#1896,#1869,#997,.T.);
#2384=EDGE_CURVE('',#1897,#1870,#998,.T.);
#2385=EDGE_CURVE('',#1896,#1897,#999,.T.);
#2386=EDGE_CURVE('',#1897,#1898,#1597,.T.);
#2387=EDGE_CURVE('',#1898,#1871,#1000,.T.);
#2388=EDGE_CURVE('',#1899,#1872,#1001,.T.);
#2389=EDGE_CURVE('',#1898,#1899,#1002,.T.);
#2390=EDGE_CURVE('',#1899,#1900,#1598,.T.);
#2391=EDGE_CURVE('',#1900,#1873,#1003,.T.);
#2392=EDGE_CURVE('',#1901,#1874,#1004,.T.);
#2393=EDGE_CURVE('',#1900,#1901,#1005,.T.);
#2394=EDGE_CURVE('',#1901,#1902,#1599,.T.);
#2395=EDGE_CURVE('',#1902,#1875,#1006,.T.);
#2396=EDGE_CURVE('',#1902,#1839,#1007,.T.);
#2397=EDGE_CURVE('',#1903,#1902,#1008,.T.);
#2398=EDGE_CURVE('',#1840,#1903,#1009,.T.);
#2399=EDGE_CURVE('',#1901,#1904,#1010,.T.);
#2400=EDGE_CURVE('',#1904,#1905,#56,.T.);
#2401=EDGE_CURVE('',#1903,#1905,#57,.T.);
#2402=EDGE_CURVE('',#1906,#1900,#1011,.T.);
#2403=EDGE_CURVE('',#1907,#1906,#1012,.T.);
#2404=EDGE_CURVE('',#1904,#1907,#1013,.T.);
#2405=EDGE_CURVE('',#1899,#1908,#1014,.T.);
#2406=EDGE_CURVE('',#1908,#1906,#1600,.T.);
#2407=EDGE_CURVE('',#1909,#1791,#1015,.T.);
#2408=EDGE_CURVE('',#1908,#1909,#1016,.T.);
#2409=EDGE_CURVE('',#1790,#1898,#1017,.T.);
#2410=EDGE_CURVE('',#1897,#1789,#1018,.T.);
#2411=EDGE_CURVE('',#1788,#1896,#1019,.T.);
#2412=EDGE_CURVE('',#1895,#1787,#1020,.T.);
#2413=EDGE_CURVE('',#1786,#1894,#1021,.T.);
#2414=EDGE_CURVE('',#1893,#1785,#1022,.T.);
#2415=EDGE_CURVE('',#1784,#1892,#1023,.T.);
#2416=EDGE_CURVE('',#1891,#1783,#1024,.T.);
#2417=EDGE_CURVE('',#1910,#1890,#1025,.T.);
#2418=EDGE_CURVE('',#1910,#1911,#1026,.T.);
#2419=EDGE_CURVE('',#1912,#1911,#1027,.T.);
#2420=EDGE_CURVE('',#1913,#1912,#1028,.T.);
#2421=EDGE_CURVE('',#1782,#1913,#1029,.T.);
#2422=EDGE_CURVE('',#1696,#1910,#1601,.T.);
#2423=EDGE_CURVE('',#1889,#1914,#1030,.T.);
#2424=EDGE_CURVE('',#1914,#1689,#1602,.T.);
#2425=EDGE_CURVE('',#1915,#1888,#1031,.T.);
#2426=EDGE_CURVE('',#1914,#1915,#1032,.T.);
#2427=EDGE_CURVE('',#1916,#1917,#21,.T.);
#2428=EDGE_CURVE('',#1918,#1916,#1603,.F.);
#2429=EDGE_CURVE('',#1918,#1919,#1033,.T.);
#2430=EDGE_CURVE('',#1920,#1919,#1604,.T.);
#2431=EDGE_CURVE('',#1921,#1920,#1034,.T.);
#2432=EDGE_CURVE('',#1922,#1921,#22,.T.);
#2433=EDGE_CURVE('',#1922,#1923,#1035,.T.);
#2434=EDGE_CURVE('',#1917,#1923,#23,.T.);
#2435=EDGE_CURVE('',#1923,#1924,#1605,.T.);
#2436=EDGE_CURVE('',#1924,#1925,#1036,.T.);
#2437=EDGE_CURVE('',#1925,#1925,#1606,.T.);
#2438=EDGE_CURVE('',#1924,#1926,#1607,.T.);
#2439=EDGE_CURVE('',#1916,#1926,#193,.F.);
#2440=EDGE_CURVE('',#1927,#1922,#1608,.T.);
#2441=EDGE_CURVE('',#1928,#1927,#1609,.T.);
#2442=EDGE_CURVE('',#1929,#1928,#1037,.T.);
#2443=EDGE_CURVE('',#1930,#1929,#1610,.T.);
#2444=EDGE_CURVE('',#1930,#1931,#1038,.T.);
#2445=EDGE_CURVE('',#1932,#1931,#1611,.T.);
#2446=EDGE_CURVE('',#1932,#1926,#1039,.T.);
#2447=EDGE_CURVE('',#1933,#1934,#1612,.T.);
#2448=EDGE_CURVE('',#1934,#1935,#1613,.T.);
#2449=EDGE_CURVE('',#1935,#1936,#1614,.T.);
#2450=EDGE_CURVE('',#1936,#1933,#1615,.T.);
#2451=EDGE_CURVE('',#1937,#1936,#1040,.T.);
#2452=EDGE_CURVE('',#1935,#1938,#1041,.T.);
#2453=EDGE_CURVE('',#1938,#1937,#58,.T.);
#2454=EDGE_CURVE('',#1939,#1937,#1042,.T.);
#2455=EDGE_CURVE('',#1938,#1940,#1043,.T.);
#2456=EDGE_CURVE('',#1940,#1939,#59,.T.);
#2457=EDGE_CURVE('',#1940,#1679,#1044,.T.);
#2458=EDGE_CURVE('',#1678,#1939,#1045,.T.);
#2459=EDGE_CURVE('',#1941,#1934,#1616,.T.);
#2460=EDGE_CURVE('',#1933,#1941,#1617,.T.);
#2461=EDGE_CURVE('',#1942,#1941,#1046,.T.);
#2462=EDGE_CURVE('',#1911,#1942,#1618,.T.);
#2463=EDGE_CURVE('',#1943,#1695,#1619,.T.);
#2464=EDGE_CURVE('',#1918,#1943,#1047,.T.);
#2465=EDGE_CURVE('',#1932,#1944,#194,.F.);
#2466=EDGE_CURVE('',#1944,#1934,#1048,.T.);
#2467=EDGE_CURVE('',#1945,#1939,#1049,.T.);
#2468=EDGE_CURVE('',#1942,#1945,#1050,.T.);
#2469=EDGE_CURVE('',#1946,#1698,#1051,.T.);
#2470=EDGE_CURVE('',#1946,#1947,#1052,.T.);
#2471=EDGE_CURVE('',#1945,#1947,#60,.T.);
#2472=EDGE_CURVE('',#1662,#1948,#1053,.T.);
#2473=EDGE_CURVE('',#1949,#1948,#1620,.T.);
#2474=EDGE_CURVE('',#1949,#1660,#1054,.T.);
#2475=EDGE_CURVE('',#1950,#1949,#1055,.T.);
#2476=EDGE_CURVE('',#1658,#1950,#1056,.T.);
#2477=EDGE_CURVE('',#1654,#1951,#1057,.T.);
#2478=EDGE_CURVE('',#1952,#1951,#1621,.T.);
#2479=EDGE_CURVE('',#1952,#1651,#1058,.T.);
#2480=EDGE_CURVE('',#1919,#1952,#1059,.T.);
#2481=EDGE_CURVE('',#1951,#1953,#1060,.T.);
#2482=EDGE_CURVE('',#1953,#1950,#1622,.T.);
#2483=EDGE_CURVE('',#1948,#1954,#1061,.T.);
#2484=EDGE_CURVE('',#1954,#1929,#195,.T.);
#2485=EDGE_CURVE('',#1928,#1955,#196,.T.);
#2486=EDGE_CURVE('',#1955,#1920,#1062,.T.);
#2487=EDGE_CURVE('',#1953,#1656,#1063,.T.);
#2488=EDGE_CURVE('',#1665,#1943,#1064,.T.);
#2489=EDGE_CURVE('',#1947,#1912,#61,.T.);
#2490=EDGE_CURVE('',#1913,#1707,#1623,.T.);
#2491=EDGE_CURVE('',#1913,#1946,#1624,.T.);
#2492=EDGE_CURVE('',#1946,#1707,#1625,.T.);
#2493=EDGE_CURVE('',#1887,#1758,#1065,.T.);
#2494=EDGE_CURVE('',#1772,#1852,#1066,.T.);
#2495=EDGE_CURVE('',#1850,#1771,#1067,.T.);
#2496=EDGE_CURVE('',#1854,#1773,#1068,.T.);
#2497=EDGE_CURVE('',#1956,#1957,#24,.T.);
#2498=EDGE_CURVE('',#1957,#1958,#25,.T.);
#2499=EDGE_CURVE('',#1958,#1959,#26,.T.);
#2500=EDGE_CURVE('',#1959,#1960,#27,.T.);
#2501=EDGE_CURVE('',#1960,#1961,#28,.T.);
#2502=EDGE_CURVE('',#1961,#1962,#29,.T.);
#2503=EDGE_CURVE('',#1962,#1963,#30,.T.);
#2504=EDGE_CURVE('',#1963,#1956,#31,.T.);
#2505=EDGE_CURVE('',#1962,#1907,#1069,.T.);
#2506=EDGE_CURVE('',#1907,#1964,#62,.F.);
#2507=EDGE_CURVE('',#1964,#1965,#1070,.T.);
#2508=EDGE_CURVE('',#1965,#1963,#32,.T.);
#2509=EDGE_CURVE('',#1957,#1966,#1626,.T.);
#2510=EDGE_CURVE('',#1966,#1958,#1627,.T.);
#2511=EDGE_CURVE('',#1965,#1967,#1628,.T.);
#2512=EDGE_CURVE('',#1968,#1967,#197,.T.);
#2513=EDGE_CURVE('',#1969,#1968,#198,.T.);
#2514=EDGE_CURVE('',#1969,#1732,#1629,.T.);
#2515=EDGE_CURVE('',#1731,#1970,#1630,.T.);
#2516=EDGE_CURVE('',#1971,#1970,#33,.T.);
#2517=EDGE_CURVE('',#1971,#1972,#34,.T.);
#2518=EDGE_CURVE('',#1966,#1972,#35,.T.);
#2519=EDGE_CURVE('',#1967,#1964,#1071,.T.);
#2520=EDGE_CURVE('',#1973,#1974,#36,.T.);
#2521=EDGE_CURVE('',#1974,#1841,#1072,.T.);
#2522=EDGE_CURVE('',#1905,#1973,#199,.T.);
#2523=EDGE_CURVE('',#1975,#1959,#37,.T.);
#2524=EDGE_CURVE('',#1976,#1975,#38,.T.);
#2525=EDGE_CURVE('',#1842,#1976,#1073,.T.);
#2526=EDGE_CURVE('',#1974,#1960,#1074,.T.);
#2527=EDGE_CURVE('',#1973,#1961,#1075,.T.);
#2528=EDGE_CURVE('',#1970,#1977,#1076,.T.);
#2529=EDGE_CURVE('',#1977,#1842,#63,.F.);
#2530=EDGE_CURVE('',#1976,#1971,#39,.T.);
#2531=EDGE_CURVE('',#1975,#1966,#1631,.T.);
#2532=EDGE_CURVE('',#1978,#1944,#1632,.T.);
#2533=EDGE_CURVE('',#1978,#1935,#1077,.T.);
#2534=EDGE_CURVE('',#1979,#1978,#1078,.T.);
#2535=EDGE_CURVE('',#1979,#1938,#1079,.T.);
#2536=EDGE_CURVE('',#1931,#1979,#1080,.T.);
#2537=EDGE_CURVE('',#1664,#1930,#1081,.T.);
#2538=EDGE_CURVE('',#1954,#1930,#1633,.T.);
#2539=EDGE_CURVE('',#1921,#1955,#1634,.T.);
#2540=EDGE_CURVE('',#1927,#1980,#1082,.T.);
#2541=EDGE_CURVE('',#1980,#1980,#1635,.T.);
#2542=EDGE_CURVE('',#1931,#1978,#1636,.T.);
#2543=EDGE_CURVE('',#1930,#1981,#1083,.T.);
#2544=EDGE_CURVE('',#1981,#1981,#1637,.T.);
#2545=EDGE_CURVE('',#1931,#1982,#1084,.T.);
#2546=EDGE_CURVE('',#1982,#1982,#1638,.T.);
#2547=EDGE_CURVE('',#1983,#1984,#1639,.T.);
#2548=EDGE_CURVE('',#1984,#1737,#1085,.T.);
#2549=EDGE_CURVE('',#1736,#1983,#1086,.T.);
#2550=EDGE_CURVE('',#1985,#1735,#1087,.T.);
#2551=EDGE_CURVE('',#1983,#1985,#1088,.T.);
#2552=EDGE_CURVE('',#1986,#1909,#1640,.T.);
#2553=EDGE_CURVE('',#1717,#1986,#1089,.T.);
#2554=EDGE_CURVE('',#1986,#1984,#1090,.T.);
#2555=EDGE_CURVE('',#1987,#1844,#64,.T.);
#2556=EDGE_CURVE('',#1987,#1988,#1091,.T.);
#2557=EDGE_CURVE('',#1690,#1988,#1641,.T.);
#2558=EDGE_CURVE('',#1915,#1825,#1092,.T.);
#2559=EDGE_CURVE('',#1734,#1989,#1093,.T.);
#2560=EDGE_CURVE('',#1989,#1985,#1642,.T.);
#2561=EDGE_CURVE('',#1733,#1969,#1094,.T.);
#2562=EDGE_CURVE('',#1989,#1968,#1095,.T.);
#2563=EDGE_CURVE('',#1705,#1726,#1096,.T.);
#2564=EDGE_CURVE('',#1988,#1990,#1097,.T.);
#2565=EDGE_CURVE('',#1990,#1691,#65,.T.);
#2566=EDGE_CURVE('',#1991,#1671,#1098,.T.);
#2567=EDGE_CURVE('',#1686,#1991,#66,.T.);
#2568=EDGE_CURVE('',#1990,#1991,#1099,.T.);
#2569=EDGE_CURVE('',#1672,#1992,#1100,.T.);
#2570=EDGE_CURVE('',#1992,#1993,#67,.F.);
#2571=EDGE_CURVE('',#1706,#1993,#1101,.T.);
#2572=EDGE_CURVE('',#1992,#1991,#1102,.F.);
#2573=EDGE_CURVE('',#1994,#1995,#68,.T.);
#2574=EDGE_CURVE('',#1994,#1728,#1103,.T.);
#2575=EDGE_CURVE('',#1727,#1995,#1104,.T.);
#2576=EDGE_CURVE('',#1996,#1730,#1643,.T.);
#2577=EDGE_CURVE('',#1729,#1996,#1644,.T.);
#2578=EDGE_CURVE('',#1997,#1994,#1105,.T.);
#2579=EDGE_CURVE('',#1998,#1997,#1645,.T.);
#2580=EDGE_CURVE('',#1999,#1998,#1646,.T.);
#2581=EDGE_CURVE('',#2000,#1999,#1106,.T.);
#2582=EDGE_CURVE('',#1977,#2000,#1107,.T.);
#2583=EDGE_CURVE('',#2000,#2001,#1108,.T.);
#2584=EDGE_CURVE('',#2001,#1987,#69,.T.);
#2585=EDGE_CURVE('',#1843,#2000,#70,.T.);
#2586=EDGE_CURVE('',#1990,#2001,#1109,.T.);
#2587=EDGE_CURVE('',#1999,#1997,#200,.T.);
#2588=EDGE_CURVE('',#1993,#1995,#1110,.T.);
#2589=EDGE_CURVE('',#1998,#2002,#1111,.T.);
#2590=EDGE_CURVE('',#2002,#2002,#1647,.T.);
#2591=EDGE_CURVE('',#1996,#2003,#1112,.T.);
#2592=EDGE_CURVE('',#2003,#2003,#1648,.T.);
#2593=ORIENTED_EDGE('',*,*,#2004,.F.);
#2594=ORIENTED_EDGE('',*,*,#2005,.T.);
#2595=ORIENTED_EDGE('',*,*,#2006,.F.);
#2596=ORIENTED_EDGE('',*,*,#2005,.F.);
#2597=ORIENTED_EDGE('',*,*,#2007,.T.);
#2598=ORIENTED_EDGE('',*,*,#2008,.T.);
#2599=ORIENTED_EDGE('',*,*,#2009,.T.);
#2600=ORIENTED_EDGE('',*,*,#2010,.T.);
#2601=ORIENTED_EDGE('',*,*,#2009,.F.);
#2602=ORIENTED_EDGE('',*,*,#2011,.T.);
#2603=ORIENTED_EDGE('',*,*,#2012,.T.);
#2604=ORIENTED_EDGE('',*,*,#2013,.T.);
#2605=ORIENTED_EDGE('',*,*,#2014,.T.);
#2606=ORIENTED_EDGE('',*,*,#2015,.T.);
#2607=ORIENTED_EDGE('',*,*,#2012,.F.);
#2608=ORIENTED_EDGE('',*,*,#2016,.T.);
#2609=ORIENTED_EDGE('',*,*,#2014,.F.);
#2610=ORIENTED_EDGE('',*,*,#2017,.T.);
#2611=ORIENTED_EDGE('',*,*,#2018,.T.);
#2612=ORIENTED_EDGE('',*,*,#2019,.T.);
#2613=ORIENTED_EDGE('',*,*,#2020,.T.);
#2614=ORIENTED_EDGE('',*,*,#2021,.T.);
#2615=ORIENTED_EDGE('',*,*,#2018,.F.);
#2616=ORIENTED_EDGE('',*,*,#2022,.T.);
#2617=ORIENTED_EDGE('',*,*,#2023,.T.);
#2618=ORIENTED_EDGE('',*,*,#2024,.T.);
#2619=ORIENTED_EDGE('',*,*,#2020,.F.);
#2620=ORIENTED_EDGE('',*,*,#2025,.T.);
#2621=ORIENTED_EDGE('',*,*,#2025,.F.);
#2622=ORIENTED_EDGE('',*,*,#2022,.F.);
#2623=ORIENTED_EDGE('',*,*,#2017,.F.);
#2624=ORIENTED_EDGE('',*,*,#2016,.F.);
#2625=ORIENTED_EDGE('',*,*,#2011,.F.);
#2626=ORIENTED_EDGE('',*,*,#2008,.F.);
#2627=ORIENTED_EDGE('',*,*,#2026,.T.);
#2628=ORIENTED_EDGE('',*,*,#2027,.F.);
#2629=ORIENTED_EDGE('',*,*,#2028,.F.);
#2630=ORIENTED_EDGE('',*,*,#2029,.F.);
#2631=ORIENTED_EDGE('',*,*,#2030,.F.);
#2632=ORIENTED_EDGE('',*,*,#2031,.F.);
#2633=ORIENTED_EDGE('',*,*,#2032,.F.);
#2634=ORIENTED_EDGE('',*,*,#2033,.T.);
#2635=ORIENTED_EDGE('',*,*,#2034,.F.);
#2636=ORIENTED_EDGE('',*,*,#2035,.F.);
#2637=ORIENTED_EDGE('',*,*,#2036,.F.);
#2638=ORIENTED_EDGE('',*,*,#2037,.F.);
#2639=ORIENTED_EDGE('',*,*,#2038,.F.);
#2640=ORIENTED_EDGE('',*,*,#2039,.F.);
#2641=ORIENTED_EDGE('',*,*,#2040,.F.);
#2642=ORIENTED_EDGE('',*,*,#2041,.F.);
#2643=ORIENTED_EDGE('',*,*,#2042,.T.);
#2644=ORIENTED_EDGE('',*,*,#2043,.T.);
#2645=ORIENTED_EDGE('',*,*,#2044,.T.);
#2646=ORIENTED_EDGE('',*,*,#2028,.T.);
#2647=ORIENTED_EDGE('',*,*,#2044,.F.);
#2648=ORIENTED_EDGE('',*,*,#2045,.T.);
#2649=ORIENTED_EDGE('',*,*,#2046,.T.);
#2650=ORIENTED_EDGE('',*,*,#2029,.T.);
#2651=ORIENTED_EDGE('',*,*,#2047,.T.);
#2652=ORIENTED_EDGE('',*,*,#2030,.T.);
#2653=ORIENTED_EDGE('',*,*,#2046,.F.);
#2654=ORIENTED_EDGE('',*,*,#2048,.T.);
#2655=ORIENTED_EDGE('',*,*,#2047,.F.);
#2656=ORIENTED_EDGE('',*,*,#2049,.T.);
#2657=ORIENTED_EDGE('',*,*,#2050,.T.);
#2658=ORIENTED_EDGE('',*,*,#2031,.T.);
#2659=ORIENTED_EDGE('',*,*,#2051,.T.);
#2660=ORIENTED_EDGE('',*,*,#2032,.T.);
#2661=ORIENTED_EDGE('',*,*,#2050,.F.);
#2662=ORIENTED_EDGE('',*,*,#2052,.T.);
#2663=ORIENTED_EDGE('',*,*,#2053,.F.);
#2664=ORIENTED_EDGE('',*,*,#2052,.F.);
#2665=ORIENTED_EDGE('',*,*,#2054,.F.);
#2666=ORIENTED_EDGE('',*,*,#2055,.F.);
#2667=ORIENTED_EDGE('',*,*,#2056,.F.);
#2668=ORIENTED_EDGE('',*,*,#2057,.F.);
#2669=ORIENTED_EDGE('',*,*,#2058,.F.);
#2670=ORIENTED_EDGE('',*,*,#2059,.F.);
#2671=ORIENTED_EDGE('',*,*,#2049,.F.);
#2672=ORIENTED_EDGE('',*,*,#2060,.F.);
#2673=ORIENTED_EDGE('',*,*,#2061,.F.);
#2674=ORIENTED_EDGE('',*,*,#2054,.T.);
#2675=ORIENTED_EDGE('',*,*,#2048,.F.);
#2676=ORIENTED_EDGE('',*,*,#2062,.F.);
#2677=ORIENTED_EDGE('',*,*,#2063,.F.);
#2678=ORIENTED_EDGE('',*,*,#2060,.T.);
#2679=ORIENTED_EDGE('',*,*,#2045,.F.);
#2680=ORIENTED_EDGE('',*,*,#2064,.T.);
#2681=ORIENTED_EDGE('',*,*,#2065,.F.);
#2682=ORIENTED_EDGE('',*,*,#2062,.T.);
#2683=ORIENTED_EDGE('',*,*,#2043,.F.);
#2684=ORIENTED_EDGE('',*,*,#2066,.F.);
#2685=ORIENTED_EDGE('',*,*,#2067,.T.);
#2686=ORIENTED_EDGE('',*,*,#2068,.F.);
#2687=ORIENTED_EDGE('',*,*,#2069,.F.);
#2688=ORIENTED_EDGE('',*,*,#2064,.F.);
#2689=ORIENTED_EDGE('',*,*,#2070,.T.);
#2690=ORIENTED_EDGE('',*,*,#2038,.T.);
#2691=ORIENTED_EDGE('',*,*,#2071,.T.);
#2692=ORIENTED_EDGE('',*,*,#2072,.T.);
#2693=ORIENTED_EDGE('',*,*,#2073,.T.);
#2694=ORIENTED_EDGE('',*,*,#2074,.T.);
#2695=ORIENTED_EDGE('',*,*,#2075,.T.);
#2696=ORIENTED_EDGE('',*,*,#2071,.F.);
#2697=ORIENTED_EDGE('',*,*,#2037,.T.);
#2698=ORIENTED_EDGE('',*,*,#2074,.F.);
#2699=ORIENTED_EDGE('',*,*,#2036,.T.);
#2700=ORIENTED_EDGE('',*,*,#2076,.T.);
#2701=ORIENTED_EDGE('',*,*,#2077,.T.);
#2702=ORIENTED_EDGE('',*,*,#2078,.T.);
#2703=ORIENTED_EDGE('',*,*,#2035,.T.);
#2704=ORIENTED_EDGE('',*,*,#2079,.T.);
#2705=ORIENTED_EDGE('',*,*,#2080,.T.);
#2706=ORIENTED_EDGE('',*,*,#2081,.T.);
#2707=ORIENTED_EDGE('',*,*,#2082,.T.);
#2708=ORIENTED_EDGE('',*,*,#2079,.F.);
#2709=ORIENTED_EDGE('',*,*,#2034,.T.);
#2710=ORIENTED_EDGE('',*,*,#2083,.F.);
#2711=ORIENTED_EDGE('',*,*,#2084,.T.);
#2712=ORIENTED_EDGE('',*,*,#2081,.F.);
#2713=ORIENTED_EDGE('',*,*,#2078,.F.);
#2714=ORIENTED_EDGE('',*,*,#2085,.T.);
#2715=ORIENTED_EDGE('',*,*,#2076,.F.);
#2716=ORIENTED_EDGE('',*,*,#2086,.T.);
#2717=ORIENTED_EDGE('',*,*,#2072,.F.);
#2718=ORIENTED_EDGE('',*,*,#2087,.F.);
#2719=ORIENTED_EDGE('',*,*,#2088,.F.);
#2720=ORIENTED_EDGE('',*,*,#2089,.F.);
#2721=ORIENTED_EDGE('',*,*,#2075,.F.);
#2722=ORIENTED_EDGE('',*,*,#2090,.T.);
#2723=ORIENTED_EDGE('',*,*,#2091,.F.);
#2724=ORIENTED_EDGE('',*,*,#2087,.T.);
#2725=ORIENTED_EDGE('',*,*,#2077,.F.);
#2726=ORIENTED_EDGE('',*,*,#2092,.F.);
#2727=ORIENTED_EDGE('',*,*,#2093,.F.);
#2728=ORIENTED_EDGE('',*,*,#2090,.F.);
#2729=ORIENTED_EDGE('',*,*,#2085,.F.);
#2730=ORIENTED_EDGE('',*,*,#2094,.T.);
#2731=ORIENTED_EDGE('',*,*,#2095,.T.);
#2732=ORIENTED_EDGE('',*,*,#2092,.T.);
#2733=ORIENTED_EDGE('',*,*,#2080,.F.);
#2734=ORIENTED_EDGE('',*,*,#2096,.F.);
#2735=ORIENTED_EDGE('',*,*,#2097,.F.);
#2736=ORIENTED_EDGE('',*,*,#2094,.F.);
#2737=ORIENTED_EDGE('',*,*,#2098,.T.);
#2738=ORIENTED_EDGE('',*,*,#2099,.T.);
#2739=ORIENTED_EDGE('',*,*,#2100,.T.);
#2740=ORIENTED_EDGE('',*,*,#2099,.F.);
#2741=ORIENTED_EDGE('',*,*,#2101,.F.);
#2742=ORIENTED_EDGE('',*,*,#2102,.F.);
#2743=ORIENTED_EDGE('',*,*,#2103,.F.);
#2744=ORIENTED_EDGE('',*,*,#2104,.F.);
#2745=ORIENTED_EDGE('',*,*,#2105,.F.);
#2746=ORIENTED_EDGE('',*,*,#2106,.F.);
#2747=ORIENTED_EDGE('',*,*,#2107,.F.);
#2748=ORIENTED_EDGE('',*,*,#2108,.F.);
#2749=ORIENTED_EDGE('',*,*,#2109,.F.);
#2750=ORIENTED_EDGE('',*,*,#2110,.F.);
#2751=ORIENTED_EDGE('',*,*,#2088,.T.);
#2752=ORIENTED_EDGE('',*,*,#2091,.T.);
#2753=ORIENTED_EDGE('',*,*,#2093,.T.);
#2754=ORIENTED_EDGE('',*,*,#2095,.F.);
#2755=ORIENTED_EDGE('',*,*,#2097,.T.);
#2756=ORIENTED_EDGE('',*,*,#2111,.T.);
#2757=ORIENTED_EDGE('',*,*,#2112,.T.);
#2758=ORIENTED_EDGE('',*,*,#2113,.T.);
#2759=ORIENTED_EDGE('',*,*,#2114,.T.);
#2760=ORIENTED_EDGE('',*,*,#2115,.T.);
#2761=ORIENTED_EDGE('',*,*,#2116,.T.);
#2762=ORIENTED_EDGE('',*,*,#2117,.T.);
#2763=ORIENTED_EDGE('',*,*,#2118,.T.);
#2764=ORIENTED_EDGE('',*,*,#2119,.T.);
#2765=ORIENTED_EDGE('',*,*,#2120,.T.);
#2766=ORIENTED_EDGE('',*,*,#2121,.T.);
#2767=ORIENTED_EDGE('',*,*,#2122,.F.);
#2768=ORIENTED_EDGE('',*,*,#2123,.T.);
#2769=ORIENTED_EDGE('',*,*,#2124,.F.);
#2770=ORIENTED_EDGE('',*,*,#2125,.F.);
#2771=ORIENTED_EDGE('',*,*,#2126,.F.);
#2772=ORIENTED_EDGE('',*,*,#2127,.F.);
#2773=ORIENTED_EDGE('',*,*,#2128,.F.);
#2774=ORIENTED_EDGE('',*,*,#2129,.F.);
#2775=ORIENTED_EDGE('',*,*,#2130,.F.);
#2776=ORIENTED_EDGE('',*,*,#2131,.F.);
#2777=ORIENTED_EDGE('',*,*,#2132,.F.);
#2778=ORIENTED_EDGE('',*,*,#2133,.F.);
#2779=ORIENTED_EDGE('',*,*,#2134,.F.);
#2780=ORIENTED_EDGE('',*,*,#2135,.F.);
#2781=ORIENTED_EDGE('',*,*,#2136,.F.);
#2782=ORIENTED_EDGE('',*,*,#2137,.F.);
#2783=ORIENTED_EDGE('',*,*,#2138,.F.);
#2784=ORIENTED_EDGE('',*,*,#2139,.F.);
#2785=ORIENTED_EDGE('',*,*,#2098,.F.);
#2786=ORIENTED_EDGE('',*,*,#2140,.F.);
#2787=ORIENTED_EDGE('',*,*,#2141,.F.);
#2788=ORIENTED_EDGE('',*,*,#2142,.T.);
#2789=ORIENTED_EDGE('',*,*,#2100,.F.);
#2790=ORIENTED_EDGE('',*,*,#2142,.F.);
#2791=ORIENTED_EDGE('',*,*,#2143,.T.);
#2792=ORIENTED_EDGE('',*,*,#2144,.T.);
#2793=ORIENTED_EDGE('',*,*,#2145,.T.);
#2794=ORIENTED_EDGE('',*,*,#2124,.T.);
#2795=ORIENTED_EDGE('',*,*,#2143,.F.);
#2796=ORIENTED_EDGE('',*,*,#2131,.T.);
#2797=ORIENTED_EDGE('',*,*,#2146,.T.);
#2798=ORIENTED_EDGE('',*,*,#2147,.T.);
#2799=ORIENTED_EDGE('',*,*,#2148,.T.);
#2800=ORIENTED_EDGE('',*,*,#2149,.T.);
#2801=ORIENTED_EDGE('',*,*,#2146,.F.);
#2802=ORIENTED_EDGE('',*,*,#2130,.T.);
#2803=ORIENTED_EDGE('',*,*,#2148,.F.);
#2804=ORIENTED_EDGE('',*,*,#2129,.T.);
#2805=ORIENTED_EDGE('',*,*,#2150,.T.);
#2806=ORIENTED_EDGE('',*,*,#2151,.T.);
#2807=ORIENTED_EDGE('',*,*,#2152,.T.);
#2808=ORIENTED_EDGE('',*,*,#2153,.T.);
#2809=ORIENTED_EDGE('',*,*,#2150,.F.);
#2810=ORIENTED_EDGE('',*,*,#2128,.T.);
#2811=ORIENTED_EDGE('',*,*,#2152,.F.);
#2812=ORIENTED_EDGE('',*,*,#2127,.T.);
#2813=ORIENTED_EDGE('',*,*,#2154,.T.);
#2814=ORIENTED_EDGE('',*,*,#2155,.T.);
#2815=ORIENTED_EDGE('',*,*,#2156,.T.);
#2816=ORIENTED_EDGE('',*,*,#2157,.T.);
#2817=ORIENTED_EDGE('',*,*,#2154,.F.);
#2818=ORIENTED_EDGE('',*,*,#2126,.T.);
#2819=ORIENTED_EDGE('',*,*,#2156,.F.);
#2820=ORIENTED_EDGE('',*,*,#2125,.T.);
#2821=ORIENTED_EDGE('',*,*,#2145,.F.);
#2822=ORIENTED_EDGE('',*,*,#2158,.T.);
#2823=ORIENTED_EDGE('',*,*,#2155,.F.);
#2824=ORIENTED_EDGE('',*,*,#2159,.F.);
#2825=ORIENTED_EDGE('',*,*,#2160,.F.);
#2826=ORIENTED_EDGE('',*,*,#2161,.F.);
#2827=ORIENTED_EDGE('',*,*,#2157,.F.);
#2828=ORIENTED_EDGE('',*,*,#2162,.T.);
#2829=ORIENTED_EDGE('',*,*,#2163,.F.);
#2830=ORIENTED_EDGE('',*,*,#2159,.T.);
#2831=ORIENTED_EDGE('',*,*,#2158,.F.);
#2832=ORIENTED_EDGE('',*,*,#2164,.F.);
#2833=ORIENTED_EDGE('',*,*,#2165,.F.);
#2834=ORIENTED_EDGE('',*,*,#2162,.F.);
#2835=ORIENTED_EDGE('',*,*,#2144,.F.);
#2836=ORIENTED_EDGE('',*,*,#2166,.T.);
#2837=ORIENTED_EDGE('',*,*,#2167,.F.);
#2838=ORIENTED_EDGE('',*,*,#2164,.T.);
#2839=ORIENTED_EDGE('',*,*,#2168,.T.);
#2840=ORIENTED_EDGE('',*,*,#2169,.T.);
#2841=ORIENTED_EDGE('',*,*,#2170,.T.);
#2842=ORIENTED_EDGE('',*,*,#2132,.T.);
#2843=ORIENTED_EDGE('',*,*,#2168,.F.);
#2844=ORIENTED_EDGE('',*,*,#2139,.T.);
#2845=ORIENTED_EDGE('',*,*,#2171,.T.);
#2846=ORIENTED_EDGE('',*,*,#2172,.T.);
#2847=ORIENTED_EDGE('',*,*,#2173,.T.);
#2848=ORIENTED_EDGE('',*,*,#2174,.T.);
#2849=ORIENTED_EDGE('',*,*,#2171,.F.);
#2850=ORIENTED_EDGE('',*,*,#2138,.T.);
#2851=ORIENTED_EDGE('',*,*,#2173,.F.);
#2852=ORIENTED_EDGE('',*,*,#2137,.T.);
#2853=ORIENTED_EDGE('',*,*,#2175,.T.);
#2854=ORIENTED_EDGE('',*,*,#2176,.T.);
#2855=ORIENTED_EDGE('',*,*,#2177,.T.);
#2856=ORIENTED_EDGE('',*,*,#2178,.T.);
#2857=ORIENTED_EDGE('',*,*,#2175,.F.);
#2858=ORIENTED_EDGE('',*,*,#2136,.T.);
#2859=ORIENTED_EDGE('',*,*,#2177,.F.);
#2860=ORIENTED_EDGE('',*,*,#2135,.T.);
#2861=ORIENTED_EDGE('',*,*,#2179,.T.);
#2862=ORIENTED_EDGE('',*,*,#2180,.T.);
#2863=ORIENTED_EDGE('',*,*,#2181,.T.);
#2864=ORIENTED_EDGE('',*,*,#2182,.T.);
#2865=ORIENTED_EDGE('',*,*,#2179,.F.);
#2866=ORIENTED_EDGE('',*,*,#2134,.T.);
#2867=ORIENTED_EDGE('',*,*,#2181,.F.);
#2868=ORIENTED_EDGE('',*,*,#2133,.T.);
#2869=ORIENTED_EDGE('',*,*,#2170,.F.);
#2870=ORIENTED_EDGE('',*,*,#2183,.T.);
#2871=ORIENTED_EDGE('',*,*,#2180,.F.);
#2872=ORIENTED_EDGE('',*,*,#2184,.F.);
#2873=ORIENTED_EDGE('',*,*,#2185,.F.);
#2874=ORIENTED_EDGE('',*,*,#2186,.F.);
#2875=ORIENTED_EDGE('',*,*,#2182,.F.);
#2876=ORIENTED_EDGE('',*,*,#2187,.T.);
#2877=ORIENTED_EDGE('',*,*,#2188,.F.);
#2878=ORIENTED_EDGE('',*,*,#2184,.T.);
#2879=ORIENTED_EDGE('',*,*,#2183,.F.);
#2880=ORIENTED_EDGE('',*,*,#2189,.F.);
#2881=ORIENTED_EDGE('',*,*,#2190,.F.);
#2882=ORIENTED_EDGE('',*,*,#2187,.F.);
#2883=ORIENTED_EDGE('',*,*,#2169,.F.);
#2884=ORIENTED_EDGE('',*,*,#2191,.T.);
#2885=ORIENTED_EDGE('',*,*,#2192,.F.);
#2886=ORIENTED_EDGE('',*,*,#2189,.T.);
#2887=ORIENTED_EDGE('',*,*,#2193,.T.);
#2888=ORIENTED_EDGE('',*,*,#2109,.T.);
#2889=ORIENTED_EDGE('',*,*,#2194,.T.);
#2890=ORIENTED_EDGE('',*,*,#2195,.T.);
#2891=ORIENTED_EDGE('',*,*,#2196,.T.);
#2892=ORIENTED_EDGE('',*,*,#2197,.T.);
#2893=ORIENTED_EDGE('',*,*,#2194,.F.);
#2894=ORIENTED_EDGE('',*,*,#2108,.T.);
#2895=ORIENTED_EDGE('',*,*,#2196,.F.);
#2896=ORIENTED_EDGE('',*,*,#2107,.T.);
#2897=ORIENTED_EDGE('',*,*,#2198,.T.);
#2898=ORIENTED_EDGE('',*,*,#2199,.T.);
#2899=ORIENTED_EDGE('',*,*,#2200,.T.);
#2900=ORIENTED_EDGE('',*,*,#2201,.T.);
#2901=ORIENTED_EDGE('',*,*,#2198,.F.);
#2902=ORIENTED_EDGE('',*,*,#2106,.T.);
#2903=ORIENTED_EDGE('',*,*,#2200,.F.);
#2904=ORIENTED_EDGE('',*,*,#2105,.T.);
#2905=ORIENTED_EDGE('',*,*,#2202,.T.);
#2906=ORIENTED_EDGE('',*,*,#2203,.T.);
#2907=ORIENTED_EDGE('',*,*,#2204,.T.);
#2908=ORIENTED_EDGE('',*,*,#2205,.T.);
#2909=ORIENTED_EDGE('',*,*,#2202,.F.);
#2910=ORIENTED_EDGE('',*,*,#2104,.T.);
#2911=ORIENTED_EDGE('',*,*,#2204,.F.);
#2912=ORIENTED_EDGE('',*,*,#2103,.T.);
#2913=ORIENTED_EDGE('',*,*,#2206,.T.);
#2914=ORIENTED_EDGE('',*,*,#2207,.T.);
#2915=ORIENTED_EDGE('',*,*,#2208,.T.);
#2916=ORIENTED_EDGE('',*,*,#2209,.T.);
#2917=ORIENTED_EDGE('',*,*,#2206,.F.);
#2918=ORIENTED_EDGE('',*,*,#2102,.T.);
#2919=ORIENTED_EDGE('',*,*,#2210,.T.);
#2920=ORIENTED_EDGE('',*,*,#2211,.T.);
#2921=ORIENTED_EDGE('',*,*,#2208,.F.);
#2922=ORIENTED_EDGE('',*,*,#2101,.T.);
#2923=ORIENTED_EDGE('',*,*,#2212,.T.);
#2924=ORIENTED_EDGE('',*,*,#2213,.T.);
#2925=ORIENTED_EDGE('',*,*,#2214,.T.);
#2926=ORIENTED_EDGE('',*,*,#2215,.T.);
#2927=ORIENTED_EDGE('',*,*,#2216,.T.);
#2928=ORIENTED_EDGE('',*,*,#2217,.T.);
#2929=ORIENTED_EDGE('',*,*,#2214,.F.);
#2930=ORIENTED_EDGE('',*,*,#2218,.T.);
#2931=ORIENTED_EDGE('',*,*,#2219,.T.);
#2932=ORIENTED_EDGE('',*,*,#2220,.T.);
#2933=ORIENTED_EDGE('',*,*,#2216,.F.);
#2934=ORIENTED_EDGE('',*,*,#2221,.T.);
#2935=ORIENTED_EDGE('',*,*,#2222,.T.);
#2936=ORIENTED_EDGE('',*,*,#2223,.T.);
#2937=ORIENTED_EDGE('',*,*,#2219,.F.);
#2938=ORIENTED_EDGE('',*,*,#2224,.T.);
#2939=ORIENTED_EDGE('',*,*,#2225,.T.);
#2940=ORIENTED_EDGE('',*,*,#2222,.F.);
#2941=ORIENTED_EDGE('',*,*,#2226,.T.);
#2942=ORIENTED_EDGE('',*,*,#2227,.T.);
#2943=ORIENTED_EDGE('',*,*,#2228,.T.);
#2944=ORIENTED_EDGE('',*,*,#2229,.T.);
#2945=ORIENTED_EDGE('',*,*,#2230,.T.);
#2946=ORIENTED_EDGE('',*,*,#2227,.F.);
#2947=ORIENTED_EDGE('',*,*,#2231,.T.);
#2948=ORIENTED_EDGE('',*,*,#2232,.T.);
#2949=ORIENTED_EDGE('',*,*,#2229,.F.);
#2950=ORIENTED_EDGE('',*,*,#2233,.T.);
#2951=ORIENTED_EDGE('',*,*,#2234,.T.);
#2952=ORIENTED_EDGE('',*,*,#2235,.T.);
#2953=ORIENTED_EDGE('',*,*,#2231,.F.);
#2954=ORIENTED_EDGE('',*,*,#2236,.T.);
#2955=ORIENTED_EDGE('',*,*,#2237,.T.);
#2956=ORIENTED_EDGE('',*,*,#2238,.T.);
#2957=ORIENTED_EDGE('',*,*,#2234,.F.);
#2958=ORIENTED_EDGE('',*,*,#2239,.T.);
#2959=ORIENTED_EDGE('',*,*,#2240,.T.);
#2960=ORIENTED_EDGE('',*,*,#2241,.T.);
#2961=ORIENTED_EDGE('',*,*,#2237,.F.);
#2962=ORIENTED_EDGE('',*,*,#2242,.T.);
#2963=ORIENTED_EDGE('',*,*,#2243,.T.);
#2964=ORIENTED_EDGE('',*,*,#2244,.T.);
#2965=ORIENTED_EDGE('',*,*,#2240,.F.);
#2966=ORIENTED_EDGE('',*,*,#2245,.T.);
#2967=ORIENTED_EDGE('',*,*,#2246,.T.);
#2968=ORIENTED_EDGE('',*,*,#2247,.T.);
#2969=ORIENTED_EDGE('',*,*,#2243,.F.);
#2970=ORIENTED_EDGE('',*,*,#2248,.T.);
#2971=ORIENTED_EDGE('',*,*,#2249,.T.);
#2972=ORIENTED_EDGE('',*,*,#2250,.T.);
#2973=ORIENTED_EDGE('',*,*,#2251,.T.);
#2974=ORIENTED_EDGE('',*,*,#2252,.T.);
#2975=ORIENTED_EDGE('',*,*,#2251,.F.);
#2976=ORIENTED_EDGE('',*,*,#2253,.T.);
#2977=ORIENTED_EDGE('',*,*,#2246,.F.);
#2978=ORIENTED_EDGE('',*,*,#2254,.T.);
#2979=ORIENTED_EDGE('',*,*,#2255,.T.);
#2980=ORIENTED_EDGE('',*,*,#2256,.T.);
#2981=ORIENTED_EDGE('',*,*,#2257,.T.);
#2982=ORIENTED_EDGE('',*,*,#2256,.F.);
#2983=ORIENTED_EDGE('',*,*,#2258,.T.);
#2984=ORIENTED_EDGE('',*,*,#2249,.F.);
#2985=ORIENTED_EDGE('',*,*,#2217,.F.);
#2986=ORIENTED_EDGE('',*,*,#2259,.T.);
#2987=ORIENTED_EDGE('',*,*,#2260,.F.);
#2988=ORIENTED_EDGE('',*,*,#2261,.F.);
#2989=ORIENTED_EDGE('',*,*,#2220,.F.);
#2990=ORIENTED_EDGE('',*,*,#2262,.T.);
#2991=ORIENTED_EDGE('',*,*,#2263,.F.);
#2992=ORIENTED_EDGE('',*,*,#2259,.F.);
#2993=ORIENTED_EDGE('',*,*,#2223,.F.);
#2994=ORIENTED_EDGE('',*,*,#2264,.T.);
#2995=ORIENTED_EDGE('',*,*,#2265,.F.);
#2996=ORIENTED_EDGE('',*,*,#2262,.F.);
#2997=ORIENTED_EDGE('',*,*,#2225,.F.);
#2998=ORIENTED_EDGE('',*,*,#2266,.T.);
#2999=ORIENTED_EDGE('',*,*,#2267,.F.);
#3000=ORIENTED_EDGE('',*,*,#2264,.F.);
#3001=ORIENTED_EDGE('',*,*,#2230,.F.);
#3002=ORIENTED_EDGE('',*,*,#2268,.F.);
#3003=ORIENTED_EDGE('',*,*,#2269,.F.);
#3004=ORIENTED_EDGE('',*,*,#2266,.F.);
#3005=ORIENTED_EDGE('',*,*,#2232,.F.);
#3006=ORIENTED_EDGE('',*,*,#2270,.T.);
#3007=ORIENTED_EDGE('',*,*,#2271,.T.);
#3008=ORIENTED_EDGE('',*,*,#2268,.T.);
#3009=ORIENTED_EDGE('',*,*,#2235,.F.);
#3010=ORIENTED_EDGE('',*,*,#2272,.F.);
#3011=ORIENTED_EDGE('',*,*,#2273,.F.);
#3012=ORIENTED_EDGE('',*,*,#2270,.F.);
#3013=ORIENTED_EDGE('',*,*,#2238,.F.);
#3014=ORIENTED_EDGE('',*,*,#2274,.T.);
#3015=ORIENTED_EDGE('',*,*,#2275,.T.);
#3016=ORIENTED_EDGE('',*,*,#2272,.T.);
#3017=ORIENTED_EDGE('',*,*,#2241,.F.);
#3018=ORIENTED_EDGE('',*,*,#2276,.T.);
#3019=ORIENTED_EDGE('',*,*,#2277,.F.);
#3020=ORIENTED_EDGE('',*,*,#2274,.F.);
#3021=ORIENTED_EDGE('',*,*,#2244,.F.);
#3022=ORIENTED_EDGE('',*,*,#2278,.T.);
#3023=ORIENTED_EDGE('',*,*,#2279,.F.);
#3024=ORIENTED_EDGE('',*,*,#2276,.F.);
#3025=ORIENTED_EDGE('',*,*,#2247,.F.);
#3026=ORIENTED_EDGE('',*,*,#2280,.F.);
#3027=ORIENTED_EDGE('',*,*,#2281,.F.);
#3028=ORIENTED_EDGE('',*,*,#2278,.F.);
#3029=ORIENTED_EDGE('',*,*,#2006,.T.);
#3030=ORIENTED_EDGE('',*,*,#2253,.F.);
#3031=ORIENTED_EDGE('',*,*,#2282,.T.);
#3032=ORIENTED_EDGE('',*,*,#2283,.T.);
#3033=ORIENTED_EDGE('',*,*,#2280,.T.);
#3034=ORIENTED_EDGE('',*,*,#2250,.F.);
#3035=ORIENTED_EDGE('',*,*,#2284,.F.);
#3036=ORIENTED_EDGE('',*,*,#2285,.F.);
#3037=ORIENTED_EDGE('',*,*,#2282,.F.);
#3038=ORIENTED_EDGE('',*,*,#2258,.F.);
#3039=ORIENTED_EDGE('',*,*,#2286,.T.);
#3040=ORIENTED_EDGE('',*,*,#2287,.T.);
#3041=ORIENTED_EDGE('',*,*,#2284,.T.);
#3042=ORIENTED_EDGE('',*,*,#2255,.F.);
#3043=ORIENTED_EDGE('',*,*,#2288,.F.);
#3044=ORIENTED_EDGE('',*,*,#2289,.T.);
#3045=ORIENTED_EDGE('',*,*,#2290,.F.);
#3046=ORIENTED_EDGE('',*,*,#2291,.T.);
#3047=ORIENTED_EDGE('',*,*,#2292,.F.);
#3048=ORIENTED_EDGE('',*,*,#2293,.F.);
#3049=ORIENTED_EDGE('',*,*,#2294,.F.);
#3050=ORIENTED_EDGE('',*,*,#2286,.F.);
#3051=ORIENTED_EDGE('',*,*,#2004,.T.);
#3052=ORIENTED_EDGE('',*,*,#2295,.T.);
#3053=ORIENTED_EDGE('',*,*,#2296,.T.);
#3054=ORIENTED_EDGE('',*,*,#2297,.T.);
#3055=ORIENTED_EDGE('',*,*,#2185,.T.);
#3056=ORIENTED_EDGE('',*,*,#2295,.F.);
#3057=ORIENTED_EDGE('',*,*,#2188,.T.);
#3058=ORIENTED_EDGE('',*,*,#2298,.T.);
#3059=ORIENTED_EDGE('',*,*,#2299,.T.);
#3060=ORIENTED_EDGE('',*,*,#2300,.T.);
#3061=ORIENTED_EDGE('',*,*,#2301,.T.);
#3062=ORIENTED_EDGE('',*,*,#2298,.F.);
#3063=ORIENTED_EDGE('',*,*,#2190,.T.);
#3064=ORIENTED_EDGE('',*,*,#2300,.F.);
#3065=ORIENTED_EDGE('',*,*,#2192,.T.);
#3066=ORIENTED_EDGE('',*,*,#2302,.T.);
#3067=ORIENTED_EDGE('',*,*,#2303,.T.);
#3068=ORIENTED_EDGE('',*,*,#2304,.T.);
#3069=ORIENTED_EDGE('',*,*,#2305,.T.);
#3070=ORIENTED_EDGE('',*,*,#2302,.F.);
#3071=ORIENTED_EDGE('',*,*,#2306,.T.);
#3072=ORIENTED_EDGE('',*,*,#2304,.F.);
#3073=ORIENTED_EDGE('',*,*,#2307,.T.);
#3074=ORIENTED_EDGE('',*,*,#2308,.T.);
#3075=ORIENTED_EDGE('',*,*,#2309,.T.);
#3076=ORIENTED_EDGE('',*,*,#2310,.T.);
#3077=ORIENTED_EDGE('',*,*,#2311,.T.);
#3078=ORIENTED_EDGE('',*,*,#2308,.F.);
#3079=ORIENTED_EDGE('',*,*,#2312,.T.);
#3080=ORIENTED_EDGE('',*,*,#2310,.F.);
#3081=ORIENTED_EDGE('',*,*,#2313,.T.);
#3082=ORIENTED_EDGE('',*,*,#2297,.F.);
#3083=ORIENTED_EDGE('',*,*,#2314,.T.);
#3084=ORIENTED_EDGE('',*,*,#2315,.F.);
#3085=ORIENTED_EDGE('',*,*,#2316,.F.);
#3086=ORIENTED_EDGE('',*,*,#2317,.F.);
#3087=ORIENTED_EDGE('',*,*,#2318,.F.);
#3088=ORIENTED_EDGE('',*,*,#2319,.F.);
#3089=ORIENTED_EDGE('',*,*,#2320,.F.);
#3090=ORIENTED_EDGE('',*,*,#2321,.F.);
#3091=ORIENTED_EDGE('',*,*,#2322,.F.);
#3092=ORIENTED_EDGE('',*,*,#2323,.F.);
#3093=ORIENTED_EDGE('',*,*,#2324,.F.);
#3094=ORIENTED_EDGE('',*,*,#2325,.F.);
#3095=ORIENTED_EDGE('',*,*,#2326,.F.);
#3096=ORIENTED_EDGE('',*,*,#2327,.F.);
#3097=ORIENTED_EDGE('',*,*,#2328,.F.);
#3098=ORIENTED_EDGE('',*,*,#2329,.F.);
#3099=ORIENTED_EDGE('',*,*,#2330,.F.);
#3100=ORIENTED_EDGE('',*,*,#2331,.F.);
#3101=ORIENTED_EDGE('',*,*,#2332,.F.);
#3102=ORIENTED_EDGE('',*,*,#2333,.F.);
#3103=ORIENTED_EDGE('',*,*,#2334,.F.);
#3104=ORIENTED_EDGE('',*,*,#2335,.F.);
#3105=ORIENTED_EDGE('',*,*,#2257,.F.);
#3106=ORIENTED_EDGE('',*,*,#2252,.F.);
#3107=ORIENTED_EDGE('',*,*,#2248,.F.);
#3108=ORIENTED_EDGE('',*,*,#2245,.F.);
#3109=ORIENTED_EDGE('',*,*,#2242,.F.);
#3110=ORIENTED_EDGE('',*,*,#2239,.F.);
#3111=ORIENTED_EDGE('',*,*,#2236,.F.);
#3112=ORIENTED_EDGE('',*,*,#2233,.F.);
#3113=ORIENTED_EDGE('',*,*,#2228,.F.);
#3114=ORIENTED_EDGE('',*,*,#2226,.F.);
#3115=ORIENTED_EDGE('',*,*,#2224,.F.);
#3116=ORIENTED_EDGE('',*,*,#2221,.F.);
#3117=ORIENTED_EDGE('',*,*,#2218,.F.);
#3118=ORIENTED_EDGE('',*,*,#2213,.F.);
#3119=ORIENTED_EDGE('',*,*,#2336,.F.);
#3120=ORIENTED_EDGE('',*,*,#2337,.F.);
#3121=ORIENTED_EDGE('',*,*,#2338,.F.);
#3122=ORIENTED_EDGE('',*,*,#2339,.F.);
#3123=ORIENTED_EDGE('',*,*,#2340,.F.);
#3124=ORIENTED_EDGE('',*,*,#2341,.F.);
#3125=ORIENTED_EDGE('',*,*,#2342,.F.);
#3126=ORIENTED_EDGE('',*,*,#2343,.F.);
#3127=ORIENTED_EDGE('',*,*,#2344,.F.);
#3128=ORIENTED_EDGE('',*,*,#2296,.F.);
#3129=ORIENTED_EDGE('',*,*,#2299,.F.);
#3130=ORIENTED_EDGE('',*,*,#2301,.F.);
#3131=ORIENTED_EDGE('',*,*,#2303,.F.);
#3132=ORIENTED_EDGE('',*,*,#2305,.F.);
#3133=ORIENTED_EDGE('',*,*,#2309,.F.);
#3134=ORIENTED_EDGE('',*,*,#2311,.F.);
#3135=ORIENTED_EDGE('',*,*,#2314,.F.);
#3136=ORIENTED_EDGE('',*,*,#2345,.T.);
#3137=ORIENTED_EDGE('',*,*,#2336,.T.);
#3138=ORIENTED_EDGE('',*,*,#2346,.T.);
#3139=ORIENTED_EDGE('',*,*,#2347,.T.);
#3140=ORIENTED_EDGE('',*,*,#2345,.F.);
#3141=ORIENTED_EDGE('',*,*,#2348,.T.);
#3142=ORIENTED_EDGE('',*,*,#2349,.T.);
#3143=ORIENTED_EDGE('',*,*,#2337,.T.);
#3144=ORIENTED_EDGE('',*,*,#2350,.T.);
#3145=ORIENTED_EDGE('',*,*,#2338,.T.);
#3146=ORIENTED_EDGE('',*,*,#2349,.F.);
#3147=ORIENTED_EDGE('',*,*,#2160,.T.);
#3148=ORIENTED_EDGE('',*,*,#2350,.F.);
#3149=ORIENTED_EDGE('',*,*,#2163,.T.);
#3150=ORIENTED_EDGE('',*,*,#2351,.T.);
#3151=ORIENTED_EDGE('',*,*,#2339,.T.);
#3152=ORIENTED_EDGE('',*,*,#2352,.T.);
#3153=ORIENTED_EDGE('',*,*,#2340,.T.);
#3154=ORIENTED_EDGE('',*,*,#2351,.F.);
#3155=ORIENTED_EDGE('',*,*,#2165,.T.);
#3156=ORIENTED_EDGE('',*,*,#2352,.F.);
#3157=ORIENTED_EDGE('',*,*,#2167,.T.);
#3158=ORIENTED_EDGE('',*,*,#2353,.T.);
#3159=ORIENTED_EDGE('',*,*,#2341,.T.);
#3160=ORIENTED_EDGE('',*,*,#2354,.T.);
#3161=ORIENTED_EDGE('',*,*,#2342,.T.);
#3162=ORIENTED_EDGE('',*,*,#2353,.F.);
#3163=ORIENTED_EDGE('',*,*,#2355,.T.);
#3164=ORIENTED_EDGE('',*,*,#2354,.F.);
#3165=ORIENTED_EDGE('',*,*,#2356,.T.);
#3166=ORIENTED_EDGE('',*,*,#2346,.F.);
#3167=ORIENTED_EDGE('',*,*,#2343,.T.);
#3168=ORIENTED_EDGE('',*,*,#2153,.F.);
#3169=ORIENTED_EDGE('',*,*,#2161,.T.);
#3170=ORIENTED_EDGE('',*,*,#2348,.F.);
#3171=ORIENTED_EDGE('',*,*,#2357,.T.);
#3172=ORIENTED_EDGE('',*,*,#2151,.F.);
#3173=ORIENTED_EDGE('',*,*,#2357,.F.);
#3174=ORIENTED_EDGE('',*,*,#2347,.F.);
#3175=ORIENTED_EDGE('',*,*,#2358,.F.);
#3176=ORIENTED_EDGE('',*,*,#2344,.T.);
#3177=ORIENTED_EDGE('',*,*,#2359,.T.);
#3178=ORIENTED_EDGE('',*,*,#2140,.T.);
#3179=ORIENTED_EDGE('',*,*,#2141,.T.);
#3180=ORIENTED_EDGE('',*,*,#2359,.F.);
#3181=ORIENTED_EDGE('',*,*,#2360,.T.);
#3182=ORIENTED_EDGE('',*,*,#2361,.T.);
#3183=ORIENTED_EDGE('',*,*,#2362,.T.);
#3184=ORIENTED_EDGE('',*,*,#2315,.T.);
#3185=ORIENTED_EDGE('',*,*,#2212,.F.);
#3186=ORIENTED_EDGE('',*,*,#2362,.F.);
#3187=ORIENTED_EDGE('',*,*,#2363,.T.);
#3188=ORIENTED_EDGE('',*,*,#2364,.T.);
#3189=ORIENTED_EDGE('',*,*,#2316,.T.);
#3190=ORIENTED_EDGE('',*,*,#2365,.T.);
#3191=ORIENTED_EDGE('',*,*,#2317,.T.);
#3192=ORIENTED_EDGE('',*,*,#2364,.F.);
#3193=ORIENTED_EDGE('',*,*,#2055,.T.);
#3194=ORIENTED_EDGE('',*,*,#2365,.F.);
#3195=ORIENTED_EDGE('',*,*,#2061,.T.);
#3196=ORIENTED_EDGE('',*,*,#2366,.T.);
#3197=ORIENTED_EDGE('',*,*,#2318,.T.);
#3198=ORIENTED_EDGE('',*,*,#2367,.T.);
#3199=ORIENTED_EDGE('',*,*,#2319,.T.);
#3200=ORIENTED_EDGE('',*,*,#2366,.F.);
#3201=ORIENTED_EDGE('',*,*,#2063,.T.);
#3202=ORIENTED_EDGE('',*,*,#2367,.F.);
#3203=ORIENTED_EDGE('',*,*,#2065,.T.);
#3204=ORIENTED_EDGE('',*,*,#2368,.T.);
#3205=ORIENTED_EDGE('',*,*,#2320,.T.);
#3206=ORIENTED_EDGE('',*,*,#2369,.T.);
#3207=ORIENTED_EDGE('',*,*,#2321,.T.);
#3208=ORIENTED_EDGE('',*,*,#2368,.F.);
#3209=ORIENTED_EDGE('',*,*,#2069,.T.);
#3210=ORIENTED_EDGE('',*,*,#2369,.F.);
#3211=ORIENTED_EDGE('',*,*,#2370,.T.);
#3212=ORIENTED_EDGE('',*,*,#2371,.T.);
#3213=ORIENTED_EDGE('',*,*,#2322,.T.);
#3214=ORIENTED_EDGE('',*,*,#2372,.T.);
#3215=ORIENTED_EDGE('',*,*,#2323,.T.);
#3216=ORIENTED_EDGE('',*,*,#2371,.F.);
#3217=ORIENTED_EDGE('',*,*,#2373,.T.);
#3218=ORIENTED_EDGE('',*,*,#2372,.F.);
#3219=ORIENTED_EDGE('',*,*,#2374,.T.);
#3220=ORIENTED_EDGE('',*,*,#2375,.T.);
#3221=ORIENTED_EDGE('',*,*,#2324,.T.);
#3222=ORIENTED_EDGE('',*,*,#2376,.T.);
#3223=ORIENTED_EDGE('',*,*,#2325,.T.);
#3224=ORIENTED_EDGE('',*,*,#2375,.F.);
#3225=ORIENTED_EDGE('',*,*,#2377,.T.);
#3226=ORIENTED_EDGE('',*,*,#2376,.F.);
#3227=ORIENTED_EDGE('',*,*,#2378,.T.);
#3228=ORIENTED_EDGE('',*,*,#2379,.T.);
#3229=ORIENTED_EDGE('',*,*,#2326,.T.);
#3230=ORIENTED_EDGE('',*,*,#2380,.T.);
#3231=ORIENTED_EDGE('',*,*,#2327,.T.);
#3232=ORIENTED_EDGE('',*,*,#2379,.F.);
#3233=ORIENTED_EDGE('',*,*,#2381,.T.);
#3234=ORIENTED_EDGE('',*,*,#2380,.F.);
#3235=ORIENTED_EDGE('',*,*,#2382,.T.);
#3236=ORIENTED_EDGE('',*,*,#2383,.T.);
#3237=ORIENTED_EDGE('',*,*,#2328,.T.);
#3238=ORIENTED_EDGE('',*,*,#2384,.T.);
#3239=ORIENTED_EDGE('',*,*,#2329,.T.);
#3240=ORIENTED_EDGE('',*,*,#2383,.F.);
#3241=ORIENTED_EDGE('',*,*,#2385,.T.);
#3242=ORIENTED_EDGE('',*,*,#2384,.F.);
#3243=ORIENTED_EDGE('',*,*,#2386,.T.);
#3244=ORIENTED_EDGE('',*,*,#2387,.T.);
#3245=ORIENTED_EDGE('',*,*,#2330,.T.);
#3246=ORIENTED_EDGE('',*,*,#2388,.T.);
#3247=ORIENTED_EDGE('',*,*,#2331,.T.);
#3248=ORIENTED_EDGE('',*,*,#2387,.F.);
#3249=ORIENTED_EDGE('',*,*,#2389,.T.);
#3250=ORIENTED_EDGE('',*,*,#2388,.F.);
#3251=ORIENTED_EDGE('',*,*,#2390,.T.);
#3252=ORIENTED_EDGE('',*,*,#2391,.T.);
#3253=ORIENTED_EDGE('',*,*,#2332,.T.);
#3254=ORIENTED_EDGE('',*,*,#2392,.T.);
#3255=ORIENTED_EDGE('',*,*,#2333,.T.);
#3256=ORIENTED_EDGE('',*,*,#2391,.F.);
#3257=ORIENTED_EDGE('',*,*,#2393,.T.);
#3258=ORIENTED_EDGE('',*,*,#2392,.F.);
#3259=ORIENTED_EDGE('',*,*,#2394,.T.);
#3260=ORIENTED_EDGE('',*,*,#2395,.T.);
#3261=ORIENTED_EDGE('',*,*,#2334,.T.);
#3262=ORIENTED_EDGE('',*,*,#2288,.T.);
#3263=ORIENTED_EDGE('',*,*,#2254,.F.);
#3264=ORIENTED_EDGE('',*,*,#2335,.T.);
#3265=ORIENTED_EDGE('',*,*,#2395,.F.);
#3266=ORIENTED_EDGE('',*,*,#2396,.T.);
#3267=ORIENTED_EDGE('',*,*,#2396,.F.);
#3268=ORIENTED_EDGE('',*,*,#2397,.F.);
#3269=ORIENTED_EDGE('',*,*,#2398,.F.);
#3270=ORIENTED_EDGE('',*,*,#2289,.F.);
#3271=ORIENTED_EDGE('',*,*,#2394,.F.);
#3272=ORIENTED_EDGE('',*,*,#2399,.T.);
#3273=ORIENTED_EDGE('',*,*,#2400,.T.);
#3274=ORIENTED_EDGE('',*,*,#2401,.F.);
#3275=ORIENTED_EDGE('',*,*,#2397,.T.);
#3276=ORIENTED_EDGE('',*,*,#2393,.F.);
#3277=ORIENTED_EDGE('',*,*,#2402,.F.);
#3278=ORIENTED_EDGE('',*,*,#2403,.F.);
#3279=ORIENTED_EDGE('',*,*,#2404,.F.);
#3280=ORIENTED_EDGE('',*,*,#2399,.F.);
#3281=ORIENTED_EDGE('',*,*,#2390,.F.);
#3282=ORIENTED_EDGE('',*,*,#2405,.T.);
#3283=ORIENTED_EDGE('',*,*,#2406,.T.);
#3284=ORIENTED_EDGE('',*,*,#2402,.T.);
#3285=ORIENTED_EDGE('',*,*,#2407,.F.);
#3286=ORIENTED_EDGE('',*,*,#2408,.F.);
#3287=ORIENTED_EDGE('',*,*,#2405,.F.);
#3288=ORIENTED_EDGE('',*,*,#2389,.F.);
#3289=ORIENTED_EDGE('',*,*,#2409,.F.);
#3290=ORIENTED_EDGE('',*,*,#2211,.F.);
#3291=ORIENTED_EDGE('',*,*,#2209,.F.);
#3292=ORIENTED_EDGE('',*,*,#2409,.T.);
#3293=ORIENTED_EDGE('',*,*,#2386,.F.);
#3294=ORIENTED_EDGE('',*,*,#2410,.T.);
#3295=ORIENTED_EDGE('',*,*,#2207,.F.);
#3296=ORIENTED_EDGE('',*,*,#2410,.F.);
#3297=ORIENTED_EDGE('',*,*,#2385,.F.);
#3298=ORIENTED_EDGE('',*,*,#2411,.F.);
#3299=ORIENTED_EDGE('',*,*,#2205,.F.);
#3300=ORIENTED_EDGE('',*,*,#2411,.T.);
#3301=ORIENTED_EDGE('',*,*,#2382,.F.);
#3302=ORIENTED_EDGE('',*,*,#2412,.T.);
#3303=ORIENTED_EDGE('',*,*,#2203,.F.);
#3304=ORIENTED_EDGE('',*,*,#2412,.F.);
#3305=ORIENTED_EDGE('',*,*,#2381,.F.);
#3306=ORIENTED_EDGE('',*,*,#2413,.F.);
#3307=ORIENTED_EDGE('',*,*,#2201,.F.);
#3308=ORIENTED_EDGE('',*,*,#2413,.T.);
#3309=ORIENTED_EDGE('',*,*,#2378,.F.);
#3310=ORIENTED_EDGE('',*,*,#2414,.T.);
#3311=ORIENTED_EDGE('',*,*,#2199,.F.);
#3312=ORIENTED_EDGE('',*,*,#2414,.F.);
#3313=ORIENTED_EDGE('',*,*,#2377,.F.);
#3314=ORIENTED_EDGE('',*,*,#2415,.F.);
#3315=ORIENTED_EDGE('',*,*,#2197,.F.);
#3316=ORIENTED_EDGE('',*,*,#2415,.T.);
#3317=ORIENTED_EDGE('',*,*,#2374,.F.);
#3318=ORIENTED_EDGE('',*,*,#2416,.T.);
#3319=ORIENTED_EDGE('',*,*,#2195,.F.);
#3320=ORIENTED_EDGE('',*,*,#2416,.F.);
#3321=ORIENTED_EDGE('',*,*,#2373,.F.);
#3322=ORIENTED_EDGE('',*,*,#2417,.F.);
#3323=ORIENTED_EDGE('',*,*,#2418,.T.);
#3324=ORIENTED_EDGE('',*,*,#2419,.F.);
#3325=ORIENTED_EDGE('',*,*,#2420,.F.);
#3326=ORIENTED_EDGE('',*,*,#2421,.F.);
#3327=ORIENTED_EDGE('',*,*,#2370,.F.);
#3328=ORIENTED_EDGE('',*,*,#2068,.T.);
#3329=ORIENTED_EDGE('',*,*,#2422,.T.);
#3330=ORIENTED_EDGE('',*,*,#2417,.T.);
#3331=ORIENTED_EDGE('',*,*,#2363,.F.);
#3332=ORIENTED_EDGE('',*,*,#2423,.T.);
#3333=ORIENTED_EDGE('',*,*,#2424,.T.);
#3334=ORIENTED_EDGE('',*,*,#2056,.T.);
#3335=ORIENTED_EDGE('',*,*,#2361,.F.);
#3336=ORIENTED_EDGE('',*,*,#2425,.F.);
#3337=ORIENTED_EDGE('',*,*,#2426,.F.);
#3338=ORIENTED_EDGE('',*,*,#2423,.F.);
#3339=ORIENTED_EDGE('',*,*,#2427,.F.);
#3340=ORIENTED_EDGE('',*,*,#2428,.F.);
#3341=ORIENTED_EDGE('',*,*,#2429,.T.);
#3342=ORIENTED_EDGE('',*,*,#2430,.F.);
#3343=ORIENTED_EDGE('',*,*,#2431,.F.);
#3344=ORIENTED_EDGE('',*,*,#2432,.F.);
#3345=ORIENTED_EDGE('',*,*,#2433,.T.);
#3346=ORIENTED_EDGE('',*,*,#2434,.F.);
#3347=ORIENTED_EDGE('',*,*,#2427,.T.);
#3348=ORIENTED_EDGE('',*,*,#2434,.T.);
#3349=ORIENTED_EDGE('',*,*,#2435,.T.);
#3350=ORIENTED_EDGE('',*,*,#2436,.T.);
#3351=ORIENTED_EDGE('',*,*,#2437,.F.);
#3352=ORIENTED_EDGE('',*,*,#2436,.F.);
#3353=ORIENTED_EDGE('',*,*,#2438,.T.);
#3354=ORIENTED_EDGE('',*,*,#2439,.F.);
#3355=ORIENTED_EDGE('',*,*,#2433,.F.);
#3356=ORIENTED_EDGE('',*,*,#2440,.F.);
#3357=ORIENTED_EDGE('',*,*,#2441,.F.);
#3358=ORIENTED_EDGE('',*,*,#2442,.F.);
#3359=ORIENTED_EDGE('',*,*,#2443,.F.);
#3360=ORIENTED_EDGE('',*,*,#2444,.T.);
#3361=ORIENTED_EDGE('',*,*,#2445,.F.);
#3362=ORIENTED_EDGE('',*,*,#2446,.T.);
#3363=ORIENTED_EDGE('',*,*,#2438,.F.);
#3364=ORIENTED_EDGE('',*,*,#2435,.F.);
#3365=ORIENTED_EDGE('',*,*,#2447,.T.);
#3366=ORIENTED_EDGE('',*,*,#2448,.T.);
#3367=ORIENTED_EDGE('',*,*,#2449,.T.);
#3368=ORIENTED_EDGE('',*,*,#2450,.T.);
#3369=ORIENTED_EDGE('',*,*,#2451,.T.);
#3370=ORIENTED_EDGE('',*,*,#2449,.F.);
#3371=ORIENTED_EDGE('',*,*,#2452,.T.);
#3372=ORIENTED_EDGE('',*,*,#2453,.T.);
#3373=ORIENTED_EDGE('',*,*,#2454,.T.);
#3374=ORIENTED_EDGE('',*,*,#2453,.F.);
#3375=ORIENTED_EDGE('',*,*,#2455,.T.);
#3376=ORIENTED_EDGE('',*,*,#2456,.T.);
#3377=ORIENTED_EDGE('',*,*,#2457,.T.);
#3378=ORIENTED_EDGE('',*,*,#2040,.T.);
#3379=ORIENTED_EDGE('',*,*,#2458,.T.);
#3380=ORIENTED_EDGE('',*,*,#2456,.F.);
#3381=ORIENTED_EDGE('',*,*,#2459,.T.);
#3382=ORIENTED_EDGE('',*,*,#2447,.F.);
#3383=ORIENTED_EDGE('',*,*,#2460,.T.);
#3384=ORIENTED_EDGE('',*,*,#2459,.F.);
#3385=ORIENTED_EDGE('',*,*,#2461,.F.);
#3386=ORIENTED_EDGE('',*,*,#2462,.F.);
#3387=ORIENTED_EDGE('',*,*,#2418,.F.);
#3388=ORIENTED_EDGE('',*,*,#2422,.F.);
#3389=ORIENTED_EDGE('',*,*,#2067,.F.);
#3390=ORIENTED_EDGE('',*,*,#2463,.F.);
#3391=ORIENTED_EDGE('',*,*,#2464,.F.);
#3392=ORIENTED_EDGE('',*,*,#2428,.T.);
#3393=ORIENTED_EDGE('',*,*,#2439,.T.);
#3394=ORIENTED_EDGE('',*,*,#2446,.F.);
#3395=ORIENTED_EDGE('',*,*,#2465,.T.);
#3396=ORIENTED_EDGE('',*,*,#2466,.T.);
#3397=ORIENTED_EDGE('',*,*,#2460,.F.);
#3398=ORIENTED_EDGE('',*,*,#2450,.F.);
#3399=ORIENTED_EDGE('',*,*,#2451,.F.);
#3400=ORIENTED_EDGE('',*,*,#2454,.F.);
#3401=ORIENTED_EDGE('',*,*,#2467,.F.);
#3402=ORIENTED_EDGE('',*,*,#2468,.F.);
#3403=ORIENTED_EDGE('',*,*,#2461,.T.);
#3404=ORIENTED_EDGE('',*,*,#2458,.F.);
#3405=ORIENTED_EDGE('',*,*,#2039,.T.);
#3406=ORIENTED_EDGE('',*,*,#2070,.F.);
#3407=ORIENTED_EDGE('',*,*,#2469,.F.);
#3408=ORIENTED_EDGE('',*,*,#2470,.T.);
#3409=ORIENTED_EDGE('',*,*,#2471,.F.);
#3410=ORIENTED_EDGE('',*,*,#2467,.T.);
#3411=ORIENTED_EDGE('',*,*,#2021,.F.);
#3412=ORIENTED_EDGE('',*,*,#2472,.T.);
#3413=ORIENTED_EDGE('',*,*,#2473,.F.);
#3414=ORIENTED_EDGE('',*,*,#2474,.T.);
#3415=ORIENTED_EDGE('',*,*,#2019,.F.);
#3416=ORIENTED_EDGE('',*,*,#2474,.F.);
#3417=ORIENTED_EDGE('',*,*,#2475,.F.);
#3418=ORIENTED_EDGE('',*,*,#2476,.F.);
#3419=ORIENTED_EDGE('',*,*,#2010,.F.);
#3420=ORIENTED_EDGE('',*,*,#2477,.T.);
#3421=ORIENTED_EDGE('',*,*,#2478,.F.);
#3422=ORIENTED_EDGE('',*,*,#2479,.T.);
#3423=ORIENTED_EDGE('',*,*,#2430,.T.);
#3424=ORIENTED_EDGE('',*,*,#2480,.T.);
#3425=ORIENTED_EDGE('',*,*,#2478,.T.);
#3426=ORIENTED_EDGE('',*,*,#2481,.T.);
#3427=ORIENTED_EDGE('',*,*,#2482,.T.);
#3428=ORIENTED_EDGE('',*,*,#2475,.T.);
#3429=ORIENTED_EDGE('',*,*,#2473,.T.);
#3430=ORIENTED_EDGE('',*,*,#2483,.T.);
#3431=ORIENTED_EDGE('',*,*,#2484,.T.);
#3432=ORIENTED_EDGE('',*,*,#2442,.T.);
#3433=ORIENTED_EDGE('',*,*,#2485,.T.);
#3434=ORIENTED_EDGE('',*,*,#2486,.T.);
#3435=ORIENTED_EDGE('',*,*,#2013,.F.);
#3436=ORIENTED_EDGE('',*,*,#2487,.F.);
#3437=ORIENTED_EDGE('',*,*,#2481,.F.);
#3438=ORIENTED_EDGE('',*,*,#2477,.F.);
#3439=ORIENTED_EDGE('',*,*,#2015,.F.);
#3440=ORIENTED_EDGE('',*,*,#2476,.T.);
#3441=ORIENTED_EDGE('',*,*,#2482,.F.);
#3442=ORIENTED_EDGE('',*,*,#2487,.T.);
#3443=ORIENTED_EDGE('',*,*,#2463,.T.);
#3444=ORIENTED_EDGE('',*,*,#2066,.T.);
#3445=ORIENTED_EDGE('',*,*,#2042,.F.);
#3446=ORIENTED_EDGE('',*,*,#2027,.T.);
#3447=ORIENTED_EDGE('',*,*,#2488,.T.);
#3448=ORIENTED_EDGE('',*,*,#2419,.T.);
#3449=ORIENTED_EDGE('',*,*,#2462,.T.);
#3450=ORIENTED_EDGE('',*,*,#2468,.T.);
#3451=ORIENTED_EDGE('',*,*,#2471,.T.);
#3452=ORIENTED_EDGE('',*,*,#2489,.T.);
#3453=ORIENTED_EDGE('',*,*,#2110,.T.);
#3454=ORIENTED_EDGE('',*,*,#2193,.F.);
#3455=ORIENTED_EDGE('',*,*,#2421,.T.);
#3456=ORIENTED_EDGE('',*,*,#2490,.T.);
#3457=ORIENTED_EDGE('',*,*,#2089,.T.);
#3458=ORIENTED_EDGE('',*,*,#2491,.T.);
#3459=ORIENTED_EDGE('',*,*,#2492,.T.);
#3460=ORIENTED_EDGE('',*,*,#2490,.F.);
#3461=ORIENTED_EDGE('',*,*,#2470,.F.);
#3462=ORIENTED_EDGE('',*,*,#2491,.F.);
#3463=ORIENTED_EDGE('',*,*,#2420,.T.);
#3464=ORIENTED_EDGE('',*,*,#2489,.F.);
#3465=ORIENTED_EDGE('',*,*,#2149,.F.);
#3466=ORIENTED_EDGE('',*,*,#2358,.T.);
#3467=ORIENTED_EDGE('',*,*,#2356,.F.);
#3468=ORIENTED_EDGE('',*,*,#2493,.T.);
#3469=ORIENTED_EDGE('',*,*,#2147,.F.);
#3470=ORIENTED_EDGE('',*,*,#2493,.F.);
#3471=ORIENTED_EDGE('',*,*,#2355,.F.);
#3472=ORIENTED_EDGE('',*,*,#2166,.F.);
#3473=ORIENTED_EDGE('',*,*,#2174,.F.);
#3474=ORIENTED_EDGE('',*,*,#2494,.T.);
#3475=ORIENTED_EDGE('',*,*,#2307,.F.);
#3476=ORIENTED_EDGE('',*,*,#2495,.T.);
#3477=ORIENTED_EDGE('',*,*,#2172,.F.);
#3478=ORIENTED_EDGE('',*,*,#2495,.F.);
#3479=ORIENTED_EDGE('',*,*,#2306,.F.);
#3480=ORIENTED_EDGE('',*,*,#2191,.F.);
#3481=ORIENTED_EDGE('',*,*,#2178,.F.);
#3482=ORIENTED_EDGE('',*,*,#2186,.T.);
#3483=ORIENTED_EDGE('',*,*,#2313,.F.);
#3484=ORIENTED_EDGE('',*,*,#2496,.T.);
#3485=ORIENTED_EDGE('',*,*,#2176,.F.);
#3486=ORIENTED_EDGE('',*,*,#2496,.F.);
#3487=ORIENTED_EDGE('',*,*,#2312,.F.);
#3488=ORIENTED_EDGE('',*,*,#2494,.F.);
#3489=ORIENTED_EDGE('',*,*,#2492,.F.);
#3490=ORIENTED_EDGE('',*,*,#2469,.T.);
#3491=ORIENTED_EDGE('',*,*,#2073,.F.);
#3492=ORIENTED_EDGE('',*,*,#2086,.F.);
#3493=ORIENTED_EDGE('',*,*,#2497,.T.);
#3494=ORIENTED_EDGE('',*,*,#2498,.T.);
#3495=ORIENTED_EDGE('',*,*,#2499,.T.);
#3496=ORIENTED_EDGE('',*,*,#2500,.T.);
#3497=ORIENTED_EDGE('',*,*,#2501,.T.);
#3498=ORIENTED_EDGE('',*,*,#2502,.T.);
#3499=ORIENTED_EDGE('',*,*,#2503,.T.);
#3500=ORIENTED_EDGE('',*,*,#2504,.T.);
#3501=ORIENTED_EDGE('',*,*,#2505,.T.);
#3502=ORIENTED_EDGE('',*,*,#2506,.T.);
#3503=ORIENTED_EDGE('',*,*,#2507,.T.);
#3504=ORIENTED_EDGE('',*,*,#2508,.T.);
#3505=ORIENTED_EDGE('',*,*,#2503,.F.);
#3506=ORIENTED_EDGE('',*,*,#2498,.F.);
#3507=ORIENTED_EDGE('',*,*,#2509,.T.);
#3508=ORIENTED_EDGE('',*,*,#2510,.T.);
#3509=ORIENTED_EDGE('',*,*,#2497,.F.);
#3510=ORIENTED_EDGE('',*,*,#2504,.F.);
#3511=ORIENTED_EDGE('',*,*,#2508,.F.);
#3512=ORIENTED_EDGE('',*,*,#2511,.T.);
#3513=ORIENTED_EDGE('',*,*,#2512,.F.);
#3514=ORIENTED_EDGE('',*,*,#2513,.F.);
#3515=ORIENTED_EDGE('',*,*,#2514,.T.);
#3516=ORIENTED_EDGE('',*,*,#2117,.F.);
#3517=ORIENTED_EDGE('',*,*,#2515,.T.);
#3518=ORIENTED_EDGE('',*,*,#2516,.F.);
#3519=ORIENTED_EDGE('',*,*,#2517,.T.);
#3520=ORIENTED_EDGE('',*,*,#2518,.F.);
#3521=ORIENTED_EDGE('',*,*,#2509,.F.);
#3522=ORIENTED_EDGE('',*,*,#2507,.F.);
#3523=ORIENTED_EDGE('',*,*,#2519,.F.);
#3524=ORIENTED_EDGE('',*,*,#2511,.F.);
#3525=ORIENTED_EDGE('',*,*,#2520,.T.);
#3526=ORIENTED_EDGE('',*,*,#2521,.T.);
#3527=ORIENTED_EDGE('',*,*,#2290,.T.);
#3528=ORIENTED_EDGE('',*,*,#2398,.T.);
#3529=ORIENTED_EDGE('',*,*,#2401,.T.);
#3530=ORIENTED_EDGE('',*,*,#2522,.T.);
#3531=ORIENTED_EDGE('',*,*,#2500,.F.);
#3532=ORIENTED_EDGE('',*,*,#2523,.F.);
#3533=ORIENTED_EDGE('',*,*,#2524,.F.);
#3534=ORIENTED_EDGE('',*,*,#2525,.F.);
#3535=ORIENTED_EDGE('',*,*,#2291,.F.);
#3536=ORIENTED_EDGE('',*,*,#2521,.F.);
#3537=ORIENTED_EDGE('',*,*,#2526,.T.);
#3538=ORIENTED_EDGE('',*,*,#2501,.F.);
#3539=ORIENTED_EDGE('',*,*,#2526,.F.);
#3540=ORIENTED_EDGE('',*,*,#2520,.F.);
#3541=ORIENTED_EDGE('',*,*,#2527,.T.);
#3542=ORIENTED_EDGE('',*,*,#2502,.F.);
#3543=ORIENTED_EDGE('',*,*,#2527,.F.);
#3544=ORIENTED_EDGE('',*,*,#2522,.F.);
#3545=ORIENTED_EDGE('',*,*,#2400,.F.);
#3546=ORIENTED_EDGE('',*,*,#2404,.T.);
#3547=ORIENTED_EDGE('',*,*,#2505,.F.);
#3548=ORIENTED_EDGE('',*,*,#2528,.T.);
#3549=ORIENTED_EDGE('',*,*,#2529,.T.);
#3550=ORIENTED_EDGE('',*,*,#2525,.T.);
#3551=ORIENTED_EDGE('',*,*,#2530,.T.);
#3552=ORIENTED_EDGE('',*,*,#2516,.T.);
#3553=ORIENTED_EDGE('',*,*,#2524,.T.);
#3554=ORIENTED_EDGE('',*,*,#2531,.T.);
#3555=ORIENTED_EDGE('',*,*,#2518,.T.);
#3556=ORIENTED_EDGE('',*,*,#2517,.F.);
#3557=ORIENTED_EDGE('',*,*,#2530,.F.);
#3558=ORIENTED_EDGE('',*,*,#2499,.F.);
#3559=ORIENTED_EDGE('',*,*,#2510,.F.);
#3560=ORIENTED_EDGE('',*,*,#2531,.F.);
#3561=ORIENTED_EDGE('',*,*,#2523,.T.);
#3562=ORIENTED_EDGE('',*,*,#2448,.F.);
#3563=ORIENTED_EDGE('',*,*,#2466,.F.);
#3564=ORIENTED_EDGE('',*,*,#2532,.F.);
#3565=ORIENTED_EDGE('',*,*,#2533,.T.);
#3566=ORIENTED_EDGE('',*,*,#2452,.F.);
#3567=ORIENTED_EDGE('',*,*,#2533,.F.);
#3568=ORIENTED_EDGE('',*,*,#2534,.F.);
#3569=ORIENTED_EDGE('',*,*,#2535,.T.);
#3570=ORIENTED_EDGE('',*,*,#2455,.F.);
#3571=ORIENTED_EDGE('',*,*,#2535,.F.);
#3572=ORIENTED_EDGE('',*,*,#2536,.F.);
#3573=ORIENTED_EDGE('',*,*,#2444,.F.);
#3574=ORIENTED_EDGE('',*,*,#2537,.F.);
#3575=ORIENTED_EDGE('',*,*,#2023,.F.);
#3576=ORIENTED_EDGE('',*,*,#2041,.T.);
#3577=ORIENTED_EDGE('',*,*,#2457,.F.);
#3578=ORIENTED_EDGE('',*,*,#2537,.T.);
#3579=ORIENTED_EDGE('',*,*,#2538,.F.);
#3580=ORIENTED_EDGE('',*,*,#2483,.F.);
#3581=ORIENTED_EDGE('',*,*,#2472,.F.);
#3582=ORIENTED_EDGE('',*,*,#2024,.F.);
#3583=ORIENTED_EDGE('',*,*,#2432,.T.);
#3584=ORIENTED_EDGE('',*,*,#2539,.T.);
#3585=ORIENTED_EDGE('',*,*,#2485,.F.);
#3586=ORIENTED_EDGE('',*,*,#2441,.T.);
#3587=ORIENTED_EDGE('',*,*,#2540,.T.);
#3588=ORIENTED_EDGE('',*,*,#2541,.F.);
#3589=ORIENTED_EDGE('',*,*,#2540,.F.);
#3590=ORIENTED_EDGE('',*,*,#2440,.T.);
#3591=ORIENTED_EDGE('',*,*,#2429,.F.);
#3592=ORIENTED_EDGE('',*,*,#2464,.T.);
#3593=ORIENTED_EDGE('',*,*,#2488,.F.);
#3594=ORIENTED_EDGE('',*,*,#2026,.F.);
#3595=ORIENTED_EDGE('',*,*,#2007,.F.);
#3596=ORIENTED_EDGE('',*,*,#2479,.F.);
#3597=ORIENTED_EDGE('',*,*,#2480,.F.);
#3598=ORIENTED_EDGE('',*,*,#2534,.T.);
#3599=ORIENTED_EDGE('',*,*,#2542,.F.);
#3600=ORIENTED_EDGE('',*,*,#2536,.T.);
#3601=ORIENTED_EDGE('',*,*,#2431,.T.);
#3602=ORIENTED_EDGE('',*,*,#2486,.F.);
#3603=ORIENTED_EDGE('',*,*,#2539,.F.);
#3604=ORIENTED_EDGE('',*,*,#2484,.F.);
#3605=ORIENTED_EDGE('',*,*,#2538,.T.);
#3606=ORIENTED_EDGE('',*,*,#2543,.T.);
#3607=ORIENTED_EDGE('',*,*,#2544,.F.);
#3608=ORIENTED_EDGE('',*,*,#2543,.F.);
#3609=ORIENTED_EDGE('',*,*,#2443,.T.);
#3610=ORIENTED_EDGE('',*,*,#2465,.F.);
#3611=ORIENTED_EDGE('',*,*,#2445,.T.);
#3612=ORIENTED_EDGE('',*,*,#2545,.T.);
#3613=ORIENTED_EDGE('',*,*,#2546,.F.);
#3614=ORIENTED_EDGE('',*,*,#2545,.F.);
#3615=ORIENTED_EDGE('',*,*,#2542,.T.);
#3616=ORIENTED_EDGE('',*,*,#2532,.T.);
#3617=ORIENTED_EDGE('',*,*,#2544,.T.);
#3618=ORIENTED_EDGE('',*,*,#2546,.T.);
#3619=ORIENTED_EDGE('',*,*,#2541,.T.);
#3620=ORIENTED_EDGE('',*,*,#2437,.T.);
#3621=ORIENTED_EDGE('',*,*,#2547,.T.);
#3622=ORIENTED_EDGE('',*,*,#2548,.T.);
#3623=ORIENTED_EDGE('',*,*,#2122,.T.);
#3624=ORIENTED_EDGE('',*,*,#2549,.T.);
#3625=ORIENTED_EDGE('',*,*,#2549,.F.);
#3626=ORIENTED_EDGE('',*,*,#2121,.F.);
#3627=ORIENTED_EDGE('',*,*,#2550,.F.);
#3628=ORIENTED_EDGE('',*,*,#2551,.F.);
#3629=ORIENTED_EDGE('',*,*,#2552,.T.);
#3630=ORIENTED_EDGE('',*,*,#2407,.T.);
#3631=ORIENTED_EDGE('',*,*,#2210,.F.);
#3632=ORIENTED_EDGE('',*,*,#2553,.T.);
#3633=ORIENTED_EDGE('',*,*,#2548,.F.);
#3634=ORIENTED_EDGE('',*,*,#2554,.F.);
#3635=ORIENTED_EDGE('',*,*,#2553,.F.);
#3636=ORIENTED_EDGE('',*,*,#2123,.F.);
#3637=ORIENTED_EDGE('',*,*,#2283,.F.);
#3638=ORIENTED_EDGE('',*,*,#2285,.T.);
#3639=ORIENTED_EDGE('',*,*,#2287,.F.);
#3640=ORIENTED_EDGE('',*,*,#2294,.T.);
#3641=ORIENTED_EDGE('',*,*,#2555,.F.);
#3642=ORIENTED_EDGE('',*,*,#2556,.T.);
#3643=ORIENTED_EDGE('',*,*,#2557,.F.);
#3644=ORIENTED_EDGE('',*,*,#2057,.T.);
#3645=ORIENTED_EDGE('',*,*,#2424,.F.);
#3646=ORIENTED_EDGE('',*,*,#2426,.T.);
#3647=ORIENTED_EDGE('',*,*,#2558,.T.);
#3648=ORIENTED_EDGE('',*,*,#2260,.T.);
#3649=ORIENTED_EDGE('',*,*,#2263,.T.);
#3650=ORIENTED_EDGE('',*,*,#2265,.T.);
#3651=ORIENTED_EDGE('',*,*,#2267,.T.);
#3652=ORIENTED_EDGE('',*,*,#2269,.T.);
#3653=ORIENTED_EDGE('',*,*,#2271,.F.);
#3654=ORIENTED_EDGE('',*,*,#2273,.T.);
#3655=ORIENTED_EDGE('',*,*,#2275,.F.);
#3656=ORIENTED_EDGE('',*,*,#2277,.T.);
#3657=ORIENTED_EDGE('',*,*,#2279,.T.);
#3658=ORIENTED_EDGE('',*,*,#2281,.T.);
#3659=ORIENTED_EDGE('',*,*,#2120,.F.);
#3660=ORIENTED_EDGE('',*,*,#2559,.T.);
#3661=ORIENTED_EDGE('',*,*,#2560,.T.);
#3662=ORIENTED_EDGE('',*,*,#2550,.T.);
#3663=ORIENTED_EDGE('',*,*,#2559,.F.);
#3664=ORIENTED_EDGE('',*,*,#2119,.F.);
#3665=ORIENTED_EDGE('',*,*,#2561,.T.);
#3666=ORIENTED_EDGE('',*,*,#2513,.T.);
#3667=ORIENTED_EDGE('',*,*,#2562,.F.);
#3668=ORIENTED_EDGE('',*,*,#2082,.F.);
#3669=ORIENTED_EDGE('',*,*,#2563,.T.);
#3670=ORIENTED_EDGE('',*,*,#2111,.F.);
#3671=ORIENTED_EDGE('',*,*,#2096,.T.);
#3672=ORIENTED_EDGE('',*,*,#2058,.T.);
#3673=ORIENTED_EDGE('',*,*,#2557,.T.);
#3674=ORIENTED_EDGE('',*,*,#2564,.T.);
#3675=ORIENTED_EDGE('',*,*,#2565,.T.);
#3676=ORIENTED_EDGE('',*,*,#2566,.T.);
#3677=ORIENTED_EDGE('',*,*,#2051,.F.);
#3678=ORIENTED_EDGE('',*,*,#2053,.T.);
#3679=ORIENTED_EDGE('',*,*,#2567,.T.);
#3680=ORIENTED_EDGE('',*,*,#2568,.T.);
#3681=ORIENTED_EDGE('',*,*,#2567,.F.);
#3682=ORIENTED_EDGE('',*,*,#2059,.T.);
#3683=ORIENTED_EDGE('',*,*,#2565,.F.);
#3684=ORIENTED_EDGE('',*,*,#2569,.T.);
#3685=ORIENTED_EDGE('',*,*,#2570,.T.);
#3686=ORIENTED_EDGE('',*,*,#2571,.F.);
#3687=ORIENTED_EDGE('',*,*,#2083,.T.);
#3688=ORIENTED_EDGE('',*,*,#2566,.F.);
#3689=ORIENTED_EDGE('',*,*,#2572,.F.);
#3690=ORIENTED_EDGE('',*,*,#2569,.F.);
#3691=ORIENTED_EDGE('',*,*,#2033,.F.);
#3692=ORIENTED_EDGE('',*,*,#2573,.F.);
#3693=ORIENTED_EDGE('',*,*,#2574,.T.);
#3694=ORIENTED_EDGE('',*,*,#2113,.F.);
#3695=ORIENTED_EDGE('',*,*,#2575,.T.);
#3696=ORIENTED_EDGE('',*,*,#2528,.F.);
#3697=ORIENTED_EDGE('',*,*,#2515,.F.);
#3698=ORIENTED_EDGE('',*,*,#2116,.F.);
#3699=ORIENTED_EDGE('',*,*,#2576,.F.);
#3700=ORIENTED_EDGE('',*,*,#2577,.F.);
#3701=ORIENTED_EDGE('',*,*,#2114,.F.);
#3702=ORIENTED_EDGE('',*,*,#2574,.F.);
#3703=ORIENTED_EDGE('',*,*,#2578,.F.);
#3704=ORIENTED_EDGE('',*,*,#2579,.F.);
#3705=ORIENTED_EDGE('',*,*,#2580,.F.);
#3706=ORIENTED_EDGE('',*,*,#2581,.F.);
#3707=ORIENTED_EDGE('',*,*,#2582,.F.);
#3708=ORIENTED_EDGE('',*,*,#2583,.T.);
#3709=ORIENTED_EDGE('',*,*,#2584,.T.);
#3710=ORIENTED_EDGE('',*,*,#2555,.T.);
#3711=ORIENTED_EDGE('',*,*,#2293,.T.);
#3712=ORIENTED_EDGE('',*,*,#2585,.T.);
#3713=ORIENTED_EDGE('',*,*,#2292,.T.);
#3714=ORIENTED_EDGE('',*,*,#2529,.F.);
#3715=ORIENTED_EDGE('',*,*,#2582,.T.);
#3716=ORIENTED_EDGE('',*,*,#2585,.F.);
#3717=ORIENTED_EDGE('',*,*,#2564,.F.);
#3718=ORIENTED_EDGE('',*,*,#2556,.F.);
#3719=ORIENTED_EDGE('',*,*,#2584,.F.);
#3720=ORIENTED_EDGE('',*,*,#2586,.F.);
#3721=ORIENTED_EDGE('',*,*,#2568,.F.);
#3722=ORIENTED_EDGE('',*,*,#2586,.T.);
#3723=ORIENTED_EDGE('',*,*,#2583,.F.);
#3724=ORIENTED_EDGE('',*,*,#2581,.T.);
#3725=ORIENTED_EDGE('',*,*,#2587,.T.);
#3726=ORIENTED_EDGE('',*,*,#2578,.T.);
#3727=ORIENTED_EDGE('',*,*,#2573,.T.);
#3728=ORIENTED_EDGE('',*,*,#2588,.F.);
#3729=ORIENTED_EDGE('',*,*,#2570,.F.);
#3730=ORIENTED_EDGE('',*,*,#2572,.T.);
#3731=ORIENTED_EDGE('',*,*,#2514,.F.);
#3732=ORIENTED_EDGE('',*,*,#2561,.F.);
#3733=ORIENTED_EDGE('',*,*,#2118,.F.);
#3734=ORIENTED_EDGE('',*,*,#2587,.F.);
#3735=ORIENTED_EDGE('',*,*,#2580,.T.);
#3736=ORIENTED_EDGE('',*,*,#2589,.T.);
#3737=ORIENTED_EDGE('',*,*,#2590,.F.);
#3738=ORIENTED_EDGE('',*,*,#2589,.F.);
#3739=ORIENTED_EDGE('',*,*,#2579,.T.);
#3740=ORIENTED_EDGE('',*,*,#2115,.F.);
#3741=ORIENTED_EDGE('',*,*,#2577,.T.);
#3742=ORIENTED_EDGE('',*,*,#2591,.T.);
#3743=ORIENTED_EDGE('',*,*,#2592,.F.);
#3744=ORIENTED_EDGE('',*,*,#2591,.F.);
#3745=ORIENTED_EDGE('',*,*,#2576,.T.);
#3746=ORIENTED_EDGE('',*,*,#2590,.T.);
#3747=ORIENTED_EDGE('',*,*,#2592,.T.);
#3748=ORIENTED_EDGE('',*,*,#2215,.F.);
#3749=ORIENTED_EDGE('',*,*,#2261,.T.);
#3750=ORIENTED_EDGE('',*,*,#2558,.F.);
#3751=ORIENTED_EDGE('',*,*,#2425,.T.);
#3752=ORIENTED_EDGE('',*,*,#2360,.F.);
#3753=ORIENTED_EDGE('',*,*,#2571,.T.);
#3754=ORIENTED_EDGE('',*,*,#2588,.T.);
#3755=ORIENTED_EDGE('',*,*,#2575,.F.);
#3756=ORIENTED_EDGE('',*,*,#2112,.F.);
#3757=ORIENTED_EDGE('',*,*,#2563,.F.);
#3758=ORIENTED_EDGE('',*,*,#2084,.F.);
#3759=ORIENTED_EDGE('',*,*,#2547,.F.);
#3760=ORIENTED_EDGE('',*,*,#2551,.T.);
#3761=ORIENTED_EDGE('',*,*,#2560,.F.);
#3762=ORIENTED_EDGE('',*,*,#2562,.T.);
#3763=ORIENTED_EDGE('',*,*,#2512,.T.);
#3764=ORIENTED_EDGE('',*,*,#2519,.T.);
#3765=ORIENTED_EDGE('',*,*,#2506,.F.);
#3766=ORIENTED_EDGE('',*,*,#2403,.T.);
#3767=ORIENTED_EDGE('',*,*,#2406,.F.);
#3768=ORIENTED_EDGE('',*,*,#2408,.T.);
#3769=ORIENTED_EDGE('',*,*,#2552,.F.);
#3770=ORIENTED_EDGE('',*,*,#2554,.T.);
#3771=CYLINDRICAL_SURFACE('',#4087,2.75);
#3772=CYLINDRICAL_SURFACE('',#4119,1.);
#3773=CYLINDRICAL_SURFACE('',#4122,1.);
#3774=CYLINDRICAL_SURFACE('',#4138,1.);
#3775=CYLINDRICAL_SURFACE('',#4141,0.5);
#3776=CYLINDRICAL_SURFACE('',#4165,3.5);
#3777=CYLINDRICAL_SURFACE('',#4181,1.);
#3778=CYLINDRICAL_SURFACE('',#4184,1.);
#3779=CYLINDRICAL_SURFACE('',#4199,1.);
#3780=CYLINDRICAL_SURFACE('',#4202,1.);
#3781=CYLINDRICAL_SURFACE('',#4247,0.500000002620637);
#3782=CYLINDRICAL_SURFACE('',#4250,1.02132034309721);
#3783=CYLINDRICAL_SURFACE('',#4254,1.5);
#3784=CYLINDRICAL_SURFACE('',#4257,1.5);
#3785=CYLINDRICAL_SURFACE('',#4260,2.2);
#3786=CYLINDRICAL_SURFACE('',#4263,0.5);
#3787=CYLINDRICAL_SURFACE('',#4266,0.5);
#3788=CYLINDRICAL_SURFACE('',#4310,1.);
#3789=CYLINDRICAL_SURFACE('',#4343,1.);
#3790=CYLINDRICAL_SURFACE('',#4347,1.);
#3791=CYLINDRICAL_SURFACE('',#4350,1.);
#3792=CYLINDRICAL_SURFACE('',#4352,1.);
#3793=CYLINDRICAL_SURFACE('',#4354,1.);
#3794=CYLINDRICAL_SURFACE('',#4356,1.);
#3795=CYLINDRICAL_SURFACE('',#4358,1.);
#3796=CYLINDRICAL_SURFACE('',#4360,1.);
#3797=CYLINDRICAL_SURFACE('',#4363,1.);
#3798=CYLINDRICAL_SURFACE('',#4380,1.);
#3799=CYLINDRICAL_SURFACE('',#4382,1.);
#3800=CYLINDRICAL_SURFACE('',#4384,1.);
#3801=CYLINDRICAL_SURFACE('',#4393,1.);
#3802=CYLINDRICAL_SURFACE('',#4396,1.);
#3803=CYLINDRICAL_SURFACE('',#4401,1.);
#3804=CYLINDRICAL_SURFACE('',#4402,1.);
#3805=CYLINDRICAL_SURFACE('',#4403,1.);
#3806=CYLINDRICAL_SURFACE('',#4405,1.);
#3807=CYLINDRICAL_SURFACE('',#4410,1.);
#3808=CYLINDRICAL_SURFACE('',#4411,1.);
#3809=CYLINDRICAL_SURFACE('',#4413,1.);
#3810=CYLINDRICAL_SURFACE('',#4415,1.);
#3811=CYLINDRICAL_SURFACE('',#4417,1.);
#3812=CYLINDRICAL_SURFACE('',#4418,1.);
#3813=CYLINDRICAL_SURFACE('',#4428,1.);
#3814=CYLINDRICAL_SURFACE('',#4430,2.5);
#3815=CYLINDRICAL_SURFACE('',#4432,1.);
#3816=CYLINDRICAL_SURFACE('',#4435,2.58);
#3817=CYLINDRICAL_SURFACE('',#4456,0.5);
#3818=CYLINDRICAL_SURFACE('',#4459,0.5);
#3819=CYLINDRICAL_SURFACE('',#4465,0.5);
#3820=CYLINDRICAL_SURFACE('',#4468,0.5);
#3821=CYLINDRICAL_SURFACE('',#4469,0.5);
#3822=CYLINDRICAL_SURFACE('',#4471,0.5);
#3823=CYLINDRICAL_SURFACE('',#4473,0.5);
#3824=CYLINDRICAL_SURFACE('',#4474,0.5);
#3825=CYLINDRICAL_SURFACE('',#4477,1.);
#3826=CYLINDRICAL_SURFACE('',#4484,1.);
#3827=CYLINDRICAL_SURFACE('',#4487,1.);
#3828=ADVANCED_FACE('',(#255),#3771,.F.);
#3829=ADVANCED_FACE('',(#256),#201,.F.);
#3830=ADVANCED_FACE('',(#257),#71,.T.);
#3831=ADVANCED_FACE('',(#258),#202,.F.);
#3832=ADVANCED_FACE('',(#259),#72,.T.);
#3833=ADVANCED_FACE('',(#260),#203,.F.);
#3834=ADVANCED_FACE('',(#261),#73,.T.);
#3835=ADVANCED_FACE('',(#262),#74,.T.);
#3836=ADVANCED_FACE('',(#263),#75,.T.);
#3837=ADVANCED_FACE('',(#264),#204,.T.);
#3838=ADVANCED_FACE('',(#265),#76,.T.);
#3839=ADVANCED_FACE('',(#266),#205,.T.);
#3840=ADVANCED_FACE('',(#267),#77,.T.);
#3841=ADVANCED_FACE('',(#268),#78,.T.);
#3842=ADVANCED_FACE('',(#269),#3772,.T.);
#3843=ADVANCED_FACE('',(#270),#79,.T.);
#3844=ADVANCED_FACE('',(#271),#3773,.T.);
#3845=ADVANCED_FACE('',(#272),#80,.T.);
#3846=ADVANCED_FACE('',(#273),#81,.T.);
#3847=ADVANCED_FACE('',(#274),#206,.F.);
#3848=ADVANCED_FACE('',(#275),#82,.T.);
#3849=ADVANCED_FACE('',(#276),#83,.T.);
#3850=ADVANCED_FACE('',(#277),#207,.F.);
#3851=ADVANCED_FACE('',(#278),#84,.T.);
#3852=ADVANCED_FACE('',(#279),#208,.T.);
#3853=ADVANCED_FACE('',(#280),#85,.T.);
#3854=ADVANCED_FACE('',(#281),#3774,.F.);
#3855=ADVANCED_FACE('',(#282),#86,.T.);
#3856=ADVANCED_FACE('',(#283),#3775,.T.);
#3857=ADVANCED_FACE('',(#284),#87,.T.);
#3858=ADVANCED_FACE('',(#285),#209,.F.);
#3859=ADVANCED_FACE('',(#286,#40,#41,#42),#88,.T.);
#3860=ADVANCED_FACE('',(#287),#3776,.F.);
#3861=ADVANCED_FACE('',(#288),#210,.F.);
#3862=ADVANCED_FACE('',(#289),#89,.T.);
#3863=ADVANCED_FACE('',(#290),#211,.F.);
#3864=ADVANCED_FACE('',(#291),#90,.T.);
#3865=ADVANCED_FACE('',(#292),#212,.F.);
#3866=ADVANCED_FACE('',(#293),#91,.T.);
#3867=ADVANCED_FACE('',(#294),#213,.F.);
#3868=ADVANCED_FACE('',(#295),#92,.T.);
#3869=ADVANCED_FACE('',(#296),#93,.F.);
#3870=ADVANCED_FACE('',(#297),#3777,.F.);
#3871=ADVANCED_FACE('',(#298),#94,.F.);
#3872=ADVANCED_FACE('',(#299),#3778,.F.);
#3873=ADVANCED_FACE('',(#300),#214,.F.);
#3874=ADVANCED_FACE('',(#301),#95,.T.);
#3875=ADVANCED_FACE('',(#302),#215,.F.);
#3876=ADVANCED_FACE('',(#303),#96,.T.);
#3877=ADVANCED_FACE('',(#304),#216,.F.);
#3878=ADVANCED_FACE('',(#305),#97,.T.);
#3879=ADVANCED_FACE('',(#306),#217,.F.);
#3880=ADVANCED_FACE('',(#307),#98,.T.);
#3881=ADVANCED_FACE('',(#308),#99,.F.);
#3882=ADVANCED_FACE('',(#309),#3779,.F.);
#3883=ADVANCED_FACE('',(#310),#100,.F.);
#3884=ADVANCED_FACE('',(#311),#3780,.F.);
#3885=ADVANCED_FACE('',(#312),#101,.T.);
#3886=ADVANCED_FACE('',(#313),#218,.T.);
#3887=ADVANCED_FACE('',(#314),#102,.T.);
#3888=ADVANCED_FACE('',(#315),#219,.F.);
#3889=ADVANCED_FACE('',(#316),#103,.T.);
#3890=ADVANCED_FACE('',(#317),#220,.F.);
#3891=ADVANCED_FACE('',(#318),#104,.T.);
#3892=ADVANCED_FACE('',(#319),#221,.T.);
#3893=ADVANCED_FACE('',(#320),#105,.T.);
#3894=ADVANCED_FACE('',(#321),#106,.T.);
#3895=ADVANCED_FACE('',(#322),#222,.F.);
#3896=ADVANCED_FACE('',(#323),#107,.T.);
#3897=ADVANCED_FACE('',(#324),#223,.T.);
#3898=ADVANCED_FACE('',(#325),#108,.T.);
#3899=ADVANCED_FACE('',(#326),#109,.T.);
#3900=ADVANCED_FACE('',(#327),#224,.T.);
#3901=ADVANCED_FACE('',(#328),#110,.T.);
#3902=ADVANCED_FACE('',(#329),#225,.F.);
#3903=ADVANCED_FACE('',(#330),#111,.T.);
#3904=ADVANCED_FACE('',(#331),#226,.F.);
#3905=ADVANCED_FACE('',(#332),#112,.T.);
#3906=ADVANCED_FACE('',(#333),#113,.T.);
#3907=ADVANCED_FACE('',(#334),#227,.T.);
#3908=ADVANCED_FACE('',(#335),#114,.T.);
#3909=ADVANCED_FACE('',(#336),#228,.T.);
#3910=ADVANCED_FACE('',(#337),#3781,.F.);
#3911=ADVANCED_FACE('',(#338),#115,.T.);
#3912=ADVANCED_FACE('',(#339),#3782,.T.);
#3913=ADVANCED_FACE('',(#340),#116,.T.);
#3914=ADVANCED_FACE('',(#341),#117,.T.);
#3915=ADVANCED_FACE('',(#342),#3783,.T.);
#3916=ADVANCED_FACE('',(#343),#118,.T.);
#3917=ADVANCED_FACE('',(#344),#3784,.F.);
#3918=ADVANCED_FACE('',(#345),#119,.T.);
#3919=ADVANCED_FACE('',(#346),#3785,.F.);
#3920=ADVANCED_FACE('',(#347,#43),#120,.T.);
#3921=ADVANCED_FACE('',(#348),#3786,.T.);
#3922=ADVANCED_FACE('',(#349),#121,.T.);
#3923=ADVANCED_FACE('',(#350),#3787,.T.);
#3924=ADVANCED_FACE('',(#351,#44),#122,.T.);
#3925=ADVANCED_FACE('',(#352),#123,.T.);
#3926=ADVANCED_FACE('',(#353),#229,.F.);
#3927=ADVANCED_FACE('',(#354),#124,.T.);
#3928=ADVANCED_FACE('',(#355),#230,.F.);
#3929=ADVANCED_FACE('',(#356),#125,.T.);
#3930=ADVANCED_FACE('',(#357),#231,.F.);
#3931=ADVANCED_FACE('',(#358),#126,.T.);
#3932=ADVANCED_FACE('',(#359),#232,.F.);
#3933=ADVANCED_FACE('',(#360,#45,#46,#47),#127,.F.);
#3934=ADVANCED_FACE('',(#361),#128,.T.);
#3935=ADVANCED_FACE('',(#362),#233,.F.);
#3936=ADVANCED_FACE('',(#363),#129,.T.);
#3937=ADVANCED_FACE('',(#364),#234,.F.);
#3938=ADVANCED_FACE('',(#365),#130,.T.);
#3939=ADVANCED_FACE('',(#366),#235,.F.);
#3940=ADVANCED_FACE('',(#367),#131,.T.);
#3941=ADVANCED_FACE('',(#368),#236,.F.);
#3942=ADVANCED_FACE('',(#369),#3788,.F.);
#3943=ADVANCED_FACE('',(#370),#132,.F.);
#3944=ADVANCED_FACE('',(#371),#237,.F.);
#3945=ADVANCED_FACE('',(#372),#133,.T.);
#3946=ADVANCED_FACE('',(#373),#238,.T.);
#3947=ADVANCED_FACE('',(#374),#134,.T.);
#3948=ADVANCED_FACE('',(#375),#239,.T.);
#3949=ADVANCED_FACE('',(#376),#135,.T.);
#3950=ADVANCED_FACE('',(#377),#240,.T.);
#3951=ADVANCED_FACE('',(#378),#136,.T.);
#3952=ADVANCED_FACE('',(#379),#241,.T.);
#3953=ADVANCED_FACE('',(#380),#137,.T.);
#3954=ADVANCED_FACE('',(#381),#242,.T.);
#3955=ADVANCED_FACE('',(#382),#138,.T.);
#3956=ADVANCED_FACE('',(#383),#243,.F.);
#3957=ADVANCED_FACE('',(#384),#139,.T.);
#3958=ADVANCED_FACE('',(#385),#244,.F.);
#3959=ADVANCED_FACE('',(#386),#140,.T.);
#3960=ADVANCED_FACE('',(#387),#245,.T.);
#3961=ADVANCED_FACE('',(#388),#141,.T.);
#3962=ADVANCED_FACE('',(#389),#246,.T.);
#3963=ADVANCED_FACE('',(#390),#142,.T.);
#3964=ADVANCED_FACE('',(#391),#247,.T.);
#3965=ADVANCED_FACE('',(#392),#143,.T.);
#3966=ADVANCED_FACE('',(#393),#144,.T.);
#3967=ADVANCED_FACE('',(#394),#3789,.T.);
#3968=ADVANCED_FACE('',(#395),#145,.T.);
#3969=ADVANCED_FACE('',(#396),#3790,.T.);
#3970=ADVANCED_FACE('',(#397),#146,.T.);
#3971=ADVANCED_FACE('',(#398),#3791,.T.);
#3972=ADVANCED_FACE('',(#399),#147,.F.);
#3973=ADVANCED_FACE('',(#400),#3792,.F.);
#3974=ADVANCED_FACE('',(#401),#148,.F.);
#3975=ADVANCED_FACE('',(#402),#3793,.F.);
#3976=ADVANCED_FACE('',(#403),#149,.F.);
#3977=ADVANCED_FACE('',(#404),#3794,.T.);
#3978=ADVANCED_FACE('',(#405),#150,.T.);
#3979=ADVANCED_FACE('',(#406),#3795,.T.);
#3980=ADVANCED_FACE('',(#407),#3796,.T.);
#3981=ADVANCED_FACE('',(#408),#151,.T.);
#3982=ADVANCED_FACE('',(#409),#3797,.F.);
#3983=ADVANCED_FACE('',(#410),#248,.T.);
#3984=ADVANCED_FACE('',(#411),#152,.T.);
#3985=ADVANCED_FACE('',(#412),#20,.T.);
#3986=ADVANCED_FACE('',(#413),#3798,.T.);
#3987=ADVANCED_FACE('',(#414),#3799,.T.);
#3988=ADVANCED_FACE('',(#415),#3800,.T.);
#3989=ADVANCED_FACE('',(#416),#19,.T.);
#3990=ADVANCED_FACE('',(#417),#153,.T.);
#3991=ADVANCED_FACE('',(#418),#154,.T.);
#3992=ADVANCED_FACE('',(#419),#155,.T.);
#3993=ADVANCED_FACE('',(#420),#3801,.F.);
#3994=ADVANCED_FACE('',(#421),#156,.T.);
#3995=ADVANCED_FACE('',(#422),#3802,.F.);
#3996=ADVANCED_FACE('',(#423),#157,.T.);
#3997=ADVANCED_FACE('',(#424),#158,.T.);
#3998=ADVANCED_FACE('',(#425),#3803,.F.);
#3999=ADVANCED_FACE('',(#426),#3804,.T.);
#4000=ADVANCED_FACE('',(#427),#3805,.T.);
#4001=ADVANCED_FACE('',(#428),#3806,.T.);
#4002=ADVANCED_FACE('',(#429),#18,.T.);
#4003=ADVANCED_FACE('',(#430),#3807,.T.);
#4004=ADVANCED_FACE('',(#431),#3808,.F.);
#4005=ADVANCED_FACE('',(#432),#159,.F.);
#4006=ADVANCED_FACE('',(#433),#3809,.F.);
#4007=ADVANCED_FACE('',(#434),#160,.F.);
#4008=ADVANCED_FACE('',(#435),#3810,.F.);
#4009=ADVANCED_FACE('',(#436),#161,.F.);
#4010=ADVANCED_FACE('',(#437),#3811,.T.);
#4011=ADVANCED_FACE('',(#438),#15,.F.);
#4012=ADVANCED_FACE('',(#439),#3812,.T.);
#4013=ADVANCED_FACE('',(#440),#162,.T.);
#4014=ADVANCED_FACE('',(#441),#249,.T.);
#4015=ADVANCED_FACE('',(#442),#163,.T.);
#4016=ADVANCED_FACE('',(#443),#3813,.T.);
#4017=ADVANCED_FACE('',(#444),#164,.T.);
#4018=ADVANCED_FACE('',(#445),#3814,.T.);
#4019=ADVANCED_FACE('',(#446),#165,.T.);
#4020=ADVANCED_FACE('',(#447),#3815,.T.);
#4021=ADVANCED_FACE('',(#448),#16,.F.);
#4022=ADVANCED_FACE('',(#449),#17,.F.);
#4023=ADVANCED_FACE('',(#450),#3816,.T.);
#4024=ADVANCED_FACE('',(#451),#166,.F.);
#4025=ADVANCED_FACE('',(#452),#167,.F.);
#4026=ADVANCED_FACE('',(#453),#168,.T.);
#4027=ADVANCED_FACE('',(#454),#250,.T.);
#4028=ADVANCED_FACE('',(#455),#169,.T.);
#4029=ADVANCED_FACE('',(#456),#170,.T.);
#4030=ADVANCED_FACE('',(#457),#171,.T.);
#4031=ADVANCED_FACE('',(#458),#251,.T.);
#4032=ADVANCED_FACE('',(#459),#252,.T.);
#4033=ADVANCED_FACE('',(#460),#172,.T.);
#4034=ADVANCED_FACE('',(#461),#173,.T.);
#4035=ADVANCED_FACE('',(#462),#174,.T.);
#4036=ADVANCED_FACE('',(#463),#175,.T.);
#4037=ADVANCED_FACE('',(#464),#3817,.T.);
#4038=ADVANCED_FACE('',(#465),#176,.T.);
#4039=ADVANCED_FACE('',(#466),#3818,.T.);
#4040=ADVANCED_FACE('',(#467),#177,.T.);
#4041=ADVANCED_FACE('',(#468),#178,.T.);
#4042=ADVANCED_FACE('',(#469),#3819,.F.);
#4043=ADVANCED_FACE('',(#470),#179,.T.);
#4044=ADVANCED_FACE('',(#471),#3820,.F.);
#4045=ADVANCED_FACE('',(#472),#3821,.T.);
#4046=ADVANCED_FACE('',(#473),#3822,.T.);
#4047=ADVANCED_FACE('',(#474),#3823,.T.);
#4048=ADVANCED_FACE('',(#475),#3824,.T.);
#4049=ADVANCED_FACE('',(#476),#180,.T.);
#4050=ADVANCED_FACE('',(#477),#3825,.F.);
#4051=ADVANCED_FACE('',(#478),#181,.T.);
#4052=ADVANCED_FACE('',(#479),#3826,.T.);
#4053=ADVANCED_FACE('',(#480),#3827,.T.);
#4054=ADVANCED_FACE('',(#481),#182,.T.);
#4055=ADVANCED_FACE('',(#482),#183,.T.);
#4056=ADVANCED_FACE('',(#483),#184,.T.);
#4057=ADVANCED_FACE('',(#484),#253,.T.);
#4058=ADVANCED_FACE('',(#485),#254,.T.);
#4059=ADVANCED_FACE('',(#486),#185,.T.);
#4060=ADVANCED_FACE('',(#487),#186,.T.);
#4061=ADVANCED_FACE('',(#488),#187,.T.);
#4062=ADVANCED_FACE('',(#489),#188,.T.);
#4063=ADVANCED_FACE('',(#490),#189,.T.);
#4064=CLOSED_SHELL('',(#3828,#3829,#3830,#3831,#3832,#3833,#3834,#3835,
#3836,#3837,#3838,#3839,#3840,#3841,#3842,#3843,#3844,#3845,#3846,#3847,
#3848,#3849,#3850,#3851,#3852,#3853,#3854,#3855,#3856,#3857,#3858,#3859,
#3860,#3861,#3862,#3863,#3864,#3865,#3866,#3867,#3868,#3869,#3870,#3871,
#3872,#3873,#3874,#3875,#3876,#3877,#3878,#3879,#3880,#3881,#3882,#3883,
#3884,#3885,#3886,#3887,#3888,#3889,#3890,#3891,#3892,#3893,#3894,#3895,
#3896,#3897,#3898,#3899,#3900,#3901,#3902,#3903,#3904,#3905,#3906,#3907,
#3908,#3909,#3910,#3911,#3912,#3913,#3914,#3915,#3916,#3917,#3918,#3919,
#3920,#3921,#3922,#3923,#3924,#3925,#3926,#3927,#3928,#3929,#3930,#3931,
#3932,#3933,#3934,#3935,#3936,#3937,#3938,#3939,#3940,#3941,#3942,#3943,
#3944,#3945,#3946,#3947,#3948,#3949,#3950,#3951,#3952,#3953,#3954,#3955,
#3956,#3957,#3958,#3959,#3960,#3961,#3962,#3963,#3964,#3965,#3966,#3967,
#3968,#3969,#3970,#3971,#3972,#3973,#3974,#3975,#3976,#3977,#3978,#3979,
#3980,#3981,#3982,#3983,#3984,#3985,#3986,#3987,#3988,#3989,#3990,#3991,
#3992,#3993,#3994,#3995,#3996,#3997,#3998,#3999,#4000,#4001,#4002,#4003,
#4004,#4005,#4006,#4007,#4008,#4009,#4010,#4011,#4012,#4013,#4014,#4015,
#4016,#4017,#4018,#4019,#4020,#4021,#4022,#4023,#4024,#4025,#4026,#4027,
#4028,#4029,#4030,#4031,#4032,#4033,#4034,#4035,#4036,#4037,#4038,#4039,
#4040,#4041,#4042,#4043,#4044,#4045,#4046,#4047,#4048,#4049,#4050,#4051,
#4052,#4053,#4054,#4055,#4056,#4057,#4058,#4059,#4060,#4061,#4062,#4063));
#4065=DERIVED_UNIT_ELEMENT(#4068,1.);
#4066=DERIVED_UNIT_ELEMENT(#7230,-3.);
#4067=DIMENSIONAL_EXPONENTS(0.,1.,0.,0.,0.,0.,0.);
#4068=(
CONVERSION_BASED_UNIT('gram',#4070)
MASS_UNIT()
NAMED_UNIT(#4067)
);
#4069=(
MASS_UNIT()
NAMED_UNIT(*)
SI_UNIT(.KILO.,.GRAM.)
);
#4070=MASS_MEASURE_WITH_UNIT(MASS_MEASURE(0.001),#4069);
#4071=DERIVED_UNIT((#4065,#4066));
#4072=MEASURE_REPRESENTATION_ITEM('density measure',
POSITIVE_RATIO_MEASURE(1.),#4071);
#4073=PROPERTY_DEFINITION_REPRESENTATION(#4078,#4075);
#4074=PROPERTY_DEFINITION_REPRESENTATION(#4079,#4076);
#4075=REPRESENTATION('material name',(#4077),#7227);
#4076=REPRESENTATION('density',(#4072),#7227);
#4077=DESCRIPTIVE_REPRESENTATION_ITEM('Generisch','Generisch');
#4078=PROPERTY_DEFINITION('material property','material name',#7237);
#4079=PROPERTY_DEFINITION('material property','density of part',#7237);
#4080=DATE_TIME_ROLE('creation_date');
#4081=APPLIED_DATE_AND_TIME_ASSIGNMENT(#4082,#4080,(#7237));
#4082=DATE_AND_TIME(#4083,#4084);
#4083=CALENDAR_DATE(2024,28,10);
#4084=LOCAL_TIME(0,0,0.,#4085);
#4085=COORDINATED_UNIVERSAL_TIME_OFFSET(0,0,.BEHIND.);
#4086=AXIS2_PLACEMENT_3D('',#5706,#4500,#4501);
#4087=AXIS2_PLACEMENT_3D('',#5707,#4502,#4503);
#4088=AXIS2_PLACEMENT_3D('',#5709,#4504,#4505);
#4089=AXIS2_PLACEMENT_3D('',#5712,#4507,#4508);
#4090=AXIS2_PLACEMENT_3D('',#5713,#4509,#4510);
#4091=AXIS2_PLACEMENT_3D('',#5720,#4511,#4512);
#4092=AXIS2_PLACEMENT_3D('',#5723,#4514,#4515);
#4093=AXIS2_PLACEMENT_3D('',#5724,#4516,#4517);
#4094=AXIS2_PLACEMENT_3D('',#5730,#4521,#4522);
#4095=AXIS2_PLACEMENT_3D('',#5734,#4524,#4525);
#4096=AXIS2_PLACEMENT_3D('',#5735,#4526,#4527);
#4097=AXIS2_PLACEMENT_3D('',#5736,#4528,#4529);
#4098=AXIS2_PLACEMENT_3D('',#5742,#4533,#4534);
#4099=AXIS2_PLACEMENT_3D('',#5746,#4536,#4537);
#4100=AXIS2_PLACEMENT_3D('',#5747,#4538,#4539);
#4101=AXIS2_PLACEMENT_3D('',#5748,#4540,#4541);
#4102=AXIS2_PLACEMENT_3D('',#5754,#4545,#4546);
#4103=AXIS2_PLACEMENT_3D('',#5758,#4548,#4549);
#4104=AXIS2_PLACEMENT_3D('',#5762,#4551,#4552);
#4105=AXIS2_PLACEMENT_3D('',#5766,#4554,#4555);
#4106=AXIS2_PLACEMENT_3D('',#5772,#4558,#4559);
#4107=AXIS2_PLACEMENT_3D('',#5778,#4562,#4563);
#4108=AXIS2_PLACEMENT_3D('',#5784,#4566,#4567);
#4109=AXIS2_PLACEMENT_3D('',#5786,#4569,#4570);
#4110=AXIS2_PLACEMENT_3D('',#5788,#4571,#4572);
#4111=AXIS2_PLACEMENT_3D('',#5792,#4575,#4576);
#4112=AXIS2_PLACEMENT_3D('',#5794,#4577,#4578);
#4113=AXIS2_PLACEMENT_3D('',#5796,#4580,#4581);
#4114=AXIS2_PLACEMENT_3D('',#5800,#4584,#4585);
#4115=AXIS2_PLACEMENT_3D('',#5802,#4586,#4587);
#4116=AXIS2_PLACEMENT_3D('',#5804,#4589,#4590);
#4117=AXIS2_PLACEMENT_3D('',#5806,#4591,#4592);
#4118=AXIS2_PLACEMENT_3D('',#5808,#4594,#4595);
#4119=AXIS2_PLACEMENT_3D('',#5822,#4603,#4604);
#4120=AXIS2_PLACEMENT_3D('',#5825,#4606,#4607);
#4121=AXIS2_PLACEMENT_3D('',#5826,#4608,#4609);
#4122=AXIS2_PLACEMENT_3D('',#5830,#4612,#4613);
#4123=AXIS2_PLACEMENT_3D('',#5833,#4615,#4616);
#4124=AXIS2_PLACEMENT_3D('',#5834,#4617,#4618);
#4125=AXIS2_PLACEMENT_3D('',#5842,#4623,#4624);
#4126=AXIS2_PLACEMENT_3D('',#5849,#4628,#4629);
#4127=AXIS2_PLACEMENT_3D('',#5850,#4630,#4631);
#4128=AXIS2_PLACEMENT_3D('',#5853,#4633,#4634);
#4129=AXIS2_PLACEMENT_3D('',#5854,#4635,#4636);
#4130=AXIS2_PLACEMENT_3D('',#5858,#4639,#4640);
#4131=AXIS2_PLACEMENT_3D('',#5864,#4644,#4645);
#4132=AXIS2_PLACEMENT_3D('',#5867,#4647,#4648);
#4133=AXIS2_PLACEMENT_3D('',#5868,#4649,#4650);
#4134=AXIS2_PLACEMENT_3D('',#5870,#4651,#4652);
#4135=AXIS2_PLACEMENT_3D('',#5872,#4654,#4655);
#4136=AXIS2_PLACEMENT_3D('',#5873,#4656,#4657);
#4137=AXIS2_PLACEMENT_3D('',#5874,#4658,#4659);
#4138=AXIS2_PLACEMENT_3D('',#5882,#4664,#4665);
#4139=AXIS2_PLACEMENT_3D('',#5885,#4667,#4668);
#4140=AXIS2_PLACEMENT_3D('',#5886,#4669,#4670);
#4141=AXIS2_PLACEMENT_3D('',#5890,#4673,#4674);
#4142=AXIS2_PLACEMENT_3D('',#5893,#4676,#4677);
#4143=AXIS2_PLACEMENT_3D('',#5894,#4678,#4679);
#4144=AXIS2_PLACEMENT_3D('',#5898,#4682,#4683);
#4145=AXIS2_PLACEMENT_3D('',#5900,#4684,#4685);
#4146=AXIS2_PLACEMENT_3D('',#5903,#4687,#4688);
#4147=AXIS2_PLACEMENT_3D('',#5904,#4689,#4690);
#4148=AXIS2_PLACEMENT_3D('',#5909,#4692,#4693);
#4149=AXIS2_PLACEMENT_3D('',#5913,#4695,#4696);
#4150=AXIS2_PLACEMENT_3D('',#5917,#4698,#4699);
#4151=AXIS2_PLACEMENT_3D('',#5921,#4701,#4702);
#4152=AXIS2_PLACEMENT_3D('',#5924,#4704,#4705);
#4153=AXIS2_PLACEMENT_3D('',#5926,#4706,#4707);
#4154=AXIS2_PLACEMENT_3D('',#5930,#4709,#4710);
#4155=AXIS2_PLACEMENT_3D('',#5948,#4715,#4716);
#4156=AXIS2_PLACEMENT_3D('',#5952,#4718,#4719);
#4157=AXIS2_PLACEMENT_3D('',#5956,#4721,#4722);
#4158=AXIS2_PLACEMENT_3D('',#5960,#4724,#4725);
#4159=AXIS2_PLACEMENT_3D('',#5964,#4727,#4728);
#4160=AXIS2_PLACEMENT_3D('',#5968,#4730,#4731);
#4161=AXIS2_PLACEMENT_3D('',#5972,#4733,#4734);
#4162=AXIS2_PLACEMENT_3D('',#5976,#4736,#4737);
#4163=AXIS2_PLACEMENT_3D('',#5980,#4739,#4740);
#4164=AXIS2_PLACEMENT_3D('',#5984,#4742,#4743);
#4165=AXIS2_PLACEMENT_3D('',#5986,#4745,#4746);
#4166=AXIS2_PLACEMENT_3D('',#5989,#4747,#4748);
#4167=AXIS2_PLACEMENT_3D('',#5990,#4749,#4750);
#4168=AXIS2_PLACEMENT_3D('',#5992,#4752,#4753);
#4169=AXIS2_PLACEMENT_3D('',#5996,#4755,#4756);
#4170=AXIS2_PLACEMENT_3D('',#5998,#4758,#4759);
#4171=AXIS2_PLACEMENT_3D('',#6002,#4762,#4763);
#4172=AXIS2_PLACEMENT_3D('',#6005,#4765,#4766);
#4173=AXIS2_PLACEMENT_3D('',#6006,#4767,#4768);
#4174=AXIS2_PLACEMENT_3D('',#6010,#4771,#4772);
#4175=AXIS2_PLACEMENT_3D('',#6013,#4774,#4775);
#4176=AXIS2_PLACEMENT_3D('',#6014,#4776,#4777);
#4177=AXIS2_PLACEMENT_3D('',#6018,#4780,#4781);
#4178=AXIS2_PLACEMENT_3D('',#6021,#4783,#4784);
#4179=AXIS2_PLACEMENT_3D('',#6022,#4785,#4786);
#4180=AXIS2_PLACEMENT_3D('',#6024,#4788,#4789);
#4181=AXIS2_PLACEMENT_3D('',#6030,#4793,#4794);
#4182=AXIS2_PLACEMENT_3D('',#6033,#4796,#4797);
#4183=AXIS2_PLACEMENT_3D('',#6034,#4798,#4799);
#4184=AXIS2_PLACEMENT_3D('',#6038,#4802,#4803);
#4185=AXIS2_PLACEMENT_3D('',#6041,#4805,#4806);
#4186=AXIS2_PLACEMENT_3D('',#6042,#4807,#4808);
#4187=AXIS2_PLACEMENT_3D('',#6046,#4810,#4811);
#4188=AXIS2_PLACEMENT_3D('',#6048,#4813,#4814);
#4189=AXIS2_PLACEMENT_3D('',#6052,#4817,#4818);
#4190=AXIS2_PLACEMENT_3D('',#6055,#4820,#4821);
#4191=AXIS2_PLACEMENT_3D('',#6056,#4822,#4823);
#4192=AXIS2_PLACEMENT_3D('',#6060,#4826,#4827);
#4193=AXIS2_PLACEMENT_3D('',#6063,#4829,#4830);
#4194=AXIS2_PLACEMENT_3D('',#6064,#4831,#4832);
#4195=AXIS2_PLACEMENT_3D('',#6068,#4835,#4836);
#4196=AXIS2_PLACEMENT_3D('',#6071,#4838,#4839);
#4197=AXIS2_PLACEMENT_3D('',#6072,#4840,#4841);
#4198=AXIS2_PLACEMENT_3D('',#6074,#4843,#4844);
#4199=AXIS2_PLACEMENT_3D('',#6080,#4848,#4849);
#4200=AXIS2_PLACEMENT_3D('',#6083,#4851,#4852);
#4201=AXIS2_PLACEMENT_3D('',#6084,#4853,#4854);
#4202=AXIS2_PLACEMENT_3D('',#6088,#4857,#4858);
#4203=AXIS2_PLACEMENT_3D('',#6091,#4860,#4861);
#4204=AXIS2_PLACEMENT_3D('',#6092,#4862,#4863);
#4205=AXIS2_PLACEMENT_3D('',#6094,#4864,#4865);
#4206=AXIS2_PLACEMENT_3D('',#6098,#4868,#4869);
#4207=AXIS2_PLACEMENT_3D('',#6101,#4871,#4872);
#4208=AXIS2_PLACEMENT_3D('',#6102,#4873,#4874);
#4209=AXIS2_PLACEMENT_3D('',#6106,#4877,#4878);
#4210=AXIS2_PLACEMENT_3D('',#6109,#4880,#4881);
#4211=AXIS2_PLACEMENT_3D('',#6110,#4882,#4883);
#4212=AXIS2_PLACEMENT_3D('',#6114,#4886,#4887);
#4213=AXIS2_PLACEMENT_3D('',#6117,#4889,#4890);
#4214=AXIS2_PLACEMENT_3D('',#6118,#4891,#4892);
#4215=AXIS2_PLACEMENT_3D('',#6122,#4895,#4896);
#4216=AXIS2_PLACEMENT_3D('',#6125,#4898,#4899);
#4217=AXIS2_PLACEMENT_3D('',#6126,#4900,#4901);
#4218=AXIS2_PLACEMENT_3D('',#6128,#4902,#4903);
#4219=AXIS2_PLACEMENT_3D('',#6130,#4905,#4906);
#4220=AXIS2_PLACEMENT_3D('',#6139,#4911,#4912);
#4221=AXIS2_PLACEMENT_3D('',#6143,#4914,#4915);
#4222=AXIS2_PLACEMENT_3D('',#6144,#4916,#4917);
#4223=AXIS2_PLACEMENT_3D('',#6145,#4918,#4919);
#4224=AXIS2_PLACEMENT_3D('',#6151,#4923,#4924);
#4225=AXIS2_PLACEMENT_3D('',#6155,#4926,#4927);
#4226=AXIS2_PLACEMENT_3D('',#6156,#4928,#4929);
#4227=AXIS2_PLACEMENT_3D('',#6157,#4930,#4931);
#4228=AXIS2_PLACEMENT_3D('',#6163,#4935,#4936);
#4229=AXIS2_PLACEMENT_3D('',#6169,#4940,#4941);
#4230=AXIS2_PLACEMENT_3D('',#6173,#4943,#4944);
#4231=AXIS2_PLACEMENT_3D('',#6174,#4945,#4946);
#4232=AXIS2_PLACEMENT_3D('',#6175,#4947,#4948);
#4233=AXIS2_PLACEMENT_3D('',#6181,#4952,#4953);
#4234=AXIS2_PLACEMENT_3D('',#6185,#4955,#4956);
#4235=AXIS2_PLACEMENT_3D('',#6186,#4957,#4958);
#4236=AXIS2_PLACEMENT_3D('',#6187,#4959,#4960);
#4237=AXIS2_PLACEMENT_3D('',#6193,#4964,#4965);
#4238=AXIS2_PLACEMENT_3D('',#6197,#4967,#4968);
#4239=AXIS2_PLACEMENT_3D('',#6198,#4969,#4970);
#4240=AXIS2_PLACEMENT_3D('',#6199,#4971,#4972);
#4241=AXIS2_PLACEMENT_3D('',#6205,#4976,#4977);
#4242=AXIS2_PLACEMENT_3D('',#6213,#4982,#4983);
#4243=AXIS2_PLACEMENT_3D('',#6214,#4984,#4985);
#4244=AXIS2_PLACEMENT_3D('',#6215,#4986,#4987);
#4245=AXIS2_PLACEMENT_3D('',#6223,#4992,#4993);
#4246=AXIS2_PLACEMENT_3D('',#6224,#4994,#4995);
#4247=AXIS2_PLACEMENT_3D('',#6225,#4996,#4997);
#4248=AXIS2_PLACEMENT_3D('',#6229,#4999,#5000);
#4249=AXIS2_PLACEMENT_3D('',#6231,#5002,#5003);
#4250=AXIS2_PLACEMENT_3D('',#6235,#5006,#5007);
#4251=AXIS2_PLACEMENT_3D('',#6238,#5009,#5010);
#4252=AXIS2_PLACEMENT_3D('',#6239,#5011,#5012);
#4253=AXIS2_PLACEMENT_3D('',#6243,#5015,#5016);
#4254=AXIS2_PLACEMENT_3D('',#6247,#5019,#5020);
#4255=AXIS2_PLACEMENT_3D('',#6250,#5022,#5023);
#4256=AXIS2_PLACEMENT_3D('',#6251,#5024,#5025);
#4257=AXIS2_PLACEMENT_3D('',#6255,#5028,#5029);
#4258=AXIS2_PLACEMENT_3D('',#6258,#5031,#5032);
#4259=AXIS2_PLACEMENT_3D('',#6259,#5033,#5034);
#4260=AXIS2_PLACEMENT_3D('',#6263,#5037,#5038);
#4261=AXIS2_PLACEMENT_3D('',#6266,#5040,#5041);
#4262=AXIS2_PLACEMENT_3D('',#6267,#5042,#5043);
#4263=AXIS2_PLACEMENT_3D('',#6271,#5046,#5047);
#4264=AXIS2_PLACEMENT_3D('',#6274,#5049,#5050);
#4265=AXIS2_PLACEMENT_3D('',#6275,#5051,#5052);
#4266=AXIS2_PLACEMENT_3D('',#6279,#5055,#5056);
#4267=AXIS2_PLACEMENT_3D('',#6282,#5058,#5059);
#4268=AXIS2_PLACEMENT_3D('',#6283,#5060,#5061);
#4269=AXIS2_PLACEMENT_3D('',#6289,#5064,#5065);
#4270=AXIS2_PLACEMENT_3D('',#6297,#5070,#5071);
#4271=AXIS2_PLACEMENT_3D('',#6303,#5075,#5076);
#4272=AXIS2_PLACEMENT_3D('',#6306,#5078,#5079);
#4273=AXIS2_PLACEMENT_3D('',#6307,#5080,#5081);
#4274=AXIS2_PLACEMENT_3D('',#6311,#5084,#5085);
#4275=AXIS2_PLACEMENT_3D('',#6314,#5087,#5088);
#4276=AXIS2_PLACEMENT_3D('',#6315,#5089,#5090);
#4277=AXIS2_PLACEMENT_3D('',#6321,#5094,#5095);
#4278=AXIS2_PLACEMENT_3D('',#6323,#5096,#5097);
#4279=AXIS2_PLACEMENT_3D('',#6326,#5099,#5100);
#4280=AXIS2_PLACEMENT_3D('',#6327,#5101,#5102);
#4281=AXIS2_PLACEMENT_3D('',#6333,#5106,#5107);
#4282=AXIS2_PLACEMENT_3D('',#6334,#5108,#5109);
#4283=AXIS2_PLACEMENT_3D('',#6335,#5110,#5111);
#4284=AXIS2_PLACEMENT_3D('',#6336,#5112,#5113);
#4285=AXIS2_PLACEMENT_3D('',#6340,#5115,#5116);
#4286=AXIS2_PLACEMENT_3D('',#6344,#5118,#5119);
#4287=AXIS2_PLACEMENT_3D('',#6348,#5121,#5122);
#4288=AXIS2_PLACEMENT_3D('',#6352,#5124,#5125);
#4289=AXIS2_PLACEMENT_3D('',#6356,#5127,#5128);
#4290=AXIS2_PLACEMENT_3D('',#6360,#5130,#5131);
#4291=AXIS2_PLACEMENT_3D('',#6364,#5133,#5134);
#4292=AXIS2_PLACEMENT_3D('',#6368,#5136,#5137);
#4293=AXIS2_PLACEMENT_3D('',#6372,#5139,#5140);
#4294=AXIS2_PLACEMENT_3D('',#6376,#5142,#5143);
#4295=AXIS2_PLACEMENT_3D('',#6382,#5146,#5147);
#4296=AXIS2_PLACEMENT_3D('',#6386,#5149,#5150);
#4297=AXIS2_PLACEMENT_3D('',#6390,#5152,#5153);
#4298=AXIS2_PLACEMENT_3D('',#6393,#5155,#5156);
#4299=AXIS2_PLACEMENT_3D('',#6395,#5157,#5158);
#4300=AXIS2_PLACEMENT_3D('',#6396,#5159,#5160);
#4301=AXIS2_PLACEMENT_3D('',#6402,#5164,#5165);
#4302=AXIS2_PLACEMENT_3D('',#6403,#5166,#5167);
#4303=AXIS2_PLACEMENT_3D('',#6405,#5169,#5170);
#4304=AXIS2_PLACEMENT_3D('',#6407,#5172,#5173);
#4305=AXIS2_PLACEMENT_3D('',#6409,#5175,#5176);
#4306=AXIS2_PLACEMENT_3D('',#6411,#5178,#5179);
#4307=AXIS2_PLACEMENT_3D('',#6413,#5181,#5182);
#4308=AXIS2_PLACEMENT_3D('',#6417,#5185,#5186);
#4309=AXIS2_PLACEMENT_3D('',#6418,#5187,#5188);
#4310=AXIS2_PLACEMENT_3D('',#6419,#5189,#5190);
#4311=AXIS2_PLACEMENT_3D('',#6421,#5192,#5193);
#4312=AXIS2_PLACEMENT_3D('',#6423,#5195,#5196);
#4313=AXIS2_PLACEMENT_3D('',#6425,#5198,#5199);
#4314=AXIS2_PLACEMENT_3D('',#6431,#5203,#5204);
#4315=AXIS2_PLACEMENT_3D('',#6432,#5205,#5206);
#4316=AXIS2_PLACEMENT_3D('',#6434,#5208,#5209);
#4317=AXIS2_PLACEMENT_3D('',#6436,#5211,#5212);
#4318=AXIS2_PLACEMENT_3D('',#6438,#5214,#5215);
#4319=AXIS2_PLACEMENT_3D('',#6440,#5217,#5218);
#4320=AXIS2_PLACEMENT_3D('',#6442,#5220,#5221);
#4321=AXIS2_PLACEMENT_3D('',#6444,#5223,#5224);
#4322=AXIS2_PLACEMENT_3D('',#6446,#5225,#5226);
#4323=AXIS2_PLACEMENT_3D('',#6448,#5228,#5229);
#4324=AXIS2_PLACEMENT_3D('',#6452,#5232,#5233);
#4325=AXIS2_PLACEMENT_3D('',#6454,#5234,#5235);
#4326=AXIS2_PLACEMENT_3D('',#6456,#5237,#5238);
#4327=AXIS2_PLACEMENT_3D('',#6460,#5241,#5242);
#4328=AXIS2_PLACEMENT_3D('',#6462,#5243,#5244);
#4329=AXIS2_PLACEMENT_3D('',#6464,#5246,#5247);
#4330=AXIS2_PLACEMENT_3D('',#6468,#5250,#5251);
#4331=AXIS2_PLACEMENT_3D('',#6470,#5252,#5253);
#4332=AXIS2_PLACEMENT_3D('',#6472,#5255,#5256);
#4333=AXIS2_PLACEMENT_3D('',#6476,#5259,#5260);
#4334=AXIS2_PLACEMENT_3D('',#6478,#5261,#5262);
#4335=AXIS2_PLACEMENT_3D('',#6480,#5264,#5265);
#4336=AXIS2_PLACEMENT_3D('',#6484,#5268,#5269);
#4337=AXIS2_PLACEMENT_3D('',#6486,#5270,#5271);
#4338=AXIS2_PLACEMENT_3D('',#6488,#5273,#5274);
#4339=AXIS2_PLACEMENT_3D('',#6492,#5277,#5278);
#4340=AXIS2_PLACEMENT_3D('',#6494,#5279,#5280);
#4341=AXIS2_PLACEMENT_3D('',#6496,#5282,#5283);
#4342=AXIS2_PLACEMENT_3D('',#6498,#5285,#5286);
#4343=AXIS2_PLACEMENT_3D('',#6502,#5289,#5290);
#4344=AXIS2_PLACEMENT_3D('',#6506,#5292,#5293);
#4345=AXIS2_PLACEMENT_3D('',#6507,#5294,#5295);
#4346=AXIS2_PLACEMENT_3D('',#6508,#5296,#5297);
#4347=AXIS2_PLACEMENT_3D('',#6514,#5301,#5302);
#4348=AXIS2_PLACEMENT_3D('',#6517,#5304,#5305);
#4349=AXIS2_PLACEMENT_3D('',#6518,#5306,#5307);
#4350=AXIS2_PLACEMENT_3D('',#6523,#5311,#5312);
#4351=AXIS2_PLACEMENT_3D('',#6525,#5314,#5315);
#4352=AXIS2_PLACEMENT_3D('',#6527,#5317,#5318);
#4353=AXIS2_PLACEMENT_3D('',#6529,#5320,#5321);
#4354=AXIS2_PLACEMENT_3D('',#6531,#5323,#5324);
#4355=AXIS2_PLACEMENT_3D('',#6533,#5326,#5327);
#4356=AXIS2_PLACEMENT_3D('',#6535,#5329,#5330);
#4357=AXIS2_PLACEMENT_3D('',#6537,#5332,#5333);
#4358=AXIS2_PLACEMENT_3D('',#6547,#5339,#5340);
#4359=AXIS2_PLACEMENT_3D('',#6548,#5341,#5342);
#4360=AXIS2_PLACEMENT_3D('',#6549,#5343,#5344);
#4361=AXIS2_PLACEMENT_3D('',#6552,#5346,#5347);
#4362=AXIS2_PLACEMENT_3D('',#6553,#5348,#5349);
#4363=AXIS2_PLACEMENT_3D('',#6557,#5352,#5353);
#4364=AXIS2_PLACEMENT_3D('',#6565,#5354,#5355);
#4365=AXIS2_PLACEMENT_3D('',#6569,#5357,#5358);
#4366=AXIS2_PLACEMENT_3D('',#6613,#5361,#5362);
#4367=AXIS2_PLACEMENT_3D('',#6615,#5363,#5364);
#4368=AXIS2_PLACEMENT_3D('',#6618,#5366,#5367);
#4369=AXIS2_PLACEMENT_3D('',#6620,#5368,#5369);
#4370=AXIS2_PLACEMENT_3D('',#6624,#5370,#5371);
#4371=AXIS2_PLACEMENT_3D('',#6626,#5372,#5373);
#4372=AXIS2_PLACEMENT_3D('',#6628,#5374,#5375);
#4373=AXIS2_PLACEMENT_3D('',#6632,#5377,#5378);
#4374=AXIS2_PLACEMENT_3D('',#6636,#5380,#5381);
#4375=AXIS2_PLACEMENT_3D('',#6638,#5383,#5384);
#4376=AXIS2_PLACEMENT_3D('',#6641,#5385,#5386);
#4377=AXIS2_PLACEMENT_3D('',#6643,#5387,#5388);
#4378=AXIS2_PLACEMENT_3D('',#6645,#5389,#5390);
#4379=AXIS2_PLACEMENT_3D('',#6646,#5391,#5392);
#4380=AXIS2_PLACEMENT_3D('',#6647,#5393,#5394);
#4381=AXIS2_PLACEMENT_3D('',#6652,#5397,#5398);
#4382=AXIS2_PLACEMENT_3D('',#6653,#5399,#5400);
#4383=AXIS2_PLACEMENT_3D('',#6658,#5403,#5404);
#4384=AXIS2_PLACEMENT_3D('',#6659,#5405,#5406);
#4385=AXIS2_PLACEMENT_3D('',#6672,#5409,#5410);
#4386=AXIS2_PLACEMENT_3D('',#6673,#5411,#5412);
#4387=AXIS2_PLACEMENT_3D('',#6674,#5413,#5414);
#4388=AXIS2_PLACEMENT_3D('',#6677,#5416,#5417);
#4389=AXIS2_PLACEMENT_3D('',#6679,#5418,#5419);
#4390=AXIS2_PLACEMENT_3D('',#6686,#5422,#5423);
#4391=AXIS2_PLACEMENT_3D('',#6690,#5426,#5427);
#4392=AXIS2_PLACEMENT_3D('',#6695,#5430,#5431);
#4393=AXIS2_PLACEMENT_3D('',#6696,#5432,#5433);
#4394=AXIS2_PLACEMENT_3D('',#6700,#5435,#5436);
#4395=AXIS2_PLACEMENT_3D('',#6702,#5438,#5439);
#4396=AXIS2_PLACEMENT_3D('',#6706,#5442,#5443);
#4397=AXIS2_PLACEMENT_3D('',#6710,#5445,#5446);
#4398=AXIS2_PLACEMENT_3D('',#6712,#5448,#5449);
#4399=AXIS2_PLACEMENT_3D('',#6716,#5452,#5453);
#4400=AXIS2_PLACEMENT_3D('',#6727,#5456,#5457);
#4401=AXIS2_PLACEMENT_3D('',#6729,#5459,#5460);
#4402=AXIS2_PLACEMENT_3D('',#6730,#5461,#5462);
#4403=AXIS2_PLACEMENT_3D('',#6732,#5464,#5465);
#4404=AXIS2_PLACEMENT_3D('',#6733,#5466,#5467);
#4405=AXIS2_PLACEMENT_3D('',#6734,#5468,#5469);
#4406=AXIS2_PLACEMENT_3D('',#6735,#5470,#5471);
#4407=AXIS2_PLACEMENT_3D('',#6736,#5472,#5473);
#4408=AXIS2_PLACEMENT_3D('',#6737,#5474,#5475);
#4409=AXIS2_PLACEMENT_3D('',#6738,#5476,#5477);
#4410=AXIS2_PLACEMENT_3D('',#6739,#5478,#5479);
#4411=AXIS2_PLACEMENT_3D('',#6740,#5480,#5481);
#4412=AXIS2_PLACEMENT_3D('',#6742,#5483,#5484);
#4413=AXIS2_PLACEMENT_3D('',#6743,#5485,#5486);
#4414=AXIS2_PLACEMENT_3D('',#6746,#5489,#5490);
#4415=AXIS2_PLACEMENT_3D('',#6747,#5491,#5492);
#4416=AXIS2_PLACEMENT_3D('',#6749,#5494,#5495);
#4417=AXIS2_PLACEMENT_3D('',#6750,#5496,#5497);
#4418=AXIS2_PLACEMENT_3D('',#6918,#5498,#5499);
#4419=AXIS2_PLACEMENT_3D('',#6921,#5501,#5502);
#4420=AXIS2_PLACEMENT_3D('',#6930,#5504,#5505);
#4421=AXIS2_PLACEMENT_3D('',#6932,#5506,#5507);
#4422=AXIS2_PLACEMENT_3D('',#6933,#5508,#5509);
#4423=AXIS2_PLACEMENT_3D('',#6934,#5510,#5511);
#4424=AXIS2_PLACEMENT_3D('',#6936,#5512,#5513);
#4425=AXIS2_PLACEMENT_3D('',#6945,#5514,#5515);
#4426=AXIS2_PLACEMENT_3D('',#6947,#5516,#5517);
#4427=AXIS2_PLACEMENT_3D('',#6966,#5518,#5519);
#4428=AXIS2_PLACEMENT_3D('',#6968,#5521,#5522);
#4429=AXIS2_PLACEMENT_3D('',#6985,#5524,#5525);
#4430=AXIS2_PLACEMENT_3D('',#7000,#5528,#5529);
#4431=AXIS2_PLACEMENT_3D('',#7002,#5531,#5532);
#4432=AXIS2_PLACEMENT_3D('',#7003,#5533,#5534);
#4433=AXIS2_PLACEMENT_3D('',#7006,#5536,#5537);
#4434=AXIS2_PLACEMENT_3D('',#7074,#5538,#5539);
#4435=AXIS2_PLACEMENT_3D('',#7095,#5540,#5541);
#4436=AXIS2_PLACEMENT_3D('',#7097,#5542,#5543);
#4437=AXIS2_PLACEMENT_3D('',#7099,#5545,#5546);
#4438=AXIS2_PLACEMENT_3D('',#7103,#5549,#5550);
#4439=AXIS2_PLACEMENT_3D('',#7106,#5553,#5554);
#4440=AXIS2_PLACEMENT_3D('',#7107,#5555,#5556);
#4441=AXIS2_PLACEMENT_3D('',#7108,#5557,#5558);
#4442=AXIS2_PLACEMENT_3D('',#7109,#5559,#5560);
#4443=AXIS2_PLACEMENT_3D('',#7112,#5562,#5563);
#4444=AXIS2_PLACEMENT_3D('',#7113,#5564,#5565);
#4445=AXIS2_PLACEMENT_3D('',#7114,#5566,#5567);
#4446=AXIS2_PLACEMENT_3D('',#7115,#5568,#5569);
#4447=AXIS2_PLACEMENT_3D('',#7116,#5570,#5571);
#4448=AXIS2_PLACEMENT_3D('',#7117,#5572,#5573);
#4449=AXIS2_PLACEMENT_3D('',#7120,#5575,#5576);
#4450=AXIS2_PLACEMENT_3D('',#7121,#5577,#5578);
#4451=AXIS2_PLACEMENT_3D('',#7124,#5580,#5581);
#4452=AXIS2_PLACEMENT_3D('',#7125,#5582,#5583);
#4453=AXIS2_PLACEMENT_3D('',#7126,#5584,#5585);
#4454=AXIS2_PLACEMENT_3D('',#7127,#5586,#5587);
#4455=AXIS2_PLACEMENT_3D('',#7128,#5588,#5589);
#4456=AXIS2_PLACEMENT_3D('',#7129,#5590,#5591);
#4457=AXIS2_PLACEMENT_3D('',#7132,#5592,#5593);
#4458=AXIS2_PLACEMENT_3D('',#7135,#5596,#5597);
#4459=AXIS2_PLACEMENT_3D('',#7139,#5600,#5601);
#4460=AXIS2_PLACEMENT_3D('',#7141,#5602,#5603);
#4461=AXIS2_PLACEMENT_3D('',#7143,#5605,#5606);
#4462=AXIS2_PLACEMENT_3D('',#7145,#5608,#5609);
#4463=AXIS2_PLACEMENT_3D('',#7147,#5610,#5611);
#4464=AXIS2_PLACEMENT_3D('',#7150,#5613,#5614);
#4465=AXIS2_PLACEMENT_3D('',#7152,#5616,#5617);
#4466=AXIS2_PLACEMENT_3D('',#7155,#5619,#5620);
#4467=AXIS2_PLACEMENT_3D('',#7156,#5621,#5622);
#4468=AXIS2_PLACEMENT_3D('',#7159,#5625,#5626);
#4469=AXIS2_PLACEMENT_3D('',#7161,#5628,#5629);
#4470=AXIS2_PLACEMENT_3D('',#7164,#5631,#5632);
#4471=AXIS2_PLACEMENT_3D('',#7165,#5633,#5634);
#4472=AXIS2_PLACEMENT_3D('',#7168,#5636,#5637);
#4473=AXIS2_PLACEMENT_3D('',#7169,#5638,#5639);
#4474=AXIS2_PLACEMENT_3D('',#7171,#5641,#5642);
#4475=AXIS2_PLACEMENT_3D('',#7175,#5644,#5645);
#4476=AXIS2_PLACEMENT_3D('',#7177,#5647,#5648);
#4477=AXIS2_PLACEMENT_3D('',#7179,#5650,#5651);
#4478=AXIS2_PLACEMENT_3D('',#7182,#5652,#5653);
#4479=AXIS2_PLACEMENT_3D('',#7185,#5656,#5657);
#4480=AXIS2_PLACEMENT_3D('',#7187,#5658,#5659);
#4481=AXIS2_PLACEMENT_3D('',#7188,#5660,#5661);
#4482=AXIS2_PLACEMENT_3D('',#7192,#5663,#5664);
#4483=AXIS2_PLACEMENT_3D('',#7194,#5665,#5666);
#4484=AXIS2_PLACEMENT_3D('',#7198,#5669,#5670);
#4485=AXIS2_PLACEMENT_3D('',#7201,#5672,#5673);
#4486=AXIS2_PLACEMENT_3D('',#7202,#5674,#5675);
#4487=AXIS2_PLACEMENT_3D('',#7203,#5676,#5677);
#4488=AXIS2_PLACEMENT_3D('',#7204,#5678,#5679);
#4489=AXIS2_PLACEMENT_3D('',#7206,#5681,#5682);
#4490=AXIS2_PLACEMENT_3D('',#7211,#5684,#5685);
#4491=AXIS2_PLACEMENT_3D('',#7212,#5686,#5687);
#4492=AXIS2_PLACEMENT_3D('',#7215,#5689,#5690);
#4493=AXIS2_PLACEMENT_3D('',#7216,#5691,#5692);
#4494=AXIS2_PLACEMENT_3D('',#7219,#5694,#5695);
#4495=AXIS2_PLACEMENT_3D('',#7220,#5696,#5697);
#4496=AXIS2_PLACEMENT_3D('',#7221,#5698,#5699);
#4497=AXIS2_PLACEMENT_3D('',#7222,#5700,#5701);
#4498=AXIS2_PLACEMENT_3D('',#7223,#5702,#5703);
#4499=AXIS2_PLACEMENT_3D('',#7224,#5704,#5705);
#4500=DIRECTION('axis',(0.,0.,1.));
#4501=DIRECTION('refdir',(1.,0.,0.));
#4502=DIRECTION('center_axis',(-2.93451019725454E-16,0.,-1.));
#4503=DIRECTION('ref_axis',(-1.,0.,2.93451019725454E-16));
#4504=DIRECTION('center_axis',(2.93451019725454E-16,0.,1.));
#4505=DIRECTION('ref_axis',(-1.,0.,2.93451019725454E-16));
#4506=DIRECTION('',(2.93451019725454E-16,0.,1.));
#4507=DIRECTION('center_axis',(-3.70074341541719E-16,0.,-1.));
#4508=DIRECTION('ref_axis',(-1.,0.,2.93451019725454E-16));
#4509=DIRECTION('center_axis',(0.,1.,0.));
#4510=DIRECTION('ref_axis',(-0.86602540378444,0.,-0.499999999999998));
#4511=DIRECTION('center_axis',(0.,1.,0.));
#4512=DIRECTION('ref_axis',(-0.86602540378444,0.,-0.499999999999998));
#4513=DIRECTION('',(0.683012701892217,-0.70710678118655,-0.183012701892218));
#4514=DIRECTION('center_axis',(0.,-1.,0.));
#4515=DIRECTION('ref_axis',(-0.86602540378444,0.,-0.499999999999998));
#4516=DIRECTION('center_axis',(0.683012701892222,0.707106781186545,-0.18301270189222));
#4517=DIRECTION('ref_axis',(-0.258819045102521,0.,-0.965925826289068));
#4518=DIRECTION('',(0.258819045102521,0.,0.965925826289068));
#4519=DIRECTION('',(0.683012701892218,-0.70710678118655,-0.183012701892217));
#4520=DIRECTION('',(-0.258819045102521,0.,-0.965925826289068));
#4521=DIRECTION('center_axis',(0.,1.,0.));
#4522=DIRECTION('ref_axis',(-0.5,0.,0.866025403784439));
#4523=DIRECTION('',(-0.183012701892227,-0.707106781186541,-0.683012701892224));
#4524=DIRECTION('center_axis',(0.,-1.,0.));
#4525=DIRECTION('ref_axis',(-0.5,0.,0.866025403784439));
#4526=DIRECTION('center_axis',(0.,1.,0.));
#4527=DIRECTION('ref_axis',(-0.5,0.,0.866025403784439));
#4528=DIRECTION('center_axis',(-0.183012701892219,0.707106781186547,-0.68301270189222));
#4529=DIRECTION('ref_axis',(-0.965925826289068,0.,0.25881904510252));
#4530=DIRECTION('',(0.965925826289068,0.,-0.25881904510252));
#4531=DIRECTION('',(-0.183012701892216,-0.707106781186548,-0.683012701892219));
#4532=DIRECTION('',(-0.965925826289068,0.,0.25881904510252));
#4533=DIRECTION('center_axis',(0.,1.,0.));
#4534=DIRECTION('ref_axis',(0.86602540378444,0.,0.499999999999997));
#4535=DIRECTION('',(-0.683012701892205,-0.707106781186562,0.183012701892217));
#4536=DIRECTION('center_axis',(0.,-1.,0.));
#4537=DIRECTION('ref_axis',(0.86602540378444,0.,0.499999999999997));
#4538=DIRECTION('center_axis',(0.,1.,0.));
#4539=DIRECTION('ref_axis',(0.86602540378444,0.,0.499999999999997));
#4540=DIRECTION('center_axis',(-0.683012701892224,0.707106781186543,0.183012701892221));
#4541=DIRECTION('ref_axis',(0.258819045102521,0.,0.965925826289068));
#4542=DIRECTION('',(0.683012701892215,0.707106781186552,-0.183012701892218));
#4543=DIRECTION('',(0.258819045102521,0.,0.965925826289068));
#4544=DIRECTION('',(-0.258819045102521,0.,-0.965925826289068));
#4545=DIRECTION('center_axis',(0.,1.,0.));
#4546=DIRECTION('ref_axis',(0.,0.,1.));
#4547=DIRECTION('',(-0.965925826289068,0.,0.258819045102522));
#4548=DIRECTION('center_axis',(0.,-1.,0.));
#4549=DIRECTION('ref_axis',(-0.5,0.,0.866025403784439));
#4550=DIRECTION('',(-0.258819045102521,0.,-0.965925826289068));
#4551=DIRECTION('center_axis',(0.,-1.,0.));
#4552=DIRECTION('ref_axis',(-0.816880913615792,0.,0.576806356561914));
#4553=DIRECTION('',(-0.823655957655578,0.,-0.567089819533443));
#4554=DIRECTION('center_axis',(0.,-1.,0.));
#4555=DIRECTION('ref_axis',(-0.707106781186549,0.,0.707106781186546));
#4556=DIRECTION('',(-1.,0.,0.));
#4557=DIRECTION('',(0.,0.,-1.));
#4558=DIRECTION('center_axis',(0.,1.,0.));
#4559=DIRECTION('ref_axis',(-0.707106781186548,0.,0.707106781186548));
#4560=DIRECTION('',(4.40976435014665E-16,0.,1.));
#4561=DIRECTION('',(1.,0.,0.));
#4562=DIRECTION('center_axis',(0.,1.,0.));
#4563=DIRECTION('ref_axis',(-0.348037415357633,0.,0.937480643806142));
#4564=DIRECTION('',(0.757739915022357,0.,0.652556680436199));
#4565=DIRECTION('',(-0.258819045102521,0.,-0.965925826289068));
#4566=DIRECTION('center_axis',(0.,-1.,0.));
#4567=DIRECTION('ref_axis',(0.965925826289068,0.,-0.258819045102521));
#4568=DIRECTION('',(0.965925826289068,0.,-0.258819045102521));
#4569=DIRECTION('center_axis',(-0.683012701892222,0.707106781186545,0.18301270189222));
#4570=DIRECTION('ref_axis',(0.258819045102521,0.,0.965925826289068));
#4571=DIRECTION('center_axis',(-0.683012701892222,0.707106781186545,0.18301270189222));
#4572=DIRECTION('ref_axis',(-0.683012701892217,-0.70710678118655,0.183012701892219));
#4573=DIRECTION('',(0.258819045102521,0.,0.965925826289068));
#4574=DIRECTION('',(0.683012701892218,0.70710678118655,-0.183012701892217));
#4575=DIRECTION('center_axis',(0.,-1.,0.));
#4576=DIRECTION('ref_axis',(-0.816880913615792,0.,0.576806356561914));
#4577=DIRECTION('center_axis',(0.,1.,0.));
#4578=DIRECTION('ref_axis',(-0.816880913615792,0.,0.576806356561914));
#4579=DIRECTION('',(0.400993056933951,0.707106781186549,-0.582412713022959));
#4580=DIRECTION('center_axis',(-0.400993056933955,0.707106781186545,0.582412713022961));
#4581=DIRECTION('ref_axis',(0.823655957655578,0.,0.567089819533443));
#4582=DIRECTION('',(0.400993056933955,0.707106781186549,-0.582412713022956));
#4583=DIRECTION('',(0.823655957655578,0.,0.567089819533443));
#4584=DIRECTION('center_axis',(0.,-1.,0.));
#4585=DIRECTION('ref_axis',(-0.707106781186549,0.,0.707106781186546));
#4586=DIRECTION('center_axis',(0.,1.,0.));
#4587=DIRECTION('ref_axis',(-0.707106781186549,0.,0.707106781186546));
#4588=DIRECTION('',(0.,0.707106781186549,-0.707106781186546));
#4589=DIRECTION('center_axis',(0.,0.707106781186546,0.707106781186549));
#4590=DIRECTION('ref_axis',(1.,0.,0.));
#4591=DIRECTION('center_axis',(0.,0.707106781186546,0.707106781186549));
#4592=DIRECTION('ref_axis',(0.,-0.707106781186549,0.707106781186546));
#4593=DIRECTION('',(1.,0.,0.));
#4594=DIRECTION('center_axis',(0.,0.,1.));
#4595=DIRECTION('ref_axis',(1.,0.,0.));
#4596=DIRECTION('',(0.,1.,0.));
#4597=DIRECTION('',(0.,1.,0.));
#4598=DIRECTION('',(-1.,0.,0.));
#4599=DIRECTION('',(0.,-1.,0.));
#4600=DIRECTION('',(1.,0.,0.));
#4601=DIRECTION('',(0.,1.,0.));
#4602=DIRECTION('',(-0.707106781186548,0.707106781186548,0.));
#4603=DIRECTION('center_axis',(0.,1.,0.));
#4604=DIRECTION('ref_axis',(-0.707106781186549,0.,0.707106781186546));
#4605=DIRECTION('',(0.,1.,0.));
#4606=DIRECTION('center_axis',(0.,-1.,0.));
#4607=DIRECTION('ref_axis',(-0.707106781186549,0.,0.707106781186546));
#4608=DIRECTION('center_axis',(-0.567089819533443,0.,0.823655957655578));
#4609=DIRECTION('ref_axis',(0.823655957655578,0.,0.567089819533443));
#4610=DIRECTION('',(0.,1.,0.));
#4611=DIRECTION('',(-0.823655957655578,0.,-0.567089819533443));
#4612=DIRECTION('center_axis',(0.,1.,0.));
#4613=DIRECTION('ref_axis',(-0.816880913615792,0.,0.576806356561914));
#4614=DIRECTION('',(0.,-1.,0.));
#4615=DIRECTION('center_axis',(0.,-1.,0.));
#4616=DIRECTION('ref_axis',(-0.816880913615792,0.,0.576806356561914));
#4617=DIRECTION('center_axis',(-0.965925826289068,0.,0.258819045102521));
#4618=DIRECTION('ref_axis',(0.258819045102521,0.,0.965925826289068));
#4619=DIRECTION('',(0.,-1.,0.));
#4620=DIRECTION('',(-0.258819045102521,0.,-0.965925826289068));
#4621=DIRECTION('',(0.,1.,0.));
#4622=DIRECTION('',(-0.258819045102521,0.,-0.965925826289068));
#4623=DIRECTION('center_axis',(0.461427253845019,0.707106781186548,-0.535803032288026));
#4624=DIRECTION('ref_axis',(-0.757739915022357,0.,-0.652556680436199));
#4625=DIRECTION('',(0.612220755558305,-0.690884072917809,-0.384532110820563));
#4626=DIRECTION('',(0.46142725384502,-0.707106781186547,-0.535803032288027));
#4627=DIRECTION('',(-0.757739915022357,0.,-0.652556680436199));
#4628=DIRECTION('center_axis',(0.461427253845019,0.707106781186548,-0.535803032288026));
#4629=DIRECTION('ref_axis',(0.874674049037323,-0.261547697682298,0.408090810699952));
#4630=DIRECTION('center_axis',(0.,1.,0.));
#4631=DIRECTION('ref_axis',(-0.348037415357633,0.,0.937480643806142));
#4632=DIRECTION('',(0.,-0.707106781186547,-0.707106781186548));
#4633=DIRECTION('center_axis',(0.,-1.,0.));
#4634=DIRECTION('ref_axis',(-0.348037415357633,0.,0.937480643806142));
#4635=DIRECTION('center_axis',(0.,0.707106781186548,-0.707106781186547));
#4636=DIRECTION('ref_axis',(-1.,0.,0.));
#4637=DIRECTION('',(0.,-0.707106781186547,-0.707106781186548));
#4638=DIRECTION('',(-1.,0.,0.));
#4639=DIRECTION('center_axis',(0.707106781186547,0.707106781186548,-3.11817427542338E-16));
#4640=DIRECTION('ref_axis',(-4.40976435014665E-16,0.,-1.));
#4641=DIRECTION('',(-0.707106781186549,0.707106781186546,0.));
#4642=DIRECTION('',(0.707106781186549,-0.707106781186546,0.));
#4643=DIRECTION('',(-4.40976435014665E-16,0.,-1.));
#4644=DIRECTION('center_axis',(0.,1.,0.));
#4645=DIRECTION('ref_axis',(-0.707106781186548,0.,0.707106781186548));
#4646=DIRECTION('',(5.02429586778809E-14,-0.707106781186549,-0.707106781186546));
#4647=DIRECTION('center_axis',(0.,-1.,0.));
#4648=DIRECTION('ref_axis',(-0.707106781186548,0.,0.707106781186548));
#4649=DIRECTION('center_axis',(0.,0.707106781186546,-0.707106781186549));
#4650=DIRECTION('ref_axis',(-1.,0.,0.));
#4651=DIRECTION('center_axis',(0.,0.707106781186546,-0.707106781186549));
#4652=DIRECTION('ref_axis',(0.,-0.707106781186549,-0.707106781186546));
#4653=DIRECTION('',(-1.,0.,0.));
#4654=DIRECTION('center_axis',(0.,-1.,0.));
#4655=DIRECTION('ref_axis',(0.707106781186545,0.,-0.70710678118655));
#4656=DIRECTION('center_axis',(0.,1.,0.));
#4657=DIRECTION('ref_axis',(0.707106781186545,0.,-0.70710678118655));
#4658=DIRECTION('center_axis',(0.652556680436199,0.,-0.757739915022357));
#4659=DIRECTION('ref_axis',(-0.757739915022357,0.,-0.652556680436199));
#4660=DIRECTION('',(0.660278987746299,-0.490609682140584,0.568624479011094));
#4661=DIRECTION('',(0.,1.,0.));
#4662=DIRECTION('',(0.757739915022357,0.,0.652556680436199));
#4663=DIRECTION('',(0.,-1.,0.));
#4664=DIRECTION('center_axis',(0.,-1.,0.));
#4665=DIRECTION('ref_axis',(-0.348037415357633,0.,0.937480643806142));
#4666=DIRECTION('',(0.,-1.,0.));
#4667=DIRECTION('center_axis',(0.,1.,0.));
#4668=DIRECTION('ref_axis',(-0.348037415357633,0.,0.937480643806142));
#4669=DIRECTION('center_axis',(0.,0.,-1.));
#4670=DIRECTION('ref_axis',(-1.,0.,0.));
#4671=DIRECTION('',(0.,1.,0.));
#4672=DIRECTION('',(1.,0.,0.));
#4673=DIRECTION('center_axis',(0.,1.,0.));
#4674=DIRECTION('ref_axis',(0.707106781186544,0.,-0.707106781186551));
#4675=DIRECTION('',(0.,-1.,0.));
#4676=DIRECTION('center_axis',(0.,-1.,0.));
#4677=DIRECTION('ref_axis',(0.707106781186544,0.,-0.707106781186551));
#4678=DIRECTION('center_axis',(1.,0.,-4.40976435014665E-16));
#4679=DIRECTION('ref_axis',(-4.40976435014665E-16,0.,-1.));
#4680=DIRECTION('',(0.,1.,0.));
#4681=DIRECTION('',(4.40976435014665E-16,0.,1.));
#4682=DIRECTION('center_axis',(0.,1.,0.));
#4683=DIRECTION('ref_axis',(1.,0.,0.));
#4684=DIRECTION('center_axis',(0.,1.,0.));
#4685=DIRECTION('ref_axis',(1.,0.,0.));
#4686=DIRECTION('',(0.707106781186548,-0.707106781186547,-8.65956056235494E-17));
#4687=DIRECTION('center_axis',(0.,-1.,0.));
#4688=DIRECTION('ref_axis',(1.,0.,0.));
#4689=DIRECTION('center_axis',(0.,1.,0.));
#4690=DIRECTION('ref_axis',(0.,0.,1.));
#4691=DIRECTION('',(3.20731096002823E-16,0.,-1.));
#4692=DIRECTION('center_axis',(0.,-1.,0.));
#4693=DIRECTION('ref_axis',(-0.707106781186548,0.,0.707106781186548));
#4694=DIRECTION('',(-1.,0.,0.));
#4695=DIRECTION('center_axis',(0.,1.,0.));
#4696=DIRECTION('ref_axis',(0.707106781186549,0.,-0.707106781186546));
#4697=DIRECTION('',(0.,0.,-1.));
#4698=DIRECTION('center_axis',(0.,1.,0.));
#4699=DIRECTION('ref_axis',(0.707106781186546,0.,0.707106781186549));
#4700=DIRECTION('',(1.,0.,0.));
#4701=DIRECTION('center_axis',(0.,-1.,0.));
#4702=DIRECTION('ref_axis',(-0.296937739555303,0.,-0.954896841982309));
#4703=DIRECTION('',(0.823655957655578,0.,-0.567089819533443));
#4704=DIRECTION('center_axis',(0.,-1.,0.));
#4705=DIRECTION('ref_axis',(0.053966445568044,0.,-0.998542749586993));
#4706=DIRECTION('center_axis',(0.,1.,0.));
#4707=DIRECTION('ref_axis',(-0.707106781186548,0.,0.707106781186548));
#4708=DIRECTION('',(1.,0.,0.));
#4709=DIRECTION('center_axis',(0.,1.,0.));
#4710=DIRECTION('ref_axis',(0.707106781186625,0.,0.707106781186471));
#4711=DIRECTION('',(0.,0.,-1.));
#4712=DIRECTION('',(0.,0.,-1.));
#4713=DIRECTION('',(0.,0.,-1.));
#4714=DIRECTION('',(-1.,0.,0.));
#4715=DIRECTION('center_axis',(0.,1.,0.));
#4716=DIRECTION('ref_axis',(-0.707106781186541,0.,-0.707106781186554));
#4717=DIRECTION('',(4.40976435014665E-16,0.,1.));
#4718=DIRECTION('center_axis',(0.,-1.,0.));
#4719=DIRECTION('ref_axis',(0.707106781186554,0.,0.707106781186541));
#4720=DIRECTION('',(-1.,0.,0.));
#4721=DIRECTION('center_axis',(0.,1.,0.));
#4722=DIRECTION('ref_axis',(0.707106781186548,0.,-0.707106781186548));
#4723=DIRECTION('',(0.,0.,-1.));
#4724=DIRECTION('center_axis',(0.,1.,0.));
#4725=DIRECTION('ref_axis',(0.70710678118655,0.,0.707106781186545));
#4726=DIRECTION('',(1.,0.,0.));
#4727=DIRECTION('center_axis',(0.,1.,0.));
#4728=DIRECTION('ref_axis',(-0.707106781186548,0.,0.707106781186548));
#4729=DIRECTION('',(0.,0.,1.));
#4730=DIRECTION('center_axis',(0.,1.,0.));
#4731=DIRECTION('ref_axis',(-0.707106781186548,0.,-0.707106781186548));
#4732=DIRECTION('',(-1.,0.,0.));
#4733=DIRECTION('center_axis',(0.,1.,0.));
#4734=DIRECTION('ref_axis',(0.707106781186549,0.,0.707106781186546));
#4735=DIRECTION('',(1.,0.,0.));
#4736=DIRECTION('center_axis',(0.,1.,0.));
#4737=DIRECTION('ref_axis',(-0.707106781186549,0.,0.707106781186546));
#4738=DIRECTION('',(0.,0.,1.));
#4739=DIRECTION('center_axis',(0.,1.,0.));
#4740=DIRECTION('ref_axis',(-0.707106781186551,0.,-0.707106781186544));
#4741=DIRECTION('',(-1.,0.,0.));
#4742=DIRECTION('center_axis',(0.,1.,0.));
#4743=DIRECTION('ref_axis',(0.707106781186549,0.,-0.707106781186546));
#4744=DIRECTION('',(0.,0.,-1.));
#4745=DIRECTION('center_axis',(0.,1.,0.));
#4746=DIRECTION('ref_axis',(1.,0.,0.));
#4747=DIRECTION('center_axis',(0.,1.,0.));
#4748=DIRECTION('ref_axis',(-1.,0.,0.));
#4749=DIRECTION('center_axis',(0.,1.,0.));
#4750=DIRECTION('ref_axis',(-1.,0.,0.));
#4751=DIRECTION('',(0.,1.,0.));
#4752=DIRECTION('center_axis',(0.,1.,0.));
#4753=DIRECTION('ref_axis',(0.707106781186547,0.,-0.707106781186547));
#4754=DIRECTION('',(0.,-0.707106781186549,0.707106781186546));
#4755=DIRECTION('center_axis',(0.,-1.,0.));
#4756=DIRECTION('ref_axis',(0.707106781186548,0.,-0.707106781186548));
#4757=DIRECTION('',(0.707106781186546,0.707106781186549,0.));
#4758=DIRECTION('center_axis',(0.,0.707106781186549,0.707106781186546));
#4759=DIRECTION('ref_axis',(1.,0.,0.));
#4760=DIRECTION('',(0.,-0.707106781186546,0.707106781186549));
#4761=DIRECTION('',(1.,0.,0.));
#4762=DIRECTION('center_axis',(0.,1.,0.));
#4763=DIRECTION('ref_axis',(-0.707106781186547,0.,-0.707106781186547));
#4764=DIRECTION('',(0.707106781186546,-0.707106781186549,0.));
#4765=DIRECTION('center_axis',(0.,-1.,0.));
#4766=DIRECTION('ref_axis',(-0.707106781186548,0.,-0.707106781186548));
#4767=DIRECTION('center_axis',(0.707106781186549,0.707106781186546,0.));
#4768=DIRECTION('ref_axis',(0.,0.,-1.));
#4769=DIRECTION('',(0.707106781186546,-0.707106781186549,0.));
#4770=DIRECTION('',(0.,0.,-1.));
#4771=DIRECTION('center_axis',(0.,1.,0.));
#4772=DIRECTION('ref_axis',(-0.707106781186548,0.,0.707106781186548));
#4773=DIRECTION('',(0.,-0.707106781186549,-0.707106781186546));
#4774=DIRECTION('center_axis',(0.,-1.,0.));
#4775=DIRECTION('ref_axis',(-0.707106781186548,0.,0.707106781186548));
#4776=DIRECTION('center_axis',(0.,0.707106781186548,-0.707106781186547));
#4777=DIRECTION('ref_axis',(-1.,0.,0.));
#4778=DIRECTION('',(0.,-0.707106781186547,-0.707106781186548));
#4779=DIRECTION('',(-1.,0.,0.));
#4780=DIRECTION('center_axis',(0.,1.,0.));
#4781=DIRECTION('ref_axis',(0.70710678118655,0.,0.707106781186545));
#4782=DIRECTION('',(-0.707106781186545,-0.70710678118655,0.));
#4783=DIRECTION('center_axis',(0.,-1.,0.));
#4784=DIRECTION('ref_axis',(0.70710678118655,0.,0.707106781186545));
#4785=DIRECTION('center_axis',(-0.707106781186546,0.707106781186549,0.));
#4786=DIRECTION('ref_axis',(0.,0.,1.));
#4787=DIRECTION('',(0.,0.,1.));
#4788=DIRECTION('center_axis',(0.,0.,1.));
#4789=DIRECTION('ref_axis',(1.,0.,0.));
#4790=DIRECTION('',(0.,1.,0.));
#4791=DIRECTION('',(1.,0.,0.));
#4792=DIRECTION('',(0.,-1.,0.));
#4793=DIRECTION('center_axis',(0.,1.,0.));
#4794=DIRECTION('ref_axis',(0.70710678118655,0.,0.707106781186545));
#4795=DIRECTION('',(0.,-1.,0.));
#4796=DIRECTION('center_axis',(0.,1.,0.));
#4797=DIRECTION('ref_axis',(0.70710678118655,0.,0.707106781186545));
#4798=DIRECTION('center_axis',(1.,0.,0.));
#4799=DIRECTION('ref_axis',(0.,0.,-1.));
#4800=DIRECTION('',(0.,1.,0.));
#4801=DIRECTION('',(0.,0.,-1.));
#4802=DIRECTION('center_axis',(0.,1.,0.));
#4803=DIRECTION('ref_axis',(0.707106781186548,0.,-0.707106781186548));
#4804=DIRECTION('',(0.,-1.,0.));
#4805=DIRECTION('center_axis',(0.,1.,0.));
#4806=DIRECTION('ref_axis',(0.707106781186548,0.,-0.707106781186548));
#4807=DIRECTION('center_axis',(0.,1.,0.));
#4808=DIRECTION('ref_axis',(0.707106781186549,0.,0.707106781186546));
#4809=DIRECTION('',(-0.707106781186546,-0.707106781186549,0.));
#4810=DIRECTION('center_axis',(0.,-1.,0.));
#4811=DIRECTION('ref_axis',(0.707106781186549,0.,0.707106781186546));
#4812=DIRECTION('',(0.,0.707106781186547,0.707106781186548));
#4813=DIRECTION('center_axis',(-0.707106781186547,0.707106781186548,0.));
#4814=DIRECTION('ref_axis',(0.,0.,1.));
#4815=DIRECTION('',(-0.707106781186548,-0.707106781186547,0.));
#4816=DIRECTION('',(0.,0.,1.));
#4817=DIRECTION('center_axis',(0.,1.,0.));
#4818=DIRECTION('ref_axis',(0.707106781186549,0.,-0.707106781186546));
#4819=DIRECTION('',(0.,-0.707106781186549,0.707106781186546));
#4820=DIRECTION('center_axis',(0.,-1.,0.));
#4821=DIRECTION('ref_axis',(0.707106781186549,0.,-0.707106781186546));
#4822=DIRECTION('center_axis',(0.,0.707106781186546,0.707106781186549));
#4823=DIRECTION('ref_axis',(1.,0.,0.));
#4824=DIRECTION('',(0.,-0.707106781186549,0.707106781186546));
#4825=DIRECTION('',(1.,0.,0.));
#4826=DIRECTION('center_axis',(0.,1.,0.));
#4827=DIRECTION('ref_axis',(-0.707106781186551,0.,-0.707106781186544));
#4828=DIRECTION('',(0.707106781186545,-0.70710678118655,0.));
#4829=DIRECTION('center_axis',(0.,-1.,0.));
#4830=DIRECTION('ref_axis',(-0.707106781186551,0.,-0.707106781186544));
#4831=DIRECTION('center_axis',(0.70710678118655,0.707106781186545,0.));
#4832=DIRECTION('ref_axis',(0.,0.,-1.));
#4833=DIRECTION('',(0.707106781186545,-0.70710678118655,0.));
#4834=DIRECTION('',(0.,0.,-1.));
#4835=DIRECTION('center_axis',(0.,1.,0.));
#4836=DIRECTION('ref_axis',(-0.707106781186549,0.,0.707106781186546));
#4837=DIRECTION('',(0.,-0.707106781186547,-0.707106781186548));
#4838=DIRECTION('center_axis',(0.,-1.,0.));
#4839=DIRECTION('ref_axis',(-0.707106781186549,0.,0.707106781186546));
#4840=DIRECTION('center_axis',(0.,0.707106781186548,-0.707106781186547));
#4841=DIRECTION('ref_axis',(-1.,0.,0.));
#4842=DIRECTION('',(-1.,0.,0.));
#4843=DIRECTION('center_axis',(-1.,0.,0.));
#4844=DIRECTION('ref_axis',(0.,0.,1.));
#4845=DIRECTION('',(0.,1.,0.));
#4846=DIRECTION('',(0.,0.,1.));
#4847=DIRECTION('',(0.,-1.,0.));
#4848=DIRECTION('center_axis',(0.,1.,0.));
#4849=DIRECTION('ref_axis',(-0.707106781186549,0.,0.707106781186546));
#4850=DIRECTION('',(0.,-1.,0.));
#4851=DIRECTION('center_axis',(0.,1.,0.));
#4852=DIRECTION('ref_axis',(-0.707106781186549,0.,0.707106781186546));
#4853=DIRECTION('center_axis',(0.,0.,1.));
#4854=DIRECTION('ref_axis',(1.,0.,0.));
#4855=DIRECTION('',(0.,1.,0.));
#4856=DIRECTION('',(1.,0.,0.));
#4857=DIRECTION('center_axis',(0.,1.,0.));
#4858=DIRECTION('ref_axis',(0.707106781186549,0.,0.707106781186546));
#4859=DIRECTION('',(0.,-1.,0.));
#4860=DIRECTION('center_axis',(0.,1.,0.));
#4861=DIRECTION('ref_axis',(0.707106781186549,0.,0.707106781186546));
#4862=DIRECTION('center_axis',(-0.40099305693395,0.707106781186552,-0.582412713022956));
#4863=DIRECTION('ref_axis',(-0.823655957655578,0.,0.567089819533443));
#4864=DIRECTION('center_axis',(-0.40099305693395,0.707106781186552,-0.582412713022956));
#4865=DIRECTION('ref_axis',(-0.400993056933955,-0.707106781186543,-0.582412713022963));
#4866=DIRECTION('',(-0.400993056933956,-0.707106781186546,-0.582412713022959));
#4867=DIRECTION('',(-0.823655957655578,0.,0.567089819533443));
#4868=DIRECTION('center_axis',(0.,-1.,0.));
#4869=DIRECTION('ref_axis',(-0.296937739555303,0.,-0.954896841982309));
#4870=DIRECTION('',(0.,-0.707106781186546,-0.707106781186549));
#4871=DIRECTION('center_axis',(0.,1.,0.));
#4872=DIRECTION('ref_axis',(-0.296937739555303,0.,-0.954896841982309));
#4873=DIRECTION('center_axis',(0.,0.707106781186546,-0.707106781186549));
#4874=DIRECTION('ref_axis',(-1.,0.,0.));
#4875=DIRECTION('',(0.,-0.707106781186549,-0.707106781186546));
#4876=DIRECTION('',(-1.,0.,0.));
#4877=DIRECTION('center_axis',(0.,1.,0.));
#4878=DIRECTION('ref_axis',(0.707106781186546,0.,0.707106781186549));
#4879=DIRECTION('',(-0.707106781186549,-0.707106781186546,0.));
#4880=DIRECTION('center_axis',(0.,-1.,0.));
#4881=DIRECTION('ref_axis',(0.707106781186546,0.,0.707106781186549));
#4882=DIRECTION('center_axis',(-0.707106781186547,0.707106781186548,0.));
#4883=DIRECTION('ref_axis',(0.,0.,1.));
#4884=DIRECTION('',(-0.707106781186548,-0.707106781186547,0.));
#4885=DIRECTION('',(0.,0.,1.));
#4886=DIRECTION('center_axis',(0.,1.,0.));
#4887=DIRECTION('ref_axis',(0.707106781186549,0.,-0.707106781186546));
#4888=DIRECTION('',(0.,-0.707106781186549,0.707106781186546));
#4889=DIRECTION('center_axis',(0.,-1.,0.));
#4890=DIRECTION('ref_axis',(0.707106781186549,0.,-0.707106781186546));
#4891=DIRECTION('center_axis',(0.,0.707106781186546,0.707106781186549));
#4892=DIRECTION('ref_axis',(1.,0.,0.));
#4893=DIRECTION('',(0.,-0.707106781186549,0.707106781186546));
#4894=DIRECTION('',(1.,0.,0.));
#4895=DIRECTION('center_axis',(0.,-1.,0.));
#4896=DIRECTION('ref_axis',(-0.707106781186548,0.,0.707106781186548));
#4897=DIRECTION('',(-0.707106781186548,-0.707106781186547,0.));
#4898=DIRECTION('center_axis',(0.,1.,0.));
#4899=DIRECTION('ref_axis',(-0.707106781186548,0.,0.707106781186548));
#4900=DIRECTION('center_axis',(-0.707106781186547,0.707106781186548,-2.2679113292099E-16));
#4901=DIRECTION('ref_axis',(-3.20731096002823E-16,0.,1.));
#4902=DIRECTION('center_axis',(-0.707106781186547,0.707106781186548,-2.2679113292099E-16));
#4903=DIRECTION('ref_axis',(-0.707106781186548,-0.707106781186547,-2.4532694666934E-16));
#4904=DIRECTION('',(-3.20731096002823E-16,0.,1.));
#4905=DIRECTION('center_axis',(9.34578844490412E-17,-0.707106781186547,
0.707106781186548));
#4906=DIRECTION('ref_axis',(1.,0.,-1.32169407698532E-16));
#4907=DIRECTION('',(0.577350269189626,0.577350269189626,0.577350269189625));
#4908=DIRECTION('',(1.,0.,-1.32169407698532E-16));
#4909=DIRECTION('',(0.,0.707106781186548,0.707106781186547));
#4910=DIRECTION('',(-1.,0.,1.32169407698532E-16));
#4911=DIRECTION('center_axis',(0.,-1.,0.));
#4912=DIRECTION('ref_axis',(1.,0.,-4.72233361049203E-11));
#4913=DIRECTION('',(-0.707106781186545,0.70710678118655,3.33919413650573E-11));
#4914=DIRECTION('center_axis',(0.,1.,0.));
#4915=DIRECTION('ref_axis',(1.,0.,-4.72233361049203E-11));
#4916=DIRECTION('center_axis',(0.,-1.,0.));
#4917=DIRECTION('ref_axis',(1.,0.,-4.72233361049203E-11));
#4918=DIRECTION('center_axis',(-0.707106781186547,-0.707106781186548,3.3392452006757E-11));
#4919=DIRECTION('ref_axis',(4.72240585088484E-11,0.,1.));
#4920=DIRECTION('',(-0.707106781186549,0.707106781186546,3.33919413650571E-11));
#4921=DIRECTION('',(-4.72240585088484E-11,0.,-1.));
#4922=DIRECTION('',(4.72240585088484E-11,0.,1.));
#4923=DIRECTION('center_axis',(0.,1.,0.));
#4924=DIRECTION('ref_axis',(-1.,0.,4.72234876762613E-11));
#4925=DIRECTION('',(0.500000000514672,0.707106781186548,0.499999999485328));
#4926=DIRECTION('center_axis',(0.,-1.,0.));
#4927=DIRECTION('ref_axis',(-1.,0.,4.72234876762613E-11));
#4928=DIRECTION('center_axis',(0.,1.,0.));
#4929=DIRECTION('ref_axis',(-1.,0.,4.72234876762613E-11));
#4930=DIRECTION('center_axis',(0.500000000514672,-0.707106781186548,0.499999999485327));
#4931=DIRECTION('ref_axis',(0.707106780458691,0.,-0.707106781914404));
#4932=DIRECTION('',(-0.707106780458691,0.,0.707106781914404));
#4933=DIRECTION('',(0.707106780458691,0.,-0.707106781914404));
#4934=DIRECTION('',(0.678598344633589,0.678598344620315,0.281084637323213));
#4935=DIRECTION('center_axis',(0.707106781186547,-0.707106781186548,-3.33920230667566E-11));
#4936=DIRECTION('ref_axis',(-4.72234518960824E-11,0.,-1.));
#4937=DIRECTION('',(-4.72234518960824E-11,0.,-1.));
#4938=DIRECTION('',(0.707106781186549,0.707106781186546,-3.33923338881718E-11));
#4939=DIRECTION('',(4.72234518960824E-11,0.,1.));
#4940=DIRECTION('center_axis',(0.,1.,0.));
#4941=DIRECTION('ref_axis',(0.707106781169851,0.,-0.707106781203244));
#4942=DIRECTION('',(0.,0.707106781186548,-0.707106781186547));
#4943=DIRECTION('center_axis',(0.,-1.,0.));
#4944=DIRECTION('ref_axis',(0.707106781169851,0.,-0.707106781203244));
#4945=DIRECTION('center_axis',(0.,1.,0.));
#4946=DIRECTION('ref_axis',(0.707106781169851,0.,-0.707106781203244));
#4947=DIRECTION('center_axis',(-8.76167666211849E-17,-0.707106781186547,
-0.707106781186548));
#4948=DIRECTION('ref_axis',(-1.,0.,1.23908819646958E-16));
#4949=DIRECTION('',(0.,0.707106781186548,-0.707106781186547));
#4950=DIRECTION('',(1.,0.,-1.23908819646958E-16));
#4951=DIRECTION('',(-1.,0.,1.23908819646958E-16));
#4952=DIRECTION('center_axis',(0.,-1.,0.));
#4953=DIRECTION('ref_axis',(-0.707106781179025,0.,0.70710678119407));
#4954=DIRECTION('',(0.707106781186546,0.707106781186549,-1.50448222006653E-11));
#4955=DIRECTION('center_axis',(0.,1.,0.));
#4956=DIRECTION('ref_axis',(-0.707106781179025,0.,0.70710678119407));
#4957=DIRECTION('center_axis',(0.,-1.,0.));
#4958=DIRECTION('ref_axis',(-0.707106781179025,0.,0.70710678119407));
#4959=DIRECTION('center_axis',(0.707106781186549,-0.707106781186546,-1.50452691141667E-11));
#4960=DIRECTION('ref_axis',(-2.12772236308075E-11,0.,-1.));
#4961=DIRECTION('',(0.707106781186548,0.707106781186547,-1.50446259391079E-11));
#4962=DIRECTION('',(2.12772236308075E-11,0.,1.));
#4963=DIRECTION('',(-2.12772236308075E-11,0.,-1.));
#4964=DIRECTION('center_axis',(0.,-1.,0.));
#4965=DIRECTION('ref_axis',(0.,0.,-1.));
#4966=DIRECTION('',(0.,0.707106781186547,0.707106781186548));
#4967=DIRECTION('center_axis',(0.,1.,0.));
#4968=DIRECTION('ref_axis',(0.,0.,-1.));
#4969=DIRECTION('center_axis',(0.,-1.,0.));
#4970=DIRECTION('ref_axis',(0.,0.,-1.));
#4971=DIRECTION('center_axis',(2.61682076447296E-16,-0.707106781186548,
0.707106781186547));
#4972=DIRECTION('ref_axis',(1.,0.,-3.70074341541719E-16));
#4973=DIRECTION('',(0.,0.707106781186547,0.707106781186548));
#4974=DIRECTION('',(-1.,0.,3.70074341541719E-16));
#4975=DIRECTION('',(1.,0.,-3.70074341541719E-16));
#4976=DIRECTION('center_axis',(0.707106781186547,-0.707106781186548,-3.14018491736755E-16));
#4977=DIRECTION('ref_axis',(-4.44089209850063E-16,0.,-1.));
#4978=DIRECTION('',(0.707106781186548,0.707106781186547,0.));
#4979=DIRECTION('',(4.44089209850063E-16,0.,1.));
#4980=DIRECTION('',(-0.707106781186548,-0.707106781186547,0.));
#4981=DIRECTION('',(-4.44089209850063E-16,0.,-1.));
#4982=DIRECTION('center_axis',(0.,1.,0.));
#4983=DIRECTION('ref_axis',(0.707106781186549,0.,0.707106781186546));
#4984=DIRECTION('center_axis',(0.,-1.,0.));
#4985=DIRECTION('ref_axis',(0.707106781186549,0.,0.707106781186546));
#4986=DIRECTION('center_axis',(-2.07501205993976E-16,-0.707106781186548,
-0.707106781186547));
#4987=DIRECTION('ref_axis',(-1.,0.,2.93451019725454E-16));
#4988=DIRECTION('',(-0.577350269189626,-0.577350269189625,0.577350269189626));
#4989=DIRECTION('',(1.,0.,-2.93451019725454E-16));
#4990=DIRECTION('',(0.,-0.707106781186547,0.707106781186548));
#4991=DIRECTION('',(-1.,0.,2.93451019725454E-16));
#4992=DIRECTION('center_axis',(0.,1.,0.));
#4993=DIRECTION('ref_axis',(0.707106781186545,0.,-0.70710678118655));
#4994=DIRECTION('center_axis',(0.,-1.,0.));
#4995=DIRECTION('ref_axis',(0.707106781186545,0.,-0.70710678118655));
#4996=DIRECTION('center_axis',(0.,1.,0.));
#4997=DIRECTION('ref_axis',(-1.,0.,4.72233361049203E-11));
#4998=DIRECTION('',(0.,1.,0.));
#4999=DIRECTION('center_axis',(0.,-1.,0.));
#5000=DIRECTION('ref_axis',(-1.,0.,4.72233361049203E-11));
#5001=DIRECTION('',(0.,1.,0.));
#5002=DIRECTION('center_axis',(-1.,0.,4.72240585088484E-11));
#5003=DIRECTION('ref_axis',(4.72240585088484E-11,0.,1.));
#5004=DIRECTION('',(0.,1.,0.));
#5005=DIRECTION('',(4.72240585088484E-11,0.,1.));
#5006=DIRECTION('center_axis',(0.,1.,0.));
#5007=DIRECTION('ref_axis',(-1.,0.,4.72234876762613E-11));
#5008=DIRECTION('',(0.,1.,0.));
#5009=DIRECTION('center_axis',(0.,1.,0.));
#5010=DIRECTION('ref_axis',(-1.,0.,4.72234876762613E-11));
#5011=DIRECTION('center_axis',(0.707106781914404,0.,0.707106780458691));
#5012=DIRECTION('ref_axis',(0.707106780458691,0.,-0.707106781914404));
#5013=DIRECTION('',(0.,1.,0.));
#5014=DIRECTION('',(0.707106780458691,0.,-0.707106781914404));
#5015=DIRECTION('center_axis',(1.,0.,-4.72234518960824E-11));
#5016=DIRECTION('ref_axis',(-4.72234518960824E-11,0.,-1.));
#5017=DIRECTION('',(0.,-1.,0.));
#5018=DIRECTION('',(-4.72234518960824E-11,0.,-1.));
#5019=DIRECTION('center_axis',(0.,1.,0.));
#5020=DIRECTION('ref_axis',(0.707106781169851,0.,-0.707106781203244));
#5021=DIRECTION('',(0.,1.,0.));
#5022=DIRECTION('center_axis',(0.,-1.,0.));
#5023=DIRECTION('ref_axis',(0.707106781169851,0.,-0.707106781203244));
#5024=DIRECTION('center_axis',(-1.23908819646958E-16,0.,-1.));
#5025=DIRECTION('ref_axis',(-1.,0.,1.23908819646958E-16));
#5026=DIRECTION('',(0.,-1.,0.));
#5027=DIRECTION('',(-1.,0.,1.23908819646958E-16));
#5028=DIRECTION('center_axis',(0.,1.,0.));
#5029=DIRECTION('ref_axis',(-0.707106781179025,0.,0.70710678119407));
#5030=DIRECTION('',(0.,1.,0.));
#5031=DIRECTION('center_axis',(0.,1.,0.));
#5032=DIRECTION('ref_axis',(-0.707106781179025,0.,0.70710678119407));
#5033=DIRECTION('center_axis',(1.,0.,-2.12772236308075E-11));
#5034=DIRECTION('ref_axis',(-2.12772236308075E-11,0.,-1.));
#5035=DIRECTION('',(0.,1.,0.));
#5036=DIRECTION('',(-2.12772236308075E-11,0.,-1.));
#5037=DIRECTION('center_axis',(0.,1.,0.));
#5038=DIRECTION('ref_axis',(0.,0.,1.));
#5039=DIRECTION('',(0.,1.,0.));
#5040=DIRECTION('center_axis',(0.,-1.,0.));
#5041=DIRECTION('ref_axis',(0.,0.,1.));
#5042=DIRECTION('center_axis',(3.70074341541719E-16,0.,1.));
#5043=DIRECTION('ref_axis',(1.,0.,-3.70074341541719E-16));
#5044=DIRECTION('',(0.,-1.,0.));
#5045=DIRECTION('',(1.,0.,-3.70074341541719E-16));
#5046=DIRECTION('center_axis',(0.,1.,0.));
#5047=DIRECTION('ref_axis',(0.707106781186549,0.,0.707106781186546));
#5048=DIRECTION('',(0.,1.,0.));
#5049=DIRECTION('center_axis',(0.,-1.,0.));
#5050=DIRECTION('ref_axis',(0.707106781186549,0.,0.707106781186546));
#5051=DIRECTION('center_axis',(1.,0.,-4.44089209850063E-16));
#5052=DIRECTION('ref_axis',(-4.44089209850063E-16,0.,-1.));
#5053=DIRECTION('',(0.,-1.,0.));
#5054=DIRECTION('',(-4.44089209850063E-16,0.,-1.));
#5055=DIRECTION('center_axis',(0.,1.,0.));
#5056=DIRECTION('ref_axis',(0.707106781186546,0.,-0.707106781186549));
#5057=DIRECTION('',(0.,1.,0.));
#5058=DIRECTION('center_axis',(0.,-1.,0.));
#5059=DIRECTION('ref_axis',(0.707106781186546,0.,-0.707106781186549));
#5060=DIRECTION('center_axis',(-2.93451019725454E-16,0.,-1.));
#5061=DIRECTION('ref_axis',(-1.,0.,2.93451019725454E-16));
#5062=DIRECTION('',(0.707106781186548,0.707106781186547,-2.07501205993976E-16));
#5063=DIRECTION('',(0.,1.,0.));
#5064=DIRECTION('center_axis',(2.93451019725454E-16,0.,1.));
#5065=DIRECTION('ref_axis',(-8.50480178636845E-16,1.,-1.6618319103055E-29));
#5066=DIRECTION('',(-1.,-1.8805869863404E-13,2.93451019725454E-16));
#5067=DIRECTION('',(0.,-1.,0.));
#5068=DIRECTION('',(0.707106781186548,-0.707106781186548,-2.07501205993976E-16));
#5069=DIRECTION('',(-1.,0.,2.93451019725454E-16));
#5070=DIRECTION('center_axis',(0.707106781186547,-0.707106781186548,0.));
#5071=DIRECTION('ref_axis',(0.,0.,-1.));
#5072=DIRECTION('',(-0.707106781186548,-0.707106781186547,0.));
#5073=DIRECTION('',(0.,0.,-1.));
#5074=DIRECTION('',(0.707106781186548,0.707106781186547,0.));
#5075=DIRECTION('center_axis',(0.,-1.,0.));
#5076=DIRECTION('ref_axis',(-0.707106781186549,0.,0.707106781186546));
#5077=DIRECTION('',(0.,-0.707106781186548,0.707106781186547));
#5078=DIRECTION('center_axis',(0.,-1.,0.));
#5079=DIRECTION('ref_axis',(-0.707106781186549,0.,0.707106781186546));
#5080=DIRECTION('center_axis',(0.,-0.707106781186548,-0.707106781186547));
#5081=DIRECTION('ref_axis',(-1.,0.,0.));
#5082=DIRECTION('',(0.,-0.707106781186547,0.707106781186548));
#5083=DIRECTION('',(-1.,0.,0.));
#5084=DIRECTION('center_axis',(0.,-1.,0.));
#5085=DIRECTION('ref_axis',(0.707106781186549,0.,0.707106781186546));
#5086=DIRECTION('',(0.707106781186547,-0.707106781186548,0.));
#5087=DIRECTION('center_axis',(0.,-1.,0.));
#5088=DIRECTION('ref_axis',(0.707106781186549,0.,0.707106781186546));
#5089=DIRECTION('center_axis',(-0.707106781186547,-0.707106781186548,0.));
#5090=DIRECTION('ref_axis',(0.,0.,1.));
#5091=DIRECTION('',(0.707106781186548,-0.707106781186547,0.));
#5092=DIRECTION('',(0.,0.,1.));
#5093=DIRECTION('',(0.,0.,-1.));
#5094=DIRECTION('center_axis',(0.,-1.,0.));
#5095=DIRECTION('ref_axis',(0.707106781186549,0.,-0.707106781186546));
#5096=DIRECTION('center_axis',(0.,1.,0.));
#5097=DIRECTION('ref_axis',(0.707106781186549,0.,-0.707106781186546));
#5098=DIRECTION('',(0.,-0.707106781186548,-0.707106781186547));
#5099=DIRECTION('center_axis',(0.,-1.,0.));
#5100=DIRECTION('ref_axis',(0.707106781186549,0.,-0.707106781186546));
#5101=DIRECTION('center_axis',(0.,-0.707106781186547,0.707106781186548));
#5102=DIRECTION('ref_axis',(1.,0.,0.));
#5103=DIRECTION('',(0.,-0.707106781186548,-0.707106781186547));
#5104=DIRECTION('',(1.,0.,0.));
#5105=DIRECTION('',(-1.,0.,0.));
#5106=DIRECTION('center_axis',(0.,-1.,0.));
#5107=DIRECTION('ref_axis',(-0.707106781186551,0.,-0.707106781186544));
#5108=DIRECTION('center_axis',(0.,1.,0.));
#5109=DIRECTION('ref_axis',(-0.707106781186551,0.,-0.707106781186544));
#5110=DIRECTION('center_axis',(0.,-1.,0.));
#5111=DIRECTION('ref_axis',(-0.707106781186551,0.,-0.707106781186544));
#5112=DIRECTION('center_axis',(0.,1.,0.));
#5113=DIRECTION('ref_axis',(0.,0.,1.));
#5114=DIRECTION('',(1.97372982155583E-16,0.,-1.));
#5115=DIRECTION('center_axis',(0.,1.,0.));
#5116=DIRECTION('ref_axis',(0.707106781186549,0.,0.707106781186546));
#5117=DIRECTION('',(1.,0.,0.));
#5118=DIRECTION('center_axis',(0.,1.,0.));
#5119=DIRECTION('ref_axis',(-0.707106781186549,0.,0.707106781186546));
#5120=DIRECTION('',(0.823655957655578,0.,0.567089819533443));
#5121=DIRECTION('center_axis',(0.,1.,0.));
#5122=DIRECTION('ref_axis',(-0.816880913615792,0.,0.576806356561914));
#5123=DIRECTION('',(0.258819045102521,0.,0.965925826289068));
#5124=DIRECTION('center_axis',(0.,1.,0.));
#5125=DIRECTION('ref_axis',(-0.938334841878521,0.,-0.34572781854634));
#5126=DIRECTION('',(-0.823655957655578,0.,0.567089819533442));
#5127=DIRECTION('center_axis',(0.,1.,0.));
#5128=DIRECTION('ref_axis',(-0.296937739555303,0.,-0.954896841982309));
#5129=DIRECTION('',(-1.,0.,0.));
#5130=DIRECTION('center_axis',(0.,-1.,0.));
#5131=DIRECTION('ref_axis',(0.707106781186546,0.,0.707106781186549));
#5132=DIRECTION('',(0.,0.,1.));
#5133=DIRECTION('center_axis',(0.,-1.,0.));
#5134=DIRECTION('ref_axis',(0.707106781186549,0.,-0.707106781186546));
#5135=DIRECTION('',(1.,0.,0.));
#5136=DIRECTION('center_axis',(0.,1.,0.));
#5137=DIRECTION('ref_axis',(-0.707106781186548,0.,0.707106781186548));
#5138=DIRECTION('',(-3.20731096002823E-16,0.,1.));
#5139=DIRECTION('center_axis',(0.,1.,0.));
#5140=DIRECTION('ref_axis',(-0.707106781186549,0.,-0.707106781186546));
#5141=DIRECTION('',(-1.,0.,0.));
#5142=DIRECTION('center_axis',(0.,1.,0.));
#5143=DIRECTION('ref_axis',(0.707106781186549,0.,-0.707106781186546));
#5144=DIRECTION('',(1.97372982155583E-16,0.,-1.));
#5145=DIRECTION('',(0.,0.,-1.));
#5146=DIRECTION('center_axis',(0.,-1.,0.));
#5147=DIRECTION('ref_axis',(-0.707106781186548,0.,0.707106781186548));
#5148=DIRECTION('',(-1.,0.,0.));
#5149=DIRECTION('center_axis',(0.,-1.,0.));
#5150=DIRECTION('ref_axis',(0.70710678118655,0.,0.707106781186545));
#5151=DIRECTION('',(0.,0.,1.));
#5152=DIRECTION('center_axis',(0.,-1.,0.));
#5153=DIRECTION('ref_axis',(0.707106781186548,0.,-0.707106781186548));
#5154=DIRECTION('',(1.,0.,0.));
#5155=DIRECTION('center_axis',(0.,-1.,0.));
#5156=DIRECTION('ref_axis',(-0.707106781186548,0.,-0.707106781186548));
#5157=DIRECTION('center_axis',(0.,-1.,0.));
#5158=DIRECTION('ref_axis',(-1.,0.,0.));
#5159=DIRECTION('center_axis',(0.707106781186548,-0.707106781186547,0.));
#5160=DIRECTION('ref_axis',(0.,0.,-1.));
#5161=DIRECTION('',(-0.707106781186547,-0.707106781186548,0.));
#5162=DIRECTION('',(0.707106781186547,0.707106781186548,0.));
#5163=DIRECTION('',(0.,0.,1.));
#5164=DIRECTION('center_axis',(0.,-1.,0.));
#5165=DIRECTION('ref_axis',(-0.707106781186547,0.,0.707106781186547));
#5166=DIRECTION('center_axis',(0.,1.,0.));
#5167=DIRECTION('ref_axis',(-0.707106781186548,0.,0.707106781186548));
#5168=DIRECTION('',(0.,-0.707106781186548,0.707106781186547));
#5169=DIRECTION('center_axis',(0.,-0.707106781186547,-0.707106781186548));
#5170=DIRECTION('ref_axis',(-1.,0.,0.));
#5171=DIRECTION('',(0.,-0.707106781186548,0.707106781186547));
#5172=DIRECTION('center_axis',(0.,-1.,0.));
#5173=DIRECTION('ref_axis',(0.70710678118655,0.,0.707106781186545));
#5174=DIRECTION('',(0.707106781186547,-0.707106781186548,0.));
#5175=DIRECTION('center_axis',(-0.707106781186547,-0.707106781186548,0.));
#5176=DIRECTION('ref_axis',(0.,0.,1.));
#5177=DIRECTION('',(0.707106781186548,-0.707106781186547,0.));
#5178=DIRECTION('center_axis',(0.,-1.,0.));
#5179=DIRECTION('ref_axis',(0.707106781186547,0.,-0.707106781186547));
#5180=DIRECTION('',(0.,-0.707106781186548,-0.707106781186547));
#5181=DIRECTION('center_axis',(0.,-0.707106781186548,0.707106781186547));
#5182=DIRECTION('ref_axis',(1.,0.,0.));
#5183=DIRECTION('',(0.,-0.707106781186547,-0.707106781186548));
#5184=DIRECTION('',(-1.,0.,0.));
#5185=DIRECTION('center_axis',(0.,-1.,0.));
#5186=DIRECTION('ref_axis',(-0.707106781186547,0.,-0.707106781186547));
#5187=DIRECTION('center_axis',(0.,1.,0.));
#5188=DIRECTION('ref_axis',(-0.707106781186548,0.,-0.707106781186548));
#5189=DIRECTION('center_axis',(0.,1.,0.));
#5190=DIRECTION('ref_axis',(-0.707106781186548,0.,0.707106781186548));
#5191=DIRECTION('',(0.,1.,0.));
#5192=DIRECTION('center_axis',(-1.,0.,0.));
#5193=DIRECTION('ref_axis',(0.,0.,1.));
#5194=DIRECTION('',(0.,-1.,0.));
#5195=DIRECTION('center_axis',(0.,-1.,0.));
#5196=DIRECTION('ref_axis',(-1.,0.,0.));
#5197=DIRECTION('',(-0.707106781186547,0.707106781186548,-8.65956056235492E-17));
#5198=DIRECTION('center_axis',(0.707106781186547,-0.707106781186548,1.39563774105224E-16));
#5199=DIRECTION('ref_axis',(1.97372982155583E-16,0.,-1.));
#5200=DIRECTION('',(-0.707106781186548,-0.707106781186547,9.34578844490412E-17));
#5201=DIRECTION('',(-1.97372982155583E-16,0.,1.));
#5202=DIRECTION('',(-0.707106781186548,-0.707106781186547,0.));
#5203=DIRECTION('center_axis',(0.,1.,0.));
#5204=DIRECTION('ref_axis',(0.707106781186549,0.,0.707106781186546));
#5205=DIRECTION('center_axis',(0.,-1.,0.));
#5206=DIRECTION('ref_axis',(0.707106781186549,0.,0.707106781186546));
#5207=DIRECTION('',(0.,-0.707106781186551,-0.707106781186545));
#5208=DIRECTION('center_axis',(0.,-0.707106781186549,0.707106781186546));
#5209=DIRECTION('ref_axis',(1.,0.,0.));
#5210=DIRECTION('',(0.,-0.707106781186546,-0.707106781186549));
#5211=DIRECTION('center_axis',(0.,1.,0.));
#5212=DIRECTION('ref_axis',(-0.707106781186549,0.,0.707106781186546));
#5213=DIRECTION('',(0.400993056933951,-0.707106781186553,-0.582412713022953));
#5214=DIRECTION('center_axis',(-0.400993056933955,-0.707106781186545,0.582412713022961));
#5215=DIRECTION('ref_axis',(0.823655957655578,0.,0.567089819533443));
#5216=DIRECTION('',(0.400993056933945,-0.707106781186554,-0.582412713022956));
#5217=DIRECTION('center_axis',(0.,1.,0.));
#5218=DIRECTION('ref_axis',(-0.816880913615792,0.,0.576806356561914));
#5219=DIRECTION('',(0.683012701892218,-0.707106781186549,-0.183012701892217));
#5220=DIRECTION('center_axis',(-0.683012701892221,-0.707106781186546,0.18301270189222));
#5221=DIRECTION('ref_axis',(0.258819045102521,0.,0.965925826289068));
#5222=DIRECTION('',(0.683012701892214,-0.707106781186554,-0.183012701892214));
#5223=DIRECTION('center_axis',(0.,1.,0.));
#5224=DIRECTION('ref_axis',(-0.938334841878521,0.,-0.34572781854634));
#5225=DIRECTION('center_axis',(0.,-1.,0.));
#5226=DIRECTION('ref_axis',(-0.938334841878521,0.,-0.34572781854634));
#5227=DIRECTION('',(0.400993056933951,-0.707106781186549,0.582412713022959));
#5228=DIRECTION('center_axis',(-0.400993056933953,-0.707106781186546,-0.58241271302296));
#5229=DIRECTION('ref_axis',(-0.823655957655578,0.,0.567089819533443));
#5230=DIRECTION('',(0.400993056933951,-0.707106781186549,0.582412713022959));
#5231=DIRECTION('',(0.823655957655578,0.,-0.567089819533442));
#5232=DIRECTION('center_axis',(0.,1.,0.));
#5233=DIRECTION('ref_axis',(-0.296937739555303,0.,-0.954896841982309));
#5234=DIRECTION('center_axis',(0.,-1.,0.));
#5235=DIRECTION('ref_axis',(-0.296937739555303,0.,-0.954896841982309));
#5236=DIRECTION('',(0.,-0.707106781186546,0.707106781186549));
#5237=DIRECTION('center_axis',(0.,-0.707106781186547,-0.707106781186548));
#5238=DIRECTION('ref_axis',(-1.,0.,0.));
#5239=DIRECTION('',(0.,-0.707106781186548,0.707106781186547));
#5240=DIRECTION('',(1.,0.,0.));
#5241=DIRECTION('center_axis',(0.,-1.,0.));
#5242=DIRECTION('ref_axis',(0.707106781186546,0.,0.707106781186549));
#5243=DIRECTION('center_axis',(0.,1.,0.));
#5244=DIRECTION('ref_axis',(0.707106781186546,0.,0.707106781186549));
#5245=DIRECTION('',(0.707106781186549,-0.707106781186546,0.));
#5246=DIRECTION('center_axis',(-0.707106781186547,-0.707106781186548,0.));
#5247=DIRECTION('ref_axis',(0.,0.,1.));
#5248=DIRECTION('',(0.707106781186548,-0.707106781186547,0.));
#5249=DIRECTION('',(0.,0.,-1.));
#5250=DIRECTION('center_axis',(0.,-1.,0.));
#5251=DIRECTION('ref_axis',(0.707106781186549,0.,-0.707106781186546));
#5252=DIRECTION('center_axis',(0.,1.,0.));
#5253=DIRECTION('ref_axis',(0.707106781186549,0.,-0.707106781186546));
#5254=DIRECTION('',(0.,-0.707106781186542,-0.707106781186553));
#5255=DIRECTION('center_axis',(0.,-0.707106781186549,0.707106781186546));
#5256=DIRECTION('ref_axis',(1.,0.,0.));
#5257=DIRECTION('',(0.,-0.707106781186546,-0.707106781186549));
#5258=DIRECTION('',(-1.,0.,0.));
#5259=DIRECTION('center_axis',(0.,1.,0.));
#5260=DIRECTION('ref_axis',(-0.707106781186548,0.,0.707106781186548));
#5261=DIRECTION('center_axis',(0.,-1.,0.));
#5262=DIRECTION('ref_axis',(-0.707106781186548,0.,0.707106781186548));
#5263=DIRECTION('',(0.707106781186546,-0.707106781186549,0.));
#5264=DIRECTION('center_axis',(-0.707106781186546,-0.707106781186549,-2.26791132920989E-16));
#5265=DIRECTION('ref_axis',(-3.20731096002823E-16,0.,1.));
#5266=DIRECTION('',(0.707106781186548,-0.707106781186547,0.));
#5267=DIRECTION('',(3.20731096002823E-16,0.,-1.));
#5268=DIRECTION('center_axis',(0.,1.,0.));
#5269=DIRECTION('ref_axis',(-0.707106781186549,0.,-0.707106781186546));
#5270=DIRECTION('center_axis',(0.,-1.,0.));
#5271=DIRECTION('ref_axis',(-0.707106781186549,0.,-0.707106781186546));
#5272=DIRECTION('',(0.,-0.707106781186546,0.707106781186549));
#5273=DIRECTION('center_axis',(0.,-0.707106781186549,-0.707106781186546));
#5274=DIRECTION('ref_axis',(-1.,0.,0.));
#5275=DIRECTION('',(0.,-0.707106781186546,0.707106781186549));
#5276=DIRECTION('',(1.,0.,0.));
#5277=DIRECTION('center_axis',(0.,1.,0.));
#5278=DIRECTION('ref_axis',(0.707106781186549,0.,-0.707106781186546));
#5279=DIRECTION('center_axis',(0.,-1.,0.));
#5280=DIRECTION('ref_axis',(0.707106781186549,0.,-0.707106781186546));
#5281=DIRECTION('',(-0.70710678118655,-0.707106781186545,0.));
#5282=DIRECTION('center_axis',(0.707106781186547,-0.707106781186548,1.39563774105224E-16));
#5283=DIRECTION('ref_axis',(1.97372982155583E-16,0.,-1.));
#5284=DIRECTION('',(-1.97372982155583E-16,0.,1.));
#5285=DIRECTION('center_axis',(1.,0.,1.97372982155583E-16));
#5286=DIRECTION('ref_axis',(1.97372982155583E-16,0.,-1.));
#5287=DIRECTION('',(0.,-1.,0.));
#5288=DIRECTION('',(1.51196476202106E-16,-0.642787609686539,-0.766044443118978));
#5289=DIRECTION('center_axis',(0.,1.,0.));
#5290=DIRECTION('ref_axis',(0.707106781186549,0.,-0.707106781186546));
#5291=DIRECTION('',(0.,1.,0.));
#5292=DIRECTION('center_axis',(0.,-0.763561497295069,0.645735115855188));
#5293=DIRECTION('ref_axis',(5.29827221883903E-17,-0.645735115855188,-0.763561497295069));
#5294=DIRECTION('center_axis',(0.,0.906307787036647,0.422618261740705));
#5295=DIRECTION('ref_axis',(6.28877357853228E-17,0.422618261740705,-0.906307787036647));
#5296=DIRECTION('center_axis',(0.,0.,-1.));
#5297=DIRECTION('ref_axis',(-1.,0.,0.));
#5298=DIRECTION('',(0.,-1.,0.));
#5299=DIRECTION('',(-1.,0.,0.));
#5300=DIRECTION('',(-1.,0.,0.));
#5301=DIRECTION('center_axis',(0.,1.,0.));
#5302=DIRECTION('ref_axis',(-0.707106781186549,0.,-0.707106781186546));
#5303=DIRECTION('',(0.,1.,0.));
#5304=DIRECTION('center_axis',(0.,-1.,0.));
#5305=DIRECTION('ref_axis',(-0.707106781186549,0.,-0.707106781186546));
#5306=DIRECTION('center_axis',(-1.,0.,-3.20731096002823E-16));
#5307=DIRECTION('ref_axis',(-3.20731096002823E-16,0.,1.));
#5308=DIRECTION('',(0.,-1.,0.));
#5309=DIRECTION('',(-3.20731096002823E-16,0.,1.));
#5310=DIRECTION('',(0.,-1.,0.));
#5311=DIRECTION('center_axis',(0.,1.,0.));
#5312=DIRECTION('ref_axis',(-0.707106781186548,0.,0.707106781186548));
#5313=DIRECTION('',(0.,1.,0.));
#5314=DIRECTION('center_axis',(0.,0.,-1.));
#5315=DIRECTION('ref_axis',(-1.,0.,0.));
#5316=DIRECTION('',(0.,-1.,0.));
#5317=DIRECTION('center_axis',(0.,1.,0.));
#5318=DIRECTION('ref_axis',(0.707106781186549,0.,-0.707106781186546));
#5319=DIRECTION('',(0.,1.,0.));
#5320=DIRECTION('center_axis',(1.,0.,0.));
#5321=DIRECTION('ref_axis',(0.,0.,-1.));
#5322=DIRECTION('',(0.,-1.,0.));
#5323=DIRECTION('center_axis',(0.,1.,0.));
#5324=DIRECTION('ref_axis',(0.707106781186546,0.,0.707106781186549));
#5325=DIRECTION('',(0.,1.,0.));
#5326=DIRECTION('center_axis',(0.,0.,1.));
#5327=DIRECTION('ref_axis',(1.,0.,0.));
#5328=DIRECTION('',(0.,-1.,0.));
#5329=DIRECTION('center_axis',(0.,-1.,0.));
#5330=DIRECTION('ref_axis',(-0.296937739555303,0.,-0.954896841982309));
#5331=DIRECTION('',(0.,1.,0.));
#5332=DIRECTION('center_axis',(-0.567089819533443,0.,-0.823655957655578));
#5333=DIRECTION('ref_axis',(-0.823655957655578,0.,0.567089819533443));
#5334=DIRECTION('',(0.,-1.,0.));
#5335=DIRECTION('',(0.823655957655578,0.,-0.567089819533443));
#5336=DIRECTION('',(0.,1.,0.));
#5337=DIRECTION('',(-0.599430813785948,0.68582293161069,0.41271007494467));
#5338=DIRECTION('',(0.,1.,0.));
#5339=DIRECTION('center_axis',(0.,1.,0.));
#5340=DIRECTION('ref_axis',(-0.938334841878521,0.,-0.34572781854634));
#5341=DIRECTION('center_axis',(0.,-1.,0.));
#5342=DIRECTION('ref_axis',(-0.938334841878521,0.,-0.34572781854634));
#5343=DIRECTION('center_axis',(0.,1.,0.));
#5344=DIRECTION('ref_axis',(0.707106781186549,0.,0.707106781186546));
#5345=DIRECTION('',(0.,1.,0.));
#5346=DIRECTION('center_axis',(0.,-1.,0.));
#5347=DIRECTION('ref_axis',(0.707106781186549,0.,0.707106781186546));
#5348=DIRECTION('center_axis',(1.,0.,1.97372982155583E-16));
#5349=DIRECTION('ref_axis',(1.97372982155583E-16,0.,-1.));
#5350=DIRECTION('',(0.,-1.,0.));
#5351=DIRECTION('',(1.90323947064568E-16,0.,-1.));
#5352=DIRECTION('center_axis',(0.,1.,0.));
#5353=DIRECTION('ref_axis',(0.499999999999999,0.,-0.866025403784439));
#5354=DIRECTION('center_axis',(0.,1.,0.));
#5355=DIRECTION('ref_axis',(0.499999999999999,0.,-0.866025403784439));
#5356=DIRECTION('',(0.,-1.,0.));
#5357=DIRECTION('center_axis',(0.,1.,0.));
#5358=DIRECTION('ref_axis',(0.499999999999999,0.,-0.866025403784439));
#5359=DIRECTION('',(0.,-1.,0.));
#5360=DIRECTION('',(0.,1.,0.));
#5361=DIRECTION('center_axis',(0.965925826289068,0.,-0.25881904510252));
#5362=DIRECTION('ref_axis',(-0.258819045102521,0.,-0.965925826289068));
#5363=DIRECTION('center_axis',(-0.965925826289068,0.,0.258819045102521));
#5364=DIRECTION('ref_axis',(-0.258819045102521,0.,-0.965925826289068));
#5365=DIRECTION('',(-0.866025403784439,8.65956056235492E-17,-0.499999999999999));
#5366=DIRECTION('center_axis',(-0.965925826289068,0.,0.258819045102521));
#5367=DIRECTION('ref_axis',(0.258819045102521,0.,0.965925826289068));
#5368=DIRECTION('center_axis',(-0.965925826289068,0.,0.258819045102521));
#5369=DIRECTION('ref_axis',(-0.258819045102521,0.,-0.965925826289068));
#5370=DIRECTION('center_axis',(-0.965925826289068,0.,0.258819045102521));
#5371=DIRECTION('ref_axis',(0.258819045102521,0.,0.965925826289068));
#5372=DIRECTION('center_axis',(-0.965925826289068,0.,0.258819045102521));
#5373=DIRECTION('ref_axis',(-0.258819045102521,0.,-0.965925826289068));
#5374=DIRECTION('center_axis',(-0.965925826289068,0.,0.258819045102521));
#5375=DIRECTION('ref_axis',(-0.258819045102521,0.,-0.965925826289068));
#5376=DIRECTION('',(-0.258819045102521,0.,-0.965925826289068));
#5377=DIRECTION('center_axis',(-0.965925826289068,0.,0.258819045102521));
#5378=DIRECTION('ref_axis',(-0.258819045102521,0.,-0.965925826289068));
#5379=DIRECTION('',(0.,1.,0.));
#5380=DIRECTION('center_axis',(-0.965925826289068,0.,0.258819045102521));
#5381=DIRECTION('ref_axis',(-0.258819045102521,0.,-0.965925826289068));
#5382=DIRECTION('',(-0.258819045102521,0.,-0.965925826289068));
#5383=DIRECTION('center_axis',(0.965925826289068,0.,-0.258819045102521));
#5384=DIRECTION('ref_axis',(-0.258819045102521,0.,-0.965925826289068));
#5385=DIRECTION('center_axis',(0.230730156486744,-0.453074083603176,0.861096666846844));
#5386=DIRECTION('ref_axis',(0.965925826289068,0.,-0.258819045102521));
#5387=DIRECTION('center_axis',(0.965925826289068,0.,-0.258819045102521));
#5388=DIRECTION('ref_axis',(0.203500917803745,0.617886671965005,0.759475764630474));
#5389=DIRECTION('center_axis',(-0.0593875076809475,0.973319103521873,-0.221637196000183));
#5390=DIRECTION('ref_axis',(0.251913520953575,0.22945570971187,0.940154059312299));
#5391=DIRECTION('center_axis',(-0.965925826289068,0.,0.258819045102521));
#5392=DIRECTION('ref_axis',(0.203500917803745,0.617886671965005,0.759475764630474));
#5393=DIRECTION('center_axis',(0.0593875076809469,-0.973319103521873,0.221637196000181));
#5394=DIRECTION('ref_axis',(0.861142460831071,0.162249688319236,0.481776608807565));
#5395=DIRECTION('',(-0.0593875076809469,0.973319103521873,-0.221637196000181));
#5396=DIRECTION('',(0.0593875076809469,-0.973319103521873,0.221637196000181));
#5397=DIRECTION('center_axis',(-0.0298938218213765,0.993307380301242,-0.111565261869438));
#5398=DIRECTION('ref_axis',(-0.257086867662101,-0.115500858174667,-0.959461252076708));
#5399=DIRECTION('center_axis',(0.,-1.,0.));
#5400=DIRECTION('ref_axis',(0.86602540378444,0.,0.499999999999997));
#5401=DIRECTION('',(0.,1.,0.));
#5402=DIRECTION('',(0.,-1.,0.));
#5403=DIRECTION('center_axis',(-0.369643810614371,0.923879532511293,0.0990457605412851));
#5404=DIRECTION('ref_axis',(0.892399100832528,0.382683432365074,-0.23911761839434));
#5405=DIRECTION('center_axis',(0.683012701892219,-0.707106781186548,-0.183012701892219));
#5406=DIRECTION('ref_axis',(0.665975615036759,0.499999999999997,0.553603179340956));
#5407=DIRECTION('',(0.683012701892219,-0.707106781186548,-0.183012701892219));
#5408=DIRECTION('',(-0.683012701892219,0.707106781186548,0.183012701892219));
#5409=DIRECTION('center_axis',(0.,-1.,0.));
#5410=DIRECTION('ref_axis',(-0.258819045102521,0.,-0.965925826289068));
#5411=DIRECTION('center_axis',(0.965925826289068,0.,-0.258819045102521));
#5412=DIRECTION('ref_axis',(0.117264201678874,0.891472868217054,0.437635958574562));
#5413=DIRECTION('center_axis',(0.,1.,0.));
#5414=DIRECTION('ref_axis',(0.,0.,1.));
#5415=DIRECTION('',(0.258819045102521,0.,0.965925826289068));
#5416=DIRECTION('center_axis',(0.,-1.,0.));
#5417=DIRECTION('ref_axis',(0.345727818546336,0.,-0.938334841878523));
#5418=DIRECTION('center_axis',(0.,-1.,0.));
#5419=DIRECTION('ref_axis',(-0.5,0.,0.866025403784439));
#5420=DIRECTION('',(-0.965925826289068,0.,0.258819045102522));
#5421=DIRECTION('',(0.965925826289068,0.,-0.258819045102521));
#5422=DIRECTION('center_axis',(0.965925826289068,0.,-0.258819045102521));
#5423=DIRECTION('ref_axis',(-0.258819045102521,0.,-0.965925826289068));
#5424=DIRECTION('',(0.258819045102521,0.,0.965925826289068));
#5425=DIRECTION('',(0.,-1.,0.));
#5426=DIRECTION('center_axis',(0.68301270189222,0.707106781186547,-0.183012701892219));
#5427=DIRECTION('ref_axis',(-0.258819045102521,0.,-0.965925826289068));
#5428=DIRECTION('',(0.660278987746299,-0.490609682140584,0.568624479011095));
#5429=DIRECTION('',(-0.599430813785948,0.68582293161069,0.41271007494467));
#5430=DIRECTION('center_axis',(0.68301270189222,0.707106781186547,-0.183012701892219));
#5431=DIRECTION('ref_axis',(0.683012701892219,-0.707106781186548,-0.18301270189222));
#5432=DIRECTION('center_axis',(0.,1.,0.));
#5433=DIRECTION('ref_axis',(0.86602540378444,0.,0.499999999999997));
#5434=DIRECTION('',(0.,-1.,0.));
#5435=DIRECTION('center_axis',(0.,1.,0.));
#5436=DIRECTION('ref_axis',(0.86602540378444,0.,0.499999999999997));
#5437=DIRECTION('',(0.,1.,0.));
#5438=DIRECTION('center_axis',(-0.25881904510252,0.,-0.965925826289068));
#5439=DIRECTION('ref_axis',(-0.965925826289068,0.,0.25881904510252));
#5440=DIRECTION('',(0.965925826289068,0.,-0.25881904510252));
#5441=DIRECTION('',(0.,-1.,0.));
#5442=DIRECTION('center_axis',(0.,1.,0.));
#5443=DIRECTION('ref_axis',(-0.86602540378444,0.,-0.499999999999998));
#5444=DIRECTION('',(0.,-1.,0.));
#5445=DIRECTION('center_axis',(0.,1.,0.));
#5446=DIRECTION('ref_axis',(-0.86602540378444,0.,-0.499999999999998));
#5447=DIRECTION('',(0.,1.,0.));
#5448=DIRECTION('center_axis',(0.,1.,0.));
#5449=DIRECTION('ref_axis',(0.,0.,1.));
#5450=DIRECTION('',(-0.965925826289068,0.,0.258819045102522));
#5451=DIRECTION('',(0.258819045102521,0.,0.965925826289068));
#5452=DIRECTION('center_axis',(0.,1.,0.));
#5453=DIRECTION('ref_axis',(-0.5,0.,0.866025403784439));
#5454=DIRECTION('',(-0.258819045102521,0.,-0.965925826289068));
#5455=DIRECTION('',(-0.258819045102521,0.,-0.965925826289068));
#5456=DIRECTION('center_axis',(0.965925826289068,0.,-0.258819045102521));
#5457=DIRECTION('ref_axis',(-0.258819045102521,0.,-0.965925826289068));
#5458=DIRECTION('',(0.,1.,0.));
#5459=DIRECTION('center_axis',(0.,1.,0.));
#5460=DIRECTION('ref_axis',(-0.5,0.,0.866025403784439));
#5461=DIRECTION('center_axis',(0.,1.,0.));
#5462=DIRECTION('ref_axis',(-0.5,0.,0.866025403784439));
#5463=DIRECTION('',(0.,1.,0.));
#5464=DIRECTION('center_axis',(0.,1.,0.));
#5465=DIRECTION('ref_axis',(0.345727818546336,0.,-0.938334841878523));
#5466=DIRECTION('center_axis',(-0.326451063484024,0.918102099880697,0.224762624439216));
#5467=DIRECTION('ref_axis',(-0.756200264302822,-0.396343959452714,0.520646354134635));
#5468=DIRECTION('center_axis',(0.,1.,0.));
#5469=DIRECTION('ref_axis',(0.053966445568044,0.,-0.998542749586993));
#5470=DIRECTION('center_axis',(0.,-1.,0.));
#5471=DIRECTION('ref_axis',(-0.567089819533446,0.,-0.823655957655576));
#5472=DIRECTION('center_axis',(0.137715789591646,-0.938646429840637,-0.316191778900995));
#5473=DIRECTION('ref_axis',(0.374814638959947,0.344880964605798,-0.860564411693802));
#5474=DIRECTION('center_axis',(0.599430813785946,-0.685822931610692,-0.41271007494467));
#5475=DIRECTION('ref_axis',(-0.567089819533444,0.,-0.823655957655578));
#5476=DIRECTION('center_axis',(-0.660278987746299,0.490609682140584,-0.568624479011095));
#5477=DIRECTION('ref_axis',(0.750277129278518,0.397228367841973,-0.528482594853595));
#5478=DIRECTION('center_axis',(-0.599430813785948,0.68582293161069,0.41271007494467));
#5479=DIRECTION('ref_axis',(0.0938156440863364,0.572256976060319,-0.814690480044394));
#5480=DIRECTION('center_axis',(0.,1.,0.));
#5481=DIRECTION('ref_axis',(-0.707106781186548,0.,-0.707106781186548));
#5482=DIRECTION('',(0.,1.,0.));
#5483=DIRECTION('center_axis',(0.,0.,-1.));
#5484=DIRECTION('ref_axis',(-1.,0.,0.));
#5485=DIRECTION('center_axis',(0.,1.,0.));
#5486=DIRECTION('ref_axis',(0.707106781186549,0.,-0.707106781186546));
#5487=DIRECTION('',(0.,-1.,0.));
#5488=DIRECTION('',(0.,1.,0.));
#5489=DIRECTION('center_axis',(1.,0.,0.));
#5490=DIRECTION('ref_axis',(0.,0.,-1.));
#5491=DIRECTION('center_axis',(0.,1.,0.));
#5492=DIRECTION('ref_axis',(-0.707106781186551,0.,-0.707106781186544));
#5493=DIRECTION('',(0.,1.,0.));
#5494=DIRECTION('center_axis',(0.,0.,-1.));
#5495=DIRECTION('ref_axis',(-1.,0.,0.));
#5496=DIRECTION('center_axis',(0.660278987746299,-0.490609682140584,0.568624479011095));
#5497=DIRECTION('ref_axis',(0.750277129278525,0.397228367841968,-0.528482594853588));
#5498=DIRECTION('center_axis',(1.71127128334299E-13,0.645735115855188,0.763561497295069));
#5499=DIRECTION('ref_axis',(-0.707106781186597,0.539919512590336,-0.456603679271361));
#5500=DIRECTION('',(-1.71127128334299E-13,-0.645735115855188,-0.763561497295069));
#5501=DIRECTION('center_axis',(0.,-1.,0.));
#5502=DIRECTION('ref_axis',(-2.2398956607273E-13,0.,-1.));
#5503=DIRECTION('',(1.71127128334299E-13,0.645735115855188,0.763561497295069));
#5504=DIRECTION('center_axis',(-1.,0.,2.24117021275326E-13));
#5505=DIRECTION('ref_axis',(2.24117021275326E-13,0.,1.));
#5506=DIRECTION('center_axis',(-1.,0.,2.24117021275326E-13));
#5507=DIRECTION('ref_axis',(2.24117021275326E-13,0.,1.));
#5508=DIRECTION('center_axis',(-1.,0.,2.24117021275326E-13));
#5509=DIRECTION('ref_axis',(2.24117021275326E-13,0.,1.));
#5510=DIRECTION('center_axis',(1.,0.,-2.22044604925042E-13));
#5511=DIRECTION('ref_axis',(1.44387293004998E-13,-0.764804390183726,0.644262558865327));
#5512=DIRECTION('center_axis',(-1.,0.,2.24117021275326E-13));
#5513=DIRECTION('ref_axis',(2.24117021275326E-13,0.,1.));
#5514=DIRECTION('center_axis',(-1.,0.,2.24117021275326E-13));
#5515=DIRECTION('ref_axis',(2.24117021275326E-13,0.,1.));
#5516=DIRECTION('center_axis',(-1.,0.,2.24117021275326E-13));
#5517=DIRECTION('ref_axis',(2.24117021275326E-13,0.,1.));
#5518=DIRECTION('center_axis',(-1.,0.,2.24117021275326E-13));
#5519=DIRECTION('ref_axis',(2.24117021275326E-13,0.,1.));
#5520=DIRECTION('',(-2.24117021275326E-13,0.,-1.));
#5521=DIRECTION('center_axis',(1.51196476202106E-16,-0.642787609686539,
-0.766044443118978));
#5522=DIRECTION('ref_axis',(0.707106781186495,0.541675220419742,-0.454519477672078));
#5523=DIRECTION('',(-1.51196476202106E-16,0.642787609686539,0.766044443118978));
#5524=DIRECTION('center_axis',(-1.44249947748322E-13,0.766044443118978,
-0.642787609686539));
#5525=DIRECTION('ref_axis',(1.71683598756341E-13,0.642787609686539,0.766044443118978));
#5526=DIRECTION('',(-1.71683598756341E-13,-0.642787609686539,-0.766044443118978));
#5527=DIRECTION('',(-1.,0.,2.22044604925031E-13));
#5528=DIRECTION('center_axis',(-1.,0.,2.22044604925031E-13));
#5529=DIRECTION('ref_axis',(2.22044604925031E-13,0.,1.));
#5530=DIRECTION('',(-1.,0.,2.22044604925031E-13));
#5531=DIRECTION('center_axis',(0.,0.763561497295069,-0.645735115855188));
#5532=DIRECTION('ref_axis',(1.5070640978031E-16,-0.645735115855188,-0.763561497295069));
#5533=DIRECTION('center_axis',(-1.71683598756341E-13,-0.642787609686539,
-0.766044443118978));
#5534=DIRECTION('ref_axis',(-0.707106781186649,0.541675220419701,-0.454519477671886));
#5535=DIRECTION('',(1.71683598756341E-13,0.642787609686539,0.766044443118978));
#5536=DIRECTION('center_axis',(9.38401049623177E-14,0.906307787036649,0.422618261740702));
#5537=DIRECTION('ref_axis',(-2.05391345074864E-13,0.422618261740702,-0.906307787036649));
#5538=DIRECTION('center_axis',(0.480408652113637,0.563753510706439,0.671855271721911));
#5539=DIRECTION('ref_axis',(-1.39888101102771E-13,0.766044443118987,-0.642787609686529));
#5540=DIRECTION('center_axis',(0.965925826289068,0.,-0.258819045102521));
#5541=DIRECTION('ref_axis',(0.117264201678874,-0.891472868217055,0.43763595857456));
#5542=DIRECTION('center_axis',(-0.965925826289068,0.,0.258819045102521));
#5543=DIRECTION('ref_axis',(-0.258819045102521,0.,-0.965925826289068));
#5544=DIRECTION('',(0.965925826289068,0.,-0.258819045102521));
#5545=DIRECTION('center_axis',(-0.251913520953573,-0.229455709711868,-0.940154059312301));
#5546=DIRECTION('ref_axis',(-0.0593875076809469,0.973319103521873,-0.221637196000181));
#5547=DIRECTION('',(-0.0593875076809469,0.973319103521873,-0.221637196000181));
#5548=DIRECTION('',(0.965925826289068,0.,-0.258819045102521));
#5549=DIRECTION('center_axis',(-0.258819045102521,0.,-0.965925826289068));
#5550=DIRECTION('ref_axis',(0.,1.,0.));
#5551=DIRECTION('',(0.,1.,0.));
#5552=DIRECTION('',(0.,1.,0.));
#5553=DIRECTION('center_axis',(-0.965925826289068,0.,0.258819045102521));
#5554=DIRECTION('ref_axis',(0.258819045102521,0.,0.965925826289068));
#5555=DIRECTION('center_axis',(-0.965925826289068,0.,0.258819045102521));
#5556=DIRECTION('ref_axis',(-0.258819045102521,0.,-0.965925826289068));
#5557=DIRECTION('center_axis',(0.965925826289068,0.,-0.25881904510252));
#5558=DIRECTION('ref_axis',(-0.258819045102521,0.,-0.965925826289068));
#5559=DIRECTION('center_axis',(-0.965925826289068,0.,0.258819045102521));
#5560=DIRECTION('ref_axis',(-0.258819045102521,0.,-0.965925826289068));
#5561=DIRECTION('',(-0.866025403784439,8.65956056235492E-17,-0.499999999999999));
#5562=DIRECTION('center_axis',(-0.965925826289068,0.,0.258819045102521));
#5563=DIRECTION('ref_axis',(0.258819045102521,0.,0.965925826289068));
#5564=DIRECTION('center_axis',(0.258819045102522,0.,0.965925826289068));
#5565=DIRECTION('ref_axis',(0.965925826289068,0.,-0.258819045102522));
#5566=DIRECTION('center_axis',(-0.965925826289068,0.,0.258819045102521));
#5567=DIRECTION('ref_axis',(0.258819045102521,0.,0.965925826289068));
#5568=DIRECTION('center_axis',(-0.965925826289068,0.,0.258819045102521));
#5569=DIRECTION('ref_axis',(-0.258819045102521,0.,-0.965925826289068));
#5570=DIRECTION('center_axis',(-0.965925826289068,0.,0.258819045102521));
#5571=DIRECTION('ref_axis',(0.258819045102521,0.,0.965925826289068));
#5572=DIRECTION('center_axis',(0.965925826289068,0.,-0.258819045102521));
#5573=DIRECTION('ref_axis',(-0.25881904510252,0.,-0.965925826289068));
#5574=DIRECTION('',(-0.866025403784446,8.65956056235481E-17,-0.499999999999987));
#5575=DIRECTION('center_axis',(-0.965925826289068,0.,0.258819045102521));
#5576=DIRECTION('ref_axis',(0.258819045102521,0.,0.965925826289068));
#5577=DIRECTION('center_axis',(0.965925826289068,0.,-0.258819045102521));
#5578=DIRECTION('ref_axis',(-0.25881904510252,0.,-0.965925826289068));
#5579=DIRECTION('',(-0.866025403784446,8.65956056235481E-17,-0.499999999999987));
#5580=DIRECTION('center_axis',(-0.965925826289068,0.,0.258819045102521));
#5581=DIRECTION('ref_axis',(0.258819045102521,0.,0.965925826289068));
#5582=DIRECTION('center_axis',(-0.965925826289068,0.,0.258819045102521));
#5583=DIRECTION('ref_axis',(0.258819045102521,0.,0.965925826289068));
#5584=DIRECTION('center_axis',(-0.965925826289068,0.,0.258819045102521));
#5585=DIRECTION('ref_axis',(0.258819045102521,0.,0.965925826289068));
#5586=DIRECTION('center_axis',(-0.965925826289068,0.,0.258819045102521));
#5587=DIRECTION('ref_axis',(0.258819045102521,0.,0.965925826289068));
#5588=DIRECTION('center_axis',(-0.965925826289068,0.,0.258819045102521));
#5589=DIRECTION('ref_axis',(0.258819045102521,0.,0.965925826289068));
#5590=DIRECTION('center_axis',(0.,1.,0.));
#5591=DIRECTION('ref_axis',(0.707106781186554,0.,0.707106781186541));
#5592=DIRECTION('center_axis',(0.,-1.,0.));
#5593=DIRECTION('ref_axis',(0.707106781186554,0.,0.707106781186541));
#5594=DIRECTION('',(0.,-1.,0.));
#5595=DIRECTION('',(0.,1.,0.));
#5596=DIRECTION('center_axis',(1.,0.,-4.40976435014665E-16));
#5597=DIRECTION('ref_axis',(-4.40976435014665E-16,0.,-1.));
#5598=DIRECTION('',(0.,-1.,0.));
#5599=DIRECTION('',(-4.40976435014665E-16,0.,-1.));
#5600=DIRECTION('center_axis',(0.,1.,0.));
#5601=DIRECTION('ref_axis',(-0.707106781186557,0.,0.707106781186538));
#5602=DIRECTION('center_axis',(0.,-1.,0.));
#5603=DIRECTION('ref_axis',(-0.707106781186557,0.,0.707106781186538));
#5604=DIRECTION('',(0.,1.,0.));
#5605=DIRECTION('center_axis',(0.,0.,1.));
#5606=DIRECTION('ref_axis',(1.,0.,0.));
#5607=DIRECTION('',(1.,0.,0.));
#5608=DIRECTION('center_axis',(0.,1.,0.));
#5609=DIRECTION('ref_axis',(0.,0.,1.));
#5610=DIRECTION('center_axis',(0.,-1.,0.));
#5611=DIRECTION('ref_axis',(-1.,-3.46944695195335E-17,1.96261557335472E-16));
#5612=DIRECTION('',(2.22044604925031E-16,0.,1.));
#5613=DIRECTION('center_axis',(0.,-1.,0.));
#5614=DIRECTION('ref_axis',(-0.707106781186551,0.,0.707106781186544));
#5615=DIRECTION('',(1.,0.,-1.32169407698532E-16));
#5616=DIRECTION('center_axis',(0.,1.,0.));
#5617=DIRECTION('ref_axis',(-0.707106781186541,0.,-0.707106781186554));
#5618=DIRECTION('',(0.,1.,0.));
#5619=DIRECTION('center_axis',(0.,1.,0.));
#5620=DIRECTION('ref_axis',(-0.707106781186541,0.,-0.707106781186554));
#5621=DIRECTION('center_axis',(0.,0.,1.));
#5622=DIRECTION('ref_axis',(1.,0.,0.));
#5623=DIRECTION('',(0.,1.,0.));
#5624=DIRECTION('',(1.,0.,0.));
#5625=DIRECTION('center_axis',(0.,1.,0.));
#5626=DIRECTION('ref_axis',(-0.707106781186548,0.,0.707106781186548));
#5627=DIRECTION('',(0.,-1.,0.));
#5628=DIRECTION('center_axis',(0.,1.,0.));
#5629=DIRECTION('ref_axis',(-0.707106781186551,0.,0.707106781186544));
#5630=DIRECTION('',(0.,-1.,0.));
#5631=DIRECTION('center_axis',(-0.382683432382544,0.923879532504057,0.));
#5632=DIRECTION('ref_axis',(-0.923879532504057,-0.382683432382544,0.));
#5633=DIRECTION('center_axis',(0.,1.,0.));
#5634=DIRECTION('ref_axis',(-0.707106781186548,0.,0.707106781186548));
#5635=DIRECTION('',(0.,-1.,0.));
#5636=DIRECTION('center_axis',(0.382683432382543,-0.923879532504058,-1.81108530945497E-14));
#5637=DIRECTION('ref_axis',(-0.923879532504058,-0.382683432382543,4.37234671646724E-14));
#5638=DIRECTION('center_axis',(-0.707106781186548,0.707106781186548,0.));
#5639=DIRECTION('ref_axis',(-0.49999999999996,-0.499999999999961,0.707106781186604));
#5640=DIRECTION('',(0.707106781186548,-0.707106781186548,0.));
#5641=DIRECTION('center_axis',(0.,1.,0.));
#5642=DIRECTION('ref_axis',(-0.707106781186548,0.,-0.707106781186548));
#5643=DIRECTION('',(0.,1.,0.));
#5644=DIRECTION('center_axis',(0.707106781186548,0.707106781186548,-1.58474665523113E-13));
#5645=DIRECTION('ref_axis',(-0.707106781186548,0.707106781186548,1.58481207548394E-13));
#5646=DIRECTION('',(0.,1.,0.));
#5647=DIRECTION('center_axis',(-1.,0.,0.));
#5648=DIRECTION('ref_axis',(0.,0.,1.));
#5649=DIRECTION('',(0.,-2.22044604925031E-16,-1.));
#5650=DIRECTION('center_axis',(0.,1.,0.));
#5651=DIRECTION('ref_axis',(0.707106781186625,0.,0.707106781186471));
#5652=DIRECTION('center_axis',(-0.707106781186548,-0.707106781186548,1.58474665523113E-13));
#5653=DIRECTION('ref_axis',(0.707106781186547,-0.707106781186547,-1.58383076769726E-13));
#5654=DIRECTION('',(0.,-1.,0.));
#5655=DIRECTION('',(0.,1.,0.));
#5656=DIRECTION('center_axis',(-1.,0.,2.24117021275326E-13));
#5657=DIRECTION('ref_axis',(2.24117021275326E-13,0.,1.));
#5658=DIRECTION('center_axis',(-1.,0.,2.24117021275326E-13));
#5659=DIRECTION('ref_axis',(2.24117021275326E-13,0.,1.));
#5660=DIRECTION('center_axis',(-1.,0.,2.24117021275326E-13));
#5661=DIRECTION('ref_axis',(2.24117021275326E-13,0.,1.));
#5662=DIRECTION('',(2.24117021275326E-13,0.,1.));
#5663=DIRECTION('center_axis',(-1.,0.,2.24117021275326E-13));
#5664=DIRECTION('ref_axis',(2.24117021275326E-13,0.,1.));
#5665=DIRECTION('center_axis',(-1.,0.,2.24117021275326E-13));
#5666=DIRECTION('ref_axis',(2.24117021275326E-13,0.,1.));
#5667=DIRECTION('',(2.24117021275326E-13,0.,1.));
#5668=DIRECTION('',(0.,1.,0.));
#5669=DIRECTION('center_axis',(0.707106781186548,-0.707106781186548,-2.07501205993976E-16));
#5670=DIRECTION('ref_axis',(-0.500000000000038,-0.500000000000038,-0.707106781186494));
#5671=DIRECTION('',(-0.707106781186548,0.707106781186548,2.07501205993976E-16));
#5672=DIRECTION('center_axis',(1.,0.,-2.22044604925031E-16));
#5673=DIRECTION('ref_axis',(-6.93889390390829E-17,-1.,1.47196168001604E-16));
#5674=DIRECTION('center_axis',(-0.382683432365091,0.923879532511286,-9.05542654730026E-15));
#5675=DIRECTION('ref_axis',(-0.923879532511286,-0.382683432365091,2.24039603654036E-14));
#5676=DIRECTION('center_axis',(0.,1.,0.));
#5677=DIRECTION('ref_axis',(-0.707106781186628,0.,-0.707106781186467));
#5678=DIRECTION('center_axis',(-1.,0.,2.22044604925031E-16));
#5679=DIRECTION('ref_axis',(2.22044604925031E-16,0.,1.));
#5680=DIRECTION('',(-2.22044604925031E-16,0.,-1.));
#5681=DIRECTION('center_axis',(-0.707106781186548,-0.707106781186548,1.58474665523113E-13));
#5682=DIRECTION('ref_axis',(2.24117021275326E-13,0.,1.));
#5683=DIRECTION('',(0.707106781186548,-0.707106781186547,0.));
#5684=DIRECTION('center_axis',(-1.,0.,2.24117021275326E-13));
#5685=DIRECTION('ref_axis',(2.24117021275326E-13,0.,1.));
#5686=DIRECTION('center_axis',(1.,0.,-2.24265050974283E-13));
#5687=DIRECTION('ref_axis',(2.24169889024953E-13,0.,1.));
#5688=DIRECTION('',(-0.707106781186387,-8.65956056235496E-17,0.707106781186708));
#5689=DIRECTION('center_axis',(-1.,0.,2.24117021275326E-13));
#5690=DIRECTION('ref_axis',(2.24117021275326E-13,0.,1.));
#5691=DIRECTION('center_axis',(1.,0.,-2.24265050974283E-13));
#5692=DIRECTION('ref_axis',(2.24169889024953E-13,0.,1.));
#5693=DIRECTION('',(-0.707106781186387,-8.65956056235496E-17,0.707106781186708));
#5694=DIRECTION('center_axis',(-1.,0.,2.24117021275326E-13));
#5695=DIRECTION('ref_axis',(2.24117021275326E-13,0.,1.));
#5696=DIRECTION('center_axis',(-1.,0.,2.24117021275326E-13));
#5697=DIRECTION('ref_axis',(2.24117021275326E-13,0.,1.));
#5698=DIRECTION('center_axis',(-1.,0.,2.24117021275326E-13));
#5699=DIRECTION('ref_axis',(2.24117021275326E-13,0.,1.));
#5700=DIRECTION('center_axis',(1.32169407698532E-16,0.,1.));
#5701=DIRECTION('ref_axis',(1.,0.,-1.32169407698532E-16));
#5702=DIRECTION('center_axis',(0.,0.,-1.));
#5703=DIRECTION('ref_axis',(-1.,0.,0.));
#5704=DIRECTION('center_axis',(0.,1.,0.));
#5705=DIRECTION('ref_axis',(0.,0.,1.));
#5706=CARTESIAN_POINT('',(0.,0.,0.));
#5707=CARTESIAN_POINT('Origin',(3.62109448218544E-14,30.3,114.480228855215));
#5708=CARTESIAN_POINT('',(2.75,30.3,-12.7));
#5709=CARTESIAN_POINT('Origin',(-1.11022302462516E-15,30.3,-12.7));
#5710=CARTESIAN_POINT('',(2.75,30.3,-10.2));
#5711=CARTESIAN_POINT('',(2.75000000000004,30.3,114.480228855215));
#5712=CARTESIAN_POINT('Origin',(-3.76595475311517E-16,30.3,-10.2));
#5713=CARTESIAN_POINT('Origin',(-53.0881770224918,3.25,-9.8678564009775));
#5714=CARTESIAN_POINT('',(-53.3469960675943,3.,-10.8337822272666));
#5715=CARTESIAN_POINT('',(-54.4269339719968,3.5,-10.5444137379062));
#5716=CARTESIAN_POINT('Ctrl Pts',(-54.4269339719968,3.5,-10.5444137379062));
#5717=CARTESIAN_POINT('Ctrl Pts',(-53.7789712293553,2.99999999999999,-10.7180348315224));
#5718=CARTESIAN_POINT('Ctrl Pts',(-53.3469960675943,3.,-10.8337822272666));
#5719=CARTESIAN_POINT('',(-54.5370657619254,3.5,-9.47962783332372));
#5720=CARTESIAN_POINT('Origin',(-53.0881770224918,3.5,-9.8678564009775));
#5721=CARTESIAN_POINT('',(-54.0541028487809,3.,-9.60903735587498));
#5722=CARTESIAN_POINT('',(-54.5370657619254,3.5,-9.47962783332372));
#5723=CARTESIAN_POINT('Origin',(-53.0881770224918,3.,-9.8678564009775));
#5724=CARTESIAN_POINT('Origin',(-46.2305305696449,3.25,20.5548577128369));
#5725=CARTESIAN_POINT('',(-48.6877553426084,3.5,12.3502958408092));
#5726=CARTESIAN_POINT('',(-46.4720120262172,3.5,20.6195624741125));
#5727=CARTESIAN_POINT('',(-48.2047924294639,3.,12.220886318258));
#5728=CARTESIAN_POINT('',(-48.6877553426084,3.5,12.3502958408092));
#5729=CARTESIAN_POINT('',(-45.9890491130726,3.,20.4901529515612));
#5730=CARTESIAN_POINT('Origin',(-47.2388666031748,3.25,11.9620672731554));
#5731=CARTESIAN_POINT('',(-46.850638035521,3.5,13.4109560125891));
#5732=CARTESIAN_POINT('',(-46.9800475580723,3.,12.9279930994445));
#5733=CARTESIAN_POINT('',(-46.850638035521,3.5,13.4109560125891));
#5734=CARTESIAN_POINT('Origin',(-47.2388666031748,3.,11.9620672731554));
#5735=CARTESIAN_POINT('Origin',(-47.2388666031748,3.5,11.9620672731554));
#5736=CARTESIAN_POINT('Origin',(-31.7577989193785,3.25,9.10802291482329));
#5737=CARTESIAN_POINT('',(-46.3676751223765,3.5,13.2815464900378));
#5738=CARTESIAN_POINT('',(-31.6930941581029,3.5,9.34950437139556));
#5739=CARTESIAN_POINT('',(-46.4970846449278,3.,12.7985835768933));
#5740=CARTESIAN_POINT('',(-46.3676751223765,3.5,13.2815464900378));
#5741=CARTESIAN_POINT('',(-31.8225036806542,3.,8.86654145825102));
#5742=CARTESIAN_POINT('Origin',(-46.7559036900303,3.25,11.8326577506042));
#5743=CARTESIAN_POINT('',(-45.3070149505967,3.5,11.4444291829504));
#5744=CARTESIAN_POINT('',(-45.7899778637412,3.,11.5738387055017));
#5745=CARTESIAN_POINT('',(-45.3070149505967,3.5,11.4444291829504));
#5746=CARTESIAN_POINT('Origin',(-46.7559036900303,3.,11.8326577506042));
#5747=CARTESIAN_POINT('Origin',(-46.7559036900303,3.5,11.8326577506042));
#5748=CARTESIAN_POINT('Origin',(-46.5162273455387,3.25,7.89751291417375));
#5749=CARTESIAN_POINT('',(-46.9168694111344,3.5,5.43637054343241));
#5750=CARTESIAN_POINT('',(-47.3998323242789,3.,5.56578006598366));
#5751=CARTESIAN_POINT('',(-47.1583508677066,3.25,5.50107530470804));
#5752=CARTESIAN_POINT('',(-46.757708802111,3.,7.96221767544938));
#5753=CARTESIAN_POINT('',(-46.2747458889665,3.5,7.83280815289812));
#5754=CARTESIAN_POINT('Origin',(-14.2000000000922,3.5,19.7999999987397));
#5755=CARTESIAN_POINT('',(-55.2788477201724,3.5,-10.3161441370615));
#5756=CARTESIAN_POINT('',(-54.4306735890302,3.5,-10.543411710542));
#5757=CARTESIAN_POINT('',(-55.7964858103775,3.5,-10.3161441370615));
#5758=CARTESIAN_POINT('Origin',(-55.537666765275,3.5,-11.2820699633506));
#5759=CARTESIAN_POINT('',(-49.0595223537754,3.5,14.8265457717122));
#5760=CARTESIAN_POINT('',(-50.9754634110011,3.5,7.67615640183897));
#5761=CARTESIAN_POINT('',(-48.8601043503976,3.5,15.1089642279887));
#5762=CARTESIAN_POINT('Origin',(-48.5765594406309,3.5,14.6971362491609));
#5763=CARTESIAN_POINT('',(-17.4835449097093,3.5,36.7118279788278));
#5764=CARTESIAN_POINT('',(-36.1594152125946,3.5,23.8534302203283));
#5765=CARTESIAN_POINT('',(-17.1999999999426,3.5,36.8));
#5766=CARTESIAN_POINT('Origin',(-17.1999999999426,3.5,36.3));
#5767=CARTESIAN_POINT('',(-15.6999999999426,3.5,36.8));
#5768=CARTESIAN_POINT('',(-16.2000000000174,3.5,36.8));
#5769=CARTESIAN_POINT('',(-15.6999999999426,3.5,35.6));
#5770=CARTESIAN_POINT('',(-15.6999999999426,3.5,27.4499999993698));
#5771=CARTESIAN_POINT('',(-16.6999999999425,3.5,34.6));
#5772=CARTESIAN_POINT('Origin',(-15.6999999999425,3.5,34.6));
#5773=CARTESIAN_POINT('',(-16.6999999999425,3.5,12.8));
#5774=CARTESIAN_POINT('',(-16.6999999999425,3.5,27.4499999993698));
#5775=CARTESIAN_POINT('',(-17.3287524252251,3.5,12.8));
#5776=CARTESIAN_POINT('',(-15.2000000000174,3.5,12.8));
#5777=CARTESIAN_POINT('',(-18.3075874458794,3.5,12.4366098725335));
#5778=CARTESIAN_POINT('Origin',(-17.3287524252251,3.5,11.3));
#5779=CARTESIAN_POINT('',(-37.5834895928152,3.5,-4.16356977755964));
#5780=CARTESIAN_POINT('',(-15.1672253141548,3.5,15.1410527129048));
#5781=CARTESIAN_POINT('',(-36.0675414539126,3.5,1.49402569846435));
#5782=CARTESIAN_POINT('',(-30.7812437132701,3.5,21.2227574504788));
#5783=CARTESIAN_POINT('',(-37.1747478125945,3.5,2.82597692853785));
#5784=CARTESIAN_POINT('Origin',(-37.433566857697,3.5,1.86005110224879));
#5785=CARTESIAN_POINT('',(-47.3998323242789,3.5,5.56578006598367));
#5786=CARTESIAN_POINT('Origin',(-51.2169448675733,3.25,7.7408611631146));
#5787=CARTESIAN_POINT('',(-56.503592591564,3.,-11.0232509182481));
#5788=CARTESIAN_POINT('Origin',(-55.537666765275,4.,-11.2820699633506));
#5789=CARTESIAN_POINT('',(-49.54248526692,3.,14.9559552942635));
#5790=CARTESIAN_POINT('',(-51.4584263241456,3.,7.80556592439023));
#5791=CARTESIAN_POINT('',(-49.54248526692,3.,14.9559552942635));
#5792=CARTESIAN_POINT('Origin',(-48.5765594406309,3.25,14.6971362491609));
#5793=CARTESIAN_POINT('',(-49.1436492601643,3.,15.5207922068165));
#5794=CARTESIAN_POINT('Origin',(-48.5765594406309,3.,14.6971362491609));
#5795=CARTESIAN_POINT('',(-49.1436492601643,3.,15.5207922068165));
#5796=CARTESIAN_POINT('Origin',(-36.301187667478,3.25,24.0593442097422));
#5797=CARTESIAN_POINT('',(-17.767089819476,3.,37.1236559576556));
#5798=CARTESIAN_POINT('',(-17.767089819476,3.,37.1236559576556));
#5799=CARTESIAN_POINT('',(-36.4429601223613,3.,24.2652581991561));
#5800=CARTESIAN_POINT('Origin',(-17.1999999999426,3.25,36.3));
#5801=CARTESIAN_POINT('',(-17.1999999999426,3.,37.3));
#5802=CARTESIAN_POINT('Origin',(-17.1999999999426,3.,36.3));
#5803=CARTESIAN_POINT('',(-17.1999999999426,3.,37.3));
#5804=CARTESIAN_POINT('Origin',(-16.2000000000174,3.25,37.05));
#5805=CARTESIAN_POINT('',(-15.1999999999426,3.,37.3));
#5806=CARTESIAN_POINT('Origin',(-15.1999999999426,3.5,36.8));
#5807=CARTESIAN_POINT('',(-16.2000000000174,3.,37.3));
#5808=CARTESIAN_POINT('Origin',(-18.1999999999426,0.,37.3));
#5809=CARTESIAN_POINT('',(-15.1999999999426,59.5571067811976,37.3));
#5810=CARTESIAN_POINT('',(-15.1999999999426,1.75,37.3));
#5811=CARTESIAN_POINT('',(-17.1999999999426,0.7,37.3));
#5812=CARTESIAN_POINT('',(-17.1999999999426,0.,37.3));
#5813=CARTESIAN_POINT('',(-11.2000000002418,0.7,37.3));
#5814=CARTESIAN_POINT('',(-9.77499999995692,0.7,37.3));
#5815=CARTESIAN_POINT('',(-11.2000000002418,60.1,37.3));
#5816=CARTESIAN_POINT('',(-11.2000000002418,0.,37.3));
#5817=CARTESIAN_POINT('',(-15.6999999999425,60.1,37.3));
#5818=CARTESIAN_POINT('',(-16.1999999999425,60.1,37.3));
#5819=CARTESIAN_POINT('',(-15.6999999999425,60.0571067811976,37.3));
#5820=CARTESIAN_POINT('',(-15.6999999999425,29.05,37.3));
#5821=CARTESIAN_POINT('',(-0.0714466093430341,44.4285533905981,37.3));
#5822=CARTESIAN_POINT('Origin',(-17.1999999999426,0.,36.3));
#5823=CARTESIAN_POINT('',(-17.767089819476,0.7,37.1236559576556));
#5824=CARTESIAN_POINT('',(-17.767089819476,0.,37.1236559576556));
#5825=CARTESIAN_POINT('Origin',(-17.1999999999426,0.7,36.3));
#5826=CARTESIAN_POINT('Origin',(-49.447123845956,0.,15.311848962383));
#5827=CARTESIAN_POINT('',(-49.1436492601643,0.7,15.5207922068165));
#5828=CARTESIAN_POINT('',(-49.1436492601643,0.,15.5207922068165));
#5829=CARTESIAN_POINT('',(-37.6074841114313,0.7,23.4634796256316));
#5830=CARTESIAN_POINT('Origin',(-48.5765594406309,0.,14.6971362491609));
#5831=CARTESIAN_POINT('',(-49.54248526692,0.7,14.9559552942635));
#5832=CARTESIAN_POINT('',(-49.54248526692,0.,14.9559552942635));
#5833=CARTESIAN_POINT('Origin',(-48.5765594406309,0.7,14.6971362491609));
#5834=CARTESIAN_POINT('Origin',(-56.9528761539291,0.,-12.7));
#5835=CARTESIAN_POINT('',(-56.503592591564,27.1,-11.0232509182481));
#5836=CARTESIAN_POINT('',(-56.503592591564,0.75,-11.0232509182481));
#5837=CARTESIAN_POINT('',(-56.7701218895974,27.1,-12.0179518002144));
#5838=CARTESIAN_POINT('',(-54.8276434050877,27.1,-4.76852340341463));
#5839=CARTESIAN_POINT('',(-56.7701218895974,0.7,-12.0179518002144));
#5840=CARTESIAN_POINT('',(-56.7701218895974,0.,-12.0179518002144));
#5841=CARTESIAN_POINT('',(-53.984282933799,0.7,-1.62105927547016));
#5842=CARTESIAN_POINT('Origin',(-15.0040861440458,3.25,14.9516177341492));
#5843=CARTESIAN_POINT('',(-37.5087165386415,3.41561946937763,-4.21053427540274));
#5844=CARTESIAN_POINT('',(-39.3773960630404,5.52440279479345,-3.03682809925556));
#5845=CARTESIAN_POINT('',(-17.9813091056613,3.,12.0577399150224));
#5846=CARTESIAN_POINT('',(-18.3075874458794,3.5,12.4366098725335));
#5847=CARTESIAN_POINT('',(-37.9314659741662,3.,-5.12309995126463));
#5848=CARTESIAN_POINT('',(-14.8409469739367,3.,14.7621827553936));
#5849=CARTESIAN_POINT('Origin',(-39.9298562404082,4.,-5.5243760518458));
#5850=CARTESIAN_POINT('Origin',(-17.3287524252251,3.25,11.3));
#5851=CARTESIAN_POINT('',(-17.3287524252251,3.,12.3));
#5852=CARTESIAN_POINT('',(-17.3287524252251,3.5,12.8));
#5853=CARTESIAN_POINT('Origin',(-17.3287524252251,3.,11.3));
#5854=CARTESIAN_POINT('Origin',(-15.2000000000174,3.25,12.55));
#5855=CARTESIAN_POINT('',(-16.6999999999425,3.,12.3));
#5856=CARTESIAN_POINT('',(-16.6999999999425,3.5,12.8));
#5857=CARTESIAN_POINT('',(-15.2000000000174,3.,12.3));
#5858=CARTESIAN_POINT('Origin',(-16.4499999999425,3.25,27.4499999993698));
#5859=CARTESIAN_POINT('',(-16.1999999999425,3.,12.8));
#5860=CARTESIAN_POINT('',(-16.1999999999425,3.,12.8));
#5861=CARTESIAN_POINT('',(-16.1999999999425,3.,34.6));
#5862=CARTESIAN_POINT('',(-16.6999999999425,3.5,34.6));
#5863=CARTESIAN_POINT('',(-16.1999999999425,3.,27.4499999993698));
#5864=CARTESIAN_POINT('Origin',(-15.6999999999425,3.25,34.6));
#5865=CARTESIAN_POINT('',(-15.6999999999425,3.,35.1));
#5866=CARTESIAN_POINT('',(-15.6999999999426,3.5,35.6));
#5867=CARTESIAN_POINT('Origin',(-15.6999999999425,3.,34.6));
#5868=CARTESIAN_POINT('Origin',(-13.4500000000174,3.25,35.35));
#5869=CARTESIAN_POINT('',(-15.1999999999426,3.,35.1));
#5870=CARTESIAN_POINT('Origin',(-15.1999999999426,3.5,35.6));
#5871=CARTESIAN_POINT('',(-13.4500000000174,3.,35.1));
#5872=CARTESIAN_POINT('Origin',(-16.6999999999425,3.,12.8));
#5873=CARTESIAN_POINT('Origin',(-16.6999999999425,3.,12.8));
#5874=CARTESIAN_POINT('Origin',(-17.6999999999426,1.5,12.3));
#5875=CARTESIAN_POINT('',(-50.687267224284,12.4779929588996,-16.1082455864067));
#5876=CARTESIAN_POINT('',(-25.203873131469,-6.45703315546019,5.83775293600734));
#5877=CARTESIAN_POINT('',(-17.9813091056613,1.5,12.0577399150224));
#5878=CARTESIAN_POINT('',(-17.9813091056613,1.5,12.0577399150224));
#5879=CARTESIAN_POINT('',(-50.687267224284,1.5,-16.1082455864067));
#5880=CARTESIAN_POINT('',(-21.6398853228099,1.5,8.9070172144571));
#5881=CARTESIAN_POINT('',(-50.687267224284,0.75,-16.1082455864067));
#5882=CARTESIAN_POINT('Origin',(-17.3287524252251,1.5,11.3));
#5883=CARTESIAN_POINT('',(-17.3287524252251,1.5,12.3));
#5884=CARTESIAN_POINT('',(-17.3287524252251,1.5,12.3));
#5885=CARTESIAN_POINT('Origin',(-17.3287524252251,1.5,11.3));
#5886=CARTESIAN_POINT('Origin',(-16.1999999999425,1.5,12.3));
#5887=CARTESIAN_POINT('',(-16.6999999999425,1.5,12.3));
#5888=CARTESIAN_POINT('',(-16.6999999999425,1.5,12.3));
#5889=CARTESIAN_POINT('',(-15.1999999999234,1.5,12.3));
#5890=CARTESIAN_POINT('Origin',(-16.6999999999425,1.5,12.8));
#5891=CARTESIAN_POINT('',(-16.1999999999425,1.5,12.8));
#5892=CARTESIAN_POINT('',(-16.1999999999425,1.5,12.8));
#5893=CARTESIAN_POINT('Origin',(-16.6999999999425,1.5,12.8));
#5894=CARTESIAN_POINT('Origin',(-16.1999999999425,1.5,35.1));
#5895=CARTESIAN_POINT('',(-16.1999999999425,1.5,34.6));
#5896=CARTESIAN_POINT('',(-16.1999999999425,1.5,34.6));
#5897=CARTESIAN_POINT('',(-16.1999999999425,1.5,13.7));
#5898=CARTESIAN_POINT('Origin',(-19.1999999999425,1.25,3.8));
#5899=CARTESIAN_POINT('',(-23.1999999999425,1.5,3.8));
#5900=CARTESIAN_POINT('Origin',(-19.1999999999425,1.5,3.8));
#5901=CARTESIAN_POINT('',(-22.6999999999425,1.,3.8));
#5902=CARTESIAN_POINT('',(-22.9499999999425,1.25,3.8));
#5903=CARTESIAN_POINT('Origin',(-19.1999999999425,1.,3.8));
#5904=CARTESIAN_POINT('Origin',(-14.1999999999043,1.5,-7.7));
#5905=CARTESIAN_POINT('',(-17.6999999999425,1.5,-45.));
#5906=CARTESIAN_POINT('',(-17.6999999999425,1.5,-47.7));
#5907=CARTESIAN_POINT('',(-17.6999999999425,1.5,-30.2));
#5908=CARTESIAN_POINT('',(-17.1999999999425,1.5,-44.5));
#5909=CARTESIAN_POINT('Origin',(-17.1999999999425,1.5,-45.));
#5910=CARTESIAN_POINT('',(-16.6999999999426,1.5,-44.5));
#5911=CARTESIAN_POINT('',(-14.9499999999234,1.5,-44.5));
#5912=CARTESIAN_POINT('',(-15.1999999999426,1.5,-43.));
#5913=CARTESIAN_POINT('Origin',(-16.6999999999426,1.5,-43.));
#5914=CARTESIAN_POINT('',(-15.1999999999426,1.5,-35.));
#5915=CARTESIAN_POINT('',(-15.1999999999426,1.5,-20.85));
#5916=CARTESIAN_POINT('',(-16.6999999999426,1.5,-33.5));
#5917=CARTESIAN_POINT('Origin',(-16.6999999999426,1.5,-35.));
#5918=CARTESIAN_POINT('',(-25.7052407176466,1.5,-33.5));
#5919=CARTESIAN_POINT('',(-24.5999999999234,1.5,-33.5));
#5920=CARTESIAN_POINT('',(-25.9887856274133,1.5,-33.4118279788278));
#5921=CARTESIAN_POINT('Origin',(-25.7052407176466,1.5,-33.));
#5922=CARTESIAN_POINT('',(-50.9100618311788,1.5,-16.2534478401557));
#5923=CARTESIAN_POINT('',(-23.958639539116,1.5,-34.8095901975532));
#5924=CARTESIAN_POINT('Origin',(-51.3398239047202,1.5,-15.3505056713844));
#5925=CARTESIAN_POINT('',(-15.6999999999425,1.5,35.1));
#5926=CARTESIAN_POINT('Origin',(-15.6999999999425,1.5,34.6));
#5927=CARTESIAN_POINT('',(-13.6999999999321,1.5,35.1));
#5928=CARTESIAN_POINT('',(-13.4499999999234,1.5,35.1));
#5929=CARTESIAN_POINT('',(-12.6999999999426,1.5,34.0999999999998));
#5930=CARTESIAN_POINT('Origin',(-13.6999999999321,1.5,34.1));
#5931=CARTESIAN_POINT('',(-12.6999999999426,1.5,13.7103941586388));
#5932=CARTESIAN_POINT('',(-12.6999999999426,1.5,-2.70000000126032));
#5933=CARTESIAN_POINT('',(-12.6999999999426,1.5,8.88960584136122));
#5934=CARTESIAN_POINT('Ctrl Pts',(-12.6999999999282,1.5,13.7103941586546));
#5935=CARTESIAN_POINT('Ctrl Pts',(-13.9911111110543,1.5,11.3000000000003));
#5936=CARTESIAN_POINT('Ctrl Pts',(-12.6999999999292,1.5,8.88960584134542));
#5937=CARTESIAN_POINT('',(-12.6999999999426,1.5,-44.2896058413612));
#5938=CARTESIAN_POINT('',(-12.6999999999426,1.5,-2.70000000126032));
#5939=CARTESIAN_POINT('',(-12.6999999999426,1.5,-49.1103941586388));
#5940=CARTESIAN_POINT('Ctrl Pts',(-12.6999999999268,1.5,-44.2896058413185));
#5941=CARTESIAN_POINT('Ctrl Pts',(-13.9911111110775,1.5,-46.6999999999997));
#5942=CARTESIAN_POINT('Ctrl Pts',(-12.6999999999279,1.5,-49.1103941586815));
#5943=CARTESIAN_POINT('',(-12.6999999999426,1.5,-50.5));
#5944=CARTESIAN_POINT('',(-12.6999999999426,1.5,-2.70000000126032));
#5945=CARTESIAN_POINT('',(-15.6999999999426,1.5,-50.5));
#5946=CARTESIAN_POINT('',(-15.1999999999234,1.5,-50.5));
#5947=CARTESIAN_POINT('',(-16.1999999999426,1.5,-50.));
#5948=CARTESIAN_POINT('Origin',(-15.6999999999426,1.5,-50.));
#5949=CARTESIAN_POINT('',(-16.1999999999426,1.5,-48.2));
#5950=CARTESIAN_POINT('',(-16.1999999999426,1.5,-27.7));
#5951=CARTESIAN_POINT('',(-16.6999999999426,1.5,-47.7));
#5952=CARTESIAN_POINT('Origin',(-16.6999999999426,1.5,-48.2));
#5953=CARTESIAN_POINT('',(-16.1999999999234,1.5,-47.7));
#5954=CARTESIAN_POINT('',(-15.1999999999426,1.5,-13.5));
#5955=CARTESIAN_POINT('',(-16.6999999999425,1.5,-15.));
#5956=CARTESIAN_POINT('Origin',(-16.6999999999425,1.5,-13.5));
#5957=CARTESIAN_POINT('',(-15.1999999999426,1.5,-7.9));
#5958=CARTESIAN_POINT('',(-15.1999999999425,1.5,-7.3));
#5959=CARTESIAN_POINT('',(-16.6999999999426,1.5,-6.4));
#5960=CARTESIAN_POINT('Origin',(-16.6999999999426,1.5,-7.9));
#5961=CARTESIAN_POINT('',(-18.6999999999425,1.5,-6.4));
#5962=CARTESIAN_POINT('',(-16.9499999999234,1.5,-6.4));
#5963=CARTESIAN_POINT('',(-20.1999999999425,1.5,-7.9));
#5964=CARTESIAN_POINT('Origin',(-18.6999999999425,1.5,-7.9));
#5965=CARTESIAN_POINT('',(-20.1999999999425,1.5,-13.5));
#5966=CARTESIAN_POINT('',(-20.1999999999425,1.5,-11.1));
#5967=CARTESIAN_POINT('',(-18.6999999999425,1.5,-15.));
#5968=CARTESIAN_POINT('Origin',(-18.6999999999425,1.5,-13.5));
#5969=CARTESIAN_POINT('',(-14.9499999999234,1.5,-15.));
#5970=CARTESIAN_POINT('',(-16.6999999999426,1.5,-19.9));
#5971=CARTESIAN_POINT('',(-15.1999999999426,1.5,-21.4));
#5972=CARTESIAN_POINT('Origin',(-16.6999999999426,1.5,-21.4));
#5973=CARTESIAN_POINT('',(-18.6999999999425,1.5,-19.9));
#5974=CARTESIAN_POINT('',(-16.9499999999234,1.5,-19.9));
#5975=CARTESIAN_POINT('',(-20.1999999999425,1.5,-21.4));
#5976=CARTESIAN_POINT('Origin',(-18.6999999999425,1.5,-21.4));
#5977=CARTESIAN_POINT('',(-20.1999999999425,1.5,-27.));
#5978=CARTESIAN_POINT('',(-20.1999999999425,1.5,-17.85));
#5979=CARTESIAN_POINT('',(-18.6999999999425,1.5,-28.5));
#5980=CARTESIAN_POINT('Origin',(-18.6999999999425,1.5,-27.));
#5981=CARTESIAN_POINT('',(-16.6999999999426,1.5,-28.5));
#5982=CARTESIAN_POINT('',(-14.9499999999234,1.5,-28.5));
#5983=CARTESIAN_POINT('',(-15.1999999999426,1.5,-27.));
#5984=CARTESIAN_POINT('Origin',(-16.6999999999426,1.5,-27.));
#5985=CARTESIAN_POINT('',(-15.1999999999426,1.5,-14.05));
#5986=CARTESIAN_POINT('Origin',(-19.1999999999425,0.,3.8));
#5987=CARTESIAN_POINT('',(-15.6999999999425,0.7,3.8));
#5988=CARTESIAN_POINT('',(-22.6999999999425,0.7,3.8));
#5989=CARTESIAN_POINT('Origin',(-19.1999999999425,0.7,3.8));
#5990=CARTESIAN_POINT('Origin',(-19.1999999999425,0.7,3.8));
#5991=CARTESIAN_POINT('',(-22.6999999999425,0.,3.8));
#5992=CARTESIAN_POINT('Origin',(-16.6999999999425,1.25,-13.5));
#5993=CARTESIAN_POINT('',(-16.6999999999425,1.,-14.5));
#5994=CARTESIAN_POINT('',(-16.6999999999425,1.5,-15.));
#5995=CARTESIAN_POINT('',(-15.6999999999425,1.,-13.5));
#5996=CARTESIAN_POINT('Origin',(-16.6999999999425,1.,-13.5));
#5997=CARTESIAN_POINT('',(-15.6999999999425,1.,-13.5));
#5998=CARTESIAN_POINT('Origin',(-14.9499999999234,1.25,-14.75));
#5999=CARTESIAN_POINT('',(-18.6999999999425,1.,-14.5));
#6000=CARTESIAN_POINT('',(-18.6999999999425,1.5,-15.));
#6001=CARTESIAN_POINT('',(-14.9499999999234,1.,-14.5));
#6002=CARTESIAN_POINT('Origin',(-18.6999999999425,1.25,-13.5));
#6003=CARTESIAN_POINT('',(-19.6999999999425,1.,-13.5));
#6004=CARTESIAN_POINT('',(-20.1999999999425,1.5,-13.5));
#6005=CARTESIAN_POINT('Origin',(-18.6999999999425,1.,-13.5));
#6006=CARTESIAN_POINT('Origin',(-19.9499999999425,1.25,-11.1));
#6007=CARTESIAN_POINT('',(-19.6999999999425,1.,-7.9));
#6008=CARTESIAN_POINT('',(-20.1999999999425,1.5,-7.9));
#6009=CARTESIAN_POINT('',(-19.6999999999425,1.,-11.1));
#6010=CARTESIAN_POINT('Origin',(-18.6999999999425,1.25,-7.9));
#6011=CARTESIAN_POINT('',(-18.6999999999425,1.,-6.9));
#6012=CARTESIAN_POINT('',(-18.6999999999425,1.5,-6.4));
#6013=CARTESIAN_POINT('Origin',(-18.6999999999425,1.,-7.9));
#6014=CARTESIAN_POINT('Origin',(-16.9499999999234,1.25,-6.65));
#6015=CARTESIAN_POINT('',(-16.6999999999426,1.,-6.9));
#6016=CARTESIAN_POINT('',(-16.6999999999426,1.5,-6.4));
#6017=CARTESIAN_POINT('',(-16.9499999999234,1.,-6.9));
#6018=CARTESIAN_POINT('Origin',(-16.6999999999426,1.25,-7.9));
#6019=CARTESIAN_POINT('',(-15.6999999999425,1.,-7.9));
#6020=CARTESIAN_POINT('',(-15.1999999999426,1.5,-7.9));
#6021=CARTESIAN_POINT('Origin',(-16.6999999999426,1.,-7.9));
#6022=CARTESIAN_POINT('Origin',(-15.4499999999425,1.25,-7.3));
#6023=CARTESIAN_POINT('',(-15.6999999999425,1.,-7.3));
#6024=CARTESIAN_POINT('Origin',(-19.6999999999425,0.,-6.9));
#6025=CARTESIAN_POINT('',(-16.6999999999426,0.7,-6.9));
#6026=CARTESIAN_POINT('',(-16.6999999999426,0.,-6.9));
#6027=CARTESIAN_POINT('',(-18.6999999999425,0.7,-6.9));
#6028=CARTESIAN_POINT('',(-10.5249999999569,0.7,-6.9));
#6029=CARTESIAN_POINT('',(-18.6999999999425,0.,-6.9));
#6030=CARTESIAN_POINT('Origin',(-16.6999999999426,0.,-7.9));
#6031=CARTESIAN_POINT('',(-15.6999999999425,0.7,-7.9));
#6032=CARTESIAN_POINT('',(-15.6999999999425,0.,-7.9));
#6033=CARTESIAN_POINT('Origin',(-16.6999999999426,0.7,-7.9));
#6034=CARTESIAN_POINT('Origin',(-15.6999999999425,0.,-6.9));
#6035=CARTESIAN_POINT('',(-15.6999999999425,0.7,-13.5));
#6036=CARTESIAN_POINT('',(-15.6999999999425,0.,-13.5));
#6037=CARTESIAN_POINT('',(-15.6999999999425,0.7,-5.37500000063016));
#6038=CARTESIAN_POINT('Origin',(-16.6999999999425,0.,-13.5));
#6039=CARTESIAN_POINT('',(-16.6999999999425,0.7,-14.5));
#6040=CARTESIAN_POINT('',(-16.6999999999425,0.,-14.5));
#6041=CARTESIAN_POINT('Origin',(-16.6999999999425,0.7,-13.5));
#6042=CARTESIAN_POINT('Origin',(-16.6999999999426,1.25,-21.4));
#6043=CARTESIAN_POINT('',(-15.6999999999426,1.,-21.4));
#6044=CARTESIAN_POINT('',(-15.1999999999426,1.5,-21.4));
#6045=CARTESIAN_POINT('',(-16.6999999999426,1.,-20.4));
#6046=CARTESIAN_POINT('Origin',(-16.6999999999426,1.,-21.4));
#6047=CARTESIAN_POINT('',(-16.6999999999426,1.,-20.4));
#6048=CARTESIAN_POINT('Origin',(-15.4499999999426,1.25,-14.05));
#6049=CARTESIAN_POINT('',(-15.6999999999426,1.,-27.));
#6050=CARTESIAN_POINT('',(-15.1999999999426,1.5,-27.));
#6051=CARTESIAN_POINT('',(-15.6999999999426,1.,-14.05));
#6052=CARTESIAN_POINT('Origin',(-16.6999999999426,1.25,-27.));
#6053=CARTESIAN_POINT('',(-16.6999999999426,1.,-28.));
#6054=CARTESIAN_POINT('',(-16.6999999999426,1.5,-28.5));
#6055=CARTESIAN_POINT('Origin',(-16.6999999999426,1.,-27.));
#6056=CARTESIAN_POINT('Origin',(-14.9499999999234,1.25,-28.25));
#6057=CARTESIAN_POINT('',(-18.6999999999425,1.,-28.));
#6058=CARTESIAN_POINT('',(-18.6999999999425,1.5,-28.5));
#6059=CARTESIAN_POINT('',(-14.9499999999234,1.,-28.));
#6060=CARTESIAN_POINT('Origin',(-18.6999999999425,1.25,-27.));
#6061=CARTESIAN_POINT('',(-19.6999999999425,1.,-27.));
#6062=CARTESIAN_POINT('',(-20.1999999999425,1.5,-27.));
#6063=CARTESIAN_POINT('Origin',(-18.6999999999425,1.,-27.));
#6064=CARTESIAN_POINT('Origin',(-19.9499999999425,1.25,-17.85));
#6065=CARTESIAN_POINT('',(-19.6999999999425,1.,-21.4));
#6066=CARTESIAN_POINT('',(-20.1999999999425,1.5,-21.4));
#6067=CARTESIAN_POINT('',(-19.6999999999425,1.,-17.85));
#6068=CARTESIAN_POINT('Origin',(-18.6999999999425,1.25,-21.4));
#6069=CARTESIAN_POINT('',(-18.6999999999425,1.,-20.4));
#6070=CARTESIAN_POINT('',(-18.6999999999425,1.5,-19.9));
#6071=CARTESIAN_POINT('Origin',(-18.6999999999425,1.,-21.4));
#6072=CARTESIAN_POINT('Origin',(-16.9499999999234,1.25,-20.15));
#6073=CARTESIAN_POINT('',(-16.9499999999234,1.,-20.4));
#6074=CARTESIAN_POINT('Origin',(-19.6999999999425,0.,-28.));
#6075=CARTESIAN_POINT('',(-19.6999999999425,0.7,-21.4));
#6076=CARTESIAN_POINT('',(-19.6999999999425,0.,-21.4));
#6077=CARTESIAN_POINT('',(-19.6999999999425,0.7,-27.));
#6078=CARTESIAN_POINT('',(-19.6999999999425,0.7,-15.9250000006302));
#6079=CARTESIAN_POINT('',(-19.6999999999425,0.,-27.));
#6080=CARTESIAN_POINT('Origin',(-18.6999999999425,0.,-21.4));
#6081=CARTESIAN_POINT('',(-18.6999999999425,0.7,-20.4));
#6082=CARTESIAN_POINT('',(-18.6999999999425,0.,-20.4));
#6083=CARTESIAN_POINT('Origin',(-18.6999999999425,0.7,-21.4));
#6084=CARTESIAN_POINT('Origin',(-19.6999999999425,0.,-20.4));
#6085=CARTESIAN_POINT('',(-16.6999999999426,0.7,-20.4));
#6086=CARTESIAN_POINT('',(-16.6999999999426,0.,-20.4));
#6087=CARTESIAN_POINT('',(-10.5249999999569,0.7,-20.4));
#6088=CARTESIAN_POINT('Origin',(-16.6999999999426,0.,-21.4));
#6089=CARTESIAN_POINT('',(-15.6999999999426,0.7,-21.4));
#6090=CARTESIAN_POINT('',(-15.6999999999426,0.,-21.4));
#6091=CARTESIAN_POINT('Origin',(-16.6999999999426,0.7,-21.4));
#6092=CARTESIAN_POINT('Origin',(-24.1004119939993,1.25,-35.0155041869671));
#6093=CARTESIAN_POINT('',(-51.9069137242536,1.,-16.17416162904));
#6094=CARTESIAN_POINT('Origin',(-51.3398239047202,2.,-15.3505056713844));
#6095=CARTESIAN_POINT('',(-26.27233053718,1.,-33.8236559576556));
#6096=CARTESIAN_POINT('',(-25.9887856274133,1.5,-33.4118279788278));
#6097=CARTESIAN_POINT('',(-24.2421844488827,1.,-35.221418176381));
#6098=CARTESIAN_POINT('Origin',(-25.7052407176466,1.25,-33.));
#6099=CARTESIAN_POINT('',(-25.7052407176466,1.,-34.));
#6100=CARTESIAN_POINT('',(-25.7052407176466,1.5,-33.5));
#6101=CARTESIAN_POINT('Origin',(-25.7052407176466,1.,-33.));
#6102=CARTESIAN_POINT('Origin',(-24.5999999999234,1.25,-33.75));
#6103=CARTESIAN_POINT('',(-16.6999999999426,1.,-34.));
#6104=CARTESIAN_POINT('',(-16.6999999999426,1.5,-33.5));
#6105=CARTESIAN_POINT('',(-24.5999999999234,1.,-34.));
#6106=CARTESIAN_POINT('Origin',(-16.6999999999426,1.25,-35.));
#6107=CARTESIAN_POINT('',(-15.6999999999426,1.,-35.));
#6108=CARTESIAN_POINT('',(-15.1999999999426,1.5,-35.));
#6109=CARTESIAN_POINT('Origin',(-16.6999999999426,1.,-35.));
#6110=CARTESIAN_POINT('Origin',(-15.4499999999426,1.25,-20.85));
#6111=CARTESIAN_POINT('',(-15.6999999999426,1.,-43.));
#6112=CARTESIAN_POINT('',(-15.1999999999426,1.5,-43.));
#6113=CARTESIAN_POINT('',(-15.6999999999426,1.,-20.85));
#6114=CARTESIAN_POINT('Origin',(-16.6999999999426,1.25,-43.));
#6115=CARTESIAN_POINT('',(-16.6999999999426,1.,-44.));
#6116=CARTESIAN_POINT('',(-16.6999999999426,1.5,-44.5));
#6117=CARTESIAN_POINT('Origin',(-16.6999999999426,1.,-43.));
#6118=CARTESIAN_POINT('Origin',(-14.9499999999234,1.25,-44.25));
#6119=CARTESIAN_POINT('',(-17.1999999999425,1.,-44.));
#6120=CARTESIAN_POINT('',(-17.1999999999425,1.5,-44.5));
#6121=CARTESIAN_POINT('',(-14.9499999999234,1.,-44.));
#6122=CARTESIAN_POINT('Origin',(-17.1999999999425,1.25,-45.));
#6123=CARTESIAN_POINT('',(-18.1999999999425,1.,-45.));
#6124=CARTESIAN_POINT('',(-17.6999999999425,1.5,-45.));
#6125=CARTESIAN_POINT('Origin',(-17.1999999999425,1.,-45.));
#6126=CARTESIAN_POINT('Origin',(-17.9499999999425,1.25,-30.2));
#6127=CARTESIAN_POINT('',(-18.1999999999425,1.,-48.2));
#6128=CARTESIAN_POINT('Origin',(-17.6999999999425,1.5,-48.2));
#6129=CARTESIAN_POINT('',(-18.1999999999425,1.,-30.2));
#6130=CARTESIAN_POINT('Origin',(-7.02499999995523,0.25,2.04999999747936));
#6131=CARTESIAN_POINT('',(-10.4000000002418,0.5,2.29999999747936));
#6132=CARTESIAN_POINT('',(-10.9000000002418,0.,1.79999999747936));
#6133=CARTESIAN_POINT('',(-7.56666666654565,3.33333333369618,5.13333333117554));
#6134=CARTESIAN_POINT('',(-8.5000000001,0.,1.79999999747936));
#6135=CARTESIAN_POINT('',(-7.02499999995523,0.,1.79999999747936));
#6136=CARTESIAN_POINT('',(-8.5000000001,0.5,2.29999999747936));
#6137=CARTESIAN_POINT('',(-8.5000000001,0.,1.79999999747936));
#6138=CARTESIAN_POINT('',(-7.02499999995523,0.5,2.29999999747936));
#6139=CARTESIAN_POINT('Origin',(-8.5000000001,0.25,2.8000000001));
#6140=CARTESIAN_POINT('',(-7.49999999747936,0.,2.80000000005278));
#6141=CARTESIAN_POINT('',(-7.99999999747936,0.5,2.80000000007639));
#6142=CARTESIAN_POINT('',(-7.49999999747936,0.,2.80000000005278));
#6143=CARTESIAN_POINT('Origin',(-8.5000000001,0.5,2.8000000001));
#6144=CARTESIAN_POINT('Origin',(-8.5000000001,0.,2.8000000001));
#6145=CARTESIAN_POINT('Origin',(-7.74999999763638,0.25,-0.525000000446753));
#6146=CARTESIAN_POINT('',(-7.4999999974237,0.,3.97867965440677));
#6147=CARTESIAN_POINT('',(-7.9999999974237,0.5,3.97867965443038));
#6148=CARTESIAN_POINT('',(-7.4999999974237,0.,3.97867965440677));
#6149=CARTESIAN_POINT('',(-7.99999999763638,0.5,-0.525000000434947));
#6150=CARTESIAN_POINT('',(-7.49999999763638,0.,-0.525000000458559));
#6151=CARTESIAN_POINT('Origin',(-6.97867965432649,0.25,3.97867965438215));
#6152=CARTESIAN_POINT('',(-6.61005050417251,0.,4.34730880377724));
#6153=CARTESIAN_POINT('',(-6.25649711321531,0.5,4.70086219400659));
#6154=CARTESIAN_POINT('',(-6.61005050417251,0.,4.34730880377724));
#6155=CARTESIAN_POINT('Origin',(-6.97867965432649,0.5,3.97867965438215));
#6156=CARTESIAN_POINT('Origin',(-6.97867965432649,0.,3.97867965438215));
#6157=CARTESIAN_POINT('Origin',(-3.06893398409141,0.25,1.15974566736329));
#6158=CARTESIAN_POINT('',(-5.99999999740171,0.5,4.44436507766494));
#6159=CARTESIAN_POINT('',(-2.89215728861281,0.5,1.33652236247796));
#6160=CARTESIAN_POINT('',(-6.49999999741149,0.,4.23725829678966));
#6161=CARTESIAN_POINT('',(-3.24571067957001,0.,0.982968972248614));
#6162=CARTESIAN_POINT('',(-6.49999999741149,0.,4.23725829678966));
#6163=CARTESIAN_POINT('Origin',(-6.24999999759755,0.25,0.297182538323909));
#6164=CARTESIAN_POINT('',(-6.49999999752658,0.,1.79999999743214));
#6165=CARTESIAN_POINT('',(-6.49999999759755,0.,0.297182538335715));
#6166=CARTESIAN_POINT('',(-5.99999999752658,0.5,1.79999999740853));
#6167=CARTESIAN_POINT('',(-6.49999999752658,0.,1.79999999743214));
#6168=CARTESIAN_POINT('',(-5.99999999759755,0.5,0.297182538312103));
#6169=CARTESIAN_POINT('Origin',(-7.49999999752658,0.25,1.79999999747936));
#6170=CARTESIAN_POINT('',(-7.49999999752658,0.,0.799999997479361));
#6171=CARTESIAN_POINT('',(-7.49999999752658,0.5,0.299999997479362));
#6172=CARTESIAN_POINT('',(-7.49999999752658,0.,0.799999997479361));
#6173=CARTESIAN_POINT('Origin',(-7.49999999752658,0.5,1.79999999747936));
#6174=CARTESIAN_POINT('Origin',(-7.49999999752658,0.,1.79999999747936));
#6175=CARTESIAN_POINT('Origin',(-3.67499999878435,0.25,0.549999997479361));
#6176=CARTESIAN_POINT('',(-8.69999999985532,0.,0.799999997479362));
#6177=CARTESIAN_POINT('',(-8.69999999985532,0.5,0.299999997479362));
#6178=CARTESIAN_POINT('',(-8.69999999985532,0.,0.799999997479362));
#6179=CARTESIAN_POINT('',(-3.67499999878435,0.5,0.299999997479361));
#6180=CARTESIAN_POINT('',(-3.67499999878435,0.,0.799999997479361));
#6181=CARTESIAN_POINT('Origin',(-8.69999999985532,0.25,-1.20000000252064));
#6182=CARTESIAN_POINT('',(-10.6999999998553,0.,-1.20000000247808));
#6183=CARTESIAN_POINT('',(-10.1999999998553,0.5,-1.20000000248872));
#6184=CARTESIAN_POINT('',(-10.6999999998553,0.,-1.20000000247808));
#6185=CARTESIAN_POINT('Origin',(-8.69999999985532,0.5,-1.20000000252064));
#6186=CARTESIAN_POINT('Origin',(-8.69999999985532,0.,-1.20000000252064));
#6187=CARTESIAN_POINT('Origin',(-10.4499999998676,0.25,-1.77500000179101));
#6188=CARTESIAN_POINT('',(-10.7,0.,-7.99999999994255));
#6189=CARTESIAN_POINT('',(-10.2,0.5,-7.99999999995319));
#6190=CARTESIAN_POINT('',(-10.7,0.,-7.99999999994255));
#6191=CARTESIAN_POINT('',(-10.1999999998676,0.5,-1.77500000179633));
#6192=CARTESIAN_POINT('',(-10.6999999998675,0.,-1.77500000178569));
#6193=CARTESIAN_POINT('Origin',(-8.,0.25,-8.));
#6194=CARTESIAN_POINT('',(-8.,0.,-10.7));
#6195=CARTESIAN_POINT('',(-8.,0.5,-10.2));
#6196=CARTESIAN_POINT('',(-8.,0.,-10.7));
#6197=CARTESIAN_POINT('Origin',(-8.,0.5,-8.));
#6198=CARTESIAN_POINT('Origin',(-8.,0.,-8.));
#6199=CARTESIAN_POINT('Origin',(-4.67499999998564,0.25,-10.45));
#6200=CARTESIAN_POINT('',(9.5,0.,-10.7));
#6201=CARTESIAN_POINT('',(9.5,0.5,-10.2));
#6202=CARTESIAN_POINT('',(9.5,0.,-10.7));
#6203=CARTESIAN_POINT('',(-4.67499999998564,0.5,-10.2));
#6204=CARTESIAN_POINT('',(-4.67499999998564,0.,-10.7));
#6205=CARTESIAN_POINT('Origin',(9.75,0.25,-7.02500000063017));
#6206=CARTESIAN_POINT('',(9.5,0.,-12.2));
#6207=CARTESIAN_POINT('',(10.,0.5,-12.2));
#6208=CARTESIAN_POINT('',(9.5,0.,-12.2));
#6209=CARTESIAN_POINT('',(10.,0.5,-10.7));
#6210=CARTESIAN_POINT('',(10.,0.5,-7.02500000063017));
#6211=CARTESIAN_POINT('',(10.,0.5,-10.7));
#6212=CARTESIAN_POINT('',(9.5,0.,-7.02500000063017));
#6213=CARTESIAN_POINT('Origin',(9.5,0.5,-10.7));
#6214=CARTESIAN_POINT('Origin',(9.5,0.5,-10.7));
#6215=CARTESIAN_POINT('Origin',(4.32500000001436,0.25,-12.45));
#6216=CARTESIAN_POINT('',(-10.9000000002418,0.,-12.2));
#6217=CARTESIAN_POINT('',(-10.4000000002418,0.5,-12.7));
#6218=CARTESIAN_POINT('',(-12.9833333334274,-2.08333333318561,-10.1166666668144));
#6219=CARTESIAN_POINT('',(9.5,0.5,-12.7));
#6220=CARTESIAN_POINT('',(4.32500000001436,0.5,-12.7));
#6221=CARTESIAN_POINT('',(9.5,0.5,-12.7));
#6222=CARTESIAN_POINT('',(4.32500000001436,0.,-12.2));
#6223=CARTESIAN_POINT('Origin',(9.5,0.5,-12.2));
#6224=CARTESIAN_POINT('Origin',(9.5,0.5,-12.2));
#6225=CARTESIAN_POINT('Origin',(-8.5000000001,0.,2.8000000001));
#6226=CARTESIAN_POINT('',(-7.99999999747936,60.1,2.80000000007639));
#6227=CARTESIAN_POINT('',(-7.99999999747936,0.,2.80000000007639));
#6228=CARTESIAN_POINT('',(-8.5000000001,60.1,2.29999999747936));
#6229=CARTESIAN_POINT('Origin',(-8.5000000001,60.1,2.8000000001));
#6230=CARTESIAN_POINT('',(-8.5000000001,0.,2.29999999747936));
#6231=CARTESIAN_POINT('Origin',(-7.99999999747936,0.,2.80000000007639));
#6232=CARTESIAN_POINT('',(-7.9999999974237,60.1,3.97867965443038));
#6233=CARTESIAN_POINT('',(-7.9999999974237,0.,3.97867965443038));
#6234=CARTESIAN_POINT('',(-7.99999999747936,60.1,2.80000000007639));
#6235=CARTESIAN_POINT('Origin',(-6.97867965432649,0.,3.97867965438215));
#6236=CARTESIAN_POINT('',(-6.25649711321531,60.1,4.70086219400659));
#6237=CARTESIAN_POINT('',(-6.25649711321531,0.,4.70086219400659));
#6238=CARTESIAN_POINT('Origin',(-6.97867965432649,60.1,3.97867965438215));
#6239=CARTESIAN_POINT('Origin',(-6.25649711321531,0.,4.70086219400659));
#6240=CARTESIAN_POINT('',(-5.99999999740171,60.1,4.44436507766494));
#6241=CARTESIAN_POINT('',(-5.99999999740171,0.,4.44436507766494));
#6242=CARTESIAN_POINT('',(-6.92040585346066,60.1,5.36477093561873));
#6243=CARTESIAN_POINT('Origin',(-5.99999999740171,0.,4.44436507766494));
#6244=CARTESIAN_POINT('',(-5.99999999752658,60.1,1.79999999740853));
#6245=CARTESIAN_POINT('',(-5.99999999752658,0.,1.79999999740853));
#6246=CARTESIAN_POINT('',(-5.99999999740171,60.1,4.44436507766494));
#6247=CARTESIAN_POINT('Origin',(-7.49999999752658,0.,1.79999999747936));
#6248=CARTESIAN_POINT('',(-7.49999999752658,60.1,0.299999997479362));
#6249=CARTESIAN_POINT('',(-7.49999999752658,0.,0.299999997479362));
#6250=CARTESIAN_POINT('Origin',(-7.49999999752658,60.1,1.79999999747936));
#6251=CARTESIAN_POINT('Origin',(-5.99999999759742,0.,0.299999997479362));
#6252=CARTESIAN_POINT('',(-8.69999999985532,60.1,0.299999997479362));
#6253=CARTESIAN_POINT('',(-8.69999999985532,0.,0.299999997479362));
#6254=CARTESIAN_POINT('',(-5.99999999759742,60.1,0.299999997479362));
#6255=CARTESIAN_POINT('Origin',(-8.69999999985532,0.,-1.20000000252064));
#6256=CARTESIAN_POINT('',(-10.1999999998553,60.1,-1.20000000248872));
#6257=CARTESIAN_POINT('',(-10.1999999998553,0.,-1.20000000248872));
#6258=CARTESIAN_POINT('Origin',(-8.69999999985532,60.1,-1.20000000252064));
#6259=CARTESIAN_POINT('Origin',(-10.1999999998234,0.,0.299999997479362));
#6260=CARTESIAN_POINT('',(-10.2,60.1,-7.99999999995319));
#6261=CARTESIAN_POINT('',(-10.2,0.,-7.99999999995319));
#6262=CARTESIAN_POINT('',(-10.1999999998234,60.1,0.299999997479362));
#6263=CARTESIAN_POINT('Origin',(-8.,0.,-8.));
#6264=CARTESIAN_POINT('',(-8.,60.1,-10.2));
#6265=CARTESIAN_POINT('',(-8.,0.,-10.2));
#6266=CARTESIAN_POINT('Origin',(-8.,60.1,-8.));
#6267=CARTESIAN_POINT('Origin',(-8.,0.,-10.2));
#6268=CARTESIAN_POINT('',(9.5,60.1,-10.2));
#6269=CARTESIAN_POINT('',(9.5,0.,-10.2));
#6270=CARTESIAN_POINT('',(-8.,60.1,-10.2));
#6271=CARTESIAN_POINT('Origin',(9.5,0.,-10.7));
#6272=CARTESIAN_POINT('',(10.,60.1,-10.7));
#6273=CARTESIAN_POINT('',(10.,0.,-10.7));
#6274=CARTESIAN_POINT('Origin',(9.5,60.1,-10.7));
#6275=CARTESIAN_POINT('Origin',(10.,0.,-10.2));
#6276=CARTESIAN_POINT('',(10.,60.1,-12.2));
#6277=CARTESIAN_POINT('',(10.,0.,-12.2));
#6278=CARTESIAN_POINT('',(10.,60.1,-10.2));
#6279=CARTESIAN_POINT('Origin',(9.5,0.,-12.2));
#6280=CARTESIAN_POINT('',(9.5,60.1,-12.7));
#6281=CARTESIAN_POINT('',(9.5,0.,-12.7));
#6282=CARTESIAN_POINT('Origin',(9.5,60.1,-12.2));
#6283=CARTESIAN_POINT('Origin',(10.,0.,-12.7));
#6284=CARTESIAN_POINT('',(-10.2000000002418,0.7,-12.7));
#6285=CARTESIAN_POINT('',(-5.50000000018137,5.40000000006045,-12.7));
#6286=CARTESIAN_POINT('',(-10.2000000002418,35.7874983940262,-12.7));
#6287=CARTESIAN_POINT('',(-10.2000000002418,0.,-12.7));
#6288=CARTESIAN_POINT('',(-11.200000000242,37.0929056833585,-12.7));
#6289=CARTESIAN_POINT('Origin',(-11.2000000002418,35.7874983940262,-12.7));
#6290=CARTESIAN_POINT('',(-11.6999999999423,37.0929056833584,-12.7));
#6291=CARTESIAN_POINT('',(-1.34999999998156,37.0929056833604,-12.7));
#6292=CARTESIAN_POINT('',(-11.6999999999423,56.7642135623731,-12.7));
#6293=CARTESIAN_POINT('',(-11.6999999999423,0.,-12.7));
#6294=CARTESIAN_POINT('',(-15.0357864375692,60.1,-12.7));
#6295=CARTESIAN_POINT('',(7.33210678123045,37.7321067812003,-12.7));
#6296=CARTESIAN_POINT('',(10.,60.1,-12.7));
#6297=CARTESIAN_POINT('Origin',(-20.0499999999425,0.35,-15.9250000006302));
#6298=CARTESIAN_POINT('',(-20.3999999999425,0.,-21.4));
#6299=CARTESIAN_POINT('',(-19.6999999999425,0.7,-21.4));
#6300=CARTESIAN_POINT('',(-20.3999999999425,0.,-27.));
#6301=CARTESIAN_POINT('',(-20.3999999999425,0.,-15.9250000006302));
#6302=CARTESIAN_POINT('',(-20.3999999999425,0.,-27.));
#6303=CARTESIAN_POINT('Origin',(-18.6999999999425,0.35,-21.4));
#6304=CARTESIAN_POINT('',(-18.6999999999425,0.,-19.7));
#6305=CARTESIAN_POINT('',(-18.6999999999425,0.7,-20.4));
#6306=CARTESIAN_POINT('Origin',(-18.6999999999425,0.,-21.4));
#6307=CARTESIAN_POINT('Origin',(-10.5249999999569,0.35,-20.05));
#6308=CARTESIAN_POINT('',(-16.6999999999426,0.,-19.7));
#6309=CARTESIAN_POINT('',(-16.6999999999426,0.7,-20.4));
#6310=CARTESIAN_POINT('',(-10.5249999999569,0.,-19.7));
#6311=CARTESIAN_POINT('Origin',(-16.6999999999426,0.35,-21.4));
#6312=CARTESIAN_POINT('',(-14.9999999999426,0.,-21.4));
#6313=CARTESIAN_POINT('',(-15.6999999999426,0.7,-21.4));
#6314=CARTESIAN_POINT('Origin',(-16.6999999999426,0.,-21.4));
#6315=CARTESIAN_POINT('Origin',(-15.3499999999426,0.35,-12.1250000006302));
#6316=CARTESIAN_POINT('',(-15.6999999999426,0.7,-27.));
#6317=CARTESIAN_POINT('',(-14.9999999999426,0.,-27.));
#6318=CARTESIAN_POINT('',(-15.6999999999426,0.7,-27.));
#6319=CARTESIAN_POINT('',(-14.9999999999426,0.,-12.1250000006302));
#6320=CARTESIAN_POINT('',(-15.6999999999426,0.7,-12.1250000006302));
#6321=CARTESIAN_POINT('Origin',(-16.6999999999426,0.35,-27.));
#6322=CARTESIAN_POINT('',(-16.6999999999426,0.7,-28.));
#6323=CARTESIAN_POINT('Origin',(-16.6999999999426,0.7,-27.));
#6324=CARTESIAN_POINT('',(-16.6999999999426,0.,-28.7));
#6325=CARTESIAN_POINT('',(-16.6999999999426,0.7,-28.));
#6326=CARTESIAN_POINT('Origin',(-16.6999999999426,0.,-27.));
#6327=CARTESIAN_POINT('Origin',(-8.52499999995692,0.35,-28.35));
#6328=CARTESIAN_POINT('',(-18.6999999999425,0.7,-28.));
#6329=CARTESIAN_POINT('',(-18.6999999999425,0.,-28.7));
#6330=CARTESIAN_POINT('',(-18.6999999999425,0.7,-28.));
#6331=CARTESIAN_POINT('',(-8.52499999995692,0.,-28.7));
#6332=CARTESIAN_POINT('',(-8.52499999995692,0.7,-28.));
#6333=CARTESIAN_POINT('Origin',(-18.6999999999425,0.35,-27.));
#6334=CARTESIAN_POINT('Origin',(-18.6999999999425,0.7,-27.));
#6335=CARTESIAN_POINT('Origin',(-18.6999999999425,0.,-27.));
#6336=CARTESIAN_POINT('Origin',(-1.34999999997128,0.,-3.85000000126032));
#6337=CARTESIAN_POINT('',(-10.9000000002418,0.,36.3));
#6338=CARTESIAN_POINT('',(-10.9000000002418,0.,16.7249999993698));
#6339=CARTESIAN_POINT('',(-11.2000000002418,0.,36.6));
#6340=CARTESIAN_POINT('Origin',(-11.2000000002418,0.,36.3));
#6341=CARTESIAN_POINT('',(-17.1999999999426,0.,36.6));
#6342=CARTESIAN_POINT('',(-9.77499999995692,0.,36.6));
#6343=CARTESIAN_POINT('',(-17.3701269458026,0.,36.5470967872967));
#6344=CARTESIAN_POINT('Origin',(-17.1999999999426,0.,36.3));
#6345=CARTESIAN_POINT('',(-48.7466863864909,0.,14.9442330364576));
#6346=CARTESIAN_POINT('',(-37.2105212377579,0.,22.8869204552727));
#6347=CARTESIAN_POINT('',(-48.8663371885176,0.,14.7747819626917));
#6348=CARTESIAN_POINT('Origin',(-48.5765594406309,0.,14.6971362491609));
#6349=CARTESIAN_POINT('',(-56.0939738111951,0.,-12.1991251317862));
#6350=CARTESIAN_POINT('',(-53.3081348553967,0.,-1.80223260704192));
#6351=CARTESIAN_POINT('',(-55.9743230091684,0.,-12.5238676326136));
#6352=CARTESIAN_POINT('Origin',(-55.8041960633084,0.,-12.2767708453169));
#6353=CARTESIAN_POINT('',(-25.8753676635066,0.,-33.2470967872967));
#6354=CARTESIAN_POINT('',(-20.3855851710416,0.,-37.0268299804992));
#6355=CARTESIAN_POINT('',(-25.7052407176466,0.,-33.3));
#6356=CARTESIAN_POINT('Origin',(-25.7052407176466,0.,-33.));
#6357=CARTESIAN_POINT('',(-16.6999999999426,0.,-33.3));
#6358=CARTESIAN_POINT('',(-18.1749999999569,0.,-33.3));
#6359=CARTESIAN_POINT('',(-14.9999999999426,0.,-35.));
#6360=CARTESIAN_POINT('Origin',(-16.6999999999426,0.,-35.));
#6361=CARTESIAN_POINT('',(-14.9999999999426,0.,-43.));
#6362=CARTESIAN_POINT('',(-14.9999999999426,0.,-18.9250000006302));
#6363=CARTESIAN_POINT('',(-16.6999999999426,0.,-44.7));
#6364=CARTESIAN_POINT('Origin',(-16.6999999999426,0.,-43.));
#6365=CARTESIAN_POINT('',(-17.1999999999425,0.,-44.7));
#6366=CARTESIAN_POINT('',(-8.52499999995692,0.,-44.7));
#6367=CARTESIAN_POINT('',(-17.4999999999425,0.,-45.));
#6368=CARTESIAN_POINT('Origin',(-17.1999999999425,0.,-45.));
#6369=CARTESIAN_POINT('',(-17.4999999999425,0.,-51.7));
#6370=CARTESIAN_POINT('',(-17.4999999999425,0.,-28.2750000006302));
#6371=CARTESIAN_POINT('',(-17.1999999999425,0.,-52.));
#6372=CARTESIAN_POINT('Origin',(-17.1999999999425,0.,-51.7));
#6373=CARTESIAN_POINT('',(-11.2000000002418,0.,-52.));
#6374=CARTESIAN_POINT('',(-5.77500000010655,0.,-52.));
#6375=CARTESIAN_POINT('',(-10.9000000002418,0.,-51.7));
#6376=CARTESIAN_POINT('Origin',(-11.2000000002418,0.,-51.7));
#6377=CARTESIAN_POINT('',(-10.9000000002418,0.,16.7249999993698));
#6378=CARTESIAN_POINT('',(-20.3999999999425,0.,-7.9));
#6379=CARTESIAN_POINT('',(-20.3999999999425,0.,-13.5));
#6380=CARTESIAN_POINT('',(-20.3999999999425,0.,-9.17500000063016));
#6381=CARTESIAN_POINT('',(-18.6999999999425,0.,-6.2));
#6382=CARTESIAN_POINT('Origin',(-18.6999999999425,0.,-7.9));
#6383=CARTESIAN_POINT('',(-16.6999999999426,0.,-6.2));
#6384=CARTESIAN_POINT('',(-10.5249999999569,0.,-6.2));
#6385=CARTESIAN_POINT('',(-14.9999999999426,0.,-7.9));
#6386=CARTESIAN_POINT('Origin',(-16.6999999999426,0.,-7.9));
#6387=CARTESIAN_POINT('',(-14.9999999999425,0.,-13.5));
#6388=CARTESIAN_POINT('',(-14.9999999999425,0.,-5.37500000063016));
#6389=CARTESIAN_POINT('',(-16.6999999999425,0.,-15.2));
#6390=CARTESIAN_POINT('Origin',(-16.6999999999425,0.,-13.5));
#6391=CARTESIAN_POINT('',(-18.6999999999425,0.,-15.2));
#6392=CARTESIAN_POINT('',(-8.52499999995691,0.,-15.2));
#6393=CARTESIAN_POINT('Origin',(-18.6999999999425,0.,-13.5));
#6394=CARTESIAN_POINT('',(-14.9999999999425,0.,3.8));
#6395=CARTESIAN_POINT('Origin',(-19.1999999999425,0.,3.8));
#6396=CARTESIAN_POINT('Origin',(-20.0499999999425,0.35,-9.17500000063016));
#6397=CARTESIAN_POINT('',(-19.6999999999425,0.7,-7.9));
#6398=CARTESIAN_POINT('',(-19.6999999999425,0.7,-7.9));
#6399=CARTESIAN_POINT('',(-19.6999999999425,0.7,-13.5));
#6400=CARTESIAN_POINT('',(-20.3999999999425,0.,-13.5));
#6401=CARTESIAN_POINT('',(-19.6999999999425,0.7,-9.17500000063016));
#6402=CARTESIAN_POINT('Origin',(-18.6999999999425,0.35,-7.9));
#6403=CARTESIAN_POINT('Origin',(-18.6999999999425,0.7,-7.9));
#6404=CARTESIAN_POINT('',(-18.6999999999425,0.7,-6.9));
#6405=CARTESIAN_POINT('Origin',(-10.5249999999569,0.35,-6.55));
#6406=CARTESIAN_POINT('',(-16.6999999999426,0.7,-6.9));
#6407=CARTESIAN_POINT('Origin',(-16.6999999999426,0.35,-7.9));
#6408=CARTESIAN_POINT('',(-15.6999999999425,0.7,-7.9));
#6409=CARTESIAN_POINT('Origin',(-15.3499999999426,0.35,-5.37500000063016));
#6410=CARTESIAN_POINT('',(-15.6999999999425,0.7,-13.5));
#6411=CARTESIAN_POINT('Origin',(-16.6999999999425,0.35,-13.5));
#6412=CARTESIAN_POINT('',(-16.6999999999425,0.7,-14.5));
#6413=CARTESIAN_POINT('Origin',(-8.52499999995691,0.35,-14.85));
#6414=CARTESIAN_POINT('',(-18.6999999999425,0.7,-14.5));
#6415=CARTESIAN_POINT('',(-18.6999999999425,0.7,-14.5));
#6416=CARTESIAN_POINT('',(-8.52499999995691,0.7,-14.5));
#6417=CARTESIAN_POINT('Origin',(-18.6999999999425,0.35,-13.5));
#6418=CARTESIAN_POINT('Origin',(-18.6999999999425,0.7,-13.5));
#6419=CARTESIAN_POINT('Origin',(-18.6999999999425,0.,-7.9));
#6420=CARTESIAN_POINT('',(-19.6999999999425,0.,-7.9));
#6421=CARTESIAN_POINT('Origin',(-19.6999999999425,0.,-14.5));
#6422=CARTESIAN_POINT('',(-19.6999999999425,0.,-13.5));
#6423=CARTESIAN_POINT('Origin',(-19.1999999999425,0.35,3.8));
#6424=CARTESIAN_POINT('',(-15.3499999999425,0.35,3.8));
#6425=CARTESIAN_POINT('Origin',(-10.5500000002418,0.35,16.7249999993698));
#6426=CARTESIAN_POINT('',(-10.2000000002418,0.7,2.29999999747936));
#6427=CARTESIAN_POINT('',(-11.1750000001662,-0.274999999924342,2.29999999747936));
#6428=CARTESIAN_POINT('',(-10.2000000002418,0.7,36.3));
#6429=CARTESIAN_POINT('',(-10.2000000002418,0.7,16.7249999993698));
#6430=CARTESIAN_POINT('',(-10.2000000002418,0.7,36.3));
#6431=CARTESIAN_POINT('Origin',(-11.2000000002418,0.35,36.3));
#6432=CARTESIAN_POINT('Origin',(-11.2000000002418,0.7,36.3));
#6433=CARTESIAN_POINT('',(-11.2000000002418,0.7,37.3));
#6434=CARTESIAN_POINT('Origin',(-9.77499999995692,0.35,36.95));
#6435=CARTESIAN_POINT('',(-17.1999999999426,0.7,37.3));
#6436=CARTESIAN_POINT('Origin',(-17.1999999999426,0.35,36.3));
#6437=CARTESIAN_POINT('',(-17.767089819476,0.7,37.1236559576556));
#6438=CARTESIAN_POINT('Origin',(-37.4090026745946,0.35,23.1752000404521));
#6439=CARTESIAN_POINT('',(-49.1436492601643,0.7,15.5207922068165));
#6440=CARTESIAN_POINT('Origin',(-48.5765594406309,0.35,14.6971362491609));
#6441=CARTESIAN_POINT('',(-49.54248526692,0.7,14.9559552942635));
#6442=CARTESIAN_POINT('Origin',(-53.6462088945979,0.35,-1.71164594125604));
#6443=CARTESIAN_POINT('',(-56.7701218895974,0.7,-12.0179518002144));
#6444=CARTESIAN_POINT('Origin',(-55.8041960633084,0.35,-12.2767708453169));
#6445=CARTESIAN_POINT('',(-56.3712858828418,0.7,-13.1004268029725));
#6446=CARTESIAN_POINT('Origin',(-55.8041960633084,0.7,-12.2767708453169));
#6447=CARTESIAN_POINT('',(-56.3712858828418,0.7,-13.1004268029725));
#6448=CARTESIAN_POINT('Origin',(-20.5840666078783,0.35,-37.3151095656787));
#6449=CARTESIAN_POINT('',(-26.27233053718,0.7,-33.8236559576556));
#6450=CARTESIAN_POINT('',(-26.27233053718,0.7,-33.8236559576556));
#6451=CARTESIAN_POINT('',(-20.782548044715,0.7,-37.6033891508581));
#6452=CARTESIAN_POINT('Origin',(-25.7052407176466,0.35,-33.));
#6453=CARTESIAN_POINT('',(-25.7052407176466,0.7,-34.));
#6454=CARTESIAN_POINT('Origin',(-25.7052407176466,0.7,-33.));
#6455=CARTESIAN_POINT('',(-25.7052407176466,0.7,-34.));
#6456=CARTESIAN_POINT('Origin',(-18.1749999999569,0.35,-33.65));
#6457=CARTESIAN_POINT('',(-16.6999999999426,0.7,-34.));
#6458=CARTESIAN_POINT('',(-16.6999999999426,0.7,-34.));
#6459=CARTESIAN_POINT('',(-18.1749999999569,0.7,-34.));
#6460=CARTESIAN_POINT('Origin',(-16.6999999999426,0.35,-35.));
#6461=CARTESIAN_POINT('',(-15.6999999999426,0.7,-35.));
#6462=CARTESIAN_POINT('Origin',(-16.6999999999426,0.7,-35.));
#6463=CARTESIAN_POINT('',(-15.6999999999426,0.7,-35.));
#6464=CARTESIAN_POINT('Origin',(-15.3499999999426,0.35,-18.9250000006302));
#6465=CARTESIAN_POINT('',(-15.6999999999426,0.7,-43.));
#6466=CARTESIAN_POINT('',(-15.6999999999426,0.7,-43.));
#6467=CARTESIAN_POINT('',(-15.6999999999426,0.7,-18.9250000006302));
#6468=CARTESIAN_POINT('Origin',(-16.6999999999426,0.35,-43.));
#6469=CARTESIAN_POINT('',(-16.6999999999426,0.7,-44.));
#6470=CARTESIAN_POINT('Origin',(-16.6999999999426,0.7,-43.));
#6471=CARTESIAN_POINT('',(-16.6999999999426,0.7,-44.));
#6472=CARTESIAN_POINT('Origin',(-8.52499999995692,0.35,-44.35));
#6473=CARTESIAN_POINT('',(-17.1999999999425,0.7,-44.));
#6474=CARTESIAN_POINT('',(-17.1999999999425,0.7,-44.));
#6475=CARTESIAN_POINT('',(-8.52499999995692,0.7,-44.));
#6476=CARTESIAN_POINT('Origin',(-17.1999999999425,0.35,-45.));
#6477=CARTESIAN_POINT('',(-18.1999999999425,0.7,-45.));
#6478=CARTESIAN_POINT('Origin',(-17.1999999999425,0.7,-45.));
#6479=CARTESIAN_POINT('',(-18.1999999999425,0.7,-45.));
#6480=CARTESIAN_POINT('Origin',(-17.8499999999426,0.35,-28.2750000006302));
#6481=CARTESIAN_POINT('',(-18.1999999999425,0.7,-51.7));
#6482=CARTESIAN_POINT('',(-18.1999999999425,0.7,-51.7));
#6483=CARTESIAN_POINT('',(-18.1999999999426,0.7,-28.2750000006302));
#6484=CARTESIAN_POINT('Origin',(-17.1999999999425,0.35,-51.7));
#6485=CARTESIAN_POINT('',(-17.1999999999425,0.7,-52.7));
#6486=CARTESIAN_POINT('Origin',(-17.1999999999425,0.7,-51.7));
#6487=CARTESIAN_POINT('',(-17.1999999999425,0.7,-52.7));
#6488=CARTESIAN_POINT('Origin',(-5.77500000010655,0.35,-52.35));
#6489=CARTESIAN_POINT('',(-11.2000000002418,0.7,-52.7));
#6490=CARTESIAN_POINT('',(-11.2000000002418,0.7,-52.7));
#6491=CARTESIAN_POINT('',(-5.77500000010655,0.7,-52.7));
#6492=CARTESIAN_POINT('Origin',(-11.2000000002418,0.35,-51.7));
#6493=CARTESIAN_POINT('',(-10.2000000002418,0.7,-51.7));
#6494=CARTESIAN_POINT('Origin',(-11.2000000002418,0.7,-51.7));
#6495=CARTESIAN_POINT('',(-10.2000000002418,0.7,-51.7));
#6496=CARTESIAN_POINT('Origin',(-10.5500000002418,0.35,16.7249999993698));
#6497=CARTESIAN_POINT('',(-10.2000000002418,0.7,16.7249999993698));
#6498=CARTESIAN_POINT('Origin',(-10.2000000002418,0.,37.3));
#6499=CARTESIAN_POINT('',(-10.2000000002418,3.0626127781123,-51.7));
#6500=CARTESIAN_POINT('',(-10.2000000002418,0.,-51.7));
#6501=CARTESIAN_POINT('',(-10.2000000002418,26.0351133133437,-24.3224399562656));
#6502=CARTESIAN_POINT('Origin',(-11.2000000002418,0.,-51.7));
#6503=CARTESIAN_POINT('',(-11.2000000002418,3.5,-52.7));
#6504=CARTESIAN_POINT('',(-11.2000000002418,0.,-52.7));
#6505=CARTESIAN_POINT('',(-10.9911932348847,3.51864157862582,-52.6779569186529));
#6506=CARTESIAN_POINT('Origin',(-11.2000000002418,4.34568841952183,-51.7));
#6507=CARTESIAN_POINT('Origin',(-11.2000000002418,3.0626127781123,-51.7));
#6508=CARTESIAN_POINT('Origin',(-10.2000000002418,0.,-52.7));
#6509=CARTESIAN_POINT('',(-17.1999999999425,3.5,-52.7));
#6510=CARTESIAN_POINT('',(-17.1999999999425,0.,-52.7));
#6511=CARTESIAN_POINT('',(-11.6999999999514,3.5,-52.7));
#6512=CARTESIAN_POINT('',(-10.2000000002418,3.5,-52.7));
#6513=CARTESIAN_POINT('',(-10.2000000002418,3.5,-52.7));
#6514=CARTESIAN_POINT('Origin',(-17.1999999999425,0.,-51.7));
#6515=CARTESIAN_POINT('',(-18.1999999999425,3.5,-51.7));
#6516=CARTESIAN_POINT('',(-18.1999999999425,0.,-51.7));
#6517=CARTESIAN_POINT('Origin',(-17.1999999999425,3.5,-51.7));
#6518=CARTESIAN_POINT('Origin',(-18.1999999999425,0.,-52.7));
#6519=CARTESIAN_POINT('',(-18.1999999999425,3.5,-48.2));
#6520=CARTESIAN_POINT('',(-18.1999999999425,0.75,-48.2));
#6521=CARTESIAN_POINT('',(-18.1999999999425,3.5,-52.7));
#6522=CARTESIAN_POINT('',(-18.1999999999425,0.,-45.));
#6523=CARTESIAN_POINT('Origin',(-17.1999999999425,0.,-45.));
#6524=CARTESIAN_POINT('',(-17.1999999999425,0.,-44.));
#6525=CARTESIAN_POINT('Origin',(-15.6999999999426,0.,-44.));
#6526=CARTESIAN_POINT('',(-16.6999999999426,0.,-44.));
#6527=CARTESIAN_POINT('Origin',(-16.6999999999426,0.,-43.));
#6528=CARTESIAN_POINT('',(-15.6999999999426,0.,-43.));
#6529=CARTESIAN_POINT('Origin',(-15.6999999999426,0.,-34.));
#6530=CARTESIAN_POINT('',(-15.6999999999426,0.,-35.));
#6531=CARTESIAN_POINT('Origin',(-16.6999999999426,0.,-35.));
#6532=CARTESIAN_POINT('',(-16.6999999999426,0.,-34.));
#6533=CARTESIAN_POINT('Origin',(-34.9999999999425,0.,-34.));
#6534=CARTESIAN_POINT('',(-25.7052407176466,0.,-34.));
#6535=CARTESIAN_POINT('Origin',(-25.7052407176466,0.,-33.));
#6536=CARTESIAN_POINT('',(-26.27233053718,0.,-33.8236559576556));
#6537=CARTESIAN_POINT('Origin',(-18.1999999999426,0.,-39.3814819225235));
#6538=CARTESIAN_POINT('',(-56.3712858828418,27.1,-13.1004268029725));
#6539=CARTESIAN_POINT('',(-56.3712858828418,0.,-13.1004268029725));
#6540=CARTESIAN_POINT('',(-52.4381443419171,27.1,-15.808407612085));
#6541=CARTESIAN_POINT('',(-54.9174388165005,27.1,-14.1014052610504));
#6542=CARTESIAN_POINT('',(-52.4381443419171,13.0857864376269,-15.808407612085));
#6543=CARTESIAN_POINT('',(-52.4381443419171,0.75,-15.808407612085));
#6544=CARTESIAN_POINT('',(-51.9069137242536,12.4779929588996,-16.17416162904));
#6545=CARTESIAN_POINT('',(-41.4561588531481,0.52103783012016,-23.3695405232964));
#6546=CARTESIAN_POINT('',(-51.9069137242536,0.75,-16.17416162904));
#6547=CARTESIAN_POINT('Origin',(-55.8041960633084,0.,-12.2767708453169));
#6548=CARTESIAN_POINT('Origin',(-55.8041960633084,27.1,-12.2767708453169));
#6549=CARTESIAN_POINT('Origin',(-11.2000000002418,0.,36.3));
#6550=CARTESIAN_POINT('',(-10.2000000002418,60.1,36.3));
#6551=CARTESIAN_POINT('',(-10.2000000002418,0.,36.3));
#6552=CARTESIAN_POINT('Origin',(-11.2000000002418,60.1,36.3));
#6553=CARTESIAN_POINT('Origin',(-10.2000000002418,0.,37.3));
#6554=CARTESIAN_POINT('',(-10.2000000002418,60.1,2.29999999747936));
#6555=CARTESIAN_POINT('',(-10.2000000002418,0.,2.29999999747936));
#6556=CARTESIAN_POINT('',(-10.2000000002418,60.1,37.3));
#6557=CARTESIAN_POINT('Origin',(-52.6052141093473,1.5,-9.99726592352876));
#6558=CARTESIAN_POINT('',(-51.6103558630412,27.1,-10.0985431162073));
#6559=CARTESIAN_POINT('',(-51.6392882830582,27.0285421243495,-10.2560849686313));
#6560=CARTESIAN_POINT('Ctrl Pts',(-51.6103558630412,27.1,-10.0985431162073));
#6561=CARTESIAN_POINT('Ctrl Pts',(-51.6159016302863,27.0829575576509,-10.1530198659074));
#6562=CARTESIAN_POINT('Ctrl Pts',(-51.6259292101049,27.0586515586236,-10.2062282296278));
#6563=CARTESIAN_POINT('Ctrl Pts',(-51.6392882830582,27.0285421243494,-10.2560849686313));
#6564=CARTESIAN_POINT('',(-52.8640331544498,27.1,-10.9631917498178));
#6565=CARTESIAN_POINT('Origin',(-52.6052141093473,27.1,-9.99726592352876));
#6566=CARTESIAN_POINT('',(-52.8640331544498,1.5,-10.9631917498178));
#6567=CARTESIAN_POINT('',(-52.8640331544498,1.5,-10.9631917498178));
#6568=CARTESIAN_POINT('',(-51.6392882830582,1.5,-10.2560849686313));
#6569=CARTESIAN_POINT('Origin',(-52.6052141093473,1.5,-9.99726592352876));
#6570=CARTESIAN_POINT('',(-51.6392882830582,1.57145787565054,-10.2560849686313));
#6571=CARTESIAN_POINT('',(-51.6392882830582,1.5,-10.2560849686313));
#6572=CARTESIAN_POINT('',(-51.6392882830582,6.02854212434946,-10.2560849686313));
#6573=CARTESIAN_POINT('Ctrl Pts',(-51.6392882830582,6.02854212434946,-10.2560849686313));
#6574=CARTESIAN_POINT('Ctrl Pts',(-51.6448174036945,6.01608027950631,-10.276719927767));
#6575=CARTESIAN_POINT('Ctrl Pts',(-51.6509075257023,6.00264011031996,-10.2967972612316));
#6576=CARTESIAN_POINT('Ctrl Pts',(-51.683966277977,5.93055657794928,-10.3950302749751));
#6577=CARTESIAN_POINT('Ctrl Pts',(-51.7179449778271,5.85883455783201,-10.4628414375183));
#6578=CARTESIAN_POINT('Ctrl Pts',(-51.8707023115995,5.52899769177238,-10.7139907338424));
#6579=CARTESIAN_POINT('Ctrl Pts',(-52.011248270304,5.205627706218,-10.8107222886625));
#6580=CARTESIAN_POINT('Ctrl Pts',(-52.2213801260155,4.5155012341448,-10.9284893305552));
#6581=CARTESIAN_POINT('Ctrl Pts',(-52.2865763611484,4.14667583269351,-10.945142490083));
#6582=CARTESIAN_POINT('Ctrl Pts',(-52.2865763611484,3.8,-10.945142490083));
#6583=CARTESIAN_POINT('Ctrl Pts',(-52.2865763611484,3.45332416730649,-10.945142490083));
#6584=CARTESIAN_POINT('Ctrl Pts',(-52.2213801260155,3.08449876585521,-10.9284893305552));
#6585=CARTESIAN_POINT('Ctrl Pts',(-52.011248270304,2.394372293782,-10.8107222886625));
#6586=CARTESIAN_POINT('Ctrl Pts',(-51.8707023115995,2.07100230822762,-10.7139907338424));
#6587=CARTESIAN_POINT('Ctrl Pts',(-51.7179449778271,1.74116544216799,-10.4628414375183));
#6588=CARTESIAN_POINT('Ctrl Pts',(-51.683966277977,1.66944342205072,-10.3950302749751));
#6589=CARTESIAN_POINT('Ctrl Pts',(-51.6509075257023,1.59735988968004,-10.2967972612316));
#6590=CARTESIAN_POINT('Ctrl Pts',(-51.6448174036945,1.58391972049369,-10.276719927767));
#6591=CARTESIAN_POINT('Ctrl Pts',(-51.6392882830582,1.57145787565055,-10.2560849686313));
#6592=CARTESIAN_POINT('',(-51.6392882830582,22.5714578756505,-10.2560849686313));
#6593=CARTESIAN_POINT('',(-51.6392882830582,1.5,-10.2560849686313));
#6594=CARTESIAN_POINT('Ctrl Pts',(-51.6392882830582,27.0285421243494,-10.2560849686313));
#6595=CARTESIAN_POINT('Ctrl Pts',(-51.6448190099765,27.016076659177,-10.2767259224932));
#6596=CARTESIAN_POINT('Ctrl Pts',(-51.6509075257023,27.00264011032,-10.2967972612316));
#6597=CARTESIAN_POINT('Ctrl Pts',(-51.683966277977,26.9305565779493,-10.3950302749751));
#6598=CARTESIAN_POINT('Ctrl Pts',(-51.7179449778271,26.858834557832,-10.4628414375183));
#6599=CARTESIAN_POINT('Ctrl Pts',(-51.8707023115995,26.5289976917724,-10.7139907338424));
#6600=CARTESIAN_POINT('Ctrl Pts',(-52.011248270304,26.205627706218,-10.8107222886625));
#6601=CARTESIAN_POINT('Ctrl Pts',(-52.2213801260155,25.5155012341448,-10.9284893305552));
#6602=CARTESIAN_POINT('Ctrl Pts',(-52.2865763611484,25.1466758326935,-10.945142490083));
#6603=CARTESIAN_POINT('Ctrl Pts',(-52.2865763611484,24.8,-10.945142490083));
#6604=CARTESIAN_POINT('Ctrl Pts',(-52.2865763611484,24.4533241673065,-10.945142490083));
#6605=CARTESIAN_POINT('Ctrl Pts',(-52.2213801260155,24.0844987658552,-10.9284893305552));
#6606=CARTESIAN_POINT('Ctrl Pts',(-52.011248270304,23.394372293782,-10.8107222886625));
#6607=CARTESIAN_POINT('Ctrl Pts',(-51.8707023115995,23.0710023082276,-10.7139907338424));
#6608=CARTESIAN_POINT('Ctrl Pts',(-51.7179449778271,22.741165442168,-10.4628414375183));
#6609=CARTESIAN_POINT('Ctrl Pts',(-51.683966277977,22.6694434220507,-10.3950302749751));
#6610=CARTESIAN_POINT('Ctrl Pts',(-51.6509075257023,22.59735988968,-10.2967972612316));
#6611=CARTESIAN_POINT('Ctrl Pts',(-51.6448174036945,22.5839197204937,-10.276719927767));
#6612=CARTESIAN_POINT('Ctrl Pts',(-51.6392882830582,22.5714578756505,-10.2560849686313));
#6613=CARTESIAN_POINT('Origin',(-51.824423470621,24.8,-8.86061911010013));
#6614=CARTESIAN_POINT('',(-50.6350703880604,24.8,-6.5082927626297));
#6615=CARTESIAN_POINT('Origin',(-51.3028235244249,24.8,-9.00038139445549));
#6616=CARTESIAN_POINT('',(-51.9577948491633,24.8,-7.27196808631117));
#6617=CARTESIAN_POINT('',(-51.2964326186119,24.8,-6.89013042447043));
#6618=CARTESIAN_POINT('Origin',(-52.3460234168171,24.8,-8.72085682574477));
#6619=CARTESIAN_POINT('',(-51.0002818840934,27.1,-7.87128062133312));
#6620=CARTESIAN_POINT('Origin',(-51.3028235244249,24.8,-9.00038139445549));
#6621=CARTESIAN_POINT('Ctrl Pts',(-51.0002818840946,27.1,-7.87128062133463));
#6622=CARTESIAN_POINT('Ctrl Pts',(-51.806437084403,27.1,-8.85361685033739));
#6623=CARTESIAN_POINT('Ctrl Pts',(-51.6103558630414,27.1,-10.0985431162063));
#6624=CARTESIAN_POINT('Origin',(-51.8981073281607,1.5,-11.2220107949204));
#6625=CARTESIAN_POINT('',(-50.6350703880604,3.8,-6.5082927626297));
#6626=CARTESIAN_POINT('Origin',(-51.3028235244249,3.8,-9.00038139445549));
#6627=CARTESIAN_POINT('',(-51.0002818840934,1.5,-7.87128062133312));
#6628=CARTESIAN_POINT('Origin',(-51.3028235244249,3.8,-9.00038139445549));
#6629=CARTESIAN_POINT('',(-48.3701271009749,1.5,1.9445906610355));
#6630=CARTESIAN_POINT('',(-50.1952088019472,1.5,-4.86670697495719));
#6631=CARTESIAN_POINT('',(-47.3998323242789,3.8,5.56578006598367));
#6632=CARTESIAN_POINT('Origin',(-48.0675854606434,3.8,3.07369143415786));
#6633=CARTESIAN_POINT('',(-47.3998323242789,24.8,5.56578006598367));
#6634=CARTESIAN_POINT('',(-47.3998323242789,2.5,5.56578006598367));
#6635=CARTESIAN_POINT('',(-48.3701271009749,27.1,1.94459066103549));
#6636=CARTESIAN_POINT('Origin',(-48.0675854606434,24.8,3.07369143415786));
#6637=CARTESIAN_POINT('',(-50.1269258830531,27.1,-4.61187165235548));
#6638=CARTESIAN_POINT('Origin',(-47.1016596343543,24.8,2.81487238905534));
#6639=CARTESIAN_POINT('',(-45.9504563694126,26.2085271317829,3.24751815850062));
#6640=CARTESIAN_POINT('',(-46.7991179940228,27.1,3.9439731621777));
#6641=CARTESIAN_POINT('Origin',(-46.9163821957017,26.2085271317829,3.50633720360314));
#6642=CARTESIAN_POINT('',(-46.4517227502941,25.3919957310566,5.24046986208108));
#6643=CARTESIAN_POINT('Origin',(-47.1016596343543,24.8,2.81487238905534));
#6644=CARTESIAN_POINT('',(-45.7377104449586,25.1625400213447,4.04149675766625));
#6645=CARTESIAN_POINT('Origin',(-46.7036362712477,25.1625400213447,4.30031580276878));
#6646=CARTESIAN_POINT('Origin',(-46.1357338080653,24.8,2.55605334395282));
#6647=CARTESIAN_POINT('Origin',(-45.8912729739411,11.8484821134686,7.33209690252132));
#6648=CARTESIAN_POINT('',(-45.7267997168033,24.9837209302325,4.08221614948956));
#6649=CARTESIAN_POINT('',(-44.925347147652,11.8484821134686,7.0732778574188));
#6650=CARTESIAN_POINT('',(-46.4339064979898,25.1,5.30696102088115));
#6651=CARTESIAN_POINT('',(-45.6393594529875,12.0779378231805,8.27225096183363));
#6652=CARTESIAN_POINT('Origin',(-46.6927255430924,24.9837209302325,4.3410351945921));
#6653=CARTESIAN_POINT('Origin',(-46.6927255430924,2.5,4.34103519459208));
#6654=CARTESIAN_POINT('',(-45.7267997168033,13.5,4.08221614948956));
#6655=CARTESIAN_POINT('',(-45.7267997168033,2.5,4.08221614948956));
#6656=CARTESIAN_POINT('',(-46.4339064979898,13.0857864376269,5.30696102088115));
#6657=CARTESIAN_POINT('',(-46.4339064979898,2.5,5.30696102088115));
#6658=CARTESIAN_POINT('Origin',(-46.6927255430924,13.0857864376269,4.34103519459208));
#6659=CARTESIAN_POINT('Origin',(-42.0631462003947,8.29289321881345,3.10054314842043));
#6660=CARTESIAN_POINT('',(-41.8043271552922,8.29289321881345,4.0664689747095));
#6661=CARTESIAN_POINT('',(-41.3801334985025,9.,2.91753044652821));
#6662=CARTESIAN_POINT('Ctrl Pts',(-46.7991179940228,27.1,3.9439731621777));
#6663=CARTESIAN_POINT('Ctrl Pts',(-46.7991179940228,27.1,3.9439731621777));
#6664=CARTESIAN_POINT('Ctrl Pts',(-46.7991179940228,27.1,3.9439731621777));
#6665=CARTESIAN_POINT('Ctrl Pts',(-45.8331921677338,27.1,3.68515411707518));
#6666=CARTESIAN_POINT('Ctrl Pts',(-45.8331921677338,27.1,3.68515411707518));
#6667=CARTESIAN_POINT('Ctrl Pts',(-45.8331921677338,27.1,3.68515411707518));
#6668=CARTESIAN_POINT('Ctrl Pts',(-45.9504563694126,26.2085271317829,3.24751815850062));
#6669=CARTESIAN_POINT('Ctrl Pts',(-46.0920112128363,26.4864917981288,2.71922829078611));
#6670=CARTESIAN_POINT('Ctrl Pts',(-46.0920112128363,27.1,2.71922829078611));
#6671=CARTESIAN_POINT('',(-46.0920112128363,27.1,2.71922829078611));
#6672=CARTESIAN_POINT('Origin',(-47.0579370391254,27.1,2.97804733588864));
#6673=CARTESIAN_POINT('Origin',(-45.8331921677338,27.1,3.68515411707518));
#6674=CARTESIAN_POINT('Origin',(-49.0742107413837,27.1,2.19077995600465));
#6675=CARTESIAN_POINT('',(-50.9051286960946,27.1,-15.2435706995319));
#6676=CARTESIAN_POINT('',(-43.8097190571029,27.1,11.2368585736992));
#6677=CARTESIAN_POINT('Origin',(-51.8710545223837,27.1,-14.9847516544294));
#6678=CARTESIAN_POINT('',(-55.2788477201724,27.1,-10.3161441370615));
#6679=CARTESIAN_POINT('Origin',(-55.537666765275,27.1,-11.2820699633506));
#6680=CARTESIAN_POINT('',(-54.4306735890302,27.1,-10.543411710542));
#6681=CARTESIAN_POINT('',(-47.7650438203119,27.1,4.20279220728022));
#6682=CARTESIAN_POINT('Ctrl Pts',(-47.7650438203131,27.1,4.20279220727872));
#6683=CARTESIAN_POINT('Ctrl Pts',(-48.5791517587208,27.1,3.2107652106027));
#6684=CARTESIAN_POINT('Ctrl Pts',(-48.3701271009752,27.1,1.94459066103744));
#6685=CARTESIAN_POINT('',(-47.7650438203119,27.1,4.20279220728023));
#6686=CARTESIAN_POINT('Origin',(-41.1955453288384,1.5,20.993087747394));
#6687=CARTESIAN_POINT('',(-50.9051286960946,13.5,-15.2435706995319));
#6688=CARTESIAN_POINT('',(-40.4405019761607,13.5,23.810947901504));
#6689=CARTESIAN_POINT('',(-50.9051286960946,0.75,-15.2435706995319));
#6690=CARTESIAN_POINT('Origin',(-35.6108728447154,8.5,22.5168526759914));
#6691=CARTESIAN_POINT('',(-50.656811202828,13.1850997400861,-15.5335183732766));
#6692=CARTESIAN_POINT('',(-25.173417110013,-5.74992637427364,6.41248014913748));
#6693=CARTESIAN_POINT('',(-50.9366147071616,13.5052295285516,-15.3408727458122));
#6694=CARTESIAN_POINT('',(-40.2060563317224,1.22814461130671,-22.728897267533));
#6695=CARTESIAN_POINT('Origin',(-51.8710545223837,14.5,-14.9847516544294));
#6696=CARTESIAN_POINT('Origin',(-46.7559036900303,1.5,11.8326577506042));
#6697=CARTESIAN_POINT('',(-45.7899778637412,1.5,11.5738387055017));
#6698=CARTESIAN_POINT('',(-45.7899778637412,1.5,11.5738387055017));
#6699=CARTESIAN_POINT('',(-46.4970846449278,1.5,12.7985835768933));
#6700=CARTESIAN_POINT('Origin',(-46.7559036900303,1.5,11.8326577506042));
#6701=CARTESIAN_POINT('',(-46.4970846449278,1.5,12.7985835768933));
#6702=CARTESIAN_POINT('Origin',(-45.5311588186387,1.5,12.5397645317907));
#6703=CARTESIAN_POINT('',(-46.9800475580723,1.5,12.9279930994445));
#6704=CARTESIAN_POINT('',(-28.385003680724,1.5,7.94546610928776));
#6705=CARTESIAN_POINT('',(-46.9800475580723,1.5,12.9279930994445));
#6706=CARTESIAN_POINT('Origin',(-53.0881770224918,1.5,-9.8678564009775));
#6707=CARTESIAN_POINT('',(-54.0541028487809,1.5,-9.60903735587497));
#6708=CARTESIAN_POINT('',(-54.0541028487809,1.5,-9.60903735587498));
#6709=CARTESIAN_POINT('',(-53.3469960675943,1.5,-10.8337822272666));
#6710=CARTESIAN_POINT('Origin',(-53.0881770224918,1.5,-9.8678564009775));
#6711=CARTESIAN_POINT('',(-53.3469960675943,1.5,-10.8337822272666));
#6712=CARTESIAN_POINT('Origin',(-14.1999999999043,1.5,-7.7));
#6713=CARTESIAN_POINT('',(-35.9593594731074,1.5,-15.4927854110452));
#6714=CARTESIAN_POINT('',(-48.2047924294639,1.5,12.220886318258));
#6715=CARTESIAN_POINT('',(-49.4265491129088,1.5,7.66122830115465));
#6716=CARTESIAN_POINT('Origin',(-47.2388666031748,1.5,11.9620672731554));
#6717=CARTESIAN_POINT('',(-47.7650438203119,1.5,4.20279220728023));
#6718=CARTESIAN_POINT('',(-50.1952088019472,1.5,-4.86670697495719));
#6719=CARTESIAN_POINT('Ctrl Pts',(-47.7650438203119,1.5,4.20279220728023));
#6720=CARTESIAN_POINT('Ctrl Pts',(-48.579151758711,1.5,3.21076521058361));
#6721=CARTESIAN_POINT('Ctrl Pts',(-48.3701271009749,1.5,1.9445906610355));
#6722=CARTESIAN_POINT('',(-51.6053651647564,1.5,-10.1294821675779));
#6723=CARTESIAN_POINT('Ctrl Pts',(-51.0002818840934,1.5,-7.87128062133312));
#6724=CARTESIAN_POINT('Ctrl Pts',(-51.8143898224924,1.5,-8.86330761802974));
#6725=CARTESIAN_POINT('Ctrl Pts',(-51.6053651647564,1.5,-10.1294821675779));
#6726=CARTESIAN_POINT('',(-50.1952088019472,1.5,-4.86670697495719));
#6727=CARTESIAN_POINT('Origin',(-47.9459733843614,1.5,13.186812144547));
#6728=CARTESIAN_POINT('',(-48.2047924294639,1.5,12.220886318258));
#6729=CARTESIAN_POINT('Origin',(-47.2388666031748,1.5,11.9620672731554));
#6730=CARTESIAN_POINT('Origin',(-55.537666765275,0.75,-11.2820699633506));
#6731=CARTESIAN_POINT('',(-55.2788477201724,0.75,-10.3161441370615));
#6732=CARTESIAN_POINT('Origin',(-51.8710545223837,0.75,-14.9847516544294));
#6733=CARTESIAN_POINT('Origin',(-51.8710545223837,13.0857864376269,-14.9847516544294));
#6734=CARTESIAN_POINT('Origin',(-51.3398239047202,0.75,-15.3505056713844));
#6735=CARTESIAN_POINT('Origin',(-51.3398239047202,12.4779929588996,-15.3505056713844));
#6736=CARTESIAN_POINT('Origin',(-51.3398239047202,12.4779929588996,-15.3505056713844));
#6737=CARTESIAN_POINT('Origin',(-51.3398239047202,12.4779929588996,-15.3505056713844));
#6738=CARTESIAN_POINT('Origin',(-51.3398239047202,12.4779929588996,-15.3505056713844));
#6739=CARTESIAN_POINT('Origin',(-40.8890690336147,0.52103783012016,-22.5458845656408));
#6740=CARTESIAN_POINT('Origin',(-18.6999999999425,0.,-13.5));
#6741=CARTESIAN_POINT('',(-18.6999999999425,0.,-14.5));
#6742=CARTESIAN_POINT('Origin',(-15.6999999999425,0.,-14.5));
#6743=CARTESIAN_POINT('Origin',(-16.6999999999426,0.,-27.));
#6744=CARTESIAN_POINT('',(-16.6999999999426,0.,-28.));
#6745=CARTESIAN_POINT('',(-15.6999999999426,0.,-27.));
#6746=CARTESIAN_POINT('Origin',(-15.6999999999426,0.,-20.4));
#6747=CARTESIAN_POINT('Origin',(-18.6999999999425,0.,-27.));
#6748=CARTESIAN_POINT('',(-18.6999999999425,0.,-28.));
#6749=CARTESIAN_POINT('Origin',(-15.6999999999426,0.,-28.));
#6750=CARTESIAN_POINT('Origin',(-25.8564298119052,-6.45703315546019,6.5954928510297));
#6751=CARTESIAN_POINT('Ctrl Pts',(-13.9928932187561,7.84306234379281,-47.5644651581625));
#6752=CARTESIAN_POINT('Ctrl Pts',(-14.1235799225765,7.68899991112388,-47.7466391469657));
#6753=CARTESIAN_POINT('Ctrl Pts',(-14.2889923845982,7.44346796044976,-48.0369729685083));
#6754=CARTESIAN_POINT('Ctrl Pts',(-14.2921282580102,6.90522025984543,-48.6734339725607));
#6755=CARTESIAN_POINT('Ctrl Pts',(-13.7541538970458,6.27220352812463,-49.4219563799962));
#6756=CARTESIAN_POINT('Ctrl Pts',(-12.8050119547409,5.53466915442993,-50.2940676170304));
#6757=CARTESIAN_POINT('Ctrl Pts',(-12.0704833177739,5.01199377603224,-50.9121148390714));
#6758=CARTESIAN_POINT('Ctrl Pts',(-11.6999999999498,4.75480013065199,-51.2162382484066));
#6759=CARTESIAN_POINT('Ctrl Pts',(-14.1299702116392,7.89154741421559,-47.507133084903));
#6760=CARTESIAN_POINT('Ctrl Pts',(-14.2582111786185,7.72832757832659,-47.70004251729));
#6761=CARTESIAN_POINT('Ctrl Pts',(-14.4197187238016,7.46470413057366,-48.011503954407));
#6762=CARTESIAN_POINT('Ctrl Pts',(-14.422938127262,6.87727352374577,-48.7061001635722));
#6763=CARTESIAN_POINT('Ctrl Pts',(-13.8967849538518,6.20261443518198,-49.5039714867393));
#6764=CARTESIAN_POINT('Ctrl Pts',(-12.9579553872129,5.44876872459029,-50.3957202839787));
#6765=CARTESIAN_POINT('Ctrl Pts',(-12.2281873986837,4.91856761602266,-51.0224712238334));
#6766=CARTESIAN_POINT('Ctrl Pts',(-11.8596448972796,4.65891036126525,-51.3296248896012));
#6767=CARTESIAN_POINT('Ctrl Pts',(-14.4039865061363,7.93143796554573,-47.3442961665407));
#6768=CARTESIAN_POINT('Ctrl Pts',(-14.5274080378635,7.75673662966704,-47.5643685185729));
#6769=CARTESIAN_POINT('Ctrl Pts',(-14.6812563198637,7.46846282795679,-47.9278922108038));
#6770=CARTESIAN_POINT('Ctrl Pts',(-14.6846563740052,6.78232891785589,-48.7384250375975));
#6771=CARTESIAN_POINT('Ctrl Pts',(-14.1819819862735,5.99122877369906,-49.606880579126));
#6772=CARTESIAN_POINT('Ctrl Pts',(-13.2633685539521,5.17968270201683,-50.5161472386971));
#6773=CARTESIAN_POINT('Ctrl Pts',(-12.5430699213302,4.62357698490801,-51.151114935331));
#6774=CARTESIAN_POINT('Ctrl Pts',(-12.1782921748983,4.35451037585615,-51.4603736498286));
#6775=CARTESIAN_POINT('Ctrl Pts',(-14.6189064326894,7.84885901664833,-47.1202823498096));
#6776=CARTESIAN_POINT('Ctrl Pts',(-14.745085331838,7.67917636851635,-47.368866890825));
#6777=CARTESIAN_POINT('Ctrl Pts',(-14.9030938609659,7.39384594970605,-47.7891399000505));
#6778=CARTESIAN_POINT('Ctrl Pts',(-14.9064300217029,6.62062819321976,-48.6997083126018));
#6779=CARTESIAN_POINT('Ctrl Pts',(-14.3904254573459,5.68637464185584,-49.5618763333864));
#6780=CARTESIAN_POINT('Ctrl Pts',(-13.4592604619621,4.81407751359304,-50.4281773833359));
#6781=CARTESIAN_POINT('Ctrl Pts',(-12.7328359374994,4.22915292673475,-51.0454877748959));
#6782=CARTESIAN_POINT('Ctrl Pts',(-12.3656633560309,3.95040377006563,-51.3468810571659));
#6783=CARTESIAN_POINT('Ctrl Pts',(-14.6999999999427,7.78132575301014,-47.0049959138836));
#6784=CARTESIAN_POINT('Ctrl Pts',(-14.8306867037631,7.61765906338136,-47.2653063269737));
#6785=CARTESIAN_POINT('Ctrl Pts',(-14.9960991657849,7.34022188474268,-47.7113413279448));
#6786=CARTESIAN_POINT('Ctrl Pts',(-14.9992350391969,6.52907701040583,-48.6644874027359));
#6787=CARTESIAN_POINT('Ctrl Pts',(-14.4612606782325,5.52947185583152,-49.5052379124026));
#6788=CARTESIAN_POINT('Ctrl Pts',(-13.5121187359276,4.64018997774773,-50.339259085572));
#6789=CARTESIAN_POINT('Ctrl Pts',(-12.7775900989606,4.04590445212832,-50.9443346586669));
#6790=CARTESIAN_POINT('Ctrl Pts',(-12.4071067811366,3.76473779895562,-51.2403519005694));
#6791=CARTESIAN_POINT('',(-12.6999999994066,3.98995245531378,-51.005087157435));
#6792=CARTESIAN_POINT('',(-14.6999999999506,6.01279153720995,-49.0962320890264));
#6793=CARTESIAN_POINT('Ctrl Pts',(-12.6994235500193,3.99048270970632,-51.0048904423587));
#6794=CARTESIAN_POINT('Ctrl Pts',(-12.9705443428056,4.20355287693125,-50.7847269927603));
#6795=CARTESIAN_POINT('Ctrl Pts',(-13.6031461723935,4.72547653611115,-50.259272303861));
#6796=CARTESIAN_POINT('Ctrl Pts',(-14.2807458945171,5.3603416986556,-49.6638581829631));
#6797=CARTESIAN_POINT('Ctrl Pts',(-14.6387155344965,5.90889528417633,-49.1910032531147));
#6798=CARTESIAN_POINT('Ctrl Pts',(-14.6991473144831,6.0146353134875,-49.0977705149025));
#6799=CARTESIAN_POINT('',(-14.6999999999502,7.78132575300079,-47.0049959138985));
#6800=CARTESIAN_POINT('Ctrl Pts',(-14.6999999999507,6.01279153721012,-49.0962320890262));
#6801=CARTESIAN_POINT('Ctrl Pts',(-14.6999999999507,6.09739019582619,-49.0710670775914));
#6802=CARTESIAN_POINT('Ctrl Pts',(-14.6999999999507,6.1799419676015,-49.036939865893));
#6803=CARTESIAN_POINT('Ctrl Pts',(-14.6999999999507,6.53406517058945,-48.8586310238476));
#6804=CARTESIAN_POINT('Ctrl Pts',(-14.6999999999506,6.78767490834172,-48.6402090981717));
#6805=CARTESIAN_POINT('Ctrl Pts',(-14.6999999999505,7.02635173952152,-48.3859184791225));
#6806=CARTESIAN_POINT('Ctrl Pts',(-14.6999999999506,7.05426175998763,-48.3552439325452));
#6807=CARTESIAN_POINT('Ctrl Pts',(-14.6999999999505,7.09393155713477,-48.3103214062436));
#6808=CARTESIAN_POINT('Ctrl Pts',(-14.6999999999505,7.10612239309578,-48.2963292791791));
#6809=CARTESIAN_POINT('Ctrl Pts',(-14.6999999999505,7.12726360904069,-48.2717374281076));
#6810=CARTESIAN_POINT('Ctrl Pts',(-14.6999999999505,7.13626239042249,-48.2611643422496));
#6811=CARTESIAN_POINT('Ctrl Pts',(-14.6999999999505,7.15474072230184,-48.2392343189915));
#6812=CARTESIAN_POINT('Ctrl Pts',(-14.6999999999505,7.16421790776937,-48.2278656502796));
#6813=CARTESIAN_POINT('Ctrl Pts',(-14.6999999999505,7.18834913163252,-48.1986048206903));
#6814=CARTESIAN_POINT('Ctrl Pts',(-14.6999999999504,7.20292829855866,-48.1806257157324));
#6815=CARTESIAN_POINT('Ctrl Pts',(-14.6999999999504,7.24593157247492,-48.1266756960713));
#6816=CARTESIAN_POINT('Ctrl Pts',(-14.6999999999505,7.27399107662066,-48.0902499281189));
#6817=CARTESIAN_POINT('Ctrl Pts',(-14.6999999999504,7.37133778993641,-47.9591836196728));
#6818=CARTESIAN_POINT('Ctrl Pts',(-14.6999999999505,7.43799644408001,-47.8605710270206));
#6819=CARTESIAN_POINT('Ctrl Pts',(-14.6999999999504,7.57780153240345,-47.6255092337333));
#6820=CARTESIAN_POINT('Ctrl Pts',(-14.6999999999504,7.64845408100313,-47.4830824118965));
#6821=CARTESIAN_POINT('Ctrl Pts',(-14.6999999999504,7.7385301194118,-47.2293013041664));
#6822=CARTESIAN_POINT('Ctrl Pts',(-14.6999999999503,7.76749720077437,-47.1174995285445));
#6823=CARTESIAN_POINT('Ctrl Pts',(-14.6999999999502,7.78132575300069,-47.0049959138986));
#6824=CARTESIAN_POINT('',(-14.2438530443485,7.5912421843049,-47.8587134625019));
#6825=CARTESIAN_POINT('Ctrl Pts',(-14.6999999999425,7.78132575301032,-47.0049959138839));
#6826=CARTESIAN_POINT('Ctrl Pts',(-14.6999999999434,7.78117762963442,-47.0062009868968));
#6827=CARTESIAN_POINT('Ctrl Pts',(-14.6999326412776,7.78109275072976,-47.0074289333184));
#6828=CARTESIAN_POINT('Ctrl Pts',(-14.6996794036813,7.78099888431202,-47.0101935977155));
#6829=CARTESIAN_POINT('Ctrl Pts',(-14.699459923295,7.78101703042297,-47.0117715191299));
#6830=CARTESIAN_POINT('Ctrl Pts',(-14.6985179053977,7.78124023736745,-47.0172954905602));
#6831=CARTESIAN_POINT('Ctrl Pts',(-14.6974733546204,7.78171343922156,-47.021463450554));
#6832=CARTESIAN_POINT('Ctrl Pts',(-14.6922307931455,7.78431940379384,-47.039600282543));
#6833=CARTESIAN_POINT('Ctrl Pts',(-14.6847389899121,7.78871745073571,-47.0579719959379));
#6834=CARTESIAN_POINT('Ctrl Pts',(-14.6394362395869,7.81210985561312,-47.1504762756112));
#6835=CARTESIAN_POINT('Ctrl Pts',(-14.5756349217724,7.83858311657253,-47.2455739163123));
#6836=CARTESIAN_POINT('Ctrl Pts',(-14.4238719135522,7.83920241226063,-47.4271424225751));
#6837=CARTESIAN_POINT('Ctrl Pts',(-14.3647860414051,7.82629272719654,-47.4898994624805));
#6838=CARTESIAN_POINT('Ctrl Pts',(-14.2919247526244,7.79287052710199,-47.5774251866126));
#6839=CARTESIAN_POINT('Ctrl Pts',(-14.2666469368824,7.77643301644072,-47.6103180085783));
#6840=CARTESIAN_POINT('Ctrl Pts',(-14.2311081202213,7.7357601435429,-47.6761630976977));
#6841=CARTESIAN_POINT('Ctrl Pts',(-14.2226544250208,7.71484200092008,-47.7049080455112));
#6842=CARTESIAN_POINT('Ctrl Pts',(-14.2172600105993,7.66338668157089,-47.7720202115998));
#6843=CARTESIAN_POINT('Ctrl Pts',(-14.2259238215003,7.6302002322335,-47.8122850689226));
#6844=CARTESIAN_POINT('Ctrl Pts',(-14.2438530443483,7.59124218430501,-47.8587134625018));
#6845=CARTESIAN_POINT('',(-14.2918491973765,7.21511110779745,-48.306969024216));
#6846=CARTESIAN_POINT('Ctrl Pts',(-14.2438530443485,7.59124218430491,-47.8587134625019));
#6847=CARTESIAN_POINT('Ctrl Pts',(-14.261691965977,7.55248035008104,-47.9049080176937));
#6848=CARTESIAN_POINT('Ctrl Pts',(-14.2766912833223,7.51326760555805,-47.9516399468542));
#6849=CARTESIAN_POINT('Ctrl Pts',(-14.3155110532324,7.37886307881933,-48.1118170244559));
#6850=CARTESIAN_POINT('Ctrl Pts',(-14.3140320221256,7.31029212698055,-48.1935367026577));
#6851=CARTESIAN_POINT('Ctrl Pts',(-14.3073128516884,7.25406301004677,-48.2605479547719));
#6852=CARTESIAN_POINT('Ctrl Pts',(-14.3035792447127,7.23851066669488,-48.2790825158348));
#6853=CARTESIAN_POINT('Ctrl Pts',(-14.2978253466681,7.22424404026375,-48.2960848191383));
#6854=CARTESIAN_POINT('Ctrl Pts',(-14.2955630688954,7.21941199196582,-48.301843430057));
#6855=CARTESIAN_POINT('Ctrl Pts',(-14.2924293634576,7.21572977978481,-48.3062317196524));
#6856=CARTESIAN_POINT('Ctrl Pts',(-14.2921464206926,7.21541627187949,-48.3066053438249));
#6857=CARTESIAN_POINT('Ctrl Pts',(-14.2918491973765,7.21511110779745,-48.306969024216));
#6858=CARTESIAN_POINT('',(-14.285786437577,7.20890374323785,-48.3143377896378));
#6859=CARTESIAN_POINT('Ctrl Pts',(-14.2918491973765,7.21511110779745,-48.306969024216));
#6860=CARTESIAN_POINT('Ctrl Pts',(-14.2910364706381,7.2142766678481,-48.3079634710247));
#6861=CARTESIAN_POINT('Ctrl Pts',(-14.290222544778,7.21344193671202,-48.3089566918194));
#6862=CARTESIAN_POINT('Ctrl Pts',(-14.2882030310641,7.21137313639081,-48.3114144110169));
#6863=CARTESIAN_POINT('Ctrl Pts',(-14.2869960534863,7.21013875728988,-48.3128774243028));
#6864=CARTESIAN_POINT('Ctrl Pts',(-14.285786437577,7.20890374323785,-48.3143377896378));
#6865=CARTESIAN_POINT('',(-11.699999999951,4.75480013065199,-51.2162382484066));
#6866=CARTESIAN_POINT('Ctrl Pts',(-14.2859238127856,7.20890340316685,-48.3143381917611));
#6867=CARTESIAN_POINT('Ctrl Pts',(-14.2856818167876,7.16814451307903,-48.36253429939));
#6868=CARTESIAN_POINT('Ctrl Pts',(-14.2558933309482,6.86258381326494,-48.7238502317837));
#6869=CARTESIAN_POINT('Ctrl Pts',(-13.7541538970458,6.27220352812463,-49.4219563799962));
#6870=CARTESIAN_POINT('Ctrl Pts',(-12.8050119547409,5.53466915442993,-50.2940676170304));
#6871=CARTESIAN_POINT('Ctrl Pts',(-12.0704833177739,5.01199377603224,-50.9121148390714));
#6872=CARTESIAN_POINT('Ctrl Pts',(-11.6999999999498,4.75480013065199,-51.2162382484066));
#6873=CARTESIAN_POINT('',(-12.6609296087299,3.95954484771423,-51.0366277216643));
#6874=CARTESIAN_POINT('Ctrl Pts',(-11.6999999999499,4.75480013065199,-51.2162382484066));
#6875=CARTESIAN_POINT('Ctrl Pts',(-11.7014967076383,4.75442012587244,-51.2166875921256));
#6876=CARTESIAN_POINT('Ctrl Pts',(-11.7029934034896,4.75403747407552,-51.2171346630731));
#6877=CARTESIAN_POINT('Ctrl Pts',(-11.7044900767433,4.75365218170233,-51.217579461486));
#6878=CARTESIAN_POINT('Ctrl Pts',(-11.7482984201118,4.74237448930016,-51.2305989241856));
#6879=CARTESIAN_POINT('Ctrl Pts',(-11.7920268987302,4.72885341285207,-51.2416562211163));
#6880=CARTESIAN_POINT('Ctrl Pts',(-11.8354063972043,4.71324812311892,-51.2507555677875));
#6881=CARTESIAN_POINT('Ctrl Pts',(-11.8788599986224,4.69761617567986,-51.2598704584));
#6882=CARTESIAN_POINT('Ctrl Pts',(-11.9219642021032,4.67989221562976,-51.2670210631615));
#6883=CARTESIAN_POINT('Ctrl Pts',(-11.9644403792083,4.66020094659698,-51.2721749854302));
#6884=CARTESIAN_POINT('Ctrl Pts',(-11.9855230648464,4.65042735435944,-51.2747330904764));
#6885=CARTESIAN_POINT('Ctrl Pts',(-12.0064508352241,4.64016862367444,-51.2767987037296));
#6886=CARTESIAN_POINT('Ctrl Pts',(-12.0271879560523,4.629437566868,-51.278364079572));
#6887=CARTESIAN_POINT('Ctrl Pts',(-12.068313758297,4.60815576387538,-51.281468528732));
#6888=CARTESIAN_POINT('Ctrl Pts',(-12.1085595910558,4.58508648496747,-51.2825975927118));
#6889=CARTESIAN_POINT('Ctrl Pts',(-12.1476463347328,4.56034269167255,-51.2817018392435));
#6890=CARTESIAN_POINT('Ctrl Pts',(-12.1851695348616,4.53658869682911,-51.2808419176053));
#6891=CARTESIAN_POINT('Ctrl Pts',(-12.2216250735558,4.51129077391129,-51.2781160258465));
#6892=CARTESIAN_POINT('Ctrl Pts',(-12.256743172188,4.48453304951507,-51.2734420208348));
#6893=CARTESIAN_POINT('Ctrl Pts',(-12.2728091835367,4.4722917858773,-51.2713037325877));
#6894=CARTESIAN_POINT('Ctrl Pts',(-12.2885949068699,4.45974483534112,-51.2687571674013));
#6895=CARTESIAN_POINT('Ctrl Pts',(-12.3040723368156,4.44689967573227,-51.2657915139354));
#6896=CARTESIAN_POINT('Ctrl Pts',(-12.3069973242665,4.44447214539985,-51.2652310527218));
#6897=CARTESIAN_POINT('Ctrl Pts',(-12.3099112964894,4.44203396394665,-51.2646556180977));
#6898=CARTESIAN_POINT('Ctrl Pts',(-12.3128141216679,4.43958523041264,-51.2640652478583));
#6899=CARTESIAN_POINT('Ctrl Pts',(-12.3471602502578,4.41061189868589,-51.257080007305));
#6900=CARTESIAN_POINT('Ctrl Pts',(-12.3797758173331,4.38030803504406,-51.2480421964179));
#6901=CARTESIAN_POINT('Ctrl Pts',(-12.410473610942,4.34886505120011,-51.2370598626702));
#6902=CARTESIAN_POINT('Ctrl Pts',(-12.4402976937766,4.31831698749645,-51.2263901045898));
#6903=CARTESIAN_POINT('Ctrl Pts',(-12.4683119539769,4.28669283719204,-51.2138846248152));
#6904=CARTESIAN_POINT('Ctrl Pts',(-12.4943140766083,4.25416738373137,-51.1996058991629));
#6905=CARTESIAN_POINT('Ctrl Pts',(-12.5181970575612,4.22429271555543,-51.1864908724545));
#6906=CARTESIAN_POINT('Ctrl Pts',(-12.5403824841648,4.19365712150924,-51.1718793931165));
#6907=CARTESIAN_POINT('Ctrl Pts',(-12.5606857452943,4.16240511921207,-51.1557943924542));
#6908=CARTESIAN_POINT('Ctrl Pts',(-12.5824565870412,4.12889412844335,-51.1385467196945));
#6909=CARTESIAN_POINT('Ctrl Pts',(-12.6019324590452,4.09487237108754,-51.1197090551187));
#6910=CARTESIAN_POINT('Ctrl Pts',(-12.6189259512916,4.06054294398469,-51.0993399294626));
#6911=CARTESIAN_POINT('Ctrl Pts',(-12.6353438085896,4.02737638662732,-51.0796607844432));
#6912=CARTESIAN_POINT('Ctrl Pts',(-12.6494448315977,3.99392191411685,-51.0585518454898));
#6913=CARTESIAN_POINT('Ctrl Pts',(-12.6610268527436,3.96037728183572,-51.0360371813354));
#6914=CARTESIAN_POINT('Ctrl Pts',(-12.6604860070375,3.95995422191524,-51.0364754313824));
#6915=CARTESIAN_POINT('Ctrl Pts',(-12.6734715213297,3.97011140955318,-51.0259533607158));
#6916=CARTESIAN_POINT('Ctrl Pts',(-12.686450816612,3.98028761383024,-51.0154249414221));
#6917=CARTESIAN_POINT('Ctrl Pts',(-12.6994235500193,3.99048270970632,-51.0048904423587));
#6918=CARTESIAN_POINT('Origin',(-11.6999999999485,13.7223555929567,-39.0637629017912));
#6919=CARTESIAN_POINT('',(-11.6999999999485,14.4859170902518,-39.7094980176464));
#6920=CARTESIAN_POINT('',(-12.6999999999512,3.5,-51.1513773907498));
#6921=CARTESIAN_POINT('Origin',(-11.6999999999512,3.5,-51.15137739075));
#6922=CARTESIAN_POINT('',(-12.6999999999511,3.70572017031355,-50.9081197493245));
#6923=CARTESIAN_POINT('',(-12.6999999999485,13.7223555929567,-39.063762901791));
#6924=CARTESIAN_POINT('Ctrl Pts',(-12.6999999999511,3.70572017031355,-50.9081197493245));
#6925=CARTESIAN_POINT('Ctrl Pts',(-12.6999999999511,3.72874999360543,-50.9168447821046));
#6926=CARTESIAN_POINT('Ctrl Pts',(-12.6991895433421,3.75156232767914,-50.9261369621571));
#6927=CARTESIAN_POINT('Ctrl Pts',(-12.6926737369678,3.84010414642333,-50.9649593951205));
#6928=CARTESIAN_POINT('Ctrl Pts',(-12.6803662096823,3.90312590516768,-50.9988446399206));
#6929=CARTESIAN_POINT('Ctrl Pts',(-12.6609296082136,3.95954484695715,-51.0366277225316));
#6930=CARTESIAN_POINT('Origin',(-14.6999999999502,5.3,-46.6999999999996));
#6931=CARTESIAN_POINT('',(-14.6999999997991,7.78248275793065,-46.9954307989267));
#6932=CARTESIAN_POINT('Origin',(-14.6999999999502,5.3,-46.6999999999996));
#6933=CARTESIAN_POINT('Origin',(-14.6999999999502,5.3,-46.6999999999996));
#6934=CARTESIAN_POINT('Origin',(-13.6999999999501,5.3,-46.6999999999998));
#6935=CARTESIAN_POINT('',(-12.6999999999511,3.5,-50.8243181254603));
#6936=CARTESIAN_POINT('Origin',(-12.6999999999502,5.3,-46.7));
#6937=CARTESIAN_POINT('',(-12.9952407916252,3.5,-50.5));
#6938=CARTESIAN_POINT('Ctrl Pts',(-12.9952407916252,3.5,-50.5));
#6939=CARTESIAN_POINT('Ctrl Pts',(-12.8536620474779,3.5,-50.6566590863572));
#6940=CARTESIAN_POINT('Ctrl Pts',(-12.6999999999422,3.5,-50.82431812547));
#6941=CARTESIAN_POINT('',(-12.6999999999426,2.88960584136121,-50.5));
#6942=CARTESIAN_POINT('Ctrl Pts',(-12.6999999999426,2.88960584134542,-50.5));
#6943=CARTESIAN_POINT('Ctrl Pts',(-12.8690213914918,3.20515434167707,-50.5));
#6944=CARTESIAN_POINT('Ctrl Pts',(-12.9952407916252,3.5,-50.5));
#6945=CARTESIAN_POINT('Origin',(-12.6999999999502,5.3,-46.7));
#6946=CARTESIAN_POINT('',(-12.6999999999497,9.17618353071073,-44.4141300920116));
#6947=CARTESIAN_POINT('Origin',(-12.6999999999502,5.3,-46.7));
#6948=CARTESIAN_POINT('',(-12.6609296083152,9.3459367448349,-44.6424393384725));
#6949=CARTESIAN_POINT('Ctrl Pts',(-12.6609296081939,9.34593674500545,-44.6424393382626));
#6950=CARTESIAN_POINT('Ctrl Pts',(-12.680366209673,9.29911982067668,-44.5932576961262));
#6951=CARTESIAN_POINT('Ctrl Pts',(-12.6926737369648,9.25502259884571,-44.5369071245197));
#6952=CARTESIAN_POINT('Ctrl Pts',(-12.6991895433406,9.20172530710697,-44.4562458967494));
#6953=CARTESIAN_POINT('Ctrl Pts',(-12.6999999999497,9.18869343612814,-44.4353433243046));
#6954=CARTESIAN_POINT('Ctrl Pts',(-12.6999999999497,9.17618353071074,-44.4141300920116));
#6955=CARTESIAN_POINT('',(-12.6999999997943,9.32001925290285,-44.6777623267801));
#6956=CARTESIAN_POINT('Ctrl Pts',(-12.661095940801,9.34604719115645,-44.6423318278301));
#6957=CARTESIAN_POINT('Ctrl Pts',(-12.6741394971508,9.33741895523799,-44.6540824293815));
#6958=CARTESIAN_POINT('Ctrl Pts',(-12.6871770404931,9.32879011272947,-44.6658484923263));
#6959=CARTESIAN_POINT('Ctrl Pts',(-12.7002081742922,9.3201604491511,-44.6776307093799));
#6960=CARTESIAN_POINT('Ctrl Pts',(-14.6999999998134,7.78248275798777,-46.9954307989644));
#6961=CARTESIAN_POINT('Ctrl Pts',(-14.5333928646241,7.98985421808774,-46.6627700318901));
#6962=CARTESIAN_POINT('Ctrl Pts',(-14.1281834906905,8.33518319934908,-46.0976027218478));
#6963=CARTESIAN_POINT('Ctrl Pts',(-13.4401446222317,8.82642514551394,-45.3627868877892));
#6964=CARTESIAN_POINT('Ctrl Pts',(-12.9551019246025,9.15136106858269,-44.9080951906797));
#6965=CARTESIAN_POINT('Ctrl Pts',(-12.7002081742922,9.32016044915111,-44.6776307093799));
#6966=CARTESIAN_POINT('Origin',(-12.6999999999426,0.,-12.7));
#6967=CARTESIAN_POINT('',(-12.6999999999486,3.5,-39.7000000000002));
#6968=CARTESIAN_POINT('Origin',(-11.2000000002418,26.0351133133437,-24.3224399562656));
#6969=CARTESIAN_POINT('',(-11.193906422742,7.20890374323768,-48.3143377896383));
#6970=CARTESIAN_POINT('',(-11.200000000242,7.21511110779745,-48.3069690242167));
#6971=CARTESIAN_POINT('Ctrl Pts',(-11.1939064227416,7.20890374323783,-48.3143377896381));
#6972=CARTESIAN_POINT('Ctrl Pts',(-11.1959388213643,7.21097884860888,-48.3118840426988));
#6973=CARTESIAN_POINT('Ctrl Pts',(-11.1979700285593,7.21304797358556,-48.3094277718257));
#6974=CARTESIAN_POINT('Ctrl Pts',(-11.200000000242,7.21511110779745,-48.3069690242167));
#6975=CARTESIAN_POINT('',(-11.200000000242,26.8011577564627,-24.9652275659521));
#6976=CARTESIAN_POINT('Ctrl Pts',(-10.9911932348847,3.51864157862582,-52.6779569186529));
#6977=CARTESIAN_POINT('Ctrl Pts',(-11.006523680379,4.0670832908175,-52.0294418160081));
#6978=CARTESIAN_POINT('Ctrl Pts',(-11.0361478986259,4.96520917651275,-50.9674361588855));
#6979=CARTESIAN_POINT('Ctrl Pts',(-11.0632097210454,5.6511876339047,-50.156288173934));
#6980=CARTESIAN_POINT('Ctrl Pts',(-11.0874334353552,6.15817678924073,-49.5567894180888));
#6981=CARTESIAN_POINT('Ctrl Pts',(-11.1088258893395,6.52261806816655,-49.1258490498479));
#6982=CARTESIAN_POINT('Ctrl Pts',(-11.1274252255787,6.77642955605415,-48.8257249355422));
#6983=CARTESIAN_POINT('Ctrl Pts',(-11.1649424251866,7.17933112569017,-48.3493064812564));
#6984=CARTESIAN_POINT('Ctrl Pts',(-11.1939064227056,7.20890374323798,-48.3143377896376));
#6985=CARTESIAN_POINT('Origin',(-12.6999999999505,7.21511110779744,-48.3069690242164));
#6986=CARTESIAN_POINT('',(-13.9928932186242,7.84637504420775,-47.5546579601239));
#6987=CARTESIAN_POINT('Ctrl Pts',(-13.9928932186242,7.84637504420779,-47.5546579601239));
#6988=CARTESIAN_POINT('Ctrl Pts',(-14.0681349175566,7.7580798568629,-47.6598840668509));
#6989=CARTESIAN_POINT('Ctrl Pts',(-14.1531391845317,7.67348206358831,-47.7607037909114));
#6990=CARTESIAN_POINT('Ctrl Pts',(-14.2438530443485,7.59124218430491,-47.8587134625019));
#6991=CARTESIAN_POINT('',(-11.6999999999545,9.65801278113332,-45.3956321786641));
#6992=CARTESIAN_POINT('Ctrl Pts',(-11.6999999999545,9.65801278113332,-45.3956321786641));
#6993=CARTESIAN_POINT('Ctrl Pts',(-12.0542827265849,9.4131884101076,-45.6874025023886));
#6994=CARTESIAN_POINT('Ctrl Pts',(-12.6405566216873,9.00169206012822,-46.1778047558158));
#6995=CARTESIAN_POINT('Ctrl Pts',(-13.4210767095041,8.4048739437988,-46.8890648900765));
#6996=CARTESIAN_POINT('Ctrl Pts',(-13.8262860834377,8.04188642177193,-47.3216565735188));
#6997=CARTESIAN_POINT('Ctrl Pts',(-13.992893218627,7.84637504420443,-47.5546579601279));
#6998=CARTESIAN_POINT('',(-11.6999999999486,14.4910608438099,-39.6358297867888));
#6999=CARTESIAN_POINT('',(-12.6999999999505,7.21511110779745,-48.3069690242164));
#7000=CARTESIAN_POINT('Origin',(-12.6999999999502,5.3,-46.7));
#7001=CARTESIAN_POINT('',(-12.6999999999505,7.20890374323768,-48.314337789638));
#7002=CARTESIAN_POINT('Origin',(-10.2000000002418,7.20890374323767,-48.314337789638));
#7003=CARTESIAN_POINT('Origin',(-11.6999999999484,13.7250164006909,-38.9930421771023));
#7004=CARTESIAN_POINT('',(-12.6999999999423,36.6265980252034,-11.6999999999998));
#7005=CARTESIAN_POINT('',(-12.6999999999484,13.7250164006909,-38.9930421771021));
#7006=CARTESIAN_POINT('Origin',(-11.6999999999423,36.6265980252034,-11.7));
#7007=CARTESIAN_POINT('Ctrl Pts',(-11.6999999999545,9.65801278113331,-45.3956321786642));
#7008=CARTESIAN_POINT('Ctrl Pts',(-11.7014918609887,9.65838982643415,-45.3951828335723));
#7009=CARTESIAN_POINT('Ctrl Pts',(-11.7029837110483,9.65876420179458,-45.3947312779517));
#7010=CARTESIAN_POINT('Ctrl Pts',(-11.7044755394906,9.65913590856499,-45.3942775180193));
#7011=CARTESIAN_POINT('Ctrl Pts',(-11.7492087317998,9.67028171459155,-45.3806713085241));
#7012=CARTESIAN_POINT('Ctrl Pts',(-11.7938722445725,9.67901931646393,-45.3651014396155));
#7013=CARTESIAN_POINT('Ctrl Pts',(-11.83817869681,9.68537812185811,-45.3477298660725));
#7014=CARTESIAN_POINT('Ctrl Pts',(-11.8824851490475,9.69173692725229,-45.3303582925295));
#7015=CARTESIAN_POINT('Ctrl Pts',(-11.9264353932692,9.6957171813415,-45.3111842027277));
#7016=CARTESIAN_POINT('Ctrl Pts',(-11.9697319781109,9.69730199377281,-45.2903399910387));
#7017=CARTESIAN_POINT('Ctrl Pts',(-12.0123434951749,9.69886173023255,-45.2698255905307));
#7018=CARTESIAN_POINT('Ctrl Pts',(-12.0542168441366,9.69809706331563,-45.2477444783094));
#7019=CARTESIAN_POINT('Ctrl Pts',(-12.0950598657266,9.69498192212981,-45.2242229377382));
#7020=CARTESIAN_POINT('Ctrl Pts',(-12.1359028873165,9.69186678094399,-45.2007013971671));
#7021=CARTESIAN_POINT('Ctrl Pts',(-12.1757164573225,9.68640146870188,-45.1757386288018));
#7022=CARTESIAN_POINT('Ctrl Pts',(-12.2141821364596,9.67851059478434,-45.1494483580595));
#7023=CARTESIAN_POINT('Ctrl Pts',(-12.2452010610799,9.67214735283132,-45.1282477463794));
#7024=CARTESIAN_POINT('Ctrl Pts',(-12.2752348187329,9.664227574113,-45.106258786316));
#7025=CARTESIAN_POINT('Ctrl Pts',(-12.3041196038082,9.65472184652028,-45.0835500316314));
#7026=CARTESIAN_POINT('Ctrl Pts',(-12.3402792224559,9.64282203546665,-45.055121919488));
#7027=CARTESIAN_POINT('Ctrl Pts',(-12.374639721418,9.62843790932647,-45.0255649112612));
#7028=CARTESIAN_POINT('Ctrl Pts',(-12.4069667196372,9.61170073622437,-44.9950652372596));
#7029=CARTESIAN_POINT('Ctrl Pts',(-12.4369225806939,9.59619120983632,-44.9668026689112));
#7030=CARTESIAN_POINT('Ctrl Pts',(-12.4651324037657,9.57866042761042,-44.9377298831553));
#7031=CARTESIAN_POINT('Ctrl Pts',(-12.4913751170202,9.55917806043678,-44.9080065416525));
#7032=CARTESIAN_POINT('Ctrl Pts',(-12.493452342326,9.55763594603276,-44.9056538094275));
#7033=CARTESIAN_POINT('Ctrl Pts',(-12.4955172231897,9.55608158797484,-44.9032970109668));
#7034=CARTESIAN_POINT('Ctrl Pts',(-12.4975696395513,9.55451501260409,-44.9009362309339));
#7035=CARTESIAN_POINT('Ctrl Pts',(-12.5237634402614,9.53452171893018,-44.8708069633746));
#7036=CARTESIAN_POINT('Ctrl Pts',(-12.5477504309344,9.51267844954934,-44.8402324080785));
#7037=CARTESIAN_POINT('Ctrl Pts',(-12.5693456727224,9.48910019736101,-44.809402677138));
#7038=CARTESIAN_POINT('Ctrl Pts',(-12.5901000066541,9.46644007045682,-44.7797734404178));
#7039=CARTESIAN_POINT('Ctrl Pts',(-12.6086454504644,9.44217692206567,-44.7499077778568));
#7040=CARTESIAN_POINT('Ctrl Pts',(-12.624785551558,9.41638214609066,-44.7199883122652));
#7041=CARTESIAN_POINT('Ctrl Pts',(-12.6387476936503,9.39406813917609,-44.6941062048673));
#7042=CARTESIAN_POINT('Ctrl Pts',(-12.6509095298668,9.37060738488811,-44.66818372338));
#7043=CARTESIAN_POINT('Ctrl Pts',(-12.6611210075197,9.34603060966365,-44.6423544098124));
#7044=CARTESIAN_POINT('Ctrl Pts',(-11.6999999999545,9.65801278113332,-45.3956321786641));
#7045=CARTESIAN_POINT('Ctrl Pts',(-12.0542827265849,9.4131884101076,-45.6874025023886));
#7046=CARTESIAN_POINT('Ctrl Pts',(-12.6405566216873,9.00169206012822,-46.1778047558158));
#7047=CARTESIAN_POINT('Ctrl Pts',(-13.4210767095041,8.4048739437988,-46.8890648900765));
#7048=CARTESIAN_POINT('Ctrl Pts',(-13.8262860834377,8.04188642177193,-47.3216565735188));
#7049=CARTESIAN_POINT('Ctrl Pts',(-13.992893218627,7.84637504420443,-47.5546579601279));
#7050=CARTESIAN_POINT('Ctrl Pts',(-11.8596448972841,9.7534648545053,-45.2818768273025));
#7051=CARTESIAN_POINT('Ctrl Pts',(-12.2120716760214,9.50618498992342,-45.5764609863034));
#7052=CARTESIAN_POINT('Ctrl Pts',(-12.7946657344401,9.08996528102238,-46.0729398664663));
#7053=CARTESIAN_POINT('Ctrl Pts',(-13.5674018646452,8.47934187432748,-46.8002885362799));
#7054=CARTESIAN_POINT('Ctrl Pts',(-13.9664810462204,8.10177174517493,-47.2504069993533));
#7055=CARTESIAN_POINT('Ctrl Pts',(-14.1299702115125,7.8946388009107,-47.4971394546811));
#7056=CARTESIAN_POINT('Ctrl Pts',(-12.1782925868683,9.83061180289612,-44.9596921788295));
#7057=CARTESIAN_POINT('Ctrl Pts',(-12.5271192368211,9.58287649608105,-45.2634854058013));
#7058=CARTESIAN_POINT('Ctrl Pts',(-13.1022659158742,9.16497729167236,-45.7787445124885));
#7059=CARTESIAN_POINT('Ctrl Pts',(-13.8597862119386,8.54649443860343,-46.5543558027815));
#7060=CARTESIAN_POINT('Ctrl Pts',(-14.2466415418962,8.15553837561759,-47.0527326084039));
#7061=CARTESIAN_POINT('Ctrl Pts',(-14.4039866062429,7.93390170243475,-47.3341501132468));
#7062=CARTESIAN_POINT('Ctrl Pts',(-12.3656633560352,9.65012936958467,-44.5807340867366));
#7063=CARTESIAN_POINT('Ctrl Pts',(-12.7167801190532,9.41137894360446,-44.8923743853411));
#7064=CARTESIAN_POINT('Ctrl Pts',(-13.2969244936625,9.01244258116789,-45.4240956708655));
#7065=CARTESIAN_POINT('Ctrl Pts',(-14.0637916519377,8.43053301404016,-46.2451058581453));
#7066=CARTESIAN_POINT('Ctrl Pts',(-14.4580461132358,8.06555834005776,-46.7927145095043));
#7067=CARTESIAN_POINT('Ctrl Pts',(-14.6189064325646,7.850459825672,-47.1104561104339));
#7068=CARTESIAN_POINT('Ctrl Pts',(-12.4071067811408,9.51361247149855,-44.4158600421745));
#7069=CARTESIAN_POINT('Ctrl Pts',(-12.7613895077712,9.28032096112816,-44.7289053343275));
#7070=CARTESIAN_POINT('Ctrl Pts',(-13.3476634028737,8.89245434279297,-45.2640182462886));
#7071=CARTESIAN_POINT('Ctrl Pts',(-14.1281834906905,8.33518319934908,-46.0976027218478));
#7072=CARTESIAN_POINT('Ctrl Pts',(-14.5333928646241,7.98985421808774,-46.6627700318901));
#7073=CARTESIAN_POINT('Ctrl Pts',(-14.6999999998134,7.78248275798777,-46.9954307989644));
#7074=CARTESIAN_POINT('Origin',(-13.992893218624,7.08033060108877,-46.9118703504374));
#7075=CARTESIAN_POINT('Ctrl Pts',(-14.6999999999504,7.66817894808602,-47.5010795652377));
#7076=CARTESIAN_POINT('Ctrl Pts',(-14.6999999999503,7.72748221083143,-47.3257652213439));
#7077=CARTESIAN_POINT('Ctrl Pts',(-14.6999999999503,7.7635459089325,-47.154555714492));
#7078=CARTESIAN_POINT('Ctrl Pts',(-14.6999999999502,7.78248275785274,-46.9954307989422));
#7079=CARTESIAN_POINT('Ctrl Pts',(-14.6235600365986,7.68175551671402,-47.5832214534238));
#7080=CARTESIAN_POINT('Ctrl Pts',(-14.6126690319633,7.75666075822836,-47.4268090900076));
#7081=CARTESIAN_POINT('Ctrl Pts',(-14.6067599377469,7.81565105693428,-47.2726328783329));
#7082=CARTESIAN_POINT('Ctrl Pts',(-14.6073216373758,7.86017083524637,-47.1268882977755));
#7083=CARTESIAN_POINT('Ctrl Pts',(-14.4743651234275,7.67694789048074,-47.7172762627553));
#7084=CARTESIAN_POINT('Ctrl Pts',(-14.4350941189203,7.76829707959775,-47.5924136892013));
#7085=CARTESIAN_POINT('Ctrl Pts',(-14.4039376768995,7.85492173152571,-47.4688722035249));
#7086=CARTESIAN_POINT('Ctrl Pts',(-14.3846226574193,7.93562369207178,-47.3494411837459));
#7087=CARTESIAN_POINT('Ctrl Pts',(-14.3130040873884,7.62275773576326,-47.8211546908288));
#7088=CARTESIAN_POINT('Ctrl Pts',(-14.2377175661882,7.71009882619828,-47.7170656325218));
#7089=CARTESIAN_POINT('Ctrl Pts',(-14.1688616773195,7.79830123380644,-47.6119500963793));
#7090=CARTESIAN_POINT('Ctrl Pts',(-14.1103877839835,7.88774397852144,-47.5053563840338));
#7091=CARTESIAN_POINT('Ctrl Pts',(-14.2438530443485,7.59124218430491,-47.8587134625019));
#7092=CARTESIAN_POINT('Ctrl Pts',(-14.1531391845317,7.67348206358831,-47.7607037909114));
#7093=CARTESIAN_POINT('Ctrl Pts',(-14.0681349175566,7.7580798568629,-47.6598840668509));
#7094=CARTESIAN_POINT('Ctrl Pts',(-13.9928932186242,7.84637504420779,-47.5546579601239));
#7095=CARTESIAN_POINT('Origin',(-48.0675854606434,24.8,3.07369143415786));
#7096=CARTESIAN_POINT('',(-47.4176485765832,25.3919957310566,5.4992889071836));
#7097=CARTESIAN_POINT('Origin',(-48.0675854606434,24.8,3.07369143415786));
#7098=CARTESIAN_POINT('',(-47.4176485765832,25.3919957310566,5.4992889071836));
#7099=CARTESIAN_POINT('Origin',(-47.3998323242789,25.1,5.56578006598367));
#7100=CARTESIAN_POINT('',(-47.3998323242789,25.1,5.56578006598367));
#7101=CARTESIAN_POINT('',(-46.8361738902516,15.8620382952021,7.66938197988821));
#7102=CARTESIAN_POINT('',(-47.3998323242789,25.1,5.56578006598367));
#7103=CARTESIAN_POINT('Origin',(-47.3998323242789,3.5,5.56578006598367));
#7104=CARTESIAN_POINT('',(-47.3998323242789,2.5,5.56578006598367));
#7105=CARTESIAN_POINT('',(-47.3998323242789,2.5,5.56578006598367));
#7106=CARTESIAN_POINT('Origin',(-51.8981073281607,1.5,-11.2220107949204));
#7107=CARTESIAN_POINT('Origin',(-48.0675854606434,3.8,3.07369143415786));
#7108=CARTESIAN_POINT('Origin',(-51.824423470621,3.8,-8.86061911010013));
#7109=CARTESIAN_POINT('Origin',(-51.3028235244249,3.8,-9.00038139445549));
#7110=CARTESIAN_POINT('',(-51.9577948491633,3.8,-7.27196808631117));
#7111=CARTESIAN_POINT('',(-51.2964326186119,3.8,-6.89013042447043));
#7112=CARTESIAN_POINT('Origin',(-52.3460234168171,3.8,-8.72085682574477));
#7113=CARTESIAN_POINT('Origin',(-54.3129218938834,1.5,-10.574963182164));
#7114=CARTESIAN_POINT('Origin',(-51.8981073281607,1.5,-11.2220107949204));
#7115=CARTESIAN_POINT('Origin',(-48.0675854606434,24.8,3.07369143415786));
#7116=CARTESIAN_POINT('Origin',(-51.8981073281607,1.5,-11.2220107949204));
#7117=CARTESIAN_POINT('Origin',(-48.5891854068395,3.8,3.21345371851323));
#7118=CARTESIAN_POINT('',(-48.7225567853818,3.8,4.80210474230219));
#7119=CARTESIAN_POINT('',(-48.0611945548304,3.8,5.18394240414293));
#7120=CARTESIAN_POINT('Origin',(-49.1107853530356,3.8,3.35321600286858));
#7121=CARTESIAN_POINT('Origin',(-48.5891854068395,24.8,3.21345371851323));
#7122=CARTESIAN_POINT('',(-48.7225567853818,24.8,4.80210474230219));
#7123=CARTESIAN_POINT('',(-48.0611945548304,24.8,5.18394240414293));
#7124=CARTESIAN_POINT('Origin',(-49.1107853530356,24.8,3.35321600286858));
#7125=CARTESIAN_POINT('Origin',(-49.1107853530356,3.8,3.35321600286858));
#7126=CARTESIAN_POINT('Origin',(-49.1107853530356,24.8,3.35321600286858));
#7127=CARTESIAN_POINT('Origin',(-52.3460234168171,3.8,-8.72085682574477));
#7128=CARTESIAN_POINT('Origin',(-52.3460234168171,24.8,-8.72085682574477));
#7129=CARTESIAN_POINT('Origin',(-16.6999999999426,1.5,-48.2));
#7130=CARTESIAN_POINT('',(-16.1999999999426,3.5,-48.2));
#7131=CARTESIAN_POINT('',(-16.6999999999426,3.5,-47.7));
#7132=CARTESIAN_POINT('Origin',(-16.6999999999426,3.5,-48.2));
#7133=CARTESIAN_POINT('',(-16.6999999999426,1.5,-47.7));
#7134=CARTESIAN_POINT('',(-16.1999999999426,1.5,-48.2));
#7135=CARTESIAN_POINT('Origin',(-16.1999999999426,1.5,-47.7));
#7136=CARTESIAN_POINT('',(-16.1999999999426,3.5,-50.));
#7137=CARTESIAN_POINT('',(-16.1999999999426,1.5,-50.));
#7138=CARTESIAN_POINT('',(-16.1999999999425,3.5,35.1));
#7139=CARTESIAN_POINT('Origin',(-17.6999999999425,0.75,-48.2));
#7140=CARTESIAN_POINT('',(-17.6999999999425,3.5,-47.7));
#7141=CARTESIAN_POINT('Origin',(-17.6999999999425,3.5,-48.2));
#7142=CARTESIAN_POINT('',(-17.6999999999425,0.75,-47.7));
#7143=CARTESIAN_POINT('Origin',(-18.1999999999425,1.5,-47.7));
#7144=CARTESIAN_POINT('',(-18.1999999999425,3.5,-47.7));
#7145=CARTESIAN_POINT('Origin',(-1.34999999997128,60.1,-3.85000000126032));
#7146=CARTESIAN_POINT('',(-16.1999999999425,60.1,-12.2677177032584));
#7147=CARTESIAN_POINT('Origin',(-15.0357864375692,60.1,-11.7));
#7148=CARTESIAN_POINT('',(-16.1999999999425,60.1,36.8));
#7149=CARTESIAN_POINT('',(-16.1999999999425,60.1,-12.7));
#7150=CARTESIAN_POINT('Origin',(-15.6999999999425,60.1,36.8));
#7151=CARTESIAN_POINT('',(-12.6999999999392,60.1,2.29999999747936));
#7152=CARTESIAN_POINT('Origin',(-15.6999999999426,1.5,-50.));
#7153=CARTESIAN_POINT('',(-15.6999999999426,3.5,-50.5));
#7154=CARTESIAN_POINT('',(-15.6999999999426,1.5,-50.5));
#7155=CARTESIAN_POINT('Origin',(-15.6999999999426,3.5,-50.));
#7156=CARTESIAN_POINT('Origin',(-16.1999999999426,1.5,-50.5));
#7157=CARTESIAN_POINT('',(-12.6999999999426,1.5,-50.5));
#7158=CARTESIAN_POINT('',(-16.1999999999426,3.5,-50.5));
#7159=CARTESIAN_POINT('Origin',(-15.6999999999425,1.5,34.6));
#7160=CARTESIAN_POINT('',(-15.6999999999425,1.5,35.1));
#7161=CARTESIAN_POINT('Origin',(-15.6999999999425,29.05,36.8));
#7162=CARTESIAN_POINT('',(-16.1999999999425,59.85,36.8000000000001));
#7163=CARTESIAN_POINT('',(-16.1999999999425,29.05,36.8));
#7164=CARTESIAN_POINT('Origin',(-15.6999999999425,60.0571067811976,36.8));
#7165=CARTESIAN_POINT('Origin',(-15.1999999999426,1.75,36.8));
#7166=CARTESIAN_POINT('',(-15.6999999999426,59.35,36.8));
#7167=CARTESIAN_POINT('',(-15.6999999999426,1.75,36.8));
#7168=CARTESIAN_POINT('Origin',(-15.1999999999426,59.5571067811977,36.8));
#7169=CARTESIAN_POINT('Origin',(-0.0714466093430341,44.4285533905981,36.8));
#7170=CARTESIAN_POINT('',(-0.424999999936305,44.0750000000048,36.8000000000001));
#7171=CARTESIAN_POINT('Origin',(-15.1999999999426,2.5,35.6));
#7172=CARTESIAN_POINT('',(-15.6999999999426,59.35,35.6));
#7173=CARTESIAN_POINT('',(-15.6999999999426,2.5,35.6));
#7174=CARTESIAN_POINT('',(-15.1999999999426,58.85,35.1));
#7175=CARTESIAN_POINT('Origin',(-15.1999999999426,58.8500000000108,35.6));
#7176=CARTESIAN_POINT('',(-15.1999999999426,2.5,35.1));
#7177=CARTESIAN_POINT('Origin',(-15.6999999999426,3.5,35.1));
#7178=CARTESIAN_POINT('',(-15.6999999999426,59.35,17.45));
#7179=CARTESIAN_POINT('Origin',(-13.6999999999321,0.75,34.1));
#7180=CARTESIAN_POINT('',(-12.6999999999321,56.35,34.0999999999998));
#7181=CARTESIAN_POINT('',(-13.6999999999321,57.3499999999895,35.1));
#7182=CARTESIAN_POINT('Origin',(-13.6999999999321,57.35,34.1));
#7183=CARTESIAN_POINT('',(-12.6999999999321,0.75,34.0999999999998));
#7184=CARTESIAN_POINT('',(-13.6999999999321,0.75,35.1));
#7185=CARTESIAN_POINT('Origin',(-12.6999999999426,0.,-12.7));
#7186=CARTESIAN_POINT('',(-12.6999999999297,5.3,6.79999999999154));
#7187=CARTESIAN_POINT('Origin',(-12.6999999999372,5.3,11.3));
#7188=CARTESIAN_POINT('Origin',(-12.6999999999372,5.3,11.3));
#7189=CARTESIAN_POINT('',(-12.6999999999363,56.35,15.3059330997908));
#7190=CARTESIAN_POINT('',(-12.6999999999398,56.35,-0.200000000000052));
#7191=CARTESIAN_POINT('',(-12.6999999999275,54.3,6.79999999998927));
#7192=CARTESIAN_POINT('Origin',(-12.6999999999372,54.3,11.3));
#7193=CARTESIAN_POINT('',(-12.6999999999381,56.35,7.29406690020913));
#7194=CARTESIAN_POINT('Origin',(-12.6999999999372,54.3,11.3));
#7195=CARTESIAN_POINT('',(-12.6999999999423,56.35,-11.6999999999998));
#7196=CARTESIAN_POINT('',(-12.6999999999398,56.35,-0.200000000000052));
#7197=CARTESIAN_POINT('',(-12.6999999999423,0.,-11.6999999999998));
#7198=CARTESIAN_POINT('Origin',(7.33210678123045,37.7321067812003,-11.7));
#7199=CARTESIAN_POINT('',(-16.1999999999425,59.85,-11.6999999999998));
#7200=CARTESIAN_POINT('',(6.6250000000439,37.0250000000138,-11.6999999999998));
#7201=CARTESIAN_POINT('Origin',(-16.1999999999425,61.2642135623733,-11.7));
#7202=CARTESIAN_POINT('Origin',(-11.6999999999423,56.7642135623731,-11.7));
#7203=CARTESIAN_POINT('Origin',(-11.6999999999423,0.,-11.7));
#7204=CARTESIAN_POINT('Origin',(-16.1999999999425,58.1,-12.7));
#7205=CARTESIAN_POINT('',(-16.1999999999425,59.85,-0.199999999999996));
#7206=CARTESIAN_POINT('Origin',(-13.5749999999397,57.225,-0.199999999999856));
#7207=CARTESIAN_POINT('Ctrl Pts',(-12.6999999999274,56.3499999999893,7.2940669001916));
#7208=CARTESIAN_POINT('Ctrl Pts',(-15.1499999999479,58.8000000000107,11.3000000000005));
#7209=CARTESIAN_POINT('Ctrl Pts',(-12.6999999999256,56.3499999999893,15.3059330998084));
#7210=CARTESIAN_POINT('',(-0.299999999942542,43.95,35.1));
#7211=CARTESIAN_POINT('Origin',(-12.6999999999426,0.,-12.7));
#7212=CARTESIAN_POINT('Origin',(-13.6999999999372,54.3,11.3000000000002));
#7213=CARTESIAN_POINT('',(-14.6999999999377,54.3,8.80000000000044));
#7214=CARTESIAN_POINT('',(-13.699999999938,54.3,7.80000000000021));
#7215=CARTESIAN_POINT('Origin',(-14.6999999999372,54.3,11.3000000000004));
#7216=CARTESIAN_POINT('Origin',(-13.6999999999372,5.3,11.3000000000002));
#7217=CARTESIAN_POINT('',(-14.6999999999377,5.3,8.80000000000045));
#7218=CARTESIAN_POINT('',(-13.699999999938,5.3,7.80000000000023));
#7219=CARTESIAN_POINT('Origin',(-14.6999999999372,5.3,11.3000000000005));
#7220=CARTESIAN_POINT('Origin',(-14.6999999999372,54.3,11.3000000000004));
#7221=CARTESIAN_POINT('Origin',(-14.6999999999372,5.3,11.3000000000005));
#7222=CARTESIAN_POINT('Origin',(-12.6999999999392,0.,2.29999999747936));
#7223=CARTESIAN_POINT('Origin',(-12.6999999999426,1.5,35.1));
#7224=CARTESIAN_POINT('Origin',(-14.2000000000922,3.5,-32.7));
#7225=UNCERTAINTY_MEASURE_WITH_UNIT(LENGTH_MEASURE(0.01),#7229,
'DISTANCE_ACCURACY_VALUE',
'Maximum model space distance between geometric entities at asserted c
onnectivities');
#7226=UNCERTAINTY_MEASURE_WITH_UNIT(LENGTH_MEASURE(0.01),#7229,
'DISTANCE_ACCURACY_VALUE',
'Maximum model space distance between geometric entities at asserted c
onnectivities');
#7227=(
GEOMETRIC_REPRESENTATION_CONTEXT(3)
GLOBAL_UNCERTAINTY_ASSIGNED_CONTEXT((#7225))
GLOBAL_UNIT_ASSIGNED_CONTEXT((#7229,#7231,#7232))
REPRESENTATION_CONTEXT('','3D')
);
#7228=(
GEOMETRIC_REPRESENTATION_CONTEXT(3)
GLOBAL_UNCERTAINTY_ASSIGNED_CONTEXT((#7226))
GLOBAL_UNIT_ASSIGNED_CONTEXT((#7229,#7231,#7232))
REPRESENTATION_CONTEXT('','3D')
);
#7229=(
LENGTH_UNIT()
NAMED_UNIT(*)
SI_UNIT(.MILLI.,.METRE.)
);
#7230=(
LENGTH_UNIT()
NAMED_UNIT(*)
SI_UNIT(.CENTI.,.METRE.)
);
#7231=(
NAMED_UNIT(*)
PLANE_ANGLE_UNIT()
SI_UNIT($,.RADIAN.)
);
#7232=(
NAMED_UNIT(*)
SI_UNIT($,.STERADIAN.)
SOLID_ANGLE_UNIT()
);
#7233=SHAPE_DEFINITION_REPRESENTATION(#7234,#7235);
#7234=PRODUCT_DEFINITION_SHAPE('',$,#7237);
#7235=SHAPE_REPRESENTATION('',(#4086),#7227);
#7236=PRODUCT_DEFINITION_CONTEXT('part definition',#7241,'design');
#7237=PRODUCT_DEFINITION('Cameraholder',
'VolumanXR_Rig_Cameraholder_v04',#7238,#7236);
#7238=PRODUCT_DEFINITION_FORMATION('4',$,#7243);
#7239=PRODUCT_RELATED_PRODUCT_CATEGORY('VolumanXR_Rig_Cameraholder_v04',
'VolumanXR_Rig_Cameraholder_v04',(#7243));
#7240=APPLICATION_PROTOCOL_DEFINITION('international standard',
'automotive_design',2009,#7241);
#7241=APPLICATION_CONTEXT(
'Core Data for Automotive Mechanical Design Process');
#7242=PRODUCT_CONTEXT('part definition',#7241,'mechanical');
#7243=PRODUCT('Cameraholder','VolumanXR_Rig_Cameraholder_v04',$,(#7242));
#7244=PRESENTATION_STYLE_ASSIGNMENT((#7246));
#7245=PRESENTATION_STYLE_ASSIGNMENT((#7247));
#7246=SURFACE_STYLE_USAGE(.BOTH.,#7252);
#7247=SURFACE_STYLE_USAGE(.BOTH.,#7253);
#7248=SURFACE_STYLE_RENDERING_WITH_PROPERTIES($,#7260,(#7250));
#7249=SURFACE_STYLE_RENDERING_WITH_PROPERTIES($,#7261,(#7251));
#7250=SURFACE_STYLE_TRANSPARENT(0.);
#7251=SURFACE_STYLE_TRANSPARENT(0.);
#7252=SURFACE_SIDE_STYLE('',(#7254,#7248));
#7253=SURFACE_SIDE_STYLE('',(#7255,#7249));
#7254=SURFACE_STYLE_FILL_AREA(#7256);
#7255=SURFACE_STYLE_FILL_AREA(#7257);
#7256=FILL_AREA_STYLE('',(#7258));
#7257=FILL_AREA_STYLE('',(#7259));
#7258=FILL_AREA_STYLE_COLOUR('',#7260);
#7259=FILL_AREA_STYLE_COLOUR('',#7261);
#7260=COLOUR_RGB('',0.749019607843137,0.749019607843137,0.749019607843137);
#7261=COLOUR_RGB('',0.850980392156863,0.83921568627451,0.858823529411765);
ENDSEC;
END-ISO-10303-21;
