ISO-10303-21;
HEADER;
/* Generated by software containing ST-Developer
 * from STEP Tools, Inc. (www.steptools.com) 
 */

FILE_DESCRIPTION(
/* description */ (''),
/* implementation_level */ '2;1');

FILE_NAME(
/* name */ 'VolumanXR_Rig_Cameraholder_v02.stp',
/* time_stamp */ '2024-10-28T15:15:47+01:00',
/* author */ ('tallA'),
/* organization */ (''),
/* preprocessor_version */ 'ST-DEVELOPER v20',
/* originating_system */ 'Autodesk Inventor 2025',
/* authorisation */ '');

FILE_SCHEMA (('AUTOMOTIVE_DESIGN { 1 0 10303 214 3 1 1 }'));
ENDSEC;

DATA;
#10=MECHANICAL_DESIGN_GEOMETRIC_PRESENTATION_REPRESENTATION('',(#13),#2485);
#11=SHAPE_REPRESENTATION_RELATIONSHIP('SRR','None',#2492,#12);
#12=ADVANCED_BREP_SHAPE_REPRESENTATION('',(#14),#2484);
#13=STYLED_ITEM('',(#2501),#14);
#14=MANIFOLD_SOLID_BREP('Halter',#1443);
#15=CONICAL_SURFACE('',#1570,3.5,0.785398163397448);
#16=CONICAL_SURFACE('',#1575,3.5,0.785398163397449);
#17=CONICAL_SURFACE('',#1577,3.5,0.785398163397448);
#18=ELLIPSE('',#1536,0.541196100146183,0.5);
#19=ELLIPSE('',#1538,0.541196100146183,0.5);
#20=ELLIPSE('',#1542,0.707106781186547,0.5);
#21=ELLIPSE('',#1545,1.41421356237309,1.);
#22=ELLIPSE('',#1553,1.41421356237309,1.);
#23=ELLIPSE('',#1554,1.4142135623731,1.);
#24=ELLIPSE('',#1555,1.0823922002924,1.);
#25=ELLIPSE('',#1561,1.30965220685239,1.);
#26=(
BOUNDED_CURVE()
B_SPLINE_CURVE(2,(#2091,#2092,#2093),.UNSPECIFIED.,.F.,.F.)
B_SPLINE_CURVE_WITH_KNOTS((3,3),(0.,0.501996015920439),.UNSPECIFIED.)
CURVE()
GEOMETRIC_REPRESENTATION_ITEM()
RATIONAL_B_SPLINE_CURVE((1.,1.18421052631579,1.))
REPRESENTATION_ITEM('')
);
#27=(
BOUNDED_CURVE()
B_SPLINE_CURVE(2,(#2097,#2098,#2099),.UNSPECIFIED.,.F.,.F.)
B_SPLINE_CURVE_WITH_KNOTS((3,3),(0.,0.501996015920438),.UNSPECIFIED.)
CURVE()
GEOMETRIC_REPRESENTATION_ITEM()
RATIONAL_B_SPLINE_CURVE((1.,1.1842105263158,1.))
REPRESENTATION_ITEM('')
);
#28=(
BOUNDED_CURVE()
B_SPLINE_CURVE(2,(#2284,#2285,#2286),.UNSPECIFIED.,.F.,.F.)
B_SPLINE_CURVE_WITH_KNOTS((3,3),(0.,0.0566480130477772),.UNSPECIFIED.)
CURVE()
GEOMETRIC_REPRESENTATION_ITEM()
RATIONAL_B_SPLINE_CURVE((1.,1.02078733688581,1.03688315713089))
REPRESENTATION_ITEM('')
);
#29=(
BOUNDED_CURVE()
B_SPLINE_CURVE(2,(#2359,#2360,#2361),.UNSPECIFIED.,.F.,.F.)
B_SPLINE_CURVE_WITH_KNOTS((3,3),(0.,0.872897473933803),.UNSPECIFIED.)
CURVE()
GEOMETRIC_REPRESENTATION_ITEM()
RATIONAL_B_SPLINE_CURVE((1.,1.,1.))
REPRESENTATION_ITEM('')
);
#30=(
BOUNDED_CURVE()
B_SPLINE_CURVE(2,(#2383,#2384,#2385),.UNSPECIFIED.,.F.,.F.)
B_SPLINE_CURVE_WITH_KNOTS((3,3),(0.4300479754556,0.8600959509112),
 .UNSPECIFIED.)
CURVE()
GEOMETRIC_REPRESENTATION_ITEM()
RATIONAL_B_SPLINE_CURVE((1.,1.18321595661986,1.))
REPRESENTATION_ITEM('')
);
#31=(
BOUNDED_CURVE()
B_SPLINE_CURVE(2,(#2396,#2397,#2398),.UNSPECIFIED.,.F.,.F.)
B_SPLINE_CURVE_WITH_KNOTS((3,3),(0.,0.430047975455601),.UNSPECIFIED.)
CURVE()
GEOMETRIC_REPRESENTATION_ITEM()
RATIONAL_B_SPLINE_CURVE((1.,1.18321595661998,1.))
REPRESENTATION_ITEM('')
);
#32=(
BOUNDED_CURVE()
B_SPLINE_CURVE(2,(#2402,#2403,#2404),.UNSPECIFIED.,.F.,.F.)
B_SPLINE_CURVE_WITH_KNOTS((3,3),(0.969468541949193,0.985900603509299),
 .UNSPECIFIED.)
CURVE()
GEOMETRIC_REPRESENTATION_ITEM()
RATIONAL_B_SPLINE_CURVE((1.04916779864783,1.02500058550773,1.))
REPRESENTATION_ITEM('')
);
#33=PLANE('',#1469);
#34=PLANE('',#1470);
#35=PLANE('',#1483);
#36=PLANE('',#1486);
#37=PLANE('',#1489);
#38=PLANE('',#1490);
#39=PLANE('',#1493);
#40=PLANE('',#1496);
#41=PLANE('',#1499);
#42=PLANE('',#1500);
#43=PLANE('',#1510);
#44=PLANE('',#1514);
#45=PLANE('',#1515);
#46=PLANE('',#1529);
#47=PLANE('',#1532);
#48=PLANE('',#1540);
#49=PLANE('',#1543);
#50=PLANE('',#1546);
#51=PLANE('',#1558);
#52=PLANE('',#1559);
#53=PLANE('',#1562);
#54=PLANE('',#1564);
#55=PLANE('',#1574);
#56=PLANE('',#1579);
#57=PLANE('',#1582);
#58=PLANE('',#1583);
#59=PLANE('',#1584);
#60=PLANE('',#1585);
#61=PLANE('',#1586);
#62=PLANE('',#1587);
#63=PLANE('',#1588);
#64=PLANE('',#1589);
#65=PLANE('',#1590);
#66=PLANE('',#1591);
#67=PLANE('',#1594);
#68=PLANE('',#1597);
#69=PLANE('',#1600);
#70=PLANE('',#1603);
#71=PLANE('',#1604);
#72=PLANE('',#1607);
#73=PLANE('',#1610);
#74=FACE_OUTER_BOUND('',#149,.T.);
#75=FACE_OUTER_BOUND('',#150,.T.);
#76=FACE_OUTER_BOUND('',#151,.T.);
#77=FACE_OUTER_BOUND('',#152,.T.);
#78=FACE_OUTER_BOUND('',#153,.T.);
#79=FACE_OUTER_BOUND('',#154,.T.);
#80=FACE_OUTER_BOUND('',#155,.T.);
#81=FACE_OUTER_BOUND('',#156,.T.);
#82=FACE_OUTER_BOUND('',#157,.T.);
#83=FACE_OUTER_BOUND('',#158,.T.);
#84=FACE_OUTER_BOUND('',#159,.T.);
#85=FACE_OUTER_BOUND('',#160,.T.);
#86=FACE_OUTER_BOUND('',#161,.T.);
#87=FACE_OUTER_BOUND('',#162,.T.);
#88=FACE_OUTER_BOUND('',#163,.T.);
#89=FACE_OUTER_BOUND('',#164,.T.);
#90=FACE_OUTER_BOUND('',#165,.T.);
#91=FACE_OUTER_BOUND('',#166,.T.);
#92=FACE_OUTER_BOUND('',#167,.T.);
#93=FACE_OUTER_BOUND('',#168,.T.);
#94=FACE_OUTER_BOUND('',#169,.T.);
#95=FACE_OUTER_BOUND('',#170,.T.);
#96=FACE_OUTER_BOUND('',#171,.T.);
#97=FACE_OUTER_BOUND('',#172,.T.);
#98=FACE_OUTER_BOUND('',#173,.T.);
#99=FACE_OUTER_BOUND('',#174,.T.);
#100=FACE_OUTER_BOUND('',#175,.T.);
#101=FACE_OUTER_BOUND('',#176,.T.);
#102=FACE_OUTER_BOUND('',#177,.T.);
#103=FACE_OUTER_BOUND('',#178,.T.);
#104=FACE_OUTER_BOUND('',#179,.T.);
#105=FACE_OUTER_BOUND('',#180,.T.);
#106=FACE_OUTER_BOUND('',#181,.T.);
#107=FACE_OUTER_BOUND('',#182,.T.);
#108=FACE_OUTER_BOUND('',#183,.T.);
#109=FACE_OUTER_BOUND('',#184,.T.);
#110=FACE_OUTER_BOUND('',#185,.T.);
#111=FACE_OUTER_BOUND('',#186,.T.);
#112=FACE_OUTER_BOUND('',#187,.T.);
#113=FACE_OUTER_BOUND('',#188,.T.);
#114=FACE_OUTER_BOUND('',#189,.T.);
#115=FACE_OUTER_BOUND('',#190,.T.);
#116=FACE_OUTER_BOUND('',#191,.T.);
#117=FACE_OUTER_BOUND('',#192,.T.);
#118=FACE_OUTER_BOUND('',#193,.T.);
#119=FACE_OUTER_BOUND('',#194,.T.);
#120=FACE_OUTER_BOUND('',#195,.T.);
#121=FACE_OUTER_BOUND('',#196,.T.);
#122=FACE_OUTER_BOUND('',#197,.T.);
#123=FACE_OUTER_BOUND('',#198,.T.);
#124=FACE_OUTER_BOUND('',#199,.T.);
#125=FACE_OUTER_BOUND('',#200,.T.);
#126=FACE_OUTER_BOUND('',#201,.T.);
#127=FACE_OUTER_BOUND('',#202,.T.);
#128=FACE_OUTER_BOUND('',#203,.T.);
#129=FACE_OUTER_BOUND('',#204,.T.);
#130=FACE_OUTER_BOUND('',#205,.T.);
#131=FACE_OUTER_BOUND('',#206,.T.);
#132=FACE_OUTER_BOUND('',#207,.T.);
#133=FACE_OUTER_BOUND('',#208,.T.);
#134=FACE_OUTER_BOUND('',#209,.T.);
#135=FACE_OUTER_BOUND('',#210,.T.);
#136=FACE_OUTER_BOUND('',#211,.T.);
#137=FACE_OUTER_BOUND('',#212,.T.);
#138=FACE_OUTER_BOUND('',#213,.T.);
#139=FACE_OUTER_BOUND('',#214,.T.);
#140=FACE_OUTER_BOUND('',#215,.T.);
#141=FACE_OUTER_BOUND('',#216,.T.);
#142=FACE_OUTER_BOUND('',#217,.T.);
#143=FACE_OUTER_BOUND('',#218,.T.);
#144=FACE_OUTER_BOUND('',#219,.T.);
#145=FACE_OUTER_BOUND('',#220,.T.);
#146=FACE_OUTER_BOUND('',#221,.T.);
#147=FACE_OUTER_BOUND('',#222,.T.);
#148=FACE_OUTER_BOUND('',#223,.T.);
#149=EDGE_LOOP('',(#911,#912,#913,#914));
#150=EDGE_LOOP('',(#915,#916,#917,#918,#919,#920));
#151=EDGE_LOOP('',(#921,#922,#923,#924,#925,#926,#927,#928,#929,#930,#931,
#932,#933,#934,#935,#936,#937,#938,#939,#940,#941,#942,#943,#944,#945,#946,
#947));
#152=EDGE_LOOP('',(#948,#949,#950,#951));
#153=EDGE_LOOP('',(#952,#953,#954,#955));
#154=EDGE_LOOP('',(#956,#957,#958,#959));
#155=EDGE_LOOP('',(#960,#961,#962,#963,#964,#965));
#156=EDGE_LOOP('',(#966,#967,#968,#969));
#157=EDGE_LOOP('',(#970,#971,#972,#973));
#158=EDGE_LOOP('',(#974,#975,#976,#977));
#159=EDGE_LOOP('',(#978,#979,#980,#981));
#160=EDGE_LOOP('',(#982,#983,#984,#985));
#161=EDGE_LOOP('',(#986,#987,#988,#989));
#162=EDGE_LOOP('',(#990,#991,#992,#993));
#163=EDGE_LOOP('',(#994,#995,#996,#997));
#164=EDGE_LOOP('',(#998,#999,#1000,#1001));
#165=EDGE_LOOP('',(#1002,#1003,#1004,#1005,#1006,#1007,#1008,#1009,#1010,
#1011,#1012,#1013));
#166=EDGE_LOOP('',(#1014,#1015,#1016,#1017));
#167=EDGE_LOOP('',(#1018,#1019,#1020,#1021));
#168=EDGE_LOOP('',(#1022,#1023,#1024,#1025));
#169=EDGE_LOOP('',(#1026,#1027,#1028,#1029));
#170=EDGE_LOOP('',(#1030,#1031,#1032,#1033));
#171=EDGE_LOOP('',(#1034,#1035,#1036,#1037,#1038,#1039,#1040,#1041,#1042,
#1043,#1044,#1045,#1046,#1047,#1048,#1049,#1050,#1051,#1052,#1053,#1054,
#1055,#1056,#1057,#1058,#1059,#1060,#1061,#1062,#1063,#1064,#1065,#1066,
#1067,#1068));
#172=EDGE_LOOP('',(#1069,#1070,#1071,#1072));
#173=EDGE_LOOP('',(#1073,#1074,#1075,#1076,#1077,#1078,#1079));
#174=EDGE_LOOP('',(#1080,#1081,#1082,#1083));
#175=EDGE_LOOP('',(#1084,#1085,#1086,#1087,#1088));
#176=EDGE_LOOP('',(#1089,#1090,#1091,#1092));
#177=EDGE_LOOP('',(#1093,#1094,#1095,#1096));
#178=EDGE_LOOP('',(#1097,#1098,#1099,#1100));
#179=EDGE_LOOP('',(#1101,#1102,#1103,#1104));
#180=EDGE_LOOP('',(#1105,#1106,#1107,#1108,#1109,#1110,#1111,#1112));
#181=EDGE_LOOP('',(#1113,#1114,#1115,#1116));
#182=EDGE_LOOP('',(#1117,#1118,#1119,#1120));
#183=EDGE_LOOP('',(#1121,#1122,#1123,#1124));
#184=EDGE_LOOP('',(#1125,#1126,#1127,#1128,#1129,#1130,#1131,#1132,#1133,
#1134,#1135,#1136,#1137));
#185=EDGE_LOOP('',(#1138,#1139,#1140,#1141,#1142));
#186=EDGE_LOOP('',(#1143,#1144,#1145,#1146));
#187=EDGE_LOOP('',(#1147,#1148,#1149,#1150));
#188=EDGE_LOOP('',(#1151,#1152,#1153,#1154,#1155,#1156,#1157,#1158,#1159,
#1160));
#189=EDGE_LOOP('',(#1161,#1162,#1163,#1164));
#190=EDGE_LOOP('',(#1165,#1166,#1167,#1168,#1169,#1170,#1171));
#191=EDGE_LOOP('',(#1172,#1173,#1174,#1175,#1176,#1177));
#192=EDGE_LOOP('',(#1178,#1179,#1180,#1181));
#193=EDGE_LOOP('',(#1182,#1183,#1184,#1185));
#194=EDGE_LOOP('',(#1186,#1187,#1188,#1189));
#195=EDGE_LOOP('',(#1190,#1191,#1192,#1193,#1194,#1195,#1196,#1197,#1198));
#196=EDGE_LOOP('',(#1199,#1200,#1201));
#197=EDGE_LOOP('',(#1202,#1203,#1204,#1205,#1206,#1207));
#198=EDGE_LOOP('',(#1208,#1209,#1210,#1211,#1212,#1213));
#199=EDGE_LOOP('',(#1214,#1215,#1216,#1217,#1218));
#200=EDGE_LOOP('',(#1219,#1220,#1221,#1222));
#201=EDGE_LOOP('',(#1223));
#202=EDGE_LOOP('',(#1224));
#203=EDGE_LOOP('',(#1225,#1226));
#204=EDGE_LOOP('',(#1227,#1228,#1229,#1230,#1231));
#205=EDGE_LOOP('',(#1232,#1233,#1234));
#206=EDGE_LOOP('',(#1235,#1236,#1237,#1238));
#207=EDGE_LOOP('',(#1239,#1240,#1241,#1242,#1243,#1244));
#208=EDGE_LOOP('',(#1245,#1246,#1247,#1248));
#209=EDGE_LOOP('',(#1249,#1250,#1251,#1252,#1253,#1254,#1255,#1256,#1257,
#1258,#1259));
#210=EDGE_LOOP('',(#1260,#1261,#1262,#1263,#1264));
#211=EDGE_LOOP('',(#1265,#1266,#1267,#1268));
#212=EDGE_LOOP('',(#1269,#1270,#1271,#1272));
#213=EDGE_LOOP('',(#1273,#1274,#1275,#1276));
#214=EDGE_LOOP('',(#1277,#1278,#1279,#1280));
#215=EDGE_LOOP('',(#1281,#1282,#1283,#1284));
#216=EDGE_LOOP('',(#1285,#1286,#1287,#1288));
#217=EDGE_LOOP('',(#1289,#1290,#1291,#1292));
#218=EDGE_LOOP('',(#1293,#1294,#1295,#1296));
#219=EDGE_LOOP('',(#1297,#1298,#1299,#1300));
#220=EDGE_LOOP('',(#1301,#1302,#1303,#1304));
#221=EDGE_LOOP('',(#1305,#1306,#1307,#1308));
#222=EDGE_LOOP('',(#1309,#1310,#1311,#1312));
#223=EDGE_LOOP('',(#1313,#1314,#1315,#1316,#1317,#1318,#1319,#1320,#1321,
#1322,#1323,#1324,#1325,#1326,#1327,#1328,#1329,#1330,#1331,#1332,#1333,
#1334,#1335,#1336));
#224=LINE('',#2045,#360);
#225=LINE('',#2048,#361);
#226=LINE('',#2051,#362);
#227=LINE('',#2053,#363);
#228=LINE('',#2055,#364);
#229=LINE('',#2057,#365);
#230=LINE('',#2058,#366);
#231=LINE('',#2061,#367);
#232=LINE('',#2065,#368);
#233=LINE('',#2069,#369);
#234=LINE('',#2073,#370);
#235=LINE('',#2077,#371);
#236=LINE('',#2081,#372);
#237=LINE('',#2085,#373);
#238=LINE('',#2089,#374);
#239=LINE('',#2095,#375);
#240=LINE('',#2101,#376);
#241=LINE('',#2103,#377);
#242=LINE('',#2107,#378);
#243=LINE('',#2111,#379);
#244=LINE('',#2117,#380);
#245=LINE('',#2118,#381);
#246=LINE('',#2121,#382);
#247=LINE('',#2122,#383);
#248=LINE('',#2127,#384);
#249=LINE('',#2128,#385);
#250=LINE('',#2131,#386);
#251=LINE('',#2133,#387);
#252=LINE('',#2135,#388);
#253=LINE('',#2136,#389);
#254=LINE('',#2140,#390);
#255=LINE('',#2142,#391);
#256=LINE('',#2144,#392);
#257=LINE('',#2149,#393);
#258=LINE('',#2150,#394);
#259=LINE('',#2153,#395);
#260=LINE('',#2154,#396);
#261=LINE('',#2158,#397);
#262=LINE('',#2160,#398);
#263=LINE('',#2165,#399);
#264=LINE('',#2166,#400);
#265=LINE('',#2169,#401);
#266=LINE('',#2170,#402);
#267=LINE('',#2173,#403);
#268=LINE('',#2178,#404);
#269=LINE('',#2182,#405);
#270=LINE('',#2186,#406);
#271=LINE('',#2189,#407);
#272=LINE('',#2195,#408);
#273=LINE('',#2198,#409);
#274=LINE('',#2201,#410);
#275=LINE('',#2203,#411);
#276=LINE('',#2204,#412);
#277=LINE('',#2210,#413);
#278=LINE('',#2213,#414);
#279=LINE('',#2216,#415);
#280=LINE('',#2218,#416);
#281=LINE('',#2219,#417);
#282=LINE('',#2224,#418);
#283=LINE('',#2228,#419);
#284=LINE('',#2230,#420);
#285=LINE('',#2233,#421);
#286=LINE('',#2237,#422);
#287=LINE('',#2241,#423);
#288=LINE('',#2245,#424);
#289=LINE('',#2249,#425);
#290=LINE('',#2253,#426);
#291=LINE('',#2256,#427);
#292=LINE('',#2260,#428);
#293=LINE('',#2265,#429);
#294=LINE('',#2268,#430);
#295=LINE('',#2270,#431);
#296=LINE('',#2272,#432);
#297=LINE('',#2274,#433);
#298=LINE('',#2275,#434);
#299=LINE('',#2278,#435);
#300=LINE('',#2282,#436);
#301=LINE('',#2287,#437);
#302=LINE('',#2289,#438);
#303=LINE('',#2293,#439);
#304=LINE('',#2297,#440);
#305=LINE('',#2301,#441);
#306=LINE('',#2303,#442);
#307=LINE('',#2306,#443);
#308=LINE('',#2307,#444);
#309=LINE('',#2309,#445);
#310=LINE('',#2311,#446);
#311=LINE('',#2312,#447);
#312=LINE('',#2315,#448);
#313=LINE('',#2318,#449);
#314=LINE('',#2320,#450);
#315=LINE('',#2325,#451);
#316=LINE('',#2326,#452);
#317=LINE('',#2329,#453);
#318=LINE('',#2335,#454);
#319=LINE('',#2337,#455);
#320=LINE('',#2339,#456);
#321=LINE('',#2341,#457);
#322=LINE('',#2348,#458);
#323=LINE('',#2356,#459);
#324=LINE('',#2357,#460);
#325=LINE('',#2362,#461);
#326=LINE('',#2367,#462);
#327=LINE('',#2368,#463);
#328=LINE('',#2371,#464);
#329=LINE('',#2375,#465);
#330=LINE('',#2376,#466);
#331=LINE('',#2379,#467);
#332=LINE('',#2381,#468);
#333=LINE('',#2386,#469);
#334=LINE('',#2390,#470);
#335=LINE('',#2409,#471);
#336=LINE('',#2413,#472);
#337=LINE('',#2416,#473);
#338=LINE('',#2417,#474);
#339=LINE('',#2425,#475);
#340=LINE('',#2428,#476);
#341=LINE('',#2429,#477);
#342=LINE('',#2433,#478);
#343=LINE('',#2437,#479);
#344=LINE('',#2440,#480);
#345=LINE('',#2443,#481);
#346=LINE('',#2444,#482);
#347=LINE('',#2449,#483);
#348=LINE('',#2450,#484);
#349=LINE('',#2453,#485);
#350=LINE('',#2454,#486);
#351=LINE('',#2458,#487);
#352=LINE('',#2461,#488);
#353=LINE('',#2462,#489);
#354=LINE('',#2466,#490);
#355=LINE('',#2469,#491);
#356=LINE('',#2470,#492);
#357=LINE('',#2474,#493);
#358=LINE('',#2477,#494);
#359=LINE('',#2478,#495);
#360=VECTOR('',#1617,10.);
#361=VECTOR('',#1620,10.);
#362=VECTOR('',#1623,10.);
#363=VECTOR('',#1624,10.);
#364=VECTOR('',#1625,10.);
#365=VECTOR('',#1626,10.);
#366=VECTOR('',#1627,10.);
#367=VECTOR('',#1630,10.);
#368=VECTOR('',#1633,10.);
#369=VECTOR('',#1636,10.);
#370=VECTOR('',#1639,10.);
#371=VECTOR('',#1642,10.);
#372=VECTOR('',#1645,10.);
#373=VECTOR('',#1648,10.);
#374=VECTOR('',#1651,10.);
#375=VECTOR('',#1652,10.);
#376=VECTOR('',#1653,10.);
#377=VECTOR('',#1654,10.);
#378=VECTOR('',#1657,10.);
#379=VECTOR('',#1660,10.);
#380=VECTOR('',#1667,10.);
#381=VECTOR('',#1668,10.);
#382=VECTOR('',#1671,10.);
#383=VECTOR('',#1672,10.);
#384=VECTOR('',#1677,10.);
#385=VECTOR('',#1678,10.);
#386=VECTOR('',#1681,10.);
#387=VECTOR('',#1682,10.);
#388=VECTOR('',#1683,10.);
#389=VECTOR('',#1684,10.);
#390=VECTOR('',#1689,10.);
#391=VECTOR('',#1692,10.);
#392=VECTOR('',#1695,10.);
#393=VECTOR('',#1700,10.);
#394=VECTOR('',#1701,10.);
#395=VECTOR('',#1704,10.);
#396=VECTOR('',#1705,10.);
#397=VECTOR('',#1710,10.);
#398=VECTOR('',#1713,10.);
#399=VECTOR('',#1718,10.);
#400=VECTOR('',#1719,10.);
#401=VECTOR('',#1722,10.);
#402=VECTOR('',#1723,10.);
#403=VECTOR('',#1726,10.);
#404=VECTOR('',#1731,10.);
#405=VECTOR('',#1734,10.);
#406=VECTOR('',#1737,10.);
#407=VECTOR('',#1742,10.);
#408=VECTOR('',#1747,10.);
#409=VECTOR('',#1750,10.);
#410=VECTOR('',#1753,10.);
#411=VECTOR('',#1754,10.);
#412=VECTOR('',#1755,10.);
#413=VECTOR('',#1760,10.);
#414=VECTOR('',#1763,10.);
#415=VECTOR('',#1766,10.);
#416=VECTOR('',#1767,10.);
#417=VECTOR('',#1768,10.);
#418=VECTOR('',#1773,10.);
#419=VECTOR('',#1776,10.);
#420=VECTOR('',#1777,10.);
#421=VECTOR('',#1780,10.);
#422=VECTOR('',#1783,10.);
#423=VECTOR('',#1786,10.);
#424=VECTOR('',#1789,10.);
#425=VECTOR('',#1792,10.);
#426=VECTOR('',#1795,10.);
#427=VECTOR('',#1798,10.);
#428=VECTOR('',#1801,10.);
#429=VECTOR('',#1808,10.);
#430=VECTOR('',#1811,10.);
#431=VECTOR('',#1812,10.);
#432=VECTOR('',#1813,10.);
#433=VECTOR('',#1814,10.);
#434=VECTOR('',#1815,10.);
#435=VECTOR('',#1818,10.);
#436=VECTOR('',#1823,10.);
#437=VECTOR('',#1824,10.);
#438=VECTOR('',#1827,10.);
#439=VECTOR('',#1830,10.);
#440=VECTOR('',#1833,10.);
#441=VECTOR('',#1838,10.);
#442=VECTOR('',#1839,10.);
#443=VECTOR('',#1844,10.);
#444=VECTOR('',#1845,10.);
#445=VECTOR('',#1848,10.);
#446=VECTOR('',#1849,10.);
#447=VECTOR('',#1850,10.);
#448=VECTOR('',#1853,10.);
#449=VECTOR('',#1856,10.);
#450=VECTOR('',#1859,10.);
#451=VECTOR('',#1864,10.);
#452=VECTOR('',#1865,10.);
#453=VECTOR('',#1868,10.);
#454=VECTOR('',#1873,10.);
#455=VECTOR('',#1874,10.);
#456=VECTOR('',#1875,10.);
#457=VECTOR('',#1876,10.);
#458=VECTOR('',#1885,10.);
#459=VECTOR('',#1898,10.);
#460=VECTOR('',#1899,10.);
#461=VECTOR('',#1902,10.);
#462=VECTOR('',#1907,10.);
#463=VECTOR('',#1908,10.);
#464=VECTOR('',#1911,10.);
#465=VECTOR('',#1914,10.);
#466=VECTOR('',#1915,10.);
#467=VECTOR('',#1918,10.);
#468=VECTOR('',#1919,10.);
#469=VECTOR('',#1920,10.);
#470=VECTOR('',#1925,10.);
#471=VECTOR('',#1944,3.5);
#472=VECTOR('',#1949,3.5);
#473=VECTOR('',#1954,10.);
#474=VECTOR('',#1955,10.);
#475=VECTOR('',#1970,10.);
#476=VECTOR('',#1973,10.);
#477=VECTOR('',#1974,10.);
#478=VECTOR('',#1981,10.);
#479=VECTOR('',#1986,10.);
#480=VECTOR('',#1989,10.);
#481=VECTOR('',#1992,10.);
#482=VECTOR('',#1993,10.);
#483=VECTOR('',#1998,10.);
#484=VECTOR('',#1999,10.);
#485=VECTOR('',#2002,10.);
#486=VECTOR('',#2003,10.);
#487=VECTOR('',#2008,10.);
#488=VECTOR('',#2011,10.);
#489=VECTOR('',#2012,10.);
#490=VECTOR('',#2019,10.);
#491=VECTOR('',#2022,10.);
#492=VECTOR('',#2023,10.);
#493=VECTOR('',#2028,10.);
#494=VECTOR('',#2031,10.);
#495=VECTOR('',#2032,10.);
#496=CIRCLE('',#1467,1.);
#497=CIRCLE('',#1468,1.);
#498=CIRCLE('',#1471,1.);
#499=CIRCLE('',#1472,1.);
#500=CIRCLE('',#1473,1.);
#501=CIRCLE('',#1474,0.5);
#502=CIRCLE('',#1475,0.5);
#503=CIRCLE('',#1476,0.5);
#504=CIRCLE('',#1477,1.);
#505=CIRCLE('',#1478,0.5);
#506=CIRCLE('',#1479,0.5);
#507=CIRCLE('',#1480,0.5);
#508=CIRCLE('',#1482,1.);
#509=CIRCLE('',#1485,1.);
#510=CIRCLE('',#1488,1.);
#511=CIRCLE('',#1492,0.5);
#512=CIRCLE('',#1495,0.5);
#513=CIRCLE('',#1498,0.5);
#514=CIRCLE('',#1501,0.5);
#515=CIRCLE('',#1502,1.);
#516=CIRCLE('',#1503,0.5);
#517=CIRCLE('',#1504,0.5);
#518=CIRCLE('',#1505,0.5);
#519=CIRCLE('',#1508,0.5);
#520=CIRCLE('',#1509,0.5);
#521=CIRCLE('',#1512,0.5);
#522=CIRCLE('',#1513,0.5);
#523=CIRCLE('',#1516,1.);
#524=CIRCLE('',#1517,1.);
#525=CIRCLE('',#1518,0.5);
#526=CIRCLE('',#1519,2.2);
#527=CIRCLE('',#1520,1.5);
#528=CIRCLE('',#1521,1.5);
#529=CIRCLE('',#1522,1.5);
#530=CIRCLE('',#1523,0.632411607379362);
#531=CIRCLE('',#1524,0.500000002620637);
#532=CIRCLE('',#1525,1.);
#533=CIRCLE('',#1526,1.);
#534=CIRCLE('',#1528,0.5);
#535=CIRCLE('',#1531,0.5);
#536=CIRCLE('',#1535,0.5);
#537=CIRCLE('',#1547,4.5);
#538=CIRCLE('',#1548,4.5);
#539=CIRCLE('',#1549,4.5);
#540=CIRCLE('',#1550,4.5);
#541=CIRCLE('',#1551,4.5);
#542=CIRCLE('',#1557,1.);
#543=CIRCLE('',#1563,2.5);
#544=CIRCLE('',#1566,1.);
#545=CIRCLE('',#1568,1.);
#546=CIRCLE('',#1571,2.5);
#547=CIRCLE('',#1572,4.5);
#548=CIRCLE('',#1573,4.5);
#549=CIRCLE('',#1576,2.5);
#550=CIRCLE('',#1578,2.5);
#551=CIRCLE('',#1581,2.5);
#552=CIRCLE('',#1593,1.5);
#553=CIRCLE('',#1596,1.5);
#554=CIRCLE('',#1599,1.5);
#555=CIRCLE('',#1602,2.2);
#556=CIRCLE('',#1606,0.632411607379362);
#557=CIRCLE('',#1609,0.500000002620637);
#558=VERTEX_POINT('',#2041);
#559=VERTEX_POINT('',#2042);
#560=VERTEX_POINT('',#2044);
#561=VERTEX_POINT('',#2046);
#562=VERTEX_POINT('',#2050);
#563=VERTEX_POINT('',#2052);
#564=VERTEX_POINT('',#2054);
#565=VERTEX_POINT('',#2056);
#566=VERTEX_POINT('',#2060);
#567=VERTEX_POINT('',#2062);
#568=VERTEX_POINT('',#2064);
#569=VERTEX_POINT('',#2066);
#570=VERTEX_POINT('',#2068);
#571=VERTEX_POINT('',#2070);
#572=VERTEX_POINT('',#2072);
#573=VERTEX_POINT('',#2074);
#574=VERTEX_POINT('',#2076);
#575=VERTEX_POINT('',#2078);
#576=VERTEX_POINT('',#2080);
#577=VERTEX_POINT('',#2082);
#578=VERTEX_POINT('',#2084);
#579=VERTEX_POINT('',#2086);
#580=VERTEX_POINT('',#2088);
#581=VERTEX_POINT('',#2090);
#582=VERTEX_POINT('',#2094);
#583=VERTEX_POINT('',#2096);
#584=VERTEX_POINT('',#2100);
#585=VERTEX_POINT('',#2102);
#586=VERTEX_POINT('',#2104);
#587=VERTEX_POINT('',#2106);
#588=VERTEX_POINT('',#2108);
#589=VERTEX_POINT('',#2110);
#590=VERTEX_POINT('',#2114);
#591=VERTEX_POINT('',#2115);
#592=VERTEX_POINT('',#2120);
#593=VERTEX_POINT('',#2124);
#594=VERTEX_POINT('',#2125);
#595=VERTEX_POINT('',#2130);
#596=VERTEX_POINT('',#2132);
#597=VERTEX_POINT('',#2134);
#598=VERTEX_POINT('',#2138);
#599=VERTEX_POINT('',#2146);
#600=VERTEX_POINT('',#2147);
#601=VERTEX_POINT('',#2152);
#602=VERTEX_POINT('',#2156);
#603=VERTEX_POINT('',#2162);
#604=VERTEX_POINT('',#2163);
#605=VERTEX_POINT('',#2168);
#606=VERTEX_POINT('',#2172);
#607=VERTEX_POINT('',#2175);
#608=VERTEX_POINT('',#2177);
#609=VERTEX_POINT('',#2179);
#610=VERTEX_POINT('',#2181);
#611=VERTEX_POINT('',#2183);
#612=VERTEX_POINT('',#2185);
#613=VERTEX_POINT('',#2191);
#614=VERTEX_POINT('',#2192);
#615=VERTEX_POINT('',#2194);
#616=VERTEX_POINT('',#2196);
#617=VERTEX_POINT('',#2200);
#618=VERTEX_POINT('',#2202);
#619=VERTEX_POINT('',#2206);
#620=VERTEX_POINT('',#2207);
#621=VERTEX_POINT('',#2209);
#622=VERTEX_POINT('',#2211);
#623=VERTEX_POINT('',#2215);
#624=VERTEX_POINT('',#2217);
#625=VERTEX_POINT('',#2221);
#626=VERTEX_POINT('',#2223);
#627=VERTEX_POINT('',#2225);
#628=VERTEX_POINT('',#2227);
#629=VERTEX_POINT('',#2229);
#630=VERTEX_POINT('',#2232);
#631=VERTEX_POINT('',#2234);
#632=VERTEX_POINT('',#2236);
#633=VERTEX_POINT('',#2238);
#634=VERTEX_POINT('',#2240);
#635=VERTEX_POINT('',#2242);
#636=VERTEX_POINT('',#2244);
#637=VERTEX_POINT('',#2246);
#638=VERTEX_POINT('',#2248);
#639=VERTEX_POINT('',#2250);
#640=VERTEX_POINT('',#2252);
#641=VERTEX_POINT('',#2254);
#642=VERTEX_POINT('',#2257);
#643=VERTEX_POINT('',#2259);
#644=VERTEX_POINT('',#2263);
#645=VERTEX_POINT('',#2267);
#646=VERTEX_POINT('',#2269);
#647=VERTEX_POINT('',#2271);
#648=VERTEX_POINT('',#2273);
#649=VERTEX_POINT('',#2277);
#650=VERTEX_POINT('',#2281);
#651=VERTEX_POINT('',#2283);
#652=VERTEX_POINT('',#2291);
#653=VERTEX_POINT('',#2292);
#654=VERTEX_POINT('',#2294);
#655=VERTEX_POINT('',#2296);
#656=VERTEX_POINT('',#2300);
#657=VERTEX_POINT('',#2302);
#658=VERTEX_POINT('',#2310);
#659=VERTEX_POINT('',#2314);
#660=VERTEX_POINT('',#2316);
#661=VERTEX_POINT('',#2322);
#662=VERTEX_POINT('',#2323);
#663=VERTEX_POINT('',#2328);
#664=VERTEX_POINT('',#2330);
#665=VERTEX_POINT('',#2332);
#666=VERTEX_POINT('',#2334);
#667=VERTEX_POINT('',#2336);
#668=VERTEX_POINT('',#2338);
#669=VERTEX_POINT('',#2340);
#670=VERTEX_POINT('',#2343);
#671=VERTEX_POINT('',#2347);
#672=VERTEX_POINT('',#2349);
#673=VERTEX_POINT('',#2364);
#674=VERTEX_POINT('',#2365);
#675=VERTEX_POINT('',#2370);
#676=VERTEX_POINT('',#2372);
#677=VERTEX_POINT('',#2374);
#678=VERTEX_POINT('',#2378);
#679=VERTEX_POINT('',#2380);
#680=VERTEX_POINT('',#2382);
#681=VERTEX_POINT('',#2388);
#682=VERTEX_POINT('',#2395);
#683=VERTEX_POINT('',#2400);
#684=VERTEX_POINT('',#2408);
#685=VERTEX_POINT('',#2412);
#686=VERTEX_POINT('',#2427);
#687=VERTEX_POINT('',#2436);
#688=VERTEX_POINT('',#2438);
#689=VERTEX_POINT('',#2442);
#690=VERTEX_POINT('',#2446);
#691=VERTEX_POINT('',#2447);
#692=VERTEX_POINT('',#2452);
#693=VERTEX_POINT('',#2456);
#694=VERTEX_POINT('',#2460);
#695=VERTEX_POINT('',#2468);
#696=VERTEX_POINT('',#2472);
#697=VERTEX_POINT('',#2476);
#698=EDGE_CURVE('',#558,#559,#496,.T.);
#699=EDGE_CURVE('',#559,#560,#224,.T.);
#700=EDGE_CURVE('',#560,#561,#497,.T.);
#701=EDGE_CURVE('',#561,#558,#225,.T.);
#702=EDGE_CURVE('',#562,#559,#226,.T.);
#703=EDGE_CURVE('',#563,#562,#227,.T.);
#704=EDGE_CURVE('',#564,#563,#228,.T.);
#705=EDGE_CURVE('',#565,#564,#229,.T.);
#706=EDGE_CURVE('',#560,#565,#230,.T.);
#707=EDGE_CURVE('',#558,#566,#231,.T.);
#708=EDGE_CURVE('',#567,#566,#498,.T.);
#709=EDGE_CURVE('',#567,#568,#232,.T.);
#710=EDGE_CURVE('',#569,#568,#499,.T.);
#711=EDGE_CURVE('',#569,#570,#233,.T.);
#712=EDGE_CURVE('',#571,#570,#500,.T.);
#713=EDGE_CURVE('',#571,#572,#234,.T.);
#714=EDGE_CURVE('',#573,#572,#501,.F.);
#715=EDGE_CURVE('',#573,#574,#235,.T.);
#716=EDGE_CURVE('',#575,#574,#502,.F.);
#717=EDGE_CURVE('',#575,#576,#236,.T.);
#718=EDGE_CURVE('',#576,#577,#503,.T.);
#719=EDGE_CURVE('',#577,#578,#237,.T.);
#720=EDGE_CURVE('',#578,#579,#504,.T.);
#721=EDGE_CURVE('',#579,#580,#238,.T.);
#722=EDGE_CURVE('',#580,#581,#26,.T.);
#723=EDGE_CURVE('',#581,#582,#239,.T.);
#724=EDGE_CURVE('',#582,#583,#27,.T.);
#725=EDGE_CURVE('',#583,#584,#240,.T.);
#726=EDGE_CURVE('',#584,#585,#241,.T.);
#727=EDGE_CURVE('',#585,#586,#505,.T.);
#728=EDGE_CURVE('',#586,#587,#242,.T.);
#729=EDGE_CURVE('',#588,#587,#506,.F.);
#730=EDGE_CURVE('',#588,#589,#243,.T.);
#731=EDGE_CURVE('',#562,#589,#507,.F.);
#732=EDGE_CURVE('',#590,#591,#508,.T.);
#733=EDGE_CURVE('',#591,#567,#244,.T.);
#734=EDGE_CURVE('',#566,#590,#245,.T.);
#735=EDGE_CURVE('',#592,#591,#246,.T.);
#736=EDGE_CURVE('',#568,#592,#247,.T.);
#737=EDGE_CURVE('',#593,#594,#509,.T.);
#738=EDGE_CURVE('',#594,#571,#248,.T.);
#739=EDGE_CURVE('',#570,#593,#249,.T.);
#740=EDGE_CURVE('',#595,#594,#250,.T.);
#741=EDGE_CURVE('',#596,#595,#251,.T.);
#742=EDGE_CURVE('',#597,#596,#252,.T.);
#743=EDGE_CURVE('',#572,#597,#253,.T.);
#744=EDGE_CURVE('',#592,#598,#510,.T.);
#745=EDGE_CURVE('',#598,#569,#254,.T.);
#746=EDGE_CURVE('',#593,#598,#255,.T.);
#747=EDGE_CURVE('',#590,#561,#256,.T.);
#748=EDGE_CURVE('',#599,#600,#511,.T.);
#749=EDGE_CURVE('',#600,#588,#257,.T.);
#750=EDGE_CURVE('',#587,#599,#258,.T.);
#751=EDGE_CURVE('',#601,#586,#259,.T.);
#752=EDGE_CURVE('',#599,#601,#260,.T.);
#753=EDGE_CURVE('',#602,#563,#512,.T.);
#754=EDGE_CURVE('',#589,#602,#261,.T.);
#755=EDGE_CURVE('',#602,#600,#262,.T.);
#756=EDGE_CURVE('',#603,#604,#513,.T.);
#757=EDGE_CURVE('',#604,#575,#263,.T.);
#758=EDGE_CURVE('',#574,#603,#264,.T.);
#759=EDGE_CURVE('',#605,#604,#265,.T.);
#760=EDGE_CURVE('',#576,#605,#266,.T.);
#761=EDGE_CURVE('',#603,#606,#267,.T.);
#762=EDGE_CURVE('',#597,#606,#514,.T.);
#763=EDGE_CURVE('',#607,#596,#515,.T.);
#764=EDGE_CURVE('',#607,#608,#268,.T.);
#765=EDGE_CURVE('',#609,#608,#516,.F.);
#766=EDGE_CURVE('',#609,#610,#269,.T.);
#767=EDGE_CURVE('',#611,#610,#517,.F.);
#768=EDGE_CURVE('',#611,#612,#270,.T.);
#769=EDGE_CURVE('',#605,#612,#518,.T.);
#770=EDGE_CURVE('',#606,#573,#271,.T.);
#771=EDGE_CURVE('',#613,#614,#519,.T.);
#772=EDGE_CURVE('',#614,#615,#272,.T.);
#773=EDGE_CURVE('',#615,#616,#520,.T.);
#774=EDGE_CURVE('',#616,#613,#273,.T.);
#775=EDGE_CURVE('',#617,#614,#274,.T.);
#776=EDGE_CURVE('',#618,#617,#275,.T.);
#777=EDGE_CURVE('',#615,#618,#276,.T.);
#778=EDGE_CURVE('',#619,#620,#521,.T.);
#779=EDGE_CURVE('',#620,#621,#277,.T.);
#780=EDGE_CURVE('',#621,#622,#522,.T.);
#781=EDGE_CURVE('',#622,#619,#278,.T.);
#782=EDGE_CURVE('',#622,#623,#279,.T.);
#783=EDGE_CURVE('',#624,#623,#280,.T.);
#784=EDGE_CURVE('',#619,#624,#281,.T.);
#785=EDGE_CURVE('',#625,#565,#523,.T.);
#786=EDGE_CURVE('',#625,#626,#282,.T.);
#787=EDGE_CURVE('',#627,#626,#524,.T.);
#788=EDGE_CURVE('',#627,#628,#283,.T.);
#789=EDGE_CURVE('',#629,#628,#284,.T.);
#790=EDGE_CURVE('',#623,#629,#525,.T.);
#791=EDGE_CURVE('',#630,#621,#285,.T.);
#792=EDGE_CURVE('',#631,#630,#526,.T.);
#793=EDGE_CURVE('',#632,#631,#286,.T.);
#794=EDGE_CURVE('',#633,#632,#527,.T.);
#795=EDGE_CURVE('',#634,#633,#287,.T.);
#796=EDGE_CURVE('',#635,#634,#528,.T.);
#797=EDGE_CURVE('',#636,#635,#288,.T.);
#798=EDGE_CURVE('',#637,#636,#529,.T.);
#799=EDGE_CURVE('',#638,#637,#289,.T.);
#800=EDGE_CURVE('',#639,#638,#530,.T.);
#801=EDGE_CURVE('',#640,#639,#290,.T.);
#802=EDGE_CURVE('',#641,#640,#531,.T.);
#803=EDGE_CURVE('',#616,#641,#291,.T.);
#804=EDGE_CURVE('',#642,#618,#532,.T.);
#805=EDGE_CURVE('',#642,#643,#292,.T.);
#806=EDGE_CURVE('',#595,#643,#533,.T.);
#807=EDGE_CURVE('',#644,#624,#534,.T.);
#808=EDGE_CURVE('',#629,#644,#293,.T.);
#809=EDGE_CURVE('',#628,#645,#294,.T.);
#810=EDGE_CURVE('',#645,#646,#295,.T.);
#811=EDGE_CURVE('',#647,#646,#296,.T.);
#812=EDGE_CURVE('',#648,#647,#297,.T.);
#813=EDGE_CURVE('',#644,#648,#298,.T.);
#814=EDGE_CURVE('',#585,#649,#299,.T.);
#815=EDGE_CURVE('',#649,#601,#535,.T.);
#816=EDGE_CURVE('',#584,#650,#300,.T.);
#817=EDGE_CURVE('',#650,#651,#28,.T.);
#818=EDGE_CURVE('',#649,#651,#301,.T.);
#819=EDGE_CURVE('',#612,#577,#302,.T.);
#820=EDGE_CURVE('',#652,#653,#303,.T.);
#821=EDGE_CURVE('',#653,#654,#536,.T.);
#822=EDGE_CURVE('',#654,#655,#304,.T.);
#823=EDGE_CURVE('',#655,#652,#18,.T.);
#824=EDGE_CURVE('',#656,#609,#305,.T.);
#825=EDGE_CURVE('',#608,#657,#306,.T.);
#826=EDGE_CURVE('',#657,#656,#19,.T.);
#827=EDGE_CURVE('',#655,#656,#307,.T.);
#828=EDGE_CURVE('',#657,#652,#308,.T.);
#829=EDGE_CURVE('',#643,#607,#309,.T.);
#830=EDGE_CURVE('',#658,#642,#310,.T.);
#831=EDGE_CURVE('',#653,#658,#311,.T.);
#832=EDGE_CURVE('',#610,#659,#312,.T.);
#833=EDGE_CURVE('',#659,#660,#20,.F.);
#834=EDGE_CURVE('',#660,#611,#313,.T.);
#835=EDGE_CURVE('',#659,#656,#314,.F.);
#836=EDGE_CURVE('',#661,#662,#21,.T.);
#837=EDGE_CURVE('',#661,#579,#315,.T.);
#838=EDGE_CURVE('',#578,#662,#316,.T.);
#839=EDGE_CURVE('',#663,#661,#317,.T.);
#840=EDGE_CURVE('',#664,#663,#537,.T.);
#841=EDGE_CURVE('',#665,#664,#538,.T.);
#842=EDGE_CURVE('',#666,#665,#318,.T.);
#843=EDGE_CURVE('',#667,#666,#319,.T.);
#844=EDGE_CURVE('',#668,#667,#320,.T.);
#845=EDGE_CURVE('',#669,#668,#321,.T.);
#846=EDGE_CURVE('',#582,#669,#539,.T.);
#847=EDGE_CURVE('',#670,#581,#540,.T.);
#848=EDGE_CURVE('',#580,#670,#541,.T.);
#849=EDGE_CURVE('',#666,#671,#322,.T.);
#850=EDGE_CURVE('',#671,#672,#22,.T.);
#851=EDGE_CURVE('',#672,#648,#23,.T.);
#852=EDGE_CURVE('',#647,#666,#24,.T.);
#853=EDGE_CURVE('',#646,#667,#542,.F.);
#854=EDGE_CURVE('',#672,#654,#323,.T.);
#855=EDGE_CURVE('',#655,#671,#324,.T.);
#856=EDGE_CURVE('',#665,#663,#29,.T.);
#857=EDGE_CURVE('',#660,#662,#325,.T.);
#858=EDGE_CURVE('',#673,#674,#25,.T.);
#859=EDGE_CURVE('',#674,#627,#326,.T.);
#860=EDGE_CURVE('',#626,#673,#327,.T.);
#861=EDGE_CURVE('',#674,#675,#328,.T.);
#862=EDGE_CURVE('',#675,#676,#543,.T.);
#863=EDGE_CURVE('',#676,#677,#329,.T.);
#864=EDGE_CURVE('',#645,#677,#330,.T.);
#865=EDGE_CURVE('',#673,#678,#331,.T.);
#866=EDGE_CURVE('',#678,#679,#332,.T.);
#867=EDGE_CURVE('',#680,#679,#30,.T.);
#868=EDGE_CURVE('',#675,#680,#333,.T.);
#869=EDGE_CURVE('',#564,#681,#544,.T.);
#870=EDGE_CURVE('',#681,#625,#334,.T.);
#871=EDGE_CURVE('',#617,#658,#545,.T.);
#872=EDGE_CURVE('',#669,#682,#31,.T.);
#873=EDGE_CURVE('',#680,#682,#546,.T.);
#874=EDGE_CURVE('',#679,#683,#547,.T.);
#875=EDGE_CURVE('',#651,#683,#32,.T.);
#876=EDGE_CURVE('',#650,#583,#548,.T.);
#877=EDGE_CURVE('',#664,#684,#335,.T.);
#878=EDGE_CURVE('',#684,#684,#549,.T.);
#879=EDGE_CURVE('',#670,#685,#336,.T.);
#880=EDGE_CURVE('',#685,#685,#550,.T.);
#881=EDGE_CURVE('',#677,#668,#337,.T.);
#882=EDGE_CURVE('',#676,#682,#338,.T.);
#883=EDGE_CURVE('',#682,#680,#551,.T.);
#884=EDGE_CURVE('',#683,#678,#339,.T.);
#885=EDGE_CURVE('',#641,#686,#340,.T.);
#886=EDGE_CURVE('',#613,#686,#341,.T.);
#887=EDGE_CURVE('',#678,#681,#342,.T.);
#888=EDGE_CURVE('',#632,#687,#343,.T.);
#889=EDGE_CURVE('',#687,#688,#552,.T.);
#890=EDGE_CURVE('',#688,#633,#344,.T.);
#891=EDGE_CURVE('',#631,#689,#345,.T.);
#892=EDGE_CURVE('',#687,#689,#346,.T.);
#893=EDGE_CURVE('',#690,#691,#553,.T.);
#894=EDGE_CURVE('',#691,#637,#347,.T.);
#895=EDGE_CURVE('',#636,#690,#348,.T.);
#896=EDGE_CURVE('',#692,#635,#349,.T.);
#897=EDGE_CURVE('',#690,#692,#350,.T.);
#898=EDGE_CURVE('',#693,#692,#554,.T.);
#899=EDGE_CURVE('',#634,#693,#351,.T.);
#900=EDGE_CURVE('',#694,#620,#352,.T.);
#901=EDGE_CURVE('',#630,#694,#353,.T.);
#902=EDGE_CURVE('',#689,#694,#555,.T.);
#903=EDGE_CURVE('',#693,#688,#354,.T.);
#904=EDGE_CURVE('',#695,#691,#355,.T.);
#905=EDGE_CURVE('',#638,#695,#356,.T.);
#906=EDGE_CURVE('',#696,#695,#556,.T.);
#907=EDGE_CURVE('',#639,#696,#357,.T.);
#908=EDGE_CURVE('',#697,#696,#358,.T.);
#909=EDGE_CURVE('',#640,#697,#359,.T.);
#910=EDGE_CURVE('',#686,#697,#557,.T.);
#911=ORIENTED_EDGE('',*,*,#698,.T.);
#912=ORIENTED_EDGE('',*,*,#699,.T.);
#913=ORIENTED_EDGE('',*,*,#700,.T.);
#914=ORIENTED_EDGE('',*,*,#701,.T.);
#915=ORIENTED_EDGE('',*,*,#699,.F.);
#916=ORIENTED_EDGE('',*,*,#702,.F.);
#917=ORIENTED_EDGE('',*,*,#703,.F.);
#918=ORIENTED_EDGE('',*,*,#704,.F.);
#919=ORIENTED_EDGE('',*,*,#705,.F.);
#920=ORIENTED_EDGE('',*,*,#706,.F.);
#921=ORIENTED_EDGE('',*,*,#698,.F.);
#922=ORIENTED_EDGE('',*,*,#707,.T.);
#923=ORIENTED_EDGE('',*,*,#708,.F.);
#924=ORIENTED_EDGE('',*,*,#709,.T.);
#925=ORIENTED_EDGE('',*,*,#710,.F.);
#926=ORIENTED_EDGE('',*,*,#711,.T.);
#927=ORIENTED_EDGE('',*,*,#712,.F.);
#928=ORIENTED_EDGE('',*,*,#713,.T.);
#929=ORIENTED_EDGE('',*,*,#714,.F.);
#930=ORIENTED_EDGE('',*,*,#715,.T.);
#931=ORIENTED_EDGE('',*,*,#716,.F.);
#932=ORIENTED_EDGE('',*,*,#717,.T.);
#933=ORIENTED_EDGE('',*,*,#718,.T.);
#934=ORIENTED_EDGE('',*,*,#719,.T.);
#935=ORIENTED_EDGE('',*,*,#720,.T.);
#936=ORIENTED_EDGE('',*,*,#721,.T.);
#937=ORIENTED_EDGE('',*,*,#722,.T.);
#938=ORIENTED_EDGE('',*,*,#723,.T.);
#939=ORIENTED_EDGE('',*,*,#724,.T.);
#940=ORIENTED_EDGE('',*,*,#725,.T.);
#941=ORIENTED_EDGE('',*,*,#726,.T.);
#942=ORIENTED_EDGE('',*,*,#727,.T.);
#943=ORIENTED_EDGE('',*,*,#728,.T.);
#944=ORIENTED_EDGE('',*,*,#729,.F.);
#945=ORIENTED_EDGE('',*,*,#730,.T.);
#946=ORIENTED_EDGE('',*,*,#731,.F.);
#947=ORIENTED_EDGE('',*,*,#702,.T.);
#948=ORIENTED_EDGE('',*,*,#732,.T.);
#949=ORIENTED_EDGE('',*,*,#733,.T.);
#950=ORIENTED_EDGE('',*,*,#708,.T.);
#951=ORIENTED_EDGE('',*,*,#734,.T.);
#952=ORIENTED_EDGE('',*,*,#733,.F.);
#953=ORIENTED_EDGE('',*,*,#735,.F.);
#954=ORIENTED_EDGE('',*,*,#736,.F.);
#955=ORIENTED_EDGE('',*,*,#709,.F.);
#956=ORIENTED_EDGE('',*,*,#737,.T.);
#957=ORIENTED_EDGE('',*,*,#738,.T.);
#958=ORIENTED_EDGE('',*,*,#712,.T.);
#959=ORIENTED_EDGE('',*,*,#739,.T.);
#960=ORIENTED_EDGE('',*,*,#738,.F.);
#961=ORIENTED_EDGE('',*,*,#740,.F.);
#962=ORIENTED_EDGE('',*,*,#741,.F.);
#963=ORIENTED_EDGE('',*,*,#742,.F.);
#964=ORIENTED_EDGE('',*,*,#743,.F.);
#965=ORIENTED_EDGE('',*,*,#713,.F.);
#966=ORIENTED_EDGE('',*,*,#744,.T.);
#967=ORIENTED_EDGE('',*,*,#745,.T.);
#968=ORIENTED_EDGE('',*,*,#710,.T.);
#969=ORIENTED_EDGE('',*,*,#736,.T.);
#970=ORIENTED_EDGE('',*,*,#739,.F.);
#971=ORIENTED_EDGE('',*,*,#711,.F.);
#972=ORIENTED_EDGE('',*,*,#745,.F.);
#973=ORIENTED_EDGE('',*,*,#746,.F.);
#974=ORIENTED_EDGE('',*,*,#701,.F.);
#975=ORIENTED_EDGE('',*,*,#747,.F.);
#976=ORIENTED_EDGE('',*,*,#734,.F.);
#977=ORIENTED_EDGE('',*,*,#707,.F.);
#978=ORIENTED_EDGE('',*,*,#748,.T.);
#979=ORIENTED_EDGE('',*,*,#749,.T.);
#980=ORIENTED_EDGE('',*,*,#729,.T.);
#981=ORIENTED_EDGE('',*,*,#750,.T.);
#982=ORIENTED_EDGE('',*,*,#750,.F.);
#983=ORIENTED_EDGE('',*,*,#728,.F.);
#984=ORIENTED_EDGE('',*,*,#751,.F.);
#985=ORIENTED_EDGE('',*,*,#752,.F.);
#986=ORIENTED_EDGE('',*,*,#753,.T.);
#987=ORIENTED_EDGE('',*,*,#703,.T.);
#988=ORIENTED_EDGE('',*,*,#731,.T.);
#989=ORIENTED_EDGE('',*,*,#754,.T.);
#990=ORIENTED_EDGE('',*,*,#749,.F.);
#991=ORIENTED_EDGE('',*,*,#755,.F.);
#992=ORIENTED_EDGE('',*,*,#754,.F.);
#993=ORIENTED_EDGE('',*,*,#730,.F.);
#994=ORIENTED_EDGE('',*,*,#756,.T.);
#995=ORIENTED_EDGE('',*,*,#757,.T.);
#996=ORIENTED_EDGE('',*,*,#716,.T.);
#997=ORIENTED_EDGE('',*,*,#758,.T.);
#998=ORIENTED_EDGE('',*,*,#757,.F.);
#999=ORIENTED_EDGE('',*,*,#759,.F.);
#1000=ORIENTED_EDGE('',*,*,#760,.F.);
#1001=ORIENTED_EDGE('',*,*,#717,.F.);
#1002=ORIENTED_EDGE('',*,*,#756,.F.);
#1003=ORIENTED_EDGE('',*,*,#761,.T.);
#1004=ORIENTED_EDGE('',*,*,#762,.F.);
#1005=ORIENTED_EDGE('',*,*,#742,.T.);
#1006=ORIENTED_EDGE('',*,*,#763,.F.);
#1007=ORIENTED_EDGE('',*,*,#764,.T.);
#1008=ORIENTED_EDGE('',*,*,#765,.F.);
#1009=ORIENTED_EDGE('',*,*,#766,.T.);
#1010=ORIENTED_EDGE('',*,*,#767,.F.);
#1011=ORIENTED_EDGE('',*,*,#768,.T.);
#1012=ORIENTED_EDGE('',*,*,#769,.F.);
#1013=ORIENTED_EDGE('',*,*,#759,.T.);
#1014=ORIENTED_EDGE('',*,*,#762,.T.);
#1015=ORIENTED_EDGE('',*,*,#770,.T.);
#1016=ORIENTED_EDGE('',*,*,#714,.T.);
#1017=ORIENTED_EDGE('',*,*,#743,.T.);
#1018=ORIENTED_EDGE('',*,*,#771,.T.);
#1019=ORIENTED_EDGE('',*,*,#772,.T.);
#1020=ORIENTED_EDGE('',*,*,#773,.T.);
#1021=ORIENTED_EDGE('',*,*,#774,.T.);
#1022=ORIENTED_EDGE('',*,*,#772,.F.);
#1023=ORIENTED_EDGE('',*,*,#775,.F.);
#1024=ORIENTED_EDGE('',*,*,#776,.F.);
#1025=ORIENTED_EDGE('',*,*,#777,.F.);
#1026=ORIENTED_EDGE('',*,*,#778,.T.);
#1027=ORIENTED_EDGE('',*,*,#779,.T.);
#1028=ORIENTED_EDGE('',*,*,#780,.T.);
#1029=ORIENTED_EDGE('',*,*,#781,.T.);
#1030=ORIENTED_EDGE('',*,*,#781,.F.);
#1031=ORIENTED_EDGE('',*,*,#782,.T.);
#1032=ORIENTED_EDGE('',*,*,#783,.F.);
#1033=ORIENTED_EDGE('',*,*,#784,.F.);
#1034=ORIENTED_EDGE('',*,*,#700,.F.);
#1035=ORIENTED_EDGE('',*,*,#706,.T.);
#1036=ORIENTED_EDGE('',*,*,#785,.F.);
#1037=ORIENTED_EDGE('',*,*,#786,.T.);
#1038=ORIENTED_EDGE('',*,*,#787,.F.);
#1039=ORIENTED_EDGE('',*,*,#788,.T.);
#1040=ORIENTED_EDGE('',*,*,#789,.F.);
#1041=ORIENTED_EDGE('',*,*,#790,.F.);
#1042=ORIENTED_EDGE('',*,*,#782,.F.);
#1043=ORIENTED_EDGE('',*,*,#780,.F.);
#1044=ORIENTED_EDGE('',*,*,#791,.F.);
#1045=ORIENTED_EDGE('',*,*,#792,.F.);
#1046=ORIENTED_EDGE('',*,*,#793,.F.);
#1047=ORIENTED_EDGE('',*,*,#794,.F.);
#1048=ORIENTED_EDGE('',*,*,#795,.F.);
#1049=ORIENTED_EDGE('',*,*,#796,.F.);
#1050=ORIENTED_EDGE('',*,*,#797,.F.);
#1051=ORIENTED_EDGE('',*,*,#798,.F.);
#1052=ORIENTED_EDGE('',*,*,#799,.F.);
#1053=ORIENTED_EDGE('',*,*,#800,.F.);
#1054=ORIENTED_EDGE('',*,*,#801,.F.);
#1055=ORIENTED_EDGE('',*,*,#802,.F.);
#1056=ORIENTED_EDGE('',*,*,#803,.F.);
#1057=ORIENTED_EDGE('',*,*,#773,.F.);
#1058=ORIENTED_EDGE('',*,*,#777,.T.);
#1059=ORIENTED_EDGE('',*,*,#804,.F.);
#1060=ORIENTED_EDGE('',*,*,#805,.T.);
#1061=ORIENTED_EDGE('',*,*,#806,.F.);
#1062=ORIENTED_EDGE('',*,*,#740,.T.);
#1063=ORIENTED_EDGE('',*,*,#737,.F.);
#1064=ORIENTED_EDGE('',*,*,#746,.T.);
#1065=ORIENTED_EDGE('',*,*,#744,.F.);
#1066=ORIENTED_EDGE('',*,*,#735,.T.);
#1067=ORIENTED_EDGE('',*,*,#732,.F.);
#1068=ORIENTED_EDGE('',*,*,#747,.T.);
#1069=ORIENTED_EDGE('',*,*,#807,.T.);
#1070=ORIENTED_EDGE('',*,*,#783,.T.);
#1071=ORIENTED_EDGE('',*,*,#790,.T.);
#1072=ORIENTED_EDGE('',*,*,#808,.T.);
#1073=ORIENTED_EDGE('',*,*,#808,.F.);
#1074=ORIENTED_EDGE('',*,*,#789,.T.);
#1075=ORIENTED_EDGE('',*,*,#809,.T.);
#1076=ORIENTED_EDGE('',*,*,#810,.T.);
#1077=ORIENTED_EDGE('',*,*,#811,.F.);
#1078=ORIENTED_EDGE('',*,*,#812,.F.);
#1079=ORIENTED_EDGE('',*,*,#813,.F.);
#1080=ORIENTED_EDGE('',*,*,#727,.F.);
#1081=ORIENTED_EDGE('',*,*,#814,.T.);
#1082=ORIENTED_EDGE('',*,*,#815,.T.);
#1083=ORIENTED_EDGE('',*,*,#751,.T.);
#1084=ORIENTED_EDGE('',*,*,#814,.F.);
#1085=ORIENTED_EDGE('',*,*,#726,.F.);
#1086=ORIENTED_EDGE('',*,*,#816,.T.);
#1087=ORIENTED_EDGE('',*,*,#817,.T.);
#1088=ORIENTED_EDGE('',*,*,#818,.F.);
#1089=ORIENTED_EDGE('',*,*,#718,.F.);
#1090=ORIENTED_EDGE('',*,*,#760,.T.);
#1091=ORIENTED_EDGE('',*,*,#769,.T.);
#1092=ORIENTED_EDGE('',*,*,#819,.T.);
#1093=ORIENTED_EDGE('',*,*,#820,.T.);
#1094=ORIENTED_EDGE('',*,*,#821,.T.);
#1095=ORIENTED_EDGE('',*,*,#822,.T.);
#1096=ORIENTED_EDGE('',*,*,#823,.T.);
#1097=ORIENTED_EDGE('',*,*,#824,.T.);
#1098=ORIENTED_EDGE('',*,*,#765,.T.);
#1099=ORIENTED_EDGE('',*,*,#825,.T.);
#1100=ORIENTED_EDGE('',*,*,#826,.T.);
#1101=ORIENTED_EDGE('',*,*,#827,.T.);
#1102=ORIENTED_EDGE('',*,*,#826,.F.);
#1103=ORIENTED_EDGE('',*,*,#828,.T.);
#1104=ORIENTED_EDGE('',*,*,#823,.F.);
#1105=ORIENTED_EDGE('',*,*,#820,.F.);
#1106=ORIENTED_EDGE('',*,*,#828,.F.);
#1107=ORIENTED_EDGE('',*,*,#825,.F.);
#1108=ORIENTED_EDGE('',*,*,#764,.F.);
#1109=ORIENTED_EDGE('',*,*,#829,.F.);
#1110=ORIENTED_EDGE('',*,*,#805,.F.);
#1111=ORIENTED_EDGE('',*,*,#830,.F.);
#1112=ORIENTED_EDGE('',*,*,#831,.F.);
#1113=ORIENTED_EDGE('',*,*,#767,.T.);
#1114=ORIENTED_EDGE('',*,*,#832,.T.);
#1115=ORIENTED_EDGE('',*,*,#833,.T.);
#1116=ORIENTED_EDGE('',*,*,#834,.T.);
#1117=ORIENTED_EDGE('',*,*,#824,.F.);
#1118=ORIENTED_EDGE('',*,*,#835,.F.);
#1119=ORIENTED_EDGE('',*,*,#832,.F.);
#1120=ORIENTED_EDGE('',*,*,#766,.F.);
#1121=ORIENTED_EDGE('',*,*,#836,.F.);
#1122=ORIENTED_EDGE('',*,*,#837,.T.);
#1123=ORIENTED_EDGE('',*,*,#720,.F.);
#1124=ORIENTED_EDGE('',*,*,#838,.T.);
#1125=ORIENTED_EDGE('',*,*,#837,.F.);
#1126=ORIENTED_EDGE('',*,*,#839,.F.);
#1127=ORIENTED_EDGE('',*,*,#840,.F.);
#1128=ORIENTED_EDGE('',*,*,#841,.F.);
#1129=ORIENTED_EDGE('',*,*,#842,.F.);
#1130=ORIENTED_EDGE('',*,*,#843,.F.);
#1131=ORIENTED_EDGE('',*,*,#844,.F.);
#1132=ORIENTED_EDGE('',*,*,#845,.F.);
#1133=ORIENTED_EDGE('',*,*,#846,.F.);
#1134=ORIENTED_EDGE('',*,*,#723,.F.);
#1135=ORIENTED_EDGE('',*,*,#847,.F.);
#1136=ORIENTED_EDGE('',*,*,#848,.F.);
#1137=ORIENTED_EDGE('',*,*,#721,.F.);
#1138=ORIENTED_EDGE('',*,*,#849,.T.);
#1139=ORIENTED_EDGE('',*,*,#850,.T.);
#1140=ORIENTED_EDGE('',*,*,#851,.T.);
#1141=ORIENTED_EDGE('',*,*,#812,.T.);
#1142=ORIENTED_EDGE('',*,*,#852,.T.);
#1143=ORIENTED_EDGE('',*,*,#811,.T.);
#1144=ORIENTED_EDGE('',*,*,#853,.T.);
#1145=ORIENTED_EDGE('',*,*,#843,.T.);
#1146=ORIENTED_EDGE('',*,*,#852,.F.);
#1147=ORIENTED_EDGE('',*,*,#822,.F.);
#1148=ORIENTED_EDGE('',*,*,#854,.F.);
#1149=ORIENTED_EDGE('',*,*,#850,.F.);
#1150=ORIENTED_EDGE('',*,*,#855,.F.);
#1151=ORIENTED_EDGE('',*,*,#827,.F.);
#1152=ORIENTED_EDGE('',*,*,#855,.T.);
#1153=ORIENTED_EDGE('',*,*,#849,.F.);
#1154=ORIENTED_EDGE('',*,*,#842,.T.);
#1155=ORIENTED_EDGE('',*,*,#856,.T.);
#1156=ORIENTED_EDGE('',*,*,#839,.T.);
#1157=ORIENTED_EDGE('',*,*,#836,.T.);
#1158=ORIENTED_EDGE('',*,*,#857,.F.);
#1159=ORIENTED_EDGE('',*,*,#833,.F.);
#1160=ORIENTED_EDGE('',*,*,#835,.T.);
#1161=ORIENTED_EDGE('',*,*,#858,.T.);
#1162=ORIENTED_EDGE('',*,*,#859,.T.);
#1163=ORIENTED_EDGE('',*,*,#787,.T.);
#1164=ORIENTED_EDGE('',*,*,#860,.T.);
#1165=ORIENTED_EDGE('',*,*,#859,.F.);
#1166=ORIENTED_EDGE('',*,*,#861,.T.);
#1167=ORIENTED_EDGE('',*,*,#862,.T.);
#1168=ORIENTED_EDGE('',*,*,#863,.T.);
#1169=ORIENTED_EDGE('',*,*,#864,.F.);
#1170=ORIENTED_EDGE('',*,*,#809,.F.);
#1171=ORIENTED_EDGE('',*,*,#788,.F.);
#1172=ORIENTED_EDGE('',*,*,#858,.F.);
#1173=ORIENTED_EDGE('',*,*,#865,.T.);
#1174=ORIENTED_EDGE('',*,*,#866,.T.);
#1175=ORIENTED_EDGE('',*,*,#867,.F.);
#1176=ORIENTED_EDGE('',*,*,#868,.F.);
#1177=ORIENTED_EDGE('',*,*,#861,.F.);
#1178=ORIENTED_EDGE('',*,*,#869,.T.);
#1179=ORIENTED_EDGE('',*,*,#870,.T.);
#1180=ORIENTED_EDGE('',*,*,#785,.T.);
#1181=ORIENTED_EDGE('',*,*,#705,.T.);
#1182=ORIENTED_EDGE('',*,*,#871,.T.);
#1183=ORIENTED_EDGE('',*,*,#830,.T.);
#1184=ORIENTED_EDGE('',*,*,#804,.T.);
#1185=ORIENTED_EDGE('',*,*,#776,.T.);
#1186=ORIENTED_EDGE('',*,*,#763,.T.);
#1187=ORIENTED_EDGE('',*,*,#741,.T.);
#1188=ORIENTED_EDGE('',*,*,#806,.T.);
#1189=ORIENTED_EDGE('',*,*,#829,.T.);
#1190=ORIENTED_EDGE('',*,*,#724,.F.);
#1191=ORIENTED_EDGE('',*,*,#846,.T.);
#1192=ORIENTED_EDGE('',*,*,#872,.T.);
#1193=ORIENTED_EDGE('',*,*,#873,.F.);
#1194=ORIENTED_EDGE('',*,*,#867,.T.);
#1195=ORIENTED_EDGE('',*,*,#874,.T.);
#1196=ORIENTED_EDGE('',*,*,#875,.F.);
#1197=ORIENTED_EDGE('',*,*,#817,.F.);
#1198=ORIENTED_EDGE('',*,*,#876,.T.);
#1199=ORIENTED_EDGE('',*,*,#876,.F.);
#1200=ORIENTED_EDGE('',*,*,#816,.F.);
#1201=ORIENTED_EDGE('',*,*,#725,.F.);
#1202=ORIENTED_EDGE('',*,*,#856,.F.);
#1203=ORIENTED_EDGE('',*,*,#841,.T.);
#1204=ORIENTED_EDGE('',*,*,#877,.T.);
#1205=ORIENTED_EDGE('',*,*,#878,.F.);
#1206=ORIENTED_EDGE('',*,*,#877,.F.);
#1207=ORIENTED_EDGE('',*,*,#840,.T.);
#1208=ORIENTED_EDGE('',*,*,#722,.F.);
#1209=ORIENTED_EDGE('',*,*,#848,.T.);
#1210=ORIENTED_EDGE('',*,*,#879,.T.);
#1211=ORIENTED_EDGE('',*,*,#880,.F.);
#1212=ORIENTED_EDGE('',*,*,#879,.F.);
#1213=ORIENTED_EDGE('',*,*,#847,.T.);
#1214=ORIENTED_EDGE('',*,*,#845,.T.);
#1215=ORIENTED_EDGE('',*,*,#881,.F.);
#1216=ORIENTED_EDGE('',*,*,#863,.F.);
#1217=ORIENTED_EDGE('',*,*,#882,.T.);
#1218=ORIENTED_EDGE('',*,*,#872,.F.);
#1219=ORIENTED_EDGE('',*,*,#868,.T.);
#1220=ORIENTED_EDGE('',*,*,#883,.F.);
#1221=ORIENTED_EDGE('',*,*,#882,.F.);
#1222=ORIENTED_EDGE('',*,*,#862,.F.);
#1223=ORIENTED_EDGE('',*,*,#878,.T.);
#1224=ORIENTED_EDGE('',*,*,#880,.T.);
#1225=ORIENTED_EDGE('',*,*,#873,.T.);
#1226=ORIENTED_EDGE('',*,*,#883,.T.);
#1227=ORIENTED_EDGE('',*,*,#881,.T.);
#1228=ORIENTED_EDGE('',*,*,#844,.T.);
#1229=ORIENTED_EDGE('',*,*,#853,.F.);
#1230=ORIENTED_EDGE('',*,*,#810,.F.);
#1231=ORIENTED_EDGE('',*,*,#864,.T.);
#1232=ORIENTED_EDGE('',*,*,#874,.F.);
#1233=ORIENTED_EDGE('',*,*,#866,.F.);
#1234=ORIENTED_EDGE('',*,*,#884,.F.);
#1235=ORIENTED_EDGE('',*,*,#774,.F.);
#1236=ORIENTED_EDGE('',*,*,#803,.T.);
#1237=ORIENTED_EDGE('',*,*,#885,.T.);
#1238=ORIENTED_EDGE('',*,*,#886,.F.);
#1239=ORIENTED_EDGE('',*,*,#819,.F.);
#1240=ORIENTED_EDGE('',*,*,#768,.F.);
#1241=ORIENTED_EDGE('',*,*,#834,.F.);
#1242=ORIENTED_EDGE('',*,*,#857,.T.);
#1243=ORIENTED_EDGE('',*,*,#838,.F.);
#1244=ORIENTED_EDGE('',*,*,#719,.F.);
#1245=ORIENTED_EDGE('',*,*,#758,.F.);
#1246=ORIENTED_EDGE('',*,*,#715,.F.);
#1247=ORIENTED_EDGE('',*,*,#770,.F.);
#1248=ORIENTED_EDGE('',*,*,#761,.F.);
#1249=ORIENTED_EDGE('',*,*,#748,.F.);
#1250=ORIENTED_EDGE('',*,*,#752,.T.);
#1251=ORIENTED_EDGE('',*,*,#815,.F.);
#1252=ORIENTED_EDGE('',*,*,#818,.T.);
#1253=ORIENTED_EDGE('',*,*,#875,.T.);
#1254=ORIENTED_EDGE('',*,*,#884,.T.);
#1255=ORIENTED_EDGE('',*,*,#887,.T.);
#1256=ORIENTED_EDGE('',*,*,#869,.F.);
#1257=ORIENTED_EDGE('',*,*,#704,.T.);
#1258=ORIENTED_EDGE('',*,*,#753,.F.);
#1259=ORIENTED_EDGE('',*,*,#755,.T.);
#1260=ORIENTED_EDGE('',*,*,#860,.F.);
#1261=ORIENTED_EDGE('',*,*,#786,.F.);
#1262=ORIENTED_EDGE('',*,*,#870,.F.);
#1263=ORIENTED_EDGE('',*,*,#887,.F.);
#1264=ORIENTED_EDGE('',*,*,#865,.F.);
#1265=ORIENTED_EDGE('',*,*,#794,.T.);
#1266=ORIENTED_EDGE('',*,*,#888,.T.);
#1267=ORIENTED_EDGE('',*,*,#889,.T.);
#1268=ORIENTED_EDGE('',*,*,#890,.T.);
#1269=ORIENTED_EDGE('',*,*,#888,.F.);
#1270=ORIENTED_EDGE('',*,*,#793,.T.);
#1271=ORIENTED_EDGE('',*,*,#891,.T.);
#1272=ORIENTED_EDGE('',*,*,#892,.F.);
#1273=ORIENTED_EDGE('',*,*,#893,.T.);
#1274=ORIENTED_EDGE('',*,*,#894,.T.);
#1275=ORIENTED_EDGE('',*,*,#798,.T.);
#1276=ORIENTED_EDGE('',*,*,#895,.T.);
#1277=ORIENTED_EDGE('',*,*,#895,.F.);
#1278=ORIENTED_EDGE('',*,*,#797,.T.);
#1279=ORIENTED_EDGE('',*,*,#896,.F.);
#1280=ORIENTED_EDGE('',*,*,#897,.F.);
#1281=ORIENTED_EDGE('',*,*,#898,.T.);
#1282=ORIENTED_EDGE('',*,*,#896,.T.);
#1283=ORIENTED_EDGE('',*,*,#796,.T.);
#1284=ORIENTED_EDGE('',*,*,#899,.T.);
#1285=ORIENTED_EDGE('',*,*,#779,.F.);
#1286=ORIENTED_EDGE('',*,*,#900,.F.);
#1287=ORIENTED_EDGE('',*,*,#901,.F.);
#1288=ORIENTED_EDGE('',*,*,#791,.T.);
#1289=ORIENTED_EDGE('',*,*,#792,.T.);
#1290=ORIENTED_EDGE('',*,*,#901,.T.);
#1291=ORIENTED_EDGE('',*,*,#902,.F.);
#1292=ORIENTED_EDGE('',*,*,#891,.F.);
#1293=ORIENTED_EDGE('',*,*,#890,.F.);
#1294=ORIENTED_EDGE('',*,*,#903,.F.);
#1295=ORIENTED_EDGE('',*,*,#899,.F.);
#1296=ORIENTED_EDGE('',*,*,#795,.T.);
#1297=ORIENTED_EDGE('',*,*,#894,.F.);
#1298=ORIENTED_EDGE('',*,*,#904,.F.);
#1299=ORIENTED_EDGE('',*,*,#905,.F.);
#1300=ORIENTED_EDGE('',*,*,#799,.T.);
#1301=ORIENTED_EDGE('',*,*,#800,.T.);
#1302=ORIENTED_EDGE('',*,*,#905,.T.);
#1303=ORIENTED_EDGE('',*,*,#906,.F.);
#1304=ORIENTED_EDGE('',*,*,#907,.F.);
#1305=ORIENTED_EDGE('',*,*,#801,.T.);
#1306=ORIENTED_EDGE('',*,*,#907,.T.);
#1307=ORIENTED_EDGE('',*,*,#908,.F.);
#1308=ORIENTED_EDGE('',*,*,#909,.F.);
#1309=ORIENTED_EDGE('',*,*,#802,.T.);
#1310=ORIENTED_EDGE('',*,*,#909,.T.);
#1311=ORIENTED_EDGE('',*,*,#910,.F.);
#1312=ORIENTED_EDGE('',*,*,#885,.F.);
#1313=ORIENTED_EDGE('',*,*,#778,.F.);
#1314=ORIENTED_EDGE('',*,*,#784,.T.);
#1315=ORIENTED_EDGE('',*,*,#807,.F.);
#1316=ORIENTED_EDGE('',*,*,#813,.T.);
#1317=ORIENTED_EDGE('',*,*,#851,.F.);
#1318=ORIENTED_EDGE('',*,*,#854,.T.);
#1319=ORIENTED_EDGE('',*,*,#821,.F.);
#1320=ORIENTED_EDGE('',*,*,#831,.T.);
#1321=ORIENTED_EDGE('',*,*,#871,.F.);
#1322=ORIENTED_EDGE('',*,*,#775,.T.);
#1323=ORIENTED_EDGE('',*,*,#771,.F.);
#1324=ORIENTED_EDGE('',*,*,#886,.T.);
#1325=ORIENTED_EDGE('',*,*,#910,.T.);
#1326=ORIENTED_EDGE('',*,*,#908,.T.);
#1327=ORIENTED_EDGE('',*,*,#906,.T.);
#1328=ORIENTED_EDGE('',*,*,#904,.T.);
#1329=ORIENTED_EDGE('',*,*,#893,.F.);
#1330=ORIENTED_EDGE('',*,*,#897,.T.);
#1331=ORIENTED_EDGE('',*,*,#898,.F.);
#1332=ORIENTED_EDGE('',*,*,#903,.T.);
#1333=ORIENTED_EDGE('',*,*,#889,.F.);
#1334=ORIENTED_EDGE('',*,*,#892,.T.);
#1335=ORIENTED_EDGE('',*,*,#902,.T.);
#1336=ORIENTED_EDGE('',*,*,#900,.T.);
#1337=CYLINDRICAL_SURFACE('',#1466,1.);
#1338=CYLINDRICAL_SURFACE('',#1481,1.);
#1339=CYLINDRICAL_SURFACE('',#1484,1.);
#1340=CYLINDRICAL_SURFACE('',#1487,1.);
#1341=CYLINDRICAL_SURFACE('',#1491,0.5);
#1342=CYLINDRICAL_SURFACE('',#1494,0.5);
#1343=CYLINDRICAL_SURFACE('',#1497,0.5);
#1344=CYLINDRICAL_SURFACE('',#1506,0.5);
#1345=CYLINDRICAL_SURFACE('',#1507,0.5);
#1346=CYLINDRICAL_SURFACE('',#1511,0.5);
#1347=CYLINDRICAL_SURFACE('',#1527,0.5);
#1348=CYLINDRICAL_SURFACE('',#1530,0.5);
#1349=CYLINDRICAL_SURFACE('',#1533,0.5);
#1350=CYLINDRICAL_SURFACE('',#1534,0.5);
#1351=CYLINDRICAL_SURFACE('',#1537,0.5);
#1352=CYLINDRICAL_SURFACE('',#1539,0.5);
#1353=CYLINDRICAL_SURFACE('',#1541,0.5);
#1354=CYLINDRICAL_SURFACE('',#1544,1.);
#1355=CYLINDRICAL_SURFACE('',#1552,1.);
#1356=CYLINDRICAL_SURFACE('',#1556,1.);
#1357=CYLINDRICAL_SURFACE('',#1560,1.);
#1358=CYLINDRICAL_SURFACE('',#1565,1.);
#1359=CYLINDRICAL_SURFACE('',#1567,1.);
#1360=CYLINDRICAL_SURFACE('',#1569,1.);
#1361=CYLINDRICAL_SURFACE('',#1580,2.5);
#1362=CYLINDRICAL_SURFACE('',#1592,1.5);
#1363=CYLINDRICAL_SURFACE('',#1595,1.5);
#1364=CYLINDRICAL_SURFACE('',#1598,1.5);
#1365=CYLINDRICAL_SURFACE('',#1601,2.2);
#1366=CYLINDRICAL_SURFACE('',#1605,0.632411607379362);
#1367=CYLINDRICAL_SURFACE('',#1608,0.500000002620637);
#1368=ADVANCED_FACE('',(#74),#1337,.T.);
#1369=ADVANCED_FACE('',(#75),#33,.T.);
#1370=ADVANCED_FACE('',(#76),#34,.T.);
#1371=ADVANCED_FACE('',(#77),#1338,.F.);
#1372=ADVANCED_FACE('',(#78),#35,.F.);
#1373=ADVANCED_FACE('',(#79),#1339,.T.);
#1374=ADVANCED_FACE('',(#80),#36,.T.);
#1375=ADVANCED_FACE('',(#81),#1340,.F.);
#1376=ADVANCED_FACE('',(#82),#37,.F.);
#1377=ADVANCED_FACE('',(#83),#38,.F.);
#1378=ADVANCED_FACE('',(#84),#1341,.T.);
#1379=ADVANCED_FACE('',(#85),#39,.T.);
#1380=ADVANCED_FACE('',(#86),#1342,.T.);
#1381=ADVANCED_FACE('',(#87),#40,.T.);
#1382=ADVANCED_FACE('',(#88),#1343,.T.);
#1383=ADVANCED_FACE('',(#89),#41,.T.);
#1384=ADVANCED_FACE('',(#90),#42,.T.);
#1385=ADVANCED_FACE('',(#91),#1344,.T.);
#1386=ADVANCED_FACE('',(#92),#1345,.F.);
#1387=ADVANCED_FACE('',(#93),#43,.T.);
#1388=ADVANCED_FACE('',(#94),#1346,.T.);
#1389=ADVANCED_FACE('',(#95),#44,.T.);
#1390=ADVANCED_FACE('',(#96),#45,.F.);
#1391=ADVANCED_FACE('',(#97),#1347,.T.);
#1392=ADVANCED_FACE('',(#98),#46,.T.);
#1393=ADVANCED_FACE('',(#99),#1348,.F.);
#1394=ADVANCED_FACE('',(#100),#47,.T.);
#1395=ADVANCED_FACE('',(#101),#1349,.F.);
#1396=ADVANCED_FACE('',(#102),#1350,.T.);
#1397=ADVANCED_FACE('',(#103),#1351,.T.);
#1398=ADVANCED_FACE('',(#104),#1352,.T.);
#1399=ADVANCED_FACE('',(#105),#48,.T.);
#1400=ADVANCED_FACE('',(#106),#1353,.T.);
#1401=ADVANCED_FACE('',(#107),#49,.T.);
#1402=ADVANCED_FACE('',(#108),#1354,.F.);
#1403=ADVANCED_FACE('',(#109),#50,.T.);
#1404=ADVANCED_FACE('',(#110),#1355,.T.);
#1405=ADVANCED_FACE('',(#111),#1356,.T.);
#1406=ADVANCED_FACE('',(#112),#51,.T.);
#1407=ADVANCED_FACE('',(#113),#52,.T.);
#1408=ADVANCED_FACE('',(#114),#1357,.T.);
#1409=ADVANCED_FACE('',(#115),#53,.T.);
#1410=ADVANCED_FACE('',(#116),#54,.T.);
#1411=ADVANCED_FACE('',(#117),#1358,.T.);
#1412=ADVANCED_FACE('',(#118),#1359,.T.);
#1413=ADVANCED_FACE('',(#119),#1360,.T.);
#1414=ADVANCED_FACE('',(#120),#15,.T.);
#1415=ADVANCED_FACE('',(#121),#55,.T.);
#1416=ADVANCED_FACE('',(#122),#16,.T.);
#1417=ADVANCED_FACE('',(#123),#17,.T.);
#1418=ADVANCED_FACE('',(#124),#56,.T.);
#1419=ADVANCED_FACE('',(#125),#1361,.T.);
#1420=ADVANCED_FACE('',(#126),#57,.T.);
#1421=ADVANCED_FACE('',(#127),#58,.T.);
#1422=ADVANCED_FACE('',(#128),#59,.T.);
#1423=ADVANCED_FACE('',(#129),#60,.T.);
#1424=ADVANCED_FACE('',(#130),#61,.T.);
#1425=ADVANCED_FACE('',(#131),#62,.T.);
#1426=ADVANCED_FACE('',(#132),#63,.T.);
#1427=ADVANCED_FACE('',(#133),#64,.T.);
#1428=ADVANCED_FACE('',(#134),#65,.T.);
#1429=ADVANCED_FACE('',(#135),#66,.T.);
#1430=ADVANCED_FACE('',(#136),#1362,.F.);
#1431=ADVANCED_FACE('',(#137),#67,.T.);
#1432=ADVANCED_FACE('',(#138),#1363,.T.);
#1433=ADVANCED_FACE('',(#139),#68,.T.);
#1434=ADVANCED_FACE('',(#140),#1364,.T.);
#1435=ADVANCED_FACE('',(#141),#69,.T.);
#1436=ADVANCED_FACE('',(#142),#1365,.F.);
#1437=ADVANCED_FACE('',(#143),#70,.T.);
#1438=ADVANCED_FACE('',(#144),#71,.T.);
#1439=ADVANCED_FACE('',(#145),#1366,.T.);
#1440=ADVANCED_FACE('',(#146),#72,.T.);
#1441=ADVANCED_FACE('',(#147),#1367,.F.);
#1442=ADVANCED_FACE('',(#148),#73,.T.);
#1443=CLOSED_SHELL('',(#1368,#1369,#1370,#1371,#1372,#1373,#1374,#1375,
#1376,#1377,#1378,#1379,#1380,#1381,#1382,#1383,#1384,#1385,#1386,#1387,
#1388,#1389,#1390,#1391,#1392,#1393,#1394,#1395,#1396,#1397,#1398,#1399,
#1400,#1401,#1402,#1403,#1404,#1405,#1406,#1407,#1408,#1409,#1410,#1411,
#1412,#1413,#1414,#1415,#1416,#1417,#1418,#1419,#1420,#1421,#1422,#1423,
#1424,#1425,#1426,#1427,#1428,#1429,#1430,#1431,#1432,#1433,#1434,#1435,
#1436,#1437,#1438,#1439,#1440,#1441,#1442));
#1444=DERIVED_UNIT_ELEMENT(#1447,1.);
#1445=DERIVED_UNIT_ELEMENT(#2487,-3.);
#1446=DIMENSIONAL_EXPONENTS(0.,1.,0.,0.,0.,0.,0.);
#1447=(
CONVERSION_BASED_UNIT('gram',#1449)
MASS_UNIT()
NAMED_UNIT(#1446)
);
#1448=(
MASS_UNIT()
NAMED_UNIT(*)
SI_UNIT(.KILO.,.GRAM.)
);
#1449=MASS_MEASURE_WITH_UNIT(MASS_MEASURE(0.001),#1448);
#1450=DERIVED_UNIT((#1444,#1445));
#1451=MEASURE_REPRESENTATION_ITEM('density measure',
POSITIVE_RATIO_MEASURE(1.),#1450);
#1452=PROPERTY_DEFINITION_REPRESENTATION(#1457,#1454);
#1453=PROPERTY_DEFINITION_REPRESENTATION(#1458,#1455);
#1454=REPRESENTATION('material name',(#1456),#2484);
#1455=REPRESENTATION('density',(#1451),#2484);
#1456=DESCRIPTIVE_REPRESENTATION_ITEM('Generisch','Generisch');
#1457=PROPERTY_DEFINITION('material property','material name',#2494);
#1458=PROPERTY_DEFINITION('material property','density of part',#2494);
#1459=DATE_TIME_ROLE('creation_date');
#1460=APPLIED_DATE_AND_TIME_ASSIGNMENT(#1461,#1459,(#2494));
#1461=DATE_AND_TIME(#1462,#1463);
#1462=CALENDAR_DATE(2024,28,10);
#1463=LOCAL_TIME(0,0,0.,#1464);
#1464=COORDINATED_UNIVERSAL_TIME_OFFSET(0,0,.BEHIND.);
#1465=AXIS2_PLACEMENT_3D('',#2039,#1611,#1612);
#1466=AXIS2_PLACEMENT_3D('',#2040,#1613,#1614);
#1467=AXIS2_PLACEMENT_3D('',#2043,#1615,#1616);
#1468=AXIS2_PLACEMENT_3D('',#2047,#1618,#1619);
#1469=AXIS2_PLACEMENT_3D('',#2049,#1621,#1622);
#1470=AXIS2_PLACEMENT_3D('',#2059,#1628,#1629);
#1471=AXIS2_PLACEMENT_3D('',#2063,#1631,#1632);
#1472=AXIS2_PLACEMENT_3D('',#2067,#1634,#1635);
#1473=AXIS2_PLACEMENT_3D('',#2071,#1637,#1638);
#1474=AXIS2_PLACEMENT_3D('',#2075,#1640,#1641);
#1475=AXIS2_PLACEMENT_3D('',#2079,#1643,#1644);
#1476=AXIS2_PLACEMENT_3D('',#2083,#1646,#1647);
#1477=AXIS2_PLACEMENT_3D('',#2087,#1649,#1650);
#1478=AXIS2_PLACEMENT_3D('',#2105,#1655,#1656);
#1479=AXIS2_PLACEMENT_3D('',#2109,#1658,#1659);
#1480=AXIS2_PLACEMENT_3D('',#2112,#1661,#1662);
#1481=AXIS2_PLACEMENT_3D('',#2113,#1663,#1664);
#1482=AXIS2_PLACEMENT_3D('',#2116,#1665,#1666);
#1483=AXIS2_PLACEMENT_3D('',#2119,#1669,#1670);
#1484=AXIS2_PLACEMENT_3D('',#2123,#1673,#1674);
#1485=AXIS2_PLACEMENT_3D('',#2126,#1675,#1676);
#1486=AXIS2_PLACEMENT_3D('',#2129,#1679,#1680);
#1487=AXIS2_PLACEMENT_3D('',#2137,#1685,#1686);
#1488=AXIS2_PLACEMENT_3D('',#2139,#1687,#1688);
#1489=AXIS2_PLACEMENT_3D('',#2141,#1690,#1691);
#1490=AXIS2_PLACEMENT_3D('',#2143,#1693,#1694);
#1491=AXIS2_PLACEMENT_3D('',#2145,#1696,#1697);
#1492=AXIS2_PLACEMENT_3D('',#2148,#1698,#1699);
#1493=AXIS2_PLACEMENT_3D('',#2151,#1702,#1703);
#1494=AXIS2_PLACEMENT_3D('',#2155,#1706,#1707);
#1495=AXIS2_PLACEMENT_3D('',#2157,#1708,#1709);
#1496=AXIS2_PLACEMENT_3D('',#2159,#1711,#1712);
#1497=AXIS2_PLACEMENT_3D('',#2161,#1714,#1715);
#1498=AXIS2_PLACEMENT_3D('',#2164,#1716,#1717);
#1499=AXIS2_PLACEMENT_3D('',#2167,#1720,#1721);
#1500=AXIS2_PLACEMENT_3D('',#2171,#1724,#1725);
#1501=AXIS2_PLACEMENT_3D('',#2174,#1727,#1728);
#1502=AXIS2_PLACEMENT_3D('',#2176,#1729,#1730);
#1503=AXIS2_PLACEMENT_3D('',#2180,#1732,#1733);
#1504=AXIS2_PLACEMENT_3D('',#2184,#1735,#1736);
#1505=AXIS2_PLACEMENT_3D('',#2187,#1738,#1739);
#1506=AXIS2_PLACEMENT_3D('',#2188,#1740,#1741);
#1507=AXIS2_PLACEMENT_3D('',#2190,#1743,#1744);
#1508=AXIS2_PLACEMENT_3D('',#2193,#1745,#1746);
#1509=AXIS2_PLACEMENT_3D('',#2197,#1748,#1749);
#1510=AXIS2_PLACEMENT_3D('',#2199,#1751,#1752);
#1511=AXIS2_PLACEMENT_3D('',#2205,#1756,#1757);
#1512=AXIS2_PLACEMENT_3D('',#2208,#1758,#1759);
#1513=AXIS2_PLACEMENT_3D('',#2212,#1761,#1762);
#1514=AXIS2_PLACEMENT_3D('',#2214,#1764,#1765);
#1515=AXIS2_PLACEMENT_3D('',#2220,#1769,#1770);
#1516=AXIS2_PLACEMENT_3D('',#2222,#1771,#1772);
#1517=AXIS2_PLACEMENT_3D('',#2226,#1774,#1775);
#1518=AXIS2_PLACEMENT_3D('',#2231,#1778,#1779);
#1519=AXIS2_PLACEMENT_3D('',#2235,#1781,#1782);
#1520=AXIS2_PLACEMENT_3D('',#2239,#1784,#1785);
#1521=AXIS2_PLACEMENT_3D('',#2243,#1787,#1788);
#1522=AXIS2_PLACEMENT_3D('',#2247,#1790,#1791);
#1523=AXIS2_PLACEMENT_3D('',#2251,#1793,#1794);
#1524=AXIS2_PLACEMENT_3D('',#2255,#1796,#1797);
#1525=AXIS2_PLACEMENT_3D('',#2258,#1799,#1800);
#1526=AXIS2_PLACEMENT_3D('',#2261,#1802,#1803);
#1527=AXIS2_PLACEMENT_3D('',#2262,#1804,#1805);
#1528=AXIS2_PLACEMENT_3D('',#2264,#1806,#1807);
#1529=AXIS2_PLACEMENT_3D('',#2266,#1809,#1810);
#1530=AXIS2_PLACEMENT_3D('',#2276,#1816,#1817);
#1531=AXIS2_PLACEMENT_3D('',#2279,#1819,#1820);
#1532=AXIS2_PLACEMENT_3D('',#2280,#1821,#1822);
#1533=AXIS2_PLACEMENT_3D('',#2288,#1825,#1826);
#1534=AXIS2_PLACEMENT_3D('',#2290,#1828,#1829);
#1535=AXIS2_PLACEMENT_3D('',#2295,#1831,#1832);
#1536=AXIS2_PLACEMENT_3D('',#2298,#1834,#1835);
#1537=AXIS2_PLACEMENT_3D('',#2299,#1836,#1837);
#1538=AXIS2_PLACEMENT_3D('',#2304,#1840,#1841);
#1539=AXIS2_PLACEMENT_3D('',#2305,#1842,#1843);
#1540=AXIS2_PLACEMENT_3D('',#2308,#1846,#1847);
#1541=AXIS2_PLACEMENT_3D('',#2313,#1851,#1852);
#1542=AXIS2_PLACEMENT_3D('',#2317,#1854,#1855);
#1543=AXIS2_PLACEMENT_3D('',#2319,#1857,#1858);
#1544=AXIS2_PLACEMENT_3D('',#2321,#1860,#1861);
#1545=AXIS2_PLACEMENT_3D('',#2324,#1862,#1863);
#1546=AXIS2_PLACEMENT_3D('',#2327,#1866,#1867);
#1547=AXIS2_PLACEMENT_3D('',#2331,#1869,#1870);
#1548=AXIS2_PLACEMENT_3D('',#2333,#1871,#1872);
#1549=AXIS2_PLACEMENT_3D('',#2342,#1877,#1878);
#1550=AXIS2_PLACEMENT_3D('',#2344,#1879,#1880);
#1551=AXIS2_PLACEMENT_3D('',#2345,#1881,#1882);
#1552=AXIS2_PLACEMENT_3D('',#2346,#1883,#1884);
#1553=AXIS2_PLACEMENT_3D('',#2350,#1886,#1887);
#1554=AXIS2_PLACEMENT_3D('',#2351,#1888,#1889);
#1555=AXIS2_PLACEMENT_3D('',#2352,#1890,#1891);
#1556=AXIS2_PLACEMENT_3D('',#2353,#1892,#1893);
#1557=AXIS2_PLACEMENT_3D('',#2354,#1894,#1895);
#1558=AXIS2_PLACEMENT_3D('',#2355,#1896,#1897);
#1559=AXIS2_PLACEMENT_3D('',#2358,#1900,#1901);
#1560=AXIS2_PLACEMENT_3D('',#2363,#1903,#1904);
#1561=AXIS2_PLACEMENT_3D('',#2366,#1905,#1906);
#1562=AXIS2_PLACEMENT_3D('',#2369,#1909,#1910);
#1563=AXIS2_PLACEMENT_3D('',#2373,#1912,#1913);
#1564=AXIS2_PLACEMENT_3D('',#2377,#1916,#1917);
#1565=AXIS2_PLACEMENT_3D('',#2387,#1921,#1922);
#1566=AXIS2_PLACEMENT_3D('',#2389,#1923,#1924);
#1567=AXIS2_PLACEMENT_3D('',#2391,#1926,#1927);
#1568=AXIS2_PLACEMENT_3D('',#2392,#1928,#1929);
#1569=AXIS2_PLACEMENT_3D('',#2393,#1930,#1931);
#1570=AXIS2_PLACEMENT_3D('',#2394,#1932,#1933);
#1571=AXIS2_PLACEMENT_3D('',#2399,#1934,#1935);
#1572=AXIS2_PLACEMENT_3D('',#2401,#1936,#1937);
#1573=AXIS2_PLACEMENT_3D('',#2405,#1938,#1939);
#1574=AXIS2_PLACEMENT_3D('',#2406,#1940,#1941);
#1575=AXIS2_PLACEMENT_3D('',#2407,#1942,#1943);
#1576=AXIS2_PLACEMENT_3D('',#2410,#1945,#1946);
#1577=AXIS2_PLACEMENT_3D('',#2411,#1947,#1948);
#1578=AXIS2_PLACEMENT_3D('',#2414,#1950,#1951);
#1579=AXIS2_PLACEMENT_3D('',#2415,#1952,#1953);
#1580=AXIS2_PLACEMENT_3D('',#2418,#1956,#1957);
#1581=AXIS2_PLACEMENT_3D('',#2419,#1958,#1959);
#1582=AXIS2_PLACEMENT_3D('',#2420,#1960,#1961);
#1583=AXIS2_PLACEMENT_3D('',#2421,#1962,#1963);
#1584=AXIS2_PLACEMENT_3D('',#2422,#1964,#1965);
#1585=AXIS2_PLACEMENT_3D('',#2423,#1966,#1967);
#1586=AXIS2_PLACEMENT_3D('',#2424,#1968,#1969);
#1587=AXIS2_PLACEMENT_3D('',#2426,#1971,#1972);
#1588=AXIS2_PLACEMENT_3D('',#2430,#1975,#1976);
#1589=AXIS2_PLACEMENT_3D('',#2431,#1977,#1978);
#1590=AXIS2_PLACEMENT_3D('',#2432,#1979,#1980);
#1591=AXIS2_PLACEMENT_3D('',#2434,#1982,#1983);
#1592=AXIS2_PLACEMENT_3D('',#2435,#1984,#1985);
#1593=AXIS2_PLACEMENT_3D('',#2439,#1987,#1988);
#1594=AXIS2_PLACEMENT_3D('',#2441,#1990,#1991);
#1595=AXIS2_PLACEMENT_3D('',#2445,#1994,#1995);
#1596=AXIS2_PLACEMENT_3D('',#2448,#1996,#1997);
#1597=AXIS2_PLACEMENT_3D('',#2451,#2000,#2001);
#1598=AXIS2_PLACEMENT_3D('',#2455,#2004,#2005);
#1599=AXIS2_PLACEMENT_3D('',#2457,#2006,#2007);
#1600=AXIS2_PLACEMENT_3D('',#2459,#2009,#2010);
#1601=AXIS2_PLACEMENT_3D('',#2463,#2013,#2014);
#1602=AXIS2_PLACEMENT_3D('',#2464,#2015,#2016);
#1603=AXIS2_PLACEMENT_3D('',#2465,#2017,#2018);
#1604=AXIS2_PLACEMENT_3D('',#2467,#2020,#2021);
#1605=AXIS2_PLACEMENT_3D('',#2471,#2024,#2025);
#1606=AXIS2_PLACEMENT_3D('',#2473,#2026,#2027);
#1607=AXIS2_PLACEMENT_3D('',#2475,#2029,#2030);
#1608=AXIS2_PLACEMENT_3D('',#2479,#2033,#2034);
#1609=AXIS2_PLACEMENT_3D('',#2480,#2035,#2036);
#1610=AXIS2_PLACEMENT_3D('',#2481,#2037,#2038);
#1611=DIRECTION('axis',(0.,0.,1.));
#1612=DIRECTION('refdir',(1.,0.,0.));
#1613=DIRECTION('center_axis',(0.,1.,0.));
#1614=DIRECTION('ref_axis',(-0.707106781186548,0.,0.707106781186548));
#1615=DIRECTION('center_axis',(0.,-1.,0.));
#1616=DIRECTION('ref_axis',(-0.707106781186548,0.,0.707106781186548));
#1617=DIRECTION('',(0.,-1.,0.));
#1618=DIRECTION('center_axis',(0.,1.,0.));
#1619=DIRECTION('ref_axis',(-0.707106781186548,0.,0.707106781186548));
#1620=DIRECTION('',(0.,1.,0.));
#1621=DIRECTION('center_axis',(-1.,0.,-3.20731096002823E-16));
#1622=DIRECTION('ref_axis',(-3.20731096002823E-16,0.,1.));
#1623=DIRECTION('',(-3.20731096002823E-16,0.,1.));
#1624=DIRECTION('',(0.,-1.,0.));
#1625=DIRECTION('',(-3.20731096002823E-16,0.,1.));
#1626=DIRECTION('',(0.,1.,0.));
#1627=DIRECTION('',(3.20731096002823E-16,0.,-1.));
#1628=DIRECTION('center_axis',(0.,1.,0.));
#1629=DIRECTION('ref_axis',(0.,0.,1.));
#1630=DIRECTION('',(1.,0.,0.));
#1631=DIRECTION('center_axis',(0.,1.,0.));
#1632=DIRECTION('ref_axis',(0.707106781186549,0.,-0.707106781186546));
#1633=DIRECTION('',(-5.44637710193473E-16,0.,1.));
#1634=DIRECTION('center_axis',(0.,1.,0.));
#1635=DIRECTION('ref_axis',(0.707106781186548,0.,0.707106781186548));
#1636=DIRECTION('',(-1.,0.,8.8817841970013E-16));
#1637=DIRECTION('center_axis',(0.,-1.,0.));
#1638=DIRECTION('ref_axis',(-0.707106781186548,0.,-0.707106781186548));
#1639=DIRECTION('',(-3.20731096002823E-16,0.,1.));
#1640=DIRECTION('center_axis',(0.,-1.,0.));
#1641=DIRECTION('ref_axis',(-0.707106781186548,0.,-0.707106781186548));
#1642=DIRECTION('',(1.,0.,0.));
#1643=DIRECTION('center_axis',(0.,-1.,0.));
#1644=DIRECTION('ref_axis',(0.707106781186544,0.,-0.707106781186551));
#1645=DIRECTION('',(4.40976435014665E-16,0.,1.));
#1646=DIRECTION('center_axis',(0.,1.,0.));
#1647=DIRECTION('ref_axis',(-0.707106781186548,0.,0.707106781186548));
#1648=DIRECTION('',(1.,0.,0.));
#1649=DIRECTION('center_axis',(0.,1.,0.));
#1650=DIRECTION('ref_axis',(0.707106781186546,0.,0.707106781186549));
#1651=DIRECTION('',(0.,0.,-1.));
#1652=DIRECTION('',(0.,0.,-1.));
#1653=DIRECTION('',(0.,0.,-1.));
#1654=DIRECTION('',(-1.,0.,0.));
#1655=DIRECTION('center_axis',(0.,1.,0.));
#1656=DIRECTION('ref_axis',(-0.707106781186541,0.,-0.707106781186554));
#1657=DIRECTION('',(4.40976435014665E-16,0.,1.));
#1658=DIRECTION('center_axis',(0.,-1.,0.));
#1659=DIRECTION('ref_axis',(0.707106781186554,0.,0.707106781186541));
#1660=DIRECTION('',(-1.,0.,0.));
#1661=DIRECTION('center_axis',(0.,-1.,0.));
#1662=DIRECTION('ref_axis',(-0.707106781186557,0.,0.707106781186538));
#1663=DIRECTION('center_axis',(0.,1.,0.));
#1664=DIRECTION('ref_axis',(0.707106781186549,0.,-0.707106781186546));
#1665=DIRECTION('center_axis',(0.,-1.,0.));
#1666=DIRECTION('ref_axis',(0.707106781186549,0.,-0.707106781186546));
#1667=DIRECTION('',(0.,1.,0.));
#1668=DIRECTION('',(0.,-1.,0.));
#1669=DIRECTION('center_axis',(1.,0.,5.44637710193473E-16));
#1670=DIRECTION('ref_axis',(5.44637710193473E-16,0.,-1.));
#1671=DIRECTION('',(5.44637710193473E-16,0.,-1.));
#1672=DIRECTION('',(0.,-1.,0.));
#1673=DIRECTION('center_axis',(0.,-1.,0.));
#1674=DIRECTION('ref_axis',(-0.707106781186548,0.,-0.707106781186548));
#1675=DIRECTION('center_axis',(0.,1.,0.));
#1676=DIRECTION('ref_axis',(-0.707106781186548,0.,-0.707106781186548));
#1677=DIRECTION('',(0.,1.,0.));
#1678=DIRECTION('',(0.,-1.,0.));
#1679=DIRECTION('center_axis',(-1.,0.,-3.20731096002823E-16));
#1680=DIRECTION('ref_axis',(-3.20731096002823E-16,0.,1.));
#1681=DIRECTION('',(3.20731096002823E-16,0.,-1.));
#1682=DIRECTION('',(0.,-1.,0.));
#1683=DIRECTION('',(-3.20731096002823E-16,0.,1.));
#1684=DIRECTION('',(0.,1.,0.));
#1685=DIRECTION('center_axis',(0.,1.,0.));
#1686=DIRECTION('ref_axis',(0.707106781186548,0.,0.707106781186548));
#1687=DIRECTION('center_axis',(0.,-1.,0.));
#1688=DIRECTION('ref_axis',(0.707106781186548,0.,0.707106781186548));
#1689=DIRECTION('',(0.,1.,0.));
#1690=DIRECTION('center_axis',(8.8817841970013E-16,0.,1.));
#1691=DIRECTION('ref_axis',(1.,0.,-8.8817841970013E-16));
#1692=DIRECTION('',(1.,0.,-8.8817841970013E-16));
#1693=DIRECTION('center_axis',(0.,0.,-1.));
#1694=DIRECTION('ref_axis',(-1.,0.,0.));
#1695=DIRECTION('',(-1.,0.,0.));
#1696=DIRECTION('center_axis',(0.,1.,0.));
#1697=DIRECTION('ref_axis',(0.707106781186554,0.,0.707106781186541));
#1698=DIRECTION('center_axis',(0.,-1.,0.));
#1699=DIRECTION('ref_axis',(0.707106781186554,0.,0.707106781186541));
#1700=DIRECTION('',(0.,-1.,0.));
#1701=DIRECTION('',(0.,1.,0.));
#1702=DIRECTION('center_axis',(1.,0.,-4.40976435014665E-16));
#1703=DIRECTION('ref_axis',(-4.40976435014665E-16,0.,-1.));
#1704=DIRECTION('',(0.,-1.,0.));
#1705=DIRECTION('',(-4.40976435014665E-16,0.,-1.));
#1706=DIRECTION('center_axis',(0.,1.,0.));
#1707=DIRECTION('ref_axis',(-0.707106781186557,0.,0.707106781186538));
#1708=DIRECTION('center_axis',(0.,-1.,0.));
#1709=DIRECTION('ref_axis',(-0.707106781186557,0.,0.707106781186538));
#1710=DIRECTION('',(0.,1.,0.));
#1711=DIRECTION('center_axis',(0.,0.,1.));
#1712=DIRECTION('ref_axis',(1.,0.,0.));
#1713=DIRECTION('',(1.,0.,0.));
#1714=DIRECTION('center_axis',(0.,1.,0.));
#1715=DIRECTION('ref_axis',(0.707106781186544,0.,-0.707106781186551));
#1716=DIRECTION('center_axis',(0.,-1.,0.));
#1717=DIRECTION('ref_axis',(0.707106781186544,0.,-0.707106781186551));
#1718=DIRECTION('',(0.,-1.,0.));
#1719=DIRECTION('',(0.,1.,0.));
#1720=DIRECTION('center_axis',(1.,0.,-4.40976435014665E-16));
#1721=DIRECTION('ref_axis',(-4.40976435014665E-16,0.,-1.));
#1722=DIRECTION('',(-4.40976435014665E-16,0.,-1.));
#1723=DIRECTION('',(0.,1.,0.));
#1724=DIRECTION('center_axis',(0.,1.,0.));
#1725=DIRECTION('ref_axis',(0.,0.,1.));
#1726=DIRECTION('',(-1.,0.,0.));
#1727=DIRECTION('center_axis',(0.,-1.,0.));
#1728=DIRECTION('ref_axis',(-0.707106781186548,0.,-0.707106781186548));
#1729=DIRECTION('center_axis',(0.,-1.,0.));
#1730=DIRECTION('ref_axis',(-0.707106781186549,0.,0.707106781186546));
#1731=DIRECTION('',(1.,0.,0.));
#1732=DIRECTION('center_axis',(0.,-1.,0.));
#1733=DIRECTION('ref_axis',(-0.707106781186548,0.,0.707106781186548));
#1734=DIRECTION('',(0.,0.,-1.));
#1735=DIRECTION('center_axis',(0.,-1.,0.));
#1736=DIRECTION('ref_axis',(-0.707106781186548,0.,-0.707106781186548));
#1737=DIRECTION('',(-1.,0.,0.));
#1738=DIRECTION('center_axis',(0.,1.,0.));
#1739=DIRECTION('ref_axis',(-0.707106781186548,0.,0.707106781186548));
#1740=DIRECTION('center_axis',(0.,1.,0.));
#1741=DIRECTION('ref_axis',(-0.707106781186548,0.,-0.707106781186548));
#1742=DIRECTION('',(0.,-1.,0.));
#1743=DIRECTION('center_axis',(0.,-1.,0.));
#1744=DIRECTION('ref_axis',(-0.707106781194966,0.,-0.707106781178129));
#1745=DIRECTION('center_axis',(0.,1.,0.));
#1746=DIRECTION('ref_axis',(-0.707106781194966,0.,-0.707106781178129));
#1747=DIRECTION('',(0.,-1.,0.));
#1748=DIRECTION('center_axis',(0.,-1.,0.));
#1749=DIRECTION('ref_axis',(-0.707106781194966,0.,-0.707106781178129));
#1750=DIRECTION('',(0.,1.,0.));
#1751=DIRECTION('center_axis',(1.,0.,1.97372982155583E-16));
#1752=DIRECTION('ref_axis',(1.97372982155583E-16,0.,-1.));
#1753=DIRECTION('',(1.90323947064568E-16,0.,-1.));
#1754=DIRECTION('',(0.,1.,0.));
#1755=DIRECTION('',(-1.97372982155583E-16,0.,1.));
#1756=DIRECTION('center_axis',(0.,1.,0.));
#1757=DIRECTION('ref_axis',(0.707106781186549,0.,0.707106781186546));
#1758=DIRECTION('center_axis',(0.,-1.,0.));
#1759=DIRECTION('ref_axis',(0.707106781186549,0.,0.707106781186546));
#1760=DIRECTION('',(0.,-1.,0.));
#1761=DIRECTION('center_axis',(0.,1.,0.));
#1762=DIRECTION('ref_axis',(0.707106781186549,0.,0.707106781186546));
#1763=DIRECTION('',(0.,1.,0.));
#1764=DIRECTION('center_axis',(1.,0.,-4.44089209850063E-16));
#1765=DIRECTION('ref_axis',(-4.44089209850063E-16,0.,-1.));
#1766=DIRECTION('',(-4.44089209850063E-16,0.,-1.));
#1767=DIRECTION('',(0.,-1.,0.));
#1768=DIRECTION('',(-4.44089209850063E-16,0.,-1.));
#1769=DIRECTION('center_axis',(0.,1.,0.));
#1770=DIRECTION('ref_axis',(0.,0.,1.));
#1771=DIRECTION('center_axis',(0.,1.,0.));
#1772=DIRECTION('ref_axis',(-0.707106781186549,0.,-0.707106781186546));
#1773=DIRECTION('',(1.,0.,0.));
#1774=DIRECTION('center_axis',(0.,1.,0.));
#1775=DIRECTION('ref_axis',(0.707106781186549,0.,-0.707106781186546));
#1776=DIRECTION('',(-1.97372982155583E-16,0.,1.));
#1777=DIRECTION('',(-1.,0.,2.93451019725454E-16));
#1778=DIRECTION('center_axis',(0.,1.,0.));
#1779=DIRECTION('ref_axis',(0.707106781186546,0.,-0.707106781186549));
#1780=DIRECTION('',(1.,0.,-3.70074341541719E-16));
#1781=DIRECTION('center_axis',(0.,-1.,0.));
#1782=DIRECTION('ref_axis',(0.,0.,1.));
#1783=DIRECTION('',(-2.12767125925185E-11,0.,-1.));
#1784=DIRECTION('center_axis',(0.,-1.,0.));
#1785=DIRECTION('ref_axis',(-0.707106781179025,0.,0.70710678119407));
#1786=DIRECTION('',(-1.,0.,0.));
#1787=DIRECTION('center_axis',(0.,1.,0.));
#1788=DIRECTION('ref_axis',(0.707106781169851,0.,-0.707106781203244));
#1789=DIRECTION('',(-4.72237980279397E-11,0.,-1.));
#1790=DIRECTION('center_axis',(0.,1.,0.));
#1791=DIRECTION('ref_axis',(0.923879532717279,0.,0.38268343186778));
#1792=DIRECTION('',(0.707106780458691,0.,-0.707106781914404));
#1793=DIRECTION('center_axis',(0.,1.,0.));
#1794=DIRECTION('ref_axis',(-1.,0.,4.72239899045715E-11));
#1795=DIRECTION('',(4.72240585088484E-11,0.,1.));
#1796=DIRECTION('center_axis',(0.,-1.,0.));
#1797=DIRECTION('ref_axis',(-1.,0.,4.72233361049203E-11));
#1798=DIRECTION('',(1.,0.,-2.38098562043494E-11));
#1799=DIRECTION('center_axis',(0.,1.,0.));
#1800=DIRECTION('ref_axis',(0.707106781186549,0.,0.707106781186546));
#1801=DIRECTION('',(-1.,0.,0.));
#1802=DIRECTION('center_axis',(0.,1.,0.));
#1803=DIRECTION('ref_axis',(-0.707106781186549,0.,0.707106781186546));
#1804=DIRECTION('center_axis',(0.,1.,0.));
#1805=DIRECTION('ref_axis',(0.707106781186546,0.,-0.707106781186549));
#1806=DIRECTION('center_axis',(0.,-1.,0.));
#1807=DIRECTION('ref_axis',(0.707106781186546,0.,-0.707106781186549));
#1808=DIRECTION('',(0.,1.,0.));
#1809=DIRECTION('center_axis',(-2.93451019725454E-16,0.,-1.));
#1810=DIRECTION('ref_axis',(-1.,0.,2.93451019725454E-16));
#1811=DIRECTION('',(0.,1.,0.));
#1812=DIRECTION('',(-1.,0.,2.93451019725454E-16));
#1813=DIRECTION('',(0.,-1.,0.));
#1814=DIRECTION('',(0.707106781186548,-0.707106781186547,-2.07501205993976E-16));
#1815=DIRECTION('',(-1.,0.,2.93451019725454E-16));
#1816=DIRECTION('center_axis',(0.,1.,0.));
#1817=DIRECTION('ref_axis',(-0.707106781186541,0.,-0.707106781186554));
#1818=DIRECTION('',(0.,1.,0.));
#1819=DIRECTION('center_axis',(0.,1.,0.));
#1820=DIRECTION('ref_axis',(-0.707106781186541,0.,-0.707106781186554));
#1821=DIRECTION('center_axis',(0.,0.,1.));
#1822=DIRECTION('ref_axis',(1.,0.,0.));
#1823=DIRECTION('',(0.,1.,0.));
#1824=DIRECTION('',(1.,0.,0.));
#1825=DIRECTION('center_axis',(0.,1.,0.));
#1826=DIRECTION('ref_axis',(-0.707106781186548,0.,0.707106781186548));
#1827=DIRECTION('',(0.,-1.,0.));
#1828=DIRECTION('center_axis',(0.,1.,0.));
#1829=DIRECTION('ref_axis',(-0.707106781186551,0.,0.707106781186544));
#1830=DIRECTION('',(0.,1.,0.));
#1831=DIRECTION('center_axis',(0.,-1.,0.));
#1832=DIRECTION('ref_axis',(-0.707106781186551,0.,0.707106781186544));
#1833=DIRECTION('',(0.,-1.,0.));
#1834=DIRECTION('center_axis',(-0.382683432365034,0.92387953251131,1.69945583101698E-15));
#1835=DIRECTION('ref_axis',(-0.92387953251131,-0.382683432365034,4.10284931589594E-15));
#1836=DIRECTION('center_axis',(0.,1.,0.));
#1837=DIRECTION('ref_axis',(-0.707106781186548,0.,0.707106781186548));
#1838=DIRECTION('',(0.,-1.,0.));
#1839=DIRECTION('',(0.,1.,0.));
#1840=DIRECTION('center_axis',(0.382683432365033,-0.92387953251131,0.));
#1841=DIRECTION('ref_axis',(-0.92387953251131,-0.382683432365032,0.));
#1842=DIRECTION('center_axis',(-0.707106781186548,0.707106781186547,0.));
#1843=DIRECTION('ref_axis',(-0.499999999999999,-0.500000000000001,0.707106781186548));
#1844=DIRECTION('',(0.707106781186548,-0.707106781186547,0.));
#1845=DIRECTION('',(-0.707106781186548,0.707106781186547,0.));
#1846=DIRECTION('center_axis',(0.,0.,1.));
#1847=DIRECTION('ref_axis',(1.,0.,0.));
#1848=DIRECTION('',(0.,1.,0.));
#1849=DIRECTION('',(0.,-1.,0.));
#1850=DIRECTION('',(1.,0.,0.));
#1851=DIRECTION('center_axis',(0.,1.,0.));
#1852=DIRECTION('ref_axis',(-0.707106781186548,0.,-0.707106781186548));
#1853=DIRECTION('',(0.,1.,0.));
#1854=DIRECTION('center_axis',(0.707106781186547,0.707106781186548,0.));
#1855=DIRECTION('ref_axis',(-0.707106781186549,0.707106781186547,0.));
#1856=DIRECTION('',(0.,-1.,0.));
#1857=DIRECTION('center_axis',(-1.,0.,0.));
#1858=DIRECTION('ref_axis',(0.,0.,1.));
#1859=DIRECTION('',(0.,-2.22044604925031E-16,-1.));
#1860=DIRECTION('center_axis',(0.,1.,0.));
#1861=DIRECTION('ref_axis',(0.707106781186546,0.,0.707106781186549));
#1862=DIRECTION('center_axis',(-0.707106781186547,-0.707106781186548,0.));
#1863=DIRECTION('ref_axis',(0.707106781186548,-0.707106781186547,-9.81307786677361E-17));
#1864=DIRECTION('',(0.,-1.,0.));
#1865=DIRECTION('',(0.,1.,0.));
#1866=DIRECTION('center_axis',(-1.,0.,0.));
#1867=DIRECTION('ref_axis',(0.,0.,1.));
#1868=DIRECTION('',(0.,0.,1.));
#1869=DIRECTION('center_axis',(-1.,0.,0.));
#1870=DIRECTION('ref_axis',(0.,0.,1.));
#1871=DIRECTION('center_axis',(-1.,0.,0.));
#1872=DIRECTION('ref_axis',(0.,0.,1.));
#1873=DIRECTION('',(0.,0.,1.));
#1874=DIRECTION('',(0.,1.,0.));
#1875=DIRECTION('',(0.,0.,1.));
#1876=DIRECTION('',(0.,-0.645735115855187,0.763561497295069));
#1877=DIRECTION('center_axis',(-1.,0.,0.));
#1878=DIRECTION('ref_axis',(0.,0.,1.));
#1879=DIRECTION('center_axis',(-1.,0.,0.));
#1880=DIRECTION('ref_axis',(0.,0.,1.));
#1881=DIRECTION('center_axis',(-1.,0.,0.));
#1882=DIRECTION('ref_axis',(0.,0.,1.));
#1883=DIRECTION('center_axis',(0.707106781186548,-0.707106781186547,-2.07501205993976E-16));
#1884=DIRECTION('ref_axis',(-0.499999999999998,-0.5,-0.707106781186549));
#1885=DIRECTION('',(-0.707106781186548,0.707106781186547,2.07501205993976E-16));
#1886=DIRECTION('center_axis',(1.,0.,-2.22044604925031E-16));
#1887=DIRECTION('ref_axis',(3.15946444713816E-31,-1.,-9.81307786677361E-17));
#1888=DIRECTION('center_axis',(0.,-1.,0.));
#1889=DIRECTION('ref_axis',(-1.,-3.4694469519536E-17,1.47196168001604E-16));
#1890=DIRECTION('center_axis',(-0.382683432365082,0.92387953251129,8.49727915508596E-16));
#1891=DIRECTION('ref_axis',(-0.92387953251129,-0.382683432365082,-1.50919787611E-15));
#1892=DIRECTION('center_axis',(0.,1.,0.));
#1893=DIRECTION('ref_axis',(-0.707106781186549,0.,-0.707106781186546));
#1894=DIRECTION('center_axis',(0.,-1.,0.));
#1895=DIRECTION('ref_axis',(-0.707106781186549,0.,-0.707106781186546));
#1896=DIRECTION('center_axis',(-1.,0.,2.22044604925031E-16));
#1897=DIRECTION('ref_axis',(2.22044604925031E-16,0.,1.));
#1898=DIRECTION('',(2.22044604925031E-16,0.,1.));
#1899=DIRECTION('',(-2.22044604925031E-16,0.,-1.));
#1900=DIRECTION('center_axis',(-0.707106781186547,-0.707106781186548,0.));
#1901=DIRECTION('ref_axis',(0.,0.,1.));
#1902=DIRECTION('',(0.707106781186548,-0.707106781186547,0.));
#1903=DIRECTION('center_axis',(0.,1.,0.));
#1904=DIRECTION('ref_axis',(0.707106781186549,0.,-0.707106781186546));
#1905=DIRECTION('center_axis',(0.,-0.763561497295069,0.645735115855188));
#1906=DIRECTION('ref_axis',(5.29827221883903E-17,-0.645735115855188,-0.763561497295069));
#1907=DIRECTION('',(0.,-1.,0.));
#1908=DIRECTION('',(0.,1.,0.));
#1909=DIRECTION('center_axis',(1.,0.,1.97372982155583E-16));
#1910=DIRECTION('ref_axis',(1.97372982155583E-16,0.,-1.));
#1911=DIRECTION('',(-1.5070640978031E-16,0.645735115855188,0.763561497295069));
#1912=DIRECTION('center_axis',(1.,0.,0.));
#1913=DIRECTION('ref_axis',(0.,0.,1.));
#1914=DIRECTION('',(-1.5070640978031E-16,-0.645735115855187,0.763561497295069));
#1915=DIRECTION('',(2.22044604925031E-16,0.,-1.));
#1916=DIRECTION('center_axis',(0.,0.763561497295069,-0.645735115855188));
#1917=DIRECTION('ref_axis',(1.5070640978031E-16,-0.645735115855188,-0.763561497295069));
#1918=DIRECTION('',(-1.,0.,0.));
#1919=DIRECTION('',(0.,0.645735115855188,0.763561497295069));
#1920=DIRECTION('',(-1.,0.,0.));
#1921=DIRECTION('center_axis',(0.,1.,0.));
#1922=DIRECTION('ref_axis',(-0.707106781186549,0.,-0.707106781186546));
#1923=DIRECTION('center_axis',(0.,-1.,0.));
#1924=DIRECTION('ref_axis',(-0.707106781186549,0.,-0.707106781186546));
#1925=DIRECTION('',(0.,-1.,0.));
#1926=DIRECTION('center_axis',(0.,1.,0.));
#1927=DIRECTION('ref_axis',(0.707106781186549,0.,0.707106781186546));
#1928=DIRECTION('center_axis',(0.,-1.,0.));
#1929=DIRECTION('ref_axis',(0.707106781186549,0.,0.707106781186546));
#1930=DIRECTION('center_axis',(0.,1.,0.));
#1931=DIRECTION('ref_axis',(-0.707106781186549,0.,0.707106781186546));
#1932=DIRECTION('center_axis',(1.,0.,0.));
#1933=DIRECTION('ref_axis',(0.,-1.,1.83758917935762E-15));
#1934=DIRECTION('center_axis',(-1.,0.,0.));
#1935=DIRECTION('ref_axis',(0.,0.,1.));
#1936=DIRECTION('center_axis',(-1.,0.,0.));
#1937=DIRECTION('ref_axis',(0.,0.,1.));
#1938=DIRECTION('center_axis',(-1.,0.,0.));
#1939=DIRECTION('ref_axis',(0.,0.,1.));
#1940=DIRECTION('center_axis',(-1.,0.,0.));
#1941=DIRECTION('ref_axis',(0.,0.,1.));
#1942=DIRECTION('center_axis',(1.,0.,0.));
#1943=DIRECTION('ref_axis',(0.,0.,1.));
#1944=DIRECTION('',(-0.707106781186547,-8.65956056235494E-17,0.707106781186548));
#1945=DIRECTION('center_axis',(-1.,0.,0.));
#1946=DIRECTION('ref_axis',(0.,0.,1.));
#1947=DIRECTION('center_axis',(1.,0.,0.));
#1948=DIRECTION('ref_axis',(0.,0.,1.));
#1949=DIRECTION('',(-0.707106781186547,-8.65956056235493E-17,0.707106781186547));
#1950=DIRECTION('center_axis',(-1.,0.,0.));
#1951=DIRECTION('ref_axis',(0.,0.,1.));
#1952=DIRECTION('center_axis',(0.,0.763561497295069,0.645735115855188));
#1953=DIRECTION('ref_axis',(1.5070640978031E-16,0.645735115855187,-0.763561497295069));
#1954=DIRECTION('',(-1.,0.,0.));
#1955=DIRECTION('',(-1.,0.,0.));
#1956=DIRECTION('center_axis',(-1.,0.,0.));
#1957=DIRECTION('ref_axis',(0.,0.,1.));
#1958=DIRECTION('center_axis',(-1.,0.,0.));
#1959=DIRECTION('ref_axis',(0.,0.,1.));
#1960=DIRECTION('center_axis',(-1.,0.,0.));
#1961=DIRECTION('ref_axis',(0.,0.,1.));
#1962=DIRECTION('center_axis',(-1.,0.,0.));
#1963=DIRECTION('ref_axis',(0.,0.,1.));
#1964=DIRECTION('center_axis',(-1.,0.,0.));
#1965=DIRECTION('ref_axis',(0.,0.,1.));
#1966=DIRECTION('center_axis',(0.,1.,0.));
#1967=DIRECTION('ref_axis',(0.,0.,1.));
#1968=DIRECTION('center_axis',(-1.,0.,0.));
#1969=DIRECTION('ref_axis',(0.,0.,1.));
#1970=DIRECTION('',(0.,0.,-1.));
#1971=DIRECTION('center_axis',(2.38098562043494E-11,0.,1.));
#1972=DIRECTION('ref_axis',(1.,0.,-2.38098562043494E-11));
#1973=DIRECTION('',(0.,1.,0.));
#1974=DIRECTION('',(1.,0.,-2.38098562043494E-11));
#1975=DIRECTION('center_axis',(0.,0.,-1.));
#1976=DIRECTION('ref_axis',(-1.,0.,0.));
#1977=DIRECTION('center_axis',(0.,0.,-1.));
#1978=DIRECTION('ref_axis',(-1.,0.,0.));
#1979=DIRECTION('center_axis',(0.,1.,0.));
#1980=DIRECTION('ref_axis',(0.,0.,1.));
#1981=DIRECTION('',(-1.,0.,0.));
#1982=DIRECTION('center_axis',(0.,0.,-1.));
#1983=DIRECTION('ref_axis',(-1.,0.,0.));
#1984=DIRECTION('center_axis',(0.,1.,0.));
#1985=DIRECTION('ref_axis',(-0.707106781179025,0.,0.70710678119407));
#1986=DIRECTION('',(0.,1.,0.));
#1987=DIRECTION('center_axis',(0.,1.,0.));
#1988=DIRECTION('ref_axis',(-0.707106781179025,0.,0.70710678119407));
#1989=DIRECTION('',(0.,-1.,0.));
#1990=DIRECTION('center_axis',(1.,0.,-2.12767125925185E-11));
#1991=DIRECTION('ref_axis',(-2.12767125925185E-11,0.,-1.));
#1992=DIRECTION('',(0.,1.,0.));
#1993=DIRECTION('',(-2.12767125925185E-11,0.,-1.));
#1994=DIRECTION('center_axis',(0.,1.,0.));
#1995=DIRECTION('ref_axis',(0.923879532717279,0.,0.38268343186778));
#1996=DIRECTION('center_axis',(0.,-1.,0.));
#1997=DIRECTION('ref_axis',(0.923879532717279,0.,0.38268343186778));
#1998=DIRECTION('',(0.,-1.,0.));
#1999=DIRECTION('',(0.,1.,0.));
#2000=DIRECTION('center_axis',(1.,0.,-4.72237980279397E-11));
#2001=DIRECTION('ref_axis',(-4.72237980279397E-11,0.,-1.));
#2002=DIRECTION('',(0.,-1.,0.));
#2003=DIRECTION('',(-4.72237980279397E-11,0.,-1.));
#2004=DIRECTION('center_axis',(0.,1.,0.));
#2005=DIRECTION('ref_axis',(0.707106781169851,0.,-0.707106781203244));
#2006=DIRECTION('center_axis',(0.,-1.,0.));
#2007=DIRECTION('ref_axis',(0.707106781169851,0.,-0.707106781203244));
#2008=DIRECTION('',(0.,1.,0.));
#2009=DIRECTION('center_axis',(3.70074341541719E-16,0.,1.));
#2010=DIRECTION('ref_axis',(1.,0.,-3.70074341541719E-16));
#2011=DIRECTION('',(1.,0.,-3.70074341541719E-16));
#2012=DIRECTION('',(0.,1.,0.));
#2013=DIRECTION('center_axis',(0.,1.,0.));
#2014=DIRECTION('ref_axis',(0.,0.,1.));
#2015=DIRECTION('center_axis',(0.,-1.,0.));
#2016=DIRECTION('ref_axis',(0.,0.,1.));
#2017=DIRECTION('center_axis',(0.,0.,-1.));
#2018=DIRECTION('ref_axis',(-1.,0.,0.));
#2019=DIRECTION('',(-1.,0.,0.));
#2020=DIRECTION('center_axis',(0.707106781914404,0.,0.707106780458691));
#2021=DIRECTION('ref_axis',(0.707106780458691,0.,-0.707106781914404));
#2022=DIRECTION('',(0.707106780458691,0.,-0.707106781914404));
#2023=DIRECTION('',(0.,1.,0.));
#2024=DIRECTION('center_axis',(0.,1.,0.));
#2025=DIRECTION('ref_axis',(-1.,0.,4.72239899045715E-11));
#2026=DIRECTION('center_axis',(0.,1.,0.));
#2027=DIRECTION('ref_axis',(-1.,0.,4.72239899045715E-11));
#2028=DIRECTION('',(0.,1.,0.));
#2029=DIRECTION('center_axis',(-1.,0.,4.72240585088484E-11));
#2030=DIRECTION('ref_axis',(4.72240585088484E-11,0.,1.));
#2031=DIRECTION('',(4.72240585088484E-11,0.,1.));
#2032=DIRECTION('',(0.,1.,0.));
#2033=DIRECTION('center_axis',(0.,1.,0.));
#2034=DIRECTION('ref_axis',(-1.,0.,4.72233361049203E-11));
#2035=DIRECTION('center_axis',(0.,-1.,0.));
#2036=DIRECTION('ref_axis',(-1.,0.,4.72233361049203E-11));
#2037=DIRECTION('center_axis',(0.,1.,0.));
#2038=DIRECTION('ref_axis',(0.,0.,1.));
#2039=CARTESIAN_POINT('',(0.,0.,0.));
#2040=CARTESIAN_POINT('Origin',(-17.1999999999425,0.,-45.2));
#2041=CARTESIAN_POINT('',(-17.1999999999425,1.5,-44.2));
#2042=CARTESIAN_POINT('',(-18.1999999999425,1.5,-45.2));
#2043=CARTESIAN_POINT('Origin',(-17.1999999999425,1.5,-45.2));
#2044=CARTESIAN_POINT('',(-18.1999999999425,0.,-45.2));
#2045=CARTESIAN_POINT('',(-18.1999999999425,0.,-45.2));
#2046=CARTESIAN_POINT('',(-17.1999999999425,0.,-44.2));
#2047=CARTESIAN_POINT('Origin',(-17.1999999999425,0.,-45.2));
#2048=CARTESIAN_POINT('',(-17.1999999999425,0.,-44.2));
#2049=CARTESIAN_POINT('Origin',(-18.1999999999425,0.,-52.7));
#2050=CARTESIAN_POINT('',(-18.1999999999425,1.5,-48.2));
#2051=CARTESIAN_POINT('',(-18.1999999999426,1.5,37.3));
#2052=CARTESIAN_POINT('',(-18.1999999999425,3.5,-48.2));
#2053=CARTESIAN_POINT('',(-18.1999999999425,0.75,-48.2));
#2054=CARTESIAN_POINT('',(-18.1999999999425,3.5,-51.7));
#2055=CARTESIAN_POINT('',(-18.1999999999425,3.5,-52.7));
#2056=CARTESIAN_POINT('',(-18.1999999999425,0.,-51.7));
#2057=CARTESIAN_POINT('',(-18.1999999999425,0.,-51.7));
#2058=CARTESIAN_POINT('',(-18.1999999999426,0.,37.3));
#2059=CARTESIAN_POINT('Origin',(-14.1999999999043,1.5,-7.7));
#2060=CARTESIAN_POINT('',(-16.6999999999425,1.5,-44.2));
#2061=CARTESIAN_POINT('',(-14.9499999999234,1.5,-44.2));
#2062=CARTESIAN_POINT('',(-15.6999999999425,1.5,-43.2));
#2063=CARTESIAN_POINT('Origin',(-16.6999999999425,1.5,-43.2));
#2064=CARTESIAN_POINT('',(-15.6999999999426,1.5,7.80000000000001));
#2065=CARTESIAN_POINT('',(-15.6999999999426,1.5,0.550000000000006));
#2066=CARTESIAN_POINT('',(-16.6999999999426,1.5,8.80000000000001));
#2067=CARTESIAN_POINT('Origin',(-16.6999999999426,1.5,7.80000000000001));
#2068=CARTESIAN_POINT('',(-17.1999999999426,1.5,8.80000000000001));
#2069=CARTESIAN_POINT('',(-16.1999999999234,1.5,8.80000000000001));
#2070=CARTESIAN_POINT('',(-18.1999999999426,1.5,9.80000000000001));
#2071=CARTESIAN_POINT('Origin',(-17.1999999999426,1.5,9.80000000000001));
#2072=CARTESIAN_POINT('',(-18.1999999999426,1.5,12.8));
#2073=CARTESIAN_POINT('',(-18.1999999999426,1.5,37.3));
#2074=CARTESIAN_POINT('',(-17.6999999999426,1.5,12.3));
#2075=CARTESIAN_POINT('Origin',(-17.6999999999426,1.5,12.8));
#2076=CARTESIAN_POINT('',(-16.6999999999425,1.5,12.3));
#2077=CARTESIAN_POINT('',(-15.1999999999234,1.5,12.3));
#2078=CARTESIAN_POINT('',(-16.1999999999425,1.5,12.8));
#2079=CARTESIAN_POINT('Origin',(-16.6999999999425,1.5,12.8));
#2080=CARTESIAN_POINT('',(-16.1999999999425,1.5,34.6));
#2081=CARTESIAN_POINT('',(-16.1999999999425,1.5,13.7));
#2082=CARTESIAN_POINT('',(-15.6999999999425,1.5,35.1));
#2083=CARTESIAN_POINT('Origin',(-15.6999999999425,1.5,34.6));
#2084=CARTESIAN_POINT('',(-13.6999999999426,1.5,35.1));
#2085=CARTESIAN_POINT('',(-13.4499999999234,1.5,35.1));
#2086=CARTESIAN_POINT('',(-12.6999999999426,1.5,34.1));
#2087=CARTESIAN_POINT('Origin',(-13.6999999999426,1.5,34.1));
#2088=CARTESIAN_POINT('',(-12.6999999999426,1.5,13.7103941586388));
#2089=CARTESIAN_POINT('',(-12.6999999999426,1.5,-2.70000000126032));
#2090=CARTESIAN_POINT('',(-12.6999999999426,1.5,8.88960584136122));
#2091=CARTESIAN_POINT('Ctrl Pts',(-12.6999999999426,1.5,13.7103941586388));
#2092=CARTESIAN_POINT('Ctrl Pts',(-13.9911111110537,1.5,11.3));
#2093=CARTESIAN_POINT('Ctrl Pts',(-12.6999999999426,1.5,8.88960584136124));
#2094=CARTESIAN_POINT('',(-12.6999999999426,1.5,-44.2896058413612));
#2095=CARTESIAN_POINT('',(-12.6999999999426,1.5,-2.70000000126032));
#2096=CARTESIAN_POINT('',(-12.6999999999426,1.5,-49.1103941586388));
#2097=CARTESIAN_POINT('Ctrl Pts',(-12.6999999999426,1.5,-44.2896058413612));
#2098=CARTESIAN_POINT('Ctrl Pts',(-13.9911111110536,1.5,-46.7));
#2099=CARTESIAN_POINT('Ctrl Pts',(-12.6999999999426,1.5,-49.1103941586388));
#2100=CARTESIAN_POINT('',(-12.6999999999426,1.5,-50.5));
#2101=CARTESIAN_POINT('',(-12.6999999999426,1.5,-2.70000000126032));
#2102=CARTESIAN_POINT('',(-15.6999999999426,1.5,-50.5));
#2103=CARTESIAN_POINT('',(-15.1999999999234,1.5,-50.5));
#2104=CARTESIAN_POINT('',(-16.1999999999426,1.5,-50.));
#2105=CARTESIAN_POINT('Origin',(-15.6999999999426,1.5,-50.));
#2106=CARTESIAN_POINT('',(-16.1999999999426,1.5,-48.2));
#2107=CARTESIAN_POINT('',(-16.1999999999426,1.5,-27.7));
#2108=CARTESIAN_POINT('',(-16.6999999999426,1.5,-47.7));
#2109=CARTESIAN_POINT('Origin',(-16.6999999999426,1.5,-48.2));
#2110=CARTESIAN_POINT('',(-17.6999999999425,1.5,-47.7));
#2111=CARTESIAN_POINT('',(-16.1999999999234,1.5,-47.7));
#2112=CARTESIAN_POINT('Origin',(-17.6999999999425,1.5,-48.2));
#2113=CARTESIAN_POINT('Origin',(-16.6999999999425,0.,-43.2));
#2114=CARTESIAN_POINT('',(-16.6999999999425,0.,-44.2));
#2115=CARTESIAN_POINT('',(-15.6999999999425,0.,-43.2));
#2116=CARTESIAN_POINT('Origin',(-16.6999999999425,0.,-43.2));
#2117=CARTESIAN_POINT('',(-15.6999999999425,0.,-43.2));
#2118=CARTESIAN_POINT('',(-16.6999999999425,0.,-44.2));
#2119=CARTESIAN_POINT('Origin',(-15.6999999999426,0.,8.80000000000001));
#2120=CARTESIAN_POINT('',(-15.6999999999426,0.,7.80000000000001));
#2121=CARTESIAN_POINT('',(-15.6999999999426,0.,2.61250000184484));
#2122=CARTESIAN_POINT('',(-15.6999999999426,0.,7.80000000000001));
#2123=CARTESIAN_POINT('Origin',(-17.1999999999426,0.,9.80000000000001));
#2124=CARTESIAN_POINT('',(-17.1999999999426,0.,8.80000000000001));
#2125=CARTESIAN_POINT('',(-18.1999999999426,0.,9.80000000000001));
#2126=CARTESIAN_POINT('Origin',(-17.1999999999426,0.,9.80000000000001));
#2127=CARTESIAN_POINT('',(-18.1999999999426,0.,9.80000000000001));
#2128=CARTESIAN_POINT('',(-17.1999999999426,0.,8.80000000000001));
#2129=CARTESIAN_POINT('Origin',(-18.1999999999425,0.,-52.7));
#2130=CARTESIAN_POINT('',(-18.1999999999426,0.,36.3));
#2131=CARTESIAN_POINT('',(-18.1999999999426,0.,37.3));
#2132=CARTESIAN_POINT('',(-18.1999999999426,3.5,36.3));
#2133=CARTESIAN_POINT('',(-18.1999999999426,0.,36.3));
#2134=CARTESIAN_POINT('',(-18.1999999999426,3.5,12.8));
#2135=CARTESIAN_POINT('',(-18.1999999999425,3.5,-52.7));
#2136=CARTESIAN_POINT('',(-18.1999999999426,0.75,12.8));
#2137=CARTESIAN_POINT('Origin',(-16.6999999999426,0.,7.80000000000001));
#2138=CARTESIAN_POINT('',(-16.6999999999426,0.,8.80000000000001));
#2139=CARTESIAN_POINT('Origin',(-16.6999999999426,0.,7.80000000000001));
#2140=CARTESIAN_POINT('',(-16.6999999999426,0.,8.80000000000001));
#2141=CARTESIAN_POINT('Origin',(-18.1999999999426,0.,8.80000000000001));
#2142=CARTESIAN_POINT('',(-9.77499999995691,0.,8.8));
#2143=CARTESIAN_POINT('Origin',(-15.6999999999425,0.,-44.2));
#2144=CARTESIAN_POINT('',(-8.52499999995691,0.,-44.2));
#2145=CARTESIAN_POINT('Origin',(-16.6999999999426,1.5,-48.2));
#2146=CARTESIAN_POINT('',(-16.1999999999426,3.5,-48.2));
#2147=CARTESIAN_POINT('',(-16.6999999999426,3.5,-47.7));
#2148=CARTESIAN_POINT('Origin',(-16.6999999999426,3.5,-48.2));
#2149=CARTESIAN_POINT('',(-16.6999999999426,1.5,-47.7));
#2150=CARTESIAN_POINT('',(-16.1999999999426,1.5,-48.2));
#2151=CARTESIAN_POINT('Origin',(-16.1999999999426,1.5,-47.7));
#2152=CARTESIAN_POINT('',(-16.1999999999426,3.5,-50.));
#2153=CARTESIAN_POINT('',(-16.1999999999426,1.5,-50.));
#2154=CARTESIAN_POINT('',(-16.1999999999425,3.5,35.1));
#2155=CARTESIAN_POINT('Origin',(-17.6999999999425,0.75,-48.2));
#2156=CARTESIAN_POINT('',(-17.6999999999425,3.5,-47.7));
#2157=CARTESIAN_POINT('Origin',(-17.6999999999425,3.5,-48.2));
#2158=CARTESIAN_POINT('',(-17.6999999999425,0.75,-47.7));
#2159=CARTESIAN_POINT('Origin',(-18.1999999999425,1.5,-47.7));
#2160=CARTESIAN_POINT('',(-18.1999999999425,3.5,-47.7));
#2161=CARTESIAN_POINT('Origin',(-16.6999999999425,1.5,12.8));
#2162=CARTESIAN_POINT('',(-16.6999999999425,3.5,12.3));
#2163=CARTESIAN_POINT('',(-16.1999999999425,3.5,12.8));
#2164=CARTESIAN_POINT('Origin',(-16.6999999999425,3.5,12.8));
#2165=CARTESIAN_POINT('',(-16.1999999999425,1.5,12.8));
#2166=CARTESIAN_POINT('',(-16.6999999999425,1.5,12.3));
#2167=CARTESIAN_POINT('Origin',(-16.1999999999425,1.5,35.1));
#2168=CARTESIAN_POINT('',(-16.1999999999425,3.5,34.6));
#2169=CARTESIAN_POINT('',(-16.1999999999425,3.5,35.1));
#2170=CARTESIAN_POINT('',(-16.1999999999425,1.5,34.6));
#2171=CARTESIAN_POINT('Origin',(-14.2000000000922,3.5,19.7999999987099));
#2172=CARTESIAN_POINT('',(-17.6999999999426,3.5,12.3));
#2173=CARTESIAN_POINT('',(-16.1999999999425,3.5,12.3));
#2174=CARTESIAN_POINT('Origin',(-17.6999999999426,3.5,12.8));
#2175=CARTESIAN_POINT('',(-17.1999999999426,3.5,37.3));
#2176=CARTESIAN_POINT('Origin',(-17.1999999999426,3.5,36.3));
#2177=CARTESIAN_POINT('',(-15.1999999999426,3.5,37.3));
#2178=CARTESIAN_POINT('',(-18.1999999999426,3.5,37.3));
#2179=CARTESIAN_POINT('',(-15.6999999999426,3.5,36.8));
#2180=CARTESIAN_POINT('Origin',(-15.1999999999426,3.5,36.8));
#2181=CARTESIAN_POINT('',(-15.6999999999426,3.5,35.6));
#2182=CARTESIAN_POINT('',(-15.6999999999426,3.5,27.449999999355));
#2183=CARTESIAN_POINT('',(-15.1999999999426,3.5,35.1));
#2184=CARTESIAN_POINT('Origin',(-15.1999999999426,3.5,35.6));
#2185=CARTESIAN_POINT('',(-15.6999999999425,3.5,35.1));
#2186=CARTESIAN_POINT('',(-12.6999999999426,3.5,35.1));
#2187=CARTESIAN_POINT('Origin',(-15.6999999999425,3.5,34.6));
#2188=CARTESIAN_POINT('Origin',(-17.6999999999426,0.75,12.8));
#2189=CARTESIAN_POINT('',(-17.6999999999426,0.75,12.3));
#2190=CARTESIAN_POINT('Origin',(-9.70000000024183,0.,2.79999999740793));
#2191=CARTESIAN_POINT('',(-9.70000000025373,60.1,2.29999999740793));
#2192=CARTESIAN_POINT('',(-10.2000000002418,60.1,2.79999999740793));
#2193=CARTESIAN_POINT('Origin',(-9.70000000024183,60.1,2.79999999740793));
#2194=CARTESIAN_POINT('',(-10.2000000002418,0.,2.79999999740793));
#2195=CARTESIAN_POINT('',(-10.2000000002418,0.,2.79999999740793));
#2196=CARTESIAN_POINT('',(-9.70000000025373,0.,2.29999999740793));
#2197=CARTESIAN_POINT('Origin',(-9.70000000024183,0.,2.79999999740793));
#2198=CARTESIAN_POINT('',(-9.70000000025373,0.,2.29999999740793));
#2199=CARTESIAN_POINT('Origin',(-10.2000000002418,0.,37.3));
#2200=CARTESIAN_POINT('',(-10.2000000002418,60.1,36.3));
#2201=CARTESIAN_POINT('',(-10.2000000002418,60.1,37.3));
#2202=CARTESIAN_POINT('',(-10.2000000002418,0.,36.3));
#2203=CARTESIAN_POINT('',(-10.2000000002418,0.,36.3));
#2204=CARTESIAN_POINT('',(-10.2000000002418,0.,-52.7));
#2205=CARTESIAN_POINT('Origin',(9.5,0.,-10.7));
#2206=CARTESIAN_POINT('',(10.,60.1,-10.7));
#2207=CARTESIAN_POINT('',(9.5,60.1,-10.2));
#2208=CARTESIAN_POINT('Origin',(9.5,60.1,-10.7));
#2209=CARTESIAN_POINT('',(9.5,0.,-10.2));
#2210=CARTESIAN_POINT('',(9.5,0.,-10.2));
#2211=CARTESIAN_POINT('',(10.,0.,-10.7));
#2212=CARTESIAN_POINT('Origin',(9.5,0.,-10.7));
#2213=CARTESIAN_POINT('',(10.,0.,-10.7));
#2214=CARTESIAN_POINT('Origin',(10.,0.,-10.2));
#2215=CARTESIAN_POINT('',(10.,0.,-12.2));
#2216=CARTESIAN_POINT('',(10.,0.,-10.2));
#2217=CARTESIAN_POINT('',(10.,60.1,-12.2));
#2218=CARTESIAN_POINT('',(10.,0.,-12.2));
#2219=CARTESIAN_POINT('',(10.,60.1,-10.2));
#2220=CARTESIAN_POINT('Origin',(-1.34999999997128,0.,-3.57499999631032));
#2221=CARTESIAN_POINT('',(-17.1999999999425,0.,-52.7));
#2222=CARTESIAN_POINT('Origin',(-17.1999999999425,0.,-51.7));
#2223=CARTESIAN_POINT('',(-11.2000000002418,0.,-52.7));
#2224=CARTESIAN_POINT('',(-18.1999999999425,0.,-52.7));
#2225=CARTESIAN_POINT('',(-10.2000000002418,0.,-51.7));
#2226=CARTESIAN_POINT('Origin',(-11.2000000002418,0.,-51.7));
#2227=CARTESIAN_POINT('',(-10.2000000002418,0.,-12.7));
#2228=CARTESIAN_POINT('',(-10.2000000002418,0.,-52.7));
#2229=CARTESIAN_POINT('',(9.5,0.,-12.7));
#2230=CARTESIAN_POINT('',(10.,0.,-12.7));
#2231=CARTESIAN_POINT('Origin',(9.5,0.,-12.2));
#2232=CARTESIAN_POINT('',(-8.,0.,-10.2));
#2233=CARTESIAN_POINT('',(-8.,0.,-10.2));
#2234=CARTESIAN_POINT('',(-10.2,0.,-7.99999999995319));
#2235=CARTESIAN_POINT('Origin',(-8.,0.,-8.));
#2236=CARTESIAN_POINT('',(-10.199999999866,0.,-1.70000000248872));
#2237=CARTESIAN_POINT('',(-10.199999999834,0.,-0.200000002520638));
#2238=CARTESIAN_POINT('',(-8.69999999986596,0.,-0.200000002520638));
#2239=CARTESIAN_POINT('Origin',(-8.69999999986596,0.,-1.70000000252064));
#2240=CARTESIAN_POINT('',(-7.4999999975502,0.,-0.200000002520638));
#2241=CARTESIAN_POINT('',(-5.99999999762103,0.,-0.200000002520638));
#2242=CARTESIAN_POINT('',(-5.9999999975502,0.,1.29999999740853));
#2243=CARTESIAN_POINT('Origin',(-7.4999999975502,0.,1.29999999747936));
#2244=CARTESIAN_POINT('',(-5.99999999743105,0.,3.82304473496827));
#2245=CARTESIAN_POINT('',(-5.99999999740171,0.,4.44436507766494));
#2246=CARTESIAN_POINT('',(-6.43933982455944,0.,4.88370490572714));
#2247=CARTESIAN_POINT('Origin',(-7.49999999743105,0.,3.8230447350391));
#2248=CARTESIAN_POINT('',(-6.92040585346066,0.,5.36477093561873));
#2249=CARTESIAN_POINT('',(-6.92040585346066,0.,5.36477093561873));
#2250=CARTESIAN_POINT('',(-7.99999999737936,0.,4.91758840002986));
#2251=CARTESIAN_POINT('Origin',(-7.36758839,0.,4.9175884));
#2252=CARTESIAN_POINT('',(-7.99999999747936,0.,2.80000000007639));
#2253=CARTESIAN_POINT('',(-7.99999999747936,0.,2.80000000007639));
#2254=CARTESIAN_POINT('',(-8.50000000017143,0.,2.29999999737936));
#2255=CARTESIAN_POINT('Origin',(-8.5000000001,0.,2.8000000001));
#2256=CARTESIAN_POINT('',(-12.6999999999426,0.,2.29999999747936));
#2257=CARTESIAN_POINT('',(-11.2000000002418,0.,37.3));
#2258=CARTESIAN_POINT('Origin',(-11.2000000002418,0.,36.3));
#2259=CARTESIAN_POINT('',(-17.1999999999426,0.,37.3));
#2260=CARTESIAN_POINT('',(-10.2000000002418,0.,37.3));
#2261=CARTESIAN_POINT('Origin',(-17.1999999999426,0.,36.3));
#2262=CARTESIAN_POINT('Origin',(9.5,0.,-12.2));
#2263=CARTESIAN_POINT('',(9.5,60.1,-12.7));
#2264=CARTESIAN_POINT('Origin',(9.5,60.1,-12.2));
#2265=CARTESIAN_POINT('',(9.5,0.,-12.7));
#2266=CARTESIAN_POINT('Origin',(10.,0.,-12.7));
#2267=CARTESIAN_POINT('',(-10.2000000002418,3.5,-12.7));
#2268=CARTESIAN_POINT('',(-10.2000000002418,0.,-12.7));
#2269=CARTESIAN_POINT('',(-11.6999999999426,3.5,-12.7));
#2270=CARTESIAN_POINT('',(-2.10000000004609,3.5,-12.7));
#2271=CARTESIAN_POINT('',(-11.6999999999426,56.7642135623731,-12.7));
#2272=CARTESIAN_POINT('',(-11.6999999999426,0.,-12.7));
#2273=CARTESIAN_POINT('',(-15.0357864375695,60.1,-12.7));
#2274=CARTESIAN_POINT('',(7.33210678122964,37.7321067812009,-12.7));
#2275=CARTESIAN_POINT('',(10.,60.1,-12.7));
#2276=CARTESIAN_POINT('Origin',(-15.6999999999426,1.5,-50.));
#2277=CARTESIAN_POINT('',(-15.6999999999426,3.5,-50.5));
#2278=CARTESIAN_POINT('',(-15.6999999999426,1.5,-50.5));
#2279=CARTESIAN_POINT('Origin',(-15.6999999999426,3.5,-50.));
#2280=CARTESIAN_POINT('Origin',(-16.1999999999426,1.5,-50.5));
#2281=CARTESIAN_POINT('',(-12.6999999999426,2.88960584136121,-50.5));
#2282=CARTESIAN_POINT('',(-12.6999999999426,1.5,-50.5));
#2283=CARTESIAN_POINT('',(-12.9952407916168,3.5,-50.5));
#2284=CARTESIAN_POINT('Ctrl Pts',(-12.6999999999426,2.88960584136122,-50.5));
#2285=CARTESIAN_POINT('Ctrl Pts',(-12.8690213914865,3.20515434168442,-50.5));
#2286=CARTESIAN_POINT('Ctrl Pts',(-12.9952407916168,3.5,-50.5));
#2287=CARTESIAN_POINT('',(-16.1999999999426,3.5,-50.5));
#2288=CARTESIAN_POINT('Origin',(-15.6999999999425,1.5,34.6));
#2289=CARTESIAN_POINT('',(-15.6999999999425,1.5,35.1));
#2290=CARTESIAN_POINT('Origin',(-15.6999999999425,29.05,36.8));
#2291=CARTESIAN_POINT('',(-15.6999999999425,60.0571067811865,37.3));
#2292=CARTESIAN_POINT('',(-15.6999999999425,60.1,37.3));
#2293=CARTESIAN_POINT('',(-15.6999999999425,29.05,37.3));
#2294=CARTESIAN_POINT('',(-16.1999999999425,60.1,36.8));
#2295=CARTESIAN_POINT('Origin',(-15.6999999999425,60.1,36.8));
#2296=CARTESIAN_POINT('',(-16.1999999999425,59.85,36.8));
#2297=CARTESIAN_POINT('',(-16.1999999999425,29.05,36.8));
#2298=CARTESIAN_POINT('Origin',(-15.6999999999425,60.0571067811865,36.8));
#2299=CARTESIAN_POINT('Origin',(-15.1999999999426,1.75,36.8));
#2300=CARTESIAN_POINT('',(-15.6999999999426,59.35,36.8));
#2301=CARTESIAN_POINT('',(-15.6999999999426,1.75,36.8));
#2302=CARTESIAN_POINT('',(-15.1999999999426,59.5571067811866,37.3));
#2303=CARTESIAN_POINT('',(-15.1999999999426,1.75,37.3));
#2304=CARTESIAN_POINT('Origin',(-15.1999999999426,59.5571067811866,36.8));
#2305=CARTESIAN_POINT('Origin',(-0.0714466093492883,44.4285533905933,36.8));
#2306=CARTESIAN_POINT('',(-0.42499999994256,44.075,36.8));
#2307=CARTESIAN_POINT('',(-0.0714466093492883,44.4285533905933,37.3));
#2308=CARTESIAN_POINT('Origin',(-18.1999999999426,0.,37.3));
#2309=CARTESIAN_POINT('',(-17.1999999999426,0.,37.3));
#2310=CARTESIAN_POINT('',(-11.2000000002418,60.1,37.3));
#2311=CARTESIAN_POINT('',(-11.2000000002418,0.,37.3));
#2312=CARTESIAN_POINT('',(-16.1999999999425,60.1,37.3));
#2313=CARTESIAN_POINT('Origin',(-15.1999999999426,2.5,35.6));
#2314=CARTESIAN_POINT('',(-15.6999999999426,59.35,35.6));
#2315=CARTESIAN_POINT('',(-15.6999999999426,2.5,35.6));
#2316=CARTESIAN_POINT('',(-15.1999999999426,58.85,35.1));
#2317=CARTESIAN_POINT('Origin',(-15.1999999999426,58.85,35.6));
#2318=CARTESIAN_POINT('',(-15.1999999999426,2.5,35.1));
#2319=CARTESIAN_POINT('Origin',(-15.6999999999426,3.5,35.1));
#2320=CARTESIAN_POINT('',(-15.6999999999426,59.35,17.45));
#2321=CARTESIAN_POINT('Origin',(-13.6999999999426,0.75,34.1));
#2322=CARTESIAN_POINT('',(-12.6999999999426,56.35,34.1));
#2323=CARTESIAN_POINT('',(-13.6999999999426,57.35,35.1));
#2324=CARTESIAN_POINT('Origin',(-13.6999999999426,57.35,34.1));
#2325=CARTESIAN_POINT('',(-12.6999999999426,0.75,34.1));
#2326=CARTESIAN_POINT('',(-13.6999999999426,0.75,35.1));
#2327=CARTESIAN_POINT('Origin',(-12.6999999999426,0.,-12.7));
#2328=CARTESIAN_POINT('',(-12.6999999999426,56.35,15.3059330997908));
#2329=CARTESIAN_POINT('',(-12.6999999999426,56.35,-0.199999999999997));
#2330=CARTESIAN_POINT('',(-12.6999999999425,54.3,6.79999999999997));
#2331=CARTESIAN_POINT('Origin',(-12.6999999999426,54.3,11.3));
#2332=CARTESIAN_POINT('',(-12.6999999999426,56.35,7.29406690020913));
#2333=CARTESIAN_POINT('Origin',(-12.6999999999426,54.3,11.3));
#2334=CARTESIAN_POINT('',(-12.6999999999426,56.35,-11.7));
#2335=CARTESIAN_POINT('',(-12.6999999999426,56.35,-0.199999999999997));
#2336=CARTESIAN_POINT('',(-12.6999999999426,3.5,-11.7));
#2337=CARTESIAN_POINT('',(-12.6999999999426,0.,-11.7));
#2338=CARTESIAN_POINT('',(-12.6999999999426,3.5,-40.7));
#2339=CARTESIAN_POINT('',(-12.6999999999426,3.5,-50.5));
#2340=CARTESIAN_POINT('',(-12.6999999999426,4.79278417709878,-42.2286766937518));
#2341=CARTESIAN_POINT('',(-12.6999999999426,5.42742229359232,-42.9791163377667));
#2342=CARTESIAN_POINT('Origin',(-12.6999999999426,5.3,-46.7));
#2343=CARTESIAN_POINT('',(-12.6999999999426,5.3,6.80000000000001));
#2344=CARTESIAN_POINT('Origin',(-12.6999999999426,5.3,11.3));
#2345=CARTESIAN_POINT('Origin',(-12.6999999999426,5.3,11.3));
#2346=CARTESIAN_POINT('Origin',(7.33210678122964,37.7321067812009,-11.7));
#2347=CARTESIAN_POINT('',(-16.1999999999425,59.85,-11.7));
#2348=CARTESIAN_POINT('',(6.6250000000431,37.0250000000144,-11.7));
#2349=CARTESIAN_POINT('',(-16.1999999999425,60.1,-12.2677177032587));
#2350=CARTESIAN_POINT('Origin',(-16.1999999999425,61.2642135623731,-11.7));
#2351=CARTESIAN_POINT('Origin',(-15.0357864375695,60.1,-11.7));
#2352=CARTESIAN_POINT('Origin',(-11.6999999999426,56.7642135623731,-11.7));
#2353=CARTESIAN_POINT('Origin',(-11.6999999999426,0.,-11.7));
#2354=CARTESIAN_POINT('Origin',(-11.6999999999426,3.5,-11.7));
#2355=CARTESIAN_POINT('Origin',(-16.1999999999425,58.1,-12.7));
#2356=CARTESIAN_POINT('',(-16.1999999999425,60.1,-12.7));
#2357=CARTESIAN_POINT('',(-16.1999999999425,59.85,-0.199999999999996));
#2358=CARTESIAN_POINT('Origin',(-13.5749999999426,57.225,-0.199999999999997));
#2359=CARTESIAN_POINT('Ctrl Pts',(-12.6999999999425,56.35,7.2940669002091));
#2360=CARTESIAN_POINT('Ctrl Pts',(-15.1499999999426,58.8,11.3));
#2361=CARTESIAN_POINT('Ctrl Pts',(-12.6999999999425,56.35,15.3059330997909));
#2362=CARTESIAN_POINT('',(-0.299999999942542,43.95,35.1));
#2363=CARTESIAN_POINT('Origin',(-11.2000000002418,0.,-51.7));
#2364=CARTESIAN_POINT('',(-11.2000000002418,3.5,-52.7));
#2365=CARTESIAN_POINT('',(-10.2000000002418,4.34568841952183,-51.7));
#2366=CARTESIAN_POINT('Origin',(-11.2000000002418,4.34568841952183,-51.7));
#2367=CARTESIAN_POINT('',(-10.2000000002418,0.,-51.7));
#2368=CARTESIAN_POINT('',(-11.2000000002418,0.,-52.7));
#2369=CARTESIAN_POINT('Origin',(-10.2000000002418,0.,37.3));
#2370=CARTESIAN_POINT('',(-10.2000000002418,7.20890374323767,-48.314337789638));
#2371=CARTESIAN_POINT('',(-10.2000000002418,3.5,-52.7));
#2372=CARTESIAN_POINT('',(-10.2000000002418,7.20890374323768,-45.085662210362));
#2373=CARTESIAN_POINT('Origin',(-10.1999999999426,5.3,-46.7));
#2374=CARTESIAN_POINT('',(-10.2000000002418,3.5,-40.7));
#2375=CARTESIAN_POINT('',(-10.2000000002418,7.8,-45.7846149725348));
#2376=CARTESIAN_POINT('',(-10.2000000002418,3.5,-12.7));
#2377=CARTESIAN_POINT('Origin',(-10.2000000002418,7.20890374323767,-48.314337789638));
#2378=CARTESIAN_POINT('',(-12.6999999999426,3.5,-52.7));
#2379=CARTESIAN_POINT('',(-10.2000000002418,3.5,-52.7));
#2380=CARTESIAN_POINT('',(-12.6999999999426,4.79278417709878,-51.1713233062482));
#2381=CARTESIAN_POINT('',(-12.6999999999426,7.28187416521116,-48.2280525570523));
#2382=CARTESIAN_POINT('',(-14.6999999999426,7.20890374323767,-48.314337789638));
#2383=CARTESIAN_POINT('Ctrl Pts',(-14.6999999999426,7.20890374323767,-48.314337789638));
#2384=CARTESIAN_POINT('Ctrl Pts',(-14.6999999999426,6.34600389818807,-49.3346897598559));
#2385=CARTESIAN_POINT('Ctrl Pts',(-12.6999999999426,4.79278417709879,-51.1713233062482));
#2386=CARTESIAN_POINT('',(-12.6999999999426,7.20890374323768,-48.314337789638));
#2387=CARTESIAN_POINT('Origin',(-17.1999999999425,0.,-51.7));
#2388=CARTESIAN_POINT('',(-17.1999999999425,3.5,-52.7));
#2389=CARTESIAN_POINT('Origin',(-17.1999999999425,3.5,-51.7));
#2390=CARTESIAN_POINT('',(-17.1999999999425,0.,-52.7));
#2391=CARTESIAN_POINT('Origin',(-11.2000000002418,0.,36.3));
#2392=CARTESIAN_POINT('Origin',(-11.2000000002418,60.1,36.3));
#2393=CARTESIAN_POINT('Origin',(-17.1999999999426,0.,36.3));
#2394=CARTESIAN_POINT('Origin',(-13.6999999999426,5.3,-46.7));
#2395=CARTESIAN_POINT('',(-14.6999999999426,7.20890374323768,-45.085662210362));
#2396=CARTESIAN_POINT('Ctrl Pts',(-12.6999999999426,4.79278417709878,-42.2286766937518));
#2397=CARTESIAN_POINT('Ctrl Pts',(-14.6999999999426,6.34600389818807,-44.0653102401441));
#2398=CARTESIAN_POINT('Ctrl Pts',(-14.6999999999426,7.20890374323767,-45.085662210362));
#2399=CARTESIAN_POINT('Origin',(-14.6999999999426,5.3,-46.7));
#2400=CARTESIAN_POINT('',(-12.6999999999426,3.5,-50.8243181254603));
#2401=CARTESIAN_POINT('Origin',(-12.6999999999426,5.3,-46.7));
#2402=CARTESIAN_POINT('Ctrl Pts',(-12.9952407916168,3.5,-50.5));
#2403=CARTESIAN_POINT('Ctrl Pts',(-12.8536620474735,3.5,-50.6566590863526));
#2404=CARTESIAN_POINT('Ctrl Pts',(-12.6999999999426,3.5,-50.8243181254603));
#2405=CARTESIAN_POINT('Origin',(-12.6999999999426,5.3,-46.7));
#2406=CARTESIAN_POINT('Origin',(-12.6999999999426,0.,-12.7));
#2407=CARTESIAN_POINT('Origin',(-13.6999999999426,54.3,11.3));
#2408=CARTESIAN_POINT('',(-14.6999999999426,54.3,8.79999999999999));
#2409=CARTESIAN_POINT('',(-13.6999999999426,54.3,7.79999999999999));
#2410=CARTESIAN_POINT('Origin',(-14.6999999999426,54.3,11.3));
#2411=CARTESIAN_POINT('Origin',(-13.6999999999426,5.3,11.3));
#2412=CARTESIAN_POINT('',(-14.6999999999426,5.3,8.80000000000001));
#2413=CARTESIAN_POINT('',(-13.6999999999426,5.3,7.80000000000001));
#2414=CARTESIAN_POINT('Origin',(-14.6999999999426,5.3,11.3));
#2415=CARTESIAN_POINT('Origin',(-10.2000000002418,3.5,-40.7));
#2416=CARTESIAN_POINT('',(-12.200000000167,3.5,-40.7));
#2417=CARTESIAN_POINT('',(-12.6999999999426,7.20890374323767,-45.085662210362));
#2418=CARTESIAN_POINT('Origin',(-12.6999999999426,5.3,-46.7));
#2419=CARTESIAN_POINT('Origin',(-14.6999999999426,5.3,-46.7));
#2420=CARTESIAN_POINT('Origin',(-14.6999999999426,54.3,11.3));
#2421=CARTESIAN_POINT('Origin',(-14.6999999999426,5.3,11.3));
#2422=CARTESIAN_POINT('Origin',(-14.6999999999426,5.3,-46.7));
#2423=CARTESIAN_POINT('Origin',(-14.2000000000922,3.5,-32.7));
#2424=CARTESIAN_POINT('Origin',(-12.6999999999426,0.,-12.7));
#2425=CARTESIAN_POINT('',(-12.6999999999426,3.5,-39.7));
#2426=CARTESIAN_POINT('Origin',(-12.6999999999426,0.,2.29999999747936));
#2427=CARTESIAN_POINT('',(-8.50000000017143,60.1,2.29999999737936));
#2428=CARTESIAN_POINT('',(-8.50000000017143,0.,2.29999999737936));
#2429=CARTESIAN_POINT('',(-12.6999999999426,60.1,2.29999999747936));
#2430=CARTESIAN_POINT('Origin',(-12.6999999999426,1.5,35.1));
#2431=CARTESIAN_POINT('Origin',(-16.1999999999425,1.5,12.3));
#2432=CARTESIAN_POINT('Origin',(-14.2000000000922,3.5,-32.7));
#2433=CARTESIAN_POINT('',(-10.2000000002418,3.5,-52.7));
#2434=CARTESIAN_POINT('Origin',(-10.2000000002418,0.,-52.7));
#2435=CARTESIAN_POINT('Origin',(-8.69999999986596,0.,-1.70000000252064));
#2436=CARTESIAN_POINT('',(-10.199999999866,60.1,-1.70000000248872));
#2437=CARTESIAN_POINT('',(-10.199999999866,0.,-1.70000000248872));
#2438=CARTESIAN_POINT('',(-8.69999999986596,60.1,-0.200000002520638));
#2439=CARTESIAN_POINT('Origin',(-8.69999999986596,60.1,-1.70000000252064));
#2440=CARTESIAN_POINT('',(-8.69999999986596,0.,-0.200000002520638));
#2441=CARTESIAN_POINT('Origin',(-10.199999999834,0.,-0.200000002520638));
#2442=CARTESIAN_POINT('',(-10.2,60.1,-7.99999999995319));
#2443=CARTESIAN_POINT('',(-10.2,0.,-7.99999999995319));
#2444=CARTESIAN_POINT('',(-10.199999999834,60.1,-0.200000002520638));
#2445=CARTESIAN_POINT('Origin',(-7.49999999743105,0.,3.8230447350391));
#2446=CARTESIAN_POINT('',(-5.99999999743105,60.1,3.82304473496827));
#2447=CARTESIAN_POINT('',(-6.43933982455944,60.1,4.88370490572714));
#2448=CARTESIAN_POINT('Origin',(-7.49999999743105,60.1,3.8230447350391));
#2449=CARTESIAN_POINT('',(-6.43933982455944,0.,4.88370490572714));
#2450=CARTESIAN_POINT('',(-5.99999999743105,0.,3.82304473496827));
#2451=CARTESIAN_POINT('Origin',(-5.99999999740171,0.,4.44436507766494));
#2452=CARTESIAN_POINT('',(-5.9999999975502,60.1,1.29999999740853));
#2453=CARTESIAN_POINT('',(-5.9999999975502,0.,1.29999999740853));
#2454=CARTESIAN_POINT('',(-5.99999999740171,60.1,4.44436507766494));
#2455=CARTESIAN_POINT('Origin',(-7.4999999975502,0.,1.29999999747936));
#2456=CARTESIAN_POINT('',(-7.4999999975502,60.1,-0.200000002520638));
#2457=CARTESIAN_POINT('Origin',(-7.4999999975502,60.1,1.29999999747936));
#2458=CARTESIAN_POINT('',(-7.4999999975502,0.,-0.200000002520638));
#2459=CARTESIAN_POINT('Origin',(-8.,0.,-10.2));
#2460=CARTESIAN_POINT('',(-8.,60.1,-10.2));
#2461=CARTESIAN_POINT('',(-8.,60.1,-10.2));
#2462=CARTESIAN_POINT('',(-8.,0.,-10.2));
#2463=CARTESIAN_POINT('Origin',(-8.,0.,-8.));
#2464=CARTESIAN_POINT('Origin',(-8.,60.1,-8.));
#2465=CARTESIAN_POINT('Origin',(-5.99999999762103,0.,-0.200000002520638));
#2466=CARTESIAN_POINT('',(-5.99999999762103,60.1,-0.200000002520638));
#2467=CARTESIAN_POINT('Origin',(-6.92040585346066,0.,5.36477093561873));
#2468=CARTESIAN_POINT('',(-6.92040585346066,60.1,5.36477093561873));
#2469=CARTESIAN_POINT('',(-6.92040585346066,60.1,5.36477093561873));
#2470=CARTESIAN_POINT('',(-6.92040585346066,0.,5.36477093561873));
#2471=CARTESIAN_POINT('Origin',(-7.36758839,0.,4.9175884));
#2472=CARTESIAN_POINT('',(-7.99999999737936,60.1,4.91758840002986));
#2473=CARTESIAN_POINT('Origin',(-7.36758839,60.1,4.9175884));
#2474=CARTESIAN_POINT('',(-7.99999999737936,0.,4.91758840002986));
#2475=CARTESIAN_POINT('Origin',(-7.99999999747936,0.,2.80000000007639));
#2476=CARTESIAN_POINT('',(-7.99999999747936,60.1,2.80000000007639));
#2477=CARTESIAN_POINT('',(-7.99999999747936,60.1,2.80000000007639));
#2478=CARTESIAN_POINT('',(-7.99999999747936,0.,2.80000000007639));
#2479=CARTESIAN_POINT('Origin',(-8.5000000001,0.,2.8000000001));
#2480=CARTESIAN_POINT('Origin',(-8.5000000001,60.1,2.8000000001));
#2481=CARTESIAN_POINT('Origin',(-1.34999999997128,60.1,-3.57499999631032));
#2482=UNCERTAINTY_MEASURE_WITH_UNIT(LENGTH_MEASURE(0.01),#2486,
'DISTANCE_ACCURACY_VALUE',
'Maximum model space distance between geometric entities at asserted c
onnectivities');
#2483=UNCERTAINTY_MEASURE_WITH_UNIT(LENGTH_MEASURE(0.01),#2486,
'DISTANCE_ACCURACY_VALUE',
'Maximum model space distance between geometric entities at asserted c
onnectivities');
#2484=(
GEOMETRIC_REPRESENTATION_CONTEXT(3)
GLOBAL_UNCERTAINTY_ASSIGNED_CONTEXT((#2482))
GLOBAL_UNIT_ASSIGNED_CONTEXT((#2486,#2488,#2489))
REPRESENTATION_CONTEXT('','3D')
);
#2485=(
GEOMETRIC_REPRESENTATION_CONTEXT(3)
GLOBAL_UNCERTAINTY_ASSIGNED_CONTEXT((#2483))
GLOBAL_UNIT_ASSIGNED_CONTEXT((#2486,#2488,#2489))
REPRESENTATION_CONTEXT('','3D')
);
#2486=(
LENGTH_UNIT()
NAMED_UNIT(*)
SI_UNIT(.MILLI.,.METRE.)
);
#2487=(
LENGTH_UNIT()
NAMED_UNIT(*)
SI_UNIT(.CENTI.,.METRE.)
);
#2488=(
NAMED_UNIT(*)
PLANE_ANGLE_UNIT()
SI_UNIT($,.RADIAN.)
);
#2489=(
NAMED_UNIT(*)
SI_UNIT($,.STERADIAN.)
SOLID_ANGLE_UNIT()
);
#2490=SHAPE_DEFINITION_REPRESENTATION(#2491,#2492);
#2491=PRODUCT_DEFINITION_SHAPE('',$,#2494);
#2492=SHAPE_REPRESENTATION('',(#1465),#2484);
#2493=PRODUCT_DEFINITION_CONTEXT('part definition',#2498,'design');
#2494=PRODUCT_DEFINITION('Cameraholder',
'VolumanXR_Rig_Cameraholder_v02',#2495,#2493);
#2495=PRODUCT_DEFINITION_FORMATION('2',$,#2500);
#2496=PRODUCT_RELATED_PRODUCT_CATEGORY('VolumanXR_Rig_Cameraholder_v02',
'VolumanXR_Rig_Cameraholder_v02',(#2500));
#2497=APPLICATION_PROTOCOL_DEFINITION('international standard',
'automotive_design',2009,#2498);
#2498=APPLICATION_CONTEXT(
'Core Data for Automotive Mechanical Design Process');
#2499=PRODUCT_CONTEXT('part definition',#2498,'mechanical');
#2500=PRODUCT('Cameraholder','VolumanXR_Rig_Cameraholder_v02',$,(#2499));
#2501=PRESENTATION_STYLE_ASSIGNMENT((#2503));
#2502=PRESENTATION_STYLE_ASSIGNMENT((#2504));
#2503=SURFACE_STYLE_USAGE(.BOTH.,#2509);
#2504=SURFACE_STYLE_USAGE(.BOTH.,#2510);
#2505=SURFACE_STYLE_RENDERING_WITH_PROPERTIES($,#2517,(#2507));
#2506=SURFACE_STYLE_RENDERING_WITH_PROPERTIES($,#2518,(#2508));
#2507=SURFACE_STYLE_TRANSPARENT(0.);
#2508=SURFACE_STYLE_TRANSPARENT(0.);
#2509=SURFACE_SIDE_STYLE('',(#2511,#2505));
#2510=SURFACE_SIDE_STYLE('',(#2512,#2506));
#2511=SURFACE_STYLE_FILL_AREA(#2513);
#2512=SURFACE_STYLE_FILL_AREA(#2514);
#2513=FILL_AREA_STYLE('',(#2515));
#2514=FILL_AREA_STYLE('',(#2516));
#2515=FILL_AREA_STYLE_COLOUR('',#2517);
#2516=FILL_AREA_STYLE_COLOUR('',#2518);
#2517=COLOUR_RGB('',0.749019607843137,0.749019607843137,0.749019607843137);
#2518=COLOUR_RGB('',0.850980392156863,0.83921568627451,0.858823529411765);
ENDSEC;
END-ISO-10303-21;
